[2026-04-28T18:22:21.493+0200] {processor.py:161} INFO - Started process (PID=32946) to work on /Users/pablofrancoherrero/prueba_tecnica/venv/lib/python3.11/site-packages/airflow/example_dags/example_short_circuit_decorator.py
[2026-04-28T18:22:21.493+0200] {processor.py:830} INFO - Processing file /Users/pablofrancoherrero/prueba_tecnica/venv/lib/python3.11/site-packages/airflow/example_dags/example_short_circuit_decorator.py for tasks to queue
[2026-04-28T18:22:21.493+0200] {logging_mixin.py:188} INFO - [2026-04-28T18:22:21.493+0200] {dagbag.py:540} INFO - Filling up the DagBag from /Users/pablofrancoherrero/prueba_tecnica/venv/lib/python3.11/site-packages/airflow/example_dags/example_short_circuit_decorator.py
[2026-04-28T18:22:21.508+0200] {processor.py:840} INFO - DAG(s) 'example_short_circuit_decorator' retrieved from /Users/pablofrancoherrero/prueba_tecnica/venv/lib/python3.11/site-packages/airflow/example_dags/example_short_circuit_decorator.py
[2026-04-28T18:22:21.561+0200] {logging_mixin.py:188} INFO - [2026-04-28T18:22:21.561+0200] {override.py:1829} INFO - Created Permission View: can edit on DAG:example_short_circuit_decorator
[2026-04-28T18:22:21.563+0200] {logging_mixin.py:188} INFO - [2026-04-28T18:22:21.563+0200] {override.py:1829} INFO - Created Permission View: can read on DAG:example_short_circuit_decorator
[2026-04-28T18:22:21.564+0200] {logging_mixin.py:188} INFO - [2026-04-28T18:22:21.564+0200] {override.py:1829} INFO - Created Permission View: can delete on DAG:example_short_circuit_decorator
[2026-04-28T18:22:21.565+0200] {logging_mixin.py:188} INFO - [2026-04-28T18:22:21.565+0200] {dag.py:3096} INFO - Sync 1 DAGs
[2026-04-28T18:22:21.567+0200] {logging_mixin.py:188} INFO - [2026-04-28T18:22:21.567+0200] {dag.py:3118} INFO - Creating ORM DAG for example_short_circuit_decorator
[2026-04-28T18:22:21.570+0200] {logging_mixin.py:188} INFO - [2026-04-28T18:22:21.570+0200] {dag.py:3954} INFO - Setting next_dagrun for example_short_circuit_decorator to 2026-04-27 00:00:00+00:00, run_after=2026-04-28 00:00:00+00:00
[2026-04-28T18:22:21.595+0200] {processor.py:183} INFO - Processing /Users/pablofrancoherrero/prueba_tecnica/venv/lib/python3.11/site-packages/airflow/example_dags/example_short_circuit_decorator.py took 0.104 seconds
[2026-04-28T18:23:32.610+0200] {processor.py:161} INFO - Started process (PID=33026) to work on /Users/pablofrancoherrero/prueba_tecnica/venv/lib/python3.11/site-packages/airflow/example_dags/example_short_circuit_decorator.py
[2026-04-28T18:23:32.610+0200] {processor.py:830} INFO - Processing file /Users/pablofrancoherrero/prueba_tecnica/venv/lib/python3.11/site-packages/airflow/example_dags/example_short_circuit_decorator.py for tasks to queue
[2026-04-28T18:23:32.610+0200] {logging_mixin.py:188} INFO - [2026-04-28T18:23:32.610+0200] {dagbag.py:540} INFO - Filling up the DagBag from /Users/pablofrancoherrero/prueba_tecnica/venv/lib/python3.11/site-packages/airflow/example_dags/example_short_circuit_decorator.py
[2026-04-28T18:23:32.622+0200] {processor.py:840} INFO - DAG(s) 'example_short_circuit_decorator' retrieved from /Users/pablofrancoherrero/prueba_tecnica/venv/lib/python3.11/site-packages/airflow/example_dags/example_short_circuit_decorator.py
[2026-04-28T18:23:32.649+0200] {logging_mixin.py:188} INFO - [2026-04-28T18:23:32.649+0200] {dag.py:3096} INFO - Sync 1 DAGs
[2026-04-28T18:23:32.654+0200] {logging_mixin.py:188} INFO - [2026-04-28T18:23:32.654+0200] {dag.py:3954} INFO - Setting next_dagrun for example_short_circuit_decorator to 2026-04-27 00:00:00+00:00, run_after=2026-04-28 00:00:00+00:00
[2026-04-28T18:23:32.658+0200] {processor.py:183} INFO - Processing /Users/pablofrancoherrero/prueba_tecnica/venv/lib/python3.11/site-packages/airflow/example_dags/example_short_circuit_decorator.py took 0.050 seconds
[2026-04-28T18:24:53.980+0200] {processor.py:161} INFO - Started process (PID=33137) to work on /Users/pablofrancoherrero/prueba_tecnica/venv/lib/python3.11/site-packages/airflow/example_dags/example_short_circuit_decorator.py
[2026-04-28T18:24:53.981+0200] {processor.py:830} INFO - Processing file /Users/pablofrancoherrero/prueba_tecnica/venv/lib/python3.11/site-packages/airflow/example_dags/example_short_circuit_decorator.py for tasks to queue
[2026-04-28T18:24:53.981+0200] {logging_mixin.py:188} INFO - [2026-04-28T18:24:53.981+0200] {dagbag.py:540} INFO - Filling up the DagBag from /Users/pablofrancoherrero/prueba_tecnica/venv/lib/python3.11/site-packages/airflow/example_dags/example_short_circuit_decorator.py
[2026-04-28T18:24:53.993+0200] {processor.py:840} INFO - DAG(s) 'example_short_circuit_decorator' retrieved from /Users/pablofrancoherrero/prueba_tecnica/venv/lib/python3.11/site-packages/airflow/example_dags/example_short_circuit_decorator.py
[2026-04-28T18:24:54.020+0200] {logging_mixin.py:188} INFO - [2026-04-28T18:24:54.020+0200] {dag.py:3096} INFO - Sync 1 DAGs
[2026-04-28T18:24:54.025+0200] {logging_mixin.py:188} INFO - [2026-04-28T18:24:54.025+0200] {dag.py:3954} INFO - Setting next_dagrun for example_short_circuit_decorator to 2026-04-27 00:00:00+00:00, run_after=2026-04-28 00:00:00+00:00
[2026-04-28T18:24:54.030+0200] {processor.py:183} INFO - Processing /Users/pablofrancoherrero/prueba_tecnica/venv/lib/python3.11/site-packages/airflow/example_dags/example_short_circuit_decorator.py took 0.050 seconds
[2026-04-28T18:26:15.515+0200] {processor.py:161} INFO - Started process (PID=33240) to work on /Users/pablofrancoherrero/prueba_tecnica/venv/lib/python3.11/site-packages/airflow/example_dags/example_short_circuit_decorator.py
[2026-04-28T18:26:15.516+0200] {processor.py:830} INFO - Processing file /Users/pablofrancoherrero/prueba_tecnica/venv/lib/python3.11/site-packages/airflow/example_dags/example_short_circuit_decorator.py for tasks to queue
[2026-04-28T18:26:15.516+0200] {logging_mixin.py:188} INFO - [2026-04-28T18:26:15.516+0200] {dagbag.py:540} INFO - Filling up the DagBag from /Users/pablofrancoherrero/prueba_tecnica/venv/lib/python3.11/site-packages/airflow/example_dags/example_short_circuit_decorator.py
[2026-04-28T18:26:15.528+0200] {processor.py:840} INFO - DAG(s) 'example_short_circuit_decorator' retrieved from /Users/pablofrancoherrero/prueba_tecnica/venv/lib/python3.11/site-packages/airflow/example_dags/example_short_circuit_decorator.py
[2026-04-28T18:26:15.554+0200] {logging_mixin.py:188} INFO - [2026-04-28T18:26:15.554+0200] {dag.py:3096} INFO - Sync 1 DAGs
[2026-04-28T18:26:15.558+0200] {logging_mixin.py:188} INFO - [2026-04-28T18:26:15.558+0200] {dag.py:3954} INFO - Setting next_dagrun for example_short_circuit_decorator to 2026-04-27 00:00:00+00:00, run_after=2026-04-28 00:00:00+00:00
[2026-04-28T18:26:15.563+0200] {processor.py:183} INFO - Processing /Users/pablofrancoherrero/prueba_tecnica/venv/lib/python3.11/site-packages/airflow/example_dags/example_short_circuit_decorator.py took 0.049 seconds
[2026-04-28T18:27:31.126+0200] {processor.py:161} INFO - Started process (PID=33334) to work on /Users/pablofrancoherrero/prueba_tecnica/venv/lib/python3.11/site-packages/airflow/example_dags/example_short_circuit_decorator.py
[2026-04-28T18:27:31.127+0200] {processor.py:830} INFO - Processing file /Users/pablofrancoherrero/prueba_tecnica/venv/lib/python3.11/site-packages/airflow/example_dags/example_short_circuit_decorator.py for tasks to queue
[2026-04-28T18:27:31.127+0200] {logging_mixin.py:188} INFO - [2026-04-28T18:27:31.127+0200] {dagbag.py:540} INFO - Filling up the DagBag from /Users/pablofrancoherrero/prueba_tecnica/venv/lib/python3.11/site-packages/airflow/example_dags/example_short_circuit_decorator.py
[2026-04-28T18:27:31.139+0200] {processor.py:840} INFO - DAG(s) 'example_short_circuit_decorator' retrieved from /Users/pablofrancoherrero/prueba_tecnica/venv/lib/python3.11/site-packages/airflow/example_dags/example_short_circuit_decorator.py
[2026-04-28T18:27:31.165+0200] {logging_mixin.py:188} INFO - [2026-04-28T18:27:31.165+0200] {dag.py:3096} INFO - Sync 1 DAGs
[2026-04-28T18:27:31.169+0200] {logging_mixin.py:188} INFO - [2026-04-28T18:27:31.169+0200] {dag.py:3954} INFO - Setting next_dagrun for example_short_circuit_decorator to 2026-04-27 00:00:00+00:00, run_after=2026-04-28 00:00:00+00:00
[2026-04-28T18:27:31.174+0200] {processor.py:183} INFO - Processing /Users/pablofrancoherrero/prueba_tecnica/venv/lib/python3.11/site-packages/airflow/example_dags/example_short_circuit_decorator.py took 0.049 seconds
[2026-04-28T18:28:50.167+0200] {processor.py:161} INFO - Started process (PID=33420) to work on /Users/pablofrancoherrero/prueba_tecnica/venv/lib/python3.11/site-packages/airflow/example_dags/example_short_circuit_decorator.py
[2026-04-28T18:28:50.168+0200] {processor.py:830} INFO - Processing file /Users/pablofrancoherrero/prueba_tecnica/venv/lib/python3.11/site-packages/airflow/example_dags/example_short_circuit_decorator.py for tasks to queue
[2026-04-28T18:28:50.169+0200] {logging_mixin.py:188} INFO - [2026-04-28T18:28:50.168+0200] {dagbag.py:540} INFO - Filling up the DagBag from /Users/pablofrancoherrero/prueba_tecnica/venv/lib/python3.11/site-packages/airflow/example_dags/example_short_circuit_decorator.py
[2026-04-28T18:28:50.180+0200] {processor.py:840} INFO - DAG(s) 'example_short_circuit_decorator' retrieved from /Users/pablofrancoherrero/prueba_tecnica/venv/lib/python3.11/site-packages/airflow/example_dags/example_short_circuit_decorator.py
[2026-04-28T18:28:50.207+0200] {logging_mixin.py:188} INFO - [2026-04-28T18:28:50.207+0200] {dag.py:3096} INFO - Sync 1 DAGs
[2026-04-28T18:28:50.211+0200] {logging_mixin.py:188} INFO - [2026-04-28T18:28:50.211+0200] {dag.py:3954} INFO - Setting next_dagrun for example_short_circuit_decorator to 2026-04-27 00:00:00+00:00, run_after=2026-04-28 00:00:00+00:00
[2026-04-28T18:28:50.216+0200] {processor.py:183} INFO - Processing /Users/pablofrancoherrero/prueba_tecnica/venv/lib/python3.11/site-packages/airflow/example_dags/example_short_circuit_decorator.py took 0.050 seconds
[2026-04-28T18:30:09.778+0200] {processor.py:161} INFO - Started process (PID=33517) to work on /Users/pablofrancoherrero/prueba_tecnica/venv/lib/python3.11/site-packages/airflow/example_dags/example_short_circuit_decorator.py
[2026-04-28T18:30:09.778+0200] {processor.py:830} INFO - Processing file /Users/pablofrancoherrero/prueba_tecnica/venv/lib/python3.11/site-packages/airflow/example_dags/example_short_circuit_decorator.py for tasks to queue
[2026-04-28T18:30:09.779+0200] {logging_mixin.py:188} INFO - [2026-04-28T18:30:09.779+0200] {dagbag.py:540} INFO - Filling up the DagBag from /Users/pablofrancoherrero/prueba_tecnica/venv/lib/python3.11/site-packages/airflow/example_dags/example_short_circuit_decorator.py
[2026-04-28T18:30:09.791+0200] {processor.py:840} INFO - DAG(s) 'example_short_circuit_decorator' retrieved from /Users/pablofrancoherrero/prueba_tecnica/venv/lib/python3.11/site-packages/airflow/example_dags/example_short_circuit_decorator.py
[2026-04-28T18:30:09.817+0200] {logging_mixin.py:188} INFO - [2026-04-28T18:30:09.817+0200] {dag.py:3096} INFO - Sync 1 DAGs
[2026-04-28T18:30:09.821+0200] {logging_mixin.py:188} INFO - [2026-04-28T18:30:09.821+0200] {dag.py:3954} INFO - Setting next_dagrun for example_short_circuit_decorator to 2026-04-27 00:00:00+00:00, run_after=2026-04-28 00:00:00+00:00
[2026-04-28T18:30:09.826+0200] {processor.py:183} INFO - Processing /Users/pablofrancoherrero/prueba_tecnica/venv/lib/python3.11/site-packages/airflow/example_dags/example_short_circuit_decorator.py took 0.049 seconds
[2026-04-28T18:31:35.504+0200] {processor.py:161} INFO - Started process (PID=33809) to work on /Users/pablofrancoherrero/prueba_tecnica/venv/lib/python3.11/site-packages/airflow/example_dags/example_short_circuit_decorator.py
[2026-04-28T18:31:35.505+0200] {processor.py:830} INFO - Processing file /Users/pablofrancoherrero/prueba_tecnica/venv/lib/python3.11/site-packages/airflow/example_dags/example_short_circuit_decorator.py for tasks to queue
[2026-04-28T18:31:35.505+0200] {logging_mixin.py:188} INFO - [2026-04-28T18:31:35.505+0200] {dagbag.py:540} INFO - Filling up the DagBag from /Users/pablofrancoherrero/prueba_tecnica/venv/lib/python3.11/site-packages/airflow/example_dags/example_short_circuit_decorator.py
[2026-04-28T18:31:35.517+0200] {processor.py:840} INFO - DAG(s) 'example_short_circuit_decorator' retrieved from /Users/pablofrancoherrero/prueba_tecnica/venv/lib/python3.11/site-packages/airflow/example_dags/example_short_circuit_decorator.py
[2026-04-28T18:31:35.545+0200] {logging_mixin.py:188} INFO - [2026-04-28T18:31:35.545+0200] {dag.py:3096} INFO - Sync 1 DAGs
[2026-04-28T18:31:35.549+0200] {logging_mixin.py:188} INFO - [2026-04-28T18:31:35.549+0200] {dag.py:3954} INFO - Setting next_dagrun for example_short_circuit_decorator to 2026-04-27 00:00:00+00:00, run_after=2026-04-28 00:00:00+00:00
[2026-04-28T18:31:35.554+0200] {processor.py:183} INFO - Processing /Users/pablofrancoherrero/prueba_tecnica/venv/lib/python3.11/site-packages/airflow/example_dags/example_short_circuit_decorator.py took 0.051 seconds
[2026-04-28T18:32:55.562+0200] {processor.py:161} INFO - Started process (PID=33891) to work on /Users/pablofrancoherrero/prueba_tecnica/venv/lib/python3.11/site-packages/airflow/example_dags/example_short_circuit_decorator.py
[2026-04-28T18:32:55.563+0200] {processor.py:830} INFO - Processing file /Users/pablofrancoherrero/prueba_tecnica/venv/lib/python3.11/site-packages/airflow/example_dags/example_short_circuit_decorator.py for tasks to queue
[2026-04-28T18:32:55.564+0200] {logging_mixin.py:188} INFO - [2026-04-28T18:32:55.563+0200] {dagbag.py:540} INFO - Filling up the DagBag from /Users/pablofrancoherrero/prueba_tecnica/venv/lib/python3.11/site-packages/airflow/example_dags/example_short_circuit_decorator.py
[2026-04-28T18:32:55.576+0200] {processor.py:840} INFO - DAG(s) 'example_short_circuit_decorator' retrieved from /Users/pablofrancoherrero/prueba_tecnica/venv/lib/python3.11/site-packages/airflow/example_dags/example_short_circuit_decorator.py
[2026-04-28T18:32:55.602+0200] {logging_mixin.py:188} INFO - [2026-04-28T18:32:55.602+0200] {dag.py:3096} INFO - Sync 1 DAGs
[2026-04-28T18:32:55.607+0200] {logging_mixin.py:188} INFO - [2026-04-28T18:32:55.607+0200] {dag.py:3954} INFO - Setting next_dagrun for example_short_circuit_decorator to 2026-04-27 00:00:00+00:00, run_after=2026-04-28 00:00:00+00:00
[2026-04-28T18:32:55.612+0200] {processor.py:183} INFO - Processing /Users/pablofrancoherrero/prueba_tecnica/venv/lib/python3.11/site-packages/airflow/example_dags/example_short_circuit_decorator.py took 0.050 seconds
[2026-04-28T18:34:09.423+0200] {processor.py:161} INFO - Started process (PID=33981) to work on /Users/pablofrancoherrero/prueba_tecnica/venv/lib/python3.11/site-packages/airflow/example_dags/example_short_circuit_decorator.py
[2026-04-28T18:34:09.424+0200] {processor.py:830} INFO - Processing file /Users/pablofrancoherrero/prueba_tecnica/venv/lib/python3.11/site-packages/airflow/example_dags/example_short_circuit_decorator.py for tasks to queue
[2026-04-28T18:34:09.424+0200] {logging_mixin.py:188} INFO - [2026-04-28T18:34:09.424+0200] {dagbag.py:540} INFO - Filling up the DagBag from /Users/pablofrancoherrero/prueba_tecnica/venv/lib/python3.11/site-packages/airflow/example_dags/example_short_circuit_decorator.py
[2026-04-28T18:34:09.439+0200] {processor.py:840} INFO - DAG(s) 'example_short_circuit_decorator' retrieved from /Users/pablofrancoherrero/prueba_tecnica/venv/lib/python3.11/site-packages/airflow/example_dags/example_short_circuit_decorator.py
[2026-04-28T18:34:09.469+0200] {logging_mixin.py:188} INFO - [2026-04-28T18:34:09.469+0200] {dag.py:3096} INFO - Sync 1 DAGs
[2026-04-28T18:34:09.474+0200] {logging_mixin.py:188} INFO - [2026-04-28T18:34:09.474+0200] {dag.py:3954} INFO - Setting next_dagrun for example_short_circuit_decorator to 2026-04-27 00:00:00+00:00, run_after=2026-04-28 00:00:00+00:00
[2026-04-28T18:34:09.479+0200] {processor.py:183} INFO - Processing /Users/pablofrancoherrero/prueba_tecnica/venv/lib/python3.11/site-packages/airflow/example_dags/example_short_circuit_decorator.py took 0.059 seconds
[2026-04-28T18:35:28.670+0200] {processor.py:161} INFO - Started process (PID=34101) to work on /Users/pablofrancoherrero/prueba_tecnica/venv/lib/python3.11/site-packages/airflow/example_dags/example_short_circuit_decorator.py
[2026-04-28T18:35:28.671+0200] {processor.py:830} INFO - Processing file /Users/pablofrancoherrero/prueba_tecnica/venv/lib/python3.11/site-packages/airflow/example_dags/example_short_circuit_decorator.py for tasks to queue
[2026-04-28T18:35:28.671+0200] {logging_mixin.py:188} INFO - [2026-04-28T18:35:28.671+0200] {dagbag.py:540} INFO - Filling up the DagBag from /Users/pablofrancoherrero/prueba_tecnica/venv/lib/python3.11/site-packages/airflow/example_dags/example_short_circuit_decorator.py
[2026-04-28T18:35:28.683+0200] {processor.py:840} INFO - DAG(s) 'example_short_circuit_decorator' retrieved from /Users/pablofrancoherrero/prueba_tecnica/venv/lib/python3.11/site-packages/airflow/example_dags/example_short_circuit_decorator.py
[2026-04-28T18:35:28.710+0200] {logging_mixin.py:188} INFO - [2026-04-28T18:35:28.710+0200] {dag.py:3096} INFO - Sync 1 DAGs
[2026-04-28T18:35:28.714+0200] {logging_mixin.py:188} INFO - [2026-04-28T18:35:28.714+0200] {dag.py:3954} INFO - Setting next_dagrun for example_short_circuit_decorator to 2026-04-27 00:00:00+00:00, run_after=2026-04-28 00:00:00+00:00
[2026-04-28T18:35:28.719+0200] {processor.py:183} INFO - Processing /Users/pablofrancoherrero/prueba_tecnica/venv/lib/python3.11/site-packages/airflow/example_dags/example_short_circuit_decorator.py took 0.050 seconds
[2026-04-28T18:36:48.897+0200] {processor.py:161} INFO - Started process (PID=34213) to work on /Users/pablofrancoherrero/prueba_tecnica/venv/lib/python3.11/site-packages/airflow/example_dags/example_short_circuit_decorator.py
[2026-04-28T18:36:48.898+0200] {processor.py:830} INFO - Processing file /Users/pablofrancoherrero/prueba_tecnica/venv/lib/python3.11/site-packages/airflow/example_dags/example_short_circuit_decorator.py for tasks to queue
[2026-04-28T18:36:48.898+0200] {logging_mixin.py:188} INFO - [2026-04-28T18:36:48.898+0200] {dagbag.py:540} INFO - Filling up the DagBag from /Users/pablofrancoherrero/prueba_tecnica/venv/lib/python3.11/site-packages/airflow/example_dags/example_short_circuit_decorator.py
[2026-04-28T18:36:48.910+0200] {processor.py:840} INFO - DAG(s) 'example_short_circuit_decorator' retrieved from /Users/pablofrancoherrero/prueba_tecnica/venv/lib/python3.11/site-packages/airflow/example_dags/example_short_circuit_decorator.py
[2026-04-28T18:36:48.939+0200] {logging_mixin.py:188} INFO - [2026-04-28T18:36:48.939+0200] {dag.py:3096} INFO - Sync 1 DAGs
[2026-04-28T18:36:48.944+0200] {logging_mixin.py:188} INFO - [2026-04-28T18:36:48.944+0200] {dag.py:3954} INFO - Setting next_dagrun for example_short_circuit_decorator to 2026-04-27 00:00:00+00:00, run_after=2026-04-28 00:00:00+00:00
[2026-04-28T18:36:48.950+0200] {processor.py:183} INFO - Processing /Users/pablofrancoherrero/prueba_tecnica/venv/lib/python3.11/site-packages/airflow/example_dags/example_short_circuit_decorator.py took 0.054 seconds
[2026-04-28T18:38:11.701+0200] {processor.py:161} INFO - Started process (PID=34305) to work on /Users/pablofrancoherrero/prueba_tecnica/venv/lib/python3.11/site-packages/airflow/example_dags/example_short_circuit_decorator.py
[2026-04-28T18:38:11.701+0200] {processor.py:830} INFO - Processing file /Users/pablofrancoherrero/prueba_tecnica/venv/lib/python3.11/site-packages/airflow/example_dags/example_short_circuit_decorator.py for tasks to queue
[2026-04-28T18:38:11.701+0200] {logging_mixin.py:188} INFO - [2026-04-28T18:38:11.701+0200] {dagbag.py:540} INFO - Filling up the DagBag from /Users/pablofrancoherrero/prueba_tecnica/venv/lib/python3.11/site-packages/airflow/example_dags/example_short_circuit_decorator.py
[2026-04-28T18:38:11.714+0200] {processor.py:840} INFO - DAG(s) 'example_short_circuit_decorator' retrieved from /Users/pablofrancoherrero/prueba_tecnica/venv/lib/python3.11/site-packages/airflow/example_dags/example_short_circuit_decorator.py
[2026-04-28T18:38:11.740+0200] {logging_mixin.py:188} INFO - [2026-04-28T18:38:11.740+0200] {dag.py:3096} INFO - Sync 1 DAGs
[2026-04-28T18:38:11.745+0200] {logging_mixin.py:188} INFO - [2026-04-28T18:38:11.745+0200] {dag.py:3954} INFO - Setting next_dagrun for example_short_circuit_decorator to 2026-04-27 00:00:00+00:00, run_after=2026-04-28 00:00:00+00:00
[2026-04-28T18:38:11.750+0200] {processor.py:183} INFO - Processing /Users/pablofrancoherrero/prueba_tecnica/venv/lib/python3.11/site-packages/airflow/example_dags/example_short_circuit_decorator.py took 0.050 seconds
[2026-04-28T18:39:33.217+0200] {processor.py:161} INFO - Started process (PID=34400) to work on /Users/pablofrancoherrero/prueba_tecnica/venv/lib/python3.11/site-packages/airflow/example_dags/example_short_circuit_decorator.py
[2026-04-28T18:39:33.218+0200] {processor.py:830} INFO - Processing file /Users/pablofrancoherrero/prueba_tecnica/venv/lib/python3.11/site-packages/airflow/example_dags/example_short_circuit_decorator.py for tasks to queue
[2026-04-28T18:39:33.219+0200] {logging_mixin.py:188} INFO - [2026-04-28T18:39:33.219+0200] {dagbag.py:540} INFO - Filling up the DagBag from /Users/pablofrancoherrero/prueba_tecnica/venv/lib/python3.11/site-packages/airflow/example_dags/example_short_circuit_decorator.py
[2026-04-28T18:39:33.231+0200] {processor.py:840} INFO - DAG(s) 'example_short_circuit_decorator' retrieved from /Users/pablofrancoherrero/prueba_tecnica/venv/lib/python3.11/site-packages/airflow/example_dags/example_short_circuit_decorator.py
[2026-04-28T18:39:33.258+0200] {logging_mixin.py:188} INFO - [2026-04-28T18:39:33.258+0200] {dag.py:3096} INFO - Sync 1 DAGs
[2026-04-28T18:39:33.263+0200] {logging_mixin.py:188} INFO - [2026-04-28T18:39:33.263+0200] {dag.py:3954} INFO - Setting next_dagrun for example_short_circuit_decorator to 2026-04-27 00:00:00+00:00, run_after=2026-04-28 00:00:00+00:00
[2026-04-28T18:39:33.268+0200] {processor.py:183} INFO - Processing /Users/pablofrancoherrero/prueba_tecnica/venv/lib/python3.11/site-packages/airflow/example_dags/example_short_circuit_decorator.py took 0.051 seconds
[2026-04-28T18:40:50.805+0200] {processor.py:161} INFO - Started process (PID=34503) to work on /Users/pablofrancoherrero/prueba_tecnica/venv/lib/python3.11/site-packages/airflow/example_dags/example_short_circuit_decorator.py
[2026-04-28T18:40:50.805+0200] {processor.py:830} INFO - Processing file /Users/pablofrancoherrero/prueba_tecnica/venv/lib/python3.11/site-packages/airflow/example_dags/example_short_circuit_decorator.py for tasks to queue
[2026-04-28T18:40:50.805+0200] {logging_mixin.py:188} INFO - [2026-04-28T18:40:50.805+0200] {dagbag.py:540} INFO - Filling up the DagBag from /Users/pablofrancoherrero/prueba_tecnica/venv/lib/python3.11/site-packages/airflow/example_dags/example_short_circuit_decorator.py
[2026-04-28T18:40:50.818+0200] {processor.py:840} INFO - DAG(s) 'example_short_circuit_decorator' retrieved from /Users/pablofrancoherrero/prueba_tecnica/venv/lib/python3.11/site-packages/airflow/example_dags/example_short_circuit_decorator.py
[2026-04-28T18:40:50.846+0200] {logging_mixin.py:188} INFO - [2026-04-28T18:40:50.846+0200] {dag.py:3096} INFO - Sync 1 DAGs
[2026-04-28T18:40:50.850+0200] {logging_mixin.py:188} INFO - [2026-04-28T18:40:50.850+0200] {dag.py:3954} INFO - Setting next_dagrun for example_short_circuit_decorator to 2026-04-27 00:00:00+00:00, run_after=2026-04-28 00:00:00+00:00
[2026-04-28T18:40:50.855+0200] {processor.py:183} INFO - Processing /Users/pablofrancoherrero/prueba_tecnica/venv/lib/python3.11/site-packages/airflow/example_dags/example_short_circuit_decorator.py took 0.052 seconds
[2026-04-28T18:42:14.854+0200] {processor.py:161} INFO - Started process (PID=34870) to work on /Users/pablofrancoherrero/prueba_tecnica/venv/lib/python3.11/site-packages/airflow/example_dags/example_short_circuit_decorator.py
[2026-04-28T18:42:14.855+0200] {processor.py:830} INFO - Processing file /Users/pablofrancoherrero/prueba_tecnica/venv/lib/python3.11/site-packages/airflow/example_dags/example_short_circuit_decorator.py for tasks to queue
[2026-04-28T18:42:14.855+0200] {logging_mixin.py:188} INFO - [2026-04-28T18:42:14.855+0200] {dagbag.py:540} INFO - Filling up the DagBag from /Users/pablofrancoherrero/prueba_tecnica/venv/lib/python3.11/site-packages/airflow/example_dags/example_short_circuit_decorator.py
[2026-04-28T18:42:14.871+0200] {processor.py:840} INFO - DAG(s) 'example_short_circuit_decorator' retrieved from /Users/pablofrancoherrero/prueba_tecnica/venv/lib/python3.11/site-packages/airflow/example_dags/example_short_circuit_decorator.py
[2026-04-28T18:42:14.903+0200] {logging_mixin.py:188} INFO - [2026-04-28T18:42:14.903+0200] {dag.py:3096} INFO - Sync 1 DAGs
[2026-04-28T18:42:14.908+0200] {logging_mixin.py:188} INFO - [2026-04-28T18:42:14.908+0200] {dag.py:3954} INFO - Setting next_dagrun for example_short_circuit_decorator to 2026-04-27 00:00:00+00:00, run_after=2026-04-28 00:00:00+00:00
[2026-04-28T18:42:14.914+0200] {processor.py:183} INFO - Processing /Users/pablofrancoherrero/prueba_tecnica/venv/lib/python3.11/site-packages/airflow/example_dags/example_short_circuit_decorator.py took 0.061 seconds
[2026-04-28T18:43:36.485+0200] {processor.py:161} INFO - Started process (PID=34991) to work on /Users/pablofrancoherrero/prueba_tecnica/venv/lib/python3.11/site-packages/airflow/example_dags/example_short_circuit_decorator.py
[2026-04-28T18:43:36.485+0200] {processor.py:830} INFO - Processing file /Users/pablofrancoherrero/prueba_tecnica/venv/lib/python3.11/site-packages/airflow/example_dags/example_short_circuit_decorator.py for tasks to queue
[2026-04-28T18:43:36.485+0200] {logging_mixin.py:188} INFO - [2026-04-28T18:43:36.485+0200] {dagbag.py:540} INFO - Filling up the DagBag from /Users/pablofrancoherrero/prueba_tecnica/venv/lib/python3.11/site-packages/airflow/example_dags/example_short_circuit_decorator.py
[2026-04-28T18:43:36.498+0200] {processor.py:840} INFO - DAG(s) 'example_short_circuit_decorator' retrieved from /Users/pablofrancoherrero/prueba_tecnica/venv/lib/python3.11/site-packages/airflow/example_dags/example_short_circuit_decorator.py
[2026-04-28T18:43:36.528+0200] {logging_mixin.py:188} INFO - [2026-04-28T18:43:36.527+0200] {dag.py:3096} INFO - Sync 1 DAGs
[2026-04-28T18:43:36.532+0200] {logging_mixin.py:188} INFO - [2026-04-28T18:43:36.532+0200] {dag.py:3954} INFO - Setting next_dagrun for example_short_circuit_decorator to 2026-04-27 00:00:00+00:00, run_after=2026-04-28 00:00:00+00:00
[2026-04-28T18:43:36.537+0200] {processor.py:183} INFO - Processing /Users/pablofrancoherrero/prueba_tecnica/venv/lib/python3.11/site-packages/airflow/example_dags/example_short_circuit_decorator.py took 0.053 seconds
[2026-04-28T18:44:59.284+0200] {processor.py:161} INFO - Started process (PID=35077) to work on /Users/pablofrancoherrero/prueba_tecnica/venv/lib/python3.11/site-packages/airflow/example_dags/example_short_circuit_decorator.py
[2026-04-28T18:44:59.284+0200] {processor.py:830} INFO - Processing file /Users/pablofrancoherrero/prueba_tecnica/venv/lib/python3.11/site-packages/airflow/example_dags/example_short_circuit_decorator.py for tasks to queue
[2026-04-28T18:44:59.285+0200] {logging_mixin.py:188} INFO - [2026-04-28T18:44:59.285+0200] {dagbag.py:540} INFO - Filling up the DagBag from /Users/pablofrancoherrero/prueba_tecnica/venv/lib/python3.11/site-packages/airflow/example_dags/example_short_circuit_decorator.py
[2026-04-28T18:44:59.297+0200] {processor.py:840} INFO - DAG(s) 'example_short_circuit_decorator' retrieved from /Users/pablofrancoherrero/prueba_tecnica/venv/lib/python3.11/site-packages/airflow/example_dags/example_short_circuit_decorator.py
[2026-04-28T18:44:59.322+0200] {logging_mixin.py:188} INFO - [2026-04-28T18:44:59.322+0200] {dag.py:3096} INFO - Sync 1 DAGs
[2026-04-28T18:44:59.327+0200] {logging_mixin.py:188} INFO - [2026-04-28T18:44:59.327+0200] {dag.py:3954} INFO - Setting next_dagrun for example_short_circuit_decorator to 2026-04-27 00:00:00+00:00, run_after=2026-04-28 00:00:00+00:00
[2026-04-28T18:44:59.331+0200] {processor.py:183} INFO - Processing /Users/pablofrancoherrero/prueba_tecnica/venv/lib/python3.11/site-packages/airflow/example_dags/example_short_circuit_decorator.py took 0.048 seconds
[2026-04-28T18:46:21.965+0200] {processor.py:161} INFO - Started process (PID=35183) to work on /Users/pablofrancoherrero/prueba_tecnica/venv/lib/python3.11/site-packages/airflow/example_dags/example_short_circuit_decorator.py
[2026-04-28T18:46:21.966+0200] {processor.py:830} INFO - Processing file /Users/pablofrancoherrero/prueba_tecnica/venv/lib/python3.11/site-packages/airflow/example_dags/example_short_circuit_decorator.py for tasks to queue
[2026-04-28T18:46:21.966+0200] {logging_mixin.py:188} INFO - [2026-04-28T18:46:21.966+0200] {dagbag.py:540} INFO - Filling up the DagBag from /Users/pablofrancoherrero/prueba_tecnica/venv/lib/python3.11/site-packages/airflow/example_dags/example_short_circuit_decorator.py
[2026-04-28T18:46:21.980+0200] {processor.py:840} INFO - DAG(s) 'example_short_circuit_decorator' retrieved from /Users/pablofrancoherrero/prueba_tecnica/venv/lib/python3.11/site-packages/airflow/example_dags/example_short_circuit_decorator.py
[2026-04-28T18:46:22.009+0200] {logging_mixin.py:188} INFO - [2026-04-28T18:46:22.009+0200] {dag.py:3096} INFO - Sync 1 DAGs
[2026-04-28T18:46:22.014+0200] {logging_mixin.py:188} INFO - [2026-04-28T18:46:22.014+0200] {dag.py:3954} INFO - Setting next_dagrun for example_short_circuit_decorator to 2026-04-27 00:00:00+00:00, run_after=2026-04-28 00:00:00+00:00
[2026-04-28T18:46:22.019+0200] {processor.py:183} INFO - Processing /Users/pablofrancoherrero/prueba_tecnica/venv/lib/python3.11/site-packages/airflow/example_dags/example_short_circuit_decorator.py took 0.055 seconds
[2026-04-28T18:47:43.169+0200] {processor.py:161} INFO - Started process (PID=35290) to work on /Users/pablofrancoherrero/prueba_tecnica/venv/lib/python3.11/site-packages/airflow/example_dags/example_short_circuit_decorator.py
[2026-04-28T18:47:43.170+0200] {processor.py:830} INFO - Processing file /Users/pablofrancoherrero/prueba_tecnica/venv/lib/python3.11/site-packages/airflow/example_dags/example_short_circuit_decorator.py for tasks to queue
[2026-04-28T18:47:43.170+0200] {logging_mixin.py:188} INFO - [2026-04-28T18:47:43.170+0200] {dagbag.py:540} INFO - Filling up the DagBag from /Users/pablofrancoherrero/prueba_tecnica/venv/lib/python3.11/site-packages/airflow/example_dags/example_short_circuit_decorator.py
[2026-04-28T18:47:43.183+0200] {processor.py:840} INFO - DAG(s) 'example_short_circuit_decorator' retrieved from /Users/pablofrancoherrero/prueba_tecnica/venv/lib/python3.11/site-packages/airflow/example_dags/example_short_circuit_decorator.py
[2026-04-28T18:47:43.211+0200] {logging_mixin.py:188} INFO - [2026-04-28T18:47:43.210+0200] {dag.py:3096} INFO - Sync 1 DAGs
[2026-04-28T18:47:43.215+0200] {logging_mixin.py:188} INFO - [2026-04-28T18:47:43.215+0200] {dag.py:3954} INFO - Setting next_dagrun for example_short_circuit_decorator to 2026-04-27 00:00:00+00:00, run_after=2026-04-28 00:00:00+00:00
[2026-04-28T18:47:43.220+0200] {processor.py:183} INFO - Processing /Users/pablofrancoherrero/prueba_tecnica/venv/lib/python3.11/site-packages/airflow/example_dags/example_short_circuit_decorator.py took 0.052 seconds
[2026-04-28T18:49:06.249+0200] {processor.py:161} INFO - Started process (PID=35399) to work on /Users/pablofrancoherrero/prueba_tecnica/venv/lib/python3.11/site-packages/airflow/example_dags/example_short_circuit_decorator.py
[2026-04-28T18:49:06.250+0200] {processor.py:830} INFO - Processing file /Users/pablofrancoherrero/prueba_tecnica/venv/lib/python3.11/site-packages/airflow/example_dags/example_short_circuit_decorator.py for tasks to queue
[2026-04-28T18:49:06.250+0200] {logging_mixin.py:188} INFO - [2026-04-28T18:49:06.250+0200] {dagbag.py:540} INFO - Filling up the DagBag from /Users/pablofrancoherrero/prueba_tecnica/venv/lib/python3.11/site-packages/airflow/example_dags/example_short_circuit_decorator.py
[2026-04-28T18:49:06.262+0200] {processor.py:840} INFO - DAG(s) 'example_short_circuit_decorator' retrieved from /Users/pablofrancoherrero/prueba_tecnica/venv/lib/python3.11/site-packages/airflow/example_dags/example_short_circuit_decorator.py
[2026-04-28T18:49:06.288+0200] {logging_mixin.py:188} INFO - [2026-04-28T18:49:06.288+0200] {dag.py:3096} INFO - Sync 1 DAGs
[2026-04-28T18:49:06.293+0200] {logging_mixin.py:188} INFO - [2026-04-28T18:49:06.293+0200] {dag.py:3954} INFO - Setting next_dagrun for example_short_circuit_decorator to 2026-04-27 00:00:00+00:00, run_after=2026-04-28 00:00:00+00:00
[2026-04-28T18:49:06.297+0200] {processor.py:183} INFO - Processing /Users/pablofrancoherrero/prueba_tecnica/venv/lib/python3.11/site-packages/airflow/example_dags/example_short_circuit_decorator.py took 0.050 seconds
[2026-04-28T18:50:27.763+0200] {processor.py:161} INFO - Started process (PID=35486) to work on /Users/pablofrancoherrero/prueba_tecnica/venv/lib/python3.11/site-packages/airflow/example_dags/example_short_circuit_decorator.py
[2026-04-28T18:50:27.763+0200] {processor.py:830} INFO - Processing file /Users/pablofrancoherrero/prueba_tecnica/venv/lib/python3.11/site-packages/airflow/example_dags/example_short_circuit_decorator.py for tasks to queue
[2026-04-28T18:50:27.764+0200] {logging_mixin.py:188} INFO - [2026-04-28T18:50:27.764+0200] {dagbag.py:540} INFO - Filling up the DagBag from /Users/pablofrancoherrero/prueba_tecnica/venv/lib/python3.11/site-packages/airflow/example_dags/example_short_circuit_decorator.py
[2026-04-28T18:50:27.775+0200] {processor.py:840} INFO - DAG(s) 'example_short_circuit_decorator' retrieved from /Users/pablofrancoherrero/prueba_tecnica/venv/lib/python3.11/site-packages/airflow/example_dags/example_short_circuit_decorator.py
[2026-04-28T18:50:27.802+0200] {logging_mixin.py:188} INFO - [2026-04-28T18:50:27.802+0200] {dag.py:3096} INFO - Sync 1 DAGs
[2026-04-28T18:50:27.806+0200] {logging_mixin.py:188} INFO - [2026-04-28T18:50:27.806+0200] {dag.py:3954} INFO - Setting next_dagrun for example_short_circuit_decorator to 2026-04-27 00:00:00+00:00, run_after=2026-04-28 00:00:00+00:00
[2026-04-28T18:50:27.811+0200] {processor.py:183} INFO - Processing /Users/pablofrancoherrero/prueba_tecnica/venv/lib/python3.11/site-packages/airflow/example_dags/example_short_circuit_decorator.py took 0.049 seconds
[2026-04-28T18:51:51.476+0200] {processor.py:161} INFO - Started process (PID=35598) to work on /Users/pablofrancoherrero/prueba_tecnica/venv/lib/python3.11/site-packages/airflow/example_dags/example_short_circuit_decorator.py
[2026-04-28T18:51:51.477+0200] {processor.py:830} INFO - Processing file /Users/pablofrancoherrero/prueba_tecnica/venv/lib/python3.11/site-packages/airflow/example_dags/example_short_circuit_decorator.py for tasks to queue
[2026-04-28T18:51:51.478+0200] {logging_mixin.py:188} INFO - [2026-04-28T18:51:51.478+0200] {dagbag.py:540} INFO - Filling up the DagBag from /Users/pablofrancoherrero/prueba_tecnica/venv/lib/python3.11/site-packages/airflow/example_dags/example_short_circuit_decorator.py
[2026-04-28T18:51:51.490+0200] {processor.py:840} INFO - DAG(s) 'example_short_circuit_decorator' retrieved from /Users/pablofrancoherrero/prueba_tecnica/venv/lib/python3.11/site-packages/airflow/example_dags/example_short_circuit_decorator.py
[2026-04-28T18:51:51.518+0200] {logging_mixin.py:188} INFO - [2026-04-28T18:51:51.518+0200] {dag.py:3096} INFO - Sync 1 DAGs
[2026-04-28T18:51:51.523+0200] {logging_mixin.py:188} INFO - [2026-04-28T18:51:51.523+0200] {dag.py:3954} INFO - Setting next_dagrun for example_short_circuit_decorator to 2026-04-27 00:00:00+00:00, run_after=2026-04-28 00:00:00+00:00
[2026-04-28T18:51:51.528+0200] {processor.py:183} INFO - Processing /Users/pablofrancoherrero/prueba_tecnica/venv/lib/python3.11/site-packages/airflow/example_dags/example_short_circuit_decorator.py took 0.052 seconds
[2026-04-28T18:53:14.302+0200] {processor.py:161} INFO - Started process (PID=35701) to work on /Users/pablofrancoherrero/prueba_tecnica/venv/lib/python3.11/site-packages/airflow/example_dags/example_short_circuit_decorator.py
[2026-04-28T18:53:14.303+0200] {processor.py:830} INFO - Processing file /Users/pablofrancoherrero/prueba_tecnica/venv/lib/python3.11/site-packages/airflow/example_dags/example_short_circuit_decorator.py for tasks to queue
[2026-04-28T18:53:14.303+0200] {logging_mixin.py:188} INFO - [2026-04-28T18:53:14.303+0200] {dagbag.py:540} INFO - Filling up the DagBag from /Users/pablofrancoherrero/prueba_tecnica/venv/lib/python3.11/site-packages/airflow/example_dags/example_short_circuit_decorator.py
[2026-04-28T18:53:14.316+0200] {processor.py:840} INFO - DAG(s) 'example_short_circuit_decorator' retrieved from /Users/pablofrancoherrero/prueba_tecnica/venv/lib/python3.11/site-packages/airflow/example_dags/example_short_circuit_decorator.py
[2026-04-28T18:53:14.343+0200] {logging_mixin.py:188} INFO - [2026-04-28T18:53:14.343+0200] {dag.py:3096} INFO - Sync 1 DAGs
[2026-04-28T18:53:14.348+0200] {logging_mixin.py:188} INFO - [2026-04-28T18:53:14.348+0200] {dag.py:3954} INFO - Setting next_dagrun for example_short_circuit_decorator to 2026-04-27 00:00:00+00:00, run_after=2026-04-28 00:00:00+00:00
[2026-04-28T18:53:14.352+0200] {processor.py:183} INFO - Processing /Users/pablofrancoherrero/prueba_tecnica/venv/lib/python3.11/site-packages/airflow/example_dags/example_short_circuit_decorator.py took 0.051 seconds
[2026-04-28T18:54:37.515+0200] {processor.py:161} INFO - Started process (PID=35787) to work on /Users/pablofrancoherrero/prueba_tecnica/venv/lib/python3.11/site-packages/airflow/example_dags/example_short_circuit_decorator.py
[2026-04-28T18:54:37.516+0200] {processor.py:830} INFO - Processing file /Users/pablofrancoherrero/prueba_tecnica/venv/lib/python3.11/site-packages/airflow/example_dags/example_short_circuit_decorator.py for tasks to queue
[2026-04-28T18:54:37.516+0200] {logging_mixin.py:188} INFO - [2026-04-28T18:54:37.516+0200] {dagbag.py:540} INFO - Filling up the DagBag from /Users/pablofrancoherrero/prueba_tecnica/venv/lib/python3.11/site-packages/airflow/example_dags/example_short_circuit_decorator.py
[2026-04-28T18:54:37.528+0200] {processor.py:840} INFO - DAG(s) 'example_short_circuit_decorator' retrieved from /Users/pablofrancoherrero/prueba_tecnica/venv/lib/python3.11/site-packages/airflow/example_dags/example_short_circuit_decorator.py
[2026-04-28T18:54:37.554+0200] {logging_mixin.py:188} INFO - [2026-04-28T18:54:37.554+0200] {dag.py:3096} INFO - Sync 1 DAGs
[2026-04-28T18:54:37.559+0200] {logging_mixin.py:188} INFO - [2026-04-28T18:54:37.559+0200] {dag.py:3954} INFO - Setting next_dagrun for example_short_circuit_decorator to 2026-04-27 00:00:00+00:00, run_after=2026-04-28 00:00:00+00:00
[2026-04-28T18:54:37.563+0200] {processor.py:183} INFO - Processing /Users/pablofrancoherrero/prueba_tecnica/venv/lib/python3.11/site-packages/airflow/example_dags/example_short_circuit_decorator.py took 0.049 seconds
[2026-04-28T18:56:01.508+0200] {processor.py:161} INFO - Started process (PID=35876) to work on /Users/pablofrancoherrero/prueba_tecnica/venv/lib/python3.11/site-packages/airflow/example_dags/example_short_circuit_decorator.py
[2026-04-28T18:56:01.509+0200] {processor.py:830} INFO - Processing file /Users/pablofrancoherrero/prueba_tecnica/venv/lib/python3.11/site-packages/airflow/example_dags/example_short_circuit_decorator.py for tasks to queue
[2026-04-28T18:56:01.509+0200] {logging_mixin.py:188} INFO - [2026-04-28T18:56:01.509+0200] {dagbag.py:540} INFO - Filling up the DagBag from /Users/pablofrancoherrero/prueba_tecnica/venv/lib/python3.11/site-packages/airflow/example_dags/example_short_circuit_decorator.py
[2026-04-28T18:56:01.522+0200] {processor.py:840} INFO - DAG(s) 'example_short_circuit_decorator' retrieved from /Users/pablofrancoherrero/prueba_tecnica/venv/lib/python3.11/site-packages/airflow/example_dags/example_short_circuit_decorator.py
[2026-04-28T18:56:01.549+0200] {logging_mixin.py:188} INFO - [2026-04-28T18:56:01.549+0200] {dag.py:3096} INFO - Sync 1 DAGs
[2026-04-28T18:56:01.554+0200] {logging_mixin.py:188} INFO - [2026-04-28T18:56:01.554+0200] {dag.py:3954} INFO - Setting next_dagrun for example_short_circuit_decorator to 2026-04-27 00:00:00+00:00, run_after=2026-04-28 00:00:00+00:00
[2026-04-28T18:56:01.559+0200] {processor.py:183} INFO - Processing /Users/pablofrancoherrero/prueba_tecnica/venv/lib/python3.11/site-packages/airflow/example_dags/example_short_circuit_decorator.py took 0.052 seconds
[2026-04-28T18:57:22.954+0200] {processor.py:161} INFO - Started process (PID=35958) to work on /Users/pablofrancoherrero/prueba_tecnica/venv/lib/python3.11/site-packages/airflow/example_dags/example_short_circuit_decorator.py
[2026-04-28T18:57:22.954+0200] {processor.py:830} INFO - Processing file /Users/pablofrancoherrero/prueba_tecnica/venv/lib/python3.11/site-packages/airflow/example_dags/example_short_circuit_decorator.py for tasks to queue
[2026-04-28T18:57:22.955+0200] {logging_mixin.py:188} INFO - [2026-04-28T18:57:22.955+0200] {dagbag.py:540} INFO - Filling up the DagBag from /Users/pablofrancoherrero/prueba_tecnica/venv/lib/python3.11/site-packages/airflow/example_dags/example_short_circuit_decorator.py
[2026-04-28T18:57:22.967+0200] {processor.py:840} INFO - DAG(s) 'example_short_circuit_decorator' retrieved from /Users/pablofrancoherrero/prueba_tecnica/venv/lib/python3.11/site-packages/airflow/example_dags/example_short_circuit_decorator.py
[2026-04-28T18:57:22.994+0200] {logging_mixin.py:188} INFO - [2026-04-28T18:57:22.994+0200] {dag.py:3096} INFO - Sync 1 DAGs
[2026-04-28T18:57:22.998+0200] {logging_mixin.py:188} INFO - [2026-04-28T18:57:22.998+0200] {dag.py:3954} INFO - Setting next_dagrun for example_short_circuit_decorator to 2026-04-27 00:00:00+00:00, run_after=2026-04-28 00:00:00+00:00
[2026-04-28T18:57:23.003+0200] {processor.py:183} INFO - Processing /Users/pablofrancoherrero/prueba_tecnica/venv/lib/python3.11/site-packages/airflow/example_dags/example_short_circuit_decorator.py took 0.050 seconds
[2026-04-28T18:58:42.158+0200] {processor.py:161} INFO - Started process (PID=36026) to work on /Users/pablofrancoherrero/prueba_tecnica/venv/lib/python3.11/site-packages/airflow/example_dags/example_short_circuit_decorator.py
[2026-04-28T18:58:42.159+0200] {processor.py:830} INFO - Processing file /Users/pablofrancoherrero/prueba_tecnica/venv/lib/python3.11/site-packages/airflow/example_dags/example_short_circuit_decorator.py for tasks to queue
[2026-04-28T18:58:42.159+0200] {logging_mixin.py:188} INFO - [2026-04-28T18:58:42.159+0200] {dagbag.py:540} INFO - Filling up the DagBag from /Users/pablofrancoherrero/prueba_tecnica/venv/lib/python3.11/site-packages/airflow/example_dags/example_short_circuit_decorator.py
[2026-04-28T18:58:42.171+0200] {processor.py:840} INFO - DAG(s) 'example_short_circuit_decorator' retrieved from /Users/pablofrancoherrero/prueba_tecnica/venv/lib/python3.11/site-packages/airflow/example_dags/example_short_circuit_decorator.py
[2026-04-28T18:58:42.198+0200] {logging_mixin.py:188} INFO - [2026-04-28T18:58:42.198+0200] {dag.py:3096} INFO - Sync 1 DAGs
[2026-04-28T18:58:42.203+0200] {logging_mixin.py:188} INFO - [2026-04-28T18:58:42.203+0200] {dag.py:3954} INFO - Setting next_dagrun for example_short_circuit_decorator to 2026-04-27 00:00:00+00:00, run_after=2026-04-28 00:00:00+00:00
[2026-04-28T18:58:42.207+0200] {processor.py:183} INFO - Processing /Users/pablofrancoherrero/prueba_tecnica/venv/lib/python3.11/site-packages/airflow/example_dags/example_short_circuit_decorator.py took 0.050 seconds
[2026-04-28T19:00:00.317+0200] {processor.py:161} INFO - Started process (PID=36102) to work on /Users/pablofrancoherrero/prueba_tecnica/venv/lib/python3.11/site-packages/airflow/example_dags/example_short_circuit_decorator.py
[2026-04-28T19:00:00.318+0200] {processor.py:830} INFO - Processing file /Users/pablofrancoherrero/prueba_tecnica/venv/lib/python3.11/site-packages/airflow/example_dags/example_short_circuit_decorator.py for tasks to queue
[2026-04-28T19:00:00.318+0200] {logging_mixin.py:188} INFO - [2026-04-28T19:00:00.318+0200] {dagbag.py:540} INFO - Filling up the DagBag from /Users/pablofrancoherrero/prueba_tecnica/venv/lib/python3.11/site-packages/airflow/example_dags/example_short_circuit_decorator.py
[2026-04-28T19:00:00.331+0200] {processor.py:840} INFO - DAG(s) 'example_short_circuit_decorator' retrieved from /Users/pablofrancoherrero/prueba_tecnica/venv/lib/python3.11/site-packages/airflow/example_dags/example_short_circuit_decorator.py
[2026-04-28T19:00:00.359+0200] {logging_mixin.py:188} INFO - [2026-04-28T19:00:00.359+0200] {dag.py:3096} INFO - Sync 1 DAGs
[2026-04-28T19:00:00.364+0200] {logging_mixin.py:188} INFO - [2026-04-28T19:00:00.364+0200] {dag.py:3954} INFO - Setting next_dagrun for example_short_circuit_decorator to 2026-04-27 00:00:00+00:00, run_after=2026-04-28 00:00:00+00:00
[2026-04-28T19:00:00.369+0200] {processor.py:183} INFO - Processing /Users/pablofrancoherrero/prueba_tecnica/venv/lib/python3.11/site-packages/airflow/example_dags/example_short_circuit_decorator.py took 0.054 seconds
[2026-04-28T19:01:23.418+0200] {processor.py:161} INFO - Started process (PID=36198) to work on /Users/pablofrancoherrero/prueba_tecnica/venv/lib/python3.11/site-packages/airflow/example_dags/example_short_circuit_decorator.py
[2026-04-28T19:01:23.419+0200] {processor.py:830} INFO - Processing file /Users/pablofrancoherrero/prueba_tecnica/venv/lib/python3.11/site-packages/airflow/example_dags/example_short_circuit_decorator.py for tasks to queue
[2026-04-28T19:01:23.419+0200] {logging_mixin.py:188} INFO - [2026-04-28T19:01:23.419+0200] {dagbag.py:540} INFO - Filling up the DagBag from /Users/pablofrancoherrero/prueba_tecnica/venv/lib/python3.11/site-packages/airflow/example_dags/example_short_circuit_decorator.py
[2026-04-28T19:01:23.431+0200] {processor.py:840} INFO - DAG(s) 'example_short_circuit_decorator' retrieved from /Users/pablofrancoherrero/prueba_tecnica/venv/lib/python3.11/site-packages/airflow/example_dags/example_short_circuit_decorator.py
[2026-04-28T19:01:23.458+0200] {logging_mixin.py:188} INFO - [2026-04-28T19:01:23.458+0200] {dag.py:3096} INFO - Sync 1 DAGs
[2026-04-28T19:01:23.462+0200] {logging_mixin.py:188} INFO - [2026-04-28T19:01:23.462+0200] {dag.py:3954} INFO - Setting next_dagrun for example_short_circuit_decorator to 2026-04-27 00:00:00+00:00, run_after=2026-04-28 00:00:00+00:00
[2026-04-28T19:01:23.467+0200] {processor.py:183} INFO - Processing /Users/pablofrancoherrero/prueba_tecnica/venv/lib/python3.11/site-packages/airflow/example_dags/example_short_circuit_decorator.py took 0.050 seconds
[2026-04-28T19:02:43.567+0200] {processor.py:161} INFO - Started process (PID=36279) to work on /Users/pablofrancoherrero/prueba_tecnica/venv/lib/python3.11/site-packages/airflow/example_dags/example_short_circuit_decorator.py
[2026-04-28T19:02:43.568+0200] {processor.py:830} INFO - Processing file /Users/pablofrancoherrero/prueba_tecnica/venv/lib/python3.11/site-packages/airflow/example_dags/example_short_circuit_decorator.py for tasks to queue
[2026-04-28T19:02:43.568+0200] {logging_mixin.py:188} INFO - [2026-04-28T19:02:43.568+0200] {dagbag.py:540} INFO - Filling up the DagBag from /Users/pablofrancoherrero/prueba_tecnica/venv/lib/python3.11/site-packages/airflow/example_dags/example_short_circuit_decorator.py
[2026-04-28T19:02:43.580+0200] {processor.py:840} INFO - DAG(s) 'example_short_circuit_decorator' retrieved from /Users/pablofrancoherrero/prueba_tecnica/venv/lib/python3.11/site-packages/airflow/example_dags/example_short_circuit_decorator.py
[2026-04-28T19:02:43.607+0200] {logging_mixin.py:188} INFO - [2026-04-28T19:02:43.607+0200] {dag.py:3096} INFO - Sync 1 DAGs
[2026-04-28T19:02:43.611+0200] {logging_mixin.py:188} INFO - [2026-04-28T19:02:43.611+0200] {dag.py:3954} INFO - Setting next_dagrun for example_short_circuit_decorator to 2026-04-27 00:00:00+00:00, run_after=2026-04-28 00:00:00+00:00
[2026-04-28T19:02:43.616+0200] {processor.py:183} INFO - Processing /Users/pablofrancoherrero/prueba_tecnica/venv/lib/python3.11/site-packages/airflow/example_dags/example_short_circuit_decorator.py took 0.050 seconds
[2026-04-28T19:04:03.989+0200] {processor.py:161} INFO - Started process (PID=36346) to work on /Users/pablofrancoherrero/prueba_tecnica/venv/lib/python3.11/site-packages/airflow/example_dags/example_short_circuit_decorator.py
[2026-04-28T19:04:03.989+0200] {processor.py:830} INFO - Processing file /Users/pablofrancoherrero/prueba_tecnica/venv/lib/python3.11/site-packages/airflow/example_dags/example_short_circuit_decorator.py for tasks to queue
[2026-04-28T19:04:03.989+0200] {logging_mixin.py:188} INFO - [2026-04-28T19:04:03.989+0200] {dagbag.py:540} INFO - Filling up the DagBag from /Users/pablofrancoherrero/prueba_tecnica/venv/lib/python3.11/site-packages/airflow/example_dags/example_short_circuit_decorator.py
[2026-04-28T19:04:04.001+0200] {processor.py:840} INFO - DAG(s) 'example_short_circuit_decorator' retrieved from /Users/pablofrancoherrero/prueba_tecnica/venv/lib/python3.11/site-packages/airflow/example_dags/example_short_circuit_decorator.py
[2026-04-28T19:04:04.027+0200] {logging_mixin.py:188} INFO - [2026-04-28T19:04:04.027+0200] {dag.py:3096} INFO - Sync 1 DAGs
[2026-04-28T19:04:04.032+0200] {logging_mixin.py:188} INFO - [2026-04-28T19:04:04.032+0200] {dag.py:3954} INFO - Setting next_dagrun for example_short_circuit_decorator to 2026-04-27 00:00:00+00:00, run_after=2026-04-28 00:00:00+00:00
[2026-04-28T19:04:04.040+0200] {processor.py:183} INFO - Processing /Users/pablofrancoherrero/prueba_tecnica/venv/lib/python3.11/site-packages/airflow/example_dags/example_short_circuit_decorator.py took 0.052 seconds
[2026-04-28T19:05:23.146+0200] {processor.py:161} INFO - Started process (PID=36476) to work on /Users/pablofrancoherrero/prueba_tecnica/venv/lib/python3.11/site-packages/airflow/example_dags/example_short_circuit_decorator.py
[2026-04-28T19:05:23.146+0200] {processor.py:830} INFO - Processing file /Users/pablofrancoherrero/prueba_tecnica/venv/lib/python3.11/site-packages/airflow/example_dags/example_short_circuit_decorator.py for tasks to queue
[2026-04-28T19:05:23.147+0200] {logging_mixin.py:188} INFO - [2026-04-28T19:05:23.146+0200] {dagbag.py:540} INFO - Filling up the DagBag from /Users/pablofrancoherrero/prueba_tecnica/venv/lib/python3.11/site-packages/airflow/example_dags/example_short_circuit_decorator.py
[2026-04-28T19:05:23.159+0200] {processor.py:840} INFO - DAG(s) 'example_short_circuit_decorator' retrieved from /Users/pablofrancoherrero/prueba_tecnica/venv/lib/python3.11/site-packages/airflow/example_dags/example_short_circuit_decorator.py
[2026-04-28T19:05:23.186+0200] {logging_mixin.py:188} INFO - [2026-04-28T19:05:23.186+0200] {dag.py:3096} INFO - Sync 1 DAGs
[2026-04-28T19:05:23.190+0200] {logging_mixin.py:188} INFO - [2026-04-28T19:05:23.190+0200] {dag.py:3954} INFO - Setting next_dagrun for example_short_circuit_decorator to 2026-04-27 00:00:00+00:00, run_after=2026-04-28 00:00:00+00:00
[2026-04-28T19:05:23.195+0200] {processor.py:183} INFO - Processing /Users/pablofrancoherrero/prueba_tecnica/venv/lib/python3.11/site-packages/airflow/example_dags/example_short_circuit_decorator.py took 0.050 seconds
[2026-04-28T19:06:44.013+0200] {processor.py:161} INFO - Started process (PID=36546) to work on /Users/pablofrancoherrero/prueba_tecnica/venv/lib/python3.11/site-packages/airflow/example_dags/example_short_circuit_decorator.py
[2026-04-28T19:06:44.013+0200] {processor.py:830} INFO - Processing file /Users/pablofrancoherrero/prueba_tecnica/venv/lib/python3.11/site-packages/airflow/example_dags/example_short_circuit_decorator.py for tasks to queue
[2026-04-28T19:06:44.014+0200] {logging_mixin.py:188} INFO - [2026-04-28T19:06:44.013+0200] {dagbag.py:540} INFO - Filling up the DagBag from /Users/pablofrancoherrero/prueba_tecnica/venv/lib/python3.11/site-packages/airflow/example_dags/example_short_circuit_decorator.py
[2026-04-28T19:06:44.025+0200] {processor.py:840} INFO - DAG(s) 'example_short_circuit_decorator' retrieved from /Users/pablofrancoherrero/prueba_tecnica/venv/lib/python3.11/site-packages/airflow/example_dags/example_short_circuit_decorator.py
[2026-04-28T19:06:44.052+0200] {logging_mixin.py:188} INFO - [2026-04-28T19:06:44.052+0200] {dag.py:3096} INFO - Sync 1 DAGs
[2026-04-28T19:06:44.057+0200] {logging_mixin.py:188} INFO - [2026-04-28T19:06:44.057+0200] {dag.py:3954} INFO - Setting next_dagrun for example_short_circuit_decorator to 2026-04-27 00:00:00+00:00, run_after=2026-04-28 00:00:00+00:00
[2026-04-28T19:06:44.062+0200] {processor.py:183} INFO - Processing /Users/pablofrancoherrero/prueba_tecnica/venv/lib/python3.11/site-packages/airflow/example_dags/example_short_circuit_decorator.py took 0.049 seconds
[2026-04-28T19:08:05.837+0200] {processor.py:161} INFO - Started process (PID=36627) to work on /Users/pablofrancoherrero/prueba_tecnica/venv/lib/python3.11/site-packages/airflow/example_dags/example_short_circuit_decorator.py
[2026-04-28T19:08:05.837+0200] {processor.py:830} INFO - Processing file /Users/pablofrancoherrero/prueba_tecnica/venv/lib/python3.11/site-packages/airflow/example_dags/example_short_circuit_decorator.py for tasks to queue
[2026-04-28T19:08:05.837+0200] {logging_mixin.py:188} INFO - [2026-04-28T19:08:05.837+0200] {dagbag.py:540} INFO - Filling up the DagBag from /Users/pablofrancoherrero/prueba_tecnica/venv/lib/python3.11/site-packages/airflow/example_dags/example_short_circuit_decorator.py
[2026-04-28T19:08:05.849+0200] {processor.py:840} INFO - DAG(s) 'example_short_circuit_decorator' retrieved from /Users/pablofrancoherrero/prueba_tecnica/venv/lib/python3.11/site-packages/airflow/example_dags/example_short_circuit_decorator.py
[2026-04-28T19:08:05.875+0200] {logging_mixin.py:188} INFO - [2026-04-28T19:08:05.875+0200] {dag.py:3096} INFO - Sync 1 DAGs
[2026-04-28T19:08:05.879+0200] {logging_mixin.py:188} INFO - [2026-04-28T19:08:05.879+0200] {dag.py:3954} INFO - Setting next_dagrun for example_short_circuit_decorator to 2026-04-27 00:00:00+00:00, run_after=2026-04-28 00:00:00+00:00
[2026-04-28T19:08:05.884+0200] {processor.py:183} INFO - Processing /Users/pablofrancoherrero/prueba_tecnica/venv/lib/python3.11/site-packages/airflow/example_dags/example_short_circuit_decorator.py took 0.048 seconds
[2026-04-28T19:09:26.360+0200] {processor.py:161} INFO - Started process (PID=36710) to work on /Users/pablofrancoherrero/prueba_tecnica/venv/lib/python3.11/site-packages/airflow/example_dags/example_short_circuit_decorator.py
[2026-04-28T19:09:26.360+0200] {processor.py:830} INFO - Processing file /Users/pablofrancoherrero/prueba_tecnica/venv/lib/python3.11/site-packages/airflow/example_dags/example_short_circuit_decorator.py for tasks to queue
[2026-04-28T19:09:26.360+0200] {logging_mixin.py:188} INFO - [2026-04-28T19:09:26.360+0200] {dagbag.py:540} INFO - Filling up the DagBag from /Users/pablofrancoherrero/prueba_tecnica/venv/lib/python3.11/site-packages/airflow/example_dags/example_short_circuit_decorator.py
[2026-04-28T19:09:26.392+0200] {processor.py:840} INFO - DAG(s) 'example_short_circuit_decorator' retrieved from /Users/pablofrancoherrero/prueba_tecnica/venv/lib/python3.11/site-packages/airflow/example_dags/example_short_circuit_decorator.py
[2026-04-28T19:09:26.492+0200] {logging_mixin.py:188} INFO - [2026-04-28T19:09:26.491+0200] {dag.py:3096} INFO - Sync 1 DAGs
[2026-04-28T19:09:26.497+0200] {logging_mixin.py:188} INFO - [2026-04-28T19:09:26.497+0200] {dag.py:3954} INFO - Setting next_dagrun for example_short_circuit_decorator to 2026-04-27 00:00:00+00:00, run_after=2026-04-28 00:00:00+00:00
[2026-04-28T19:09:26.502+0200] {processor.py:183} INFO - Processing /Users/pablofrancoherrero/prueba_tecnica/venv/lib/python3.11/site-packages/airflow/example_dags/example_short_circuit_decorator.py took 0.144 seconds
[2026-04-28T19:10:47.784+0200] {processor.py:161} INFO - Started process (PID=36836) to work on /Users/pablofrancoherrero/prueba_tecnica/venv/lib/python3.11/site-packages/airflow/example_dags/example_short_circuit_decorator.py
[2026-04-28T19:10:47.785+0200] {processor.py:830} INFO - Processing file /Users/pablofrancoherrero/prueba_tecnica/venv/lib/python3.11/site-packages/airflow/example_dags/example_short_circuit_decorator.py for tasks to queue
[2026-04-28T19:10:47.785+0200] {logging_mixin.py:188} INFO - [2026-04-28T19:10:47.785+0200] {dagbag.py:540} INFO - Filling up the DagBag from /Users/pablofrancoherrero/prueba_tecnica/venv/lib/python3.11/site-packages/airflow/example_dags/example_short_circuit_decorator.py
[2026-04-28T19:10:47.797+0200] {processor.py:840} INFO - DAG(s) 'example_short_circuit_decorator' retrieved from /Users/pablofrancoherrero/prueba_tecnica/venv/lib/python3.11/site-packages/airflow/example_dags/example_short_circuit_decorator.py
[2026-04-28T19:10:47.823+0200] {logging_mixin.py:188} INFO - [2026-04-28T19:10:47.823+0200] {dag.py:3096} INFO - Sync 1 DAGs
[2026-04-28T19:10:47.828+0200] {logging_mixin.py:188} INFO - [2026-04-28T19:10:47.827+0200] {dag.py:3954} INFO - Setting next_dagrun for example_short_circuit_decorator to 2026-04-27 00:00:00+00:00, run_after=2026-04-28 00:00:00+00:00
[2026-04-28T19:10:47.832+0200] {processor.py:183} INFO - Processing /Users/pablofrancoherrero/prueba_tecnica/venv/lib/python3.11/site-packages/airflow/example_dags/example_short_circuit_decorator.py took 0.049 seconds
[2026-04-28T19:12:09.371+0200] {processor.py:161} INFO - Started process (PID=36924) to work on /Users/pablofrancoherrero/prueba_tecnica/venv/lib/python3.11/site-packages/airflow/example_dags/example_short_circuit_decorator.py
[2026-04-28T19:12:09.372+0200] {processor.py:830} INFO - Processing file /Users/pablofrancoherrero/prueba_tecnica/venv/lib/python3.11/site-packages/airflow/example_dags/example_short_circuit_decorator.py for tasks to queue
[2026-04-28T19:12:09.372+0200] {logging_mixin.py:188} INFO - [2026-04-28T19:12:09.372+0200] {dagbag.py:540} INFO - Filling up the DagBag from /Users/pablofrancoherrero/prueba_tecnica/venv/lib/python3.11/site-packages/airflow/example_dags/example_short_circuit_decorator.py
[2026-04-28T19:12:09.384+0200] {processor.py:840} INFO - DAG(s) 'example_short_circuit_decorator' retrieved from /Users/pablofrancoherrero/prueba_tecnica/venv/lib/python3.11/site-packages/airflow/example_dags/example_short_circuit_decorator.py
[2026-04-28T19:12:09.410+0200] {logging_mixin.py:188} INFO - [2026-04-28T19:12:09.410+0200] {dag.py:3096} INFO - Sync 1 DAGs
[2026-04-28T19:12:09.414+0200] {logging_mixin.py:188} INFO - [2026-04-28T19:12:09.414+0200] {dag.py:3954} INFO - Setting next_dagrun for example_short_circuit_decorator to 2026-04-27 00:00:00+00:00, run_after=2026-04-28 00:00:00+00:00
[2026-04-28T19:12:09.419+0200] {processor.py:183} INFO - Processing /Users/pablofrancoherrero/prueba_tecnica/venv/lib/python3.11/site-packages/airflow/example_dags/example_short_circuit_decorator.py took 0.049 seconds
[2026-04-28T19:13:31.227+0200] {processor.py:161} INFO - Started process (PID=37016) to work on /Users/pablofrancoherrero/prueba_tecnica/venv/lib/python3.11/site-packages/airflow/example_dags/example_short_circuit_decorator.py
[2026-04-28T19:13:31.228+0200] {processor.py:830} INFO - Processing file /Users/pablofrancoherrero/prueba_tecnica/venv/lib/python3.11/site-packages/airflow/example_dags/example_short_circuit_decorator.py for tasks to queue
[2026-04-28T19:13:31.229+0200] {logging_mixin.py:188} INFO - [2026-04-28T19:13:31.229+0200] {dagbag.py:540} INFO - Filling up the DagBag from /Users/pablofrancoherrero/prueba_tecnica/venv/lib/python3.11/site-packages/airflow/example_dags/example_short_circuit_decorator.py
[2026-04-28T19:13:31.241+0200] {processor.py:840} INFO - DAG(s) 'example_short_circuit_decorator' retrieved from /Users/pablofrancoherrero/prueba_tecnica/venv/lib/python3.11/site-packages/airflow/example_dags/example_short_circuit_decorator.py
[2026-04-28T19:13:31.268+0200] {logging_mixin.py:188} INFO - [2026-04-28T19:13:31.268+0200] {dag.py:3096} INFO - Sync 1 DAGs
[2026-04-28T19:13:31.273+0200] {logging_mixin.py:188} INFO - [2026-04-28T19:13:31.273+0200] {dag.py:3954} INFO - Setting next_dagrun for example_short_circuit_decorator to 2026-04-27 00:00:00+00:00, run_after=2026-04-28 00:00:00+00:00
[2026-04-28T19:13:31.277+0200] {processor.py:183} INFO - Processing /Users/pablofrancoherrero/prueba_tecnica/venv/lib/python3.11/site-packages/airflow/example_dags/example_short_circuit_decorator.py took 0.051 seconds
[2026-04-28T19:14:50.862+0200] {processor.py:161} INFO - Started process (PID=37104) to work on /Users/pablofrancoherrero/prueba_tecnica/venv/lib/python3.11/site-packages/airflow/example_dags/example_short_circuit_decorator.py
[2026-04-28T19:14:50.863+0200] {processor.py:830} INFO - Processing file /Users/pablofrancoherrero/prueba_tecnica/venv/lib/python3.11/site-packages/airflow/example_dags/example_short_circuit_decorator.py for tasks to queue
[2026-04-28T19:14:50.863+0200] {logging_mixin.py:188} INFO - [2026-04-28T19:14:50.863+0200] {dagbag.py:540} INFO - Filling up the DagBag from /Users/pablofrancoherrero/prueba_tecnica/venv/lib/python3.11/site-packages/airflow/example_dags/example_short_circuit_decorator.py
[2026-04-28T19:14:50.877+0200] {processor.py:840} INFO - DAG(s) 'example_short_circuit_decorator' retrieved from /Users/pablofrancoherrero/prueba_tecnica/venv/lib/python3.11/site-packages/airflow/example_dags/example_short_circuit_decorator.py
[2026-04-28T19:14:50.906+0200] {logging_mixin.py:188} INFO - [2026-04-28T19:14:50.906+0200] {dag.py:3096} INFO - Sync 1 DAGs
[2026-04-28T19:14:50.910+0200] {logging_mixin.py:188} INFO - [2026-04-28T19:14:50.910+0200] {dag.py:3954} INFO - Setting next_dagrun for example_short_circuit_decorator to 2026-04-27 00:00:00+00:00, run_after=2026-04-28 00:00:00+00:00
[2026-04-28T19:14:50.915+0200] {processor.py:183} INFO - Processing /Users/pablofrancoherrero/prueba_tecnica/venv/lib/python3.11/site-packages/airflow/example_dags/example_short_circuit_decorator.py took 0.054 seconds
[2026-04-28T19:16:10.053+0200] {processor.py:161} INFO - Started process (PID=37185) to work on /Users/pablofrancoherrero/prueba_tecnica/venv/lib/python3.11/site-packages/airflow/example_dags/example_short_circuit_decorator.py
[2026-04-28T19:16:10.054+0200] {processor.py:830} INFO - Processing file /Users/pablofrancoherrero/prueba_tecnica/venv/lib/python3.11/site-packages/airflow/example_dags/example_short_circuit_decorator.py for tasks to queue
[2026-04-28T19:16:10.054+0200] {logging_mixin.py:188} INFO - [2026-04-28T19:16:10.054+0200] {dagbag.py:540} INFO - Filling up the DagBag from /Users/pablofrancoherrero/prueba_tecnica/venv/lib/python3.11/site-packages/airflow/example_dags/example_short_circuit_decorator.py
[2026-04-28T19:16:10.066+0200] {processor.py:840} INFO - DAG(s) 'example_short_circuit_decorator' retrieved from /Users/pablofrancoherrero/prueba_tecnica/venv/lib/python3.11/site-packages/airflow/example_dags/example_short_circuit_decorator.py
[2026-04-28T19:16:10.092+0200] {logging_mixin.py:188} INFO - [2026-04-28T19:16:10.092+0200] {dag.py:3096} INFO - Sync 1 DAGs
[2026-04-28T19:16:10.097+0200] {logging_mixin.py:188} INFO - [2026-04-28T19:16:10.096+0200] {dag.py:3954} INFO - Setting next_dagrun for example_short_circuit_decorator to 2026-04-27 00:00:00+00:00, run_after=2026-04-28 00:00:00+00:00
[2026-04-28T19:16:10.101+0200] {processor.py:183} INFO - Processing /Users/pablofrancoherrero/prueba_tecnica/venv/lib/python3.11/site-packages/airflow/example_dags/example_short_circuit_decorator.py took 0.049 seconds
[2026-04-28T19:17:28.582+0200] {processor.py:161} INFO - Started process (PID=37287) to work on /Users/pablofrancoherrero/prueba_tecnica/venv/lib/python3.11/site-packages/airflow/example_dags/example_short_circuit_decorator.py
[2026-04-28T19:17:28.583+0200] {processor.py:830} INFO - Processing file /Users/pablofrancoherrero/prueba_tecnica/venv/lib/python3.11/site-packages/airflow/example_dags/example_short_circuit_decorator.py for tasks to queue
[2026-04-28T19:17:28.583+0200] {logging_mixin.py:188} INFO - [2026-04-28T19:17:28.583+0200] {dagbag.py:540} INFO - Filling up the DagBag from /Users/pablofrancoherrero/prueba_tecnica/venv/lib/python3.11/site-packages/airflow/example_dags/example_short_circuit_decorator.py
[2026-04-28T19:17:28.597+0200] {processor.py:840} INFO - DAG(s) 'example_short_circuit_decorator' retrieved from /Users/pablofrancoherrero/prueba_tecnica/venv/lib/python3.11/site-packages/airflow/example_dags/example_short_circuit_decorator.py
[2026-04-28T19:17:28.627+0200] {logging_mixin.py:188} INFO - [2026-04-28T19:17:28.627+0200] {dag.py:3096} INFO - Sync 1 DAGs
[2026-04-28T19:17:28.632+0200] {logging_mixin.py:188} INFO - [2026-04-28T19:17:28.632+0200] {dag.py:3954} INFO - Setting next_dagrun for example_short_circuit_decorator to 2026-04-27 00:00:00+00:00, run_after=2026-04-28 00:00:00+00:00
[2026-04-28T19:17:28.637+0200] {processor.py:183} INFO - Processing /Users/pablofrancoherrero/prueba_tecnica/venv/lib/python3.11/site-packages/airflow/example_dags/example_short_circuit_decorator.py took 0.056 seconds
[2026-04-28T19:19:19.390+0200] {processor.py:161} INFO - Started process (PID=46143) to work on /Users/pablofrancoherrero/prueba_tecnica/venv/lib/python3.11/site-packages/airflow/example_dags/example_short_circuit_decorator.py
[2026-04-28T19:19:19.394+0200] {processor.py:830} INFO - Processing file /Users/pablofrancoherrero/prueba_tecnica/venv/lib/python3.11/site-packages/airflow/example_dags/example_short_circuit_decorator.py for tasks to queue
[2026-04-28T19:19:19.395+0200] {logging_mixin.py:188} INFO - [2026-04-28T19:19:19.394+0200] {dagbag.py:540} INFO - Filling up the DagBag from /Users/pablofrancoherrero/prueba_tecnica/venv/lib/python3.11/site-packages/airflow/example_dags/example_short_circuit_decorator.py
[2026-04-28T19:19:19.680+0200] {processor.py:840} INFO - DAG(s) 'example_short_circuit_decorator' retrieved from /Users/pablofrancoherrero/prueba_tecnica/venv/lib/python3.11/site-packages/airflow/example_dags/example_short_circuit_decorator.py
[2026-04-28T19:19:20.836+0200] {logging_mixin.py:188} INFO - [2026-04-28T19:19:20.836+0200] {dag.py:3096} INFO - Sync 1 DAGs
[2026-04-28T19:19:20.855+0200] {logging_mixin.py:188} INFO - [2026-04-28T19:19:20.855+0200] {dag.py:3954} INFO - Setting next_dagrun for example_short_circuit_decorator to 2026-04-27 00:00:00+00:00, run_after=2026-04-28 00:00:00+00:00
[2026-04-28T19:19:20.890+0200] {processor.py:183} INFO - Processing /Users/pablofrancoherrero/prueba_tecnica/venv/lib/python3.11/site-packages/airflow/example_dags/example_short_circuit_decorator.py took 1.510 seconds
[2026-04-28T19:21:06.558+0200] {processor.py:161} INFO - Started process (PID=50307) to work on /Users/pablofrancoherrero/prueba_tecnica/venv/lib/python3.11/site-packages/airflow/example_dags/example_short_circuit_decorator.py
[2026-04-28T19:21:06.559+0200] {processor.py:830} INFO - Processing file /Users/pablofrancoherrero/prueba_tecnica/venv/lib/python3.11/site-packages/airflow/example_dags/example_short_circuit_decorator.py for tasks to queue
[2026-04-28T19:21:06.560+0200] {logging_mixin.py:188} INFO - [2026-04-28T19:21:06.559+0200] {dagbag.py:540} INFO - Filling up the DagBag from /Users/pablofrancoherrero/prueba_tecnica/venv/lib/python3.11/site-packages/airflow/example_dags/example_short_circuit_decorator.py
[2026-04-28T19:21:06.572+0200] {processor.py:840} INFO - DAG(s) 'example_short_circuit_decorator' retrieved from /Users/pablofrancoherrero/prueba_tecnica/venv/lib/python3.11/site-packages/airflow/example_dags/example_short_circuit_decorator.py
[2026-04-28T19:21:06.601+0200] {logging_mixin.py:188} INFO - [2026-04-28T19:21:06.601+0200] {dag.py:3096} INFO - Sync 1 DAGs
[2026-04-28T19:21:06.606+0200] {logging_mixin.py:188} INFO - [2026-04-28T19:21:06.606+0200] {dag.py:3954} INFO - Setting next_dagrun for example_short_circuit_decorator to 2026-04-27 00:00:00+00:00, run_after=2026-04-28 00:00:00+00:00
[2026-04-28T19:21:06.611+0200] {processor.py:183} INFO - Processing /Users/pablofrancoherrero/prueba_tecnica/venv/lib/python3.11/site-packages/airflow/example_dags/example_short_circuit_decorator.py took 0.054 seconds
[2026-04-28T19:22:28.410+0200] {processor.py:161} INFO - Started process (PID=50402) to work on /Users/pablofrancoherrero/prueba_tecnica/venv/lib/python3.11/site-packages/airflow/example_dags/example_short_circuit_decorator.py
[2026-04-28T19:22:28.411+0200] {processor.py:830} INFO - Processing file /Users/pablofrancoherrero/prueba_tecnica/venv/lib/python3.11/site-packages/airflow/example_dags/example_short_circuit_decorator.py for tasks to queue
[2026-04-28T19:22:28.412+0200] {logging_mixin.py:188} INFO - [2026-04-28T19:22:28.412+0200] {dagbag.py:540} INFO - Filling up the DagBag from /Users/pablofrancoherrero/prueba_tecnica/venv/lib/python3.11/site-packages/airflow/example_dags/example_short_circuit_decorator.py
[2026-04-28T19:22:28.424+0200] {processor.py:840} INFO - DAG(s) 'example_short_circuit_decorator' retrieved from /Users/pablofrancoherrero/prueba_tecnica/venv/lib/python3.11/site-packages/airflow/example_dags/example_short_circuit_decorator.py
[2026-04-28T19:22:28.451+0200] {logging_mixin.py:188} INFO - [2026-04-28T19:22:28.451+0200] {dag.py:3096} INFO - Sync 1 DAGs
[2026-04-28T19:22:28.455+0200] {logging_mixin.py:188} INFO - [2026-04-28T19:22:28.455+0200] {dag.py:3954} INFO - Setting next_dagrun for example_short_circuit_decorator to 2026-04-27 00:00:00+00:00, run_after=2026-04-28 00:00:00+00:00
[2026-04-28T19:22:28.460+0200] {processor.py:183} INFO - Processing /Users/pablofrancoherrero/prueba_tecnica/venv/lib/python3.11/site-packages/airflow/example_dags/example_short_circuit_decorator.py took 0.050 seconds
[2026-04-28T19:23:45.616+0200] {processor.py:161} INFO - Started process (PID=50497) to work on /Users/pablofrancoherrero/prueba_tecnica/venv/lib/python3.11/site-packages/airflow/example_dags/example_short_circuit_decorator.py
[2026-04-28T19:23:45.617+0200] {processor.py:830} INFO - Processing file /Users/pablofrancoherrero/prueba_tecnica/venv/lib/python3.11/site-packages/airflow/example_dags/example_short_circuit_decorator.py for tasks to queue
[2026-04-28T19:23:45.618+0200] {logging_mixin.py:188} INFO - [2026-04-28T19:23:45.618+0200] {dagbag.py:540} INFO - Filling up the DagBag from /Users/pablofrancoherrero/prueba_tecnica/venv/lib/python3.11/site-packages/airflow/example_dags/example_short_circuit_decorator.py
[2026-04-28T19:23:45.630+0200] {processor.py:840} INFO - DAG(s) 'example_short_circuit_decorator' retrieved from /Users/pablofrancoherrero/prueba_tecnica/venv/lib/python3.11/site-packages/airflow/example_dags/example_short_circuit_decorator.py
[2026-04-28T19:23:45.657+0200] {logging_mixin.py:188} INFO - [2026-04-28T19:23:45.657+0200] {dag.py:3096} INFO - Sync 1 DAGs
[2026-04-28T19:23:45.661+0200] {logging_mixin.py:188} INFO - [2026-04-28T19:23:45.661+0200] {dag.py:3954} INFO - Setting next_dagrun for example_short_circuit_decorator to 2026-04-27 00:00:00+00:00, run_after=2026-04-28 00:00:00+00:00
[2026-04-28T19:23:45.666+0200] {processor.py:183} INFO - Processing /Users/pablofrancoherrero/prueba_tecnica/venv/lib/python3.11/site-packages/airflow/example_dags/example_short_circuit_decorator.py took 0.051 seconds
[2026-04-28T19:25:06.836+0200] {processor.py:161} INFO - Started process (PID=50593) to work on /Users/pablofrancoherrero/prueba_tecnica/venv/lib/python3.11/site-packages/airflow/example_dags/example_short_circuit_decorator.py
[2026-04-28T19:25:06.837+0200] {processor.py:830} INFO - Processing file /Users/pablofrancoherrero/prueba_tecnica/venv/lib/python3.11/site-packages/airflow/example_dags/example_short_circuit_decorator.py for tasks to queue
[2026-04-28T19:25:06.838+0200] {logging_mixin.py:188} INFO - [2026-04-28T19:25:06.838+0200] {dagbag.py:540} INFO - Filling up the DagBag from /Users/pablofrancoherrero/prueba_tecnica/venv/lib/python3.11/site-packages/airflow/example_dags/example_short_circuit_decorator.py
[2026-04-28T19:25:06.849+0200] {processor.py:840} INFO - DAG(s) 'example_short_circuit_decorator' retrieved from /Users/pablofrancoherrero/prueba_tecnica/venv/lib/python3.11/site-packages/airflow/example_dags/example_short_circuit_decorator.py
[2026-04-28T19:25:06.877+0200] {logging_mixin.py:188} INFO - [2026-04-28T19:25:06.877+0200] {dag.py:3096} INFO - Sync 1 DAGs
[2026-04-28T19:25:06.881+0200] {logging_mixin.py:188} INFO - [2026-04-28T19:25:06.881+0200] {dag.py:3954} INFO - Setting next_dagrun for example_short_circuit_decorator to 2026-04-27 00:00:00+00:00, run_after=2026-04-28 00:00:00+00:00
[2026-04-28T19:25:06.886+0200] {processor.py:183} INFO - Processing /Users/pablofrancoherrero/prueba_tecnica/venv/lib/python3.11/site-packages/airflow/example_dags/example_short_circuit_decorator.py took 0.050 seconds
[2026-04-28T19:26:26.093+0200] {processor.py:161} INFO - Started process (PID=50693) to work on /Users/pablofrancoherrero/prueba_tecnica/venv/lib/python3.11/site-packages/airflow/example_dags/example_short_circuit_decorator.py
[2026-04-28T19:26:26.094+0200] {processor.py:830} INFO - Processing file /Users/pablofrancoherrero/prueba_tecnica/venv/lib/python3.11/site-packages/airflow/example_dags/example_short_circuit_decorator.py for tasks to queue
[2026-04-28T19:26:26.094+0200] {logging_mixin.py:188} INFO - [2026-04-28T19:26:26.094+0200] {dagbag.py:540} INFO - Filling up the DagBag from /Users/pablofrancoherrero/prueba_tecnica/venv/lib/python3.11/site-packages/airflow/example_dags/example_short_circuit_decorator.py
[2026-04-28T19:26:26.106+0200] {processor.py:840} INFO - DAG(s) 'example_short_circuit_decorator' retrieved from /Users/pablofrancoherrero/prueba_tecnica/venv/lib/python3.11/site-packages/airflow/example_dags/example_short_circuit_decorator.py
[2026-04-28T19:26:26.134+0200] {logging_mixin.py:188} INFO - [2026-04-28T19:26:26.134+0200] {dag.py:3096} INFO - Sync 1 DAGs
[2026-04-28T19:26:26.138+0200] {logging_mixin.py:188} INFO - [2026-04-28T19:26:26.138+0200] {dag.py:3954} INFO - Setting next_dagrun for example_short_circuit_decorator to 2026-04-27 00:00:00+00:00, run_after=2026-04-28 00:00:00+00:00
[2026-04-28T19:26:26.143+0200] {processor.py:183} INFO - Processing /Users/pablofrancoherrero/prueba_tecnica/venv/lib/python3.11/site-packages/airflow/example_dags/example_short_circuit_decorator.py took 0.051 seconds
[2026-04-28T19:27:46.404+0200] {processor.py:161} INFO - Started process (PID=50788) to work on /Users/pablofrancoherrero/prueba_tecnica/venv/lib/python3.11/site-packages/airflow/example_dags/example_short_circuit_decorator.py
[2026-04-28T19:27:46.405+0200] {processor.py:830} INFO - Processing file /Users/pablofrancoherrero/prueba_tecnica/venv/lib/python3.11/site-packages/airflow/example_dags/example_short_circuit_decorator.py for tasks to queue
[2026-04-28T19:27:46.405+0200] {logging_mixin.py:188} INFO - [2026-04-28T19:27:46.405+0200] {dagbag.py:540} INFO - Filling up the DagBag from /Users/pablofrancoherrero/prueba_tecnica/venv/lib/python3.11/site-packages/airflow/example_dags/example_short_circuit_decorator.py
[2026-04-28T19:27:46.417+0200] {processor.py:840} INFO - DAG(s) 'example_short_circuit_decorator' retrieved from /Users/pablofrancoherrero/prueba_tecnica/venv/lib/python3.11/site-packages/airflow/example_dags/example_short_circuit_decorator.py
[2026-04-28T19:27:46.444+0200] {logging_mixin.py:188} INFO - [2026-04-28T19:27:46.443+0200] {dag.py:3096} INFO - Sync 1 DAGs
[2026-04-28T19:27:46.449+0200] {logging_mixin.py:188} INFO - [2026-04-28T19:27:46.448+0200] {dag.py:3954} INFO - Setting next_dagrun for example_short_circuit_decorator to 2026-04-27 00:00:00+00:00, run_after=2026-04-28 00:00:00+00:00
[2026-04-28T19:27:46.454+0200] {processor.py:183} INFO - Processing /Users/pablofrancoherrero/prueba_tecnica/venv/lib/python3.11/site-packages/airflow/example_dags/example_short_circuit_decorator.py took 0.050 seconds
[2026-04-28T19:29:07.351+0200] {processor.py:161} INFO - Started process (PID=50891) to work on /Users/pablofrancoherrero/prueba_tecnica/venv/lib/python3.11/site-packages/airflow/example_dags/example_short_circuit_decorator.py
[2026-04-28T19:29:07.351+0200] {processor.py:830} INFO - Processing file /Users/pablofrancoherrero/prueba_tecnica/venv/lib/python3.11/site-packages/airflow/example_dags/example_short_circuit_decorator.py for tasks to queue
[2026-04-28T19:29:07.352+0200] {logging_mixin.py:188} INFO - [2026-04-28T19:29:07.351+0200] {dagbag.py:540} INFO - Filling up the DagBag from /Users/pablofrancoherrero/prueba_tecnica/venv/lib/python3.11/site-packages/airflow/example_dags/example_short_circuit_decorator.py
[2026-04-28T19:29:07.364+0200] {processor.py:840} INFO - DAG(s) 'example_short_circuit_decorator' retrieved from /Users/pablofrancoherrero/prueba_tecnica/venv/lib/python3.11/site-packages/airflow/example_dags/example_short_circuit_decorator.py
[2026-04-28T19:29:07.390+0200] {logging_mixin.py:188} INFO - [2026-04-28T19:29:07.390+0200] {dag.py:3096} INFO - Sync 1 DAGs
[2026-04-28T19:29:07.395+0200] {logging_mixin.py:188} INFO - [2026-04-28T19:29:07.395+0200] {dag.py:3954} INFO - Setting next_dagrun for example_short_circuit_decorator to 2026-04-27 00:00:00+00:00, run_after=2026-04-28 00:00:00+00:00
[2026-04-28T19:29:07.399+0200] {processor.py:183} INFO - Processing /Users/pablofrancoherrero/prueba_tecnica/venv/lib/python3.11/site-packages/airflow/example_dags/example_short_circuit_decorator.py took 0.049 seconds
[2026-04-28T19:30:31.304+0200] {processor.py:161} INFO - Started process (PID=50988) to work on /Users/pablofrancoherrero/prueba_tecnica/venv/lib/python3.11/site-packages/airflow/example_dags/example_short_circuit_decorator.py
[2026-04-28T19:30:31.305+0200] {processor.py:830} INFO - Processing file /Users/pablofrancoherrero/prueba_tecnica/venv/lib/python3.11/site-packages/airflow/example_dags/example_short_circuit_decorator.py for tasks to queue
[2026-04-28T19:30:31.305+0200] {logging_mixin.py:188} INFO - [2026-04-28T19:30:31.305+0200] {dagbag.py:540} INFO - Filling up the DagBag from /Users/pablofrancoherrero/prueba_tecnica/venv/lib/python3.11/site-packages/airflow/example_dags/example_short_circuit_decorator.py
[2026-04-28T19:30:31.318+0200] {processor.py:840} INFO - DAG(s) 'example_short_circuit_decorator' retrieved from /Users/pablofrancoherrero/prueba_tecnica/venv/lib/python3.11/site-packages/airflow/example_dags/example_short_circuit_decorator.py
[2026-04-28T19:30:31.345+0200] {logging_mixin.py:188} INFO - [2026-04-28T19:30:31.345+0200] {dag.py:3096} INFO - Sync 1 DAGs
[2026-04-28T19:30:31.350+0200] {logging_mixin.py:188} INFO - [2026-04-28T19:30:31.350+0200] {dag.py:3954} INFO - Setting next_dagrun for example_short_circuit_decorator to 2026-04-27 00:00:00+00:00, run_after=2026-04-28 00:00:00+00:00
[2026-04-28T19:30:31.354+0200] {processor.py:183} INFO - Processing /Users/pablofrancoherrero/prueba_tecnica/venv/lib/python3.11/site-packages/airflow/example_dags/example_short_circuit_decorator.py took 0.051 seconds
[2026-04-28T19:31:52.849+0200] {processor.py:161} INFO - Started process (PID=51080) to work on /Users/pablofrancoherrero/prueba_tecnica/venv/lib/python3.11/site-packages/airflow/example_dags/example_short_circuit_decorator.py
[2026-04-28T19:31:52.849+0200] {processor.py:830} INFO - Processing file /Users/pablofrancoherrero/prueba_tecnica/venv/lib/python3.11/site-packages/airflow/example_dags/example_short_circuit_decorator.py for tasks to queue
[2026-04-28T19:31:52.849+0200] {logging_mixin.py:188} INFO - [2026-04-28T19:31:52.849+0200] {dagbag.py:540} INFO - Filling up the DagBag from /Users/pablofrancoherrero/prueba_tecnica/venv/lib/python3.11/site-packages/airflow/example_dags/example_short_circuit_decorator.py
[2026-04-28T19:31:52.862+0200] {processor.py:840} INFO - DAG(s) 'example_short_circuit_decorator' retrieved from /Users/pablofrancoherrero/prueba_tecnica/venv/lib/python3.11/site-packages/airflow/example_dags/example_short_circuit_decorator.py
[2026-04-28T19:31:52.890+0200] {logging_mixin.py:188} INFO - [2026-04-28T19:31:52.890+0200] {dag.py:3096} INFO - Sync 1 DAGs
[2026-04-28T19:31:52.894+0200] {logging_mixin.py:188} INFO - [2026-04-28T19:31:52.894+0200] {dag.py:3954} INFO - Setting next_dagrun for example_short_circuit_decorator to 2026-04-27 00:00:00+00:00, run_after=2026-04-28 00:00:00+00:00
[2026-04-28T19:31:52.899+0200] {processor.py:183} INFO - Processing /Users/pablofrancoherrero/prueba_tecnica/venv/lib/python3.11/site-packages/airflow/example_dags/example_short_circuit_decorator.py took 0.051 seconds
[2026-04-28T19:33:11.202+0200] {processor.py:161} INFO - Started process (PID=51176) to work on /Users/pablofrancoherrero/prueba_tecnica/venv/lib/python3.11/site-packages/airflow/example_dags/example_short_circuit_decorator.py
[2026-04-28T19:33:11.202+0200] {processor.py:830} INFO - Processing file /Users/pablofrancoherrero/prueba_tecnica/venv/lib/python3.11/site-packages/airflow/example_dags/example_short_circuit_decorator.py for tasks to queue
[2026-04-28T19:33:11.203+0200] {logging_mixin.py:188} INFO - [2026-04-28T19:33:11.203+0200] {dagbag.py:540} INFO - Filling up the DagBag from /Users/pablofrancoherrero/prueba_tecnica/venv/lib/python3.11/site-packages/airflow/example_dags/example_short_circuit_decorator.py
[2026-04-28T19:33:11.215+0200] {processor.py:840} INFO - DAG(s) 'example_short_circuit_decorator' retrieved from /Users/pablofrancoherrero/prueba_tecnica/venv/lib/python3.11/site-packages/airflow/example_dags/example_short_circuit_decorator.py
[2026-04-28T19:33:11.242+0200] {logging_mixin.py:188} INFO - [2026-04-28T19:33:11.242+0200] {dag.py:3096} INFO - Sync 1 DAGs
[2026-04-28T19:33:11.246+0200] {logging_mixin.py:188} INFO - [2026-04-28T19:33:11.246+0200] {dag.py:3954} INFO - Setting next_dagrun for example_short_circuit_decorator to 2026-04-27 00:00:00+00:00, run_after=2026-04-28 00:00:00+00:00
[2026-04-28T19:33:11.251+0200] {processor.py:183} INFO - Processing /Users/pablofrancoherrero/prueba_tecnica/venv/lib/python3.11/site-packages/airflow/example_dags/example_short_circuit_decorator.py took 0.050 seconds
[2026-04-28T19:34:34.874+0200] {processor.py:161} INFO - Started process (PID=51287) to work on /Users/pablofrancoherrero/prueba_tecnica/venv/lib/python3.11/site-packages/airflow/example_dags/example_short_circuit_decorator.py
[2026-04-28T19:34:34.875+0200] {processor.py:830} INFO - Processing file /Users/pablofrancoherrero/prueba_tecnica/venv/lib/python3.11/site-packages/airflow/example_dags/example_short_circuit_decorator.py for tasks to queue
[2026-04-28T19:34:34.875+0200] {logging_mixin.py:188} INFO - [2026-04-28T19:34:34.875+0200] {dagbag.py:540} INFO - Filling up the DagBag from /Users/pablofrancoherrero/prueba_tecnica/venv/lib/python3.11/site-packages/airflow/example_dags/example_short_circuit_decorator.py
[2026-04-28T19:34:34.888+0200] {processor.py:840} INFO - DAG(s) 'example_short_circuit_decorator' retrieved from /Users/pablofrancoherrero/prueba_tecnica/venv/lib/python3.11/site-packages/airflow/example_dags/example_short_circuit_decorator.py
[2026-04-28T19:34:34.915+0200] {logging_mixin.py:188} INFO - [2026-04-28T19:34:34.915+0200] {dag.py:3096} INFO - Sync 1 DAGs
[2026-04-28T19:34:34.919+0200] {logging_mixin.py:188} INFO - [2026-04-28T19:34:34.919+0200] {dag.py:3954} INFO - Setting next_dagrun for example_short_circuit_decorator to 2026-04-27 00:00:00+00:00, run_after=2026-04-28 00:00:00+00:00
[2026-04-28T19:34:34.924+0200] {processor.py:183} INFO - Processing /Users/pablofrancoherrero/prueba_tecnica/venv/lib/python3.11/site-packages/airflow/example_dags/example_short_circuit_decorator.py took 0.051 seconds
[2026-04-28T19:35:56.311+0200] {processor.py:161} INFO - Started process (PID=51391) to work on /Users/pablofrancoherrero/prueba_tecnica/venv/lib/python3.11/site-packages/airflow/example_dags/example_short_circuit_decorator.py
[2026-04-28T19:35:56.311+0200] {processor.py:830} INFO - Processing file /Users/pablofrancoherrero/prueba_tecnica/venv/lib/python3.11/site-packages/airflow/example_dags/example_short_circuit_decorator.py for tasks to queue
[2026-04-28T19:35:56.312+0200] {logging_mixin.py:188} INFO - [2026-04-28T19:35:56.312+0200] {dagbag.py:540} INFO - Filling up the DagBag from /Users/pablofrancoherrero/prueba_tecnica/venv/lib/python3.11/site-packages/airflow/example_dags/example_short_circuit_decorator.py
[2026-04-28T19:35:56.324+0200] {processor.py:840} INFO - DAG(s) 'example_short_circuit_decorator' retrieved from /Users/pablofrancoherrero/prueba_tecnica/venv/lib/python3.11/site-packages/airflow/example_dags/example_short_circuit_decorator.py
[2026-04-28T19:35:56.352+0200] {logging_mixin.py:188} INFO - [2026-04-28T19:35:56.352+0200] {dag.py:3096} INFO - Sync 1 DAGs
[2026-04-28T19:35:56.357+0200] {logging_mixin.py:188} INFO - [2026-04-28T19:35:56.357+0200] {dag.py:3954} INFO - Setting next_dagrun for example_short_circuit_decorator to 2026-04-27 00:00:00+00:00, run_after=2026-04-28 00:00:00+00:00
[2026-04-28T19:35:56.361+0200] {processor.py:183} INFO - Processing /Users/pablofrancoherrero/prueba_tecnica/venv/lib/python3.11/site-packages/airflow/example_dags/example_short_circuit_decorator.py took 0.051 seconds
[2026-04-28T19:37:11.925+0200] {processor.py:161} INFO - Started process (PID=51502) to work on /Users/pablofrancoherrero/prueba_tecnica/venv/lib/python3.11/site-packages/airflow/example_dags/example_short_circuit_decorator.py
[2026-04-28T19:37:11.925+0200] {processor.py:830} INFO - Processing file /Users/pablofrancoherrero/prueba_tecnica/venv/lib/python3.11/site-packages/airflow/example_dags/example_short_circuit_decorator.py for tasks to queue
[2026-04-28T19:37:11.925+0200] {logging_mixin.py:188} INFO - [2026-04-28T19:37:11.925+0200] {dagbag.py:540} INFO - Filling up the DagBag from /Users/pablofrancoherrero/prueba_tecnica/venv/lib/python3.11/site-packages/airflow/example_dags/example_short_circuit_decorator.py
[2026-04-28T19:37:11.939+0200] {processor.py:840} INFO - DAG(s) 'example_short_circuit_decorator' retrieved from /Users/pablofrancoherrero/prueba_tecnica/venv/lib/python3.11/site-packages/airflow/example_dags/example_short_circuit_decorator.py
[2026-04-28T19:37:11.968+0200] {logging_mixin.py:188} INFO - [2026-04-28T19:37:11.968+0200] {dag.py:3096} INFO - Sync 1 DAGs
[2026-04-28T19:37:11.973+0200] {logging_mixin.py:188} INFO - [2026-04-28T19:37:11.973+0200] {dag.py:3954} INFO - Setting next_dagrun for example_short_circuit_decorator to 2026-04-27 00:00:00+00:00, run_after=2026-04-28 00:00:00+00:00
[2026-04-28T19:37:11.978+0200] {processor.py:183} INFO - Processing /Users/pablofrancoherrero/prueba_tecnica/venv/lib/python3.11/site-packages/airflow/example_dags/example_short_circuit_decorator.py took 0.055 seconds
[2026-04-28T19:38:36.589+0200] {processor.py:161} INFO - Started process (PID=51595) to work on /Users/pablofrancoherrero/prueba_tecnica/venv/lib/python3.11/site-packages/airflow/example_dags/example_short_circuit_decorator.py
[2026-04-28T19:38:36.589+0200] {processor.py:830} INFO - Processing file /Users/pablofrancoherrero/prueba_tecnica/venv/lib/python3.11/site-packages/airflow/example_dags/example_short_circuit_decorator.py for tasks to queue
[2026-04-28T19:38:36.589+0200] {logging_mixin.py:188} INFO - [2026-04-28T19:38:36.589+0200] {dagbag.py:540} INFO - Filling up the DagBag from /Users/pablofrancoherrero/prueba_tecnica/venv/lib/python3.11/site-packages/airflow/example_dags/example_short_circuit_decorator.py
[2026-04-28T19:38:36.601+0200] {processor.py:840} INFO - DAG(s) 'example_short_circuit_decorator' retrieved from /Users/pablofrancoherrero/prueba_tecnica/venv/lib/python3.11/site-packages/airflow/example_dags/example_short_circuit_decorator.py
[2026-04-28T19:38:36.629+0200] {logging_mixin.py:188} INFO - [2026-04-28T19:38:36.629+0200] {dag.py:3096} INFO - Sync 1 DAGs
[2026-04-28T19:38:36.633+0200] {logging_mixin.py:188} INFO - [2026-04-28T19:38:36.633+0200] {dag.py:3954} INFO - Setting next_dagrun for example_short_circuit_decorator to 2026-04-27 00:00:00+00:00, run_after=2026-04-28 00:00:00+00:00
[2026-04-28T19:38:36.638+0200] {processor.py:183} INFO - Processing /Users/pablofrancoherrero/prueba_tecnica/venv/lib/python3.11/site-packages/airflow/example_dags/example_short_circuit_decorator.py took 0.050 seconds
[2026-04-28T19:39:56.616+0200] {processor.py:161} INFO - Started process (PID=51712) to work on /Users/pablofrancoherrero/prueba_tecnica/venv/lib/python3.11/site-packages/airflow/example_dags/example_short_circuit_decorator.py
[2026-04-28T19:39:56.616+0200] {processor.py:830} INFO - Processing file /Users/pablofrancoherrero/prueba_tecnica/venv/lib/python3.11/site-packages/airflow/example_dags/example_short_circuit_decorator.py for tasks to queue
[2026-04-28T19:39:56.616+0200] {logging_mixin.py:188} INFO - [2026-04-28T19:39:56.616+0200] {dagbag.py:540} INFO - Filling up the DagBag from /Users/pablofrancoherrero/prueba_tecnica/venv/lib/python3.11/site-packages/airflow/example_dags/example_short_circuit_decorator.py
[2026-04-28T19:39:56.630+0200] {processor.py:840} INFO - DAG(s) 'example_short_circuit_decorator' retrieved from /Users/pablofrancoherrero/prueba_tecnica/venv/lib/python3.11/site-packages/airflow/example_dags/example_short_circuit_decorator.py
[2026-04-28T19:39:56.656+0200] {logging_mixin.py:188} INFO - [2026-04-28T19:39:56.656+0200] {dag.py:3096} INFO - Sync 1 DAGs
[2026-04-28T19:39:56.661+0200] {logging_mixin.py:188} INFO - [2026-04-28T19:39:56.661+0200] {dag.py:3954} INFO - Setting next_dagrun for example_short_circuit_decorator to 2026-04-27 00:00:00+00:00, run_after=2026-04-28 00:00:00+00:00
[2026-04-28T19:39:56.665+0200] {processor.py:183} INFO - Processing /Users/pablofrancoherrero/prueba_tecnica/venv/lib/python3.11/site-packages/airflow/example_dags/example_short_circuit_decorator.py took 0.051 seconds
[2026-04-28T19:41:17.817+0200] {processor.py:161} INFO - Started process (PID=51827) to work on /Users/pablofrancoherrero/prueba_tecnica/venv/lib/python3.11/site-packages/airflow/example_dags/example_short_circuit_decorator.py
[2026-04-28T19:41:17.818+0200] {processor.py:830} INFO - Processing file /Users/pablofrancoherrero/prueba_tecnica/venv/lib/python3.11/site-packages/airflow/example_dags/example_short_circuit_decorator.py for tasks to queue
[2026-04-28T19:41:17.818+0200] {logging_mixin.py:188} INFO - [2026-04-28T19:41:17.818+0200] {dagbag.py:540} INFO - Filling up the DagBag from /Users/pablofrancoherrero/prueba_tecnica/venv/lib/python3.11/site-packages/airflow/example_dags/example_short_circuit_decorator.py
[2026-04-28T19:41:17.830+0200] {processor.py:840} INFO - DAG(s) 'example_short_circuit_decorator' retrieved from /Users/pablofrancoherrero/prueba_tecnica/venv/lib/python3.11/site-packages/airflow/example_dags/example_short_circuit_decorator.py
[2026-04-28T19:41:17.857+0200] {logging_mixin.py:188} INFO - [2026-04-28T19:41:17.857+0200] {dag.py:3096} INFO - Sync 1 DAGs
[2026-04-28T19:41:17.862+0200] {logging_mixin.py:188} INFO - [2026-04-28T19:41:17.862+0200] {dag.py:3954} INFO - Setting next_dagrun for example_short_circuit_decorator to 2026-04-27 00:00:00+00:00, run_after=2026-04-28 00:00:00+00:00
[2026-04-28T19:41:17.867+0200] {processor.py:183} INFO - Processing /Users/pablofrancoherrero/prueba_tecnica/venv/lib/python3.11/site-packages/airflow/example_dags/example_short_circuit_decorator.py took 0.051 seconds
[2026-04-28T19:42:39.542+0200] {processor.py:161} INFO - Started process (PID=51901) to work on /Users/pablofrancoherrero/prueba_tecnica/venv/lib/python3.11/site-packages/airflow/example_dags/example_short_circuit_decorator.py
[2026-04-28T19:42:39.543+0200] {processor.py:830} INFO - Processing file /Users/pablofrancoherrero/prueba_tecnica/venv/lib/python3.11/site-packages/airflow/example_dags/example_short_circuit_decorator.py for tasks to queue
[2026-04-28T19:42:39.543+0200] {logging_mixin.py:188} INFO - [2026-04-28T19:42:39.543+0200] {dagbag.py:540} INFO - Filling up the DagBag from /Users/pablofrancoherrero/prueba_tecnica/venv/lib/python3.11/site-packages/airflow/example_dags/example_short_circuit_decorator.py
[2026-04-28T19:42:39.555+0200] {processor.py:840} INFO - DAG(s) 'example_short_circuit_decorator' retrieved from /Users/pablofrancoherrero/prueba_tecnica/venv/lib/python3.11/site-packages/airflow/example_dags/example_short_circuit_decorator.py
[2026-04-28T19:42:39.581+0200] {logging_mixin.py:188} INFO - [2026-04-28T19:42:39.581+0200] {dag.py:3096} INFO - Sync 1 DAGs
[2026-04-28T19:42:39.586+0200] {logging_mixin.py:188} INFO - [2026-04-28T19:42:39.586+0200] {dag.py:3954} INFO - Setting next_dagrun for example_short_circuit_decorator to 2026-04-27 00:00:00+00:00, run_after=2026-04-28 00:00:00+00:00
[2026-04-28T19:42:39.590+0200] {processor.py:183} INFO - Processing /Users/pablofrancoherrero/prueba_tecnica/venv/lib/python3.11/site-packages/airflow/example_dags/example_short_circuit_decorator.py took 0.049 seconds
[2026-04-28T19:44:02.328+0200] {processor.py:161} INFO - Started process (PID=52003) to work on /Users/pablofrancoherrero/prueba_tecnica/venv/lib/python3.11/site-packages/airflow/example_dags/example_short_circuit_decorator.py
[2026-04-28T19:44:02.329+0200] {processor.py:830} INFO - Processing file /Users/pablofrancoherrero/prueba_tecnica/venv/lib/python3.11/site-packages/airflow/example_dags/example_short_circuit_decorator.py for tasks to queue
[2026-04-28T19:44:02.329+0200] {logging_mixin.py:188} INFO - [2026-04-28T19:44:02.329+0200] {dagbag.py:540} INFO - Filling up the DagBag from /Users/pablofrancoherrero/prueba_tecnica/venv/lib/python3.11/site-packages/airflow/example_dags/example_short_circuit_decorator.py
[2026-04-28T19:44:02.341+0200] {processor.py:840} INFO - DAG(s) 'example_short_circuit_decorator' retrieved from /Users/pablofrancoherrero/prueba_tecnica/venv/lib/python3.11/site-packages/airflow/example_dags/example_short_circuit_decorator.py
[2026-04-28T19:44:02.368+0200] {logging_mixin.py:188} INFO - [2026-04-28T19:44:02.368+0200] {dag.py:3096} INFO - Sync 1 DAGs
[2026-04-28T19:44:02.373+0200] {logging_mixin.py:188} INFO - [2026-04-28T19:44:02.373+0200] {dag.py:3954} INFO - Setting next_dagrun for example_short_circuit_decorator to 2026-04-27 00:00:00+00:00, run_after=2026-04-28 00:00:00+00:00
[2026-04-28T19:44:02.378+0200] {processor.py:183} INFO - Processing /Users/pablofrancoherrero/prueba_tecnica/venv/lib/python3.11/site-packages/airflow/example_dags/example_short_circuit_decorator.py took 0.051 seconds
[2026-04-28T19:45:25.607+0200] {processor.py:161} INFO - Started process (PID=52118) to work on /Users/pablofrancoherrero/prueba_tecnica/venv/lib/python3.11/site-packages/airflow/example_dags/example_short_circuit_decorator.py
[2026-04-28T19:45:25.607+0200] {processor.py:830} INFO - Processing file /Users/pablofrancoherrero/prueba_tecnica/venv/lib/python3.11/site-packages/airflow/example_dags/example_short_circuit_decorator.py for tasks to queue
[2026-04-28T19:45:25.608+0200] {logging_mixin.py:188} INFO - [2026-04-28T19:45:25.608+0200] {dagbag.py:540} INFO - Filling up the DagBag from /Users/pablofrancoherrero/prueba_tecnica/venv/lib/python3.11/site-packages/airflow/example_dags/example_short_circuit_decorator.py
[2026-04-28T19:45:25.620+0200] {processor.py:840} INFO - DAG(s) 'example_short_circuit_decorator' retrieved from /Users/pablofrancoherrero/prueba_tecnica/venv/lib/python3.11/site-packages/airflow/example_dags/example_short_circuit_decorator.py
[2026-04-28T19:45:25.646+0200] {logging_mixin.py:188} INFO - [2026-04-28T19:45:25.646+0200] {dag.py:3096} INFO - Sync 1 DAGs
[2026-04-28T19:45:25.651+0200] {logging_mixin.py:188} INFO - [2026-04-28T19:45:25.651+0200] {dag.py:3954} INFO - Setting next_dagrun for example_short_circuit_decorator to 2026-04-27 00:00:00+00:00, run_after=2026-04-28 00:00:00+00:00
[2026-04-28T19:45:25.656+0200] {processor.py:183} INFO - Processing /Users/pablofrancoherrero/prueba_tecnica/venv/lib/python3.11/site-packages/airflow/example_dags/example_short_circuit_decorator.py took 0.051 seconds
[2026-04-28T19:46:43.281+0200] {processor.py:161} INFO - Started process (PID=52238) to work on /Users/pablofrancoherrero/prueba_tecnica/venv/lib/python3.11/site-packages/airflow/example_dags/example_short_circuit_decorator.py
[2026-04-28T19:46:43.282+0200] {processor.py:830} INFO - Processing file /Users/pablofrancoherrero/prueba_tecnica/venv/lib/python3.11/site-packages/airflow/example_dags/example_short_circuit_decorator.py for tasks to queue
[2026-04-28T19:46:43.282+0200] {logging_mixin.py:188} INFO - [2026-04-28T19:46:43.282+0200] {dagbag.py:540} INFO - Filling up the DagBag from /Users/pablofrancoherrero/prueba_tecnica/venv/lib/python3.11/site-packages/airflow/example_dags/example_short_circuit_decorator.py
[2026-04-28T19:46:43.301+0200] {processor.py:840} INFO - DAG(s) 'example_short_circuit_decorator' retrieved from /Users/pablofrancoherrero/prueba_tecnica/venv/lib/python3.11/site-packages/airflow/example_dags/example_short_circuit_decorator.py
[2026-04-28T19:46:43.341+0200] {logging_mixin.py:188} INFO - [2026-04-28T19:46:43.341+0200] {dag.py:3096} INFO - Sync 1 DAGs
[2026-04-28T19:46:43.351+0200] {logging_mixin.py:188} INFO - [2026-04-28T19:46:43.351+0200] {dag.py:3954} INFO - Setting next_dagrun for example_short_circuit_decorator to 2026-04-27 00:00:00+00:00, run_after=2026-04-28 00:00:00+00:00
[2026-04-28T19:46:43.365+0200] {processor.py:183} INFO - Processing /Users/pablofrancoherrero/prueba_tecnica/venv/lib/python3.11/site-packages/airflow/example_dags/example_short_circuit_decorator.py took 0.085 seconds
[2026-04-28T19:48:05.780+0200] {processor.py:161} INFO - Started process (PID=52341) to work on /Users/pablofrancoherrero/prueba_tecnica/venv/lib/python3.11/site-packages/airflow/example_dags/example_short_circuit_decorator.py
[2026-04-28T19:48:05.781+0200] {processor.py:830} INFO - Processing file /Users/pablofrancoherrero/prueba_tecnica/venv/lib/python3.11/site-packages/airflow/example_dags/example_short_circuit_decorator.py for tasks to queue
[2026-04-28T19:48:05.781+0200] {logging_mixin.py:188} INFO - [2026-04-28T19:48:05.781+0200] {dagbag.py:540} INFO - Filling up the DagBag from /Users/pablofrancoherrero/prueba_tecnica/venv/lib/python3.11/site-packages/airflow/example_dags/example_short_circuit_decorator.py
[2026-04-28T19:48:05.794+0200] {processor.py:840} INFO - DAG(s) 'example_short_circuit_decorator' retrieved from /Users/pablofrancoherrero/prueba_tecnica/venv/lib/python3.11/site-packages/airflow/example_dags/example_short_circuit_decorator.py
[2026-04-28T19:48:05.821+0200] {logging_mixin.py:188} INFO - [2026-04-28T19:48:05.821+0200] {dag.py:3096} INFO - Sync 1 DAGs
[2026-04-28T19:48:05.826+0200] {logging_mixin.py:188} INFO - [2026-04-28T19:48:05.826+0200] {dag.py:3954} INFO - Setting next_dagrun for example_short_circuit_decorator to 2026-04-27 00:00:00+00:00, run_after=2026-04-28 00:00:00+00:00
[2026-04-28T19:48:05.831+0200] {processor.py:183} INFO - Processing /Users/pablofrancoherrero/prueba_tecnica/venv/lib/python3.11/site-packages/airflow/example_dags/example_short_circuit_decorator.py took 0.051 seconds
[2026-04-28T19:49:23.952+0200] {processor.py:161} INFO - Started process (PID=52436) to work on /Users/pablofrancoherrero/prueba_tecnica/venv/lib/python3.11/site-packages/airflow/example_dags/example_short_circuit_decorator.py
[2026-04-28T19:49:23.953+0200] {processor.py:830} INFO - Processing file /Users/pablofrancoherrero/prueba_tecnica/venv/lib/python3.11/site-packages/airflow/example_dags/example_short_circuit_decorator.py for tasks to queue
[2026-04-28T19:49:23.953+0200] {logging_mixin.py:188} INFO - [2026-04-28T19:49:23.953+0200] {dagbag.py:540} INFO - Filling up the DagBag from /Users/pablofrancoherrero/prueba_tecnica/venv/lib/python3.11/site-packages/airflow/example_dags/example_short_circuit_decorator.py
[2026-04-28T19:49:23.965+0200] {processor.py:840} INFO - DAG(s) 'example_short_circuit_decorator' retrieved from /Users/pablofrancoherrero/prueba_tecnica/venv/lib/python3.11/site-packages/airflow/example_dags/example_short_circuit_decorator.py
[2026-04-28T19:49:23.992+0200] {logging_mixin.py:188} INFO - [2026-04-28T19:49:23.992+0200] {dag.py:3096} INFO - Sync 1 DAGs
[2026-04-28T19:49:23.996+0200] {logging_mixin.py:188} INFO - [2026-04-28T19:49:23.996+0200] {dag.py:3954} INFO - Setting next_dagrun for example_short_circuit_decorator to 2026-04-27 00:00:00+00:00, run_after=2026-04-28 00:00:00+00:00
[2026-04-28T19:49:24.001+0200] {processor.py:183} INFO - Processing /Users/pablofrancoherrero/prueba_tecnica/venv/lib/python3.11/site-packages/airflow/example_dags/example_short_circuit_decorator.py took 0.050 seconds
[2026-04-28T19:50:47.415+0200] {processor.py:161} INFO - Started process (PID=52542) to work on /Users/pablofrancoherrero/prueba_tecnica/venv/lib/python3.11/site-packages/airflow/example_dags/example_short_circuit_decorator.py
[2026-04-28T19:50:47.416+0200] {processor.py:830} INFO - Processing file /Users/pablofrancoherrero/prueba_tecnica/venv/lib/python3.11/site-packages/airflow/example_dags/example_short_circuit_decorator.py for tasks to queue
[2026-04-28T19:50:47.416+0200] {logging_mixin.py:188} INFO - [2026-04-28T19:50:47.416+0200] {dagbag.py:540} INFO - Filling up the DagBag from /Users/pablofrancoherrero/prueba_tecnica/venv/lib/python3.11/site-packages/airflow/example_dags/example_short_circuit_decorator.py
[2026-04-28T19:50:47.430+0200] {processor.py:840} INFO - DAG(s) 'example_short_circuit_decorator' retrieved from /Users/pablofrancoherrero/prueba_tecnica/venv/lib/python3.11/site-packages/airflow/example_dags/example_short_circuit_decorator.py
[2026-04-28T19:50:47.459+0200] {logging_mixin.py:188} INFO - [2026-04-28T19:50:47.459+0200] {dag.py:3096} INFO - Sync 1 DAGs
[2026-04-28T19:50:47.464+0200] {logging_mixin.py:188} INFO - [2026-04-28T19:50:47.464+0200] {dag.py:3954} INFO - Setting next_dagrun for example_short_circuit_decorator to 2026-04-27 00:00:00+00:00, run_after=2026-04-28 00:00:00+00:00
[2026-04-28T19:50:47.469+0200] {processor.py:183} INFO - Processing /Users/pablofrancoherrero/prueba_tecnica/venv/lib/python3.11/site-packages/airflow/example_dags/example_short_circuit_decorator.py took 0.055 seconds
[2026-04-28T19:52:06.277+0200] {processor.py:161} INFO - Started process (PID=52619) to work on /Users/pablofrancoherrero/prueba_tecnica/venv/lib/python3.11/site-packages/airflow/example_dags/example_short_circuit_decorator.py
[2026-04-28T19:52:06.277+0200] {processor.py:830} INFO - Processing file /Users/pablofrancoherrero/prueba_tecnica/venv/lib/python3.11/site-packages/airflow/example_dags/example_short_circuit_decorator.py for tasks to queue
[2026-04-28T19:52:06.277+0200] {logging_mixin.py:188} INFO - [2026-04-28T19:52:06.277+0200] {dagbag.py:540} INFO - Filling up the DagBag from /Users/pablofrancoherrero/prueba_tecnica/venv/lib/python3.11/site-packages/airflow/example_dags/example_short_circuit_decorator.py
[2026-04-28T19:52:06.289+0200] {processor.py:840} INFO - DAG(s) 'example_short_circuit_decorator' retrieved from /Users/pablofrancoherrero/prueba_tecnica/venv/lib/python3.11/site-packages/airflow/example_dags/example_short_circuit_decorator.py
[2026-04-28T19:52:06.316+0200] {logging_mixin.py:188} INFO - [2026-04-28T19:52:06.316+0200] {dag.py:3096} INFO - Sync 1 DAGs
[2026-04-28T19:52:06.320+0200] {logging_mixin.py:188} INFO - [2026-04-28T19:52:06.320+0200] {dag.py:3954} INFO - Setting next_dagrun for example_short_circuit_decorator to 2026-04-27 00:00:00+00:00, run_after=2026-04-28 00:00:00+00:00
[2026-04-28T19:52:06.325+0200] {processor.py:183} INFO - Processing /Users/pablofrancoherrero/prueba_tecnica/venv/lib/python3.11/site-packages/airflow/example_dags/example_short_circuit_decorator.py took 0.049 seconds
[2026-04-28T19:53:28.606+0200] {processor.py:161} INFO - Started process (PID=52694) to work on /Users/pablofrancoherrero/prueba_tecnica/venv/lib/python3.11/site-packages/airflow/example_dags/example_short_circuit_decorator.py
[2026-04-28T19:53:28.606+0200] {processor.py:830} INFO - Processing file /Users/pablofrancoherrero/prueba_tecnica/venv/lib/python3.11/site-packages/airflow/example_dags/example_short_circuit_decorator.py for tasks to queue
[2026-04-28T19:53:28.606+0200] {logging_mixin.py:188} INFO - [2026-04-28T19:53:28.606+0200] {dagbag.py:540} INFO - Filling up the DagBag from /Users/pablofrancoherrero/prueba_tecnica/venv/lib/python3.11/site-packages/airflow/example_dags/example_short_circuit_decorator.py
[2026-04-28T19:53:28.619+0200] {processor.py:840} INFO - DAG(s) 'example_short_circuit_decorator' retrieved from /Users/pablofrancoherrero/prueba_tecnica/venv/lib/python3.11/site-packages/airflow/example_dags/example_short_circuit_decorator.py
[2026-04-28T19:53:28.646+0200] {logging_mixin.py:188} INFO - [2026-04-28T19:53:28.646+0200] {dag.py:3096} INFO - Sync 1 DAGs
[2026-04-28T19:53:28.651+0200] {logging_mixin.py:188} INFO - [2026-04-28T19:53:28.651+0200] {dag.py:3954} INFO - Setting next_dagrun for example_short_circuit_decorator to 2026-04-27 00:00:00+00:00, run_after=2026-04-28 00:00:00+00:00
[2026-04-28T19:53:28.656+0200] {processor.py:183} INFO - Processing /Users/pablofrancoherrero/prueba_tecnica/venv/lib/python3.11/site-packages/airflow/example_dags/example_short_circuit_decorator.py took 0.051 seconds
[2026-04-28T19:54:46.292+0200] {processor.py:161} INFO - Started process (PID=52763) to work on /Users/pablofrancoherrero/prueba_tecnica/venv/lib/python3.11/site-packages/airflow/example_dags/example_short_circuit_decorator.py
[2026-04-28T19:54:46.293+0200] {processor.py:830} INFO - Processing file /Users/pablofrancoherrero/prueba_tecnica/venv/lib/python3.11/site-packages/airflow/example_dags/example_short_circuit_decorator.py for tasks to queue
[2026-04-28T19:54:46.293+0200] {logging_mixin.py:188} INFO - [2026-04-28T19:54:46.293+0200] {dagbag.py:540} INFO - Filling up the DagBag from /Users/pablofrancoherrero/prueba_tecnica/venv/lib/python3.11/site-packages/airflow/example_dags/example_short_circuit_decorator.py
[2026-04-28T19:54:46.305+0200] {processor.py:840} INFO - DAG(s) 'example_short_circuit_decorator' retrieved from /Users/pablofrancoherrero/prueba_tecnica/venv/lib/python3.11/site-packages/airflow/example_dags/example_short_circuit_decorator.py
[2026-04-28T19:54:46.332+0200] {logging_mixin.py:188} INFO - [2026-04-28T19:54:46.332+0200] {dag.py:3096} INFO - Sync 1 DAGs
[2026-04-28T19:54:46.336+0200] {logging_mixin.py:188} INFO - [2026-04-28T19:54:46.336+0200] {dag.py:3954} INFO - Setting next_dagrun for example_short_circuit_decorator to 2026-04-27 00:00:00+00:00, run_after=2026-04-28 00:00:00+00:00
[2026-04-28T19:54:46.341+0200] {processor.py:183} INFO - Processing /Users/pablofrancoherrero/prueba_tecnica/venv/lib/python3.11/site-packages/airflow/example_dags/example_short_circuit_decorator.py took 0.050 seconds
[2026-04-28T19:56:11.178+0200] {processor.py:161} INFO - Started process (PID=52858) to work on /Users/pablofrancoherrero/prueba_tecnica/venv/lib/python3.11/site-packages/airflow/example_dags/example_short_circuit_decorator.py
[2026-04-28T19:56:11.178+0200] {processor.py:830} INFO - Processing file /Users/pablofrancoherrero/prueba_tecnica/venv/lib/python3.11/site-packages/airflow/example_dags/example_short_circuit_decorator.py for tasks to queue
[2026-04-28T19:56:11.178+0200] {logging_mixin.py:188} INFO - [2026-04-28T19:56:11.178+0200] {dagbag.py:540} INFO - Filling up the DagBag from /Users/pablofrancoherrero/prueba_tecnica/venv/lib/python3.11/site-packages/airflow/example_dags/example_short_circuit_decorator.py
[2026-04-28T19:56:11.191+0200] {processor.py:840} INFO - DAG(s) 'example_short_circuit_decorator' retrieved from /Users/pablofrancoherrero/prueba_tecnica/venv/lib/python3.11/site-packages/airflow/example_dags/example_short_circuit_decorator.py
[2026-04-28T19:56:11.218+0200] {logging_mixin.py:188} INFO - [2026-04-28T19:56:11.218+0200] {dag.py:3096} INFO - Sync 1 DAGs
[2026-04-28T19:56:11.223+0200] {logging_mixin.py:188} INFO - [2026-04-28T19:56:11.223+0200] {dag.py:3954} INFO - Setting next_dagrun for example_short_circuit_decorator to 2026-04-27 00:00:00+00:00, run_after=2026-04-28 00:00:00+00:00
[2026-04-28T19:56:11.228+0200] {processor.py:183} INFO - Processing /Users/pablofrancoherrero/prueba_tecnica/venv/lib/python3.11/site-packages/airflow/example_dags/example_short_circuit_decorator.py took 0.051 seconds
[2026-04-28T19:57:35.057+0200] {processor.py:161} INFO - Started process (PID=52974) to work on /Users/pablofrancoherrero/prueba_tecnica/venv/lib/python3.11/site-packages/airflow/example_dags/example_short_circuit_decorator.py
[2026-04-28T19:57:35.059+0200] {processor.py:830} INFO - Processing file /Users/pablofrancoherrero/prueba_tecnica/venv/lib/python3.11/site-packages/airflow/example_dags/example_short_circuit_decorator.py for tasks to queue
[2026-04-28T19:57:35.059+0200] {logging_mixin.py:188} INFO - [2026-04-28T19:57:35.059+0200] {dagbag.py:540} INFO - Filling up the DagBag from /Users/pablofrancoherrero/prueba_tecnica/venv/lib/python3.11/site-packages/airflow/example_dags/example_short_circuit_decorator.py
[2026-04-28T19:57:35.071+0200] {processor.py:840} INFO - DAG(s) 'example_short_circuit_decorator' retrieved from /Users/pablofrancoherrero/prueba_tecnica/venv/lib/python3.11/site-packages/airflow/example_dags/example_short_circuit_decorator.py
[2026-04-28T19:57:35.098+0200] {logging_mixin.py:188} INFO - [2026-04-28T19:57:35.098+0200] {dag.py:3096} INFO - Sync 1 DAGs
[2026-04-28T19:57:35.102+0200] {logging_mixin.py:188} INFO - [2026-04-28T19:57:35.102+0200] {dag.py:3954} INFO - Setting next_dagrun for example_short_circuit_decorator to 2026-04-27 00:00:00+00:00, run_after=2026-04-28 00:00:00+00:00
[2026-04-28T19:57:35.107+0200] {processor.py:183} INFO - Processing /Users/pablofrancoherrero/prueba_tecnica/venv/lib/python3.11/site-packages/airflow/example_dags/example_short_circuit_decorator.py took 0.051 seconds
[2026-04-28T19:58:55.880+0200] {processor.py:161} INFO - Started process (PID=53071) to work on /Users/pablofrancoherrero/prueba_tecnica/venv/lib/python3.11/site-packages/airflow/example_dags/example_short_circuit_decorator.py
[2026-04-28T19:58:55.880+0200] {processor.py:830} INFO - Processing file /Users/pablofrancoherrero/prueba_tecnica/venv/lib/python3.11/site-packages/airflow/example_dags/example_short_circuit_decorator.py for tasks to queue
[2026-04-28T19:58:55.880+0200] {logging_mixin.py:188} INFO - [2026-04-28T19:58:55.880+0200] {dagbag.py:540} INFO - Filling up the DagBag from /Users/pablofrancoherrero/prueba_tecnica/venv/lib/python3.11/site-packages/airflow/example_dags/example_short_circuit_decorator.py
[2026-04-28T19:58:55.893+0200] {processor.py:840} INFO - DAG(s) 'example_short_circuit_decorator' retrieved from /Users/pablofrancoherrero/prueba_tecnica/venv/lib/python3.11/site-packages/airflow/example_dags/example_short_circuit_decorator.py
[2026-04-28T19:58:55.920+0200] {logging_mixin.py:188} INFO - [2026-04-28T19:58:55.920+0200] {dag.py:3096} INFO - Sync 1 DAGs
[2026-04-28T19:58:55.925+0200] {logging_mixin.py:188} INFO - [2026-04-28T19:58:55.925+0200] {dag.py:3954} INFO - Setting next_dagrun for example_short_circuit_decorator to 2026-04-27 00:00:00+00:00, run_after=2026-04-28 00:00:00+00:00
[2026-04-28T19:58:55.930+0200] {processor.py:183} INFO - Processing /Users/pablofrancoherrero/prueba_tecnica/venv/lib/python3.11/site-packages/airflow/example_dags/example_short_circuit_decorator.py took 0.051 seconds
[2026-04-28T20:00:16.629+0200] {processor.py:161} INFO - Started process (PID=53163) to work on /Users/pablofrancoherrero/prueba_tecnica/venv/lib/python3.11/site-packages/airflow/example_dags/example_short_circuit_decorator.py
[2026-04-28T20:00:16.630+0200] {processor.py:830} INFO - Processing file /Users/pablofrancoherrero/prueba_tecnica/venv/lib/python3.11/site-packages/airflow/example_dags/example_short_circuit_decorator.py for tasks to queue
[2026-04-28T20:00:16.630+0200] {logging_mixin.py:188} INFO - [2026-04-28T20:00:16.630+0200] {dagbag.py:540} INFO - Filling up the DagBag from /Users/pablofrancoherrero/prueba_tecnica/venv/lib/python3.11/site-packages/airflow/example_dags/example_short_circuit_decorator.py
[2026-04-28T20:00:16.643+0200] {processor.py:840} INFO - DAG(s) 'example_short_circuit_decorator' retrieved from /Users/pablofrancoherrero/prueba_tecnica/venv/lib/python3.11/site-packages/airflow/example_dags/example_short_circuit_decorator.py
[2026-04-28T20:00:16.684+0200] {logging_mixin.py:188} INFO - [2026-04-28T20:00:16.684+0200] {dag.py:3096} INFO - Sync 1 DAGs
[2026-04-28T20:00:16.693+0200] {logging_mixin.py:188} INFO - [2026-04-28T20:00:16.693+0200] {dag.py:3954} INFO - Setting next_dagrun for example_short_circuit_decorator to 2026-04-27 00:00:00+00:00, run_after=2026-04-28 00:00:00+00:00
[2026-04-28T20:00:16.703+0200] {processor.py:183} INFO - Processing /Users/pablofrancoherrero/prueba_tecnica/venv/lib/python3.11/site-packages/airflow/example_dags/example_short_circuit_decorator.py took 0.075 seconds
[2026-04-28T20:01:39.331+0200] {processor.py:161} INFO - Started process (PID=53262) to work on /Users/pablofrancoherrero/prueba_tecnica/venv/lib/python3.11/site-packages/airflow/example_dags/example_short_circuit_decorator.py
[2026-04-28T20:01:39.331+0200] {processor.py:830} INFO - Processing file /Users/pablofrancoherrero/prueba_tecnica/venv/lib/python3.11/site-packages/airflow/example_dags/example_short_circuit_decorator.py for tasks to queue
[2026-04-28T20:01:39.331+0200] {logging_mixin.py:188} INFO - [2026-04-28T20:01:39.331+0200] {dagbag.py:540} INFO - Filling up the DagBag from /Users/pablofrancoherrero/prueba_tecnica/venv/lib/python3.11/site-packages/airflow/example_dags/example_short_circuit_decorator.py
[2026-04-28T20:01:39.343+0200] {processor.py:840} INFO - DAG(s) 'example_short_circuit_decorator' retrieved from /Users/pablofrancoherrero/prueba_tecnica/venv/lib/python3.11/site-packages/airflow/example_dags/example_short_circuit_decorator.py
[2026-04-28T20:01:39.371+0200] {logging_mixin.py:188} INFO - [2026-04-28T20:01:39.370+0200] {dag.py:3096} INFO - Sync 1 DAGs
[2026-04-28T20:01:39.375+0200] {logging_mixin.py:188} INFO - [2026-04-28T20:01:39.375+0200] {dag.py:3954} INFO - Setting next_dagrun for example_short_circuit_decorator to 2026-04-27 00:00:00+00:00, run_after=2026-04-28 00:00:00+00:00
[2026-04-28T20:01:39.380+0200] {processor.py:183} INFO - Processing /Users/pablofrancoherrero/prueba_tecnica/venv/lib/python3.11/site-packages/airflow/example_dags/example_short_circuit_decorator.py took 0.050 seconds
[2026-04-28T20:03:01.971+0200] {processor.py:161} INFO - Started process (PID=53357) to work on /Users/pablofrancoherrero/prueba_tecnica/venv/lib/python3.11/site-packages/airflow/example_dags/example_short_circuit_decorator.py
[2026-04-28T20:03:01.972+0200] {processor.py:830} INFO - Processing file /Users/pablofrancoherrero/prueba_tecnica/venv/lib/python3.11/site-packages/airflow/example_dags/example_short_circuit_decorator.py for tasks to queue
[2026-04-28T20:03:01.972+0200] {logging_mixin.py:188} INFO - [2026-04-28T20:03:01.972+0200] {dagbag.py:540} INFO - Filling up the DagBag from /Users/pablofrancoherrero/prueba_tecnica/venv/lib/python3.11/site-packages/airflow/example_dags/example_short_circuit_decorator.py
[2026-04-28T20:03:01.986+0200] {processor.py:840} INFO - DAG(s) 'example_short_circuit_decorator' retrieved from /Users/pablofrancoherrero/prueba_tecnica/venv/lib/python3.11/site-packages/airflow/example_dags/example_short_circuit_decorator.py
[2026-04-28T20:03:02.014+0200] {logging_mixin.py:188} INFO - [2026-04-28T20:03:02.014+0200] {dag.py:3096} INFO - Sync 1 DAGs
[2026-04-28T20:03:02.019+0200] {logging_mixin.py:188} INFO - [2026-04-28T20:03:02.019+0200] {dag.py:3954} INFO - Setting next_dagrun for example_short_circuit_decorator to 2026-04-27 00:00:00+00:00, run_after=2026-04-28 00:00:00+00:00
[2026-04-28T20:03:02.023+0200] {processor.py:183} INFO - Processing /Users/pablofrancoherrero/prueba_tecnica/venv/lib/python3.11/site-packages/airflow/example_dags/example_short_circuit_decorator.py took 0.053 seconds
[2026-04-28T20:04:25.264+0200] {processor.py:161} INFO - Started process (PID=53469) to work on /Users/pablofrancoherrero/prueba_tecnica/venv/lib/python3.11/site-packages/airflow/example_dags/example_short_circuit_decorator.py
[2026-04-28T20:04:25.265+0200] {processor.py:830} INFO - Processing file /Users/pablofrancoherrero/prueba_tecnica/venv/lib/python3.11/site-packages/airflow/example_dags/example_short_circuit_decorator.py for tasks to queue
[2026-04-28T20:04:25.265+0200] {logging_mixin.py:188} INFO - [2026-04-28T20:04:25.265+0200] {dagbag.py:540} INFO - Filling up the DagBag from /Users/pablofrancoherrero/prueba_tecnica/venv/lib/python3.11/site-packages/airflow/example_dags/example_short_circuit_decorator.py
[2026-04-28T20:04:25.277+0200] {processor.py:840} INFO - DAG(s) 'example_short_circuit_decorator' retrieved from /Users/pablofrancoherrero/prueba_tecnica/venv/lib/python3.11/site-packages/airflow/example_dags/example_short_circuit_decorator.py
[2026-04-28T20:04:25.305+0200] {logging_mixin.py:188} INFO - [2026-04-28T20:04:25.305+0200] {dag.py:3096} INFO - Sync 1 DAGs
[2026-04-28T20:04:25.310+0200] {logging_mixin.py:188} INFO - [2026-04-28T20:04:25.310+0200] {dag.py:3954} INFO - Setting next_dagrun for example_short_circuit_decorator to 2026-04-27 00:00:00+00:00, run_after=2026-04-28 00:00:00+00:00
[2026-04-28T20:04:25.315+0200] {processor.py:183} INFO - Processing /Users/pablofrancoherrero/prueba_tecnica/venv/lib/python3.11/site-packages/airflow/example_dags/example_short_circuit_decorator.py took 0.052 seconds
[2026-04-28T20:05:46.746+0200] {processor.py:161} INFO - Started process (PID=53545) to work on /Users/pablofrancoherrero/prueba_tecnica/venv/lib/python3.11/site-packages/airflow/example_dags/example_short_circuit_decorator.py
[2026-04-28T20:05:46.747+0200] {processor.py:830} INFO - Processing file /Users/pablofrancoherrero/prueba_tecnica/venv/lib/python3.11/site-packages/airflow/example_dags/example_short_circuit_decorator.py for tasks to queue
[2026-04-28T20:05:46.747+0200] {logging_mixin.py:188} INFO - [2026-04-28T20:05:46.747+0200] {dagbag.py:540} INFO - Filling up the DagBag from /Users/pablofrancoherrero/prueba_tecnica/venv/lib/python3.11/site-packages/airflow/example_dags/example_short_circuit_decorator.py
[2026-04-28T20:05:46.759+0200] {processor.py:840} INFO - DAG(s) 'example_short_circuit_decorator' retrieved from /Users/pablofrancoherrero/prueba_tecnica/venv/lib/python3.11/site-packages/airflow/example_dags/example_short_circuit_decorator.py
[2026-04-28T20:05:46.786+0200] {logging_mixin.py:188} INFO - [2026-04-28T20:05:46.785+0200] {dag.py:3096} INFO - Sync 1 DAGs
[2026-04-28T20:05:46.790+0200] {logging_mixin.py:188} INFO - [2026-04-28T20:05:46.790+0200] {dag.py:3954} INFO - Setting next_dagrun for example_short_circuit_decorator to 2026-04-27 00:00:00+00:00, run_after=2026-04-28 00:00:00+00:00
[2026-04-28T20:05:46.795+0200] {processor.py:183} INFO - Processing /Users/pablofrancoherrero/prueba_tecnica/venv/lib/python3.11/site-packages/airflow/example_dags/example_short_circuit_decorator.py took 0.050 seconds
[2026-04-28T20:07:08.568+0200] {processor.py:161} INFO - Started process (PID=53625) to work on /Users/pablofrancoherrero/prueba_tecnica/venv/lib/python3.11/site-packages/airflow/example_dags/example_short_circuit_decorator.py
[2026-04-28T20:07:08.568+0200] {processor.py:830} INFO - Processing file /Users/pablofrancoherrero/prueba_tecnica/venv/lib/python3.11/site-packages/airflow/example_dags/example_short_circuit_decorator.py for tasks to queue
[2026-04-28T20:07:08.568+0200] {logging_mixin.py:188} INFO - [2026-04-28T20:07:08.568+0200] {dagbag.py:540} INFO - Filling up the DagBag from /Users/pablofrancoherrero/prueba_tecnica/venv/lib/python3.11/site-packages/airflow/example_dags/example_short_circuit_decorator.py
[2026-04-28T20:07:08.581+0200] {processor.py:840} INFO - DAG(s) 'example_short_circuit_decorator' retrieved from /Users/pablofrancoherrero/prueba_tecnica/venv/lib/python3.11/site-packages/airflow/example_dags/example_short_circuit_decorator.py
[2026-04-28T20:07:08.608+0200] {logging_mixin.py:188} INFO - [2026-04-28T20:07:08.608+0200] {dag.py:3096} INFO - Sync 1 DAGs
[2026-04-28T20:07:08.612+0200] {logging_mixin.py:188} INFO - [2026-04-28T20:07:08.612+0200] {dag.py:3954} INFO - Setting next_dagrun for example_short_circuit_decorator to 2026-04-27 00:00:00+00:00, run_after=2026-04-28 00:00:00+00:00
[2026-04-28T20:07:08.617+0200] {processor.py:183} INFO - Processing /Users/pablofrancoherrero/prueba_tecnica/venv/lib/python3.11/site-packages/airflow/example_dags/example_short_circuit_decorator.py took 0.050 seconds
[2026-04-28T20:08:26.595+0200] {processor.py:161} INFO - Started process (PID=53738) to work on /Users/pablofrancoherrero/prueba_tecnica/venv/lib/python3.11/site-packages/airflow/example_dags/example_short_circuit_decorator.py
[2026-04-28T20:08:26.596+0200] {processor.py:830} INFO - Processing file /Users/pablofrancoherrero/prueba_tecnica/venv/lib/python3.11/site-packages/airflow/example_dags/example_short_circuit_decorator.py for tasks to queue
[2026-04-28T20:08:26.596+0200] {logging_mixin.py:188} INFO - [2026-04-28T20:08:26.596+0200] {dagbag.py:540} INFO - Filling up the DagBag from /Users/pablofrancoherrero/prueba_tecnica/venv/lib/python3.11/site-packages/airflow/example_dags/example_short_circuit_decorator.py
[2026-04-28T20:08:26.608+0200] {processor.py:840} INFO - DAG(s) 'example_short_circuit_decorator' retrieved from /Users/pablofrancoherrero/prueba_tecnica/venv/lib/python3.11/site-packages/airflow/example_dags/example_short_circuit_decorator.py
[2026-04-28T20:08:26.635+0200] {logging_mixin.py:188} INFO - [2026-04-28T20:08:26.635+0200] {dag.py:3096} INFO - Sync 1 DAGs
[2026-04-28T20:08:26.639+0200] {logging_mixin.py:188} INFO - [2026-04-28T20:08:26.639+0200] {dag.py:3954} INFO - Setting next_dagrun for example_short_circuit_decorator to 2026-04-27 00:00:00+00:00, run_after=2026-04-28 00:00:00+00:00
[2026-04-28T20:08:26.644+0200] {processor.py:183} INFO - Processing /Users/pablofrancoherrero/prueba_tecnica/venv/lib/python3.11/site-packages/airflow/example_dags/example_short_circuit_decorator.py took 0.050 seconds
[2026-04-28T20:09:46.973+0200] {processor.py:161} INFO - Started process (PID=53850) to work on /Users/pablofrancoherrero/prueba_tecnica/venv/lib/python3.11/site-packages/airflow/example_dags/example_short_circuit_decorator.py
[2026-04-28T20:09:46.973+0200] {processor.py:830} INFO - Processing file /Users/pablofrancoherrero/prueba_tecnica/venv/lib/python3.11/site-packages/airflow/example_dags/example_short_circuit_decorator.py for tasks to queue
[2026-04-28T20:09:46.973+0200] {logging_mixin.py:188} INFO - [2026-04-28T20:09:46.973+0200] {dagbag.py:540} INFO - Filling up the DagBag from /Users/pablofrancoherrero/prueba_tecnica/venv/lib/python3.11/site-packages/airflow/example_dags/example_short_circuit_decorator.py
[2026-04-28T20:09:46.985+0200] {processor.py:840} INFO - DAG(s) 'example_short_circuit_decorator' retrieved from /Users/pablofrancoherrero/prueba_tecnica/venv/lib/python3.11/site-packages/airflow/example_dags/example_short_circuit_decorator.py
[2026-04-28T20:09:47.012+0200] {logging_mixin.py:188} INFO - [2026-04-28T20:09:47.012+0200] {dag.py:3096} INFO - Sync 1 DAGs
[2026-04-28T20:09:47.017+0200] {logging_mixin.py:188} INFO - [2026-04-28T20:09:47.017+0200] {dag.py:3954} INFO - Setting next_dagrun for example_short_circuit_decorator to 2026-04-27 00:00:00+00:00, run_after=2026-04-28 00:00:00+00:00
[2026-04-28T20:09:47.021+0200] {processor.py:183} INFO - Processing /Users/pablofrancoherrero/prueba_tecnica/venv/lib/python3.11/site-packages/airflow/example_dags/example_short_circuit_decorator.py took 0.050 seconds
[2026-04-28T20:11:10.022+0200] {processor.py:161} INFO - Started process (PID=53968) to work on /Users/pablofrancoherrero/prueba_tecnica/venv/lib/python3.11/site-packages/airflow/example_dags/example_short_circuit_decorator.py
[2026-04-28T20:11:10.023+0200] {processor.py:830} INFO - Processing file /Users/pablofrancoherrero/prueba_tecnica/venv/lib/python3.11/site-packages/airflow/example_dags/example_short_circuit_decorator.py for tasks to queue
[2026-04-28T20:11:10.023+0200] {logging_mixin.py:188} INFO - [2026-04-28T20:11:10.023+0200] {dagbag.py:540} INFO - Filling up the DagBag from /Users/pablofrancoherrero/prueba_tecnica/venv/lib/python3.11/site-packages/airflow/example_dags/example_short_circuit_decorator.py
[2026-04-28T20:11:10.036+0200] {processor.py:840} INFO - DAG(s) 'example_short_circuit_decorator' retrieved from /Users/pablofrancoherrero/prueba_tecnica/venv/lib/python3.11/site-packages/airflow/example_dags/example_short_circuit_decorator.py
[2026-04-28T20:11:10.065+0200] {logging_mixin.py:188} INFO - [2026-04-28T20:11:10.065+0200] {dag.py:3096} INFO - Sync 1 DAGs
[2026-04-28T20:11:10.070+0200] {logging_mixin.py:188} INFO - [2026-04-28T20:11:10.070+0200] {dag.py:3954} INFO - Setting next_dagrun for example_short_circuit_decorator to 2026-04-27 00:00:00+00:00, run_after=2026-04-28 00:00:00+00:00
[2026-04-28T20:11:10.075+0200] {processor.py:183} INFO - Processing /Users/pablofrancoherrero/prueba_tecnica/venv/lib/python3.11/site-packages/airflow/example_dags/example_short_circuit_decorator.py took 0.054 seconds
[2026-04-28T20:12:27.407+0200] {processor.py:161} INFO - Started process (PID=54067) to work on /Users/pablofrancoherrero/prueba_tecnica/venv/lib/python3.11/site-packages/airflow/example_dags/example_short_circuit_decorator.py
[2026-04-28T20:12:27.407+0200] {processor.py:830} INFO - Processing file /Users/pablofrancoherrero/prueba_tecnica/venv/lib/python3.11/site-packages/airflow/example_dags/example_short_circuit_decorator.py for tasks to queue
[2026-04-28T20:12:27.407+0200] {logging_mixin.py:188} INFO - [2026-04-28T20:12:27.407+0200] {dagbag.py:540} INFO - Filling up the DagBag from /Users/pablofrancoherrero/prueba_tecnica/venv/lib/python3.11/site-packages/airflow/example_dags/example_short_circuit_decorator.py
[2026-04-28T20:12:27.419+0200] {processor.py:840} INFO - DAG(s) 'example_short_circuit_decorator' retrieved from /Users/pablofrancoherrero/prueba_tecnica/venv/lib/python3.11/site-packages/airflow/example_dags/example_short_circuit_decorator.py
[2026-04-28T20:12:27.447+0200] {logging_mixin.py:188} INFO - [2026-04-28T20:12:27.446+0200] {dag.py:3096} INFO - Sync 1 DAGs
[2026-04-28T20:12:27.451+0200] {logging_mixin.py:188} INFO - [2026-04-28T20:12:27.451+0200] {dag.py:3954} INFO - Setting next_dagrun for example_short_circuit_decorator to 2026-04-27 00:00:00+00:00, run_after=2026-04-28 00:00:00+00:00
[2026-04-28T20:12:27.456+0200] {processor.py:183} INFO - Processing /Users/pablofrancoherrero/prueba_tecnica/venv/lib/python3.11/site-packages/airflow/example_dags/example_short_circuit_decorator.py took 0.050 seconds
[2026-04-28T20:13:49.125+0200] {processor.py:161} INFO - Started process (PID=54169) to work on /Users/pablofrancoherrero/prueba_tecnica/venv/lib/python3.11/site-packages/airflow/example_dags/example_short_circuit_decorator.py
[2026-04-28T20:13:49.126+0200] {processor.py:830} INFO - Processing file /Users/pablofrancoherrero/prueba_tecnica/venv/lib/python3.11/site-packages/airflow/example_dags/example_short_circuit_decorator.py for tasks to queue
[2026-04-28T20:13:49.126+0200] {logging_mixin.py:188} INFO - [2026-04-28T20:13:49.126+0200] {dagbag.py:540} INFO - Filling up the DagBag from /Users/pablofrancoherrero/prueba_tecnica/venv/lib/python3.11/site-packages/airflow/example_dags/example_short_circuit_decorator.py
[2026-04-28T20:13:49.139+0200] {processor.py:840} INFO - DAG(s) 'example_short_circuit_decorator' retrieved from /Users/pablofrancoherrero/prueba_tecnica/venv/lib/python3.11/site-packages/airflow/example_dags/example_short_circuit_decorator.py
[2026-04-28T20:13:49.167+0200] {logging_mixin.py:188} INFO - [2026-04-28T20:13:49.167+0200] {dag.py:3096} INFO - Sync 1 DAGs
[2026-04-28T20:13:49.172+0200] {logging_mixin.py:188} INFO - [2026-04-28T20:13:49.172+0200] {dag.py:3954} INFO - Setting next_dagrun for example_short_circuit_decorator to 2026-04-27 00:00:00+00:00, run_after=2026-04-28 00:00:00+00:00
[2026-04-28T20:13:49.177+0200] {processor.py:183} INFO - Processing /Users/pablofrancoherrero/prueba_tecnica/venv/lib/python3.11/site-packages/airflow/example_dags/example_short_circuit_decorator.py took 0.053 seconds
[2026-04-28T20:15:17.315+0200] {processor.py:161} INFO - Started process (PID=54285) to work on /Users/pablofrancoherrero/prueba_tecnica/venv/lib/python3.11/site-packages/airflow/example_dags/example_short_circuit_decorator.py
[2026-04-28T20:15:17.315+0200] {processor.py:830} INFO - Processing file /Users/pablofrancoherrero/prueba_tecnica/venv/lib/python3.11/site-packages/airflow/example_dags/example_short_circuit_decorator.py for tasks to queue
[2026-04-28T20:15:17.316+0200] {logging_mixin.py:188} INFO - [2026-04-28T20:15:17.316+0200] {dagbag.py:540} INFO - Filling up the DagBag from /Users/pablofrancoherrero/prueba_tecnica/venv/lib/python3.11/site-packages/airflow/example_dags/example_short_circuit_decorator.py
[2026-04-28T20:15:17.329+0200] {processor.py:840} INFO - DAG(s) 'example_short_circuit_decorator' retrieved from /Users/pablofrancoherrero/prueba_tecnica/venv/lib/python3.11/site-packages/airflow/example_dags/example_short_circuit_decorator.py
[2026-04-28T20:15:17.357+0200] {logging_mixin.py:188} INFO - [2026-04-28T20:15:17.357+0200] {dag.py:3096} INFO - Sync 1 DAGs
[2026-04-28T20:15:17.362+0200] {logging_mixin.py:188} INFO - [2026-04-28T20:15:17.362+0200] {dag.py:3954} INFO - Setting next_dagrun for example_short_circuit_decorator to 2026-04-27 00:00:00+00:00, run_after=2026-04-28 00:00:00+00:00
[2026-04-28T20:15:17.367+0200] {processor.py:183} INFO - Processing /Users/pablofrancoherrero/prueba_tecnica/venv/lib/python3.11/site-packages/airflow/example_dags/example_short_circuit_decorator.py took 0.053 seconds
[2026-04-28T20:16:39.288+0200] {processor.py:161} INFO - Started process (PID=54466) to work on /Users/pablofrancoherrero/prueba_tecnica/venv/lib/python3.11/site-packages/airflow/example_dags/example_short_circuit_decorator.py
[2026-04-28T20:16:39.289+0200] {processor.py:830} INFO - Processing file /Users/pablofrancoherrero/prueba_tecnica/venv/lib/python3.11/site-packages/airflow/example_dags/example_short_circuit_decorator.py for tasks to queue
[2026-04-28T20:16:39.289+0200] {logging_mixin.py:188} INFO - [2026-04-28T20:16:39.289+0200] {dagbag.py:540} INFO - Filling up the DagBag from /Users/pablofrancoherrero/prueba_tecnica/venv/lib/python3.11/site-packages/airflow/example_dags/example_short_circuit_decorator.py
[2026-04-28T20:16:39.301+0200] {processor.py:840} INFO - DAG(s) 'example_short_circuit_decorator' retrieved from /Users/pablofrancoherrero/prueba_tecnica/venv/lib/python3.11/site-packages/airflow/example_dags/example_short_circuit_decorator.py
[2026-04-28T20:16:39.328+0200] {logging_mixin.py:188} INFO - [2026-04-28T20:16:39.328+0200] {dag.py:3096} INFO - Sync 1 DAGs
[2026-04-28T20:16:39.333+0200] {logging_mixin.py:188} INFO - [2026-04-28T20:16:39.332+0200] {dag.py:3954} INFO - Setting next_dagrun for example_short_circuit_decorator to 2026-04-27 00:00:00+00:00, run_after=2026-04-28 00:00:00+00:00
[2026-04-28T20:16:39.337+0200] {processor.py:183} INFO - Processing /Users/pablofrancoherrero/prueba_tecnica/venv/lib/python3.11/site-packages/airflow/example_dags/example_short_circuit_decorator.py took 0.050 seconds
[2026-04-28T20:18:03.238+0200] {processor.py:161} INFO - Started process (PID=54611) to work on /Users/pablofrancoherrero/prueba_tecnica/venv/lib/python3.11/site-packages/airflow/example_dags/example_short_circuit_decorator.py
[2026-04-28T20:18:03.238+0200] {processor.py:830} INFO - Processing file /Users/pablofrancoherrero/prueba_tecnica/venv/lib/python3.11/site-packages/airflow/example_dags/example_short_circuit_decorator.py for tasks to queue
[2026-04-28T20:18:03.239+0200] {logging_mixin.py:188} INFO - [2026-04-28T20:18:03.238+0200] {dagbag.py:540} INFO - Filling up the DagBag from /Users/pablofrancoherrero/prueba_tecnica/venv/lib/python3.11/site-packages/airflow/example_dags/example_short_circuit_decorator.py
[2026-04-28T20:18:03.265+0200] {processor.py:840} INFO - DAG(s) 'example_short_circuit_decorator' retrieved from /Users/pablofrancoherrero/prueba_tecnica/venv/lib/python3.11/site-packages/airflow/example_dags/example_short_circuit_decorator.py
[2026-04-28T20:18:03.344+0200] {logging_mixin.py:188} INFO - [2026-04-28T20:18:03.344+0200] {dag.py:3096} INFO - Sync 1 DAGs
[2026-04-28T20:18:03.352+0200] {logging_mixin.py:188} INFO - [2026-04-28T20:18:03.352+0200] {dag.py:3954} INFO - Setting next_dagrun for example_short_circuit_decorator to 2026-04-27 00:00:00+00:00, run_after=2026-04-28 00:00:00+00:00
[2026-04-28T20:18:03.361+0200] {processor.py:183} INFO - Processing /Users/pablofrancoherrero/prueba_tecnica/venv/lib/python3.11/site-packages/airflow/example_dags/example_short_circuit_decorator.py took 0.124 seconds
[2026-04-28T20:19:23.247+0200] {processor.py:161} INFO - Started process (PID=54722) to work on /Users/pablofrancoherrero/prueba_tecnica/venv/lib/python3.11/site-packages/airflow/example_dags/example_short_circuit_decorator.py
[2026-04-28T20:19:23.248+0200] {processor.py:830} INFO - Processing file /Users/pablofrancoherrero/prueba_tecnica/venv/lib/python3.11/site-packages/airflow/example_dags/example_short_circuit_decorator.py for tasks to queue
[2026-04-28T20:19:23.248+0200] {logging_mixin.py:188} INFO - [2026-04-28T20:19:23.248+0200] {dagbag.py:540} INFO - Filling up the DagBag from /Users/pablofrancoherrero/prueba_tecnica/venv/lib/python3.11/site-packages/airflow/example_dags/example_short_circuit_decorator.py
[2026-04-28T20:19:23.260+0200] {processor.py:840} INFO - DAG(s) 'example_short_circuit_decorator' retrieved from /Users/pablofrancoherrero/prueba_tecnica/venv/lib/python3.11/site-packages/airflow/example_dags/example_short_circuit_decorator.py
[2026-04-28T20:19:23.288+0200] {logging_mixin.py:188} INFO - [2026-04-28T20:19:23.288+0200] {dag.py:3096} INFO - Sync 1 DAGs
[2026-04-28T20:19:23.293+0200] {logging_mixin.py:188} INFO - [2026-04-28T20:19:23.292+0200] {dag.py:3954} INFO - Setting next_dagrun for example_short_circuit_decorator to 2026-04-27 00:00:00+00:00, run_after=2026-04-28 00:00:00+00:00
[2026-04-28T20:19:23.297+0200] {processor.py:183} INFO - Processing /Users/pablofrancoherrero/prueba_tecnica/venv/lib/python3.11/site-packages/airflow/example_dags/example_short_circuit_decorator.py took 0.051 seconds
[2026-04-28T20:20:43.549+0200] {processor.py:161} INFO - Started process (PID=54809) to work on /Users/pablofrancoherrero/prueba_tecnica/venv/lib/python3.11/site-packages/airflow/example_dags/example_short_circuit_decorator.py
[2026-04-28T20:20:43.550+0200] {processor.py:830} INFO - Processing file /Users/pablofrancoherrero/prueba_tecnica/venv/lib/python3.11/site-packages/airflow/example_dags/example_short_circuit_decorator.py for tasks to queue
[2026-04-28T20:20:43.551+0200] {logging_mixin.py:188} INFO - [2026-04-28T20:20:43.551+0200] {dagbag.py:540} INFO - Filling up the DagBag from /Users/pablofrancoherrero/prueba_tecnica/venv/lib/python3.11/site-packages/airflow/example_dags/example_short_circuit_decorator.py
[2026-04-28T20:20:43.563+0200] {processor.py:840} INFO - DAG(s) 'example_short_circuit_decorator' retrieved from /Users/pablofrancoherrero/prueba_tecnica/venv/lib/python3.11/site-packages/airflow/example_dags/example_short_circuit_decorator.py
[2026-04-28T20:20:43.588+0200] {logging_mixin.py:188} INFO - [2026-04-28T20:20:43.588+0200] {dag.py:3096} INFO - Sync 1 DAGs
[2026-04-28T20:20:43.593+0200] {logging_mixin.py:188} INFO - [2026-04-28T20:20:43.593+0200] {dag.py:3954} INFO - Setting next_dagrun for example_short_circuit_decorator to 2026-04-27 00:00:00+00:00, run_after=2026-04-28 00:00:00+00:00
[2026-04-28T20:20:43.597+0200] {processor.py:183} INFO - Processing /Users/pablofrancoherrero/prueba_tecnica/venv/lib/python3.11/site-packages/airflow/example_dags/example_short_circuit_decorator.py took 0.049 seconds
[2026-04-28T20:22:06.780+0200] {processor.py:161} INFO - Started process (PID=54912) to work on /Users/pablofrancoherrero/prueba_tecnica/venv/lib/python3.11/site-packages/airflow/example_dags/example_short_circuit_decorator.py
[2026-04-28T20:22:06.781+0200] {processor.py:830} INFO - Processing file /Users/pablofrancoherrero/prueba_tecnica/venv/lib/python3.11/site-packages/airflow/example_dags/example_short_circuit_decorator.py for tasks to queue
[2026-04-28T20:22:06.781+0200] {logging_mixin.py:188} INFO - [2026-04-28T20:22:06.781+0200] {dagbag.py:540} INFO - Filling up the DagBag from /Users/pablofrancoherrero/prueba_tecnica/venv/lib/python3.11/site-packages/airflow/example_dags/example_short_circuit_decorator.py
[2026-04-28T20:22:06.794+0200] {processor.py:840} INFO - DAG(s) 'example_short_circuit_decorator' retrieved from /Users/pablofrancoherrero/prueba_tecnica/venv/lib/python3.11/site-packages/airflow/example_dags/example_short_circuit_decorator.py
[2026-04-28T20:22:06.821+0200] {logging_mixin.py:188} INFO - [2026-04-28T20:22:06.821+0200] {dag.py:3096} INFO - Sync 1 DAGs
[2026-04-28T20:22:06.826+0200] {logging_mixin.py:188} INFO - [2026-04-28T20:22:06.825+0200] {dag.py:3954} INFO - Setting next_dagrun for example_short_circuit_decorator to 2026-04-27 00:00:00+00:00, run_after=2026-04-28 00:00:00+00:00
[2026-04-28T20:22:06.830+0200] {processor.py:183} INFO - Processing /Users/pablofrancoherrero/prueba_tecnica/venv/lib/python3.11/site-packages/airflow/example_dags/example_short_circuit_decorator.py took 0.051 seconds
[2026-04-28T20:23:25.151+0200] {processor.py:161} INFO - Started process (PID=55045) to work on /Users/pablofrancoherrero/prueba_tecnica/venv/lib/python3.11/site-packages/airflow/example_dags/example_short_circuit_decorator.py
[2026-04-28T20:23:25.152+0200] {processor.py:830} INFO - Processing file /Users/pablofrancoherrero/prueba_tecnica/venv/lib/python3.11/site-packages/airflow/example_dags/example_short_circuit_decorator.py for tasks to queue
[2026-04-28T20:23:25.152+0200] {logging_mixin.py:188} INFO - [2026-04-28T20:23:25.152+0200] {dagbag.py:540} INFO - Filling up the DagBag from /Users/pablofrancoherrero/prueba_tecnica/venv/lib/python3.11/site-packages/airflow/example_dags/example_short_circuit_decorator.py
[2026-04-28T20:23:25.164+0200] {processor.py:840} INFO - DAG(s) 'example_short_circuit_decorator' retrieved from /Users/pablofrancoherrero/prueba_tecnica/venv/lib/python3.11/site-packages/airflow/example_dags/example_short_circuit_decorator.py
[2026-04-28T20:23:25.191+0200] {logging_mixin.py:188} INFO - [2026-04-28T20:23:25.191+0200] {dag.py:3096} INFO - Sync 1 DAGs
[2026-04-28T20:23:25.195+0200] {logging_mixin.py:188} INFO - [2026-04-28T20:23:25.195+0200] {dag.py:3954} INFO - Setting next_dagrun for example_short_circuit_decorator to 2026-04-27 00:00:00+00:00, run_after=2026-04-28 00:00:00+00:00
[2026-04-28T20:23:25.200+0200] {processor.py:183} INFO - Processing /Users/pablofrancoherrero/prueba_tecnica/venv/lib/python3.11/site-packages/airflow/example_dags/example_short_circuit_decorator.py took 0.050 seconds
[2026-04-28T20:24:46.267+0200] {processor.py:161} INFO - Started process (PID=55154) to work on /Users/pablofrancoherrero/prueba_tecnica/venv/lib/python3.11/site-packages/airflow/example_dags/example_short_circuit_decorator.py
[2026-04-28T20:24:46.268+0200] {processor.py:830} INFO - Processing file /Users/pablofrancoherrero/prueba_tecnica/venv/lib/python3.11/site-packages/airflow/example_dags/example_short_circuit_decorator.py for tasks to queue
[2026-04-28T20:24:46.268+0200] {logging_mixin.py:188} INFO - [2026-04-28T20:24:46.268+0200] {dagbag.py:540} INFO - Filling up the DagBag from /Users/pablofrancoherrero/prueba_tecnica/venv/lib/python3.11/site-packages/airflow/example_dags/example_short_circuit_decorator.py
[2026-04-28T20:24:46.281+0200] {processor.py:840} INFO - DAG(s) 'example_short_circuit_decorator' retrieved from /Users/pablofrancoherrero/prueba_tecnica/venv/lib/python3.11/site-packages/airflow/example_dags/example_short_circuit_decorator.py
[2026-04-28T20:24:46.309+0200] {logging_mixin.py:188} INFO - [2026-04-28T20:24:46.308+0200] {dag.py:3096} INFO - Sync 1 DAGs
[2026-04-28T20:24:46.313+0200] {logging_mixin.py:188} INFO - [2026-04-28T20:24:46.313+0200] {dag.py:3954} INFO - Setting next_dagrun for example_short_circuit_decorator to 2026-04-27 00:00:00+00:00, run_after=2026-04-28 00:00:00+00:00
[2026-04-28T20:24:46.318+0200] {processor.py:183} INFO - Processing /Users/pablofrancoherrero/prueba_tecnica/venv/lib/python3.11/site-packages/airflow/example_dags/example_short_circuit_decorator.py took 0.052 seconds
[2026-04-28T20:26:07.254+0200] {processor.py:161} INFO - Started process (PID=55235) to work on /Users/pablofrancoherrero/prueba_tecnica/venv/lib/python3.11/site-packages/airflow/example_dags/example_short_circuit_decorator.py
[2026-04-28T20:26:07.255+0200] {processor.py:830} INFO - Processing file /Users/pablofrancoherrero/prueba_tecnica/venv/lib/python3.11/site-packages/airflow/example_dags/example_short_circuit_decorator.py for tasks to queue
[2026-04-28T20:26:07.255+0200] {logging_mixin.py:188} INFO - [2026-04-28T20:26:07.255+0200] {dagbag.py:540} INFO - Filling up the DagBag from /Users/pablofrancoherrero/prueba_tecnica/venv/lib/python3.11/site-packages/airflow/example_dags/example_short_circuit_decorator.py
[2026-04-28T20:26:07.267+0200] {processor.py:840} INFO - DAG(s) 'example_short_circuit_decorator' retrieved from /Users/pablofrancoherrero/prueba_tecnica/venv/lib/python3.11/site-packages/airflow/example_dags/example_short_circuit_decorator.py
[2026-04-28T20:26:07.294+0200] {logging_mixin.py:188} INFO - [2026-04-28T20:26:07.294+0200] {dag.py:3096} INFO - Sync 1 DAGs
[2026-04-28T20:26:07.299+0200] {logging_mixin.py:188} INFO - [2026-04-28T20:26:07.298+0200] {dag.py:3954} INFO - Setting next_dagrun for example_short_circuit_decorator to 2026-04-27 00:00:00+00:00, run_after=2026-04-28 00:00:00+00:00
[2026-04-28T20:26:07.303+0200] {processor.py:183} INFO - Processing /Users/pablofrancoherrero/prueba_tecnica/venv/lib/python3.11/site-packages/airflow/example_dags/example_short_circuit_decorator.py took 0.050 seconds
[2026-04-28T20:27:30.267+0200] {processor.py:161} INFO - Started process (PID=55360) to work on /Users/pablofrancoherrero/prueba_tecnica/venv/lib/python3.11/site-packages/airflow/example_dags/example_short_circuit_decorator.py
[2026-04-28T20:27:30.267+0200] {processor.py:830} INFO - Processing file /Users/pablofrancoherrero/prueba_tecnica/venv/lib/python3.11/site-packages/airflow/example_dags/example_short_circuit_decorator.py for tasks to queue
[2026-04-28T20:27:30.267+0200] {logging_mixin.py:188} INFO - [2026-04-28T20:27:30.267+0200] {dagbag.py:540} INFO - Filling up the DagBag from /Users/pablofrancoherrero/prueba_tecnica/venv/lib/python3.11/site-packages/airflow/example_dags/example_short_circuit_decorator.py
[2026-04-28T20:27:30.281+0200] {processor.py:840} INFO - DAG(s) 'example_short_circuit_decorator' retrieved from /Users/pablofrancoherrero/prueba_tecnica/venv/lib/python3.11/site-packages/airflow/example_dags/example_short_circuit_decorator.py
[2026-04-28T20:27:30.310+0200] {logging_mixin.py:188} INFO - [2026-04-28T20:27:30.310+0200] {dag.py:3096} INFO - Sync 1 DAGs
[2026-04-28T20:27:30.315+0200] {logging_mixin.py:188} INFO - [2026-04-28T20:27:30.315+0200] {dag.py:3954} INFO - Setting next_dagrun for example_short_circuit_decorator to 2026-04-27 00:00:00+00:00, run_after=2026-04-28 00:00:00+00:00
[2026-04-28T20:27:30.321+0200] {processor.py:183} INFO - Processing /Users/pablofrancoherrero/prueba_tecnica/venv/lib/python3.11/site-packages/airflow/example_dags/example_short_circuit_decorator.py took 0.055 seconds
[2026-04-28T20:28:53.213+0200] {processor.py:161} INFO - Started process (PID=55474) to work on /Users/pablofrancoherrero/prueba_tecnica/venv/lib/python3.11/site-packages/airflow/example_dags/example_short_circuit_decorator.py
[2026-04-28T20:28:53.213+0200] {processor.py:830} INFO - Processing file /Users/pablofrancoherrero/prueba_tecnica/venv/lib/python3.11/site-packages/airflow/example_dags/example_short_circuit_decorator.py for tasks to queue
[2026-04-28T20:28:53.213+0200] {logging_mixin.py:188} INFO - [2026-04-28T20:28:53.213+0200] {dagbag.py:540} INFO - Filling up the DagBag from /Users/pablofrancoherrero/prueba_tecnica/venv/lib/python3.11/site-packages/airflow/example_dags/example_short_circuit_decorator.py
[2026-04-28T20:28:53.226+0200] {processor.py:840} INFO - DAG(s) 'example_short_circuit_decorator' retrieved from /Users/pablofrancoherrero/prueba_tecnica/venv/lib/python3.11/site-packages/airflow/example_dags/example_short_circuit_decorator.py
[2026-04-28T20:28:53.253+0200] {logging_mixin.py:188} INFO - [2026-04-28T20:28:53.253+0200] {dag.py:3096} INFO - Sync 1 DAGs
[2026-04-28T20:28:53.258+0200] {logging_mixin.py:188} INFO - [2026-04-28T20:28:53.258+0200] {dag.py:3954} INFO - Setting next_dagrun for example_short_circuit_decorator to 2026-04-27 00:00:00+00:00, run_after=2026-04-28 00:00:00+00:00
[2026-04-28T20:28:53.262+0200] {processor.py:183} INFO - Processing /Users/pablofrancoherrero/prueba_tecnica/venv/lib/python3.11/site-packages/airflow/example_dags/example_short_circuit_decorator.py took 0.051 seconds
[2026-04-28T20:30:17.053+0200] {processor.py:161} INFO - Started process (PID=55573) to work on /Users/pablofrancoherrero/prueba_tecnica/venv/lib/python3.11/site-packages/airflow/example_dags/example_short_circuit_decorator.py
[2026-04-28T20:30:17.054+0200] {processor.py:830} INFO - Processing file /Users/pablofrancoherrero/prueba_tecnica/venv/lib/python3.11/site-packages/airflow/example_dags/example_short_circuit_decorator.py for tasks to queue
[2026-04-28T20:30:17.054+0200] {logging_mixin.py:188} INFO - [2026-04-28T20:30:17.054+0200] {dagbag.py:540} INFO - Filling up the DagBag from /Users/pablofrancoherrero/prueba_tecnica/venv/lib/python3.11/site-packages/airflow/example_dags/example_short_circuit_decorator.py
[2026-04-28T20:30:17.069+0200] {processor.py:840} INFO - DAG(s) 'example_short_circuit_decorator' retrieved from /Users/pablofrancoherrero/prueba_tecnica/venv/lib/python3.11/site-packages/airflow/example_dags/example_short_circuit_decorator.py
[2026-04-28T20:30:17.099+0200] {logging_mixin.py:188} INFO - [2026-04-28T20:30:17.099+0200] {dag.py:3096} INFO - Sync 1 DAGs
[2026-04-28T20:30:17.103+0200] {logging_mixin.py:188} INFO - [2026-04-28T20:30:17.103+0200] {dag.py:3954} INFO - Setting next_dagrun for example_short_circuit_decorator to 2026-04-27 00:00:00+00:00, run_after=2026-04-28 00:00:00+00:00
[2026-04-28T20:30:17.109+0200] {processor.py:183} INFO - Processing /Users/pablofrancoherrero/prueba_tecnica/venv/lib/python3.11/site-packages/airflow/example_dags/example_short_circuit_decorator.py took 0.057 seconds
[2026-04-28T20:31:35.720+0200] {processor.py:161} INFO - Started process (PID=55679) to work on /Users/pablofrancoherrero/prueba_tecnica/venv/lib/python3.11/site-packages/airflow/example_dags/example_short_circuit_decorator.py
[2026-04-28T20:31:35.721+0200] {processor.py:830} INFO - Processing file /Users/pablofrancoherrero/prueba_tecnica/venv/lib/python3.11/site-packages/airflow/example_dags/example_short_circuit_decorator.py for tasks to queue
[2026-04-28T20:31:35.722+0200] {logging_mixin.py:188} INFO - [2026-04-28T20:31:35.722+0200] {dagbag.py:540} INFO - Filling up the DagBag from /Users/pablofrancoherrero/prueba_tecnica/venv/lib/python3.11/site-packages/airflow/example_dags/example_short_circuit_decorator.py
[2026-04-28T20:31:35.736+0200] {processor.py:840} INFO - DAG(s) 'example_short_circuit_decorator' retrieved from /Users/pablofrancoherrero/prueba_tecnica/venv/lib/python3.11/site-packages/airflow/example_dags/example_short_circuit_decorator.py
[2026-04-28T20:31:35.763+0200] {logging_mixin.py:188} INFO - [2026-04-28T20:31:35.763+0200] {dag.py:3096} INFO - Sync 1 DAGs
[2026-04-28T20:31:35.768+0200] {logging_mixin.py:188} INFO - [2026-04-28T20:31:35.768+0200] {dag.py:3954} INFO - Setting next_dagrun for example_short_circuit_decorator to 2026-04-27 00:00:00+00:00, run_after=2026-04-28 00:00:00+00:00
[2026-04-28T20:31:35.773+0200] {processor.py:183} INFO - Processing /Users/pablofrancoherrero/prueba_tecnica/venv/lib/python3.11/site-packages/airflow/example_dags/example_short_circuit_decorator.py took 0.053 seconds
[2026-04-28T20:32:58.954+0200] {processor.py:161} INFO - Started process (PID=55809) to work on /Users/pablofrancoherrero/prueba_tecnica/venv/lib/python3.11/site-packages/airflow/example_dags/example_short_circuit_decorator.py
[2026-04-28T20:32:58.954+0200] {processor.py:830} INFO - Processing file /Users/pablofrancoherrero/prueba_tecnica/venv/lib/python3.11/site-packages/airflow/example_dags/example_short_circuit_decorator.py for tasks to queue
[2026-04-28T20:32:58.955+0200] {logging_mixin.py:188} INFO - [2026-04-28T20:32:58.955+0200] {dagbag.py:540} INFO - Filling up the DagBag from /Users/pablofrancoherrero/prueba_tecnica/venv/lib/python3.11/site-packages/airflow/example_dags/example_short_circuit_decorator.py
[2026-04-28T20:32:58.968+0200] {processor.py:840} INFO - DAG(s) 'example_short_circuit_decorator' retrieved from /Users/pablofrancoherrero/prueba_tecnica/venv/lib/python3.11/site-packages/airflow/example_dags/example_short_circuit_decorator.py
[2026-04-28T20:32:58.995+0200] {logging_mixin.py:188} INFO - [2026-04-28T20:32:58.995+0200] {dag.py:3096} INFO - Sync 1 DAGs
[2026-04-28T20:32:59.000+0200] {logging_mixin.py:188} INFO - [2026-04-28T20:32:59.000+0200] {dag.py:3954} INFO - Setting next_dagrun for example_short_circuit_decorator to 2026-04-27 00:00:00+00:00, run_after=2026-04-28 00:00:00+00:00
[2026-04-28T20:32:59.004+0200] {processor.py:183} INFO - Processing /Users/pablofrancoherrero/prueba_tecnica/venv/lib/python3.11/site-packages/airflow/example_dags/example_short_circuit_decorator.py took 0.051 seconds
[2026-04-28T20:34:19.755+0200] {processor.py:161} INFO - Started process (PID=55901) to work on /Users/pablofrancoherrero/prueba_tecnica/venv/lib/python3.11/site-packages/airflow/example_dags/example_short_circuit_decorator.py
[2026-04-28T20:34:19.757+0200] {processor.py:830} INFO - Processing file /Users/pablofrancoherrero/prueba_tecnica/venv/lib/python3.11/site-packages/airflow/example_dags/example_short_circuit_decorator.py for tasks to queue
[2026-04-28T20:34:19.757+0200] {logging_mixin.py:188} INFO - [2026-04-28T20:34:19.757+0200] {dagbag.py:540} INFO - Filling up the DagBag from /Users/pablofrancoherrero/prueba_tecnica/venv/lib/python3.11/site-packages/airflow/example_dags/example_short_circuit_decorator.py
[2026-04-28T20:34:19.769+0200] {processor.py:840} INFO - DAG(s) 'example_short_circuit_decorator' retrieved from /Users/pablofrancoherrero/prueba_tecnica/venv/lib/python3.11/site-packages/airflow/example_dags/example_short_circuit_decorator.py
[2026-04-28T20:34:19.795+0200] {logging_mixin.py:188} INFO - [2026-04-28T20:34:19.795+0200] {dag.py:3096} INFO - Sync 1 DAGs
[2026-04-28T20:34:19.800+0200] {logging_mixin.py:188} INFO - [2026-04-28T20:34:19.800+0200] {dag.py:3954} INFO - Setting next_dagrun for example_short_circuit_decorator to 2026-04-27 00:00:00+00:00, run_after=2026-04-28 00:00:00+00:00
[2026-04-28T20:34:19.804+0200] {processor.py:183} INFO - Processing /Users/pablofrancoherrero/prueba_tecnica/venv/lib/python3.11/site-packages/airflow/example_dags/example_short_circuit_decorator.py took 0.050 seconds
[2026-04-28T20:35:42.674+0200] {processor.py:161} INFO - Started process (PID=56010) to work on /Users/pablofrancoherrero/prueba_tecnica/venv/lib/python3.11/site-packages/airflow/example_dags/example_short_circuit_decorator.py
[2026-04-28T20:35:42.675+0200] {processor.py:830} INFO - Processing file /Users/pablofrancoherrero/prueba_tecnica/venv/lib/python3.11/site-packages/airflow/example_dags/example_short_circuit_decorator.py for tasks to queue
[2026-04-28T20:35:42.675+0200] {logging_mixin.py:188} INFO - [2026-04-28T20:35:42.675+0200] {dagbag.py:540} INFO - Filling up the DagBag from /Users/pablofrancoherrero/prueba_tecnica/venv/lib/python3.11/site-packages/airflow/example_dags/example_short_circuit_decorator.py
[2026-04-28T20:35:42.687+0200] {processor.py:840} INFO - DAG(s) 'example_short_circuit_decorator' retrieved from /Users/pablofrancoherrero/prueba_tecnica/venv/lib/python3.11/site-packages/airflow/example_dags/example_short_circuit_decorator.py
[2026-04-28T20:35:42.713+0200] {logging_mixin.py:188} INFO - [2026-04-28T20:35:42.713+0200] {dag.py:3096} INFO - Sync 1 DAGs
[2026-04-28T20:35:42.718+0200] {logging_mixin.py:188} INFO - [2026-04-28T20:35:42.718+0200] {dag.py:3954} INFO - Setting next_dagrun for example_short_circuit_decorator to 2026-04-27 00:00:00+00:00, run_after=2026-04-28 00:00:00+00:00
[2026-04-28T20:35:42.722+0200] {processor.py:183} INFO - Processing /Users/pablofrancoherrero/prueba_tecnica/venv/lib/python3.11/site-packages/airflow/example_dags/example_short_circuit_decorator.py took 0.049 seconds
[2026-04-28T20:37:03.038+0200] {processor.py:161} INFO - Started process (PID=56097) to work on /Users/pablofrancoherrero/prueba_tecnica/venv/lib/python3.11/site-packages/airflow/example_dags/example_short_circuit_decorator.py
[2026-04-28T20:37:03.039+0200] {processor.py:830} INFO - Processing file /Users/pablofrancoherrero/prueba_tecnica/venv/lib/python3.11/site-packages/airflow/example_dags/example_short_circuit_decorator.py for tasks to queue
[2026-04-28T20:37:03.039+0200] {logging_mixin.py:188} INFO - [2026-04-28T20:37:03.039+0200] {dagbag.py:540} INFO - Filling up the DagBag from /Users/pablofrancoherrero/prueba_tecnica/venv/lib/python3.11/site-packages/airflow/example_dags/example_short_circuit_decorator.py
[2026-04-28T20:37:03.051+0200] {processor.py:840} INFO - DAG(s) 'example_short_circuit_decorator' retrieved from /Users/pablofrancoherrero/prueba_tecnica/venv/lib/python3.11/site-packages/airflow/example_dags/example_short_circuit_decorator.py
[2026-04-28T20:37:03.077+0200] {logging_mixin.py:188} INFO - [2026-04-28T20:37:03.077+0200] {dag.py:3096} INFO - Sync 1 DAGs
[2026-04-28T20:37:03.082+0200] {logging_mixin.py:188} INFO - [2026-04-28T20:37:03.082+0200] {dag.py:3954} INFO - Setting next_dagrun for example_short_circuit_decorator to 2026-04-27 00:00:00+00:00, run_after=2026-04-28 00:00:00+00:00
[2026-04-28T20:37:03.086+0200] {processor.py:183} INFO - Processing /Users/pablofrancoherrero/prueba_tecnica/venv/lib/python3.11/site-packages/airflow/example_dags/example_short_circuit_decorator.py took 0.049 seconds
[2026-04-28T20:38:25.865+0200] {processor.py:161} INFO - Started process (PID=56233) to work on /Users/pablofrancoherrero/prueba_tecnica/venv/lib/python3.11/site-packages/airflow/example_dags/example_short_circuit_decorator.py
[2026-04-28T20:38:25.866+0200] {processor.py:830} INFO - Processing file /Users/pablofrancoherrero/prueba_tecnica/venv/lib/python3.11/site-packages/airflow/example_dags/example_short_circuit_decorator.py for tasks to queue
[2026-04-28T20:38:25.866+0200] {logging_mixin.py:188} INFO - [2026-04-28T20:38:25.866+0200] {dagbag.py:540} INFO - Filling up the DagBag from /Users/pablofrancoherrero/prueba_tecnica/venv/lib/python3.11/site-packages/airflow/example_dags/example_short_circuit_decorator.py
[2026-04-28T20:38:25.879+0200] {processor.py:840} INFO - DAG(s) 'example_short_circuit_decorator' retrieved from /Users/pablofrancoherrero/prueba_tecnica/venv/lib/python3.11/site-packages/airflow/example_dags/example_short_circuit_decorator.py
[2026-04-28T20:38:25.906+0200] {logging_mixin.py:188} INFO - [2026-04-28T20:38:25.906+0200] {dag.py:3096} INFO - Sync 1 DAGs
[2026-04-28T20:38:25.911+0200] {logging_mixin.py:188} INFO - [2026-04-28T20:38:25.911+0200] {dag.py:3954} INFO - Setting next_dagrun for example_short_circuit_decorator to 2026-04-27 00:00:00+00:00, run_after=2026-04-28 00:00:00+00:00
[2026-04-28T20:38:25.916+0200] {processor.py:183} INFO - Processing /Users/pablofrancoherrero/prueba_tecnica/venv/lib/python3.11/site-packages/airflow/example_dags/example_short_circuit_decorator.py took 0.052 seconds
[2026-04-28T20:39:46.975+0200] {processor.py:161} INFO - Started process (PID=56371) to work on /Users/pablofrancoherrero/prueba_tecnica/venv/lib/python3.11/site-packages/airflow/example_dags/example_short_circuit_decorator.py
[2026-04-28T20:39:46.976+0200] {processor.py:830} INFO - Processing file /Users/pablofrancoherrero/prueba_tecnica/venv/lib/python3.11/site-packages/airflow/example_dags/example_short_circuit_decorator.py for tasks to queue
[2026-04-28T20:39:46.976+0200] {logging_mixin.py:188} INFO - [2026-04-28T20:39:46.976+0200] {dagbag.py:540} INFO - Filling up the DagBag from /Users/pablofrancoherrero/prueba_tecnica/venv/lib/python3.11/site-packages/airflow/example_dags/example_short_circuit_decorator.py
[2026-04-28T20:39:46.989+0200] {processor.py:840} INFO - DAG(s) 'example_short_circuit_decorator' retrieved from /Users/pablofrancoherrero/prueba_tecnica/venv/lib/python3.11/site-packages/airflow/example_dags/example_short_circuit_decorator.py
[2026-04-28T20:39:47.016+0200] {logging_mixin.py:188} INFO - [2026-04-28T20:39:47.016+0200] {dag.py:3096} INFO - Sync 1 DAGs
[2026-04-28T20:39:47.021+0200] {logging_mixin.py:188} INFO - [2026-04-28T20:39:47.021+0200] {dag.py:3954} INFO - Setting next_dagrun for example_short_circuit_decorator to 2026-04-27 00:00:00+00:00, run_after=2026-04-28 00:00:00+00:00
[2026-04-28T20:39:47.026+0200] {processor.py:183} INFO - Processing /Users/pablofrancoherrero/prueba_tecnica/venv/lib/python3.11/site-packages/airflow/example_dags/example_short_circuit_decorator.py took 0.052 seconds
[2026-04-28T20:41:09.478+0200] {processor.py:161} INFO - Started process (PID=56474) to work on /Users/pablofrancoherrero/prueba_tecnica/venv/lib/python3.11/site-packages/airflow/example_dags/example_short_circuit_decorator.py
[2026-04-28T20:41:09.478+0200] {processor.py:830} INFO - Processing file /Users/pablofrancoherrero/prueba_tecnica/venv/lib/python3.11/site-packages/airflow/example_dags/example_short_circuit_decorator.py for tasks to queue
[2026-04-28T20:41:09.478+0200] {logging_mixin.py:188} INFO - [2026-04-28T20:41:09.478+0200] {dagbag.py:540} INFO - Filling up the DagBag from /Users/pablofrancoherrero/prueba_tecnica/venv/lib/python3.11/site-packages/airflow/example_dags/example_short_circuit_decorator.py
[2026-04-28T20:41:09.491+0200] {processor.py:840} INFO - DAG(s) 'example_short_circuit_decorator' retrieved from /Users/pablofrancoherrero/prueba_tecnica/venv/lib/python3.11/site-packages/airflow/example_dags/example_short_circuit_decorator.py
[2026-04-28T20:41:09.518+0200] {logging_mixin.py:188} INFO - [2026-04-28T20:41:09.518+0200] {dag.py:3096} INFO - Sync 1 DAGs
[2026-04-28T20:41:09.522+0200] {logging_mixin.py:188} INFO - [2026-04-28T20:41:09.522+0200] {dag.py:3954} INFO - Setting next_dagrun for example_short_circuit_decorator to 2026-04-27 00:00:00+00:00, run_after=2026-04-28 00:00:00+00:00
[2026-04-28T20:41:09.527+0200] {processor.py:183} INFO - Processing /Users/pablofrancoherrero/prueba_tecnica/venv/lib/python3.11/site-packages/airflow/example_dags/example_short_circuit_decorator.py took 0.050 seconds
[2026-04-28T20:42:34.443+0200] {processor.py:161} INFO - Started process (PID=56595) to work on /Users/pablofrancoherrero/prueba_tecnica/venv/lib/python3.11/site-packages/airflow/example_dags/example_short_circuit_decorator.py
[2026-04-28T20:42:34.443+0200] {processor.py:830} INFO - Processing file /Users/pablofrancoherrero/prueba_tecnica/venv/lib/python3.11/site-packages/airflow/example_dags/example_short_circuit_decorator.py for tasks to queue
[2026-04-28T20:42:34.444+0200] {logging_mixin.py:188} INFO - [2026-04-28T20:42:34.444+0200] {dagbag.py:540} INFO - Filling up the DagBag from /Users/pablofrancoherrero/prueba_tecnica/venv/lib/python3.11/site-packages/airflow/example_dags/example_short_circuit_decorator.py
[2026-04-28T20:42:34.456+0200] {processor.py:840} INFO - DAG(s) 'example_short_circuit_decorator' retrieved from /Users/pablofrancoherrero/prueba_tecnica/venv/lib/python3.11/site-packages/airflow/example_dags/example_short_circuit_decorator.py
[2026-04-28T20:42:34.484+0200] {logging_mixin.py:188} INFO - [2026-04-28T20:42:34.484+0200] {dag.py:3096} INFO - Sync 1 DAGs
[2026-04-28T20:42:34.489+0200] {logging_mixin.py:188} INFO - [2026-04-28T20:42:34.489+0200] {dag.py:3954} INFO - Setting next_dagrun for example_short_circuit_decorator to 2026-04-27 00:00:00+00:00, run_after=2026-04-28 00:00:00+00:00
[2026-04-28T20:42:34.494+0200] {processor.py:183} INFO - Processing /Users/pablofrancoherrero/prueba_tecnica/venv/lib/python3.11/site-packages/airflow/example_dags/example_short_circuit_decorator.py took 0.051 seconds
[2026-04-28T20:43:54.655+0200] {processor.py:161} INFO - Started process (PID=56801) to work on /Users/pablofrancoherrero/prueba_tecnica/venv/lib/python3.11/site-packages/airflow/example_dags/example_short_circuit_decorator.py
[2026-04-28T20:43:54.656+0200] {processor.py:830} INFO - Processing file /Users/pablofrancoherrero/prueba_tecnica/venv/lib/python3.11/site-packages/airflow/example_dags/example_short_circuit_decorator.py for tasks to queue
[2026-04-28T20:43:54.656+0200] {logging_mixin.py:188} INFO - [2026-04-28T20:43:54.656+0200] {dagbag.py:540} INFO - Filling up the DagBag from /Users/pablofrancoherrero/prueba_tecnica/venv/lib/python3.11/site-packages/airflow/example_dags/example_short_circuit_decorator.py
[2026-04-28T20:43:54.675+0200] {processor.py:840} INFO - DAG(s) 'example_short_circuit_decorator' retrieved from /Users/pablofrancoherrero/prueba_tecnica/venv/lib/python3.11/site-packages/airflow/example_dags/example_short_circuit_decorator.py
[2026-04-28T20:43:54.703+0200] {logging_mixin.py:188} INFO - [2026-04-28T20:43:54.703+0200] {dag.py:3096} INFO - Sync 1 DAGs
[2026-04-28T20:43:54.707+0200] {logging_mixin.py:188} INFO - [2026-04-28T20:43:54.707+0200] {dag.py:3954} INFO - Setting next_dagrun for example_short_circuit_decorator to 2026-04-27 00:00:00+00:00, run_after=2026-04-28 00:00:00+00:00
[2026-04-28T20:43:54.712+0200] {processor.py:183} INFO - Processing /Users/pablofrancoherrero/prueba_tecnica/venv/lib/python3.11/site-packages/airflow/example_dags/example_short_circuit_decorator.py took 0.058 seconds
[2026-04-28T20:45:17.890+0200] {processor.py:161} INFO - Started process (PID=56932) to work on /Users/pablofrancoherrero/prueba_tecnica/venv/lib/python3.11/site-packages/airflow/example_dags/example_short_circuit_decorator.py
[2026-04-28T20:45:17.891+0200] {processor.py:830} INFO - Processing file /Users/pablofrancoherrero/prueba_tecnica/venv/lib/python3.11/site-packages/airflow/example_dags/example_short_circuit_decorator.py for tasks to queue
[2026-04-28T20:45:17.891+0200] {logging_mixin.py:188} INFO - [2026-04-28T20:45:17.891+0200] {dagbag.py:540} INFO - Filling up the DagBag from /Users/pablofrancoherrero/prueba_tecnica/venv/lib/python3.11/site-packages/airflow/example_dags/example_short_circuit_decorator.py
[2026-04-28T20:45:17.903+0200] {processor.py:840} INFO - DAG(s) 'example_short_circuit_decorator' retrieved from /Users/pablofrancoherrero/prueba_tecnica/venv/lib/python3.11/site-packages/airflow/example_dags/example_short_circuit_decorator.py
[2026-04-28T20:45:17.931+0200] {logging_mixin.py:188} INFO - [2026-04-28T20:45:17.931+0200] {dag.py:3096} INFO - Sync 1 DAGs
[2026-04-28T20:45:17.935+0200] {logging_mixin.py:188} INFO - [2026-04-28T20:45:17.935+0200] {dag.py:3954} INFO - Setting next_dagrun for example_short_circuit_decorator to 2026-04-27 00:00:00+00:00, run_after=2026-04-28 00:00:00+00:00
[2026-04-28T20:45:17.940+0200] {processor.py:183} INFO - Processing /Users/pablofrancoherrero/prueba_tecnica/venv/lib/python3.11/site-packages/airflow/example_dags/example_short_circuit_decorator.py took 0.051 seconds
[2026-04-28T20:53:32.663+0200] {processor.py:161} INFO - Started process (PID=58959) to work on /Users/pablofrancoherrero/prueba_tecnica/venv/lib/python3.11/site-packages/airflow/example_dags/example_short_circuit_decorator.py
[2026-04-28T20:53:32.663+0200] {processor.py:830} INFO - Processing file /Users/pablofrancoherrero/prueba_tecnica/venv/lib/python3.11/site-packages/airflow/example_dags/example_short_circuit_decorator.py for tasks to queue
[2026-04-28T20:53:32.664+0200] {logging_mixin.py:188} INFO - [2026-04-28T20:53:32.664+0200] {dagbag.py:540} INFO - Filling up the DagBag from /Users/pablofrancoherrero/prueba_tecnica/venv/lib/python3.11/site-packages/airflow/example_dags/example_short_circuit_decorator.py
[2026-04-28T20:53:32.676+0200] {processor.py:840} INFO - DAG(s) 'example_short_circuit_decorator' retrieved from /Users/pablofrancoherrero/prueba_tecnica/venv/lib/python3.11/site-packages/airflow/example_dags/example_short_circuit_decorator.py
[2026-04-28T20:53:32.725+0200] {logging_mixin.py:188} INFO - [2026-04-28T20:53:32.725+0200] {dag.py:3096} INFO - Sync 1 DAGs
[2026-04-28T20:53:32.748+0200] {logging_mixin.py:188} INFO - [2026-04-28T20:53:32.748+0200] {dag.py:3954} INFO - Setting next_dagrun for example_short_circuit_decorator to 2026-04-27 00:00:00+00:00, run_after=2026-04-28 00:00:00+00:00
[2026-04-28T20:53:32.753+0200] {processor.py:183} INFO - Processing /Users/pablofrancoherrero/prueba_tecnica/venv/lib/python3.11/site-packages/airflow/example_dags/example_short_circuit_decorator.py took 0.091 seconds
[2026-04-28T20:54:53.701+0200] {processor.py:161} INFO - Started process (PID=59054) to work on /Users/pablofrancoherrero/prueba_tecnica/venv/lib/python3.11/site-packages/airflow/example_dags/example_short_circuit_decorator.py
[2026-04-28T20:54:53.702+0200] {processor.py:830} INFO - Processing file /Users/pablofrancoherrero/prueba_tecnica/venv/lib/python3.11/site-packages/airflow/example_dags/example_short_circuit_decorator.py for tasks to queue
[2026-04-28T20:54:53.702+0200] {logging_mixin.py:188} INFO - [2026-04-28T20:54:53.702+0200] {dagbag.py:540} INFO - Filling up the DagBag from /Users/pablofrancoherrero/prueba_tecnica/venv/lib/python3.11/site-packages/airflow/example_dags/example_short_circuit_decorator.py
[2026-04-28T20:54:53.715+0200] {processor.py:840} INFO - DAG(s) 'example_short_circuit_decorator' retrieved from /Users/pablofrancoherrero/prueba_tecnica/venv/lib/python3.11/site-packages/airflow/example_dags/example_short_circuit_decorator.py
[2026-04-28T20:54:53.743+0200] {logging_mixin.py:188} INFO - [2026-04-28T20:54:53.743+0200] {dag.py:3096} INFO - Sync 1 DAGs
[2026-04-28T20:54:53.747+0200] {logging_mixin.py:188} INFO - [2026-04-28T20:54:53.747+0200] {dag.py:3954} INFO - Setting next_dagrun for example_short_circuit_decorator to 2026-04-27 00:00:00+00:00, run_after=2026-04-28 00:00:00+00:00
[2026-04-28T20:54:53.752+0200] {processor.py:183} INFO - Processing /Users/pablofrancoherrero/prueba_tecnica/venv/lib/python3.11/site-packages/airflow/example_dags/example_short_circuit_decorator.py took 0.052 seconds
[2026-04-28T20:56:15.849+0200] {processor.py:161} INFO - Started process (PID=59145) to work on /Users/pablofrancoherrero/prueba_tecnica/venv/lib/python3.11/site-packages/airflow/example_dags/example_short_circuit_decorator.py
[2026-04-28T20:56:15.850+0200] {processor.py:830} INFO - Processing file /Users/pablofrancoherrero/prueba_tecnica/venv/lib/python3.11/site-packages/airflow/example_dags/example_short_circuit_decorator.py for tasks to queue
[2026-04-28T20:56:15.850+0200] {logging_mixin.py:188} INFO - [2026-04-28T20:56:15.850+0200] {dagbag.py:540} INFO - Filling up the DagBag from /Users/pablofrancoherrero/prueba_tecnica/venv/lib/python3.11/site-packages/airflow/example_dags/example_short_circuit_decorator.py
[2026-04-28T20:56:15.863+0200] {processor.py:840} INFO - DAG(s) 'example_short_circuit_decorator' retrieved from /Users/pablofrancoherrero/prueba_tecnica/venv/lib/python3.11/site-packages/airflow/example_dags/example_short_circuit_decorator.py
[2026-04-28T20:56:15.891+0200] {logging_mixin.py:188} INFO - [2026-04-28T20:56:15.891+0200] {dag.py:3096} INFO - Sync 1 DAGs
[2026-04-28T20:56:15.896+0200] {logging_mixin.py:188} INFO - [2026-04-28T20:56:15.896+0200] {dag.py:3954} INFO - Setting next_dagrun for example_short_circuit_decorator to 2026-04-27 00:00:00+00:00, run_after=2026-04-28 00:00:00+00:00
[2026-04-28T20:56:15.901+0200] {processor.py:183} INFO - Processing /Users/pablofrancoherrero/prueba_tecnica/venv/lib/python3.11/site-packages/airflow/example_dags/example_short_circuit_decorator.py took 0.052 seconds
[2026-04-28T20:57:36.781+0200] {processor.py:161} INFO - Started process (PID=59254) to work on /Users/pablofrancoherrero/prueba_tecnica/venv/lib/python3.11/site-packages/airflow/example_dags/example_short_circuit_decorator.py
[2026-04-28T20:57:36.782+0200] {processor.py:830} INFO - Processing file /Users/pablofrancoherrero/prueba_tecnica/venv/lib/python3.11/site-packages/airflow/example_dags/example_short_circuit_decorator.py for tasks to queue
[2026-04-28T20:57:36.782+0200] {logging_mixin.py:188} INFO - [2026-04-28T20:57:36.782+0200] {dagbag.py:540} INFO - Filling up the DagBag from /Users/pablofrancoherrero/prueba_tecnica/venv/lib/python3.11/site-packages/airflow/example_dags/example_short_circuit_decorator.py
[2026-04-28T20:57:36.794+0200] {processor.py:840} INFO - DAG(s) 'example_short_circuit_decorator' retrieved from /Users/pablofrancoherrero/prueba_tecnica/venv/lib/python3.11/site-packages/airflow/example_dags/example_short_circuit_decorator.py
[2026-04-28T20:57:36.821+0200] {logging_mixin.py:188} INFO - [2026-04-28T20:57:36.821+0200] {dag.py:3096} INFO - Sync 1 DAGs
[2026-04-28T20:57:36.825+0200] {logging_mixin.py:188} INFO - [2026-04-28T20:57:36.825+0200] {dag.py:3954} INFO - Setting next_dagrun for example_short_circuit_decorator to 2026-04-27 00:00:00+00:00, run_after=2026-04-28 00:00:00+00:00
[2026-04-28T20:57:36.830+0200] {processor.py:183} INFO - Processing /Users/pablofrancoherrero/prueba_tecnica/venv/lib/python3.11/site-packages/airflow/example_dags/example_short_circuit_decorator.py took 0.050 seconds
[2026-04-28T20:58:57.122+0200] {processor.py:161} INFO - Started process (PID=59390) to work on /Users/pablofrancoherrero/prueba_tecnica/venv/lib/python3.11/site-packages/airflow/example_dags/example_short_circuit_decorator.py
[2026-04-28T20:58:57.123+0200] {processor.py:830} INFO - Processing file /Users/pablofrancoherrero/prueba_tecnica/venv/lib/python3.11/site-packages/airflow/example_dags/example_short_circuit_decorator.py for tasks to queue
[2026-04-28T20:58:57.123+0200] {logging_mixin.py:188} INFO - [2026-04-28T20:58:57.123+0200] {dagbag.py:540} INFO - Filling up the DagBag from /Users/pablofrancoherrero/prueba_tecnica/venv/lib/python3.11/site-packages/airflow/example_dags/example_short_circuit_decorator.py
[2026-04-28T20:58:57.137+0200] {processor.py:840} INFO - DAG(s) 'example_short_circuit_decorator' retrieved from /Users/pablofrancoherrero/prueba_tecnica/venv/lib/python3.11/site-packages/airflow/example_dags/example_short_circuit_decorator.py
[2026-04-28T20:58:57.166+0200] {logging_mixin.py:188} INFO - [2026-04-28T20:58:57.166+0200] {dag.py:3096} INFO - Sync 1 DAGs
[2026-04-28T20:58:57.171+0200] {logging_mixin.py:188} INFO - [2026-04-28T20:58:57.171+0200] {dag.py:3954} INFO - Setting next_dagrun for example_short_circuit_decorator to 2026-04-27 00:00:00+00:00, run_after=2026-04-28 00:00:00+00:00
[2026-04-28T20:58:57.176+0200] {processor.py:183} INFO - Processing /Users/pablofrancoherrero/prueba_tecnica/venv/lib/python3.11/site-packages/airflow/example_dags/example_short_circuit_decorator.py took 0.054 seconds
[2026-04-28T21:00:20.826+0200] {processor.py:161} INFO - Started process (PID=59479) to work on /Users/pablofrancoherrero/prueba_tecnica/venv/lib/python3.11/site-packages/airflow/example_dags/example_short_circuit_decorator.py
[2026-04-28T21:00:20.828+0200] {processor.py:830} INFO - Processing file /Users/pablofrancoherrero/prueba_tecnica/venv/lib/python3.11/site-packages/airflow/example_dags/example_short_circuit_decorator.py for tasks to queue
[2026-04-28T21:00:20.828+0200] {logging_mixin.py:188} INFO - [2026-04-28T21:00:20.828+0200] {dagbag.py:540} INFO - Filling up the DagBag from /Users/pablofrancoherrero/prueba_tecnica/venv/lib/python3.11/site-packages/airflow/example_dags/example_short_circuit_decorator.py
[2026-04-28T21:00:20.840+0200] {processor.py:840} INFO - DAG(s) 'example_short_circuit_decorator' retrieved from /Users/pablofrancoherrero/prueba_tecnica/venv/lib/python3.11/site-packages/airflow/example_dags/example_short_circuit_decorator.py
[2026-04-28T21:00:20.868+0200] {logging_mixin.py:188} INFO - [2026-04-28T21:00:20.868+0200] {dag.py:3096} INFO - Sync 1 DAGs
[2026-04-28T21:00:20.873+0200] {logging_mixin.py:188} INFO - [2026-04-28T21:00:20.872+0200] {dag.py:3954} INFO - Setting next_dagrun for example_short_circuit_decorator to 2026-04-27 00:00:00+00:00, run_after=2026-04-28 00:00:00+00:00
[2026-04-28T21:00:20.877+0200] {processor.py:183} INFO - Processing /Users/pablofrancoherrero/prueba_tecnica/venv/lib/python3.11/site-packages/airflow/example_dags/example_short_circuit_decorator.py took 0.052 seconds
[2026-04-28T21:01:43.623+0200] {processor.py:161} INFO - Started process (PID=59572) to work on /Users/pablofrancoherrero/prueba_tecnica/venv/lib/python3.11/site-packages/airflow/example_dags/example_short_circuit_decorator.py
[2026-04-28T21:01:43.624+0200] {processor.py:830} INFO - Processing file /Users/pablofrancoherrero/prueba_tecnica/venv/lib/python3.11/site-packages/airflow/example_dags/example_short_circuit_decorator.py for tasks to queue
[2026-04-28T21:01:43.624+0200] {logging_mixin.py:188} INFO - [2026-04-28T21:01:43.624+0200] {dagbag.py:540} INFO - Filling up the DagBag from /Users/pablofrancoherrero/prueba_tecnica/venv/lib/python3.11/site-packages/airflow/example_dags/example_short_circuit_decorator.py
[2026-04-28T21:01:43.637+0200] {processor.py:840} INFO - DAG(s) 'example_short_circuit_decorator' retrieved from /Users/pablofrancoherrero/prueba_tecnica/venv/lib/python3.11/site-packages/airflow/example_dags/example_short_circuit_decorator.py
[2026-04-28T21:01:43.665+0200] {logging_mixin.py:188} INFO - [2026-04-28T21:01:43.665+0200] {dag.py:3096} INFO - Sync 1 DAGs
[2026-04-28T21:01:43.675+0200] {logging_mixin.py:188} INFO - [2026-04-28T21:01:43.674+0200] {dag.py:3954} INFO - Setting next_dagrun for example_short_circuit_decorator to 2026-04-27 00:00:00+00:00, run_after=2026-04-28 00:00:00+00:00
[2026-04-28T21:01:43.684+0200] {processor.py:183} INFO - Processing /Users/pablofrancoherrero/prueba_tecnica/venv/lib/python3.11/site-packages/airflow/example_dags/example_short_circuit_decorator.py took 0.061 seconds
[2026-04-28T21:03:03.814+0200] {processor.py:161} INFO - Started process (PID=59692) to work on /Users/pablofrancoherrero/prueba_tecnica/venv/lib/python3.11/site-packages/airflow/example_dags/example_short_circuit_decorator.py
[2026-04-28T21:03:03.815+0200] {processor.py:830} INFO - Processing file /Users/pablofrancoherrero/prueba_tecnica/venv/lib/python3.11/site-packages/airflow/example_dags/example_short_circuit_decorator.py for tasks to queue
[2026-04-28T21:03:03.815+0200] {logging_mixin.py:188} INFO - [2026-04-28T21:03:03.815+0200] {dagbag.py:540} INFO - Filling up the DagBag from /Users/pablofrancoherrero/prueba_tecnica/venv/lib/python3.11/site-packages/airflow/example_dags/example_short_circuit_decorator.py
[2026-04-28T21:03:03.827+0200] {processor.py:840} INFO - DAG(s) 'example_short_circuit_decorator' retrieved from /Users/pablofrancoherrero/prueba_tecnica/venv/lib/python3.11/site-packages/airflow/example_dags/example_short_circuit_decorator.py
[2026-04-28T21:03:03.853+0200] {logging_mixin.py:188} INFO - [2026-04-28T21:03:03.853+0200] {dag.py:3096} INFO - Sync 1 DAGs
[2026-04-28T21:03:03.858+0200] {logging_mixin.py:188} INFO - [2026-04-28T21:03:03.857+0200] {dag.py:3954} INFO - Setting next_dagrun for example_short_circuit_decorator to 2026-04-27 00:00:00+00:00, run_after=2026-04-28 00:00:00+00:00
[2026-04-28T21:03:03.862+0200] {processor.py:183} INFO - Processing /Users/pablofrancoherrero/prueba_tecnica/venv/lib/python3.11/site-packages/airflow/example_dags/example_short_circuit_decorator.py took 0.050 seconds
[2026-04-28T21:04:24.935+0200] {processor.py:161} INFO - Started process (PID=59778) to work on /Users/pablofrancoherrero/prueba_tecnica/venv/lib/python3.11/site-packages/airflow/example_dags/example_short_circuit_decorator.py
[2026-04-28T21:04:24.936+0200] {processor.py:830} INFO - Processing file /Users/pablofrancoherrero/prueba_tecnica/venv/lib/python3.11/site-packages/airflow/example_dags/example_short_circuit_decorator.py for tasks to queue
[2026-04-28T21:04:24.936+0200] {logging_mixin.py:188} INFO - [2026-04-28T21:04:24.936+0200] {dagbag.py:540} INFO - Filling up the DagBag from /Users/pablofrancoherrero/prueba_tecnica/venv/lib/python3.11/site-packages/airflow/example_dags/example_short_circuit_decorator.py
[2026-04-28T21:04:24.948+0200] {processor.py:840} INFO - DAG(s) 'example_short_circuit_decorator' retrieved from /Users/pablofrancoherrero/prueba_tecnica/venv/lib/python3.11/site-packages/airflow/example_dags/example_short_circuit_decorator.py
[2026-04-28T21:04:24.975+0200] {logging_mixin.py:188} INFO - [2026-04-28T21:04:24.975+0200] {dag.py:3096} INFO - Sync 1 DAGs
[2026-04-28T21:04:24.979+0200] {logging_mixin.py:188} INFO - [2026-04-28T21:04:24.979+0200] {dag.py:3954} INFO - Setting next_dagrun for example_short_circuit_decorator to 2026-04-27 00:00:00+00:00, run_after=2026-04-28 00:00:00+00:00
[2026-04-28T21:04:24.985+0200] {processor.py:183} INFO - Processing /Users/pablofrancoherrero/prueba_tecnica/venv/lib/python3.11/site-packages/airflow/example_dags/example_short_circuit_decorator.py took 0.050 seconds
[2026-04-28T21:05:49.054+0200] {processor.py:161} INFO - Started process (PID=59877) to work on /Users/pablofrancoherrero/prueba_tecnica/venv/lib/python3.11/site-packages/airflow/example_dags/example_short_circuit_decorator.py
[2026-04-28T21:05:49.055+0200] {processor.py:830} INFO - Processing file /Users/pablofrancoherrero/prueba_tecnica/venv/lib/python3.11/site-packages/airflow/example_dags/example_short_circuit_decorator.py for tasks to queue
[2026-04-28T21:05:49.056+0200] {logging_mixin.py:188} INFO - [2026-04-28T21:05:49.056+0200] {dagbag.py:540} INFO - Filling up the DagBag from /Users/pablofrancoherrero/prueba_tecnica/venv/lib/python3.11/site-packages/airflow/example_dags/example_short_circuit_decorator.py
[2026-04-28T21:05:49.069+0200] {processor.py:840} INFO - DAG(s) 'example_short_circuit_decorator' retrieved from /Users/pablofrancoherrero/prueba_tecnica/venv/lib/python3.11/site-packages/airflow/example_dags/example_short_circuit_decorator.py
[2026-04-28T21:05:49.098+0200] {logging_mixin.py:188} INFO - [2026-04-28T21:05:49.098+0200] {dag.py:3096} INFO - Sync 1 DAGs
[2026-04-28T21:05:49.103+0200] {logging_mixin.py:188} INFO - [2026-04-28T21:05:49.103+0200] {dag.py:3954} INFO - Setting next_dagrun for example_short_circuit_decorator to 2026-04-27 00:00:00+00:00, run_after=2026-04-28 00:00:00+00:00
[2026-04-28T21:05:49.108+0200] {processor.py:183} INFO - Processing /Users/pablofrancoherrero/prueba_tecnica/venv/lib/python3.11/site-packages/airflow/example_dags/example_short_circuit_decorator.py took 0.055 seconds
[2026-04-28T21:07:09.726+0200] {processor.py:161} INFO - Started process (PID=59988) to work on /Users/pablofrancoherrero/prueba_tecnica/venv/lib/python3.11/site-packages/airflow/example_dags/example_short_circuit_decorator.py
[2026-04-28T21:07:09.727+0200] {processor.py:830} INFO - Processing file /Users/pablofrancoherrero/prueba_tecnica/venv/lib/python3.11/site-packages/airflow/example_dags/example_short_circuit_decorator.py for tasks to queue
[2026-04-28T21:07:09.727+0200] {logging_mixin.py:188} INFO - [2026-04-28T21:07:09.727+0200] {dagbag.py:540} INFO - Filling up the DagBag from /Users/pablofrancoherrero/prueba_tecnica/venv/lib/python3.11/site-packages/airflow/example_dags/example_short_circuit_decorator.py
[2026-04-28T21:07:09.739+0200] {processor.py:840} INFO - DAG(s) 'example_short_circuit_decorator' retrieved from /Users/pablofrancoherrero/prueba_tecnica/venv/lib/python3.11/site-packages/airflow/example_dags/example_short_circuit_decorator.py
[2026-04-28T21:07:09.767+0200] {logging_mixin.py:188} INFO - [2026-04-28T21:07:09.767+0200] {dag.py:3096} INFO - Sync 1 DAGs
[2026-04-28T21:07:09.771+0200] {logging_mixin.py:188} INFO - [2026-04-28T21:07:09.771+0200] {dag.py:3954} INFO - Setting next_dagrun for example_short_circuit_decorator to 2026-04-27 00:00:00+00:00, run_after=2026-04-28 00:00:00+00:00
[2026-04-28T21:07:09.776+0200] {processor.py:183} INFO - Processing /Users/pablofrancoherrero/prueba_tecnica/venv/lib/python3.11/site-packages/airflow/example_dags/example_short_circuit_decorator.py took 0.051 seconds
[2026-04-28T21:08:30.522+0200] {processor.py:161} INFO - Started process (PID=60092) to work on /Users/pablofrancoherrero/prueba_tecnica/venv/lib/python3.11/site-packages/airflow/example_dags/example_short_circuit_decorator.py
[2026-04-28T21:08:30.523+0200] {processor.py:830} INFO - Processing file /Users/pablofrancoherrero/prueba_tecnica/venv/lib/python3.11/site-packages/airflow/example_dags/example_short_circuit_decorator.py for tasks to queue
[2026-04-28T21:08:30.523+0200] {logging_mixin.py:188} INFO - [2026-04-28T21:08:30.523+0200] {dagbag.py:540} INFO - Filling up the DagBag from /Users/pablofrancoherrero/prueba_tecnica/venv/lib/python3.11/site-packages/airflow/example_dags/example_short_circuit_decorator.py
[2026-04-28T21:08:30.535+0200] {processor.py:840} INFO - DAG(s) 'example_short_circuit_decorator' retrieved from /Users/pablofrancoherrero/prueba_tecnica/venv/lib/python3.11/site-packages/airflow/example_dags/example_short_circuit_decorator.py
[2026-04-28T21:08:30.562+0200] {logging_mixin.py:188} INFO - [2026-04-28T21:08:30.562+0200] {dag.py:3096} INFO - Sync 1 DAGs
[2026-04-28T21:08:30.566+0200] {logging_mixin.py:188} INFO - [2026-04-28T21:08:30.566+0200] {dag.py:3954} INFO - Setting next_dagrun for example_short_circuit_decorator to 2026-04-27 00:00:00+00:00, run_after=2026-04-28 00:00:00+00:00
[2026-04-28T21:08:30.571+0200] {processor.py:183} INFO - Processing /Users/pablofrancoherrero/prueba_tecnica/venv/lib/python3.11/site-packages/airflow/example_dags/example_short_circuit_decorator.py took 0.050 seconds
[2026-04-28T21:09:54.697+0200] {processor.py:161} INFO - Started process (PID=60253) to work on /Users/pablofrancoherrero/prueba_tecnica/venv/lib/python3.11/site-packages/airflow/example_dags/example_short_circuit_decorator.py
[2026-04-28T21:09:54.698+0200] {processor.py:830} INFO - Processing file /Users/pablofrancoherrero/prueba_tecnica/venv/lib/python3.11/site-packages/airflow/example_dags/example_short_circuit_decorator.py for tasks to queue
[2026-04-28T21:09:54.698+0200] {logging_mixin.py:188} INFO - [2026-04-28T21:09:54.698+0200] {dagbag.py:540} INFO - Filling up the DagBag from /Users/pablofrancoherrero/prueba_tecnica/venv/lib/python3.11/site-packages/airflow/example_dags/example_short_circuit_decorator.py
[2026-04-28T21:09:54.710+0200] {processor.py:840} INFO - DAG(s) 'example_short_circuit_decorator' retrieved from /Users/pablofrancoherrero/prueba_tecnica/venv/lib/python3.11/site-packages/airflow/example_dags/example_short_circuit_decorator.py
[2026-04-28T21:09:54.738+0200] {logging_mixin.py:188} INFO - [2026-04-28T21:09:54.738+0200] {dag.py:3096} INFO - Sync 1 DAGs
[2026-04-28T21:09:54.742+0200] {logging_mixin.py:188} INFO - [2026-04-28T21:09:54.742+0200] {dag.py:3954} INFO - Setting next_dagrun for example_short_circuit_decorator to 2026-04-27 00:00:00+00:00, run_after=2026-04-28 00:00:00+00:00
[2026-04-28T21:09:54.747+0200] {processor.py:183} INFO - Processing /Users/pablofrancoherrero/prueba_tecnica/venv/lib/python3.11/site-packages/airflow/example_dags/example_short_circuit_decorator.py took 0.051 seconds
[2026-04-28T21:13:41.903+0200] {processor.py:161} INFO - Started process (PID=60429) to work on /Users/pablofrancoherrero/prueba_tecnica/venv/lib/python3.11/site-packages/airflow/example_dags/example_short_circuit_decorator.py
[2026-04-28T21:13:41.904+0200] {processor.py:830} INFO - Processing file /Users/pablofrancoherrero/prueba_tecnica/venv/lib/python3.11/site-packages/airflow/example_dags/example_short_circuit_decorator.py for tasks to queue
[2026-04-28T21:13:41.904+0200] {logging_mixin.py:188} INFO - [2026-04-28T21:13:41.904+0200] {dagbag.py:540} INFO - Filling up the DagBag from /Users/pablofrancoherrero/prueba_tecnica/venv/lib/python3.11/site-packages/airflow/example_dags/example_short_circuit_decorator.py
[2026-04-28T21:13:41.916+0200] {processor.py:840} INFO - DAG(s) 'example_short_circuit_decorator' retrieved from /Users/pablofrancoherrero/prueba_tecnica/venv/lib/python3.11/site-packages/airflow/example_dags/example_short_circuit_decorator.py
[2026-04-28T21:13:41.942+0200] {logging_mixin.py:188} INFO - [2026-04-28T21:13:41.942+0200] {dag.py:3096} INFO - Sync 1 DAGs
[2026-04-28T21:13:41.946+0200] {logging_mixin.py:188} INFO - [2026-04-28T21:13:41.946+0200] {dag.py:3954} INFO - Setting next_dagrun for example_short_circuit_decorator to 2026-04-27 00:00:00+00:00, run_after=2026-04-28 00:00:00+00:00
[2026-04-28T21:13:41.951+0200] {processor.py:183} INFO - Processing /Users/pablofrancoherrero/prueba_tecnica/venv/lib/python3.11/site-packages/airflow/example_dags/example_short_circuit_decorator.py took 0.049 seconds
[2026-04-28T21:19:13.486+0200] {processor.py:161} INFO - Started process (PID=60540) to work on /Users/pablofrancoherrero/prueba_tecnica/venv/lib/python3.11/site-packages/airflow/example_dags/example_short_circuit_decorator.py
[2026-04-28T21:19:13.487+0200] {processor.py:830} INFO - Processing file /Users/pablofrancoherrero/prueba_tecnica/venv/lib/python3.11/site-packages/airflow/example_dags/example_short_circuit_decorator.py for tasks to queue
[2026-04-28T21:19:13.487+0200] {logging_mixin.py:188} INFO - [2026-04-28T21:19:13.487+0200] {dagbag.py:540} INFO - Filling up the DagBag from /Users/pablofrancoherrero/prueba_tecnica/venv/lib/python3.11/site-packages/airflow/example_dags/example_short_circuit_decorator.py
[2026-04-28T21:19:13.499+0200] {processor.py:840} INFO - DAG(s) 'example_short_circuit_decorator' retrieved from /Users/pablofrancoherrero/prueba_tecnica/venv/lib/python3.11/site-packages/airflow/example_dags/example_short_circuit_decorator.py
[2026-04-28T21:19:13.525+0200] {logging_mixin.py:188} INFO - [2026-04-28T21:19:13.524+0200] {dag.py:3096} INFO - Sync 1 DAGs
[2026-04-28T21:19:13.529+0200] {logging_mixin.py:188} INFO - [2026-04-28T21:19:13.529+0200] {dag.py:3954} INFO - Setting next_dagrun for example_short_circuit_decorator to 2026-04-27 00:00:00+00:00, run_after=2026-04-28 00:00:00+00:00
[2026-04-28T21:19:13.533+0200] {processor.py:183} INFO - Processing /Users/pablofrancoherrero/prueba_tecnica/venv/lib/python3.11/site-packages/airflow/example_dags/example_short_circuit_decorator.py took 0.048 seconds
[2026-04-28T21:21:15.402+0200] {processor.py:161} INFO - Started process (PID=60694) to work on /Users/pablofrancoherrero/prueba_tecnica/venv/lib/python3.11/site-packages/airflow/example_dags/example_short_circuit_decorator.py
[2026-04-28T21:21:15.403+0200] {processor.py:830} INFO - Processing file /Users/pablofrancoherrero/prueba_tecnica/venv/lib/python3.11/site-packages/airflow/example_dags/example_short_circuit_decorator.py for tasks to queue
[2026-04-28T21:21:15.403+0200] {logging_mixin.py:188} INFO - [2026-04-28T21:21:15.403+0200] {dagbag.py:540} INFO - Filling up the DagBag from /Users/pablofrancoherrero/prueba_tecnica/venv/lib/python3.11/site-packages/airflow/example_dags/example_short_circuit_decorator.py
[2026-04-28T21:21:15.415+0200] {processor.py:840} INFO - DAG(s) 'example_short_circuit_decorator' retrieved from /Users/pablofrancoherrero/prueba_tecnica/venv/lib/python3.11/site-packages/airflow/example_dags/example_short_circuit_decorator.py
[2026-04-28T21:21:15.442+0200] {logging_mixin.py:188} INFO - [2026-04-28T21:21:15.442+0200] {dag.py:3096} INFO - Sync 1 DAGs
[2026-04-28T21:21:15.447+0200] {logging_mixin.py:188} INFO - [2026-04-28T21:21:15.447+0200] {dag.py:3954} INFO - Setting next_dagrun for example_short_circuit_decorator to 2026-04-27 00:00:00+00:00, run_after=2026-04-28 00:00:00+00:00
[2026-04-28T21:21:15.451+0200] {processor.py:183} INFO - Processing /Users/pablofrancoherrero/prueba_tecnica/venv/lib/python3.11/site-packages/airflow/example_dags/example_short_circuit_decorator.py took 0.050 seconds
[2026-04-28T21:23:49.854+0200] {processor.py:161} INFO - Started process (PID=60820) to work on /Users/pablofrancoherrero/prueba_tecnica/venv/lib/python3.11/site-packages/airflow/example_dags/example_short_circuit_decorator.py
[2026-04-28T21:23:49.854+0200] {processor.py:830} INFO - Processing file /Users/pablofrancoherrero/prueba_tecnica/venv/lib/python3.11/site-packages/airflow/example_dags/example_short_circuit_decorator.py for tasks to queue
[2026-04-28T21:23:49.855+0200] {logging_mixin.py:188} INFO - [2026-04-28T21:23:49.854+0200] {dagbag.py:540} INFO - Filling up the DagBag from /Users/pablofrancoherrero/prueba_tecnica/venv/lib/python3.11/site-packages/airflow/example_dags/example_short_circuit_decorator.py
[2026-04-28T21:23:49.866+0200] {processor.py:840} INFO - DAG(s) 'example_short_circuit_decorator' retrieved from /Users/pablofrancoherrero/prueba_tecnica/venv/lib/python3.11/site-packages/airflow/example_dags/example_short_circuit_decorator.py
[2026-04-28T21:23:49.893+0200] {logging_mixin.py:188} INFO - [2026-04-28T21:23:49.893+0200] {dag.py:3096} INFO - Sync 1 DAGs
[2026-04-28T21:23:49.898+0200] {logging_mixin.py:188} INFO - [2026-04-28T21:23:49.898+0200] {dag.py:3954} INFO - Setting next_dagrun for example_short_circuit_decorator to 2026-04-27 00:00:00+00:00, run_after=2026-04-28 00:00:00+00:00
[2026-04-28T21:23:49.902+0200] {processor.py:183} INFO - Processing /Users/pablofrancoherrero/prueba_tecnica/venv/lib/python3.11/site-packages/airflow/example_dags/example_short_circuit_decorator.py took 0.049 seconds
[2026-04-28T21:27:29.613+0200] {processor.py:161} INFO - Started process (PID=60972) to work on /Users/pablofrancoherrero/prueba_tecnica/venv/lib/python3.11/site-packages/airflow/example_dags/example_short_circuit_decorator.py
[2026-04-28T21:27:29.613+0200] {processor.py:830} INFO - Processing file /Users/pablofrancoherrero/prueba_tecnica/venv/lib/python3.11/site-packages/airflow/example_dags/example_short_circuit_decorator.py for tasks to queue
[2026-04-28T21:27:29.614+0200] {logging_mixin.py:188} INFO - [2026-04-28T21:27:29.614+0200] {dagbag.py:540} INFO - Filling up the DagBag from /Users/pablofrancoherrero/prueba_tecnica/venv/lib/python3.11/site-packages/airflow/example_dags/example_short_circuit_decorator.py
[2026-04-28T21:27:29.625+0200] {processor.py:840} INFO - DAG(s) 'example_short_circuit_decorator' retrieved from /Users/pablofrancoherrero/prueba_tecnica/venv/lib/python3.11/site-packages/airflow/example_dags/example_short_circuit_decorator.py
[2026-04-28T21:27:29.653+0200] {logging_mixin.py:188} INFO - [2026-04-28T21:27:29.653+0200] {dag.py:3096} INFO - Sync 1 DAGs
[2026-04-28T21:27:29.658+0200] {logging_mixin.py:188} INFO - [2026-04-28T21:27:29.658+0200] {dag.py:3954} INFO - Setting next_dagrun for example_short_circuit_decorator to 2026-04-27 00:00:00+00:00, run_after=2026-04-28 00:00:00+00:00
[2026-04-28T21:27:29.662+0200] {processor.py:183} INFO - Processing /Users/pablofrancoherrero/prueba_tecnica/venv/lib/python3.11/site-packages/airflow/example_dags/example_short_circuit_decorator.py took 0.050 seconds
[2026-04-28T21:32:51.413+0200] {processor.py:161} INFO - Started process (PID=61115) to work on /Users/pablofrancoherrero/prueba_tecnica/venv/lib/python3.11/site-packages/airflow/example_dags/example_short_circuit_decorator.py
[2026-04-28T21:32:51.414+0200] {processor.py:830} INFO - Processing file /Users/pablofrancoherrero/prueba_tecnica/venv/lib/python3.11/site-packages/airflow/example_dags/example_short_circuit_decorator.py for tasks to queue
[2026-04-28T21:32:51.414+0200] {logging_mixin.py:188} INFO - [2026-04-28T21:32:51.414+0200] {dagbag.py:540} INFO - Filling up the DagBag from /Users/pablofrancoherrero/prueba_tecnica/venv/lib/python3.11/site-packages/airflow/example_dags/example_short_circuit_decorator.py
[2026-04-28T21:32:51.425+0200] {processor.py:840} INFO - DAG(s) 'example_short_circuit_decorator' retrieved from /Users/pablofrancoherrero/prueba_tecnica/venv/lib/python3.11/site-packages/airflow/example_dags/example_short_circuit_decorator.py
[2026-04-28T21:32:51.451+0200] {logging_mixin.py:188} INFO - [2026-04-28T21:32:51.451+0200] {dag.py:3096} INFO - Sync 1 DAGs
[2026-04-28T21:32:51.455+0200] {logging_mixin.py:188} INFO - [2026-04-28T21:32:51.455+0200] {dag.py:3954} INFO - Setting next_dagrun for example_short_circuit_decorator to 2026-04-27 00:00:00+00:00, run_after=2026-04-28 00:00:00+00:00
[2026-04-28T21:32:51.459+0200] {processor.py:183} INFO - Processing /Users/pablofrancoherrero/prueba_tecnica/venv/lib/python3.11/site-packages/airflow/example_dags/example_short_circuit_decorator.py took 0.048 seconds
[2026-04-28T21:47:02.054+0200] {processor.py:161} INFO - Started process (PID=61311) to work on /Users/pablofrancoherrero/prueba_tecnica/venv/lib/python3.11/site-packages/airflow/example_dags/example_short_circuit_decorator.py
[2026-04-28T21:47:02.054+0200] {processor.py:830} INFO - Processing file /Users/pablofrancoherrero/prueba_tecnica/venv/lib/python3.11/site-packages/airflow/example_dags/example_short_circuit_decorator.py for tasks to queue
[2026-04-28T21:47:02.055+0200] {logging_mixin.py:188} INFO - [2026-04-28T21:47:02.055+0200] {dagbag.py:540} INFO - Filling up the DagBag from /Users/pablofrancoherrero/prueba_tecnica/venv/lib/python3.11/site-packages/airflow/example_dags/example_short_circuit_decorator.py
[2026-04-28T21:47:02.066+0200] {processor.py:840} INFO - DAG(s) 'example_short_circuit_decorator' retrieved from /Users/pablofrancoherrero/prueba_tecnica/venv/lib/python3.11/site-packages/airflow/example_dags/example_short_circuit_decorator.py
[2026-04-28T21:47:02.091+0200] {logging_mixin.py:188} INFO - [2026-04-28T21:47:02.091+0200] {dag.py:3096} INFO - Sync 1 DAGs
[2026-04-28T21:47:02.096+0200] {logging_mixin.py:188} INFO - [2026-04-28T21:47:02.095+0200] {dag.py:3954} INFO - Setting next_dagrun for example_short_circuit_decorator to 2026-04-27 00:00:00+00:00, run_after=2026-04-28 00:00:00+00:00
[2026-04-28T21:47:02.100+0200] {processor.py:183} INFO - Processing /Users/pablofrancoherrero/prueba_tecnica/venv/lib/python3.11/site-packages/airflow/example_dags/example_short_circuit_decorator.py took 0.047 seconds
[2026-04-28T21:51:25.508+0200] {processor.py:161} INFO - Started process (PID=61461) to work on /Users/pablofrancoherrero/prueba_tecnica/venv/lib/python3.11/site-packages/airflow/example_dags/example_short_circuit_decorator.py
[2026-04-28T21:51:25.509+0200] {processor.py:830} INFO - Processing file /Users/pablofrancoherrero/prueba_tecnica/venv/lib/python3.11/site-packages/airflow/example_dags/example_short_circuit_decorator.py for tasks to queue
[2026-04-28T21:51:25.509+0200] {logging_mixin.py:188} INFO - [2026-04-28T21:51:25.509+0200] {dagbag.py:540} INFO - Filling up the DagBag from /Users/pablofrancoherrero/prueba_tecnica/venv/lib/python3.11/site-packages/airflow/example_dags/example_short_circuit_decorator.py
[2026-04-28T21:51:25.521+0200] {processor.py:840} INFO - DAG(s) 'example_short_circuit_decorator' retrieved from /Users/pablofrancoherrero/prueba_tecnica/venv/lib/python3.11/site-packages/airflow/example_dags/example_short_circuit_decorator.py
[2026-04-28T21:51:25.547+0200] {logging_mixin.py:188} INFO - [2026-04-28T21:51:25.547+0200] {dag.py:3096} INFO - Sync 1 DAGs
[2026-04-28T21:51:25.552+0200] {logging_mixin.py:188} INFO - [2026-04-28T21:51:25.551+0200] {dag.py:3954} INFO - Setting next_dagrun for example_short_circuit_decorator to 2026-04-27 00:00:00+00:00, run_after=2026-04-28 00:00:00+00:00
[2026-04-28T21:51:25.556+0200] {processor.py:183} INFO - Processing /Users/pablofrancoherrero/prueba_tecnica/venv/lib/python3.11/site-packages/airflow/example_dags/example_short_circuit_decorator.py took 0.049 seconds
[2026-04-28T21:54:06.378+0200] {processor.py:161} INFO - Started process (PID=61598) to work on /Users/pablofrancoherrero/prueba_tecnica/venv/lib/python3.11/site-packages/airflow/example_dags/example_short_circuit_decorator.py
[2026-04-28T21:54:06.379+0200] {processor.py:830} INFO - Processing file /Users/pablofrancoherrero/prueba_tecnica/venv/lib/python3.11/site-packages/airflow/example_dags/example_short_circuit_decorator.py for tasks to queue
[2026-04-28T21:54:06.379+0200] {logging_mixin.py:188} INFO - [2026-04-28T21:54:06.379+0200] {dagbag.py:540} INFO - Filling up the DagBag from /Users/pablofrancoherrero/prueba_tecnica/venv/lib/python3.11/site-packages/airflow/example_dags/example_short_circuit_decorator.py
[2026-04-28T21:54:06.391+0200] {processor.py:840} INFO - DAG(s) 'example_short_circuit_decorator' retrieved from /Users/pablofrancoherrero/prueba_tecnica/venv/lib/python3.11/site-packages/airflow/example_dags/example_short_circuit_decorator.py
[2026-04-28T21:54:06.417+0200] {logging_mixin.py:188} INFO - [2026-04-28T21:54:06.417+0200] {dag.py:3096} INFO - Sync 1 DAGs
[2026-04-28T21:54:06.422+0200] {logging_mixin.py:188} INFO - [2026-04-28T21:54:06.422+0200] {dag.py:3954} INFO - Setting next_dagrun for example_short_circuit_decorator to 2026-04-27 00:00:00+00:00, run_after=2026-04-28 00:00:00+00:00
[2026-04-28T21:54:06.426+0200] {processor.py:183} INFO - Processing /Users/pablofrancoherrero/prueba_tecnica/venv/lib/python3.11/site-packages/airflow/example_dags/example_short_circuit_decorator.py took 0.049 seconds
[2026-04-28T21:56:18.802+0200] {processor.py:161} INFO - Started process (PID=61708) to work on /Users/pablofrancoherrero/prueba_tecnica/venv/lib/python3.11/site-packages/airflow/example_dags/example_short_circuit_decorator.py
[2026-04-28T21:56:18.803+0200] {processor.py:830} INFO - Processing file /Users/pablofrancoherrero/prueba_tecnica/venv/lib/python3.11/site-packages/airflow/example_dags/example_short_circuit_decorator.py for tasks to queue
[2026-04-28T21:56:18.803+0200] {logging_mixin.py:188} INFO - [2026-04-28T21:56:18.803+0200] {dagbag.py:540} INFO - Filling up the DagBag from /Users/pablofrancoherrero/prueba_tecnica/venv/lib/python3.11/site-packages/airflow/example_dags/example_short_circuit_decorator.py
[2026-04-28T21:56:18.815+0200] {processor.py:840} INFO - DAG(s) 'example_short_circuit_decorator' retrieved from /Users/pablofrancoherrero/prueba_tecnica/venv/lib/python3.11/site-packages/airflow/example_dags/example_short_circuit_decorator.py
[2026-04-28T21:56:18.841+0200] {logging_mixin.py:188} INFO - [2026-04-28T21:56:18.841+0200] {dag.py:3096} INFO - Sync 1 DAGs
[2026-04-28T21:56:18.846+0200] {logging_mixin.py:188} INFO - [2026-04-28T21:56:18.846+0200] {dag.py:3954} INFO - Setting next_dagrun for example_short_circuit_decorator to 2026-04-27 00:00:00+00:00, run_after=2026-04-28 00:00:00+00:00
[2026-04-28T21:56:18.850+0200] {processor.py:183} INFO - Processing /Users/pablofrancoherrero/prueba_tecnica/venv/lib/python3.11/site-packages/airflow/example_dags/example_short_circuit_decorator.py took 0.049 seconds
[2026-04-28T21:58:13.457+0200] {processor.py:161} INFO - Started process (PID=61777) to work on /Users/pablofrancoherrero/prueba_tecnica/venv/lib/python3.11/site-packages/airflow/example_dags/example_short_circuit_decorator.py
[2026-04-28T21:58:13.458+0200] {processor.py:830} INFO - Processing file /Users/pablofrancoherrero/prueba_tecnica/venv/lib/python3.11/site-packages/airflow/example_dags/example_short_circuit_decorator.py for tasks to queue
[2026-04-28T21:58:13.458+0200] {logging_mixin.py:188} INFO - [2026-04-28T21:58:13.458+0200] {dagbag.py:540} INFO - Filling up the DagBag from /Users/pablofrancoherrero/prueba_tecnica/venv/lib/python3.11/site-packages/airflow/example_dags/example_short_circuit_decorator.py
[2026-04-28T21:58:13.469+0200] {processor.py:840} INFO - DAG(s) 'example_short_circuit_decorator' retrieved from /Users/pablofrancoherrero/prueba_tecnica/venv/lib/python3.11/site-packages/airflow/example_dags/example_short_circuit_decorator.py
[2026-04-28T21:58:13.499+0200] {logging_mixin.py:188} INFO - [2026-04-28T21:58:13.499+0200] {dag.py:3096} INFO - Sync 1 DAGs
[2026-04-28T21:58:13.504+0200] {logging_mixin.py:188} INFO - [2026-04-28T21:58:13.503+0200] {dag.py:3954} INFO - Setting next_dagrun for example_short_circuit_decorator to 2026-04-27 00:00:00+00:00, run_after=2026-04-28 00:00:00+00:00
[2026-04-28T21:58:13.509+0200] {processor.py:183} INFO - Processing /Users/pablofrancoherrero/prueba_tecnica/venv/lib/python3.11/site-packages/airflow/example_dags/example_short_circuit_decorator.py took 0.052 seconds
[2026-04-28T21:59:42.938+0200] {processor.py:161} INFO - Started process (PID=61898) to work on /Users/pablofrancoherrero/prueba_tecnica/venv/lib/python3.11/site-packages/airflow/example_dags/example_short_circuit_decorator.py
[2026-04-28T21:59:42.939+0200] {processor.py:830} INFO - Processing file /Users/pablofrancoherrero/prueba_tecnica/venv/lib/python3.11/site-packages/airflow/example_dags/example_short_circuit_decorator.py for tasks to queue
[2026-04-28T21:59:42.939+0200] {logging_mixin.py:188} INFO - [2026-04-28T21:59:42.939+0200] {dagbag.py:540} INFO - Filling up the DagBag from /Users/pablofrancoherrero/prueba_tecnica/venv/lib/python3.11/site-packages/airflow/example_dags/example_short_circuit_decorator.py
[2026-04-28T21:59:42.952+0200] {processor.py:840} INFO - DAG(s) 'example_short_circuit_decorator' retrieved from /Users/pablofrancoherrero/prueba_tecnica/venv/lib/python3.11/site-packages/airflow/example_dags/example_short_circuit_decorator.py
[2026-04-28T21:59:42.979+0200] {logging_mixin.py:188} INFO - [2026-04-28T21:59:42.979+0200] {dag.py:3096} INFO - Sync 1 DAGs
[2026-04-28T21:59:42.984+0200] {logging_mixin.py:188} INFO - [2026-04-28T21:59:42.983+0200] {dag.py:3954} INFO - Setting next_dagrun for example_short_circuit_decorator to 2026-04-27 00:00:00+00:00, run_after=2026-04-28 00:00:00+00:00
[2026-04-28T21:59:42.988+0200] {processor.py:183} INFO - Processing /Users/pablofrancoherrero/prueba_tecnica/venv/lib/python3.11/site-packages/airflow/example_dags/example_short_circuit_decorator.py took 0.051 seconds
[2026-04-28T22:03:54.800+0200] {processor.py:161} INFO - Started process (PID=61963) to work on /Users/pablofrancoherrero/prueba_tecnica/venv/lib/python3.11/site-packages/airflow/example_dags/example_short_circuit_decorator.py
[2026-04-28T22:03:54.801+0200] {processor.py:830} INFO - Processing file /Users/pablofrancoherrero/prueba_tecnica/venv/lib/python3.11/site-packages/airflow/example_dags/example_short_circuit_decorator.py for tasks to queue
[2026-04-28T22:03:54.801+0200] {logging_mixin.py:188} INFO - [2026-04-28T22:03:54.801+0200] {dagbag.py:540} INFO - Filling up the DagBag from /Users/pablofrancoherrero/prueba_tecnica/venv/lib/python3.11/site-packages/airflow/example_dags/example_short_circuit_decorator.py
[2026-04-28T22:03:54.813+0200] {processor.py:840} INFO - DAG(s) 'example_short_circuit_decorator' retrieved from /Users/pablofrancoherrero/prueba_tecnica/venv/lib/python3.11/site-packages/airflow/example_dags/example_short_circuit_decorator.py
[2026-04-28T22:03:54.838+0200] {logging_mixin.py:188} INFO - [2026-04-28T22:03:54.838+0200] {dag.py:3096} INFO - Sync 1 DAGs
[2026-04-28T22:03:54.843+0200] {logging_mixin.py:188} INFO - [2026-04-28T22:03:54.843+0200] {dag.py:3954} INFO - Setting next_dagrun for example_short_circuit_decorator to 2026-04-27 00:00:00+00:00, run_after=2026-04-28 00:00:00+00:00
[2026-04-28T22:03:54.847+0200] {processor.py:183} INFO - Processing /Users/pablofrancoherrero/prueba_tecnica/venv/lib/python3.11/site-packages/airflow/example_dags/example_short_circuit_decorator.py took 0.048 seconds
[2026-04-28T22:06:20.813+0200] {processor.py:161} INFO - Started process (PID=62087) to work on /Users/pablofrancoherrero/prueba_tecnica/venv/lib/python3.11/site-packages/airflow/example_dags/example_short_circuit_decorator.py
[2026-04-28T22:06:20.814+0200] {processor.py:830} INFO - Processing file /Users/pablofrancoherrero/prueba_tecnica/venv/lib/python3.11/site-packages/airflow/example_dags/example_short_circuit_decorator.py for tasks to queue
[2026-04-28T22:06:20.814+0200] {logging_mixin.py:188} INFO - [2026-04-28T22:06:20.814+0200] {dagbag.py:540} INFO - Filling up the DagBag from /Users/pablofrancoherrero/prueba_tecnica/venv/lib/python3.11/site-packages/airflow/example_dags/example_short_circuit_decorator.py
[2026-04-28T22:06:20.826+0200] {processor.py:840} INFO - DAG(s) 'example_short_circuit_decorator' retrieved from /Users/pablofrancoherrero/prueba_tecnica/venv/lib/python3.11/site-packages/airflow/example_dags/example_short_circuit_decorator.py
[2026-04-28T22:06:20.851+0200] {logging_mixin.py:188} INFO - [2026-04-28T22:06:20.851+0200] {dag.py:3096} INFO - Sync 1 DAGs
[2026-04-28T22:06:20.856+0200] {logging_mixin.py:188} INFO - [2026-04-28T22:06:20.856+0200] {dag.py:3954} INFO - Setting next_dagrun for example_short_circuit_decorator to 2026-04-27 00:00:00+00:00, run_after=2026-04-28 00:00:00+00:00
[2026-04-28T22:06:20.860+0200] {processor.py:183} INFO - Processing /Users/pablofrancoherrero/prueba_tecnica/venv/lib/python3.11/site-packages/airflow/example_dags/example_short_circuit_decorator.py took 0.048 seconds
[2026-04-28T22:24:52.399+0200] {processor.py:161} INFO - Started process (PID=62246) to work on /Users/pablofrancoherrero/prueba_tecnica/venv/lib/python3.11/site-packages/airflow/example_dags/example_short_circuit_decorator.py
[2026-04-28T22:24:52.400+0200] {processor.py:830} INFO - Processing file /Users/pablofrancoherrero/prueba_tecnica/venv/lib/python3.11/site-packages/airflow/example_dags/example_short_circuit_decorator.py for tasks to queue
[2026-04-28T22:24:52.400+0200] {logging_mixin.py:188} INFO - [2026-04-28T22:24:52.400+0200] {dagbag.py:540} INFO - Filling up the DagBag from /Users/pablofrancoherrero/prueba_tecnica/venv/lib/python3.11/site-packages/airflow/example_dags/example_short_circuit_decorator.py
[2026-04-28T22:24:52.412+0200] {processor.py:840} INFO - DAG(s) 'example_short_circuit_decorator' retrieved from /Users/pablofrancoherrero/prueba_tecnica/venv/lib/python3.11/site-packages/airflow/example_dags/example_short_circuit_decorator.py
[2026-04-28T22:24:52.438+0200] {logging_mixin.py:188} INFO - [2026-04-28T22:24:52.437+0200] {dag.py:3096} INFO - Sync 1 DAGs
[2026-04-28T22:24:52.442+0200] {logging_mixin.py:188} INFO - [2026-04-28T22:24:52.442+0200] {dag.py:3954} INFO - Setting next_dagrun for example_short_circuit_decorator to 2026-04-27 00:00:00+00:00, run_after=2026-04-28 00:00:00+00:00
[2026-04-28T22:24:52.446+0200] {processor.py:183} INFO - Processing /Users/pablofrancoherrero/prueba_tecnica/venv/lib/python3.11/site-packages/airflow/example_dags/example_short_circuit_decorator.py took 0.048 seconds
[2026-04-28T22:43:28.030+0200] {processor.py:161} INFO - Started process (PID=62360) to work on /Users/pablofrancoherrero/prueba_tecnica/venv/lib/python3.11/site-packages/airflow/example_dags/example_short_circuit_decorator.py
[2026-04-28T22:43:28.031+0200] {processor.py:830} INFO - Processing file /Users/pablofrancoherrero/prueba_tecnica/venv/lib/python3.11/site-packages/airflow/example_dags/example_short_circuit_decorator.py for tasks to queue
[2026-04-28T22:43:28.032+0200] {logging_mixin.py:188} INFO - [2026-04-28T22:43:28.032+0200] {dagbag.py:540} INFO - Filling up the DagBag from /Users/pablofrancoherrero/prueba_tecnica/venv/lib/python3.11/site-packages/airflow/example_dags/example_short_circuit_decorator.py
[2026-04-28T22:43:28.043+0200] {processor.py:840} INFO - DAG(s) 'example_short_circuit_decorator' retrieved from /Users/pablofrancoherrero/prueba_tecnica/venv/lib/python3.11/site-packages/airflow/example_dags/example_short_circuit_decorator.py
[2026-04-28T22:43:28.069+0200] {logging_mixin.py:188} INFO - [2026-04-28T22:43:28.069+0200] {dag.py:3096} INFO - Sync 1 DAGs
[2026-04-28T22:43:28.074+0200] {logging_mixin.py:188} INFO - [2026-04-28T22:43:28.073+0200] {dag.py:3954} INFO - Setting next_dagrun for example_short_circuit_decorator to 2026-04-27 00:00:00+00:00, run_after=2026-04-28 00:00:00+00:00
[2026-04-28T22:43:28.078+0200] {processor.py:183} INFO - Processing /Users/pablofrancoherrero/prueba_tecnica/venv/lib/python3.11/site-packages/airflow/example_dags/example_short_circuit_decorator.py took 0.048 seconds
[2026-04-28T23:00:39.480+0200] {processor.py:161} INFO - Started process (PID=62481) to work on /Users/pablofrancoherrero/prueba_tecnica/venv/lib/python3.11/site-packages/airflow/example_dags/example_short_circuit_decorator.py
[2026-04-28T23:00:39.481+0200] {processor.py:830} INFO - Processing file /Users/pablofrancoherrero/prueba_tecnica/venv/lib/python3.11/site-packages/airflow/example_dags/example_short_circuit_decorator.py for tasks to queue
[2026-04-28T23:00:39.481+0200] {logging_mixin.py:188} INFO - [2026-04-28T23:00:39.481+0200] {dagbag.py:540} INFO - Filling up the DagBag from /Users/pablofrancoherrero/prueba_tecnica/venv/lib/python3.11/site-packages/airflow/example_dags/example_short_circuit_decorator.py
[2026-04-28T23:00:39.493+0200] {processor.py:840} INFO - DAG(s) 'example_short_circuit_decorator' retrieved from /Users/pablofrancoherrero/prueba_tecnica/venv/lib/python3.11/site-packages/airflow/example_dags/example_short_circuit_decorator.py
[2026-04-28T23:00:39.519+0200] {logging_mixin.py:188} INFO - [2026-04-28T23:00:39.519+0200] {dag.py:3096} INFO - Sync 1 DAGs
[2026-04-28T23:00:39.523+0200] {logging_mixin.py:188} INFO - [2026-04-28T23:00:39.523+0200] {dag.py:3954} INFO - Setting next_dagrun for example_short_circuit_decorator to 2026-04-27 00:00:00+00:00, run_after=2026-04-28 00:00:00+00:00
[2026-04-28T23:00:39.528+0200] {processor.py:183} INFO - Processing /Users/pablofrancoherrero/prueba_tecnica/venv/lib/python3.11/site-packages/airflow/example_dags/example_short_circuit_decorator.py took 0.049 seconds
[2026-04-28T23:17:05.603+0200] {processor.py:161} INFO - Started process (PID=62598) to work on /Users/pablofrancoherrero/prueba_tecnica/venv/lib/python3.11/site-packages/airflow/example_dags/example_short_circuit_decorator.py
[2026-04-28T23:17:05.604+0200] {processor.py:830} INFO - Processing file /Users/pablofrancoherrero/prueba_tecnica/venv/lib/python3.11/site-packages/airflow/example_dags/example_short_circuit_decorator.py for tasks to queue
[2026-04-28T23:17:05.604+0200] {logging_mixin.py:188} INFO - [2026-04-28T23:17:05.604+0200] {dagbag.py:540} INFO - Filling up the DagBag from /Users/pablofrancoherrero/prueba_tecnica/venv/lib/python3.11/site-packages/airflow/example_dags/example_short_circuit_decorator.py
[2026-04-28T23:17:05.620+0200] {processor.py:840} INFO - DAG(s) 'example_short_circuit_decorator' retrieved from /Users/pablofrancoherrero/prueba_tecnica/venv/lib/python3.11/site-packages/airflow/example_dags/example_short_circuit_decorator.py
[2026-04-28T23:17:05.652+0200] {logging_mixin.py:188} INFO - [2026-04-28T23:17:05.652+0200] {dag.py:3096} INFO - Sync 1 DAGs
[2026-04-28T23:17:05.657+0200] {logging_mixin.py:188} INFO - [2026-04-28T23:17:05.656+0200] {dag.py:3954} INFO - Setting next_dagrun for example_short_circuit_decorator to 2026-04-27 00:00:00+00:00, run_after=2026-04-28 00:00:00+00:00
[2026-04-28T23:17:05.661+0200] {processor.py:183} INFO - Processing /Users/pablofrancoherrero/prueba_tecnica/venv/lib/python3.11/site-packages/airflow/example_dags/example_short_circuit_decorator.py took 0.059 seconds
[2026-04-28T23:18:23.946+0200] {processor.py:161} INFO - Started process (PID=62724) to work on /Users/pablofrancoherrero/prueba_tecnica/venv/lib/python3.11/site-packages/airflow/example_dags/example_short_circuit_decorator.py
[2026-04-28T23:18:23.946+0200] {processor.py:830} INFO - Processing file /Users/pablofrancoherrero/prueba_tecnica/venv/lib/python3.11/site-packages/airflow/example_dags/example_short_circuit_decorator.py for tasks to queue
[2026-04-28T23:18:23.946+0200] {logging_mixin.py:188} INFO - [2026-04-28T23:18:23.946+0200] {dagbag.py:540} INFO - Filling up the DagBag from /Users/pablofrancoherrero/prueba_tecnica/venv/lib/python3.11/site-packages/airflow/example_dags/example_short_circuit_decorator.py
[2026-04-28T23:18:23.958+0200] {processor.py:840} INFO - DAG(s) 'example_short_circuit_decorator' retrieved from /Users/pablofrancoherrero/prueba_tecnica/venv/lib/python3.11/site-packages/airflow/example_dags/example_short_circuit_decorator.py
[2026-04-28T23:18:23.986+0200] {logging_mixin.py:188} INFO - [2026-04-28T23:18:23.985+0200] {dag.py:3096} INFO - Sync 1 DAGs
[2026-04-28T23:18:23.990+0200] {logging_mixin.py:188} INFO - [2026-04-28T23:18:23.990+0200] {dag.py:3954} INFO - Setting next_dagrun for example_short_circuit_decorator to 2026-04-27 00:00:00+00:00, run_after=2026-04-28 00:00:00+00:00
[2026-04-28T23:18:23.995+0200] {processor.py:183} INFO - Processing /Users/pablofrancoherrero/prueba_tecnica/venv/lib/python3.11/site-packages/airflow/example_dags/example_short_circuit_decorator.py took 0.050 seconds
[2026-04-28T23:19:44.225+0200] {processor.py:161} INFO - Started process (PID=62808) to work on /Users/pablofrancoherrero/prueba_tecnica/venv/lib/python3.11/site-packages/airflow/example_dags/example_short_circuit_decorator.py
[2026-04-28T23:19:44.226+0200] {processor.py:830} INFO - Processing file /Users/pablofrancoherrero/prueba_tecnica/venv/lib/python3.11/site-packages/airflow/example_dags/example_short_circuit_decorator.py for tasks to queue
[2026-04-28T23:19:44.226+0200] {logging_mixin.py:188} INFO - [2026-04-28T23:19:44.226+0200] {dagbag.py:540} INFO - Filling up the DagBag from /Users/pablofrancoherrero/prueba_tecnica/venv/lib/python3.11/site-packages/airflow/example_dags/example_short_circuit_decorator.py
[2026-04-28T23:19:44.238+0200] {processor.py:840} INFO - DAG(s) 'example_short_circuit_decorator' retrieved from /Users/pablofrancoherrero/prueba_tecnica/venv/lib/python3.11/site-packages/airflow/example_dags/example_short_circuit_decorator.py
[2026-04-28T23:19:44.264+0200] {logging_mixin.py:188} INFO - [2026-04-28T23:19:44.263+0200] {dag.py:3096} INFO - Sync 1 DAGs
[2026-04-28T23:19:44.268+0200] {logging_mixin.py:188} INFO - [2026-04-28T23:19:44.268+0200] {dag.py:3954} INFO - Setting next_dagrun for example_short_circuit_decorator to 2026-04-27 00:00:00+00:00, run_after=2026-04-28 00:00:00+00:00
[2026-04-28T23:19:44.272+0200] {processor.py:183} INFO - Processing /Users/pablofrancoherrero/prueba_tecnica/venv/lib/python3.11/site-packages/airflow/example_dags/example_short_circuit_decorator.py took 0.048 seconds
[2026-04-28T23:21:02.827+0200] {processor.py:161} INFO - Started process (PID=62896) to work on /Users/pablofrancoherrero/prueba_tecnica/venv/lib/python3.11/site-packages/airflow/example_dags/example_short_circuit_decorator.py
[2026-04-28T23:21:02.828+0200] {processor.py:830} INFO - Processing file /Users/pablofrancoherrero/prueba_tecnica/venv/lib/python3.11/site-packages/airflow/example_dags/example_short_circuit_decorator.py for tasks to queue
[2026-04-28T23:21:02.828+0200] {logging_mixin.py:188} INFO - [2026-04-28T23:21:02.828+0200] {dagbag.py:540} INFO - Filling up the DagBag from /Users/pablofrancoherrero/prueba_tecnica/venv/lib/python3.11/site-packages/airflow/example_dags/example_short_circuit_decorator.py
[2026-04-28T23:21:02.839+0200] {processor.py:840} INFO - DAG(s) 'example_short_circuit_decorator' retrieved from /Users/pablofrancoherrero/prueba_tecnica/venv/lib/python3.11/site-packages/airflow/example_dags/example_short_circuit_decorator.py
[2026-04-28T23:21:02.865+0200] {logging_mixin.py:188} INFO - [2026-04-28T23:21:02.864+0200] {dag.py:3096} INFO - Sync 1 DAGs
[2026-04-28T23:21:02.869+0200] {logging_mixin.py:188} INFO - [2026-04-28T23:21:02.869+0200] {dag.py:3954} INFO - Setting next_dagrun for example_short_circuit_decorator to 2026-04-27 00:00:00+00:00, run_after=2026-04-28 00:00:00+00:00
[2026-04-28T23:21:02.873+0200] {processor.py:183} INFO - Processing /Users/pablofrancoherrero/prueba_tecnica/venv/lib/python3.11/site-packages/airflow/example_dags/example_short_circuit_decorator.py took 0.047 seconds
[2026-04-28T23:22:21.901+0200] {processor.py:161} INFO - Started process (PID=62996) to work on /Users/pablofrancoherrero/prueba_tecnica/venv/lib/python3.11/site-packages/airflow/example_dags/example_short_circuit_decorator.py
[2026-04-28T23:22:21.902+0200] {processor.py:830} INFO - Processing file /Users/pablofrancoherrero/prueba_tecnica/venv/lib/python3.11/site-packages/airflow/example_dags/example_short_circuit_decorator.py for tasks to queue
[2026-04-28T23:22:21.902+0200] {logging_mixin.py:188} INFO - [2026-04-28T23:22:21.902+0200] {dagbag.py:540} INFO - Filling up the DagBag from /Users/pablofrancoherrero/prueba_tecnica/venv/lib/python3.11/site-packages/airflow/example_dags/example_short_circuit_decorator.py
[2026-04-28T23:22:21.914+0200] {processor.py:840} INFO - DAG(s) 'example_short_circuit_decorator' retrieved from /Users/pablofrancoherrero/prueba_tecnica/venv/lib/python3.11/site-packages/airflow/example_dags/example_short_circuit_decorator.py
[2026-04-28T23:22:21.940+0200] {logging_mixin.py:188} INFO - [2026-04-28T23:22:21.940+0200] {dag.py:3096} INFO - Sync 1 DAGs
[2026-04-28T23:22:21.944+0200] {logging_mixin.py:188} INFO - [2026-04-28T23:22:21.944+0200] {dag.py:3954} INFO - Setting next_dagrun for example_short_circuit_decorator to 2026-04-27 00:00:00+00:00, run_after=2026-04-28 00:00:00+00:00
[2026-04-28T23:22:21.949+0200] {processor.py:183} INFO - Processing /Users/pablofrancoherrero/prueba_tecnica/venv/lib/python3.11/site-packages/airflow/example_dags/example_short_circuit_decorator.py took 0.049 seconds
[2026-04-28T23:23:43.669+0200] {processor.py:161} INFO - Started process (PID=63118) to work on /Users/pablofrancoherrero/prueba_tecnica/venv/lib/python3.11/site-packages/airflow/example_dags/example_short_circuit_decorator.py
[2026-04-28T23:23:43.670+0200] {processor.py:830} INFO - Processing file /Users/pablofrancoherrero/prueba_tecnica/venv/lib/python3.11/site-packages/airflow/example_dags/example_short_circuit_decorator.py for tasks to queue
[2026-04-28T23:23:43.670+0200] {logging_mixin.py:188} INFO - [2026-04-28T23:23:43.670+0200] {dagbag.py:540} INFO - Filling up the DagBag from /Users/pablofrancoherrero/prueba_tecnica/venv/lib/python3.11/site-packages/airflow/example_dags/example_short_circuit_decorator.py
[2026-04-28T23:23:43.682+0200] {processor.py:840} INFO - DAG(s) 'example_short_circuit_decorator' retrieved from /Users/pablofrancoherrero/prueba_tecnica/venv/lib/python3.11/site-packages/airflow/example_dags/example_short_circuit_decorator.py
[2026-04-28T23:23:43.707+0200] {logging_mixin.py:188} INFO - [2026-04-28T23:23:43.707+0200] {dag.py:3096} INFO - Sync 1 DAGs
[2026-04-28T23:23:43.711+0200] {logging_mixin.py:188} INFO - [2026-04-28T23:23:43.711+0200] {dag.py:3954} INFO - Setting next_dagrun for example_short_circuit_decorator to 2026-04-27 00:00:00+00:00, run_after=2026-04-28 00:00:00+00:00
[2026-04-28T23:23:43.716+0200] {processor.py:183} INFO - Processing /Users/pablofrancoherrero/prueba_tecnica/venv/lib/python3.11/site-packages/airflow/example_dags/example_short_circuit_decorator.py took 0.048 seconds
[2026-04-28T23:25:04.122+0200] {processor.py:161} INFO - Started process (PID=63209) to work on /Users/pablofrancoherrero/prueba_tecnica/venv/lib/python3.11/site-packages/airflow/example_dags/example_short_circuit_decorator.py
[2026-04-28T23:25:04.122+0200] {processor.py:830} INFO - Processing file /Users/pablofrancoherrero/prueba_tecnica/venv/lib/python3.11/site-packages/airflow/example_dags/example_short_circuit_decorator.py for tasks to queue
[2026-04-28T23:25:04.122+0200] {logging_mixin.py:188} INFO - [2026-04-28T23:25:04.122+0200] {dagbag.py:540} INFO - Filling up the DagBag from /Users/pablofrancoherrero/prueba_tecnica/venv/lib/python3.11/site-packages/airflow/example_dags/example_short_circuit_decorator.py
[2026-04-28T23:25:04.134+0200] {processor.py:840} INFO - DAG(s) 'example_short_circuit_decorator' retrieved from /Users/pablofrancoherrero/prueba_tecnica/venv/lib/python3.11/site-packages/airflow/example_dags/example_short_circuit_decorator.py
[2026-04-28T23:25:04.160+0200] {logging_mixin.py:188} INFO - [2026-04-28T23:25:04.160+0200] {dag.py:3096} INFO - Sync 1 DAGs
[2026-04-28T23:25:04.164+0200] {logging_mixin.py:188} INFO - [2026-04-28T23:25:04.164+0200] {dag.py:3954} INFO - Setting next_dagrun for example_short_circuit_decorator to 2026-04-27 00:00:00+00:00, run_after=2026-04-28 00:00:00+00:00
[2026-04-28T23:25:04.168+0200] {processor.py:183} INFO - Processing /Users/pablofrancoherrero/prueba_tecnica/venv/lib/python3.11/site-packages/airflow/example_dags/example_short_circuit_decorator.py took 0.047 seconds
[2026-04-28T23:26:25.149+0200] {processor.py:161} INFO - Started process (PID=63332) to work on /Users/pablofrancoherrero/prueba_tecnica/venv/lib/python3.11/site-packages/airflow/example_dags/example_short_circuit_decorator.py
[2026-04-28T23:26:25.150+0200] {processor.py:830} INFO - Processing file /Users/pablofrancoherrero/prueba_tecnica/venv/lib/python3.11/site-packages/airflow/example_dags/example_short_circuit_decorator.py for tasks to queue
[2026-04-28T23:26:25.150+0200] {logging_mixin.py:188} INFO - [2026-04-28T23:26:25.150+0200] {dagbag.py:540} INFO - Filling up the DagBag from /Users/pablofrancoherrero/prueba_tecnica/venv/lib/python3.11/site-packages/airflow/example_dags/example_short_circuit_decorator.py
[2026-04-28T23:26:25.162+0200] {processor.py:840} INFO - DAG(s) 'example_short_circuit_decorator' retrieved from /Users/pablofrancoherrero/prueba_tecnica/venv/lib/python3.11/site-packages/airflow/example_dags/example_short_circuit_decorator.py
[2026-04-28T23:26:25.188+0200] {logging_mixin.py:188} INFO - [2026-04-28T23:26:25.188+0200] {dag.py:3096} INFO - Sync 1 DAGs
[2026-04-28T23:26:25.193+0200] {logging_mixin.py:188} INFO - [2026-04-28T23:26:25.193+0200] {dag.py:3954} INFO - Setting next_dagrun for example_short_circuit_decorator to 2026-04-27 00:00:00+00:00, run_after=2026-04-28 00:00:00+00:00
[2026-04-28T23:26:25.197+0200] {processor.py:183} INFO - Processing /Users/pablofrancoherrero/prueba_tecnica/venv/lib/python3.11/site-packages/airflow/example_dags/example_short_circuit_decorator.py took 0.049 seconds
[2026-04-28T23:27:45.641+0200] {processor.py:161} INFO - Started process (PID=63450) to work on /Users/pablofrancoherrero/prueba_tecnica/venv/lib/python3.11/site-packages/airflow/example_dags/example_short_circuit_decorator.py
[2026-04-28T23:27:45.641+0200] {processor.py:830} INFO - Processing file /Users/pablofrancoherrero/prueba_tecnica/venv/lib/python3.11/site-packages/airflow/example_dags/example_short_circuit_decorator.py for tasks to queue
[2026-04-28T23:27:45.641+0200] {logging_mixin.py:188} INFO - [2026-04-28T23:27:45.641+0200] {dagbag.py:540} INFO - Filling up the DagBag from /Users/pablofrancoherrero/prueba_tecnica/venv/lib/python3.11/site-packages/airflow/example_dags/example_short_circuit_decorator.py
[2026-04-28T23:27:45.654+0200] {processor.py:840} INFO - DAG(s) 'example_short_circuit_decorator' retrieved from /Users/pablofrancoherrero/prueba_tecnica/venv/lib/python3.11/site-packages/airflow/example_dags/example_short_circuit_decorator.py
[2026-04-28T23:27:45.680+0200] {logging_mixin.py:188} INFO - [2026-04-28T23:27:45.680+0200] {dag.py:3096} INFO - Sync 1 DAGs
[2026-04-28T23:27:45.684+0200] {logging_mixin.py:188} INFO - [2026-04-28T23:27:45.684+0200] {dag.py:3954} INFO - Setting next_dagrun for example_short_circuit_decorator to 2026-04-27 00:00:00+00:00, run_after=2026-04-28 00:00:00+00:00
[2026-04-28T23:27:45.689+0200] {processor.py:183} INFO - Processing /Users/pablofrancoherrero/prueba_tecnica/venv/lib/python3.11/site-packages/airflow/example_dags/example_short_circuit_decorator.py took 0.049 seconds
[2026-04-28T23:29:06.911+0200] {processor.py:161} INFO - Started process (PID=63544) to work on /Users/pablofrancoherrero/prueba_tecnica/venv/lib/python3.11/site-packages/airflow/example_dags/example_short_circuit_decorator.py
[2026-04-28T23:29:06.912+0200] {processor.py:830} INFO - Processing file /Users/pablofrancoherrero/prueba_tecnica/venv/lib/python3.11/site-packages/airflow/example_dags/example_short_circuit_decorator.py for tasks to queue
[2026-04-28T23:29:06.912+0200] {logging_mixin.py:188} INFO - [2026-04-28T23:29:06.912+0200] {dagbag.py:540} INFO - Filling up the DagBag from /Users/pablofrancoherrero/prueba_tecnica/venv/lib/python3.11/site-packages/airflow/example_dags/example_short_circuit_decorator.py
[2026-04-28T23:29:06.925+0200] {processor.py:840} INFO - DAG(s) 'example_short_circuit_decorator' retrieved from /Users/pablofrancoherrero/prueba_tecnica/venv/lib/python3.11/site-packages/airflow/example_dags/example_short_circuit_decorator.py
[2026-04-28T23:29:06.951+0200] {logging_mixin.py:188} INFO - [2026-04-28T23:29:06.951+0200] {dag.py:3096} INFO - Sync 1 DAGs
[2026-04-28T23:29:06.956+0200] {logging_mixin.py:188} INFO - [2026-04-28T23:29:06.956+0200] {dag.py:3954} INFO - Setting next_dagrun for example_short_circuit_decorator to 2026-04-27 00:00:00+00:00, run_after=2026-04-28 00:00:00+00:00
[2026-04-28T23:29:06.960+0200] {processor.py:183} INFO - Processing /Users/pablofrancoherrero/prueba_tecnica/venv/lib/python3.11/site-packages/airflow/example_dags/example_short_circuit_decorator.py took 0.050 seconds
[2026-04-28T23:30:28.275+0200] {processor.py:161} INFO - Started process (PID=63671) to work on /Users/pablofrancoherrero/prueba_tecnica/venv/lib/python3.11/site-packages/airflow/example_dags/example_short_circuit_decorator.py
[2026-04-28T23:30:28.276+0200] {processor.py:830} INFO - Processing file /Users/pablofrancoherrero/prueba_tecnica/venv/lib/python3.11/site-packages/airflow/example_dags/example_short_circuit_decorator.py for tasks to queue
[2026-04-28T23:30:28.276+0200] {logging_mixin.py:188} INFO - [2026-04-28T23:30:28.276+0200] {dagbag.py:540} INFO - Filling up the DagBag from /Users/pablofrancoherrero/prueba_tecnica/venv/lib/python3.11/site-packages/airflow/example_dags/example_short_circuit_decorator.py
[2026-04-28T23:30:28.288+0200] {processor.py:840} INFO - DAG(s) 'example_short_circuit_decorator' retrieved from /Users/pablofrancoherrero/prueba_tecnica/venv/lib/python3.11/site-packages/airflow/example_dags/example_short_circuit_decorator.py
[2026-04-28T23:30:28.314+0200] {logging_mixin.py:188} INFO - [2026-04-28T23:30:28.314+0200] {dag.py:3096} INFO - Sync 1 DAGs
[2026-04-28T23:30:28.318+0200] {logging_mixin.py:188} INFO - [2026-04-28T23:30:28.318+0200] {dag.py:3954} INFO - Setting next_dagrun for example_short_circuit_decorator to 2026-04-27 00:00:00+00:00, run_after=2026-04-28 00:00:00+00:00
[2026-04-28T23:30:28.322+0200] {processor.py:183} INFO - Processing /Users/pablofrancoherrero/prueba_tecnica/venv/lib/python3.11/site-packages/airflow/example_dags/example_short_circuit_decorator.py took 0.048 seconds
[2026-04-28T23:31:52.025+0200] {processor.py:161} INFO - Started process (PID=63774) to work on /Users/pablofrancoherrero/prueba_tecnica/venv/lib/python3.11/site-packages/airflow/example_dags/example_short_circuit_decorator.py
[2026-04-28T23:31:52.026+0200] {processor.py:830} INFO - Processing file /Users/pablofrancoherrero/prueba_tecnica/venv/lib/python3.11/site-packages/airflow/example_dags/example_short_circuit_decorator.py for tasks to queue
[2026-04-28T23:31:52.026+0200] {logging_mixin.py:188} INFO - [2026-04-28T23:31:52.026+0200] {dagbag.py:540} INFO - Filling up the DagBag from /Users/pablofrancoherrero/prueba_tecnica/venv/lib/python3.11/site-packages/airflow/example_dags/example_short_circuit_decorator.py
[2026-04-28T23:31:52.039+0200] {processor.py:840} INFO - DAG(s) 'example_short_circuit_decorator' retrieved from /Users/pablofrancoherrero/prueba_tecnica/venv/lib/python3.11/site-packages/airflow/example_dags/example_short_circuit_decorator.py
[2026-04-28T23:31:52.069+0200] {logging_mixin.py:188} INFO - [2026-04-28T23:31:52.069+0200] {dag.py:3096} INFO - Sync 1 DAGs
[2026-04-28T23:31:52.074+0200] {logging_mixin.py:188} INFO - [2026-04-28T23:31:52.074+0200] {dag.py:3954} INFO - Setting next_dagrun for example_short_circuit_decorator to 2026-04-27 00:00:00+00:00, run_after=2026-04-28 00:00:00+00:00
[2026-04-28T23:31:52.079+0200] {processor.py:183} INFO - Processing /Users/pablofrancoherrero/prueba_tecnica/venv/lib/python3.11/site-packages/airflow/example_dags/example_short_circuit_decorator.py took 0.055 seconds
[2026-04-28T23:33:12.961+0200] {processor.py:161} INFO - Started process (PID=63886) to work on /Users/pablofrancoherrero/prueba_tecnica/venv/lib/python3.11/site-packages/airflow/example_dags/example_short_circuit_decorator.py
[2026-04-28T23:33:12.962+0200] {processor.py:830} INFO - Processing file /Users/pablofrancoherrero/prueba_tecnica/venv/lib/python3.11/site-packages/airflow/example_dags/example_short_circuit_decorator.py for tasks to queue
[2026-04-28T23:33:12.962+0200] {logging_mixin.py:188} INFO - [2026-04-28T23:33:12.962+0200] {dagbag.py:540} INFO - Filling up the DagBag from /Users/pablofrancoherrero/prueba_tecnica/venv/lib/python3.11/site-packages/airflow/example_dags/example_short_circuit_decorator.py
[2026-04-28T23:33:12.974+0200] {processor.py:840} INFO - DAG(s) 'example_short_circuit_decorator' retrieved from /Users/pablofrancoherrero/prueba_tecnica/venv/lib/python3.11/site-packages/airflow/example_dags/example_short_circuit_decorator.py
[2026-04-28T23:33:13.001+0200] {logging_mixin.py:188} INFO - [2026-04-28T23:33:13.001+0200] {dag.py:3096} INFO - Sync 1 DAGs
[2026-04-28T23:33:13.006+0200] {logging_mixin.py:188} INFO - [2026-04-28T23:33:13.006+0200] {dag.py:3954} INFO - Setting next_dagrun for example_short_circuit_decorator to 2026-04-27 00:00:00+00:00, run_after=2026-04-28 00:00:00+00:00
[2026-04-28T23:33:13.011+0200] {processor.py:183} INFO - Processing /Users/pablofrancoherrero/prueba_tecnica/venv/lib/python3.11/site-packages/airflow/example_dags/example_short_circuit_decorator.py took 0.050 seconds
[2026-04-28T23:34:31.720+0200] {processor.py:161} INFO - Started process (PID=63972) to work on /Users/pablofrancoherrero/prueba_tecnica/venv/lib/python3.11/site-packages/airflow/example_dags/example_short_circuit_decorator.py
[2026-04-28T23:34:31.720+0200] {processor.py:830} INFO - Processing file /Users/pablofrancoherrero/prueba_tecnica/venv/lib/python3.11/site-packages/airflow/example_dags/example_short_circuit_decorator.py for tasks to queue
[2026-04-28T23:34:31.720+0200] {logging_mixin.py:188} INFO - [2026-04-28T23:34:31.720+0200] {dagbag.py:540} INFO - Filling up the DagBag from /Users/pablofrancoherrero/prueba_tecnica/venv/lib/python3.11/site-packages/airflow/example_dags/example_short_circuit_decorator.py
[2026-04-28T23:34:31.732+0200] {processor.py:840} INFO - DAG(s) 'example_short_circuit_decorator' retrieved from /Users/pablofrancoherrero/prueba_tecnica/venv/lib/python3.11/site-packages/airflow/example_dags/example_short_circuit_decorator.py
[2026-04-28T23:34:31.758+0200] {logging_mixin.py:188} INFO - [2026-04-28T23:34:31.758+0200] {dag.py:3096} INFO - Sync 1 DAGs
[2026-04-28T23:34:31.762+0200] {logging_mixin.py:188} INFO - [2026-04-28T23:34:31.762+0200] {dag.py:3954} INFO - Setting next_dagrun for example_short_circuit_decorator to 2026-04-27 00:00:00+00:00, run_after=2026-04-28 00:00:00+00:00
[2026-04-28T23:34:31.767+0200] {processor.py:183} INFO - Processing /Users/pablofrancoherrero/prueba_tecnica/venv/lib/python3.11/site-packages/airflow/example_dags/example_short_circuit_decorator.py took 0.048 seconds
[2026-04-28T23:35:53.993+0200] {processor.py:161} INFO - Started process (PID=64057) to work on /Users/pablofrancoherrero/prueba_tecnica/venv/lib/python3.11/site-packages/airflow/example_dags/example_short_circuit_decorator.py
[2026-04-28T23:35:53.994+0200] {processor.py:830} INFO - Processing file /Users/pablofrancoherrero/prueba_tecnica/venv/lib/python3.11/site-packages/airflow/example_dags/example_short_circuit_decorator.py for tasks to queue
[2026-04-28T23:35:53.994+0200] {logging_mixin.py:188} INFO - [2026-04-28T23:35:53.994+0200] {dagbag.py:540} INFO - Filling up the DagBag from /Users/pablofrancoherrero/prueba_tecnica/venv/lib/python3.11/site-packages/airflow/example_dags/example_short_circuit_decorator.py
[2026-04-28T23:35:54.005+0200] {processor.py:840} INFO - DAG(s) 'example_short_circuit_decorator' retrieved from /Users/pablofrancoherrero/prueba_tecnica/venv/lib/python3.11/site-packages/airflow/example_dags/example_short_circuit_decorator.py
[2026-04-28T23:35:54.031+0200] {logging_mixin.py:188} INFO - [2026-04-28T23:35:54.031+0200] {dag.py:3096} INFO - Sync 1 DAGs
[2026-04-28T23:35:54.036+0200] {logging_mixin.py:188} INFO - [2026-04-28T23:35:54.036+0200] {dag.py:3954} INFO - Setting next_dagrun for example_short_circuit_decorator to 2026-04-27 00:00:00+00:00, run_after=2026-04-28 00:00:00+00:00
[2026-04-28T23:35:54.040+0200] {processor.py:183} INFO - Processing /Users/pablofrancoherrero/prueba_tecnica/venv/lib/python3.11/site-packages/airflow/example_dags/example_short_circuit_decorator.py took 0.048 seconds
[2026-04-28T23:37:15.501+0200] {processor.py:161} INFO - Started process (PID=64140) to work on /Users/pablofrancoherrero/prueba_tecnica/venv/lib/python3.11/site-packages/airflow/example_dags/example_short_circuit_decorator.py
[2026-04-28T23:37:15.502+0200] {processor.py:830} INFO - Processing file /Users/pablofrancoherrero/prueba_tecnica/venv/lib/python3.11/site-packages/airflow/example_dags/example_short_circuit_decorator.py for tasks to queue
[2026-04-28T23:37:15.502+0200] {logging_mixin.py:188} INFO - [2026-04-28T23:37:15.502+0200] {dagbag.py:540} INFO - Filling up the DagBag from /Users/pablofrancoherrero/prueba_tecnica/venv/lib/python3.11/site-packages/airflow/example_dags/example_short_circuit_decorator.py
[2026-04-28T23:37:15.513+0200] {processor.py:840} INFO - DAG(s) 'example_short_circuit_decorator' retrieved from /Users/pablofrancoherrero/prueba_tecnica/venv/lib/python3.11/site-packages/airflow/example_dags/example_short_circuit_decorator.py
[2026-04-28T23:37:15.539+0200] {logging_mixin.py:188} INFO - [2026-04-28T23:37:15.539+0200] {dag.py:3096} INFO - Sync 1 DAGs
[2026-04-28T23:37:15.543+0200] {logging_mixin.py:188} INFO - [2026-04-28T23:37:15.543+0200] {dag.py:3954} INFO - Setting next_dagrun for example_short_circuit_decorator to 2026-04-27 00:00:00+00:00, run_after=2026-04-28 00:00:00+00:00
[2026-04-28T23:37:15.547+0200] {processor.py:183} INFO - Processing /Users/pablofrancoherrero/prueba_tecnica/venv/lib/python3.11/site-packages/airflow/example_dags/example_short_circuit_decorator.py took 0.048 seconds
[2026-04-28T23:38:33.210+0200] {processor.py:161} INFO - Started process (PID=64236) to work on /Users/pablofrancoherrero/prueba_tecnica/venv/lib/python3.11/site-packages/airflow/example_dags/example_short_circuit_decorator.py
[2026-04-28T23:38:33.211+0200] {processor.py:830} INFO - Processing file /Users/pablofrancoherrero/prueba_tecnica/venv/lib/python3.11/site-packages/airflow/example_dags/example_short_circuit_decorator.py for tasks to queue
[2026-04-28T23:38:33.211+0200] {logging_mixin.py:188} INFO - [2026-04-28T23:38:33.211+0200] {dagbag.py:540} INFO - Filling up the DagBag from /Users/pablofrancoherrero/prueba_tecnica/venv/lib/python3.11/site-packages/airflow/example_dags/example_short_circuit_decorator.py
[2026-04-28T23:38:33.223+0200] {processor.py:840} INFO - DAG(s) 'example_short_circuit_decorator' retrieved from /Users/pablofrancoherrero/prueba_tecnica/venv/lib/python3.11/site-packages/airflow/example_dags/example_short_circuit_decorator.py
[2026-04-28T23:38:33.248+0200] {logging_mixin.py:188} INFO - [2026-04-28T23:38:33.248+0200] {dag.py:3096} INFO - Sync 1 DAGs
[2026-04-28T23:38:33.252+0200] {logging_mixin.py:188} INFO - [2026-04-28T23:38:33.252+0200] {dag.py:3954} INFO - Setting next_dagrun for example_short_circuit_decorator to 2026-04-27 00:00:00+00:00, run_after=2026-04-28 00:00:00+00:00
[2026-04-28T23:38:33.257+0200] {processor.py:183} INFO - Processing /Users/pablofrancoherrero/prueba_tecnica/venv/lib/python3.11/site-packages/airflow/example_dags/example_short_circuit_decorator.py took 0.047 seconds
[2026-04-28T23:39:56.394+0200] {processor.py:161} INFO - Started process (PID=64408) to work on /Users/pablofrancoherrero/prueba_tecnica/venv/lib/python3.11/site-packages/airflow/example_dags/example_short_circuit_decorator.py
[2026-04-28T23:39:56.395+0200] {processor.py:830} INFO - Processing file /Users/pablofrancoherrero/prueba_tecnica/venv/lib/python3.11/site-packages/airflow/example_dags/example_short_circuit_decorator.py for tasks to queue
[2026-04-28T23:39:56.395+0200] {logging_mixin.py:188} INFO - [2026-04-28T23:39:56.395+0200] {dagbag.py:540} INFO - Filling up the DagBag from /Users/pablofrancoherrero/prueba_tecnica/venv/lib/python3.11/site-packages/airflow/example_dags/example_short_circuit_decorator.py
[2026-04-28T23:39:56.408+0200] {processor.py:840} INFO - DAG(s) 'example_short_circuit_decorator' retrieved from /Users/pablofrancoherrero/prueba_tecnica/venv/lib/python3.11/site-packages/airflow/example_dags/example_short_circuit_decorator.py
[2026-04-28T23:39:56.435+0200] {logging_mixin.py:188} INFO - [2026-04-28T23:39:56.435+0200] {dag.py:3096} INFO - Sync 1 DAGs
[2026-04-28T23:39:56.439+0200] {logging_mixin.py:188} INFO - [2026-04-28T23:39:56.439+0200] {dag.py:3954} INFO - Setting next_dagrun for example_short_circuit_decorator to 2026-04-27 00:00:00+00:00, run_after=2026-04-28 00:00:00+00:00
[2026-04-28T23:39:56.444+0200] {processor.py:183} INFO - Processing /Users/pablofrancoherrero/prueba_tecnica/venv/lib/python3.11/site-packages/airflow/example_dags/example_short_circuit_decorator.py took 0.050 seconds
[2026-04-28T23:41:14.602+0200] {processor.py:161} INFO - Started process (PID=64519) to work on /Users/pablofrancoherrero/prueba_tecnica/venv/lib/python3.11/site-packages/airflow/example_dags/example_short_circuit_decorator.py
[2026-04-28T23:41:14.603+0200] {processor.py:830} INFO - Processing file /Users/pablofrancoherrero/prueba_tecnica/venv/lib/python3.11/site-packages/airflow/example_dags/example_short_circuit_decorator.py for tasks to queue
[2026-04-28T23:41:14.603+0200] {logging_mixin.py:188} INFO - [2026-04-28T23:41:14.603+0200] {dagbag.py:540} INFO - Filling up the DagBag from /Users/pablofrancoherrero/prueba_tecnica/venv/lib/python3.11/site-packages/airflow/example_dags/example_short_circuit_decorator.py
[2026-04-28T23:41:14.615+0200] {processor.py:840} INFO - DAG(s) 'example_short_circuit_decorator' retrieved from /Users/pablofrancoherrero/prueba_tecnica/venv/lib/python3.11/site-packages/airflow/example_dags/example_short_circuit_decorator.py
[2026-04-28T23:41:14.641+0200] {logging_mixin.py:188} INFO - [2026-04-28T23:41:14.641+0200] {dag.py:3096} INFO - Sync 1 DAGs
[2026-04-28T23:41:14.645+0200] {logging_mixin.py:188} INFO - [2026-04-28T23:41:14.645+0200] {dag.py:3954} INFO - Setting next_dagrun for example_short_circuit_decorator to 2026-04-27 00:00:00+00:00, run_after=2026-04-28 00:00:00+00:00
[2026-04-28T23:41:14.650+0200] {processor.py:183} INFO - Processing /Users/pablofrancoherrero/prueba_tecnica/venv/lib/python3.11/site-packages/airflow/example_dags/example_short_circuit_decorator.py took 0.048 seconds
[2026-04-28T23:42:34.158+0200] {processor.py:161} INFO - Started process (PID=64612) to work on /Users/pablofrancoherrero/prueba_tecnica/venv/lib/python3.11/site-packages/airflow/example_dags/example_short_circuit_decorator.py
[2026-04-28T23:42:34.159+0200] {processor.py:830} INFO - Processing file /Users/pablofrancoherrero/prueba_tecnica/venv/lib/python3.11/site-packages/airflow/example_dags/example_short_circuit_decorator.py for tasks to queue
[2026-04-28T23:42:34.159+0200] {logging_mixin.py:188} INFO - [2026-04-28T23:42:34.159+0200] {dagbag.py:540} INFO - Filling up the DagBag from /Users/pablofrancoherrero/prueba_tecnica/venv/lib/python3.11/site-packages/airflow/example_dags/example_short_circuit_decorator.py
[2026-04-28T23:42:34.171+0200] {processor.py:840} INFO - DAG(s) 'example_short_circuit_decorator' retrieved from /Users/pablofrancoherrero/prueba_tecnica/venv/lib/python3.11/site-packages/airflow/example_dags/example_short_circuit_decorator.py
[2026-04-28T23:42:34.197+0200] {logging_mixin.py:188} INFO - [2026-04-28T23:42:34.197+0200] {dag.py:3096} INFO - Sync 1 DAGs
[2026-04-28T23:42:34.201+0200] {logging_mixin.py:188} INFO - [2026-04-28T23:42:34.201+0200] {dag.py:3954} INFO - Setting next_dagrun for example_short_circuit_decorator to 2026-04-27 00:00:00+00:00, run_after=2026-04-28 00:00:00+00:00
[2026-04-28T23:42:34.206+0200] {processor.py:183} INFO - Processing /Users/pablofrancoherrero/prueba_tecnica/venv/lib/python3.11/site-packages/airflow/example_dags/example_short_circuit_decorator.py took 0.049 seconds
[2026-04-28T23:43:54.961+0200] {processor.py:161} INFO - Started process (PID=64712) to work on /Users/pablofrancoherrero/prueba_tecnica/venv/lib/python3.11/site-packages/airflow/example_dags/example_short_circuit_decorator.py
[2026-04-28T23:43:54.962+0200] {processor.py:830} INFO - Processing file /Users/pablofrancoherrero/prueba_tecnica/venv/lib/python3.11/site-packages/airflow/example_dags/example_short_circuit_decorator.py for tasks to queue
[2026-04-28T23:43:54.962+0200] {logging_mixin.py:188} INFO - [2026-04-28T23:43:54.962+0200] {dagbag.py:540} INFO - Filling up the DagBag from /Users/pablofrancoherrero/prueba_tecnica/venv/lib/python3.11/site-packages/airflow/example_dags/example_short_circuit_decorator.py
[2026-04-28T23:43:54.974+0200] {processor.py:840} INFO - DAG(s) 'example_short_circuit_decorator' retrieved from /Users/pablofrancoherrero/prueba_tecnica/venv/lib/python3.11/site-packages/airflow/example_dags/example_short_circuit_decorator.py
[2026-04-28T23:43:55.000+0200] {logging_mixin.py:188} INFO - [2026-04-28T23:43:55.000+0200] {dag.py:3096} INFO - Sync 1 DAGs
[2026-04-28T23:43:55.004+0200] {logging_mixin.py:188} INFO - [2026-04-28T23:43:55.004+0200] {dag.py:3954} INFO - Setting next_dagrun for example_short_circuit_decorator to 2026-04-27 00:00:00+00:00, run_after=2026-04-28 00:00:00+00:00
[2026-04-28T23:43:55.009+0200] {processor.py:183} INFO - Processing /Users/pablofrancoherrero/prueba_tecnica/venv/lib/python3.11/site-packages/airflow/example_dags/example_short_circuit_decorator.py took 0.049 seconds
[2026-04-28T23:45:14.233+0200] {processor.py:161} INFO - Started process (PID=64796) to work on /Users/pablofrancoherrero/prueba_tecnica/venv/lib/python3.11/site-packages/airflow/example_dags/example_short_circuit_decorator.py
[2026-04-28T23:45:14.234+0200] {processor.py:830} INFO - Processing file /Users/pablofrancoherrero/prueba_tecnica/venv/lib/python3.11/site-packages/airflow/example_dags/example_short_circuit_decorator.py for tasks to queue
[2026-04-28T23:45:14.234+0200] {logging_mixin.py:188} INFO - [2026-04-28T23:45:14.234+0200] {dagbag.py:540} INFO - Filling up the DagBag from /Users/pablofrancoherrero/prueba_tecnica/venv/lib/python3.11/site-packages/airflow/example_dags/example_short_circuit_decorator.py
[2026-04-28T23:45:14.246+0200] {processor.py:840} INFO - DAG(s) 'example_short_circuit_decorator' retrieved from /Users/pablofrancoherrero/prueba_tecnica/venv/lib/python3.11/site-packages/airflow/example_dags/example_short_circuit_decorator.py
[2026-04-28T23:45:14.271+0200] {logging_mixin.py:188} INFO - [2026-04-28T23:45:14.271+0200] {dag.py:3096} INFO - Sync 1 DAGs
[2026-04-28T23:45:14.275+0200] {logging_mixin.py:188} INFO - [2026-04-28T23:45:14.275+0200] {dag.py:3954} INFO - Setting next_dagrun for example_short_circuit_decorator to 2026-04-27 00:00:00+00:00, run_after=2026-04-28 00:00:00+00:00
[2026-04-28T23:45:14.280+0200] {processor.py:183} INFO - Processing /Users/pablofrancoherrero/prueba_tecnica/venv/lib/python3.11/site-packages/airflow/example_dags/example_short_circuit_decorator.py took 0.048 seconds
[2026-04-28T23:46:35.900+0200] {processor.py:161} INFO - Started process (PID=64879) to work on /Users/pablofrancoherrero/prueba_tecnica/venv/lib/python3.11/site-packages/airflow/example_dags/example_short_circuit_decorator.py
[2026-04-28T23:46:35.901+0200] {processor.py:830} INFO - Processing file /Users/pablofrancoherrero/prueba_tecnica/venv/lib/python3.11/site-packages/airflow/example_dags/example_short_circuit_decorator.py for tasks to queue
[2026-04-28T23:46:35.901+0200] {logging_mixin.py:188} INFO - [2026-04-28T23:46:35.901+0200] {dagbag.py:540} INFO - Filling up the DagBag from /Users/pablofrancoherrero/prueba_tecnica/venv/lib/python3.11/site-packages/airflow/example_dags/example_short_circuit_decorator.py
[2026-04-28T23:46:35.912+0200] {processor.py:840} INFO - DAG(s) 'example_short_circuit_decorator' retrieved from /Users/pablofrancoherrero/prueba_tecnica/venv/lib/python3.11/site-packages/airflow/example_dags/example_short_circuit_decorator.py
[2026-04-28T23:46:35.939+0200] {logging_mixin.py:188} INFO - [2026-04-28T23:46:35.939+0200] {dag.py:3096} INFO - Sync 1 DAGs
[2026-04-28T23:46:35.943+0200] {logging_mixin.py:188} INFO - [2026-04-28T23:46:35.943+0200] {dag.py:3954} INFO - Setting next_dagrun for example_short_circuit_decorator to 2026-04-27 00:00:00+00:00, run_after=2026-04-28 00:00:00+00:00
[2026-04-28T23:46:35.948+0200] {processor.py:183} INFO - Processing /Users/pablofrancoherrero/prueba_tecnica/venv/lib/python3.11/site-packages/airflow/example_dags/example_short_circuit_decorator.py took 0.049 seconds
[2026-04-28T23:47:57.487+0200] {processor.py:161} INFO - Started process (PID=64984) to work on /Users/pablofrancoherrero/prueba_tecnica/venv/lib/python3.11/site-packages/airflow/example_dags/example_short_circuit_decorator.py
[2026-04-28T23:47:57.488+0200] {processor.py:830} INFO - Processing file /Users/pablofrancoherrero/prueba_tecnica/venv/lib/python3.11/site-packages/airflow/example_dags/example_short_circuit_decorator.py for tasks to queue
[2026-04-28T23:47:57.488+0200] {logging_mixin.py:188} INFO - [2026-04-28T23:47:57.488+0200] {dagbag.py:540} INFO - Filling up the DagBag from /Users/pablofrancoherrero/prueba_tecnica/venv/lib/python3.11/site-packages/airflow/example_dags/example_short_circuit_decorator.py
[2026-04-28T23:47:57.500+0200] {processor.py:840} INFO - DAG(s) 'example_short_circuit_decorator' retrieved from /Users/pablofrancoherrero/prueba_tecnica/venv/lib/python3.11/site-packages/airflow/example_dags/example_short_circuit_decorator.py
[2026-04-28T23:47:57.526+0200] {logging_mixin.py:188} INFO - [2026-04-28T23:47:57.526+0200] {dag.py:3096} INFO - Sync 1 DAGs
[2026-04-28T23:47:57.530+0200] {logging_mixin.py:188} INFO - [2026-04-28T23:47:57.530+0200] {dag.py:3954} INFO - Setting next_dagrun for example_short_circuit_decorator to 2026-04-27 00:00:00+00:00, run_after=2026-04-28 00:00:00+00:00
[2026-04-28T23:47:57.535+0200] {processor.py:183} INFO - Processing /Users/pablofrancoherrero/prueba_tecnica/venv/lib/python3.11/site-packages/airflow/example_dags/example_short_circuit_decorator.py took 0.049 seconds
[2026-04-28T23:49:17.167+0200] {processor.py:161} INFO - Started process (PID=65076) to work on /Users/pablofrancoherrero/prueba_tecnica/venv/lib/python3.11/site-packages/airflow/example_dags/example_short_circuit_decorator.py
[2026-04-28T23:49:17.168+0200] {processor.py:830} INFO - Processing file /Users/pablofrancoherrero/prueba_tecnica/venv/lib/python3.11/site-packages/airflow/example_dags/example_short_circuit_decorator.py for tasks to queue
[2026-04-28T23:49:17.168+0200] {logging_mixin.py:188} INFO - [2026-04-28T23:49:17.168+0200] {dagbag.py:540} INFO - Filling up the DagBag from /Users/pablofrancoherrero/prueba_tecnica/venv/lib/python3.11/site-packages/airflow/example_dags/example_short_circuit_decorator.py
[2026-04-28T23:49:17.179+0200] {processor.py:840} INFO - DAG(s) 'example_short_circuit_decorator' retrieved from /Users/pablofrancoherrero/prueba_tecnica/venv/lib/python3.11/site-packages/airflow/example_dags/example_short_circuit_decorator.py
[2026-04-28T23:49:17.205+0200] {logging_mixin.py:188} INFO - [2026-04-28T23:49:17.205+0200] {dag.py:3096} INFO - Sync 1 DAGs
[2026-04-28T23:49:17.210+0200] {logging_mixin.py:188} INFO - [2026-04-28T23:49:17.210+0200] {dag.py:3954} INFO - Setting next_dagrun for example_short_circuit_decorator to 2026-04-27 00:00:00+00:00, run_after=2026-04-28 00:00:00+00:00
[2026-04-28T23:49:17.214+0200] {processor.py:183} INFO - Processing /Users/pablofrancoherrero/prueba_tecnica/venv/lib/python3.11/site-packages/airflow/example_dags/example_short_circuit_decorator.py took 0.048 seconds
[2026-04-28T23:50:38.857+0200] {processor.py:161} INFO - Started process (PID=65173) to work on /Users/pablofrancoherrero/prueba_tecnica/venv/lib/python3.11/site-packages/airflow/example_dags/example_short_circuit_decorator.py
[2026-04-28T23:50:38.857+0200] {processor.py:830} INFO - Processing file /Users/pablofrancoherrero/prueba_tecnica/venv/lib/python3.11/site-packages/airflow/example_dags/example_short_circuit_decorator.py for tasks to queue
[2026-04-28T23:50:38.857+0200] {logging_mixin.py:188} INFO - [2026-04-28T23:50:38.857+0200] {dagbag.py:540} INFO - Filling up the DagBag from /Users/pablofrancoherrero/prueba_tecnica/venv/lib/python3.11/site-packages/airflow/example_dags/example_short_circuit_decorator.py
[2026-04-28T23:50:38.870+0200] {processor.py:840} INFO - DAG(s) 'example_short_circuit_decorator' retrieved from /Users/pablofrancoherrero/prueba_tecnica/venv/lib/python3.11/site-packages/airflow/example_dags/example_short_circuit_decorator.py
[2026-04-28T23:50:38.897+0200] {logging_mixin.py:188} INFO - [2026-04-28T23:50:38.897+0200] {dag.py:3096} INFO - Sync 1 DAGs
[2026-04-28T23:50:38.902+0200] {logging_mixin.py:188} INFO - [2026-04-28T23:50:38.902+0200] {dag.py:3954} INFO - Setting next_dagrun for example_short_circuit_decorator to 2026-04-27 00:00:00+00:00, run_after=2026-04-28 00:00:00+00:00
[2026-04-28T23:50:38.907+0200] {processor.py:183} INFO - Processing /Users/pablofrancoherrero/prueba_tecnica/venv/lib/python3.11/site-packages/airflow/example_dags/example_short_circuit_decorator.py took 0.051 seconds
[2026-04-28T23:52:00.577+0200] {processor.py:161} INFO - Started process (PID=65257) to work on /Users/pablofrancoherrero/prueba_tecnica/venv/lib/python3.11/site-packages/airflow/example_dags/example_short_circuit_decorator.py
[2026-04-28T23:52:00.578+0200] {processor.py:830} INFO - Processing file /Users/pablofrancoherrero/prueba_tecnica/venv/lib/python3.11/site-packages/airflow/example_dags/example_short_circuit_decorator.py for tasks to queue
[2026-04-28T23:52:00.578+0200] {logging_mixin.py:188} INFO - [2026-04-28T23:52:00.578+0200] {dagbag.py:540} INFO - Filling up the DagBag from /Users/pablofrancoherrero/prueba_tecnica/venv/lib/python3.11/site-packages/airflow/example_dags/example_short_circuit_decorator.py
[2026-04-28T23:52:00.590+0200] {processor.py:840} INFO - DAG(s) 'example_short_circuit_decorator' retrieved from /Users/pablofrancoherrero/prueba_tecnica/venv/lib/python3.11/site-packages/airflow/example_dags/example_short_circuit_decorator.py
[2026-04-28T23:52:00.615+0200] {logging_mixin.py:188} INFO - [2026-04-28T23:52:00.615+0200] {dag.py:3096} INFO - Sync 1 DAGs
[2026-04-28T23:52:00.619+0200] {logging_mixin.py:188} INFO - [2026-04-28T23:52:00.619+0200] {dag.py:3954} INFO - Setting next_dagrun for example_short_circuit_decorator to 2026-04-27 00:00:00+00:00, run_after=2026-04-28 00:00:00+00:00
[2026-04-28T23:52:00.624+0200] {processor.py:183} INFO - Processing /Users/pablofrancoherrero/prueba_tecnica/venv/lib/python3.11/site-packages/airflow/example_dags/example_short_circuit_decorator.py took 0.047 seconds
[2026-04-28T23:53:19.640+0200] {processor.py:161} INFO - Started process (PID=65351) to work on /Users/pablofrancoherrero/prueba_tecnica/venv/lib/python3.11/site-packages/airflow/example_dags/example_short_circuit_decorator.py
[2026-04-28T23:53:19.641+0200] {processor.py:830} INFO - Processing file /Users/pablofrancoherrero/prueba_tecnica/venv/lib/python3.11/site-packages/airflow/example_dags/example_short_circuit_decorator.py for tasks to queue
[2026-04-28T23:53:19.641+0200] {logging_mixin.py:188} INFO - [2026-04-28T23:53:19.641+0200] {dagbag.py:540} INFO - Filling up the DagBag from /Users/pablofrancoherrero/prueba_tecnica/venv/lib/python3.11/site-packages/airflow/example_dags/example_short_circuit_decorator.py
[2026-04-28T23:53:19.653+0200] {processor.py:840} INFO - DAG(s) 'example_short_circuit_decorator' retrieved from /Users/pablofrancoherrero/prueba_tecnica/venv/lib/python3.11/site-packages/airflow/example_dags/example_short_circuit_decorator.py
[2026-04-28T23:53:19.678+0200] {logging_mixin.py:188} INFO - [2026-04-28T23:53:19.678+0200] {dag.py:3096} INFO - Sync 1 DAGs
[2026-04-28T23:53:19.682+0200] {logging_mixin.py:188} INFO - [2026-04-28T23:53:19.682+0200] {dag.py:3954} INFO - Setting next_dagrun for example_short_circuit_decorator to 2026-04-27 00:00:00+00:00, run_after=2026-04-28 00:00:00+00:00
[2026-04-28T23:53:19.687+0200] {processor.py:183} INFO - Processing /Users/pablofrancoherrero/prueba_tecnica/venv/lib/python3.11/site-packages/airflow/example_dags/example_short_circuit_decorator.py took 0.048 seconds
[2026-04-28T23:54:38.081+0200] {processor.py:161} INFO - Started process (PID=65437) to work on /Users/pablofrancoherrero/prueba_tecnica/venv/lib/python3.11/site-packages/airflow/example_dags/example_short_circuit_decorator.py
[2026-04-28T23:54:38.081+0200] {processor.py:830} INFO - Processing file /Users/pablofrancoherrero/prueba_tecnica/venv/lib/python3.11/site-packages/airflow/example_dags/example_short_circuit_decorator.py for tasks to queue
[2026-04-28T23:54:38.081+0200] {logging_mixin.py:188} INFO - [2026-04-28T23:54:38.081+0200] {dagbag.py:540} INFO - Filling up the DagBag from /Users/pablofrancoherrero/prueba_tecnica/venv/lib/python3.11/site-packages/airflow/example_dags/example_short_circuit_decorator.py
[2026-04-28T23:54:38.093+0200] {processor.py:840} INFO - DAG(s) 'example_short_circuit_decorator' retrieved from /Users/pablofrancoherrero/prueba_tecnica/venv/lib/python3.11/site-packages/airflow/example_dags/example_short_circuit_decorator.py
[2026-04-28T23:54:38.118+0200] {logging_mixin.py:188} INFO - [2026-04-28T23:54:38.118+0200] {dag.py:3096} INFO - Sync 1 DAGs
[2026-04-28T23:54:38.122+0200] {logging_mixin.py:188} INFO - [2026-04-28T23:54:38.122+0200] {dag.py:3954} INFO - Setting next_dagrun for example_short_circuit_decorator to 2026-04-27 00:00:00+00:00, run_after=2026-04-28 00:00:00+00:00
[2026-04-28T23:54:38.127+0200] {processor.py:183} INFO - Processing /Users/pablofrancoherrero/prueba_tecnica/venv/lib/python3.11/site-packages/airflow/example_dags/example_short_circuit_decorator.py took 0.047 seconds
[2026-04-28T23:55:52.756+0200] {processor.py:161} INFO - Started process (PID=65519) to work on /Users/pablofrancoherrero/prueba_tecnica/venv/lib/python3.11/site-packages/airflow/example_dags/example_short_circuit_decorator.py
[2026-04-28T23:55:52.757+0200] {processor.py:830} INFO - Processing file /Users/pablofrancoherrero/prueba_tecnica/venv/lib/python3.11/site-packages/airflow/example_dags/example_short_circuit_decorator.py for tasks to queue
[2026-04-28T23:55:52.757+0200] {logging_mixin.py:188} INFO - [2026-04-28T23:55:52.757+0200] {dagbag.py:540} INFO - Filling up the DagBag from /Users/pablofrancoherrero/prueba_tecnica/venv/lib/python3.11/site-packages/airflow/example_dags/example_short_circuit_decorator.py
[2026-04-28T23:55:52.769+0200] {processor.py:840} INFO - DAG(s) 'example_short_circuit_decorator' retrieved from /Users/pablofrancoherrero/prueba_tecnica/venv/lib/python3.11/site-packages/airflow/example_dags/example_short_circuit_decorator.py
[2026-04-28T23:55:52.796+0200] {logging_mixin.py:188} INFO - [2026-04-28T23:55:52.796+0200] {dag.py:3096} INFO - Sync 1 DAGs
[2026-04-28T23:55:52.800+0200] {logging_mixin.py:188} INFO - [2026-04-28T23:55:52.800+0200] {dag.py:3954} INFO - Setting next_dagrun for example_short_circuit_decorator to 2026-04-27 00:00:00+00:00, run_after=2026-04-28 00:00:00+00:00
[2026-04-28T23:55:52.805+0200] {processor.py:183} INFO - Processing /Users/pablofrancoherrero/prueba_tecnica/venv/lib/python3.11/site-packages/airflow/example_dags/example_short_circuit_decorator.py took 0.050 seconds
[2026-04-28T23:57:13.121+0200] {processor.py:161} INFO - Started process (PID=65615) to work on /Users/pablofrancoherrero/prueba_tecnica/venv/lib/python3.11/site-packages/airflow/example_dags/example_short_circuit_decorator.py
[2026-04-28T23:57:13.122+0200] {processor.py:830} INFO - Processing file /Users/pablofrancoherrero/prueba_tecnica/venv/lib/python3.11/site-packages/airflow/example_dags/example_short_circuit_decorator.py for tasks to queue
[2026-04-28T23:57:13.123+0200] {logging_mixin.py:188} INFO - [2026-04-28T23:57:13.123+0200] {dagbag.py:540} INFO - Filling up the DagBag from /Users/pablofrancoherrero/prueba_tecnica/venv/lib/python3.11/site-packages/airflow/example_dags/example_short_circuit_decorator.py
[2026-04-28T23:57:13.134+0200] {processor.py:840} INFO - DAG(s) 'example_short_circuit_decorator' retrieved from /Users/pablofrancoherrero/prueba_tecnica/venv/lib/python3.11/site-packages/airflow/example_dags/example_short_circuit_decorator.py
[2026-04-28T23:57:13.161+0200] {logging_mixin.py:188} INFO - [2026-04-28T23:57:13.161+0200] {dag.py:3096} INFO - Sync 1 DAGs
[2026-04-28T23:57:13.165+0200] {logging_mixin.py:188} INFO - [2026-04-28T23:57:13.165+0200] {dag.py:3954} INFO - Setting next_dagrun for example_short_circuit_decorator to 2026-04-27 00:00:00+00:00, run_after=2026-04-28 00:00:00+00:00
[2026-04-28T23:57:13.170+0200] {processor.py:183} INFO - Processing /Users/pablofrancoherrero/prueba_tecnica/venv/lib/python3.11/site-packages/airflow/example_dags/example_short_circuit_decorator.py took 0.049 seconds
[2026-04-28T23:58:36.218+0200] {processor.py:161} INFO - Started process (PID=65716) to work on /Users/pablofrancoherrero/prueba_tecnica/venv/lib/python3.11/site-packages/airflow/example_dags/example_short_circuit_decorator.py
[2026-04-28T23:58:36.220+0200] {processor.py:830} INFO - Processing file /Users/pablofrancoherrero/prueba_tecnica/venv/lib/python3.11/site-packages/airflow/example_dags/example_short_circuit_decorator.py for tasks to queue
[2026-04-28T23:58:36.220+0200] {logging_mixin.py:188} INFO - [2026-04-28T23:58:36.220+0200] {dagbag.py:540} INFO - Filling up the DagBag from /Users/pablofrancoherrero/prueba_tecnica/venv/lib/python3.11/site-packages/airflow/example_dags/example_short_circuit_decorator.py
[2026-04-28T23:58:36.231+0200] {processor.py:840} INFO - DAG(s) 'example_short_circuit_decorator' retrieved from /Users/pablofrancoherrero/prueba_tecnica/venv/lib/python3.11/site-packages/airflow/example_dags/example_short_circuit_decorator.py
[2026-04-28T23:58:36.257+0200] {logging_mixin.py:188} INFO - [2026-04-28T23:58:36.256+0200] {dag.py:3096} INFO - Sync 1 DAGs
[2026-04-28T23:58:36.261+0200] {logging_mixin.py:188} INFO - [2026-04-28T23:58:36.261+0200] {dag.py:3954} INFO - Setting next_dagrun for example_short_circuit_decorator to 2026-04-27 00:00:00+00:00, run_after=2026-04-28 00:00:00+00:00
[2026-04-28T23:58:36.265+0200] {processor.py:183} INFO - Processing /Users/pablofrancoherrero/prueba_tecnica/venv/lib/python3.11/site-packages/airflow/example_dags/example_short_circuit_decorator.py took 0.048 seconds
[2026-04-28T23:59:58.463+0200] {processor.py:161} INFO - Started process (PID=65808) to work on /Users/pablofrancoherrero/prueba_tecnica/venv/lib/python3.11/site-packages/airflow/example_dags/example_short_circuit_decorator.py
[2026-04-28T23:59:58.464+0200] {processor.py:830} INFO - Processing file /Users/pablofrancoherrero/prueba_tecnica/venv/lib/python3.11/site-packages/airflow/example_dags/example_short_circuit_decorator.py for tasks to queue
[2026-04-28T23:59:58.464+0200] {logging_mixin.py:188} INFO - [2026-04-28T23:59:58.464+0200] {dagbag.py:540} INFO - Filling up the DagBag from /Users/pablofrancoherrero/prueba_tecnica/venv/lib/python3.11/site-packages/airflow/example_dags/example_short_circuit_decorator.py
[2026-04-28T23:59:58.475+0200] {processor.py:840} INFO - DAG(s) 'example_short_circuit_decorator' retrieved from /Users/pablofrancoherrero/prueba_tecnica/venv/lib/python3.11/site-packages/airflow/example_dags/example_short_circuit_decorator.py
[2026-04-28T23:59:58.502+0200] {logging_mixin.py:188} INFO - [2026-04-28T23:59:58.502+0200] {dag.py:3096} INFO - Sync 1 DAGs
[2026-04-28T23:59:58.506+0200] {logging_mixin.py:188} INFO - [2026-04-28T23:59:58.506+0200] {dag.py:3954} INFO - Setting next_dagrun for example_short_circuit_decorator to 2026-04-27 00:00:00+00:00, run_after=2026-04-28 00:00:00+00:00
[2026-04-28T23:59:58.511+0200] {processor.py:183} INFO - Processing /Users/pablofrancoherrero/prueba_tecnica/venv/lib/python3.11/site-packages/airflow/example_dags/example_short_circuit_decorator.py took 0.048 seconds
[2026-04-29T00:01:17.940+0200] {processor.py:161} INFO - Started process (PID=65925) to work on /Users/pablofrancoherrero/prueba_tecnica/venv/lib/python3.11/site-packages/airflow/example_dags/example_short_circuit_decorator.py
[2026-04-29T00:01:17.940+0200] {processor.py:830} INFO - Processing file /Users/pablofrancoherrero/prueba_tecnica/venv/lib/python3.11/site-packages/airflow/example_dags/example_short_circuit_decorator.py for tasks to queue
[2026-04-29T00:01:17.940+0200] {logging_mixin.py:188} INFO - [2026-04-29T00:01:17.940+0200] {dagbag.py:540} INFO - Filling up the DagBag from /Users/pablofrancoherrero/prueba_tecnica/venv/lib/python3.11/site-packages/airflow/example_dags/example_short_circuit_decorator.py
[2026-04-29T00:01:17.952+0200] {processor.py:840} INFO - DAG(s) 'example_short_circuit_decorator' retrieved from /Users/pablofrancoherrero/prueba_tecnica/venv/lib/python3.11/site-packages/airflow/example_dags/example_short_circuit_decorator.py
[2026-04-29T00:01:17.979+0200] {logging_mixin.py:188} INFO - [2026-04-29T00:01:17.979+0200] {dag.py:3096} INFO - Sync 1 DAGs
[2026-04-29T00:01:17.983+0200] {logging_mixin.py:188} INFO - [2026-04-29T00:01:17.983+0200] {dag.py:3954} INFO - Setting next_dagrun for example_short_circuit_decorator to 2026-04-27 00:00:00+00:00, run_after=2026-04-28 00:00:00+00:00
[2026-04-29T00:01:17.988+0200] {processor.py:183} INFO - Processing /Users/pablofrancoherrero/prueba_tecnica/venv/lib/python3.11/site-packages/airflow/example_dags/example_short_circuit_decorator.py took 0.049 seconds
[2026-04-29T00:02:39.190+0200] {processor.py:161} INFO - Started process (PID=66014) to work on /Users/pablofrancoherrero/prueba_tecnica/venv/lib/python3.11/site-packages/airflow/example_dags/example_short_circuit_decorator.py
[2026-04-29T00:02:39.191+0200] {processor.py:830} INFO - Processing file /Users/pablofrancoherrero/prueba_tecnica/venv/lib/python3.11/site-packages/airflow/example_dags/example_short_circuit_decorator.py for tasks to queue
[2026-04-29T00:02:39.191+0200] {logging_mixin.py:188} INFO - [2026-04-29T00:02:39.191+0200] {dagbag.py:540} INFO - Filling up the DagBag from /Users/pablofrancoherrero/prueba_tecnica/venv/lib/python3.11/site-packages/airflow/example_dags/example_short_circuit_decorator.py
[2026-04-29T00:02:39.204+0200] {processor.py:840} INFO - DAG(s) 'example_short_circuit_decorator' retrieved from /Users/pablofrancoherrero/prueba_tecnica/venv/lib/python3.11/site-packages/airflow/example_dags/example_short_circuit_decorator.py
[2026-04-29T00:02:39.230+0200] {logging_mixin.py:188} INFO - [2026-04-29T00:02:39.230+0200] {dag.py:3096} INFO - Sync 1 DAGs
[2026-04-29T00:02:39.235+0200] {logging_mixin.py:188} INFO - [2026-04-29T00:02:39.235+0200] {dag.py:3954} INFO - Setting next_dagrun for example_short_circuit_decorator to 2026-04-27 00:00:00+00:00, run_after=2026-04-28 00:00:00+00:00
[2026-04-29T00:02:39.240+0200] {processor.py:183} INFO - Processing /Users/pablofrancoherrero/prueba_tecnica/venv/lib/python3.11/site-packages/airflow/example_dags/example_short_circuit_decorator.py took 0.050 seconds
[2026-04-29T00:04:02.377+0200] {processor.py:161} INFO - Started process (PID=66119) to work on /Users/pablofrancoherrero/prueba_tecnica/venv/lib/python3.11/site-packages/airflow/example_dags/example_short_circuit_decorator.py
[2026-04-29T00:04:02.377+0200] {processor.py:830} INFO - Processing file /Users/pablofrancoherrero/prueba_tecnica/venv/lib/python3.11/site-packages/airflow/example_dags/example_short_circuit_decorator.py for tasks to queue
[2026-04-29T00:04:02.377+0200] {logging_mixin.py:188} INFO - [2026-04-29T00:04:02.377+0200] {dagbag.py:540} INFO - Filling up the DagBag from /Users/pablofrancoherrero/prueba_tecnica/venv/lib/python3.11/site-packages/airflow/example_dags/example_short_circuit_decorator.py
[2026-04-29T00:04:02.389+0200] {processor.py:840} INFO - DAG(s) 'example_short_circuit_decorator' retrieved from /Users/pablofrancoherrero/prueba_tecnica/venv/lib/python3.11/site-packages/airflow/example_dags/example_short_circuit_decorator.py
[2026-04-29T00:04:02.415+0200] {logging_mixin.py:188} INFO - [2026-04-29T00:04:02.415+0200] {dag.py:3096} INFO - Sync 1 DAGs
[2026-04-29T00:04:02.419+0200] {logging_mixin.py:188} INFO - [2026-04-29T00:04:02.419+0200] {dag.py:3954} INFO - Setting next_dagrun for example_short_circuit_decorator to 2026-04-27 00:00:00+00:00, run_after=2026-04-28 00:00:00+00:00
[2026-04-29T00:04:02.424+0200] {processor.py:183} INFO - Processing /Users/pablofrancoherrero/prueba_tecnica/venv/lib/python3.11/site-packages/airflow/example_dags/example_short_circuit_decorator.py took 0.048 seconds
[2026-04-29T00:05:22.685+0200] {processor.py:161} INFO - Started process (PID=66203) to work on /Users/pablofrancoherrero/prueba_tecnica/venv/lib/python3.11/site-packages/airflow/example_dags/example_short_circuit_decorator.py
[2026-04-29T00:05:22.686+0200] {processor.py:830} INFO - Processing file /Users/pablofrancoherrero/prueba_tecnica/venv/lib/python3.11/site-packages/airflow/example_dags/example_short_circuit_decorator.py for tasks to queue
[2026-04-29T00:05:22.686+0200] {logging_mixin.py:188} INFO - [2026-04-29T00:05:22.686+0200] {dagbag.py:540} INFO - Filling up the DagBag from /Users/pablofrancoherrero/prueba_tecnica/venv/lib/python3.11/site-packages/airflow/example_dags/example_short_circuit_decorator.py
[2026-04-29T00:05:22.698+0200] {processor.py:840} INFO - DAG(s) 'example_short_circuit_decorator' retrieved from /Users/pablofrancoherrero/prueba_tecnica/venv/lib/python3.11/site-packages/airflow/example_dags/example_short_circuit_decorator.py
[2026-04-29T00:05:22.723+0200] {logging_mixin.py:188} INFO - [2026-04-29T00:05:22.723+0200] {dag.py:3096} INFO - Sync 1 DAGs
[2026-04-29T00:05:22.728+0200] {logging_mixin.py:188} INFO - [2026-04-29T00:05:22.728+0200] {dag.py:3954} INFO - Setting next_dagrun for example_short_circuit_decorator to 2026-04-27 00:00:00+00:00, run_after=2026-04-28 00:00:00+00:00
[2026-04-29T00:05:22.732+0200] {processor.py:183} INFO - Processing /Users/pablofrancoherrero/prueba_tecnica/venv/lib/python3.11/site-packages/airflow/example_dags/example_short_circuit_decorator.py took 0.048 seconds
[2026-04-29T00:06:44.081+0200] {processor.py:161} INFO - Started process (PID=66291) to work on /Users/pablofrancoherrero/prueba_tecnica/venv/lib/python3.11/site-packages/airflow/example_dags/example_short_circuit_decorator.py
[2026-04-29T00:06:44.081+0200] {processor.py:830} INFO - Processing file /Users/pablofrancoherrero/prueba_tecnica/venv/lib/python3.11/site-packages/airflow/example_dags/example_short_circuit_decorator.py for tasks to queue
[2026-04-29T00:06:44.081+0200] {logging_mixin.py:188} INFO - [2026-04-29T00:06:44.081+0200] {dagbag.py:540} INFO - Filling up the DagBag from /Users/pablofrancoherrero/prueba_tecnica/venv/lib/python3.11/site-packages/airflow/example_dags/example_short_circuit_decorator.py
[2026-04-29T00:06:44.093+0200] {processor.py:840} INFO - DAG(s) 'example_short_circuit_decorator' retrieved from /Users/pablofrancoherrero/prueba_tecnica/venv/lib/python3.11/site-packages/airflow/example_dags/example_short_circuit_decorator.py
[2026-04-29T00:06:44.119+0200] {logging_mixin.py:188} INFO - [2026-04-29T00:06:44.119+0200] {dag.py:3096} INFO - Sync 1 DAGs
[2026-04-29T00:06:44.124+0200] {logging_mixin.py:188} INFO - [2026-04-29T00:06:44.124+0200] {dag.py:3954} INFO - Setting next_dagrun for example_short_circuit_decorator to 2026-04-27 00:00:00+00:00, run_after=2026-04-28 00:00:00+00:00
[2026-04-29T00:06:44.128+0200] {processor.py:183} INFO - Processing /Users/pablofrancoherrero/prueba_tecnica/venv/lib/python3.11/site-packages/airflow/example_dags/example_short_circuit_decorator.py took 0.048 seconds
[2026-04-29T00:08:04.368+0200] {processor.py:161} INFO - Started process (PID=66374) to work on /Users/pablofrancoherrero/prueba_tecnica/venv/lib/python3.11/site-packages/airflow/example_dags/example_short_circuit_decorator.py
[2026-04-29T00:08:04.369+0200] {processor.py:830} INFO - Processing file /Users/pablofrancoherrero/prueba_tecnica/venv/lib/python3.11/site-packages/airflow/example_dags/example_short_circuit_decorator.py for tasks to queue
[2026-04-29T00:08:04.369+0200] {logging_mixin.py:188} INFO - [2026-04-29T00:08:04.369+0200] {dagbag.py:540} INFO - Filling up the DagBag from /Users/pablofrancoherrero/prueba_tecnica/venv/lib/python3.11/site-packages/airflow/example_dags/example_short_circuit_decorator.py
[2026-04-29T00:08:04.380+0200] {processor.py:840} INFO - DAG(s) 'example_short_circuit_decorator' retrieved from /Users/pablofrancoherrero/prueba_tecnica/venv/lib/python3.11/site-packages/airflow/example_dags/example_short_circuit_decorator.py
[2026-04-29T00:08:04.406+0200] {logging_mixin.py:188} INFO - [2026-04-29T00:08:04.405+0200] {dag.py:3096} INFO - Sync 1 DAGs
[2026-04-29T00:08:04.410+0200] {logging_mixin.py:188} INFO - [2026-04-29T00:08:04.410+0200] {dag.py:3954} INFO - Setting next_dagrun for example_short_circuit_decorator to 2026-04-27 00:00:00+00:00, run_after=2026-04-28 00:00:00+00:00
[2026-04-29T00:08:04.414+0200] {processor.py:183} INFO - Processing /Users/pablofrancoherrero/prueba_tecnica/venv/lib/python3.11/site-packages/airflow/example_dags/example_short_circuit_decorator.py took 0.047 seconds
[2026-04-29T00:09:22.745+0200] {processor.py:161} INFO - Started process (PID=66470) to work on /Users/pablofrancoherrero/prueba_tecnica/venv/lib/python3.11/site-packages/airflow/example_dags/example_short_circuit_decorator.py
[2026-04-29T00:09:22.745+0200] {processor.py:830} INFO - Processing file /Users/pablofrancoherrero/prueba_tecnica/venv/lib/python3.11/site-packages/airflow/example_dags/example_short_circuit_decorator.py for tasks to queue
[2026-04-29T00:09:22.745+0200] {logging_mixin.py:188} INFO - [2026-04-29T00:09:22.745+0200] {dagbag.py:540} INFO - Filling up the DagBag from /Users/pablofrancoherrero/prueba_tecnica/venv/lib/python3.11/site-packages/airflow/example_dags/example_short_circuit_decorator.py
[2026-04-29T00:09:22.757+0200] {processor.py:840} INFO - DAG(s) 'example_short_circuit_decorator' retrieved from /Users/pablofrancoherrero/prueba_tecnica/venv/lib/python3.11/site-packages/airflow/example_dags/example_short_circuit_decorator.py
[2026-04-29T00:09:22.783+0200] {logging_mixin.py:188} INFO - [2026-04-29T00:09:22.783+0200] {dag.py:3096} INFO - Sync 1 DAGs
[2026-04-29T00:09:22.787+0200] {logging_mixin.py:188} INFO - [2026-04-29T00:09:22.787+0200] {dag.py:3954} INFO - Setting next_dagrun for example_short_circuit_decorator to 2026-04-27 00:00:00+00:00, run_after=2026-04-28 00:00:00+00:00
[2026-04-29T00:09:22.792+0200] {processor.py:183} INFO - Processing /Users/pablofrancoherrero/prueba_tecnica/venv/lib/python3.11/site-packages/airflow/example_dags/example_short_circuit_decorator.py took 0.048 seconds
[2026-04-29T00:10:41.728+0200] {processor.py:161} INFO - Started process (PID=66557) to work on /Users/pablofrancoherrero/prueba_tecnica/venv/lib/python3.11/site-packages/airflow/example_dags/example_short_circuit_decorator.py
[2026-04-29T00:10:41.729+0200] {processor.py:830} INFO - Processing file /Users/pablofrancoherrero/prueba_tecnica/venv/lib/python3.11/site-packages/airflow/example_dags/example_short_circuit_decorator.py for tasks to queue
[2026-04-29T00:10:41.729+0200] {logging_mixin.py:188} INFO - [2026-04-29T00:10:41.729+0200] {dagbag.py:540} INFO - Filling up the DagBag from /Users/pablofrancoherrero/prueba_tecnica/venv/lib/python3.11/site-packages/airflow/example_dags/example_short_circuit_decorator.py
[2026-04-29T00:10:41.741+0200] {processor.py:840} INFO - DAG(s) 'example_short_circuit_decorator' retrieved from /Users/pablofrancoherrero/prueba_tecnica/venv/lib/python3.11/site-packages/airflow/example_dags/example_short_circuit_decorator.py
[2026-04-29T00:10:41.767+0200] {logging_mixin.py:188} INFO - [2026-04-29T00:10:41.767+0200] {dag.py:3096} INFO - Sync 1 DAGs
[2026-04-29T00:10:41.772+0200] {logging_mixin.py:188} INFO - [2026-04-29T00:10:41.772+0200] {dag.py:3954} INFO - Setting next_dagrun for example_short_circuit_decorator to 2026-04-27 00:00:00+00:00, run_after=2026-04-28 00:00:00+00:00
[2026-04-29T00:10:41.776+0200] {processor.py:183} INFO - Processing /Users/pablofrancoherrero/prueba_tecnica/venv/lib/python3.11/site-packages/airflow/example_dags/example_short_circuit_decorator.py took 0.049 seconds
[2026-04-29T00:12:01.590+0200] {processor.py:161} INFO - Started process (PID=66641) to work on /Users/pablofrancoherrero/prueba_tecnica/venv/lib/python3.11/site-packages/airflow/example_dags/example_short_circuit_decorator.py
[2026-04-29T00:12:01.591+0200] {processor.py:830} INFO - Processing file /Users/pablofrancoherrero/prueba_tecnica/venv/lib/python3.11/site-packages/airflow/example_dags/example_short_circuit_decorator.py for tasks to queue
[2026-04-29T00:12:01.591+0200] {logging_mixin.py:188} INFO - [2026-04-29T00:12:01.591+0200] {dagbag.py:540} INFO - Filling up the DagBag from /Users/pablofrancoherrero/prueba_tecnica/venv/lib/python3.11/site-packages/airflow/example_dags/example_short_circuit_decorator.py
[2026-04-29T00:12:01.603+0200] {processor.py:840} INFO - DAG(s) 'example_short_circuit_decorator' retrieved from /Users/pablofrancoherrero/prueba_tecnica/venv/lib/python3.11/site-packages/airflow/example_dags/example_short_circuit_decorator.py
[2026-04-29T00:12:01.629+0200] {logging_mixin.py:188} INFO - [2026-04-29T00:12:01.629+0200] {dag.py:3096} INFO - Sync 1 DAGs
[2026-04-29T00:12:01.633+0200] {logging_mixin.py:188} INFO - [2026-04-29T00:12:01.633+0200] {dag.py:3954} INFO - Setting next_dagrun for example_short_circuit_decorator to 2026-04-27 00:00:00+00:00, run_after=2026-04-28 00:00:00+00:00
[2026-04-29T00:12:01.638+0200] {processor.py:183} INFO - Processing /Users/pablofrancoherrero/prueba_tecnica/venv/lib/python3.11/site-packages/airflow/example_dags/example_short_circuit_decorator.py took 0.049 seconds
[2026-04-29T00:13:23.897+0200] {processor.py:161} INFO - Started process (PID=66725) to work on /Users/pablofrancoherrero/prueba_tecnica/venv/lib/python3.11/site-packages/airflow/example_dags/example_short_circuit_decorator.py
[2026-04-29T00:13:23.897+0200] {processor.py:830} INFO - Processing file /Users/pablofrancoherrero/prueba_tecnica/venv/lib/python3.11/site-packages/airflow/example_dags/example_short_circuit_decorator.py for tasks to queue
[2026-04-29T00:13:23.898+0200] {logging_mixin.py:188} INFO - [2026-04-29T00:13:23.898+0200] {dagbag.py:540} INFO - Filling up the DagBag from /Users/pablofrancoherrero/prueba_tecnica/venv/lib/python3.11/site-packages/airflow/example_dags/example_short_circuit_decorator.py
[2026-04-29T00:13:23.909+0200] {processor.py:840} INFO - DAG(s) 'example_short_circuit_decorator' retrieved from /Users/pablofrancoherrero/prueba_tecnica/venv/lib/python3.11/site-packages/airflow/example_dags/example_short_circuit_decorator.py
[2026-04-29T00:13:23.934+0200] {logging_mixin.py:188} INFO - [2026-04-29T00:13:23.934+0200] {dag.py:3096} INFO - Sync 1 DAGs
[2026-04-29T00:13:23.938+0200] {logging_mixin.py:188} INFO - [2026-04-29T00:13:23.938+0200] {dag.py:3954} INFO - Setting next_dagrun for example_short_circuit_decorator to 2026-04-27 00:00:00+00:00, run_after=2026-04-28 00:00:00+00:00
[2026-04-29T00:13:23.943+0200] {processor.py:183} INFO - Processing /Users/pablofrancoherrero/prueba_tecnica/venv/lib/python3.11/site-packages/airflow/example_dags/example_short_circuit_decorator.py took 0.047 seconds
[2026-04-29T00:14:45.813+0200] {processor.py:161} INFO - Started process (PID=66825) to work on /Users/pablofrancoherrero/prueba_tecnica/venv/lib/python3.11/site-packages/airflow/example_dags/example_short_circuit_decorator.py
[2026-04-29T00:14:45.813+0200] {processor.py:830} INFO - Processing file /Users/pablofrancoherrero/prueba_tecnica/venv/lib/python3.11/site-packages/airflow/example_dags/example_short_circuit_decorator.py for tasks to queue
[2026-04-29T00:14:45.813+0200] {logging_mixin.py:188} INFO - [2026-04-29T00:14:45.813+0200] {dagbag.py:540} INFO - Filling up the DagBag from /Users/pablofrancoherrero/prueba_tecnica/venv/lib/python3.11/site-packages/airflow/example_dags/example_short_circuit_decorator.py
[2026-04-29T00:14:45.825+0200] {processor.py:840} INFO - DAG(s) 'example_short_circuit_decorator' retrieved from /Users/pablofrancoherrero/prueba_tecnica/venv/lib/python3.11/site-packages/airflow/example_dags/example_short_circuit_decorator.py
[2026-04-29T00:14:45.851+0200] {logging_mixin.py:188} INFO - [2026-04-29T00:14:45.851+0200] {dag.py:3096} INFO - Sync 1 DAGs
[2026-04-29T00:14:45.856+0200] {logging_mixin.py:188} INFO - [2026-04-29T00:14:45.856+0200] {dag.py:3954} INFO - Setting next_dagrun for example_short_circuit_decorator to 2026-04-27 00:00:00+00:00, run_after=2026-04-28 00:00:00+00:00
[2026-04-29T00:14:45.860+0200] {processor.py:183} INFO - Processing /Users/pablofrancoherrero/prueba_tecnica/venv/lib/python3.11/site-packages/airflow/example_dags/example_short_circuit_decorator.py took 0.048 seconds
[2026-04-29T00:16:06.936+0200] {processor.py:161} INFO - Started process (PID=66918) to work on /Users/pablofrancoherrero/prueba_tecnica/venv/lib/python3.11/site-packages/airflow/example_dags/example_short_circuit_decorator.py
[2026-04-29T00:16:06.937+0200] {processor.py:830} INFO - Processing file /Users/pablofrancoherrero/prueba_tecnica/venv/lib/python3.11/site-packages/airflow/example_dags/example_short_circuit_decorator.py for tasks to queue
[2026-04-29T00:16:06.937+0200] {logging_mixin.py:188} INFO - [2026-04-29T00:16:06.937+0200] {dagbag.py:540} INFO - Filling up the DagBag from /Users/pablofrancoherrero/prueba_tecnica/venv/lib/python3.11/site-packages/airflow/example_dags/example_short_circuit_decorator.py
[2026-04-29T00:16:06.949+0200] {processor.py:840} INFO - DAG(s) 'example_short_circuit_decorator' retrieved from /Users/pablofrancoherrero/prueba_tecnica/venv/lib/python3.11/site-packages/airflow/example_dags/example_short_circuit_decorator.py
[2026-04-29T00:16:06.975+0200] {logging_mixin.py:188} INFO - [2026-04-29T00:16:06.975+0200] {dag.py:3096} INFO - Sync 1 DAGs
[2026-04-29T00:16:06.980+0200] {logging_mixin.py:188} INFO - [2026-04-29T00:16:06.980+0200] {dag.py:3954} INFO - Setting next_dagrun for example_short_circuit_decorator to 2026-04-27 00:00:00+00:00, run_after=2026-04-28 00:00:00+00:00
[2026-04-29T00:16:06.984+0200] {processor.py:183} INFO - Processing /Users/pablofrancoherrero/prueba_tecnica/venv/lib/python3.11/site-packages/airflow/example_dags/example_short_circuit_decorator.py took 0.049 seconds
[2026-04-29T00:17:29.639+0200] {processor.py:161} INFO - Started process (PID=67026) to work on /Users/pablofrancoherrero/prueba_tecnica/venv/lib/python3.11/site-packages/airflow/example_dags/example_short_circuit_decorator.py
[2026-04-29T00:17:29.640+0200] {processor.py:830} INFO - Processing file /Users/pablofrancoherrero/prueba_tecnica/venv/lib/python3.11/site-packages/airflow/example_dags/example_short_circuit_decorator.py for tasks to queue
[2026-04-29T00:17:29.640+0200] {logging_mixin.py:188} INFO - [2026-04-29T00:17:29.640+0200] {dagbag.py:540} INFO - Filling up the DagBag from /Users/pablofrancoherrero/prueba_tecnica/venv/lib/python3.11/site-packages/airflow/example_dags/example_short_circuit_decorator.py
[2026-04-29T00:17:29.651+0200] {processor.py:840} INFO - DAG(s) 'example_short_circuit_decorator' retrieved from /Users/pablofrancoherrero/prueba_tecnica/venv/lib/python3.11/site-packages/airflow/example_dags/example_short_circuit_decorator.py
[2026-04-29T00:17:29.678+0200] {logging_mixin.py:188} INFO - [2026-04-29T00:17:29.677+0200] {dag.py:3096} INFO - Sync 1 DAGs
[2026-04-29T00:17:29.682+0200] {logging_mixin.py:188} INFO - [2026-04-29T00:17:29.682+0200] {dag.py:3954} INFO - Setting next_dagrun for example_short_circuit_decorator to 2026-04-27 00:00:00+00:00, run_after=2026-04-28 00:00:00+00:00
[2026-04-29T00:17:29.686+0200] {processor.py:183} INFO - Processing /Users/pablofrancoherrero/prueba_tecnica/venv/lib/python3.11/site-packages/airflow/example_dags/example_short_circuit_decorator.py took 0.048 seconds
[2026-04-29T00:18:51.793+0200] {processor.py:161} INFO - Started process (PID=67133) to work on /Users/pablofrancoherrero/prueba_tecnica/venv/lib/python3.11/site-packages/airflow/example_dags/example_short_circuit_decorator.py
[2026-04-29T00:18:51.795+0200] {processor.py:830} INFO - Processing file /Users/pablofrancoherrero/prueba_tecnica/venv/lib/python3.11/site-packages/airflow/example_dags/example_short_circuit_decorator.py for tasks to queue
[2026-04-29T00:18:51.796+0200] {logging_mixin.py:188} INFO - [2026-04-29T00:18:51.796+0200] {dagbag.py:540} INFO - Filling up the DagBag from /Users/pablofrancoherrero/prueba_tecnica/venv/lib/python3.11/site-packages/airflow/example_dags/example_short_circuit_decorator.py
[2026-04-29T00:18:51.807+0200] {processor.py:840} INFO - DAG(s) 'example_short_circuit_decorator' retrieved from /Users/pablofrancoherrero/prueba_tecnica/venv/lib/python3.11/site-packages/airflow/example_dags/example_short_circuit_decorator.py
[2026-04-29T00:18:51.834+0200] {logging_mixin.py:188} INFO - [2026-04-29T00:18:51.834+0200] {dag.py:3096} INFO - Sync 1 DAGs
[2026-04-29T00:18:51.838+0200] {logging_mixin.py:188} INFO - [2026-04-29T00:18:51.838+0200] {dag.py:3954} INFO - Setting next_dagrun for example_short_circuit_decorator to 2026-04-27 00:00:00+00:00, run_after=2026-04-28 00:00:00+00:00
[2026-04-29T00:18:51.843+0200] {processor.py:183} INFO - Processing /Users/pablofrancoherrero/prueba_tecnica/venv/lib/python3.11/site-packages/airflow/example_dags/example_short_circuit_decorator.py took 0.051 seconds
[2026-04-29T00:20:12.651+0200] {processor.py:161} INFO - Started process (PID=67240) to work on /Users/pablofrancoherrero/prueba_tecnica/venv/lib/python3.11/site-packages/airflow/example_dags/example_short_circuit_decorator.py
[2026-04-29T00:20:12.651+0200] {processor.py:830} INFO - Processing file /Users/pablofrancoherrero/prueba_tecnica/venv/lib/python3.11/site-packages/airflow/example_dags/example_short_circuit_decorator.py for tasks to queue
[2026-04-29T00:20:12.652+0200] {logging_mixin.py:188} INFO - [2026-04-29T00:20:12.652+0200] {dagbag.py:540} INFO - Filling up the DagBag from /Users/pablofrancoherrero/prueba_tecnica/venv/lib/python3.11/site-packages/airflow/example_dags/example_short_circuit_decorator.py
[2026-04-29T00:20:12.663+0200] {processor.py:840} INFO - DAG(s) 'example_short_circuit_decorator' retrieved from /Users/pablofrancoherrero/prueba_tecnica/venv/lib/python3.11/site-packages/airflow/example_dags/example_short_circuit_decorator.py
[2026-04-29T00:20:12.689+0200] {logging_mixin.py:188} INFO - [2026-04-29T00:20:12.689+0200] {dag.py:3096} INFO - Sync 1 DAGs
[2026-04-29T00:20:12.693+0200] {logging_mixin.py:188} INFO - [2026-04-29T00:20:12.693+0200] {dag.py:3954} INFO - Setting next_dagrun for example_short_circuit_decorator to 2026-04-27 00:00:00+00:00, run_after=2026-04-28 00:00:00+00:00
[2026-04-29T00:20:12.698+0200] {processor.py:183} INFO - Processing /Users/pablofrancoherrero/prueba_tecnica/venv/lib/python3.11/site-packages/airflow/example_dags/example_short_circuit_decorator.py took 0.047 seconds
[2026-04-29T00:21:29.151+0200] {processor.py:161} INFO - Started process (PID=67323) to work on /Users/pablofrancoherrero/prueba_tecnica/venv/lib/python3.11/site-packages/airflow/example_dags/example_short_circuit_decorator.py
[2026-04-29T00:21:29.152+0200] {processor.py:830} INFO - Processing file /Users/pablofrancoherrero/prueba_tecnica/venv/lib/python3.11/site-packages/airflow/example_dags/example_short_circuit_decorator.py for tasks to queue
[2026-04-29T00:21:29.152+0200] {logging_mixin.py:188} INFO - [2026-04-29T00:21:29.152+0200] {dagbag.py:540} INFO - Filling up the DagBag from /Users/pablofrancoherrero/prueba_tecnica/venv/lib/python3.11/site-packages/airflow/example_dags/example_short_circuit_decorator.py
[2026-04-29T00:21:29.164+0200] {processor.py:840} INFO - DAG(s) 'example_short_circuit_decorator' retrieved from /Users/pablofrancoherrero/prueba_tecnica/venv/lib/python3.11/site-packages/airflow/example_dags/example_short_circuit_decorator.py
[2026-04-29T00:21:29.189+0200] {logging_mixin.py:188} INFO - [2026-04-29T00:21:29.189+0200] {dag.py:3096} INFO - Sync 1 DAGs
[2026-04-29T00:21:29.193+0200] {logging_mixin.py:188} INFO - [2026-04-29T00:21:29.193+0200] {dag.py:3954} INFO - Setting next_dagrun for example_short_circuit_decorator to 2026-04-27 00:00:00+00:00, run_after=2026-04-28 00:00:00+00:00
[2026-04-29T00:21:29.198+0200] {processor.py:183} INFO - Processing /Users/pablofrancoherrero/prueba_tecnica/venv/lib/python3.11/site-packages/airflow/example_dags/example_short_circuit_decorator.py took 0.047 seconds
[2026-04-29T00:22:47.337+0200] {processor.py:161} INFO - Started process (PID=67406) to work on /Users/pablofrancoherrero/prueba_tecnica/venv/lib/python3.11/site-packages/airflow/example_dags/example_short_circuit_decorator.py
[2026-04-29T00:22:47.338+0200] {processor.py:830} INFO - Processing file /Users/pablofrancoherrero/prueba_tecnica/venv/lib/python3.11/site-packages/airflow/example_dags/example_short_circuit_decorator.py for tasks to queue
[2026-04-29T00:22:47.338+0200] {logging_mixin.py:188} INFO - [2026-04-29T00:22:47.338+0200] {dagbag.py:540} INFO - Filling up the DagBag from /Users/pablofrancoherrero/prueba_tecnica/venv/lib/python3.11/site-packages/airflow/example_dags/example_short_circuit_decorator.py
[2026-04-29T00:22:47.350+0200] {processor.py:840} INFO - DAG(s) 'example_short_circuit_decorator' retrieved from /Users/pablofrancoherrero/prueba_tecnica/venv/lib/python3.11/site-packages/airflow/example_dags/example_short_circuit_decorator.py
[2026-04-29T00:22:47.376+0200] {logging_mixin.py:188} INFO - [2026-04-29T00:22:47.376+0200] {dag.py:3096} INFO - Sync 1 DAGs
[2026-04-29T00:22:47.380+0200] {logging_mixin.py:188} INFO - [2026-04-29T00:22:47.380+0200] {dag.py:3954} INFO - Setting next_dagrun for example_short_circuit_decorator to 2026-04-27 00:00:00+00:00, run_after=2026-04-28 00:00:00+00:00
[2026-04-29T00:22:47.385+0200] {processor.py:183} INFO - Processing /Users/pablofrancoherrero/prueba_tecnica/venv/lib/python3.11/site-packages/airflow/example_dags/example_short_circuit_decorator.py took 0.049 seconds
[2026-04-29T00:24:04.705+0200] {processor.py:161} INFO - Started process (PID=67491) to work on /Users/pablofrancoherrero/prueba_tecnica/venv/lib/python3.11/site-packages/airflow/example_dags/example_short_circuit_decorator.py
[2026-04-29T00:24:04.706+0200] {processor.py:830} INFO - Processing file /Users/pablofrancoherrero/prueba_tecnica/venv/lib/python3.11/site-packages/airflow/example_dags/example_short_circuit_decorator.py for tasks to queue
[2026-04-29T00:24:04.706+0200] {logging_mixin.py:188} INFO - [2026-04-29T00:24:04.706+0200] {dagbag.py:540} INFO - Filling up the DagBag from /Users/pablofrancoherrero/prueba_tecnica/venv/lib/python3.11/site-packages/airflow/example_dags/example_short_circuit_decorator.py
[2026-04-29T00:24:04.718+0200] {processor.py:840} INFO - DAG(s) 'example_short_circuit_decorator' retrieved from /Users/pablofrancoherrero/prueba_tecnica/venv/lib/python3.11/site-packages/airflow/example_dags/example_short_circuit_decorator.py
[2026-04-29T00:24:04.744+0200] {logging_mixin.py:188} INFO - [2026-04-29T00:24:04.744+0200] {dag.py:3096} INFO - Sync 1 DAGs
[2026-04-29T00:24:04.749+0200] {logging_mixin.py:188} INFO - [2026-04-29T00:24:04.749+0200] {dag.py:3954} INFO - Setting next_dagrun for example_short_circuit_decorator to 2026-04-27 00:00:00+00:00, run_after=2026-04-28 00:00:00+00:00
[2026-04-29T00:24:04.753+0200] {processor.py:183} INFO - Processing /Users/pablofrancoherrero/prueba_tecnica/venv/lib/python3.11/site-packages/airflow/example_dags/example_short_circuit_decorator.py took 0.049 seconds
[2026-04-29T00:25:22.385+0200] {processor.py:161} INFO - Started process (PID=67576) to work on /Users/pablofrancoherrero/prueba_tecnica/venv/lib/python3.11/site-packages/airflow/example_dags/example_short_circuit_decorator.py
[2026-04-29T00:25:22.386+0200] {processor.py:830} INFO - Processing file /Users/pablofrancoherrero/prueba_tecnica/venv/lib/python3.11/site-packages/airflow/example_dags/example_short_circuit_decorator.py for tasks to queue
[2026-04-29T00:25:22.386+0200] {logging_mixin.py:188} INFO - [2026-04-29T00:25:22.386+0200] {dagbag.py:540} INFO - Filling up the DagBag from /Users/pablofrancoherrero/prueba_tecnica/venv/lib/python3.11/site-packages/airflow/example_dags/example_short_circuit_decorator.py
[2026-04-29T00:25:22.398+0200] {processor.py:840} INFO - DAG(s) 'example_short_circuit_decorator' retrieved from /Users/pablofrancoherrero/prueba_tecnica/venv/lib/python3.11/site-packages/airflow/example_dags/example_short_circuit_decorator.py
[2026-04-29T00:25:22.423+0200] {logging_mixin.py:188} INFO - [2026-04-29T00:25:22.423+0200] {dag.py:3096} INFO - Sync 1 DAGs
[2026-04-29T00:25:22.427+0200] {logging_mixin.py:188} INFO - [2026-04-29T00:25:22.427+0200] {dag.py:3954} INFO - Setting next_dagrun for example_short_circuit_decorator to 2026-04-27 00:00:00+00:00, run_after=2026-04-28 00:00:00+00:00
[2026-04-29T00:25:22.432+0200] {processor.py:183} INFO - Processing /Users/pablofrancoherrero/prueba_tecnica/venv/lib/python3.11/site-packages/airflow/example_dags/example_short_circuit_decorator.py took 0.047 seconds
[2026-04-29T00:26:43.298+0200] {processor.py:161} INFO - Started process (PID=67743) to work on /Users/pablofrancoherrero/prueba_tecnica/venv/lib/python3.11/site-packages/airflow/example_dags/example_short_circuit_decorator.py
[2026-04-29T00:26:43.300+0200] {processor.py:830} INFO - Processing file /Users/pablofrancoherrero/prueba_tecnica/venv/lib/python3.11/site-packages/airflow/example_dags/example_short_circuit_decorator.py for tasks to queue
[2026-04-29T00:26:43.300+0200] {logging_mixin.py:188} INFO - [2026-04-29T00:26:43.300+0200] {dagbag.py:540} INFO - Filling up the DagBag from /Users/pablofrancoherrero/prueba_tecnica/venv/lib/python3.11/site-packages/airflow/example_dags/example_short_circuit_decorator.py
[2026-04-29T00:26:43.312+0200] {processor.py:840} INFO - DAG(s) 'example_short_circuit_decorator' retrieved from /Users/pablofrancoherrero/prueba_tecnica/venv/lib/python3.11/site-packages/airflow/example_dags/example_short_circuit_decorator.py
[2026-04-29T00:26:43.338+0200] {logging_mixin.py:188} INFO - [2026-04-29T00:26:43.338+0200] {dag.py:3096} INFO - Sync 1 DAGs
[2026-04-29T00:26:43.342+0200] {logging_mixin.py:188} INFO - [2026-04-29T00:26:43.342+0200] {dag.py:3954} INFO - Setting next_dagrun for example_short_circuit_decorator to 2026-04-27 00:00:00+00:00, run_after=2026-04-28 00:00:00+00:00
[2026-04-29T00:26:43.347+0200] {processor.py:183} INFO - Processing /Users/pablofrancoherrero/prueba_tecnica/venv/lib/python3.11/site-packages/airflow/example_dags/example_short_circuit_decorator.py took 0.049 seconds
[2026-04-29T00:28:05.635+0200] {processor.py:161} INFO - Started process (PID=67836) to work on /Users/pablofrancoherrero/prueba_tecnica/venv/lib/python3.11/site-packages/airflow/example_dags/example_short_circuit_decorator.py
[2026-04-29T00:28:05.636+0200] {processor.py:830} INFO - Processing file /Users/pablofrancoherrero/prueba_tecnica/venv/lib/python3.11/site-packages/airflow/example_dags/example_short_circuit_decorator.py for tasks to queue
[2026-04-29T00:28:05.637+0200] {logging_mixin.py:188} INFO - [2026-04-29T00:28:05.637+0200] {dagbag.py:540} INFO - Filling up the DagBag from /Users/pablofrancoherrero/prueba_tecnica/venv/lib/python3.11/site-packages/airflow/example_dags/example_short_circuit_decorator.py
[2026-04-29T00:28:05.648+0200] {processor.py:840} INFO - DAG(s) 'example_short_circuit_decorator' retrieved from /Users/pablofrancoherrero/prueba_tecnica/venv/lib/python3.11/site-packages/airflow/example_dags/example_short_circuit_decorator.py
[2026-04-29T00:28:05.675+0200] {logging_mixin.py:188} INFO - [2026-04-29T00:28:05.675+0200] {dag.py:3096} INFO - Sync 1 DAGs
[2026-04-29T00:28:05.679+0200] {logging_mixin.py:188} INFO - [2026-04-29T00:28:05.679+0200] {dag.py:3954} INFO - Setting next_dagrun for example_short_circuit_decorator to 2026-04-27 00:00:00+00:00, run_after=2026-04-28 00:00:00+00:00
[2026-04-29T00:28:05.684+0200] {processor.py:183} INFO - Processing /Users/pablofrancoherrero/prueba_tecnica/venv/lib/python3.11/site-packages/airflow/example_dags/example_short_circuit_decorator.py took 0.049 seconds
[2026-04-29T00:29:24.976+0200] {processor.py:161} INFO - Started process (PID=67941) to work on /Users/pablofrancoherrero/prueba_tecnica/venv/lib/python3.11/site-packages/airflow/example_dags/example_short_circuit_decorator.py
[2026-04-29T00:29:24.977+0200] {processor.py:830} INFO - Processing file /Users/pablofrancoherrero/prueba_tecnica/venv/lib/python3.11/site-packages/airflow/example_dags/example_short_circuit_decorator.py for tasks to queue
[2026-04-29T00:29:24.978+0200] {logging_mixin.py:188} INFO - [2026-04-29T00:29:24.977+0200] {dagbag.py:540} INFO - Filling up the DagBag from /Users/pablofrancoherrero/prueba_tecnica/venv/lib/python3.11/site-packages/airflow/example_dags/example_short_circuit_decorator.py
[2026-04-29T00:29:24.989+0200] {processor.py:840} INFO - DAG(s) 'example_short_circuit_decorator' retrieved from /Users/pablofrancoherrero/prueba_tecnica/venv/lib/python3.11/site-packages/airflow/example_dags/example_short_circuit_decorator.py
[2026-04-29T00:29:25.016+0200] {logging_mixin.py:188} INFO - [2026-04-29T00:29:25.016+0200] {dag.py:3096} INFO - Sync 1 DAGs
[2026-04-29T00:29:25.020+0200] {logging_mixin.py:188} INFO - [2026-04-29T00:29:25.020+0200] {dag.py:3954} INFO - Setting next_dagrun for example_short_circuit_decorator to 2026-04-27 00:00:00+00:00, run_after=2026-04-28 00:00:00+00:00
[2026-04-29T00:29:25.025+0200] {processor.py:183} INFO - Processing /Users/pablofrancoherrero/prueba_tecnica/venv/lib/python3.11/site-packages/airflow/example_dags/example_short_circuit_decorator.py took 0.049 seconds
[2026-04-29T00:30:44.278+0200] {processor.py:161} INFO - Started process (PID=68045) to work on /Users/pablofrancoherrero/prueba_tecnica/venv/lib/python3.11/site-packages/airflow/example_dags/example_short_circuit_decorator.py
[2026-04-29T00:30:44.279+0200] {processor.py:830} INFO - Processing file /Users/pablofrancoherrero/prueba_tecnica/venv/lib/python3.11/site-packages/airflow/example_dags/example_short_circuit_decorator.py for tasks to queue
[2026-04-29T00:30:44.279+0200] {logging_mixin.py:188} INFO - [2026-04-29T00:30:44.279+0200] {dagbag.py:540} INFO - Filling up the DagBag from /Users/pablofrancoherrero/prueba_tecnica/venv/lib/python3.11/site-packages/airflow/example_dags/example_short_circuit_decorator.py
[2026-04-29T00:30:44.291+0200] {processor.py:840} INFO - DAG(s) 'example_short_circuit_decorator' retrieved from /Users/pablofrancoherrero/prueba_tecnica/venv/lib/python3.11/site-packages/airflow/example_dags/example_short_circuit_decorator.py
[2026-04-29T00:30:44.317+0200] {logging_mixin.py:188} INFO - [2026-04-29T00:30:44.317+0200] {dag.py:3096} INFO - Sync 1 DAGs
[2026-04-29T00:30:44.322+0200] {logging_mixin.py:188} INFO - [2026-04-29T00:30:44.322+0200] {dag.py:3954} INFO - Setting next_dagrun for example_short_circuit_decorator to 2026-04-27 00:00:00+00:00, run_after=2026-04-28 00:00:00+00:00
[2026-04-29T00:30:44.326+0200] {processor.py:183} INFO - Processing /Users/pablofrancoherrero/prueba_tecnica/venv/lib/python3.11/site-packages/airflow/example_dags/example_short_circuit_decorator.py took 0.049 seconds
[2026-04-29T00:32:03.215+0200] {processor.py:161} INFO - Started process (PID=68142) to work on /Users/pablofrancoherrero/prueba_tecnica/venv/lib/python3.11/site-packages/airflow/example_dags/example_short_circuit_decorator.py
[2026-04-29T00:32:03.216+0200] {processor.py:830} INFO - Processing file /Users/pablofrancoherrero/prueba_tecnica/venv/lib/python3.11/site-packages/airflow/example_dags/example_short_circuit_decorator.py for tasks to queue
[2026-04-29T00:32:03.216+0200] {logging_mixin.py:188} INFO - [2026-04-29T00:32:03.216+0200] {dagbag.py:540} INFO - Filling up the DagBag from /Users/pablofrancoherrero/prueba_tecnica/venv/lib/python3.11/site-packages/airflow/example_dags/example_short_circuit_decorator.py
[2026-04-29T00:32:03.228+0200] {processor.py:840} INFO - DAG(s) 'example_short_circuit_decorator' retrieved from /Users/pablofrancoherrero/prueba_tecnica/venv/lib/python3.11/site-packages/airflow/example_dags/example_short_circuit_decorator.py
[2026-04-29T00:32:03.254+0200] {logging_mixin.py:188} INFO - [2026-04-29T00:32:03.253+0200] {dag.py:3096} INFO - Sync 1 DAGs
[2026-04-29T00:32:03.258+0200] {logging_mixin.py:188} INFO - [2026-04-29T00:32:03.258+0200] {dag.py:3954} INFO - Setting next_dagrun for example_short_circuit_decorator to 2026-04-27 00:00:00+00:00, run_after=2026-04-28 00:00:00+00:00
[2026-04-29T00:32:03.262+0200] {processor.py:183} INFO - Processing /Users/pablofrancoherrero/prueba_tecnica/venv/lib/python3.11/site-packages/airflow/example_dags/example_short_circuit_decorator.py took 0.049 seconds
[2026-04-29T00:33:24.524+0200] {processor.py:161} INFO - Started process (PID=68229) to work on /Users/pablofrancoherrero/prueba_tecnica/venv/lib/python3.11/site-packages/airflow/example_dags/example_short_circuit_decorator.py
[2026-04-29T00:33:24.525+0200] {processor.py:830} INFO - Processing file /Users/pablofrancoherrero/prueba_tecnica/venv/lib/python3.11/site-packages/airflow/example_dags/example_short_circuit_decorator.py for tasks to queue
[2026-04-29T00:33:24.525+0200] {logging_mixin.py:188} INFO - [2026-04-29T00:33:24.525+0200] {dagbag.py:540} INFO - Filling up the DagBag from /Users/pablofrancoherrero/prueba_tecnica/venv/lib/python3.11/site-packages/airflow/example_dags/example_short_circuit_decorator.py
[2026-04-29T00:33:24.537+0200] {processor.py:840} INFO - DAG(s) 'example_short_circuit_decorator' retrieved from /Users/pablofrancoherrero/prueba_tecnica/venv/lib/python3.11/site-packages/airflow/example_dags/example_short_circuit_decorator.py
[2026-04-29T00:33:24.563+0200] {logging_mixin.py:188} INFO - [2026-04-29T00:33:24.563+0200] {dag.py:3096} INFO - Sync 1 DAGs
[2026-04-29T00:33:24.568+0200] {logging_mixin.py:188} INFO - [2026-04-29T00:33:24.567+0200] {dag.py:3954} INFO - Setting next_dagrun for example_short_circuit_decorator to 2026-04-27 00:00:00+00:00, run_after=2026-04-28 00:00:00+00:00
[2026-04-29T00:33:24.572+0200] {processor.py:183} INFO - Processing /Users/pablofrancoherrero/prueba_tecnica/venv/lib/python3.11/site-packages/airflow/example_dags/example_short_circuit_decorator.py took 0.049 seconds
[2026-04-29T00:34:43.558+0200] {processor.py:161} INFO - Started process (PID=68319) to work on /Users/pablofrancoherrero/prueba_tecnica/venv/lib/python3.11/site-packages/airflow/example_dags/example_short_circuit_decorator.py
[2026-04-29T00:34:43.558+0200] {processor.py:830} INFO - Processing file /Users/pablofrancoherrero/prueba_tecnica/venv/lib/python3.11/site-packages/airflow/example_dags/example_short_circuit_decorator.py for tasks to queue
[2026-04-29T00:34:43.559+0200] {logging_mixin.py:188} INFO - [2026-04-29T00:34:43.558+0200] {dagbag.py:540} INFO - Filling up the DagBag from /Users/pablofrancoherrero/prueba_tecnica/venv/lib/python3.11/site-packages/airflow/example_dags/example_short_circuit_decorator.py
[2026-04-29T00:34:43.570+0200] {processor.py:840} INFO - DAG(s) 'example_short_circuit_decorator' retrieved from /Users/pablofrancoherrero/prueba_tecnica/venv/lib/python3.11/site-packages/airflow/example_dags/example_short_circuit_decorator.py
[2026-04-29T00:34:43.596+0200] {logging_mixin.py:188} INFO - [2026-04-29T00:34:43.596+0200] {dag.py:3096} INFO - Sync 1 DAGs
[2026-04-29T00:34:43.601+0200] {logging_mixin.py:188} INFO - [2026-04-29T00:34:43.601+0200] {dag.py:3954} INFO - Setting next_dagrun for example_short_circuit_decorator to 2026-04-27 00:00:00+00:00, run_after=2026-04-28 00:00:00+00:00
[2026-04-29T00:34:43.605+0200] {processor.py:183} INFO - Processing /Users/pablofrancoherrero/prueba_tecnica/venv/lib/python3.11/site-packages/airflow/example_dags/example_short_circuit_decorator.py took 0.048 seconds
[2026-04-29T00:36:05.569+0200] {processor.py:161} INFO - Started process (PID=68475) to work on /Users/pablofrancoherrero/prueba_tecnica/venv/lib/python3.11/site-packages/airflow/example_dags/example_short_circuit_decorator.py
[2026-04-29T00:36:05.570+0200] {processor.py:830} INFO - Processing file /Users/pablofrancoherrero/prueba_tecnica/venv/lib/python3.11/site-packages/airflow/example_dags/example_short_circuit_decorator.py for tasks to queue
[2026-04-29T00:36:05.570+0200] {logging_mixin.py:188} INFO - [2026-04-29T00:36:05.570+0200] {dagbag.py:540} INFO - Filling up the DagBag from /Users/pablofrancoherrero/prueba_tecnica/venv/lib/python3.11/site-packages/airflow/example_dags/example_short_circuit_decorator.py
[2026-04-29T00:36:05.582+0200] {processor.py:840} INFO - DAG(s) 'example_short_circuit_decorator' retrieved from /Users/pablofrancoherrero/prueba_tecnica/venv/lib/python3.11/site-packages/airflow/example_dags/example_short_circuit_decorator.py
[2026-04-29T00:36:05.608+0200] {logging_mixin.py:188} INFO - [2026-04-29T00:36:05.608+0200] {dag.py:3096} INFO - Sync 1 DAGs
[2026-04-29T00:36:05.613+0200] {logging_mixin.py:188} INFO - [2026-04-29T00:36:05.613+0200] {dag.py:3954} INFO - Setting next_dagrun for example_short_circuit_decorator to 2026-04-27 00:00:00+00:00, run_after=2026-04-28 00:00:00+00:00
[2026-04-29T00:36:05.617+0200] {processor.py:183} INFO - Processing /Users/pablofrancoherrero/prueba_tecnica/venv/lib/python3.11/site-packages/airflow/example_dags/example_short_circuit_decorator.py took 0.049 seconds
[2026-04-29T00:53:44.357+0200] {processor.py:161} INFO - Started process (PID=68609) to work on /Users/pablofrancoherrero/prueba_tecnica/venv/lib/python3.11/site-packages/airflow/example_dags/example_short_circuit_decorator.py
[2026-04-29T00:53:44.358+0200] {processor.py:830} INFO - Processing file /Users/pablofrancoherrero/prueba_tecnica/venv/lib/python3.11/site-packages/airflow/example_dags/example_short_circuit_decorator.py for tasks to queue
[2026-04-29T00:53:44.358+0200] {logging_mixin.py:188} INFO - [2026-04-29T00:53:44.358+0200] {dagbag.py:540} INFO - Filling up the DagBag from /Users/pablofrancoherrero/prueba_tecnica/venv/lib/python3.11/site-packages/airflow/example_dags/example_short_circuit_decorator.py
[2026-04-29T00:53:44.370+0200] {processor.py:840} INFO - DAG(s) 'example_short_circuit_decorator' retrieved from /Users/pablofrancoherrero/prueba_tecnica/venv/lib/python3.11/site-packages/airflow/example_dags/example_short_circuit_decorator.py
[2026-04-29T00:53:44.396+0200] {logging_mixin.py:188} INFO - [2026-04-29T00:53:44.396+0200] {dag.py:3096} INFO - Sync 1 DAGs
[2026-04-29T00:53:44.400+0200] {logging_mixin.py:188} INFO - [2026-04-29T00:53:44.400+0200] {dag.py:3954} INFO - Setting next_dagrun for example_short_circuit_decorator to 2026-04-27 00:00:00+00:00, run_after=2026-04-28 00:00:00+00:00
[2026-04-29T00:53:44.405+0200] {processor.py:183} INFO - Processing /Users/pablofrancoherrero/prueba_tecnica/venv/lib/python3.11/site-packages/airflow/example_dags/example_short_circuit_decorator.py took 0.048 seconds
[2026-04-29T00:55:04.144+0200] {processor.py:161} INFO - Started process (PID=68718) to work on /Users/pablofrancoherrero/prueba_tecnica/venv/lib/python3.11/site-packages/airflow/example_dags/example_short_circuit_decorator.py
[2026-04-29T00:55:04.144+0200] {processor.py:830} INFO - Processing file /Users/pablofrancoherrero/prueba_tecnica/venv/lib/python3.11/site-packages/airflow/example_dags/example_short_circuit_decorator.py for tasks to queue
[2026-04-29T00:55:04.145+0200] {logging_mixin.py:188} INFO - [2026-04-29T00:55:04.144+0200] {dagbag.py:540} INFO - Filling up the DagBag from /Users/pablofrancoherrero/prueba_tecnica/venv/lib/python3.11/site-packages/airflow/example_dags/example_short_circuit_decorator.py
[2026-04-29T00:55:04.156+0200] {processor.py:840} INFO - DAG(s) 'example_short_circuit_decorator' retrieved from /Users/pablofrancoherrero/prueba_tecnica/venv/lib/python3.11/site-packages/airflow/example_dags/example_short_circuit_decorator.py
[2026-04-29T00:55:04.182+0200] {logging_mixin.py:188} INFO - [2026-04-29T00:55:04.182+0200] {dag.py:3096} INFO - Sync 1 DAGs
[2026-04-29T00:55:04.186+0200] {logging_mixin.py:188} INFO - [2026-04-29T00:55:04.186+0200] {dag.py:3954} INFO - Setting next_dagrun for example_short_circuit_decorator to 2026-04-27 00:00:00+00:00, run_after=2026-04-28 00:00:00+00:00
[2026-04-29T00:55:04.191+0200] {processor.py:183} INFO - Processing /Users/pablofrancoherrero/prueba_tecnica/venv/lib/python3.11/site-packages/airflow/example_dags/example_short_circuit_decorator.py took 0.047 seconds
[2026-04-29T01:05:18.628+0200] {processor.py:161} INFO - Started process (PID=68846) to work on /Users/pablofrancoherrero/prueba_tecnica/venv/lib/python3.11/site-packages/airflow/example_dags/example_short_circuit_decorator.py
[2026-04-29T01:05:18.628+0200] {processor.py:830} INFO - Processing file /Users/pablofrancoherrero/prueba_tecnica/venv/lib/python3.11/site-packages/airflow/example_dags/example_short_circuit_decorator.py for tasks to queue
[2026-04-29T01:05:18.629+0200] {logging_mixin.py:188} INFO - [2026-04-29T01:05:18.629+0200] {dagbag.py:540} INFO - Filling up the DagBag from /Users/pablofrancoherrero/prueba_tecnica/venv/lib/python3.11/site-packages/airflow/example_dags/example_short_circuit_decorator.py
[2026-04-29T01:05:18.640+0200] {processor.py:840} INFO - DAG(s) 'example_short_circuit_decorator' retrieved from /Users/pablofrancoherrero/prueba_tecnica/venv/lib/python3.11/site-packages/airflow/example_dags/example_short_circuit_decorator.py
[2026-04-29T01:05:18.665+0200] {logging_mixin.py:188} INFO - [2026-04-29T01:05:18.665+0200] {dag.py:3096} INFO - Sync 1 DAGs
[2026-04-29T01:05:18.669+0200] {logging_mixin.py:188} INFO - [2026-04-29T01:05:18.669+0200] {dag.py:3954} INFO - Setting next_dagrun for example_short_circuit_decorator to 2026-04-27 00:00:00+00:00, run_after=2026-04-28 00:00:00+00:00
[2026-04-29T01:05:18.674+0200] {processor.py:183} INFO - Processing /Users/pablofrancoherrero/prueba_tecnica/venv/lib/python3.11/site-packages/airflow/example_dags/example_short_circuit_decorator.py took 0.046 seconds
[2026-04-29T01:06:38.956+0200] {processor.py:161} INFO - Started process (PID=68938) to work on /Users/pablofrancoherrero/prueba_tecnica/venv/lib/python3.11/site-packages/airflow/example_dags/example_short_circuit_decorator.py
[2026-04-29T01:06:38.956+0200] {processor.py:830} INFO - Processing file /Users/pablofrancoherrero/prueba_tecnica/venv/lib/python3.11/site-packages/airflow/example_dags/example_short_circuit_decorator.py for tasks to queue
[2026-04-29T01:06:38.956+0200] {logging_mixin.py:188} INFO - [2026-04-29T01:06:38.956+0200] {dagbag.py:540} INFO - Filling up the DagBag from /Users/pablofrancoherrero/prueba_tecnica/venv/lib/python3.11/site-packages/airflow/example_dags/example_short_circuit_decorator.py
[2026-04-29T01:06:38.968+0200] {processor.py:840} INFO - DAG(s) 'example_short_circuit_decorator' retrieved from /Users/pablofrancoherrero/prueba_tecnica/venv/lib/python3.11/site-packages/airflow/example_dags/example_short_circuit_decorator.py
[2026-04-29T01:06:38.994+0200] {logging_mixin.py:188} INFO - [2026-04-29T01:06:38.994+0200] {dag.py:3096} INFO - Sync 1 DAGs
[2026-04-29T01:06:38.998+0200] {logging_mixin.py:188} INFO - [2026-04-29T01:06:38.998+0200] {dag.py:3954} INFO - Setting next_dagrun for example_short_circuit_decorator to 2026-04-27 00:00:00+00:00, run_after=2026-04-28 00:00:00+00:00
[2026-04-29T01:06:39.003+0200] {processor.py:183} INFO - Processing /Users/pablofrancoherrero/prueba_tecnica/venv/lib/python3.11/site-packages/airflow/example_dags/example_short_circuit_decorator.py took 0.048 seconds
[2026-04-29T01:24:06.798+0200] {processor.py:161} INFO - Started process (PID=69164) to work on /Users/pablofrancoherrero/prueba_tecnica/venv/lib/python3.11/site-packages/airflow/example_dags/example_short_circuit_decorator.py
[2026-04-29T01:24:06.798+0200] {processor.py:830} INFO - Processing file /Users/pablofrancoherrero/prueba_tecnica/venv/lib/python3.11/site-packages/airflow/example_dags/example_short_circuit_decorator.py for tasks to queue
[2026-04-29T01:24:06.799+0200] {logging_mixin.py:188} INFO - [2026-04-29T01:24:06.799+0200] {dagbag.py:540} INFO - Filling up the DagBag from /Users/pablofrancoherrero/prueba_tecnica/venv/lib/python3.11/site-packages/airflow/example_dags/example_short_circuit_decorator.py
[2026-04-29T01:24:06.810+0200] {processor.py:840} INFO - DAG(s) 'example_short_circuit_decorator' retrieved from /Users/pablofrancoherrero/prueba_tecnica/venv/lib/python3.11/site-packages/airflow/example_dags/example_short_circuit_decorator.py
[2026-04-29T01:24:06.837+0200] {logging_mixin.py:188} INFO - [2026-04-29T01:24:06.837+0200] {dag.py:3096} INFO - Sync 1 DAGs
[2026-04-29T01:24:06.841+0200] {logging_mixin.py:188} INFO - [2026-04-29T01:24:06.841+0200] {dag.py:3954} INFO - Setting next_dagrun for example_short_circuit_decorator to 2026-04-27 00:00:00+00:00, run_after=2026-04-28 00:00:00+00:00
[2026-04-29T01:24:06.846+0200] {processor.py:183} INFO - Processing /Users/pablofrancoherrero/prueba_tecnica/venv/lib/python3.11/site-packages/airflow/example_dags/example_short_circuit_decorator.py took 0.049 seconds
[2026-04-29T01:25:15.720+0200] {processor.py:161} INFO - Started process (PID=69266) to work on /Users/pablofrancoherrero/prueba_tecnica/venv/lib/python3.11/site-packages/airflow/example_dags/example_short_circuit_decorator.py
[2026-04-29T01:25:15.721+0200] {processor.py:830} INFO - Processing file /Users/pablofrancoherrero/prueba_tecnica/venv/lib/python3.11/site-packages/airflow/example_dags/example_short_circuit_decorator.py for tasks to queue
[2026-04-29T01:25:15.721+0200] {logging_mixin.py:188} INFO - [2026-04-29T01:25:15.721+0200] {dagbag.py:540} INFO - Filling up the DagBag from /Users/pablofrancoherrero/prueba_tecnica/venv/lib/python3.11/site-packages/airflow/example_dags/example_short_circuit_decorator.py
[2026-04-29T01:25:15.733+0200] {processor.py:840} INFO - DAG(s) 'example_short_circuit_decorator' retrieved from /Users/pablofrancoherrero/prueba_tecnica/venv/lib/python3.11/site-packages/airflow/example_dags/example_short_circuit_decorator.py
[2026-04-29T01:25:15.758+0200] {logging_mixin.py:188} INFO - [2026-04-29T01:25:15.758+0200] {dag.py:3096} INFO - Sync 1 DAGs
[2026-04-29T01:25:15.762+0200] {logging_mixin.py:188} INFO - [2026-04-29T01:25:15.762+0200] {dag.py:3954} INFO - Setting next_dagrun for example_short_circuit_decorator to 2026-04-27 00:00:00+00:00, run_after=2026-04-28 00:00:00+00:00
[2026-04-29T01:25:15.766+0200] {processor.py:183} INFO - Processing /Users/pablofrancoherrero/prueba_tecnica/venv/lib/python3.11/site-packages/airflow/example_dags/example_short_circuit_decorator.py took 0.047 seconds
[2026-04-29T01:43:32.724+0200] {processor.py:161} INFO - Started process (PID=69403) to work on /Users/pablofrancoherrero/prueba_tecnica/venv/lib/python3.11/site-packages/airflow/example_dags/example_short_circuit_decorator.py
[2026-04-29T01:43:32.726+0200] {processor.py:830} INFO - Processing file /Users/pablofrancoherrero/prueba_tecnica/venv/lib/python3.11/site-packages/airflow/example_dags/example_short_circuit_decorator.py for tasks to queue
[2026-04-29T01:43:32.726+0200] {logging_mixin.py:188} INFO - [2026-04-29T01:43:32.726+0200] {dagbag.py:540} INFO - Filling up the DagBag from /Users/pablofrancoherrero/prueba_tecnica/venv/lib/python3.11/site-packages/airflow/example_dags/example_short_circuit_decorator.py
[2026-04-29T01:43:32.738+0200] {processor.py:840} INFO - DAG(s) 'example_short_circuit_decorator' retrieved from /Users/pablofrancoherrero/prueba_tecnica/venv/lib/python3.11/site-packages/airflow/example_dags/example_short_circuit_decorator.py
[2026-04-29T01:43:32.763+0200] {logging_mixin.py:188} INFO - [2026-04-29T01:43:32.763+0200] {dag.py:3096} INFO - Sync 1 DAGs
[2026-04-29T01:43:32.767+0200] {logging_mixin.py:188} INFO - [2026-04-29T01:43:32.767+0200] {dag.py:3954} INFO - Setting next_dagrun for example_short_circuit_decorator to 2026-04-27 00:00:00+00:00, run_after=2026-04-28 00:00:00+00:00
[2026-04-29T01:43:32.771+0200] {processor.py:183} INFO - Processing /Users/pablofrancoherrero/prueba_tecnica/venv/lib/python3.11/site-packages/airflow/example_dags/example_short_circuit_decorator.py took 0.048 seconds
[2026-04-29T01:44:55.358+0200] {processor.py:161} INFO - Started process (PID=69502) to work on /Users/pablofrancoherrero/prueba_tecnica/venv/lib/python3.11/site-packages/airflow/example_dags/example_short_circuit_decorator.py
[2026-04-29T01:44:55.359+0200] {processor.py:830} INFO - Processing file /Users/pablofrancoherrero/prueba_tecnica/venv/lib/python3.11/site-packages/airflow/example_dags/example_short_circuit_decorator.py for tasks to queue
[2026-04-29T01:44:55.359+0200] {logging_mixin.py:188} INFO - [2026-04-29T01:44:55.359+0200] {dagbag.py:540} INFO - Filling up the DagBag from /Users/pablofrancoherrero/prueba_tecnica/venv/lib/python3.11/site-packages/airflow/example_dags/example_short_circuit_decorator.py
[2026-04-29T01:44:55.371+0200] {processor.py:840} INFO - DAG(s) 'example_short_circuit_decorator' retrieved from /Users/pablofrancoherrero/prueba_tecnica/venv/lib/python3.11/site-packages/airflow/example_dags/example_short_circuit_decorator.py
[2026-04-29T01:44:55.397+0200] {logging_mixin.py:188} INFO - [2026-04-29T01:44:55.397+0200] {dag.py:3096} INFO - Sync 1 DAGs
[2026-04-29T01:44:55.401+0200] {logging_mixin.py:188} INFO - [2026-04-29T01:44:55.401+0200] {dag.py:3954} INFO - Setting next_dagrun for example_short_circuit_decorator to 2026-04-27 00:00:00+00:00, run_after=2026-04-28 00:00:00+00:00
[2026-04-29T01:44:55.406+0200] {processor.py:183} INFO - Processing /Users/pablofrancoherrero/prueba_tecnica/venv/lib/python3.11/site-packages/airflow/example_dags/example_short_circuit_decorator.py took 0.049 seconds
[2026-04-29T01:46:17.494+0200] {processor.py:161} INFO - Started process (PID=69586) to work on /Users/pablofrancoherrero/prueba_tecnica/venv/lib/python3.11/site-packages/airflow/example_dags/example_short_circuit_decorator.py
[2026-04-29T01:46:17.495+0200] {processor.py:830} INFO - Processing file /Users/pablofrancoherrero/prueba_tecnica/venv/lib/python3.11/site-packages/airflow/example_dags/example_short_circuit_decorator.py for tasks to queue
[2026-04-29T01:46:17.495+0200] {logging_mixin.py:188} INFO - [2026-04-29T01:46:17.495+0200] {dagbag.py:540} INFO - Filling up the DagBag from /Users/pablofrancoherrero/prueba_tecnica/venv/lib/python3.11/site-packages/airflow/example_dags/example_short_circuit_decorator.py
[2026-04-29T01:46:17.506+0200] {processor.py:840} INFO - DAG(s) 'example_short_circuit_decorator' retrieved from /Users/pablofrancoherrero/prueba_tecnica/venv/lib/python3.11/site-packages/airflow/example_dags/example_short_circuit_decorator.py
[2026-04-29T01:46:17.531+0200] {logging_mixin.py:188} INFO - [2026-04-29T01:46:17.531+0200] {dag.py:3096} INFO - Sync 1 DAGs
[2026-04-29T01:46:17.535+0200] {logging_mixin.py:188} INFO - [2026-04-29T01:46:17.535+0200] {dag.py:3954} INFO - Setting next_dagrun for example_short_circuit_decorator to 2026-04-27 00:00:00+00:00, run_after=2026-04-28 00:00:00+00:00
[2026-04-29T01:46:17.540+0200] {processor.py:183} INFO - Processing /Users/pablofrancoherrero/prueba_tecnica/venv/lib/python3.11/site-packages/airflow/example_dags/example_short_circuit_decorator.py took 0.047 seconds
[2026-04-29T01:47:39.677+0200] {processor.py:161} INFO - Started process (PID=69686) to work on /Users/pablofrancoherrero/prueba_tecnica/venv/lib/python3.11/site-packages/airflow/example_dags/example_short_circuit_decorator.py
[2026-04-29T01:47:39.677+0200] {processor.py:830} INFO - Processing file /Users/pablofrancoherrero/prueba_tecnica/venv/lib/python3.11/site-packages/airflow/example_dags/example_short_circuit_decorator.py for tasks to queue
[2026-04-29T01:47:39.678+0200] {logging_mixin.py:188} INFO - [2026-04-29T01:47:39.677+0200] {dagbag.py:540} INFO - Filling up the DagBag from /Users/pablofrancoherrero/prueba_tecnica/venv/lib/python3.11/site-packages/airflow/example_dags/example_short_circuit_decorator.py
[2026-04-29T01:47:39.690+0200] {processor.py:840} INFO - DAG(s) 'example_short_circuit_decorator' retrieved from /Users/pablofrancoherrero/prueba_tecnica/venv/lib/python3.11/site-packages/airflow/example_dags/example_short_circuit_decorator.py
[2026-04-29T01:47:39.716+0200] {logging_mixin.py:188} INFO - [2026-04-29T01:47:39.715+0200] {dag.py:3096} INFO - Sync 1 DAGs
[2026-04-29T01:47:39.720+0200] {logging_mixin.py:188} INFO - [2026-04-29T01:47:39.720+0200] {dag.py:3954} INFO - Setting next_dagrun for example_short_circuit_decorator to 2026-04-27 00:00:00+00:00, run_after=2026-04-28 00:00:00+00:00
[2026-04-29T01:47:39.724+0200] {processor.py:183} INFO - Processing /Users/pablofrancoherrero/prueba_tecnica/venv/lib/python3.11/site-packages/airflow/example_dags/example_short_circuit_decorator.py took 0.048 seconds
[2026-04-29T01:48:58.334+0200] {processor.py:161} INFO - Started process (PID=69796) to work on /Users/pablofrancoherrero/prueba_tecnica/venv/lib/python3.11/site-packages/airflow/example_dags/example_short_circuit_decorator.py
[2026-04-29T01:48:58.335+0200] {processor.py:830} INFO - Processing file /Users/pablofrancoherrero/prueba_tecnica/venv/lib/python3.11/site-packages/airflow/example_dags/example_short_circuit_decorator.py for tasks to queue
[2026-04-29T01:48:58.335+0200] {logging_mixin.py:188} INFO - [2026-04-29T01:48:58.335+0200] {dagbag.py:540} INFO - Filling up the DagBag from /Users/pablofrancoherrero/prueba_tecnica/venv/lib/python3.11/site-packages/airflow/example_dags/example_short_circuit_decorator.py
[2026-04-29T01:48:58.346+0200] {processor.py:840} INFO - DAG(s) 'example_short_circuit_decorator' retrieved from /Users/pablofrancoherrero/prueba_tecnica/venv/lib/python3.11/site-packages/airflow/example_dags/example_short_circuit_decorator.py
[2026-04-29T01:48:58.372+0200] {logging_mixin.py:188} INFO - [2026-04-29T01:48:58.372+0200] {dag.py:3096} INFO - Sync 1 DAGs
[2026-04-29T01:48:58.376+0200] {logging_mixin.py:188} INFO - [2026-04-29T01:48:58.376+0200] {dag.py:3954} INFO - Setting next_dagrun for example_short_circuit_decorator to 2026-04-27 00:00:00+00:00, run_after=2026-04-28 00:00:00+00:00
[2026-04-29T01:48:58.380+0200] {processor.py:183} INFO - Processing /Users/pablofrancoherrero/prueba_tecnica/venv/lib/python3.11/site-packages/airflow/example_dags/example_short_circuit_decorator.py took 0.047 seconds
[2026-04-29T01:50:17.774+0200] {processor.py:161} INFO - Started process (PID=69878) to work on /Users/pablofrancoherrero/prueba_tecnica/venv/lib/python3.11/site-packages/airflow/example_dags/example_short_circuit_decorator.py
[2026-04-29T01:50:17.775+0200] {processor.py:830} INFO - Processing file /Users/pablofrancoherrero/prueba_tecnica/venv/lib/python3.11/site-packages/airflow/example_dags/example_short_circuit_decorator.py for tasks to queue
[2026-04-29T01:50:17.775+0200] {logging_mixin.py:188} INFO - [2026-04-29T01:50:17.775+0200] {dagbag.py:540} INFO - Filling up the DagBag from /Users/pablofrancoherrero/prueba_tecnica/venv/lib/python3.11/site-packages/airflow/example_dags/example_short_circuit_decorator.py
[2026-04-29T01:50:17.787+0200] {processor.py:840} INFO - DAG(s) 'example_short_circuit_decorator' retrieved from /Users/pablofrancoherrero/prueba_tecnica/venv/lib/python3.11/site-packages/airflow/example_dags/example_short_circuit_decorator.py
[2026-04-29T01:50:17.812+0200] {logging_mixin.py:188} INFO - [2026-04-29T01:50:17.812+0200] {dag.py:3096} INFO - Sync 1 DAGs
[2026-04-29T01:50:17.817+0200] {logging_mixin.py:188} INFO - [2026-04-29T01:50:17.817+0200] {dag.py:3954} INFO - Setting next_dagrun for example_short_circuit_decorator to 2026-04-27 00:00:00+00:00, run_after=2026-04-28 00:00:00+00:00
[2026-04-29T01:50:17.821+0200] {processor.py:183} INFO - Processing /Users/pablofrancoherrero/prueba_tecnica/venv/lib/python3.11/site-packages/airflow/example_dags/example_short_circuit_decorator.py took 0.048 seconds
[2026-04-29T01:51:36.331+0200] {processor.py:161} INFO - Started process (PID=69962) to work on /Users/pablofrancoherrero/prueba_tecnica/venv/lib/python3.11/site-packages/airflow/example_dags/example_short_circuit_decorator.py
[2026-04-29T01:51:36.332+0200] {processor.py:830} INFO - Processing file /Users/pablofrancoherrero/prueba_tecnica/venv/lib/python3.11/site-packages/airflow/example_dags/example_short_circuit_decorator.py for tasks to queue
[2026-04-29T01:51:36.332+0200] {logging_mixin.py:188} INFO - [2026-04-29T01:51:36.332+0200] {dagbag.py:540} INFO - Filling up the DagBag from /Users/pablofrancoherrero/prueba_tecnica/venv/lib/python3.11/site-packages/airflow/example_dags/example_short_circuit_decorator.py
[2026-04-29T01:51:36.343+0200] {processor.py:840} INFO - DAG(s) 'example_short_circuit_decorator' retrieved from /Users/pablofrancoherrero/prueba_tecnica/venv/lib/python3.11/site-packages/airflow/example_dags/example_short_circuit_decorator.py
[2026-04-29T01:51:36.368+0200] {logging_mixin.py:188} INFO - [2026-04-29T01:51:36.368+0200] {dag.py:3096} INFO - Sync 1 DAGs
[2026-04-29T01:51:36.372+0200] {logging_mixin.py:188} INFO - [2026-04-29T01:51:36.372+0200] {dag.py:3954} INFO - Setting next_dagrun for example_short_circuit_decorator to 2026-04-27 00:00:00+00:00, run_after=2026-04-28 00:00:00+00:00
[2026-04-29T01:51:36.377+0200] {processor.py:183} INFO - Processing /Users/pablofrancoherrero/prueba_tecnica/venv/lib/python3.11/site-packages/airflow/example_dags/example_short_circuit_decorator.py took 0.047 seconds
[2026-04-29T01:52:55.221+0200] {processor.py:161} INFO - Started process (PID=70047) to work on /Users/pablofrancoherrero/prueba_tecnica/venv/lib/python3.11/site-packages/airflow/example_dags/example_short_circuit_decorator.py
[2026-04-29T01:52:55.222+0200] {processor.py:830} INFO - Processing file /Users/pablofrancoherrero/prueba_tecnica/venv/lib/python3.11/site-packages/airflow/example_dags/example_short_circuit_decorator.py for tasks to queue
[2026-04-29T01:52:55.222+0200] {logging_mixin.py:188} INFO - [2026-04-29T01:52:55.222+0200] {dagbag.py:540} INFO - Filling up the DagBag from /Users/pablofrancoherrero/prueba_tecnica/venv/lib/python3.11/site-packages/airflow/example_dags/example_short_circuit_decorator.py
[2026-04-29T01:52:55.234+0200] {processor.py:840} INFO - DAG(s) 'example_short_circuit_decorator' retrieved from /Users/pablofrancoherrero/prueba_tecnica/venv/lib/python3.11/site-packages/airflow/example_dags/example_short_circuit_decorator.py
[2026-04-29T01:52:55.259+0200] {logging_mixin.py:188} INFO - [2026-04-29T01:52:55.259+0200] {dag.py:3096} INFO - Sync 1 DAGs
[2026-04-29T01:52:55.264+0200] {logging_mixin.py:188} INFO - [2026-04-29T01:52:55.264+0200] {dag.py:3954} INFO - Setting next_dagrun for example_short_circuit_decorator to 2026-04-27 00:00:00+00:00, run_after=2026-04-28 00:00:00+00:00
[2026-04-29T01:52:55.268+0200] {processor.py:183} INFO - Processing /Users/pablofrancoherrero/prueba_tecnica/venv/lib/python3.11/site-packages/airflow/example_dags/example_short_circuit_decorator.py took 0.048 seconds
[2026-04-29T01:54:16.433+0200] {processor.py:161} INFO - Started process (PID=70177) to work on /Users/pablofrancoherrero/prueba_tecnica/venv/lib/python3.11/site-packages/airflow/example_dags/example_short_circuit_decorator.py
[2026-04-29T01:54:16.434+0200] {processor.py:830} INFO - Processing file /Users/pablofrancoherrero/prueba_tecnica/venv/lib/python3.11/site-packages/airflow/example_dags/example_short_circuit_decorator.py for tasks to queue
[2026-04-29T01:54:16.434+0200] {logging_mixin.py:188} INFO - [2026-04-29T01:54:16.434+0200] {dagbag.py:540} INFO - Filling up the DagBag from /Users/pablofrancoherrero/prueba_tecnica/venv/lib/python3.11/site-packages/airflow/example_dags/example_short_circuit_decorator.py
[2026-04-29T01:54:16.445+0200] {processor.py:840} INFO - DAG(s) 'example_short_circuit_decorator' retrieved from /Users/pablofrancoherrero/prueba_tecnica/venv/lib/python3.11/site-packages/airflow/example_dags/example_short_circuit_decorator.py
[2026-04-29T01:54:16.472+0200] {logging_mixin.py:188} INFO - [2026-04-29T01:54:16.472+0200] {dag.py:3096} INFO - Sync 1 DAGs
[2026-04-29T01:54:16.476+0200] {logging_mixin.py:188} INFO - [2026-04-29T01:54:16.476+0200] {dag.py:3954} INFO - Setting next_dagrun for example_short_circuit_decorator to 2026-04-27 00:00:00+00:00, run_after=2026-04-28 00:00:00+00:00
[2026-04-29T01:54:16.481+0200] {processor.py:183} INFO - Processing /Users/pablofrancoherrero/prueba_tecnica/venv/lib/python3.11/site-packages/airflow/example_dags/example_short_circuit_decorator.py took 0.049 seconds
[2026-04-29T01:55:38.502+0200] {processor.py:161} INFO - Started process (PID=70298) to work on /Users/pablofrancoherrero/prueba_tecnica/venv/lib/python3.11/site-packages/airflow/example_dags/example_short_circuit_decorator.py
[2026-04-29T01:55:38.503+0200] {processor.py:830} INFO - Processing file /Users/pablofrancoherrero/prueba_tecnica/venv/lib/python3.11/site-packages/airflow/example_dags/example_short_circuit_decorator.py for tasks to queue
[2026-04-29T01:55:38.503+0200] {logging_mixin.py:188} INFO - [2026-04-29T01:55:38.503+0200] {dagbag.py:540} INFO - Filling up the DagBag from /Users/pablofrancoherrero/prueba_tecnica/venv/lib/python3.11/site-packages/airflow/example_dags/example_short_circuit_decorator.py
[2026-04-29T01:55:38.515+0200] {processor.py:840} INFO - DAG(s) 'example_short_circuit_decorator' retrieved from /Users/pablofrancoherrero/prueba_tecnica/venv/lib/python3.11/site-packages/airflow/example_dags/example_short_circuit_decorator.py
[2026-04-29T01:55:38.541+0200] {logging_mixin.py:188} INFO - [2026-04-29T01:55:38.541+0200] {dag.py:3096} INFO - Sync 1 DAGs
[2026-04-29T01:55:38.545+0200] {logging_mixin.py:188} INFO - [2026-04-29T01:55:38.545+0200] {dag.py:3954} INFO - Setting next_dagrun for example_short_circuit_decorator to 2026-04-27 00:00:00+00:00, run_after=2026-04-28 00:00:00+00:00
[2026-04-29T01:55:38.550+0200] {processor.py:183} INFO - Processing /Users/pablofrancoherrero/prueba_tecnica/venv/lib/python3.11/site-packages/airflow/example_dags/example_short_circuit_decorator.py took 0.048 seconds
[2026-04-29T01:57:01.920+0200] {processor.py:161} INFO - Started process (PID=70383) to work on /Users/pablofrancoherrero/prueba_tecnica/venv/lib/python3.11/site-packages/airflow/example_dags/example_short_circuit_decorator.py
[2026-04-29T01:57:01.921+0200] {processor.py:830} INFO - Processing file /Users/pablofrancoherrero/prueba_tecnica/venv/lib/python3.11/site-packages/airflow/example_dags/example_short_circuit_decorator.py for tasks to queue
[2026-04-29T01:57:01.921+0200] {logging_mixin.py:188} INFO - [2026-04-29T01:57:01.921+0200] {dagbag.py:540} INFO - Filling up the DagBag from /Users/pablofrancoherrero/prueba_tecnica/venv/lib/python3.11/site-packages/airflow/example_dags/example_short_circuit_decorator.py
[2026-04-29T01:57:01.933+0200] {processor.py:840} INFO - DAG(s) 'example_short_circuit_decorator' retrieved from /Users/pablofrancoherrero/prueba_tecnica/venv/lib/python3.11/site-packages/airflow/example_dags/example_short_circuit_decorator.py
[2026-04-29T01:57:01.959+0200] {logging_mixin.py:188} INFO - [2026-04-29T01:57:01.959+0200] {dag.py:3096} INFO - Sync 1 DAGs
[2026-04-29T01:57:01.963+0200] {logging_mixin.py:188} INFO - [2026-04-29T01:57:01.963+0200] {dag.py:3954} INFO - Setting next_dagrun for example_short_circuit_decorator to 2026-04-27 00:00:00+00:00, run_after=2026-04-28 00:00:00+00:00
[2026-04-29T01:57:01.968+0200] {processor.py:183} INFO - Processing /Users/pablofrancoherrero/prueba_tecnica/venv/lib/python3.11/site-packages/airflow/example_dags/example_short_circuit_decorator.py took 0.049 seconds
[2026-04-29T01:58:23.932+0200] {processor.py:161} INFO - Started process (PID=70473) to work on /Users/pablofrancoherrero/prueba_tecnica/venv/lib/python3.11/site-packages/airflow/example_dags/example_short_circuit_decorator.py
[2026-04-29T01:58:23.933+0200] {processor.py:830} INFO - Processing file /Users/pablofrancoherrero/prueba_tecnica/venv/lib/python3.11/site-packages/airflow/example_dags/example_short_circuit_decorator.py for tasks to queue
[2026-04-29T01:58:23.933+0200] {logging_mixin.py:188} INFO - [2026-04-29T01:58:23.933+0200] {dagbag.py:540} INFO - Filling up the DagBag from /Users/pablofrancoherrero/prueba_tecnica/venv/lib/python3.11/site-packages/airflow/example_dags/example_short_circuit_decorator.py
[2026-04-29T01:58:23.945+0200] {processor.py:840} INFO - DAG(s) 'example_short_circuit_decorator' retrieved from /Users/pablofrancoherrero/prueba_tecnica/venv/lib/python3.11/site-packages/airflow/example_dags/example_short_circuit_decorator.py
[2026-04-29T01:58:23.970+0200] {logging_mixin.py:188} INFO - [2026-04-29T01:58:23.970+0200] {dag.py:3096} INFO - Sync 1 DAGs
[2026-04-29T01:58:23.974+0200] {logging_mixin.py:188} INFO - [2026-04-29T01:58:23.974+0200] {dag.py:3954} INFO - Setting next_dagrun for example_short_circuit_decorator to 2026-04-27 00:00:00+00:00, run_after=2026-04-28 00:00:00+00:00
[2026-04-29T01:58:23.979+0200] {processor.py:183} INFO - Processing /Users/pablofrancoherrero/prueba_tecnica/venv/lib/python3.11/site-packages/airflow/example_dags/example_short_circuit_decorator.py took 0.047 seconds
[2026-04-29T01:59:45.963+0200] {processor.py:161} INFO - Started process (PID=70587) to work on /Users/pablofrancoherrero/prueba_tecnica/venv/lib/python3.11/site-packages/airflow/example_dags/example_short_circuit_decorator.py
[2026-04-29T01:59:45.964+0200] {processor.py:830} INFO - Processing file /Users/pablofrancoherrero/prueba_tecnica/venv/lib/python3.11/site-packages/airflow/example_dags/example_short_circuit_decorator.py for tasks to queue
[2026-04-29T01:59:45.964+0200] {logging_mixin.py:188} INFO - [2026-04-29T01:59:45.964+0200] {dagbag.py:540} INFO - Filling up the DagBag from /Users/pablofrancoherrero/prueba_tecnica/venv/lib/python3.11/site-packages/airflow/example_dags/example_short_circuit_decorator.py
[2026-04-29T01:59:45.976+0200] {processor.py:840} INFO - DAG(s) 'example_short_circuit_decorator' retrieved from /Users/pablofrancoherrero/prueba_tecnica/venv/lib/python3.11/site-packages/airflow/example_dags/example_short_circuit_decorator.py
[2026-04-29T01:59:46.001+0200] {logging_mixin.py:188} INFO - [2026-04-29T01:59:46.001+0200] {dag.py:3096} INFO - Sync 1 DAGs
[2026-04-29T01:59:46.006+0200] {logging_mixin.py:188} INFO - [2026-04-29T01:59:46.006+0200] {dag.py:3954} INFO - Setting next_dagrun for example_short_circuit_decorator to 2026-04-27 00:00:00+00:00, run_after=2026-04-28 00:00:00+00:00
[2026-04-29T01:59:46.010+0200] {processor.py:183} INFO - Processing /Users/pablofrancoherrero/prueba_tecnica/venv/lib/python3.11/site-packages/airflow/example_dags/example_short_circuit_decorator.py took 0.049 seconds
