[2026-04-28T18:22:35.166+0200] {processor.py:161} INFO - Started process (PID=32961) to work on /Users/pablofrancoherrero/prueba_tecnica/venv/lib/python3.11/site-packages/airflow/example_dags/example_nested_branch_dag.py
[2026-04-28T18:22:35.166+0200] {processor.py:830} INFO - Processing file /Users/pablofrancoherrero/prueba_tecnica/venv/lib/python3.11/site-packages/airflow/example_dags/example_nested_branch_dag.py for tasks to queue
[2026-04-28T18:22:35.166+0200] {logging_mixin.py:188} INFO - [2026-04-28T18:22:35.166+0200] {dagbag.py:540} INFO - Filling up the DagBag from /Users/pablofrancoherrero/prueba_tecnica/venv/lib/python3.11/site-packages/airflow/example_dags/example_nested_branch_dag.py
[2026-04-28T18:22:35.178+0200] {processor.py:840} INFO - DAG(s) 'example_nested_branch_dag' retrieved from /Users/pablofrancoherrero/prueba_tecnica/venv/lib/python3.11/site-packages/airflow/example_dags/example_nested_branch_dag.py
[2026-04-28T18:22:35.225+0200] {logging_mixin.py:188} INFO - [2026-04-28T18:22:35.225+0200] {override.py:1829} INFO - Created Permission View: can delete on DAG:example_nested_branch_dag
[2026-04-28T18:22:35.227+0200] {logging_mixin.py:188} INFO - [2026-04-28T18:22:35.227+0200] {override.py:1829} INFO - Created Permission View: can edit on DAG:example_nested_branch_dag
[2026-04-28T18:22:35.229+0200] {logging_mixin.py:188} INFO - [2026-04-28T18:22:35.228+0200] {override.py:1829} INFO - Created Permission View: can read on DAG:example_nested_branch_dag
[2026-04-28T18:22:35.229+0200] {logging_mixin.py:188} INFO - [2026-04-28T18:22:35.229+0200] {dag.py:3096} INFO - Sync 1 DAGs
[2026-04-28T18:22:35.231+0200] {logging_mixin.py:188} INFO - [2026-04-28T18:22:35.231+0200] {dag.py:3118} INFO - Creating ORM DAG for example_nested_branch_dag
[2026-04-28T18:22:35.234+0200] {logging_mixin.py:188} INFO - [2026-04-28T18:22:35.234+0200] {dag.py:3954} INFO - Setting next_dagrun for example_nested_branch_dag to 2026-04-27 00:00:00+00:00, run_after=2026-04-28 00:00:00+00:00
[2026-04-28T18:22:35.258+0200] {processor.py:183} INFO - Processing /Users/pablofrancoherrero/prueba_tecnica/venv/lib/python3.11/site-packages/airflow/example_dags/example_nested_branch_dag.py took 0.093 seconds
[2026-04-28T18:23:56.852+0200] {processor.py:161} INFO - Started process (PID=33070) to work on /Users/pablofrancoherrero/prueba_tecnica/venv/lib/python3.11/site-packages/airflow/example_dags/example_nested_branch_dag.py
[2026-04-28T18:23:56.853+0200] {processor.py:830} INFO - Processing file /Users/pablofrancoherrero/prueba_tecnica/venv/lib/python3.11/site-packages/airflow/example_dags/example_nested_branch_dag.py for tasks to queue
[2026-04-28T18:23:56.853+0200] {logging_mixin.py:188} INFO - [2026-04-28T18:23:56.853+0200] {dagbag.py:540} INFO - Filling up the DagBag from /Users/pablofrancoherrero/prueba_tecnica/venv/lib/python3.11/site-packages/airflow/example_dags/example_nested_branch_dag.py
[2026-04-28T18:23:56.866+0200] {processor.py:840} INFO - DAG(s) 'example_nested_branch_dag' retrieved from /Users/pablofrancoherrero/prueba_tecnica/venv/lib/python3.11/site-packages/airflow/example_dags/example_nested_branch_dag.py
[2026-04-28T18:23:56.892+0200] {logging_mixin.py:188} INFO - [2026-04-28T18:23:56.892+0200] {dag.py:3096} INFO - Sync 1 DAGs
[2026-04-28T18:23:56.897+0200] {logging_mixin.py:188} INFO - [2026-04-28T18:23:56.897+0200] {dag.py:3954} INFO - Setting next_dagrun for example_nested_branch_dag to 2026-04-27 00:00:00+00:00, run_after=2026-04-28 00:00:00+00:00
[2026-04-28T18:23:56.902+0200] {processor.py:183} INFO - Processing /Users/pablofrancoherrero/prueba_tecnica/venv/lib/python3.11/site-packages/airflow/example_dags/example_nested_branch_dag.py took 0.051 seconds
[2026-04-28T18:25:19.340+0200] {processor.py:161} INFO - Started process (PID=33167) to work on /Users/pablofrancoherrero/prueba_tecnica/venv/lib/python3.11/site-packages/airflow/example_dags/example_nested_branch_dag.py
[2026-04-28T18:25:19.341+0200] {processor.py:830} INFO - Processing file /Users/pablofrancoherrero/prueba_tecnica/venv/lib/python3.11/site-packages/airflow/example_dags/example_nested_branch_dag.py for tasks to queue
[2026-04-28T18:25:19.341+0200] {logging_mixin.py:188} INFO - [2026-04-28T18:25:19.341+0200] {dagbag.py:540} INFO - Filling up the DagBag from /Users/pablofrancoherrero/prueba_tecnica/venv/lib/python3.11/site-packages/airflow/example_dags/example_nested_branch_dag.py
[2026-04-28T18:25:19.354+0200] {processor.py:840} INFO - DAG(s) 'example_nested_branch_dag' retrieved from /Users/pablofrancoherrero/prueba_tecnica/venv/lib/python3.11/site-packages/airflow/example_dags/example_nested_branch_dag.py
[2026-04-28T18:25:19.380+0200] {logging_mixin.py:188} INFO - [2026-04-28T18:25:19.380+0200] {dag.py:3096} INFO - Sync 1 DAGs
[2026-04-28T18:25:19.385+0200] {logging_mixin.py:188} INFO - [2026-04-28T18:25:19.385+0200] {dag.py:3954} INFO - Setting next_dagrun for example_nested_branch_dag to 2026-04-27 00:00:00+00:00, run_after=2026-04-28 00:00:00+00:00
[2026-04-28T18:25:19.390+0200] {processor.py:183} INFO - Processing /Users/pablofrancoherrero/prueba_tecnica/venv/lib/python3.11/site-packages/airflow/example_dags/example_nested_branch_dag.py took 0.051 seconds
[2026-04-28T18:26:40.590+0200] {processor.py:161} INFO - Started process (PID=33275) to work on /Users/pablofrancoherrero/prueba_tecnica/venv/lib/python3.11/site-packages/airflow/example_dags/example_nested_branch_dag.py
[2026-04-28T18:26:40.591+0200] {processor.py:830} INFO - Processing file /Users/pablofrancoherrero/prueba_tecnica/venv/lib/python3.11/site-packages/airflow/example_dags/example_nested_branch_dag.py for tasks to queue
[2026-04-28T18:26:40.592+0200] {logging_mixin.py:188} INFO - [2026-04-28T18:26:40.592+0200] {dagbag.py:540} INFO - Filling up the DagBag from /Users/pablofrancoherrero/prueba_tecnica/venv/lib/python3.11/site-packages/airflow/example_dags/example_nested_branch_dag.py
[2026-04-28T18:26:40.605+0200] {processor.py:840} INFO - DAG(s) 'example_nested_branch_dag' retrieved from /Users/pablofrancoherrero/prueba_tecnica/venv/lib/python3.11/site-packages/airflow/example_dags/example_nested_branch_dag.py
[2026-04-28T18:26:40.632+0200] {logging_mixin.py:188} INFO - [2026-04-28T18:26:40.632+0200] {dag.py:3096} INFO - Sync 1 DAGs
[2026-04-28T18:26:40.637+0200] {logging_mixin.py:188} INFO - [2026-04-28T18:26:40.637+0200] {dag.py:3954} INFO - Setting next_dagrun for example_nested_branch_dag to 2026-04-27 00:00:00+00:00, run_after=2026-04-28 00:00:00+00:00
[2026-04-28T18:26:40.642+0200] {processor.py:183} INFO - Processing /Users/pablofrancoherrero/prueba_tecnica/venv/lib/python3.11/site-packages/airflow/example_dags/example_nested_branch_dag.py took 0.052 seconds
[2026-04-28T18:27:53.391+0200] {processor.py:161} INFO - Started process (PID=33357) to work on /Users/pablofrancoherrero/prueba_tecnica/venv/lib/python3.11/site-packages/airflow/example_dags/example_nested_branch_dag.py
[2026-04-28T18:27:53.392+0200] {processor.py:830} INFO - Processing file /Users/pablofrancoherrero/prueba_tecnica/venv/lib/python3.11/site-packages/airflow/example_dags/example_nested_branch_dag.py for tasks to queue
[2026-04-28T18:27:53.392+0200] {logging_mixin.py:188} INFO - [2026-04-28T18:27:53.392+0200] {dagbag.py:540} INFO - Filling up the DagBag from /Users/pablofrancoherrero/prueba_tecnica/venv/lib/python3.11/site-packages/airflow/example_dags/example_nested_branch_dag.py
[2026-04-28T18:27:53.404+0200] {processor.py:840} INFO - DAG(s) 'example_nested_branch_dag' retrieved from /Users/pablofrancoherrero/prueba_tecnica/venv/lib/python3.11/site-packages/airflow/example_dags/example_nested_branch_dag.py
[2026-04-28T18:27:53.430+0200] {logging_mixin.py:188} INFO - [2026-04-28T18:27:53.430+0200] {dag.py:3096} INFO - Sync 1 DAGs
[2026-04-28T18:27:53.435+0200] {logging_mixin.py:188} INFO - [2026-04-28T18:27:53.435+0200] {dag.py:3954} INFO - Setting next_dagrun for example_nested_branch_dag to 2026-04-27 00:00:00+00:00, run_after=2026-04-28 00:00:00+00:00
[2026-04-28T18:27:53.440+0200] {processor.py:183} INFO - Processing /Users/pablofrancoherrero/prueba_tecnica/venv/lib/python3.11/site-packages/airflow/example_dags/example_nested_branch_dag.py took 0.050 seconds
[2026-04-28T18:29:15.310+0200] {processor.py:161} INFO - Started process (PID=33449) to work on /Users/pablofrancoherrero/prueba_tecnica/venv/lib/python3.11/site-packages/airflow/example_dags/example_nested_branch_dag.py
[2026-04-28T18:29:15.311+0200] {processor.py:830} INFO - Processing file /Users/pablofrancoherrero/prueba_tecnica/venv/lib/python3.11/site-packages/airflow/example_dags/example_nested_branch_dag.py for tasks to queue
[2026-04-28T18:29:15.311+0200] {logging_mixin.py:188} INFO - [2026-04-28T18:29:15.311+0200] {dagbag.py:540} INFO - Filling up the DagBag from /Users/pablofrancoherrero/prueba_tecnica/venv/lib/python3.11/site-packages/airflow/example_dags/example_nested_branch_dag.py
[2026-04-28T18:29:15.324+0200] {processor.py:840} INFO - DAG(s) 'example_nested_branch_dag' retrieved from /Users/pablofrancoherrero/prueba_tecnica/venv/lib/python3.11/site-packages/airflow/example_dags/example_nested_branch_dag.py
[2026-04-28T18:29:15.351+0200] {logging_mixin.py:188} INFO - [2026-04-28T18:29:15.350+0200] {dag.py:3096} INFO - Sync 1 DAGs
[2026-04-28T18:29:15.355+0200] {logging_mixin.py:188} INFO - [2026-04-28T18:29:15.355+0200] {dag.py:3954} INFO - Setting next_dagrun for example_nested_branch_dag to 2026-04-27 00:00:00+00:00, run_after=2026-04-28 00:00:00+00:00
[2026-04-28T18:29:15.360+0200] {processor.py:183} INFO - Processing /Users/pablofrancoherrero/prueba_tecnica/venv/lib/python3.11/site-packages/airflow/example_dags/example_nested_branch_dag.py took 0.050 seconds
[2026-04-28T18:30:36.622+0200] {processor.py:161} INFO - Started process (PID=33565) to work on /Users/pablofrancoherrero/prueba_tecnica/venv/lib/python3.11/site-packages/airflow/example_dags/example_nested_branch_dag.py
[2026-04-28T18:30:36.623+0200] {processor.py:830} INFO - Processing file /Users/pablofrancoherrero/prueba_tecnica/venv/lib/python3.11/site-packages/airflow/example_dags/example_nested_branch_dag.py for tasks to queue
[2026-04-28T18:30:36.623+0200] {logging_mixin.py:188} INFO - [2026-04-28T18:30:36.623+0200] {dagbag.py:540} INFO - Filling up the DagBag from /Users/pablofrancoherrero/prueba_tecnica/venv/lib/python3.11/site-packages/airflow/example_dags/example_nested_branch_dag.py
[2026-04-28T18:30:36.641+0200] {processor.py:840} INFO - DAG(s) 'example_nested_branch_dag' retrieved from /Users/pablofrancoherrero/prueba_tecnica/venv/lib/python3.11/site-packages/airflow/example_dags/example_nested_branch_dag.py
[2026-04-28T18:30:36.668+0200] {logging_mixin.py:188} INFO - [2026-04-28T18:30:36.668+0200] {dag.py:3096} INFO - Sync 1 DAGs
[2026-04-28T18:30:36.673+0200] {logging_mixin.py:188} INFO - [2026-04-28T18:30:36.673+0200] {dag.py:3954} INFO - Setting next_dagrun for example_nested_branch_dag to 2026-04-27 00:00:00+00:00, run_after=2026-04-28 00:00:00+00:00
[2026-04-28T18:30:36.678+0200] {processor.py:183} INFO - Processing /Users/pablofrancoherrero/prueba_tecnica/venv/lib/python3.11/site-packages/airflow/example_dags/example_nested_branch_dag.py took 0.057 seconds
[2026-04-28T18:31:59.772+0200] {processor.py:161} INFO - Started process (PID=33833) to work on /Users/pablofrancoherrero/prueba_tecnica/venv/lib/python3.11/site-packages/airflow/example_dags/example_nested_branch_dag.py
[2026-04-28T18:31:59.773+0200] {processor.py:830} INFO - Processing file /Users/pablofrancoherrero/prueba_tecnica/venv/lib/python3.11/site-packages/airflow/example_dags/example_nested_branch_dag.py for tasks to queue
[2026-04-28T18:31:59.773+0200] {logging_mixin.py:188} INFO - [2026-04-28T18:31:59.773+0200] {dagbag.py:540} INFO - Filling up the DagBag from /Users/pablofrancoherrero/prueba_tecnica/venv/lib/python3.11/site-packages/airflow/example_dags/example_nested_branch_dag.py
[2026-04-28T18:31:59.785+0200] {processor.py:840} INFO - DAG(s) 'example_nested_branch_dag' retrieved from /Users/pablofrancoherrero/prueba_tecnica/venv/lib/python3.11/site-packages/airflow/example_dags/example_nested_branch_dag.py
[2026-04-28T18:31:59.811+0200] {logging_mixin.py:188} INFO - [2026-04-28T18:31:59.811+0200] {dag.py:3096} INFO - Sync 1 DAGs
[2026-04-28T18:31:59.816+0200] {logging_mixin.py:188} INFO - [2026-04-28T18:31:59.816+0200] {dag.py:3954} INFO - Setting next_dagrun for example_nested_branch_dag to 2026-04-27 00:00:00+00:00, run_after=2026-04-28 00:00:00+00:00
[2026-04-28T18:31:59.821+0200] {processor.py:183} INFO - Processing /Users/pablofrancoherrero/prueba_tecnica/venv/lib/python3.11/site-packages/airflow/example_dags/example_nested_branch_dag.py took 0.049 seconds
[2026-04-28T18:33:18.349+0200] {processor.py:161} INFO - Started process (PID=33916) to work on /Users/pablofrancoherrero/prueba_tecnica/venv/lib/python3.11/site-packages/airflow/example_dags/example_nested_branch_dag.py
[2026-04-28T18:33:18.350+0200] {processor.py:830} INFO - Processing file /Users/pablofrancoherrero/prueba_tecnica/venv/lib/python3.11/site-packages/airflow/example_dags/example_nested_branch_dag.py for tasks to queue
[2026-04-28T18:33:18.350+0200] {logging_mixin.py:188} INFO - [2026-04-28T18:33:18.350+0200] {dagbag.py:540} INFO - Filling up the DagBag from /Users/pablofrancoherrero/prueba_tecnica/venv/lib/python3.11/site-packages/airflow/example_dags/example_nested_branch_dag.py
[2026-04-28T18:33:18.363+0200] {processor.py:840} INFO - DAG(s) 'example_nested_branch_dag' retrieved from /Users/pablofrancoherrero/prueba_tecnica/venv/lib/python3.11/site-packages/airflow/example_dags/example_nested_branch_dag.py
[2026-04-28T18:33:18.388+0200] {logging_mixin.py:188} INFO - [2026-04-28T18:33:18.388+0200] {dag.py:3096} INFO - Sync 1 DAGs
[2026-04-28T18:33:18.393+0200] {logging_mixin.py:188} INFO - [2026-04-28T18:33:18.393+0200] {dag.py:3954} INFO - Setting next_dagrun for example_nested_branch_dag to 2026-04-27 00:00:00+00:00, run_after=2026-04-28 00:00:00+00:00
[2026-04-28T18:33:18.398+0200] {processor.py:183} INFO - Processing /Users/pablofrancoherrero/prueba_tecnica/venv/lib/python3.11/site-packages/airflow/example_dags/example_nested_branch_dag.py took 0.050 seconds
[2026-04-28T18:34:33.158+0200] {processor.py:161} INFO - Started process (PID=34015) to work on /Users/pablofrancoherrero/prueba_tecnica/venv/lib/python3.11/site-packages/airflow/example_dags/example_nested_branch_dag.py
[2026-04-28T18:34:33.159+0200] {processor.py:830} INFO - Processing file /Users/pablofrancoherrero/prueba_tecnica/venv/lib/python3.11/site-packages/airflow/example_dags/example_nested_branch_dag.py for tasks to queue
[2026-04-28T18:34:33.159+0200] {logging_mixin.py:188} INFO - [2026-04-28T18:34:33.159+0200] {dagbag.py:540} INFO - Filling up the DagBag from /Users/pablofrancoherrero/prueba_tecnica/venv/lib/python3.11/site-packages/airflow/example_dags/example_nested_branch_dag.py
[2026-04-28T18:34:33.171+0200] {processor.py:840} INFO - DAG(s) 'example_nested_branch_dag' retrieved from /Users/pablofrancoherrero/prueba_tecnica/venv/lib/python3.11/site-packages/airflow/example_dags/example_nested_branch_dag.py
[2026-04-28T18:34:33.198+0200] {logging_mixin.py:188} INFO - [2026-04-28T18:34:33.198+0200] {dag.py:3096} INFO - Sync 1 DAGs
[2026-04-28T18:34:33.203+0200] {logging_mixin.py:188} INFO - [2026-04-28T18:34:33.203+0200] {dag.py:3954} INFO - Setting next_dagrun for example_nested_branch_dag to 2026-04-27 00:00:00+00:00, run_after=2026-04-28 00:00:00+00:00
[2026-04-28T18:34:33.208+0200] {processor.py:183} INFO - Processing /Users/pablofrancoherrero/prueba_tecnica/venv/lib/python3.11/site-packages/airflow/example_dags/example_nested_branch_dag.py took 0.050 seconds
[2026-04-28T18:35:53.845+0200] {processor.py:161} INFO - Started process (PID=34150) to work on /Users/pablofrancoherrero/prueba_tecnica/venv/lib/python3.11/site-packages/airflow/example_dags/example_nested_branch_dag.py
[2026-04-28T18:35:53.846+0200] {processor.py:830} INFO - Processing file /Users/pablofrancoherrero/prueba_tecnica/venv/lib/python3.11/site-packages/airflow/example_dags/example_nested_branch_dag.py for tasks to queue
[2026-04-28T18:35:53.846+0200] {logging_mixin.py:188} INFO - [2026-04-28T18:35:53.846+0200] {dagbag.py:540} INFO - Filling up the DagBag from /Users/pablofrancoherrero/prueba_tecnica/venv/lib/python3.11/site-packages/airflow/example_dags/example_nested_branch_dag.py
[2026-04-28T18:35:53.860+0200] {processor.py:840} INFO - DAG(s) 'example_nested_branch_dag' retrieved from /Users/pablofrancoherrero/prueba_tecnica/venv/lib/python3.11/site-packages/airflow/example_dags/example_nested_branch_dag.py
[2026-04-28T18:35:53.888+0200] {logging_mixin.py:188} INFO - [2026-04-28T18:35:53.888+0200] {dag.py:3096} INFO - Sync 1 DAGs
[2026-04-28T18:35:53.893+0200] {logging_mixin.py:188} INFO - [2026-04-28T18:35:53.893+0200] {dag.py:3954} INFO - Setting next_dagrun for example_nested_branch_dag to 2026-04-27 00:00:00+00:00, run_after=2026-04-28 00:00:00+00:00
[2026-04-28T18:35:53.899+0200] {processor.py:183} INFO - Processing /Users/pablofrancoherrero/prueba_tecnica/venv/lib/python3.11/site-packages/airflow/example_dags/example_nested_branch_dag.py took 0.055 seconds
[2026-04-28T18:37:15.407+0200] {processor.py:161} INFO - Started process (PID=34240) to work on /Users/pablofrancoherrero/prueba_tecnica/venv/lib/python3.11/site-packages/airflow/example_dags/example_nested_branch_dag.py
[2026-04-28T18:37:15.408+0200] {processor.py:830} INFO - Processing file /Users/pablofrancoherrero/prueba_tecnica/venv/lib/python3.11/site-packages/airflow/example_dags/example_nested_branch_dag.py for tasks to queue
[2026-04-28T18:37:15.408+0200] {logging_mixin.py:188} INFO - [2026-04-28T18:37:15.408+0200] {dagbag.py:540} INFO - Filling up the DagBag from /Users/pablofrancoherrero/prueba_tecnica/venv/lib/python3.11/site-packages/airflow/example_dags/example_nested_branch_dag.py
[2026-04-28T18:37:15.421+0200] {processor.py:840} INFO - DAG(s) 'example_nested_branch_dag' retrieved from /Users/pablofrancoherrero/prueba_tecnica/venv/lib/python3.11/site-packages/airflow/example_dags/example_nested_branch_dag.py
[2026-04-28T18:37:15.450+0200] {logging_mixin.py:188} INFO - [2026-04-28T18:37:15.449+0200] {dag.py:3096} INFO - Sync 1 DAGs
[2026-04-28T18:37:15.455+0200] {logging_mixin.py:188} INFO - [2026-04-28T18:37:15.455+0200] {dag.py:3954} INFO - Setting next_dagrun for example_nested_branch_dag to 2026-04-27 00:00:00+00:00, run_after=2026-04-28 00:00:00+00:00
[2026-04-28T18:37:15.459+0200] {processor.py:183} INFO - Processing /Users/pablofrancoherrero/prueba_tecnica/venv/lib/python3.11/site-packages/airflow/example_dags/example_nested_branch_dag.py took 0.053 seconds
[2026-04-28T18:38:35.651+0200] {processor.py:161} INFO - Started process (PID=34336) to work on /Users/pablofrancoherrero/prueba_tecnica/venv/lib/python3.11/site-packages/airflow/example_dags/example_nested_branch_dag.py
[2026-04-28T18:38:35.652+0200] {processor.py:830} INFO - Processing file /Users/pablofrancoherrero/prueba_tecnica/venv/lib/python3.11/site-packages/airflow/example_dags/example_nested_branch_dag.py for tasks to queue
[2026-04-28T18:38:35.652+0200] {logging_mixin.py:188} INFO - [2026-04-28T18:38:35.652+0200] {dagbag.py:540} INFO - Filling up the DagBag from /Users/pablofrancoherrero/prueba_tecnica/venv/lib/python3.11/site-packages/airflow/example_dags/example_nested_branch_dag.py
[2026-04-28T18:38:35.664+0200] {processor.py:840} INFO - DAG(s) 'example_nested_branch_dag' retrieved from /Users/pablofrancoherrero/prueba_tecnica/venv/lib/python3.11/site-packages/airflow/example_dags/example_nested_branch_dag.py
[2026-04-28T18:38:35.691+0200] {logging_mixin.py:188} INFO - [2026-04-28T18:38:35.691+0200] {dag.py:3096} INFO - Sync 1 DAGs
[2026-04-28T18:38:35.696+0200] {logging_mixin.py:188} INFO - [2026-04-28T18:38:35.696+0200] {dag.py:3954} INFO - Setting next_dagrun for example_nested_branch_dag to 2026-04-27 00:00:00+00:00, run_after=2026-04-28 00:00:00+00:00
[2026-04-28T18:38:35.701+0200] {processor.py:183} INFO - Processing /Users/pablofrancoherrero/prueba_tecnica/venv/lib/python3.11/site-packages/airflow/example_dags/example_nested_branch_dag.py took 0.051 seconds
[2026-04-28T18:39:58.518+0200] {processor.py:161} INFO - Started process (PID=34437) to work on /Users/pablofrancoherrero/prueba_tecnica/venv/lib/python3.11/site-packages/airflow/example_dags/example_nested_branch_dag.py
[2026-04-28T18:39:58.519+0200] {processor.py:830} INFO - Processing file /Users/pablofrancoherrero/prueba_tecnica/venv/lib/python3.11/site-packages/airflow/example_dags/example_nested_branch_dag.py for tasks to queue
[2026-04-28T18:39:58.520+0200] {logging_mixin.py:188} INFO - [2026-04-28T18:39:58.520+0200] {dagbag.py:540} INFO - Filling up the DagBag from /Users/pablofrancoherrero/prueba_tecnica/venv/lib/python3.11/site-packages/airflow/example_dags/example_nested_branch_dag.py
[2026-04-28T18:39:58.532+0200] {processor.py:840} INFO - DAG(s) 'example_nested_branch_dag' retrieved from /Users/pablofrancoherrero/prueba_tecnica/venv/lib/python3.11/site-packages/airflow/example_dags/example_nested_branch_dag.py
[2026-04-28T18:39:58.558+0200] {logging_mixin.py:188} INFO - [2026-04-28T18:39:58.558+0200] {dag.py:3096} INFO - Sync 1 DAGs
[2026-04-28T18:39:58.563+0200] {logging_mixin.py:188} INFO - [2026-04-28T18:39:58.562+0200] {dag.py:3954} INFO - Setting next_dagrun for example_nested_branch_dag to 2026-04-27 00:00:00+00:00, run_after=2026-04-28 00:00:00+00:00
[2026-04-28T18:39:58.567+0200] {processor.py:183} INFO - Processing /Users/pablofrancoherrero/prueba_tecnica/venv/lib/python3.11/site-packages/airflow/example_dags/example_nested_branch_dag.py took 0.050 seconds
[2026-04-28T18:41:14.700+0200] {processor.py:161} INFO - Started process (PID=34534) to work on /Users/pablofrancoherrero/prueba_tecnica/venv/lib/python3.11/site-packages/airflow/example_dags/example_nested_branch_dag.py
[2026-04-28T18:41:14.701+0200] {processor.py:830} INFO - Processing file /Users/pablofrancoherrero/prueba_tecnica/venv/lib/python3.11/site-packages/airflow/example_dags/example_nested_branch_dag.py for tasks to queue
[2026-04-28T18:41:14.701+0200] {logging_mixin.py:188} INFO - [2026-04-28T18:41:14.701+0200] {dagbag.py:540} INFO - Filling up the DagBag from /Users/pablofrancoherrero/prueba_tecnica/venv/lib/python3.11/site-packages/airflow/example_dags/example_nested_branch_dag.py
[2026-04-28T18:41:14.721+0200] {processor.py:840} INFO - DAG(s) 'example_nested_branch_dag' retrieved from /Users/pablofrancoherrero/prueba_tecnica/venv/lib/python3.11/site-packages/airflow/example_dags/example_nested_branch_dag.py
[2026-04-28T18:41:14.754+0200] {logging_mixin.py:188} INFO - [2026-04-28T18:41:14.754+0200] {dag.py:3096} INFO - Sync 1 DAGs
[2026-04-28T18:41:14.760+0200] {logging_mixin.py:188} INFO - [2026-04-28T18:41:14.760+0200] {dag.py:3954} INFO - Setting next_dagrun for example_nested_branch_dag to 2026-04-27 00:00:00+00:00, run_after=2026-04-28 00:00:00+00:00
[2026-04-28T18:41:14.766+0200] {processor.py:183} INFO - Processing /Users/pablofrancoherrero/prueba_tecnica/venv/lib/python3.11/site-packages/airflow/example_dags/example_nested_branch_dag.py took 0.067 seconds
[2026-04-28T18:42:29.021+0200] {processor.py:161} INFO - Started process (PID=34889) to work on /Users/pablofrancoherrero/prueba_tecnica/venv/lib/python3.11/site-packages/airflow/example_dags/example_nested_branch_dag.py
[2026-04-28T18:42:29.021+0200] {processor.py:830} INFO - Processing file /Users/pablofrancoherrero/prueba_tecnica/venv/lib/python3.11/site-packages/airflow/example_dags/example_nested_branch_dag.py for tasks to queue
[2026-04-28T18:42:29.022+0200] {logging_mixin.py:188} INFO - [2026-04-28T18:42:29.022+0200] {dagbag.py:540} INFO - Filling up the DagBag from /Users/pablofrancoherrero/prueba_tecnica/venv/lib/python3.11/site-packages/airflow/example_dags/example_nested_branch_dag.py
[2026-04-28T18:42:29.035+0200] {processor.py:840} INFO - DAG(s) 'example_nested_branch_dag' retrieved from /Users/pablofrancoherrero/prueba_tecnica/venv/lib/python3.11/site-packages/airflow/example_dags/example_nested_branch_dag.py
[2026-04-28T18:42:29.063+0200] {logging_mixin.py:188} INFO - [2026-04-28T18:42:29.063+0200] {dag.py:3096} INFO - Sync 1 DAGs
[2026-04-28T18:42:29.068+0200] {logging_mixin.py:188} INFO - [2026-04-28T18:42:29.068+0200] {dag.py:3954} INFO - Setting next_dagrun for example_nested_branch_dag to 2026-04-27 00:00:00+00:00, run_after=2026-04-28 00:00:00+00:00
[2026-04-28T18:42:29.073+0200] {processor.py:183} INFO - Processing /Users/pablofrancoherrero/prueba_tecnica/venv/lib/python3.11/site-packages/airflow/example_dags/example_nested_branch_dag.py took 0.053 seconds
[2026-04-28T18:43:50.754+0200] {processor.py:161} INFO - Started process (PID=35006) to work on /Users/pablofrancoherrero/prueba_tecnica/venv/lib/python3.11/site-packages/airflow/example_dags/example_nested_branch_dag.py
[2026-04-28T18:43:50.755+0200] {processor.py:830} INFO - Processing file /Users/pablofrancoherrero/prueba_tecnica/venv/lib/python3.11/site-packages/airflow/example_dags/example_nested_branch_dag.py for tasks to queue
[2026-04-28T18:43:50.755+0200] {logging_mixin.py:188} INFO - [2026-04-28T18:43:50.755+0200] {dagbag.py:540} INFO - Filling up the DagBag from /Users/pablofrancoherrero/prueba_tecnica/venv/lib/python3.11/site-packages/airflow/example_dags/example_nested_branch_dag.py
[2026-04-28T18:43:50.767+0200] {processor.py:840} INFO - DAG(s) 'example_nested_branch_dag' retrieved from /Users/pablofrancoherrero/prueba_tecnica/venv/lib/python3.11/site-packages/airflow/example_dags/example_nested_branch_dag.py
[2026-04-28T18:43:50.792+0200] {logging_mixin.py:188} INFO - [2026-04-28T18:43:50.792+0200] {dag.py:3096} INFO - Sync 1 DAGs
[2026-04-28T18:43:50.797+0200] {logging_mixin.py:188} INFO - [2026-04-28T18:43:50.797+0200] {dag.py:3954} INFO - Setting next_dagrun for example_nested_branch_dag to 2026-04-27 00:00:00+00:00, run_after=2026-04-28 00:00:00+00:00
[2026-04-28T18:43:50.801+0200] {processor.py:183} INFO - Processing /Users/pablofrancoherrero/prueba_tecnica/venv/lib/python3.11/site-packages/airflow/example_dags/example_nested_branch_dag.py took 0.049 seconds
[2026-04-28T18:45:13.578+0200] {processor.py:161} INFO - Started process (PID=35089) to work on /Users/pablofrancoherrero/prueba_tecnica/venv/lib/python3.11/site-packages/airflow/example_dags/example_nested_branch_dag.py
[2026-04-28T18:45:13.579+0200] {processor.py:830} INFO - Processing file /Users/pablofrancoherrero/prueba_tecnica/venv/lib/python3.11/site-packages/airflow/example_dags/example_nested_branch_dag.py for tasks to queue
[2026-04-28T18:45:13.580+0200] {logging_mixin.py:188} INFO - [2026-04-28T18:45:13.580+0200] {dagbag.py:540} INFO - Filling up the DagBag from /Users/pablofrancoherrero/prueba_tecnica/venv/lib/python3.11/site-packages/airflow/example_dags/example_nested_branch_dag.py
[2026-04-28T18:45:13.592+0200] {processor.py:840} INFO - DAG(s) 'example_nested_branch_dag' retrieved from /Users/pablofrancoherrero/prueba_tecnica/venv/lib/python3.11/site-packages/airflow/example_dags/example_nested_branch_dag.py
[2026-04-28T18:45:13.618+0200] {logging_mixin.py:188} INFO - [2026-04-28T18:45:13.618+0200] {dag.py:3096} INFO - Sync 1 DAGs
[2026-04-28T18:45:13.623+0200] {logging_mixin.py:188} INFO - [2026-04-28T18:45:13.623+0200] {dag.py:3954} INFO - Setting next_dagrun for example_nested_branch_dag to 2026-04-27 00:00:00+00:00, run_after=2026-04-28 00:00:00+00:00
[2026-04-28T18:45:13.628+0200] {processor.py:183} INFO - Processing /Users/pablofrancoherrero/prueba_tecnica/venv/lib/python3.11/site-packages/airflow/example_dags/example_nested_branch_dag.py took 0.050 seconds
[2026-04-28T18:46:35.362+0200] {processor.py:161} INFO - Started process (PID=35199) to work on /Users/pablofrancoherrero/prueba_tecnica/venv/lib/python3.11/site-packages/airflow/example_dags/example_nested_branch_dag.py
[2026-04-28T18:46:35.363+0200] {processor.py:830} INFO - Processing file /Users/pablofrancoherrero/prueba_tecnica/venv/lib/python3.11/site-packages/airflow/example_dags/example_nested_branch_dag.py for tasks to queue
[2026-04-28T18:46:35.363+0200] {logging_mixin.py:188} INFO - [2026-04-28T18:46:35.363+0200] {dagbag.py:540} INFO - Filling up the DagBag from /Users/pablofrancoherrero/prueba_tecnica/venv/lib/python3.11/site-packages/airflow/example_dags/example_nested_branch_dag.py
[2026-04-28T18:46:35.376+0200] {processor.py:840} INFO - DAG(s) 'example_nested_branch_dag' retrieved from /Users/pablofrancoherrero/prueba_tecnica/venv/lib/python3.11/site-packages/airflow/example_dags/example_nested_branch_dag.py
[2026-04-28T18:46:35.404+0200] {logging_mixin.py:188} INFO - [2026-04-28T18:46:35.404+0200] {dag.py:3096} INFO - Sync 1 DAGs
[2026-04-28T18:46:35.408+0200] {logging_mixin.py:188} INFO - [2026-04-28T18:46:35.408+0200] {dag.py:3954} INFO - Setting next_dagrun for example_nested_branch_dag to 2026-04-27 00:00:00+00:00, run_after=2026-04-28 00:00:00+00:00
[2026-04-28T18:46:35.413+0200] {processor.py:183} INFO - Processing /Users/pablofrancoherrero/prueba_tecnica/venv/lib/python3.11/site-packages/airflow/example_dags/example_nested_branch_dag.py took 0.052 seconds
[2026-04-28T18:47:56.575+0200] {processor.py:161} INFO - Started process (PID=35303) to work on /Users/pablofrancoherrero/prueba_tecnica/venv/lib/python3.11/site-packages/airflow/example_dags/example_nested_branch_dag.py
[2026-04-28T18:47:56.576+0200] {processor.py:830} INFO - Processing file /Users/pablofrancoherrero/prueba_tecnica/venv/lib/python3.11/site-packages/airflow/example_dags/example_nested_branch_dag.py for tasks to queue
[2026-04-28T18:47:56.576+0200] {logging_mixin.py:188} INFO - [2026-04-28T18:47:56.576+0200] {dagbag.py:540} INFO - Filling up the DagBag from /Users/pablofrancoherrero/prueba_tecnica/venv/lib/python3.11/site-packages/airflow/example_dags/example_nested_branch_dag.py
[2026-04-28T18:47:56.588+0200] {processor.py:840} INFO - DAG(s) 'example_nested_branch_dag' retrieved from /Users/pablofrancoherrero/prueba_tecnica/venv/lib/python3.11/site-packages/airflow/example_dags/example_nested_branch_dag.py
[2026-04-28T18:47:56.614+0200] {logging_mixin.py:188} INFO - [2026-04-28T18:47:56.614+0200] {dag.py:3096} INFO - Sync 1 DAGs
[2026-04-28T18:47:56.619+0200] {logging_mixin.py:188} INFO - [2026-04-28T18:47:56.619+0200] {dag.py:3954} INFO - Setting next_dagrun for example_nested_branch_dag to 2026-04-27 00:00:00+00:00, run_after=2026-04-28 00:00:00+00:00
[2026-04-28T18:47:56.624+0200] {processor.py:183} INFO - Processing /Users/pablofrancoherrero/prueba_tecnica/venv/lib/python3.11/site-packages/airflow/example_dags/example_nested_branch_dag.py took 0.050 seconds
[2026-04-28T18:49:19.797+0200] {processor.py:161} INFO - Started process (PID=35413) to work on /Users/pablofrancoherrero/prueba_tecnica/venv/lib/python3.11/site-packages/airflow/example_dags/example_nested_branch_dag.py
[2026-04-28T18:49:19.798+0200] {processor.py:830} INFO - Processing file /Users/pablofrancoherrero/prueba_tecnica/venv/lib/python3.11/site-packages/airflow/example_dags/example_nested_branch_dag.py for tasks to queue
[2026-04-28T18:49:19.798+0200] {logging_mixin.py:188} INFO - [2026-04-28T18:49:19.798+0200] {dagbag.py:540} INFO - Filling up the DagBag from /Users/pablofrancoherrero/prueba_tecnica/venv/lib/python3.11/site-packages/airflow/example_dags/example_nested_branch_dag.py
[2026-04-28T18:49:19.810+0200] {processor.py:840} INFO - DAG(s) 'example_nested_branch_dag' retrieved from /Users/pablofrancoherrero/prueba_tecnica/venv/lib/python3.11/site-packages/airflow/example_dags/example_nested_branch_dag.py
[2026-04-28T18:49:19.837+0200] {logging_mixin.py:188} INFO - [2026-04-28T18:49:19.837+0200] {dag.py:3096} INFO - Sync 1 DAGs
[2026-04-28T18:49:19.842+0200] {logging_mixin.py:188} INFO - [2026-04-28T18:49:19.842+0200] {dag.py:3954} INFO - Setting next_dagrun for example_nested_branch_dag to 2026-04-27 00:00:00+00:00, run_after=2026-04-28 00:00:00+00:00
[2026-04-28T18:49:19.847+0200] {processor.py:183} INFO - Processing /Users/pablofrancoherrero/prueba_tecnica/venv/lib/python3.11/site-packages/airflow/example_dags/example_nested_branch_dag.py took 0.051 seconds
[2026-04-28T18:50:42.235+0200] {processor.py:161} INFO - Started process (PID=35508) to work on /Users/pablofrancoherrero/prueba_tecnica/venv/lib/python3.11/site-packages/airflow/example_dags/example_nested_branch_dag.py
[2026-04-28T18:50:42.237+0200] {processor.py:830} INFO - Processing file /Users/pablofrancoherrero/prueba_tecnica/venv/lib/python3.11/site-packages/airflow/example_dags/example_nested_branch_dag.py for tasks to queue
[2026-04-28T18:50:42.237+0200] {logging_mixin.py:188} INFO - [2026-04-28T18:50:42.237+0200] {dagbag.py:540} INFO - Filling up the DagBag from /Users/pablofrancoherrero/prueba_tecnica/venv/lib/python3.11/site-packages/airflow/example_dags/example_nested_branch_dag.py
[2026-04-28T18:50:42.250+0200] {processor.py:840} INFO - DAG(s) 'example_nested_branch_dag' retrieved from /Users/pablofrancoherrero/prueba_tecnica/venv/lib/python3.11/site-packages/airflow/example_dags/example_nested_branch_dag.py
[2026-04-28T18:50:42.277+0200] {logging_mixin.py:188} INFO - [2026-04-28T18:50:42.277+0200] {dag.py:3096} INFO - Sync 1 DAGs
[2026-04-28T18:50:42.282+0200] {logging_mixin.py:188} INFO - [2026-04-28T18:50:42.282+0200] {dag.py:3954} INFO - Setting next_dagrun for example_nested_branch_dag to 2026-04-27 00:00:00+00:00, run_after=2026-04-28 00:00:00+00:00
[2026-04-28T18:50:42.287+0200] {processor.py:183} INFO - Processing /Users/pablofrancoherrero/prueba_tecnica/venv/lib/python3.11/site-packages/airflow/example_dags/example_nested_branch_dag.py took 0.052 seconds
[2026-04-28T18:52:04.810+0200] {processor.py:161} INFO - Started process (PID=35617) to work on /Users/pablofrancoherrero/prueba_tecnica/venv/lib/python3.11/site-packages/airflow/example_dags/example_nested_branch_dag.py
[2026-04-28T18:52:04.811+0200] {processor.py:830} INFO - Processing file /Users/pablofrancoherrero/prueba_tecnica/venv/lib/python3.11/site-packages/airflow/example_dags/example_nested_branch_dag.py for tasks to queue
[2026-04-28T18:52:04.811+0200] {logging_mixin.py:188} INFO - [2026-04-28T18:52:04.811+0200] {dagbag.py:540} INFO - Filling up the DagBag from /Users/pablofrancoherrero/prueba_tecnica/venv/lib/python3.11/site-packages/airflow/example_dags/example_nested_branch_dag.py
[2026-04-28T18:52:04.824+0200] {processor.py:840} INFO - DAG(s) 'example_nested_branch_dag' retrieved from /Users/pablofrancoherrero/prueba_tecnica/venv/lib/python3.11/site-packages/airflow/example_dags/example_nested_branch_dag.py
[2026-04-28T18:52:04.851+0200] {logging_mixin.py:188} INFO - [2026-04-28T18:52:04.851+0200] {dag.py:3096} INFO - Sync 1 DAGs
[2026-04-28T18:52:04.855+0200] {logging_mixin.py:188} INFO - [2026-04-28T18:52:04.855+0200] {dag.py:3954} INFO - Setting next_dagrun for example_nested_branch_dag to 2026-04-27 00:00:00+00:00, run_after=2026-04-28 00:00:00+00:00
[2026-04-28T18:52:04.860+0200] {processor.py:183} INFO - Processing /Users/pablofrancoherrero/prueba_tecnica/venv/lib/python3.11/site-packages/airflow/example_dags/example_nested_branch_dag.py took 0.051 seconds
[2026-04-28T18:53:27.847+0200] {processor.py:161} INFO - Started process (PID=35716) to work on /Users/pablofrancoherrero/prueba_tecnica/venv/lib/python3.11/site-packages/airflow/example_dags/example_nested_branch_dag.py
[2026-04-28T18:53:27.848+0200] {processor.py:830} INFO - Processing file /Users/pablofrancoherrero/prueba_tecnica/venv/lib/python3.11/site-packages/airflow/example_dags/example_nested_branch_dag.py for tasks to queue
[2026-04-28T18:53:27.848+0200] {logging_mixin.py:188} INFO - [2026-04-28T18:53:27.848+0200] {dagbag.py:540} INFO - Filling up the DagBag from /Users/pablofrancoherrero/prueba_tecnica/venv/lib/python3.11/site-packages/airflow/example_dags/example_nested_branch_dag.py
[2026-04-28T18:53:27.860+0200] {processor.py:840} INFO - DAG(s) 'example_nested_branch_dag' retrieved from /Users/pablofrancoherrero/prueba_tecnica/venv/lib/python3.11/site-packages/airflow/example_dags/example_nested_branch_dag.py
[2026-04-28T18:53:27.889+0200] {logging_mixin.py:188} INFO - [2026-04-28T18:53:27.889+0200] {dag.py:3096} INFO - Sync 1 DAGs
[2026-04-28T18:53:27.894+0200] {logging_mixin.py:188} INFO - [2026-04-28T18:53:27.894+0200] {dag.py:3954} INFO - Setting next_dagrun for example_nested_branch_dag to 2026-04-27 00:00:00+00:00, run_after=2026-04-28 00:00:00+00:00
[2026-04-28T18:53:27.899+0200] {processor.py:183} INFO - Processing /Users/pablofrancoherrero/prueba_tecnica/venv/lib/python3.11/site-packages/airflow/example_dags/example_nested_branch_dag.py took 0.053 seconds
[2026-04-28T18:54:51.054+0200] {processor.py:161} INFO - Started process (PID=35802) to work on /Users/pablofrancoherrero/prueba_tecnica/venv/lib/python3.11/site-packages/airflow/example_dags/example_nested_branch_dag.py
[2026-04-28T18:54:51.055+0200] {processor.py:830} INFO - Processing file /Users/pablofrancoherrero/prueba_tecnica/venv/lib/python3.11/site-packages/airflow/example_dags/example_nested_branch_dag.py for tasks to queue
[2026-04-28T18:54:51.056+0200] {logging_mixin.py:188} INFO - [2026-04-28T18:54:51.056+0200] {dagbag.py:540} INFO - Filling up the DagBag from /Users/pablofrancoherrero/prueba_tecnica/venv/lib/python3.11/site-packages/airflow/example_dags/example_nested_branch_dag.py
[2026-04-28T18:54:51.068+0200] {processor.py:840} INFO - DAG(s) 'example_nested_branch_dag' retrieved from /Users/pablofrancoherrero/prueba_tecnica/venv/lib/python3.11/site-packages/airflow/example_dags/example_nested_branch_dag.py
[2026-04-28T18:54:51.095+0200] {logging_mixin.py:188} INFO - [2026-04-28T18:54:51.095+0200] {dag.py:3096} INFO - Sync 1 DAGs
[2026-04-28T18:54:51.100+0200] {logging_mixin.py:188} INFO - [2026-04-28T18:54:51.100+0200] {dag.py:3954} INFO - Setting next_dagrun for example_nested_branch_dag to 2026-04-27 00:00:00+00:00, run_after=2026-04-28 00:00:00+00:00
[2026-04-28T18:54:51.105+0200] {processor.py:183} INFO - Processing /Users/pablofrancoherrero/prueba_tecnica/venv/lib/python3.11/site-packages/airflow/example_dags/example_nested_branch_dag.py took 0.051 seconds
[2026-04-28T18:56:15.322+0200] {processor.py:161} INFO - Started process (PID=35888) to work on /Users/pablofrancoherrero/prueba_tecnica/venv/lib/python3.11/site-packages/airflow/example_dags/example_nested_branch_dag.py
[2026-04-28T18:56:15.322+0200] {processor.py:830} INFO - Processing file /Users/pablofrancoherrero/prueba_tecnica/venv/lib/python3.11/site-packages/airflow/example_dags/example_nested_branch_dag.py for tasks to queue
[2026-04-28T18:56:15.323+0200] {logging_mixin.py:188} INFO - [2026-04-28T18:56:15.323+0200] {dagbag.py:540} INFO - Filling up the DagBag from /Users/pablofrancoherrero/prueba_tecnica/venv/lib/python3.11/site-packages/airflow/example_dags/example_nested_branch_dag.py
[2026-04-28T18:56:15.335+0200] {processor.py:840} INFO - DAG(s) 'example_nested_branch_dag' retrieved from /Users/pablofrancoherrero/prueba_tecnica/venv/lib/python3.11/site-packages/airflow/example_dags/example_nested_branch_dag.py
[2026-04-28T18:56:15.362+0200] {logging_mixin.py:188} INFO - [2026-04-28T18:56:15.362+0200] {dag.py:3096} INFO - Sync 1 DAGs
[2026-04-28T18:56:15.367+0200] {logging_mixin.py:188} INFO - [2026-04-28T18:56:15.367+0200] {dag.py:3954} INFO - Setting next_dagrun for example_nested_branch_dag to 2026-04-27 00:00:00+00:00, run_after=2026-04-28 00:00:00+00:00
[2026-04-28T18:56:15.371+0200] {processor.py:183} INFO - Processing /Users/pablofrancoherrero/prueba_tecnica/venv/lib/python3.11/site-packages/airflow/example_dags/example_nested_branch_dag.py took 0.050 seconds
[2026-04-28T18:57:36.232+0200] {processor.py:161} INFO - Started process (PID=35970) to work on /Users/pablofrancoherrero/prueba_tecnica/venv/lib/python3.11/site-packages/airflow/example_dags/example_nested_branch_dag.py
[2026-04-28T18:57:36.233+0200] {processor.py:830} INFO - Processing file /Users/pablofrancoherrero/prueba_tecnica/venv/lib/python3.11/site-packages/airflow/example_dags/example_nested_branch_dag.py for tasks to queue
[2026-04-28T18:57:36.233+0200] {logging_mixin.py:188} INFO - [2026-04-28T18:57:36.233+0200] {dagbag.py:540} INFO - Filling up the DagBag from /Users/pablofrancoherrero/prueba_tecnica/venv/lib/python3.11/site-packages/airflow/example_dags/example_nested_branch_dag.py
[2026-04-28T18:57:36.245+0200] {processor.py:840} INFO - DAG(s) 'example_nested_branch_dag' retrieved from /Users/pablofrancoherrero/prueba_tecnica/venv/lib/python3.11/site-packages/airflow/example_dags/example_nested_branch_dag.py
[2026-04-28T18:57:36.271+0200] {logging_mixin.py:188} INFO - [2026-04-28T18:57:36.271+0200] {dag.py:3096} INFO - Sync 1 DAGs
[2026-04-28T18:57:36.275+0200] {logging_mixin.py:188} INFO - [2026-04-28T18:57:36.275+0200] {dag.py:3954} INFO - Setting next_dagrun for example_nested_branch_dag to 2026-04-27 00:00:00+00:00, run_after=2026-04-28 00:00:00+00:00
[2026-04-28T18:57:36.280+0200] {processor.py:183} INFO - Processing /Users/pablofrancoherrero/prueba_tecnica/venv/lib/python3.11/site-packages/airflow/example_dags/example_nested_branch_dag.py took 0.049 seconds
[2026-04-28T18:58:55.933+0200] {processor.py:161} INFO - Started process (PID=36037) to work on /Users/pablofrancoherrero/prueba_tecnica/venv/lib/python3.11/site-packages/airflow/example_dags/example_nested_branch_dag.py
[2026-04-28T18:58:55.934+0200] {processor.py:830} INFO - Processing file /Users/pablofrancoherrero/prueba_tecnica/venv/lib/python3.11/site-packages/airflow/example_dags/example_nested_branch_dag.py for tasks to queue
[2026-04-28T18:58:55.934+0200] {logging_mixin.py:188} INFO - [2026-04-28T18:58:55.934+0200] {dagbag.py:540} INFO - Filling up the DagBag from /Users/pablofrancoherrero/prueba_tecnica/venv/lib/python3.11/site-packages/airflow/example_dags/example_nested_branch_dag.py
[2026-04-28T18:58:55.946+0200] {processor.py:840} INFO - DAG(s) 'example_nested_branch_dag' retrieved from /Users/pablofrancoherrero/prueba_tecnica/venv/lib/python3.11/site-packages/airflow/example_dags/example_nested_branch_dag.py
[2026-04-28T18:58:55.973+0200] {logging_mixin.py:188} INFO - [2026-04-28T18:58:55.973+0200] {dag.py:3096} INFO - Sync 1 DAGs
[2026-04-28T18:58:55.978+0200] {logging_mixin.py:188} INFO - [2026-04-28T18:58:55.978+0200] {dag.py:3954} INFO - Setting next_dagrun for example_nested_branch_dag to 2026-04-27 00:00:00+00:00, run_after=2026-04-28 00:00:00+00:00
[2026-04-28T18:58:55.984+0200] {processor.py:183} INFO - Processing /Users/pablofrancoherrero/prueba_tecnica/venv/lib/python3.11/site-packages/airflow/example_dags/example_nested_branch_dag.py took 0.051 seconds
[2026-04-28T19:00:13.996+0200] {processor.py:161} INFO - Started process (PID=36127) to work on /Users/pablofrancoherrero/prueba_tecnica/venv/lib/python3.11/site-packages/airflow/example_dags/example_nested_branch_dag.py
[2026-04-28T19:00:13.997+0200] {processor.py:830} INFO - Processing file /Users/pablofrancoherrero/prueba_tecnica/venv/lib/python3.11/site-packages/airflow/example_dags/example_nested_branch_dag.py for tasks to queue
[2026-04-28T19:00:13.997+0200] {logging_mixin.py:188} INFO - [2026-04-28T19:00:13.997+0200] {dagbag.py:540} INFO - Filling up the DagBag from /Users/pablofrancoherrero/prueba_tecnica/venv/lib/python3.11/site-packages/airflow/example_dags/example_nested_branch_dag.py
[2026-04-28T19:00:14.011+0200] {processor.py:840} INFO - DAG(s) 'example_nested_branch_dag' retrieved from /Users/pablofrancoherrero/prueba_tecnica/venv/lib/python3.11/site-packages/airflow/example_dags/example_nested_branch_dag.py
[2026-04-28T19:00:14.039+0200] {logging_mixin.py:188} INFO - [2026-04-28T19:00:14.039+0200] {dag.py:3096} INFO - Sync 1 DAGs
[2026-04-28T19:00:14.045+0200] {logging_mixin.py:188} INFO - [2026-04-28T19:00:14.045+0200] {dag.py:3954} INFO - Setting next_dagrun for example_nested_branch_dag to 2026-04-27 00:00:00+00:00, run_after=2026-04-28 00:00:00+00:00
[2026-04-28T19:00:14.051+0200] {processor.py:183} INFO - Processing /Users/pablofrancoherrero/prueba_tecnica/venv/lib/python3.11/site-packages/airflow/example_dags/example_nested_branch_dag.py took 0.055 seconds
[2026-04-28T19:01:37.102+0200] {processor.py:161} INFO - Started process (PID=36215) to work on /Users/pablofrancoherrero/prueba_tecnica/venv/lib/python3.11/site-packages/airflow/example_dags/example_nested_branch_dag.py
[2026-04-28T19:01:37.103+0200] {processor.py:830} INFO - Processing file /Users/pablofrancoherrero/prueba_tecnica/venv/lib/python3.11/site-packages/airflow/example_dags/example_nested_branch_dag.py for tasks to queue
[2026-04-28T19:01:37.103+0200] {logging_mixin.py:188} INFO - [2026-04-28T19:01:37.103+0200] {dagbag.py:540} INFO - Filling up the DagBag from /Users/pablofrancoherrero/prueba_tecnica/venv/lib/python3.11/site-packages/airflow/example_dags/example_nested_branch_dag.py
[2026-04-28T19:01:37.115+0200] {processor.py:840} INFO - DAG(s) 'example_nested_branch_dag' retrieved from /Users/pablofrancoherrero/prueba_tecnica/venv/lib/python3.11/site-packages/airflow/example_dags/example_nested_branch_dag.py
[2026-04-28T19:01:37.141+0200] {logging_mixin.py:188} INFO - [2026-04-28T19:01:37.141+0200] {dag.py:3096} INFO - Sync 1 DAGs
[2026-04-28T19:01:37.146+0200] {logging_mixin.py:188} INFO - [2026-04-28T19:01:37.145+0200] {dag.py:3954} INFO - Setting next_dagrun for example_nested_branch_dag to 2026-04-27 00:00:00+00:00, run_after=2026-04-28 00:00:00+00:00
[2026-04-28T19:01:37.150+0200] {processor.py:183} INFO - Processing /Users/pablofrancoherrero/prueba_tecnica/venv/lib/python3.11/site-packages/airflow/example_dags/example_nested_branch_dag.py took 0.050 seconds
[2026-04-28T19:02:57.291+0200] {processor.py:161} INFO - Started process (PID=36290) to work on /Users/pablofrancoherrero/prueba_tecnica/venv/lib/python3.11/site-packages/airflow/example_dags/example_nested_branch_dag.py
[2026-04-28T19:02:57.291+0200] {processor.py:830} INFO - Processing file /Users/pablofrancoherrero/prueba_tecnica/venv/lib/python3.11/site-packages/airflow/example_dags/example_nested_branch_dag.py for tasks to queue
[2026-04-28T19:02:57.291+0200] {logging_mixin.py:188} INFO - [2026-04-28T19:02:57.291+0200] {dagbag.py:540} INFO - Filling up the DagBag from /Users/pablofrancoherrero/prueba_tecnica/venv/lib/python3.11/site-packages/airflow/example_dags/example_nested_branch_dag.py
[2026-04-28T19:02:57.303+0200] {processor.py:840} INFO - DAG(s) 'example_nested_branch_dag' retrieved from /Users/pablofrancoherrero/prueba_tecnica/venv/lib/python3.11/site-packages/airflow/example_dags/example_nested_branch_dag.py
[2026-04-28T19:02:57.330+0200] {logging_mixin.py:188} INFO - [2026-04-28T19:02:57.329+0200] {dag.py:3096} INFO - Sync 1 DAGs
[2026-04-28T19:02:57.334+0200] {logging_mixin.py:188} INFO - [2026-04-28T19:02:57.334+0200] {dag.py:3954} INFO - Setting next_dagrun for example_nested_branch_dag to 2026-04-27 00:00:00+00:00, run_after=2026-04-28 00:00:00+00:00
[2026-04-28T19:02:57.339+0200] {processor.py:183} INFO - Processing /Users/pablofrancoherrero/prueba_tecnica/venv/lib/python3.11/site-packages/airflow/example_dags/example_nested_branch_dag.py took 0.049 seconds
[2026-04-28T19:04:17.494+0200] {processor.py:161} INFO - Started process (PID=36357) to work on /Users/pablofrancoherrero/prueba_tecnica/venv/lib/python3.11/site-packages/airflow/example_dags/example_nested_branch_dag.py
[2026-04-28T19:04:17.494+0200] {processor.py:830} INFO - Processing file /Users/pablofrancoherrero/prueba_tecnica/venv/lib/python3.11/site-packages/airflow/example_dags/example_nested_branch_dag.py for tasks to queue
[2026-04-28T19:04:17.494+0200] {logging_mixin.py:188} INFO - [2026-04-28T19:04:17.494+0200] {dagbag.py:540} INFO - Filling up the DagBag from /Users/pablofrancoherrero/prueba_tecnica/venv/lib/python3.11/site-packages/airflow/example_dags/example_nested_branch_dag.py
[2026-04-28T19:04:17.506+0200] {processor.py:840} INFO - DAG(s) 'example_nested_branch_dag' retrieved from /Users/pablofrancoherrero/prueba_tecnica/venv/lib/python3.11/site-packages/airflow/example_dags/example_nested_branch_dag.py
[2026-04-28T19:04:17.531+0200] {logging_mixin.py:188} INFO - [2026-04-28T19:04:17.531+0200] {dag.py:3096} INFO - Sync 1 DAGs
[2026-04-28T19:04:17.536+0200] {logging_mixin.py:188} INFO - [2026-04-28T19:04:17.536+0200] {dag.py:3954} INFO - Setting next_dagrun for example_nested_branch_dag to 2026-04-27 00:00:00+00:00, run_after=2026-04-28 00:00:00+00:00
[2026-04-28T19:04:17.540+0200] {processor.py:183} INFO - Processing /Users/pablofrancoherrero/prueba_tecnica/venv/lib/python3.11/site-packages/airflow/example_dags/example_nested_branch_dag.py took 0.048 seconds
[2026-04-28T19:05:37.393+0200] {processor.py:161} INFO - Started process (PID=36488) to work on /Users/pablofrancoherrero/prueba_tecnica/venv/lib/python3.11/site-packages/airflow/example_dags/example_nested_branch_dag.py
[2026-04-28T19:05:37.394+0200] {processor.py:830} INFO - Processing file /Users/pablofrancoherrero/prueba_tecnica/venv/lib/python3.11/site-packages/airflow/example_dags/example_nested_branch_dag.py for tasks to queue
[2026-04-28T19:05:37.394+0200] {logging_mixin.py:188} INFO - [2026-04-28T19:05:37.394+0200] {dagbag.py:540} INFO - Filling up the DagBag from /Users/pablofrancoherrero/prueba_tecnica/venv/lib/python3.11/site-packages/airflow/example_dags/example_nested_branch_dag.py
[2026-04-28T19:05:37.406+0200] {processor.py:840} INFO - DAG(s) 'example_nested_branch_dag' retrieved from /Users/pablofrancoherrero/prueba_tecnica/venv/lib/python3.11/site-packages/airflow/example_dags/example_nested_branch_dag.py
[2026-04-28T19:05:37.432+0200] {logging_mixin.py:188} INFO - [2026-04-28T19:05:37.432+0200] {dag.py:3096} INFO - Sync 1 DAGs
[2026-04-28T19:05:37.437+0200] {logging_mixin.py:188} INFO - [2026-04-28T19:05:37.437+0200] {dag.py:3954} INFO - Setting next_dagrun for example_nested_branch_dag to 2026-04-27 00:00:00+00:00, run_after=2026-04-28 00:00:00+00:00
[2026-04-28T19:05:37.442+0200] {processor.py:183} INFO - Processing /Users/pablofrancoherrero/prueba_tecnica/venv/lib/python3.11/site-packages/airflow/example_dags/example_nested_branch_dag.py took 0.050 seconds
[2026-04-28T19:06:57.585+0200] {processor.py:161} INFO - Started process (PID=36560) to work on /Users/pablofrancoherrero/prueba_tecnica/venv/lib/python3.11/site-packages/airflow/example_dags/example_nested_branch_dag.py
[2026-04-28T19:06:57.585+0200] {processor.py:830} INFO - Processing file /Users/pablofrancoherrero/prueba_tecnica/venv/lib/python3.11/site-packages/airflow/example_dags/example_nested_branch_dag.py for tasks to queue
[2026-04-28T19:06:57.586+0200] {logging_mixin.py:188} INFO - [2026-04-28T19:06:57.586+0200] {dagbag.py:540} INFO - Filling up the DagBag from /Users/pablofrancoherrero/prueba_tecnica/venv/lib/python3.11/site-packages/airflow/example_dags/example_nested_branch_dag.py
[2026-04-28T19:06:57.597+0200] {processor.py:840} INFO - DAG(s) 'example_nested_branch_dag' retrieved from /Users/pablofrancoherrero/prueba_tecnica/venv/lib/python3.11/site-packages/airflow/example_dags/example_nested_branch_dag.py
[2026-04-28T19:06:57.623+0200] {logging_mixin.py:188} INFO - [2026-04-28T19:06:57.623+0200] {dag.py:3096} INFO - Sync 1 DAGs
[2026-04-28T19:06:57.628+0200] {logging_mixin.py:188} INFO - [2026-04-28T19:06:57.628+0200] {dag.py:3954} INFO - Setting next_dagrun for example_nested_branch_dag to 2026-04-27 00:00:00+00:00, run_after=2026-04-28 00:00:00+00:00
[2026-04-28T19:06:57.632+0200] {processor.py:183} INFO - Processing /Users/pablofrancoherrero/prueba_tecnica/venv/lib/python3.11/site-packages/airflow/example_dags/example_nested_branch_dag.py took 0.048 seconds
[2026-04-28T19:08:19.842+0200] {processor.py:161} INFO - Started process (PID=36639) to work on /Users/pablofrancoherrero/prueba_tecnica/venv/lib/python3.11/site-packages/airflow/example_dags/example_nested_branch_dag.py
[2026-04-28T19:08:19.842+0200] {processor.py:830} INFO - Processing file /Users/pablofrancoherrero/prueba_tecnica/venv/lib/python3.11/site-packages/airflow/example_dags/example_nested_branch_dag.py for tasks to queue
[2026-04-28T19:08:19.842+0200] {logging_mixin.py:188} INFO - [2026-04-28T19:08:19.842+0200] {dagbag.py:540} INFO - Filling up the DagBag from /Users/pablofrancoherrero/prueba_tecnica/venv/lib/python3.11/site-packages/airflow/example_dags/example_nested_branch_dag.py
[2026-04-28T19:08:19.854+0200] {processor.py:840} INFO - DAG(s) 'example_nested_branch_dag' retrieved from /Users/pablofrancoherrero/prueba_tecnica/venv/lib/python3.11/site-packages/airflow/example_dags/example_nested_branch_dag.py
[2026-04-28T19:08:19.879+0200] {logging_mixin.py:188} INFO - [2026-04-28T19:08:19.879+0200] {dag.py:3096} INFO - Sync 1 DAGs
[2026-04-28T19:08:19.884+0200] {logging_mixin.py:188} INFO - [2026-04-28T19:08:19.884+0200] {dag.py:3954} INFO - Setting next_dagrun for example_nested_branch_dag to 2026-04-27 00:00:00+00:00, run_after=2026-04-28 00:00:00+00:00
[2026-04-28T19:08:19.888+0200] {processor.py:183} INFO - Processing /Users/pablofrancoherrero/prueba_tecnica/venv/lib/python3.11/site-packages/airflow/example_dags/example_nested_branch_dag.py took 0.048 seconds
[2026-04-28T19:09:39.905+0200] {processor.py:161} INFO - Started process (PID=36738) to work on /Users/pablofrancoherrero/prueba_tecnica/venv/lib/python3.11/site-packages/airflow/example_dags/example_nested_branch_dag.py
[2026-04-28T19:09:39.906+0200] {processor.py:830} INFO - Processing file /Users/pablofrancoherrero/prueba_tecnica/venv/lib/python3.11/site-packages/airflow/example_dags/example_nested_branch_dag.py for tasks to queue
[2026-04-28T19:09:39.906+0200] {logging_mixin.py:188} INFO - [2026-04-28T19:09:39.906+0200] {dagbag.py:540} INFO - Filling up the DagBag from /Users/pablofrancoherrero/prueba_tecnica/venv/lib/python3.11/site-packages/airflow/example_dags/example_nested_branch_dag.py
[2026-04-28T19:09:39.919+0200] {processor.py:840} INFO - DAG(s) 'example_nested_branch_dag' retrieved from /Users/pablofrancoherrero/prueba_tecnica/venv/lib/python3.11/site-packages/airflow/example_dags/example_nested_branch_dag.py
[2026-04-28T19:09:39.946+0200] {logging_mixin.py:188} INFO - [2026-04-28T19:09:39.946+0200] {dag.py:3096} INFO - Sync 1 DAGs
[2026-04-28T19:09:39.951+0200] {logging_mixin.py:188} INFO - [2026-04-28T19:09:39.951+0200] {dag.py:3954} INFO - Setting next_dagrun for example_nested_branch_dag to 2026-04-27 00:00:00+00:00, run_after=2026-04-28 00:00:00+00:00
[2026-04-28T19:09:39.956+0200] {processor.py:183} INFO - Processing /Users/pablofrancoherrero/prueba_tecnica/venv/lib/python3.11/site-packages/airflow/example_dags/example_nested_branch_dag.py took 0.052 seconds
[2026-04-28T19:11:01.926+0200] {processor.py:161} INFO - Started process (PID=36850) to work on /Users/pablofrancoherrero/prueba_tecnica/venv/lib/python3.11/site-packages/airflow/example_dags/example_nested_branch_dag.py
[2026-04-28T19:11:01.927+0200] {processor.py:830} INFO - Processing file /Users/pablofrancoherrero/prueba_tecnica/venv/lib/python3.11/site-packages/airflow/example_dags/example_nested_branch_dag.py for tasks to queue
[2026-04-28T19:11:01.928+0200] {logging_mixin.py:188} INFO - [2026-04-28T19:11:01.928+0200] {dagbag.py:540} INFO - Filling up the DagBag from /Users/pablofrancoherrero/prueba_tecnica/venv/lib/python3.11/site-packages/airflow/example_dags/example_nested_branch_dag.py
[2026-04-28T19:11:01.940+0200] {processor.py:840} INFO - DAG(s) 'example_nested_branch_dag' retrieved from /Users/pablofrancoherrero/prueba_tecnica/venv/lib/python3.11/site-packages/airflow/example_dags/example_nested_branch_dag.py
[2026-04-28T19:11:01.967+0200] {logging_mixin.py:188} INFO - [2026-04-28T19:11:01.967+0200] {dag.py:3096} INFO - Sync 1 DAGs
[2026-04-28T19:11:01.972+0200] {logging_mixin.py:188} INFO - [2026-04-28T19:11:01.972+0200] {dag.py:3954} INFO - Setting next_dagrun for example_nested_branch_dag to 2026-04-27 00:00:00+00:00, run_after=2026-04-28 00:00:00+00:00
[2026-04-28T19:11:01.976+0200] {processor.py:183} INFO - Processing /Users/pablofrancoherrero/prueba_tecnica/venv/lib/python3.11/site-packages/airflow/example_dags/example_nested_branch_dag.py took 0.051 seconds
[2026-04-28T19:12:23.004+0200] {processor.py:161} INFO - Started process (PID=36940) to work on /Users/pablofrancoherrero/prueba_tecnica/venv/lib/python3.11/site-packages/airflow/example_dags/example_nested_branch_dag.py
[2026-04-28T19:12:23.005+0200] {processor.py:830} INFO - Processing file /Users/pablofrancoherrero/prueba_tecnica/venv/lib/python3.11/site-packages/airflow/example_dags/example_nested_branch_dag.py for tasks to queue
[2026-04-28T19:12:23.005+0200] {logging_mixin.py:188} INFO - [2026-04-28T19:12:23.005+0200] {dagbag.py:540} INFO - Filling up the DagBag from /Users/pablofrancoherrero/prueba_tecnica/venv/lib/python3.11/site-packages/airflow/example_dags/example_nested_branch_dag.py
[2026-04-28T19:12:23.018+0200] {processor.py:840} INFO - DAG(s) 'example_nested_branch_dag' retrieved from /Users/pablofrancoherrero/prueba_tecnica/venv/lib/python3.11/site-packages/airflow/example_dags/example_nested_branch_dag.py
[2026-04-28T19:12:23.045+0200] {logging_mixin.py:188} INFO - [2026-04-28T19:12:23.045+0200] {dag.py:3096} INFO - Sync 1 DAGs
[2026-04-28T19:12:23.050+0200] {logging_mixin.py:188} INFO - [2026-04-28T19:12:23.050+0200] {dag.py:3954} INFO - Setting next_dagrun for example_nested_branch_dag to 2026-04-27 00:00:00+00:00, run_after=2026-04-28 00:00:00+00:00
[2026-04-28T19:12:23.054+0200] {processor.py:183} INFO - Processing /Users/pablofrancoherrero/prueba_tecnica/venv/lib/python3.11/site-packages/airflow/example_dags/example_nested_branch_dag.py took 0.051 seconds
[2026-04-28T19:13:45.471+0200] {processor.py:161} INFO - Started process (PID=37029) to work on /Users/pablofrancoherrero/prueba_tecnica/venv/lib/python3.11/site-packages/airflow/example_dags/example_nested_branch_dag.py
[2026-04-28T19:13:45.472+0200] {processor.py:830} INFO - Processing file /Users/pablofrancoherrero/prueba_tecnica/venv/lib/python3.11/site-packages/airflow/example_dags/example_nested_branch_dag.py for tasks to queue
[2026-04-28T19:13:45.472+0200] {logging_mixin.py:188} INFO - [2026-04-28T19:13:45.472+0200] {dagbag.py:540} INFO - Filling up the DagBag from /Users/pablofrancoherrero/prueba_tecnica/venv/lib/python3.11/site-packages/airflow/example_dags/example_nested_branch_dag.py
[2026-04-28T19:13:45.485+0200] {processor.py:840} INFO - DAG(s) 'example_nested_branch_dag' retrieved from /Users/pablofrancoherrero/prueba_tecnica/venv/lib/python3.11/site-packages/airflow/example_dags/example_nested_branch_dag.py
[2026-04-28T19:13:45.512+0200] {logging_mixin.py:188} INFO - [2026-04-28T19:13:45.512+0200] {dag.py:3096} INFO - Sync 1 DAGs
[2026-04-28T19:13:45.517+0200] {logging_mixin.py:188} INFO - [2026-04-28T19:13:45.517+0200] {dag.py:3954} INFO - Setting next_dagrun for example_nested_branch_dag to 2026-04-27 00:00:00+00:00, run_after=2026-04-28 00:00:00+00:00
[2026-04-28T19:13:45.522+0200] {processor.py:183} INFO - Processing /Users/pablofrancoherrero/prueba_tecnica/venv/lib/python3.11/site-packages/airflow/example_dags/example_nested_branch_dag.py took 0.051 seconds
[2026-04-28T19:15:04.455+0200] {processor.py:161} INFO - Started process (PID=37116) to work on /Users/pablofrancoherrero/prueba_tecnica/venv/lib/python3.11/site-packages/airflow/example_dags/example_nested_branch_dag.py
[2026-04-28T19:15:04.455+0200] {processor.py:830} INFO - Processing file /Users/pablofrancoherrero/prueba_tecnica/venv/lib/python3.11/site-packages/airflow/example_dags/example_nested_branch_dag.py for tasks to queue
[2026-04-28T19:15:04.455+0200] {logging_mixin.py:188} INFO - [2026-04-28T19:15:04.455+0200] {dagbag.py:540} INFO - Filling up the DagBag from /Users/pablofrancoherrero/prueba_tecnica/venv/lib/python3.11/site-packages/airflow/example_dags/example_nested_branch_dag.py
[2026-04-28T19:15:04.468+0200] {processor.py:840} INFO - DAG(s) 'example_nested_branch_dag' retrieved from /Users/pablofrancoherrero/prueba_tecnica/venv/lib/python3.11/site-packages/airflow/example_dags/example_nested_branch_dag.py
[2026-04-28T19:15:04.495+0200] {logging_mixin.py:188} INFO - [2026-04-28T19:15:04.495+0200] {dag.py:3096} INFO - Sync 1 DAGs
[2026-04-28T19:15:04.500+0200] {logging_mixin.py:188} INFO - [2026-04-28T19:15:04.500+0200] {dag.py:3954} INFO - Setting next_dagrun for example_nested_branch_dag to 2026-04-27 00:00:00+00:00, run_after=2026-04-28 00:00:00+00:00
[2026-04-28T19:15:04.504+0200] {processor.py:183} INFO - Processing /Users/pablofrancoherrero/prueba_tecnica/venv/lib/python3.11/site-packages/airflow/example_dags/example_nested_branch_dag.py took 0.050 seconds
[2026-04-28T19:16:22.805+0200] {processor.py:161} INFO - Started process (PID=37200) to work on /Users/pablofrancoherrero/prueba_tecnica/venv/lib/python3.11/site-packages/airflow/example_dags/example_nested_branch_dag.py
[2026-04-28T19:16:22.805+0200] {processor.py:830} INFO - Processing file /Users/pablofrancoherrero/prueba_tecnica/venv/lib/python3.11/site-packages/airflow/example_dags/example_nested_branch_dag.py for tasks to queue
[2026-04-28T19:16:22.805+0200] {logging_mixin.py:188} INFO - [2026-04-28T19:16:22.805+0200] {dagbag.py:540} INFO - Filling up the DagBag from /Users/pablofrancoherrero/prueba_tecnica/venv/lib/python3.11/site-packages/airflow/example_dags/example_nested_branch_dag.py
[2026-04-28T19:16:22.819+0200] {processor.py:840} INFO - DAG(s) 'example_nested_branch_dag' retrieved from /Users/pablofrancoherrero/prueba_tecnica/venv/lib/python3.11/site-packages/airflow/example_dags/example_nested_branch_dag.py
[2026-04-28T19:16:22.845+0200] {logging_mixin.py:188} INFO - [2026-04-28T19:16:22.845+0200] {dag.py:3096} INFO - Sync 1 DAGs
[2026-04-28T19:16:22.850+0200] {logging_mixin.py:188} INFO - [2026-04-28T19:16:22.850+0200] {dag.py:3954} INFO - Setting next_dagrun for example_nested_branch_dag to 2026-04-27 00:00:00+00:00, run_after=2026-04-28 00:00:00+00:00
[2026-04-28T19:16:22.855+0200] {processor.py:183} INFO - Processing /Users/pablofrancoherrero/prueba_tecnica/venv/lib/python3.11/site-packages/airflow/example_dags/example_nested_branch_dag.py took 0.051 seconds
[2026-04-28T19:17:45.397+0200] {processor.py:161} INFO - Started process (PID=38856) to work on /Users/pablofrancoherrero/prueba_tecnica/venv/lib/python3.11/site-packages/airflow/example_dags/example_nested_branch_dag.py
[2026-04-28T19:17:45.398+0200] {processor.py:830} INFO - Processing file /Users/pablofrancoherrero/prueba_tecnica/venv/lib/python3.11/site-packages/airflow/example_dags/example_nested_branch_dag.py for tasks to queue
[2026-04-28T19:17:45.398+0200] {logging_mixin.py:188} INFO - [2026-04-28T19:17:45.398+0200] {dagbag.py:540} INFO - Filling up the DagBag from /Users/pablofrancoherrero/prueba_tecnica/venv/lib/python3.11/site-packages/airflow/example_dags/example_nested_branch_dag.py
[2026-04-28T19:17:45.412+0200] {processor.py:840} INFO - DAG(s) 'example_nested_branch_dag' retrieved from /Users/pablofrancoherrero/prueba_tecnica/venv/lib/python3.11/site-packages/airflow/example_dags/example_nested_branch_dag.py
[2026-04-28T19:17:45.440+0200] {logging_mixin.py:188} INFO - [2026-04-28T19:17:45.440+0200] {dag.py:3096} INFO - Sync 1 DAGs
[2026-04-28T19:17:45.445+0200] {logging_mixin.py:188} INFO - [2026-04-28T19:17:45.445+0200] {dag.py:3954} INFO - Setting next_dagrun for example_nested_branch_dag to 2026-04-27 00:00:00+00:00, run_after=2026-04-28 00:00:00+00:00
[2026-04-28T19:17:45.451+0200] {processor.py:183} INFO - Processing /Users/pablofrancoherrero/prueba_tecnica/venv/lib/python3.11/site-packages/airflow/example_dags/example_nested_branch_dag.py took 0.055 seconds
[2026-04-28T19:19:39.131+0200] {processor.py:161} INFO - Started process (PID=49692) to work on /Users/pablofrancoherrero/prueba_tecnica/venv/lib/python3.11/site-packages/airflow/example_dags/example_nested_branch_dag.py
[2026-04-28T19:19:39.132+0200] {processor.py:830} INFO - Processing file /Users/pablofrancoherrero/prueba_tecnica/venv/lib/python3.11/site-packages/airflow/example_dags/example_nested_branch_dag.py for tasks to queue
[2026-04-28T19:19:39.132+0200] {logging_mixin.py:188} INFO - [2026-04-28T19:19:39.132+0200] {dagbag.py:540} INFO - Filling up the DagBag from /Users/pablofrancoherrero/prueba_tecnica/venv/lib/python3.11/site-packages/airflow/example_dags/example_nested_branch_dag.py
[2026-04-28T19:19:39.159+0200] {processor.py:840} INFO - DAG(s) 'example_nested_branch_dag' retrieved from /Users/pablofrancoherrero/prueba_tecnica/venv/lib/python3.11/site-packages/airflow/example_dags/example_nested_branch_dag.py
[2026-04-28T19:19:39.189+0200] {logging_mixin.py:188} INFO - [2026-04-28T19:19:39.189+0200] {dag.py:3096} INFO - Sync 1 DAGs
[2026-04-28T19:19:39.195+0200] {logging_mixin.py:188} INFO - [2026-04-28T19:19:39.195+0200] {dag.py:3954} INFO - Setting next_dagrun for example_nested_branch_dag to 2026-04-27 00:00:00+00:00, run_after=2026-04-28 00:00:00+00:00
[2026-04-28T19:19:39.200+0200] {processor.py:183} INFO - Processing /Users/pablofrancoherrero/prueba_tecnica/venv/lib/python3.11/site-packages/airflow/example_dags/example_nested_branch_dag.py took 0.072 seconds
[2026-04-28T19:21:20.839+0200] {processor.py:161} INFO - Started process (PID=50322) to work on /Users/pablofrancoherrero/prueba_tecnica/venv/lib/python3.11/site-packages/airflow/example_dags/example_nested_branch_dag.py
[2026-04-28T19:21:20.840+0200] {processor.py:830} INFO - Processing file /Users/pablofrancoherrero/prueba_tecnica/venv/lib/python3.11/site-packages/airflow/example_dags/example_nested_branch_dag.py for tasks to queue
[2026-04-28T19:21:20.840+0200] {logging_mixin.py:188} INFO - [2026-04-28T19:21:20.840+0200] {dagbag.py:540} INFO - Filling up the DagBag from /Users/pablofrancoherrero/prueba_tecnica/venv/lib/python3.11/site-packages/airflow/example_dags/example_nested_branch_dag.py
[2026-04-28T19:21:20.852+0200] {processor.py:840} INFO - DAG(s) 'example_nested_branch_dag' retrieved from /Users/pablofrancoherrero/prueba_tecnica/venv/lib/python3.11/site-packages/airflow/example_dags/example_nested_branch_dag.py
[2026-04-28T19:21:20.879+0200] {logging_mixin.py:188} INFO - [2026-04-28T19:21:20.879+0200] {dag.py:3096} INFO - Sync 1 DAGs
[2026-04-28T19:21:20.884+0200] {logging_mixin.py:188} INFO - [2026-04-28T19:21:20.884+0200] {dag.py:3954} INFO - Setting next_dagrun for example_nested_branch_dag to 2026-04-27 00:00:00+00:00, run_after=2026-04-28 00:00:00+00:00
[2026-04-28T19:21:20.888+0200] {processor.py:183} INFO - Processing /Users/pablofrancoherrero/prueba_tecnica/venv/lib/python3.11/site-packages/airflow/example_dags/example_nested_branch_dag.py took 0.050 seconds
[2026-04-28T19:22:41.546+0200] {processor.py:161} INFO - Started process (PID=50417) to work on /Users/pablofrancoherrero/prueba_tecnica/venv/lib/python3.11/site-packages/airflow/example_dags/example_nested_branch_dag.py
[2026-04-28T19:22:41.547+0200] {processor.py:830} INFO - Processing file /Users/pablofrancoherrero/prueba_tecnica/venv/lib/python3.11/site-packages/airflow/example_dags/example_nested_branch_dag.py for tasks to queue
[2026-04-28T19:22:41.547+0200] {logging_mixin.py:188} INFO - [2026-04-28T19:22:41.547+0200] {dagbag.py:540} INFO - Filling up the DagBag from /Users/pablofrancoherrero/prueba_tecnica/venv/lib/python3.11/site-packages/airflow/example_dags/example_nested_branch_dag.py
[2026-04-28T19:22:41.559+0200] {processor.py:840} INFO - DAG(s) 'example_nested_branch_dag' retrieved from /Users/pablofrancoherrero/prueba_tecnica/venv/lib/python3.11/site-packages/airflow/example_dags/example_nested_branch_dag.py
[2026-04-28T19:22:41.586+0200] {logging_mixin.py:188} INFO - [2026-04-28T19:22:41.586+0200] {dag.py:3096} INFO - Sync 1 DAGs
[2026-04-28T19:22:41.591+0200] {logging_mixin.py:188} INFO - [2026-04-28T19:22:41.591+0200] {dag.py:3954} INFO - Setting next_dagrun for example_nested_branch_dag to 2026-04-27 00:00:00+00:00, run_after=2026-04-28 00:00:00+00:00
[2026-04-28T19:22:41.596+0200] {processor.py:183} INFO - Processing /Users/pablofrancoherrero/prueba_tecnica/venv/lib/python3.11/site-packages/airflow/example_dags/example_nested_branch_dag.py took 0.051 seconds
[2026-04-28T19:23:59.871+0200] {processor.py:161} INFO - Started process (PID=50512) to work on /Users/pablofrancoherrero/prueba_tecnica/venv/lib/python3.11/site-packages/airflow/example_dags/example_nested_branch_dag.py
[2026-04-28T19:23:59.872+0200] {processor.py:830} INFO - Processing file /Users/pablofrancoherrero/prueba_tecnica/venv/lib/python3.11/site-packages/airflow/example_dags/example_nested_branch_dag.py for tasks to queue
[2026-04-28T19:23:59.872+0200] {logging_mixin.py:188} INFO - [2026-04-28T19:23:59.872+0200] {dagbag.py:540} INFO - Filling up the DagBag from /Users/pablofrancoherrero/prueba_tecnica/venv/lib/python3.11/site-packages/airflow/example_dags/example_nested_branch_dag.py
[2026-04-28T19:23:59.884+0200] {processor.py:840} INFO - DAG(s) 'example_nested_branch_dag' retrieved from /Users/pablofrancoherrero/prueba_tecnica/venv/lib/python3.11/site-packages/airflow/example_dags/example_nested_branch_dag.py
[2026-04-28T19:23:59.909+0200] {logging_mixin.py:188} INFO - [2026-04-28T19:23:59.909+0200] {dag.py:3096} INFO - Sync 1 DAGs
[2026-04-28T19:23:59.914+0200] {logging_mixin.py:188} INFO - [2026-04-28T19:23:59.914+0200] {dag.py:3954} INFO - Setting next_dagrun for example_nested_branch_dag to 2026-04-27 00:00:00+00:00, run_after=2026-04-28 00:00:00+00:00
[2026-04-28T19:23:59.918+0200] {processor.py:183} INFO - Processing /Users/pablofrancoherrero/prueba_tecnica/venv/lib/python3.11/site-packages/airflow/example_dags/example_nested_branch_dag.py took 0.048 seconds
[2026-04-28T19:25:19.670+0200] {processor.py:161} INFO - Started process (PID=50610) to work on /Users/pablofrancoherrero/prueba_tecnica/venv/lib/python3.11/site-packages/airflow/example_dags/example_nested_branch_dag.py
[2026-04-28T19:25:19.671+0200] {processor.py:830} INFO - Processing file /Users/pablofrancoherrero/prueba_tecnica/venv/lib/python3.11/site-packages/airflow/example_dags/example_nested_branch_dag.py for tasks to queue
[2026-04-28T19:25:19.671+0200] {logging_mixin.py:188} INFO - [2026-04-28T19:25:19.671+0200] {dagbag.py:540} INFO - Filling up the DagBag from /Users/pablofrancoherrero/prueba_tecnica/venv/lib/python3.11/site-packages/airflow/example_dags/example_nested_branch_dag.py
[2026-04-28T19:25:19.683+0200] {processor.py:840} INFO - DAG(s) 'example_nested_branch_dag' retrieved from /Users/pablofrancoherrero/prueba_tecnica/venv/lib/python3.11/site-packages/airflow/example_dags/example_nested_branch_dag.py
[2026-04-28T19:25:19.709+0200] {logging_mixin.py:188} INFO - [2026-04-28T19:25:19.708+0200] {dag.py:3096} INFO - Sync 1 DAGs
[2026-04-28T19:25:19.713+0200] {logging_mixin.py:188} INFO - [2026-04-28T19:25:19.713+0200] {dag.py:3954} INFO - Setting next_dagrun for example_nested_branch_dag to 2026-04-27 00:00:00+00:00, run_after=2026-04-28 00:00:00+00:00
[2026-04-28T19:25:19.718+0200] {processor.py:183} INFO - Processing /Users/pablofrancoherrero/prueba_tecnica/venv/lib/python3.11/site-packages/airflow/example_dags/example_nested_branch_dag.py took 0.049 seconds
[2026-04-28T19:26:39.969+0200] {processor.py:161} INFO - Started process (PID=50712) to work on /Users/pablofrancoherrero/prueba_tecnica/venv/lib/python3.11/site-packages/airflow/example_dags/example_nested_branch_dag.py
[2026-04-28T19:26:39.970+0200] {processor.py:830} INFO - Processing file /Users/pablofrancoherrero/prueba_tecnica/venv/lib/python3.11/site-packages/airflow/example_dags/example_nested_branch_dag.py for tasks to queue
[2026-04-28T19:26:39.971+0200] {logging_mixin.py:188} INFO - [2026-04-28T19:26:39.971+0200] {dagbag.py:540} INFO - Filling up the DagBag from /Users/pablofrancoherrero/prueba_tecnica/venv/lib/python3.11/site-packages/airflow/example_dags/example_nested_branch_dag.py
[2026-04-28T19:26:39.983+0200] {processor.py:840} INFO - DAG(s) 'example_nested_branch_dag' retrieved from /Users/pablofrancoherrero/prueba_tecnica/venv/lib/python3.11/site-packages/airflow/example_dags/example_nested_branch_dag.py
[2026-04-28T19:26:40.008+0200] {logging_mixin.py:188} INFO - [2026-04-28T19:26:40.008+0200] {dag.py:3096} INFO - Sync 1 DAGs
[2026-04-28T19:26:40.013+0200] {logging_mixin.py:188} INFO - [2026-04-28T19:26:40.013+0200] {dag.py:3954} INFO - Setting next_dagrun for example_nested_branch_dag to 2026-04-27 00:00:00+00:00, run_after=2026-04-28 00:00:00+00:00
[2026-04-28T19:26:40.017+0200] {processor.py:183} INFO - Processing /Users/pablofrancoherrero/prueba_tecnica/venv/lib/python3.11/site-packages/airflow/example_dags/example_nested_branch_dag.py took 0.049 seconds
[2026-04-28T19:28:00.714+0200] {processor.py:161} INFO - Started process (PID=50806) to work on /Users/pablofrancoherrero/prueba_tecnica/venv/lib/python3.11/site-packages/airflow/example_dags/example_nested_branch_dag.py
[2026-04-28T19:28:00.715+0200] {processor.py:830} INFO - Processing file /Users/pablofrancoherrero/prueba_tecnica/venv/lib/python3.11/site-packages/airflow/example_dags/example_nested_branch_dag.py for tasks to queue
[2026-04-28T19:28:00.715+0200] {logging_mixin.py:188} INFO - [2026-04-28T19:28:00.715+0200] {dagbag.py:540} INFO - Filling up the DagBag from /Users/pablofrancoherrero/prueba_tecnica/venv/lib/python3.11/site-packages/airflow/example_dags/example_nested_branch_dag.py
[2026-04-28T19:28:00.727+0200] {processor.py:840} INFO - DAG(s) 'example_nested_branch_dag' retrieved from /Users/pablofrancoherrero/prueba_tecnica/venv/lib/python3.11/site-packages/airflow/example_dags/example_nested_branch_dag.py
[2026-04-28T19:28:00.754+0200] {logging_mixin.py:188} INFO - [2026-04-28T19:28:00.754+0200] {dag.py:3096} INFO - Sync 1 DAGs
[2026-04-28T19:28:00.759+0200] {logging_mixin.py:188} INFO - [2026-04-28T19:28:00.759+0200] {dag.py:3954} INFO - Setting next_dagrun for example_nested_branch_dag to 2026-04-27 00:00:00+00:00, run_after=2026-04-28 00:00:00+00:00
[2026-04-28T19:28:00.764+0200] {processor.py:183} INFO - Processing /Users/pablofrancoherrero/prueba_tecnica/venv/lib/python3.11/site-packages/airflow/example_dags/example_nested_branch_dag.py took 0.051 seconds
[2026-04-28T19:29:22.124+0200] {processor.py:161} INFO - Started process (PID=50908) to work on /Users/pablofrancoherrero/prueba_tecnica/venv/lib/python3.11/site-packages/airflow/example_dags/example_nested_branch_dag.py
[2026-04-28T19:29:22.125+0200] {processor.py:830} INFO - Processing file /Users/pablofrancoherrero/prueba_tecnica/venv/lib/python3.11/site-packages/airflow/example_dags/example_nested_branch_dag.py for tasks to queue
[2026-04-28T19:29:22.125+0200] {logging_mixin.py:188} INFO - [2026-04-28T19:29:22.125+0200] {dagbag.py:540} INFO - Filling up the DagBag from /Users/pablofrancoherrero/prueba_tecnica/venv/lib/python3.11/site-packages/airflow/example_dags/example_nested_branch_dag.py
[2026-04-28T19:29:22.138+0200] {processor.py:840} INFO - DAG(s) 'example_nested_branch_dag' retrieved from /Users/pablofrancoherrero/prueba_tecnica/venv/lib/python3.11/site-packages/airflow/example_dags/example_nested_branch_dag.py
[2026-04-28T19:29:22.165+0200] {logging_mixin.py:188} INFO - [2026-04-28T19:29:22.165+0200] {dag.py:3096} INFO - Sync 1 DAGs
[2026-04-28T19:29:22.170+0200] {logging_mixin.py:188} INFO - [2026-04-28T19:29:22.170+0200] {dag.py:3954} INFO - Setting next_dagrun for example_nested_branch_dag to 2026-04-27 00:00:00+00:00, run_after=2026-04-28 00:00:00+00:00
[2026-04-28T19:29:22.175+0200] {processor.py:183} INFO - Processing /Users/pablofrancoherrero/prueba_tecnica/venv/lib/python3.11/site-packages/airflow/example_dags/example_nested_branch_dag.py took 0.052 seconds
[2026-04-28T19:30:45.576+0200] {processor.py:161} INFO - Started process (PID=51006) to work on /Users/pablofrancoherrero/prueba_tecnica/venv/lib/python3.11/site-packages/airflow/example_dags/example_nested_branch_dag.py
[2026-04-28T19:30:45.576+0200] {processor.py:830} INFO - Processing file /Users/pablofrancoherrero/prueba_tecnica/venv/lib/python3.11/site-packages/airflow/example_dags/example_nested_branch_dag.py for tasks to queue
[2026-04-28T19:30:45.576+0200] {logging_mixin.py:188} INFO - [2026-04-28T19:30:45.576+0200] {dagbag.py:540} INFO - Filling up the DagBag from /Users/pablofrancoherrero/prueba_tecnica/venv/lib/python3.11/site-packages/airflow/example_dags/example_nested_branch_dag.py
[2026-04-28T19:30:45.588+0200] {processor.py:840} INFO - DAG(s) 'example_nested_branch_dag' retrieved from /Users/pablofrancoherrero/prueba_tecnica/venv/lib/python3.11/site-packages/airflow/example_dags/example_nested_branch_dag.py
[2026-04-28T19:30:45.615+0200] {logging_mixin.py:188} INFO - [2026-04-28T19:30:45.615+0200] {dag.py:3096} INFO - Sync 1 DAGs
[2026-04-28T19:30:45.619+0200] {logging_mixin.py:188} INFO - [2026-04-28T19:30:45.619+0200] {dag.py:3954} INFO - Setting next_dagrun for example_nested_branch_dag to 2026-04-27 00:00:00+00:00, run_after=2026-04-28 00:00:00+00:00
[2026-04-28T19:30:45.624+0200] {processor.py:183} INFO - Processing /Users/pablofrancoherrero/prueba_tecnica/venv/lib/python3.11/site-packages/airflow/example_dags/example_nested_branch_dag.py took 0.049 seconds
[2026-04-28T19:32:05.240+0200] {processor.py:161} INFO - Started process (PID=51095) to work on /Users/pablofrancoherrero/prueba_tecnica/venv/lib/python3.11/site-packages/airflow/example_dags/example_nested_branch_dag.py
[2026-04-28T19:32:05.241+0200] {processor.py:830} INFO - Processing file /Users/pablofrancoherrero/prueba_tecnica/venv/lib/python3.11/site-packages/airflow/example_dags/example_nested_branch_dag.py for tasks to queue
[2026-04-28T19:32:05.242+0200] {logging_mixin.py:188} INFO - [2026-04-28T19:32:05.242+0200] {dagbag.py:540} INFO - Filling up the DagBag from /Users/pablofrancoherrero/prueba_tecnica/venv/lib/python3.11/site-packages/airflow/example_dags/example_nested_branch_dag.py
[2026-04-28T19:32:05.254+0200] {processor.py:840} INFO - DAG(s) 'example_nested_branch_dag' retrieved from /Users/pablofrancoherrero/prueba_tecnica/venv/lib/python3.11/site-packages/airflow/example_dags/example_nested_branch_dag.py
[2026-04-28T19:32:05.281+0200] {logging_mixin.py:188} INFO - [2026-04-28T19:32:05.280+0200] {dag.py:3096} INFO - Sync 1 DAGs
[2026-04-28T19:32:05.285+0200] {logging_mixin.py:188} INFO - [2026-04-28T19:32:05.285+0200] {dag.py:3954} INFO - Setting next_dagrun for example_nested_branch_dag to 2026-04-27 00:00:00+00:00, run_after=2026-04-28 00:00:00+00:00
[2026-04-28T19:32:05.290+0200] {processor.py:183} INFO - Processing /Users/pablofrancoherrero/prueba_tecnica/venv/lib/python3.11/site-packages/airflow/example_dags/example_nested_branch_dag.py took 0.051 seconds
[2026-04-28T19:33:25.555+0200] {processor.py:161} INFO - Started process (PID=51195) to work on /Users/pablofrancoherrero/prueba_tecnica/venv/lib/python3.11/site-packages/airflow/example_dags/example_nested_branch_dag.py
[2026-04-28T19:33:25.556+0200] {processor.py:830} INFO - Processing file /Users/pablofrancoherrero/prueba_tecnica/venv/lib/python3.11/site-packages/airflow/example_dags/example_nested_branch_dag.py for tasks to queue
[2026-04-28T19:33:25.556+0200] {logging_mixin.py:188} INFO - [2026-04-28T19:33:25.556+0200] {dagbag.py:540} INFO - Filling up the DagBag from /Users/pablofrancoherrero/prueba_tecnica/venv/lib/python3.11/site-packages/airflow/example_dags/example_nested_branch_dag.py
[2026-04-28T19:33:25.568+0200] {processor.py:840} INFO - DAG(s) 'example_nested_branch_dag' retrieved from /Users/pablofrancoherrero/prueba_tecnica/venv/lib/python3.11/site-packages/airflow/example_dags/example_nested_branch_dag.py
[2026-04-28T19:33:25.595+0200] {logging_mixin.py:188} INFO - [2026-04-28T19:33:25.595+0200] {dag.py:3096} INFO - Sync 1 DAGs
[2026-04-28T19:33:25.599+0200] {logging_mixin.py:188} INFO - [2026-04-28T19:33:25.599+0200] {dag.py:3954} INFO - Setting next_dagrun for example_nested_branch_dag to 2026-04-27 00:00:00+00:00, run_after=2026-04-28 00:00:00+00:00
[2026-04-28T19:33:25.604+0200] {processor.py:183} INFO - Processing /Users/pablofrancoherrero/prueba_tecnica/venv/lib/python3.11/site-packages/airflow/example_dags/example_nested_branch_dag.py took 0.050 seconds
[2026-04-28T19:34:49.153+0200] {processor.py:161} INFO - Started process (PID=51307) to work on /Users/pablofrancoherrero/prueba_tecnica/venv/lib/python3.11/site-packages/airflow/example_dags/example_nested_branch_dag.py
[2026-04-28T19:34:49.153+0200] {processor.py:830} INFO - Processing file /Users/pablofrancoherrero/prueba_tecnica/venv/lib/python3.11/site-packages/airflow/example_dags/example_nested_branch_dag.py for tasks to queue
[2026-04-28T19:34:49.154+0200] {logging_mixin.py:188} INFO - [2026-04-28T19:34:49.154+0200] {dagbag.py:540} INFO - Filling up the DagBag from /Users/pablofrancoherrero/prueba_tecnica/venv/lib/python3.11/site-packages/airflow/example_dags/example_nested_branch_dag.py
[2026-04-28T19:34:49.166+0200] {processor.py:840} INFO - DAG(s) 'example_nested_branch_dag' retrieved from /Users/pablofrancoherrero/prueba_tecnica/venv/lib/python3.11/site-packages/airflow/example_dags/example_nested_branch_dag.py
[2026-04-28T19:34:49.193+0200] {logging_mixin.py:188} INFO - [2026-04-28T19:34:49.193+0200] {dag.py:3096} INFO - Sync 1 DAGs
[2026-04-28T19:34:49.198+0200] {logging_mixin.py:188} INFO - [2026-04-28T19:34:49.198+0200] {dag.py:3954} INFO - Setting next_dagrun for example_nested_branch_dag to 2026-04-27 00:00:00+00:00, run_after=2026-04-28 00:00:00+00:00
[2026-04-28T19:34:49.203+0200] {processor.py:183} INFO - Processing /Users/pablofrancoherrero/prueba_tecnica/venv/lib/python3.11/site-packages/airflow/example_dags/example_nested_branch_dag.py took 0.051 seconds
[2026-04-28T19:36:09.157+0200] {processor.py:161} INFO - Started process (PID=51408) to work on /Users/pablofrancoherrero/prueba_tecnica/venv/lib/python3.11/site-packages/airflow/example_dags/example_nested_branch_dag.py
[2026-04-28T19:36:09.158+0200] {processor.py:830} INFO - Processing file /Users/pablofrancoherrero/prueba_tecnica/venv/lib/python3.11/site-packages/airflow/example_dags/example_nested_branch_dag.py for tasks to queue
[2026-04-28T19:36:09.158+0200] {logging_mixin.py:188} INFO - [2026-04-28T19:36:09.158+0200] {dagbag.py:540} INFO - Filling up the DagBag from /Users/pablofrancoherrero/prueba_tecnica/venv/lib/python3.11/site-packages/airflow/example_dags/example_nested_branch_dag.py
[2026-04-28T19:36:09.170+0200] {processor.py:840} INFO - DAG(s) 'example_nested_branch_dag' retrieved from /Users/pablofrancoherrero/prueba_tecnica/venv/lib/python3.11/site-packages/airflow/example_dags/example_nested_branch_dag.py
[2026-04-28T19:36:09.197+0200] {logging_mixin.py:188} INFO - [2026-04-28T19:36:09.197+0200] {dag.py:3096} INFO - Sync 1 DAGs
[2026-04-28T19:36:09.202+0200] {logging_mixin.py:188} INFO - [2026-04-28T19:36:09.202+0200] {dag.py:3954} INFO - Setting next_dagrun for example_nested_branch_dag to 2026-04-27 00:00:00+00:00, run_after=2026-04-28 00:00:00+00:00
[2026-04-28T19:36:09.206+0200] {processor.py:183} INFO - Processing /Users/pablofrancoherrero/prueba_tecnica/venv/lib/python3.11/site-packages/airflow/example_dags/example_nested_branch_dag.py took 0.050 seconds
[2026-04-28T19:37:25.913+0200] {processor.py:161} INFO - Started process (PID=51518) to work on /Users/pablofrancoherrero/prueba_tecnica/venv/lib/python3.11/site-packages/airflow/example_dags/example_nested_branch_dag.py
[2026-04-28T19:37:25.913+0200] {processor.py:830} INFO - Processing file /Users/pablofrancoherrero/prueba_tecnica/venv/lib/python3.11/site-packages/airflow/example_dags/example_nested_branch_dag.py for tasks to queue
[2026-04-28T19:37:25.914+0200] {logging_mixin.py:188} INFO - [2026-04-28T19:37:25.914+0200] {dagbag.py:540} INFO - Filling up the DagBag from /Users/pablofrancoherrero/prueba_tecnica/venv/lib/python3.11/site-packages/airflow/example_dags/example_nested_branch_dag.py
[2026-04-28T19:37:25.926+0200] {processor.py:840} INFO - DAG(s) 'example_nested_branch_dag' retrieved from /Users/pablofrancoherrero/prueba_tecnica/venv/lib/python3.11/site-packages/airflow/example_dags/example_nested_branch_dag.py
[2026-04-28T19:37:25.954+0200] {logging_mixin.py:188} INFO - [2026-04-28T19:37:25.954+0200] {dag.py:3096} INFO - Sync 1 DAGs
[2026-04-28T19:37:25.959+0200] {logging_mixin.py:188} INFO - [2026-04-28T19:37:25.959+0200] {dag.py:3954} INFO - Setting next_dagrun for example_nested_branch_dag to 2026-04-27 00:00:00+00:00, run_after=2026-04-28 00:00:00+00:00
[2026-04-28T19:37:25.963+0200] {processor.py:183} INFO - Processing /Users/pablofrancoherrero/prueba_tecnica/venv/lib/python3.11/site-packages/airflow/example_dags/example_nested_branch_dag.py took 0.051 seconds
[2026-04-28T19:38:50.118+0200] {processor.py:161} INFO - Started process (PID=51606) to work on /Users/pablofrancoherrero/prueba_tecnica/venv/lib/python3.11/site-packages/airflow/example_dags/example_nested_branch_dag.py
[2026-04-28T19:38:50.119+0200] {processor.py:830} INFO - Processing file /Users/pablofrancoherrero/prueba_tecnica/venv/lib/python3.11/site-packages/airflow/example_dags/example_nested_branch_dag.py for tasks to queue
[2026-04-28T19:38:50.119+0200] {logging_mixin.py:188} INFO - [2026-04-28T19:38:50.119+0200] {dagbag.py:540} INFO - Filling up the DagBag from /Users/pablofrancoherrero/prueba_tecnica/venv/lib/python3.11/site-packages/airflow/example_dags/example_nested_branch_dag.py
[2026-04-28T19:38:50.132+0200] {processor.py:840} INFO - DAG(s) 'example_nested_branch_dag' retrieved from /Users/pablofrancoherrero/prueba_tecnica/venv/lib/python3.11/site-packages/airflow/example_dags/example_nested_branch_dag.py
[2026-04-28T19:38:50.159+0200] {logging_mixin.py:188} INFO - [2026-04-28T19:38:50.159+0200] {dag.py:3096} INFO - Sync 1 DAGs
[2026-04-28T19:38:50.164+0200] {logging_mixin.py:188} INFO - [2026-04-28T19:38:50.164+0200] {dag.py:3954} INFO - Setting next_dagrun for example_nested_branch_dag to 2026-04-27 00:00:00+00:00, run_after=2026-04-28 00:00:00+00:00
[2026-04-28T19:38:50.169+0200] {processor.py:183} INFO - Processing /Users/pablofrancoherrero/prueba_tecnica/venv/lib/python3.11/site-packages/airflow/example_dags/example_nested_branch_dag.py took 0.052 seconds
[2026-04-28T19:40:10.225+0200] {processor.py:161} INFO - Started process (PID=51733) to work on /Users/pablofrancoherrero/prueba_tecnica/venv/lib/python3.11/site-packages/airflow/example_dags/example_nested_branch_dag.py
[2026-04-28T19:40:10.226+0200] {processor.py:830} INFO - Processing file /Users/pablofrancoherrero/prueba_tecnica/venv/lib/python3.11/site-packages/airflow/example_dags/example_nested_branch_dag.py for tasks to queue
[2026-04-28T19:40:10.226+0200] {logging_mixin.py:188} INFO - [2026-04-28T19:40:10.226+0200] {dagbag.py:540} INFO - Filling up the DagBag from /Users/pablofrancoherrero/prueba_tecnica/venv/lib/python3.11/site-packages/airflow/example_dags/example_nested_branch_dag.py
[2026-04-28T19:40:10.238+0200] {processor.py:840} INFO - DAG(s) 'example_nested_branch_dag' retrieved from /Users/pablofrancoherrero/prueba_tecnica/venv/lib/python3.11/site-packages/airflow/example_dags/example_nested_branch_dag.py
[2026-04-28T19:40:10.263+0200] {logging_mixin.py:188} INFO - [2026-04-28T19:40:10.263+0200] {dag.py:3096} INFO - Sync 1 DAGs
[2026-04-28T19:40:10.268+0200] {logging_mixin.py:188} INFO - [2026-04-28T19:40:10.268+0200] {dag.py:3954} INFO - Setting next_dagrun for example_nested_branch_dag to 2026-04-27 00:00:00+00:00, run_after=2026-04-28 00:00:00+00:00
[2026-04-28T19:40:10.273+0200] {processor.py:183} INFO - Processing /Users/pablofrancoherrero/prueba_tecnica/venv/lib/python3.11/site-packages/airflow/example_dags/example_nested_branch_dag.py took 0.049 seconds
[2026-04-28T19:41:31.164+0200] {processor.py:161} INFO - Started process (PID=51842) to work on /Users/pablofrancoherrero/prueba_tecnica/venv/lib/python3.11/site-packages/airflow/example_dags/example_nested_branch_dag.py
[2026-04-28T19:41:31.165+0200] {processor.py:830} INFO - Processing file /Users/pablofrancoherrero/prueba_tecnica/venv/lib/python3.11/site-packages/airflow/example_dags/example_nested_branch_dag.py for tasks to queue
[2026-04-28T19:41:31.165+0200] {logging_mixin.py:188} INFO - [2026-04-28T19:41:31.165+0200] {dagbag.py:540} INFO - Filling up the DagBag from /Users/pablofrancoherrero/prueba_tecnica/venv/lib/python3.11/site-packages/airflow/example_dags/example_nested_branch_dag.py
[2026-04-28T19:41:31.177+0200] {processor.py:840} INFO - DAG(s) 'example_nested_branch_dag' retrieved from /Users/pablofrancoherrero/prueba_tecnica/venv/lib/python3.11/site-packages/airflow/example_dags/example_nested_branch_dag.py
[2026-04-28T19:41:31.203+0200] {logging_mixin.py:188} INFO - [2026-04-28T19:41:31.203+0200] {dag.py:3096} INFO - Sync 1 DAGs
[2026-04-28T19:41:31.207+0200] {logging_mixin.py:188} INFO - [2026-04-28T19:41:31.207+0200] {dag.py:3954} INFO - Setting next_dagrun for example_nested_branch_dag to 2026-04-27 00:00:00+00:00, run_after=2026-04-28 00:00:00+00:00
[2026-04-28T19:41:31.212+0200] {processor.py:183} INFO - Processing /Users/pablofrancoherrero/prueba_tecnica/venv/lib/python3.11/site-packages/airflow/example_dags/example_nested_branch_dag.py took 0.049 seconds
[2026-04-28T19:42:53.192+0200] {processor.py:161} INFO - Started process (PID=51914) to work on /Users/pablofrancoherrero/prueba_tecnica/venv/lib/python3.11/site-packages/airflow/example_dags/example_nested_branch_dag.py
[2026-04-28T19:42:53.193+0200] {processor.py:830} INFO - Processing file /Users/pablofrancoherrero/prueba_tecnica/venv/lib/python3.11/site-packages/airflow/example_dags/example_nested_branch_dag.py for tasks to queue
[2026-04-28T19:42:53.193+0200] {logging_mixin.py:188} INFO - [2026-04-28T19:42:53.193+0200] {dagbag.py:540} INFO - Filling up the DagBag from /Users/pablofrancoherrero/prueba_tecnica/venv/lib/python3.11/site-packages/airflow/example_dags/example_nested_branch_dag.py
[2026-04-28T19:42:53.205+0200] {processor.py:840} INFO - DAG(s) 'example_nested_branch_dag' retrieved from /Users/pablofrancoherrero/prueba_tecnica/venv/lib/python3.11/site-packages/airflow/example_dags/example_nested_branch_dag.py
[2026-04-28T19:42:53.230+0200] {logging_mixin.py:188} INFO - [2026-04-28T19:42:53.230+0200] {dag.py:3096} INFO - Sync 1 DAGs
[2026-04-28T19:42:53.235+0200] {logging_mixin.py:188} INFO - [2026-04-28T19:42:53.235+0200] {dag.py:3954} INFO - Setting next_dagrun for example_nested_branch_dag to 2026-04-27 00:00:00+00:00, run_after=2026-04-28 00:00:00+00:00
[2026-04-28T19:42:53.239+0200] {processor.py:183} INFO - Processing /Users/pablofrancoherrero/prueba_tecnica/venv/lib/python3.11/site-packages/airflow/example_dags/example_nested_branch_dag.py took 0.048 seconds
[2026-04-28T19:44:15.998+0200] {processor.py:161} INFO - Started process (PID=52028) to work on /Users/pablofrancoherrero/prueba_tecnica/venv/lib/python3.11/site-packages/airflow/example_dags/example_nested_branch_dag.py
[2026-04-28T19:44:15.999+0200] {processor.py:830} INFO - Processing file /Users/pablofrancoherrero/prueba_tecnica/venv/lib/python3.11/site-packages/airflow/example_dags/example_nested_branch_dag.py for tasks to queue
[2026-04-28T19:44:15.999+0200] {logging_mixin.py:188} INFO - [2026-04-28T19:44:15.999+0200] {dagbag.py:540} INFO - Filling up the DagBag from /Users/pablofrancoherrero/prueba_tecnica/venv/lib/python3.11/site-packages/airflow/example_dags/example_nested_branch_dag.py
[2026-04-28T19:44:16.012+0200] {processor.py:840} INFO - DAG(s) 'example_nested_branch_dag' retrieved from /Users/pablofrancoherrero/prueba_tecnica/venv/lib/python3.11/site-packages/airflow/example_dags/example_nested_branch_dag.py
[2026-04-28T19:44:16.038+0200] {logging_mixin.py:188} INFO - [2026-04-28T19:44:16.038+0200] {dag.py:3096} INFO - Sync 1 DAGs
[2026-04-28T19:44:16.043+0200] {logging_mixin.py:188} INFO - [2026-04-28T19:44:16.043+0200] {dag.py:3954} INFO - Setting next_dagrun for example_nested_branch_dag to 2026-04-27 00:00:00+00:00, run_after=2026-04-28 00:00:00+00:00
[2026-04-28T19:44:16.048+0200] {processor.py:183} INFO - Processing /Users/pablofrancoherrero/prueba_tecnica/venv/lib/python3.11/site-packages/airflow/example_dags/example_nested_branch_dag.py took 0.050 seconds
[2026-04-28T19:45:38.883+0200] {processor.py:161} INFO - Started process (PID=52145) to work on /Users/pablofrancoherrero/prueba_tecnica/venv/lib/python3.11/site-packages/airflow/example_dags/example_nested_branch_dag.py
[2026-04-28T19:45:38.884+0200] {processor.py:830} INFO - Processing file /Users/pablofrancoherrero/prueba_tecnica/venv/lib/python3.11/site-packages/airflow/example_dags/example_nested_branch_dag.py for tasks to queue
[2026-04-28T19:45:38.884+0200] {logging_mixin.py:188} INFO - [2026-04-28T19:45:38.884+0200] {dagbag.py:540} INFO - Filling up the DagBag from /Users/pablofrancoherrero/prueba_tecnica/venv/lib/python3.11/site-packages/airflow/example_dags/example_nested_branch_dag.py
[2026-04-28T19:45:38.915+0200] {processor.py:840} INFO - DAG(s) 'example_nested_branch_dag' retrieved from /Users/pablofrancoherrero/prueba_tecnica/venv/lib/python3.11/site-packages/airflow/example_dags/example_nested_branch_dag.py
[2026-04-28T19:45:38.973+0200] {logging_mixin.py:188} INFO - [2026-04-28T19:45:38.973+0200] {dag.py:3096} INFO - Sync 1 DAGs
[2026-04-28T19:45:38.981+0200] {logging_mixin.py:188} INFO - [2026-04-28T19:45:38.981+0200] {dag.py:3954} INFO - Setting next_dagrun for example_nested_branch_dag to 2026-04-27 00:00:00+00:00, run_after=2026-04-28 00:00:00+00:00
[2026-04-28T19:45:38.987+0200] {processor.py:183} INFO - Processing /Users/pablofrancoherrero/prueba_tecnica/venv/lib/python3.11/site-packages/airflow/example_dags/example_nested_branch_dag.py took 0.105 seconds
[2026-04-28T19:46:57.094+0200] {processor.py:161} INFO - Started process (PID=52261) to work on /Users/pablofrancoherrero/prueba_tecnica/venv/lib/python3.11/site-packages/airflow/example_dags/example_nested_branch_dag.py
[2026-04-28T19:46:57.095+0200] {processor.py:830} INFO - Processing file /Users/pablofrancoherrero/prueba_tecnica/venv/lib/python3.11/site-packages/airflow/example_dags/example_nested_branch_dag.py for tasks to queue
[2026-04-28T19:46:57.095+0200] {logging_mixin.py:188} INFO - [2026-04-28T19:46:57.095+0200] {dagbag.py:540} INFO - Filling up the DagBag from /Users/pablofrancoherrero/prueba_tecnica/venv/lib/python3.11/site-packages/airflow/example_dags/example_nested_branch_dag.py
[2026-04-28T19:46:57.108+0200] {processor.py:840} INFO - DAG(s) 'example_nested_branch_dag' retrieved from /Users/pablofrancoherrero/prueba_tecnica/venv/lib/python3.11/site-packages/airflow/example_dags/example_nested_branch_dag.py
[2026-04-28T19:46:57.135+0200] {logging_mixin.py:188} INFO - [2026-04-28T19:46:57.135+0200] {dag.py:3096} INFO - Sync 1 DAGs
[2026-04-28T19:46:57.140+0200] {logging_mixin.py:188} INFO - [2026-04-28T19:46:57.140+0200] {dag.py:3954} INFO - Setting next_dagrun for example_nested_branch_dag to 2026-04-27 00:00:00+00:00, run_after=2026-04-28 00:00:00+00:00
[2026-04-28T19:46:57.145+0200] {processor.py:183} INFO - Processing /Users/pablofrancoherrero/prueba_tecnica/venv/lib/python3.11/site-packages/airflow/example_dags/example_nested_branch_dag.py took 0.052 seconds
[2026-04-28T19:48:17.490+0200] {processor.py:161} INFO - Started process (PID=52357) to work on /Users/pablofrancoherrero/prueba_tecnica/venv/lib/python3.11/site-packages/airflow/example_dags/example_nested_branch_dag.py
[2026-04-28T19:48:17.491+0200] {processor.py:830} INFO - Processing file /Users/pablofrancoherrero/prueba_tecnica/venv/lib/python3.11/site-packages/airflow/example_dags/example_nested_branch_dag.py for tasks to queue
[2026-04-28T19:48:17.491+0200] {logging_mixin.py:188} INFO - [2026-04-28T19:48:17.491+0200] {dagbag.py:540} INFO - Filling up the DagBag from /Users/pablofrancoherrero/prueba_tecnica/venv/lib/python3.11/site-packages/airflow/example_dags/example_nested_branch_dag.py
[2026-04-28T19:48:17.504+0200] {processor.py:840} INFO - DAG(s) 'example_nested_branch_dag' retrieved from /Users/pablofrancoherrero/prueba_tecnica/venv/lib/python3.11/site-packages/airflow/example_dags/example_nested_branch_dag.py
[2026-04-28T19:48:17.532+0200] {logging_mixin.py:188} INFO - [2026-04-28T19:48:17.532+0200] {dag.py:3096} INFO - Sync 1 DAGs
[2026-04-28T19:48:17.537+0200] {logging_mixin.py:188} INFO - [2026-04-28T19:48:17.537+0200] {dag.py:3954} INFO - Setting next_dagrun for example_nested_branch_dag to 2026-04-27 00:00:00+00:00, run_after=2026-04-28 00:00:00+00:00
[2026-04-28T19:48:17.541+0200] {processor.py:183} INFO - Processing /Users/pablofrancoherrero/prueba_tecnica/venv/lib/python3.11/site-packages/airflow/example_dags/example_nested_branch_dag.py took 0.053 seconds
[2026-04-28T19:49:37.465+0200] {processor.py:161} INFO - Started process (PID=52457) to work on /Users/pablofrancoherrero/prueba_tecnica/venv/lib/python3.11/site-packages/airflow/example_dags/example_nested_branch_dag.py
[2026-04-28T19:49:37.466+0200] {processor.py:830} INFO - Processing file /Users/pablofrancoherrero/prueba_tecnica/venv/lib/python3.11/site-packages/airflow/example_dags/example_nested_branch_dag.py for tasks to queue
[2026-04-28T19:49:37.466+0200] {logging_mixin.py:188} INFO - [2026-04-28T19:49:37.466+0200] {dagbag.py:540} INFO - Filling up the DagBag from /Users/pablofrancoherrero/prueba_tecnica/venv/lib/python3.11/site-packages/airflow/example_dags/example_nested_branch_dag.py
[2026-04-28T19:49:37.480+0200] {processor.py:840} INFO - DAG(s) 'example_nested_branch_dag' retrieved from /Users/pablofrancoherrero/prueba_tecnica/venv/lib/python3.11/site-packages/airflow/example_dags/example_nested_branch_dag.py
[2026-04-28T19:49:37.506+0200] {logging_mixin.py:188} INFO - [2026-04-28T19:49:37.506+0200] {dag.py:3096} INFO - Sync 1 DAGs
[2026-04-28T19:49:37.511+0200] {logging_mixin.py:188} INFO - [2026-04-28T19:49:37.511+0200] {dag.py:3954} INFO - Setting next_dagrun for example_nested_branch_dag to 2026-04-27 00:00:00+00:00, run_after=2026-04-28 00:00:00+00:00
[2026-04-28T19:49:37.516+0200] {processor.py:183} INFO - Processing /Users/pablofrancoherrero/prueba_tecnica/venv/lib/python3.11/site-packages/airflow/example_dags/example_nested_branch_dag.py took 0.051 seconds
[2026-04-28T19:51:00.417+0200] {processor.py:161} INFO - Started process (PID=52560) to work on /Users/pablofrancoherrero/prueba_tecnica/venv/lib/python3.11/site-packages/airflow/example_dags/example_nested_branch_dag.py
[2026-04-28T19:51:00.419+0200] {processor.py:830} INFO - Processing file /Users/pablofrancoherrero/prueba_tecnica/venv/lib/python3.11/site-packages/airflow/example_dags/example_nested_branch_dag.py for tasks to queue
[2026-04-28T19:51:00.419+0200] {logging_mixin.py:188} INFO - [2026-04-28T19:51:00.419+0200] {dagbag.py:540} INFO - Filling up the DagBag from /Users/pablofrancoherrero/prueba_tecnica/venv/lib/python3.11/site-packages/airflow/example_dags/example_nested_branch_dag.py
[2026-04-28T19:51:00.432+0200] {processor.py:840} INFO - DAG(s) 'example_nested_branch_dag' retrieved from /Users/pablofrancoherrero/prueba_tecnica/venv/lib/python3.11/site-packages/airflow/example_dags/example_nested_branch_dag.py
[2026-04-28T19:51:00.459+0200] {logging_mixin.py:188} INFO - [2026-04-28T19:51:00.459+0200] {dag.py:3096} INFO - Sync 1 DAGs
[2026-04-28T19:51:00.464+0200] {logging_mixin.py:188} INFO - [2026-04-28T19:51:00.463+0200] {dag.py:3954} INFO - Setting next_dagrun for example_nested_branch_dag to 2026-04-27 00:00:00+00:00, run_after=2026-04-28 00:00:00+00:00
[2026-04-28T19:51:00.468+0200] {processor.py:183} INFO - Processing /Users/pablofrancoherrero/prueba_tecnica/venv/lib/python3.11/site-packages/airflow/example_dags/example_nested_branch_dag.py took 0.052 seconds
[2026-04-28T19:52:20.238+0200] {processor.py:161} INFO - Started process (PID=52631) to work on /Users/pablofrancoherrero/prueba_tecnica/venv/lib/python3.11/site-packages/airflow/example_dags/example_nested_branch_dag.py
[2026-04-28T19:52:20.239+0200] {processor.py:830} INFO - Processing file /Users/pablofrancoherrero/prueba_tecnica/venv/lib/python3.11/site-packages/airflow/example_dags/example_nested_branch_dag.py for tasks to queue
[2026-04-28T19:52:20.240+0200] {logging_mixin.py:188} INFO - [2026-04-28T19:52:20.240+0200] {dagbag.py:540} INFO - Filling up the DagBag from /Users/pablofrancoherrero/prueba_tecnica/venv/lib/python3.11/site-packages/airflow/example_dags/example_nested_branch_dag.py
[2026-04-28T19:52:20.252+0200] {processor.py:840} INFO - DAG(s) 'example_nested_branch_dag' retrieved from /Users/pablofrancoherrero/prueba_tecnica/venv/lib/python3.11/site-packages/airflow/example_dags/example_nested_branch_dag.py
[2026-04-28T19:52:20.277+0200] {logging_mixin.py:188} INFO - [2026-04-28T19:52:20.277+0200] {dag.py:3096} INFO - Sync 1 DAGs
[2026-04-28T19:52:20.282+0200] {logging_mixin.py:188} INFO - [2026-04-28T19:52:20.282+0200] {dag.py:3954} INFO - Setting next_dagrun for example_nested_branch_dag to 2026-04-27 00:00:00+00:00, run_after=2026-04-28 00:00:00+00:00
[2026-04-28T19:52:20.287+0200] {processor.py:183} INFO - Processing /Users/pablofrancoherrero/prueba_tecnica/venv/lib/python3.11/site-packages/airflow/example_dags/example_nested_branch_dag.py took 0.050 seconds
[2026-04-28T19:53:41.468+0200] {processor.py:161} INFO - Started process (PID=52705) to work on /Users/pablofrancoherrero/prueba_tecnica/venv/lib/python3.11/site-packages/airflow/example_dags/example_nested_branch_dag.py
[2026-04-28T19:53:41.470+0200] {processor.py:830} INFO - Processing file /Users/pablofrancoherrero/prueba_tecnica/venv/lib/python3.11/site-packages/airflow/example_dags/example_nested_branch_dag.py for tasks to queue
[2026-04-28T19:53:41.470+0200] {logging_mixin.py:188} INFO - [2026-04-28T19:53:41.470+0200] {dagbag.py:540} INFO - Filling up the DagBag from /Users/pablofrancoherrero/prueba_tecnica/venv/lib/python3.11/site-packages/airflow/example_dags/example_nested_branch_dag.py
[2026-04-28T19:53:41.482+0200] {processor.py:840} INFO - DAG(s) 'example_nested_branch_dag' retrieved from /Users/pablofrancoherrero/prueba_tecnica/venv/lib/python3.11/site-packages/airflow/example_dags/example_nested_branch_dag.py
[2026-04-28T19:53:41.509+0200] {logging_mixin.py:188} INFO - [2026-04-28T19:53:41.509+0200] {dag.py:3096} INFO - Sync 1 DAGs
[2026-04-28T19:53:41.514+0200] {logging_mixin.py:188} INFO - [2026-04-28T19:53:41.514+0200] {dag.py:3954} INFO - Setting next_dagrun for example_nested_branch_dag to 2026-04-27 00:00:00+00:00, run_after=2026-04-28 00:00:00+00:00
[2026-04-28T19:53:41.519+0200] {processor.py:183} INFO - Processing /Users/pablofrancoherrero/prueba_tecnica/venv/lib/python3.11/site-packages/airflow/example_dags/example_nested_branch_dag.py took 0.051 seconds
[2026-04-28T19:55:00.485+0200] {processor.py:161} INFO - Started process (PID=52779) to work on /Users/pablofrancoherrero/prueba_tecnica/venv/lib/python3.11/site-packages/airflow/example_dags/example_nested_branch_dag.py
[2026-04-28T19:55:00.485+0200] {processor.py:830} INFO - Processing file /Users/pablofrancoherrero/prueba_tecnica/venv/lib/python3.11/site-packages/airflow/example_dags/example_nested_branch_dag.py for tasks to queue
[2026-04-28T19:55:00.485+0200] {logging_mixin.py:188} INFO - [2026-04-28T19:55:00.485+0200] {dagbag.py:540} INFO - Filling up the DagBag from /Users/pablofrancoherrero/prueba_tecnica/venv/lib/python3.11/site-packages/airflow/example_dags/example_nested_branch_dag.py
[2026-04-28T19:55:00.498+0200] {processor.py:840} INFO - DAG(s) 'example_nested_branch_dag' retrieved from /Users/pablofrancoherrero/prueba_tecnica/venv/lib/python3.11/site-packages/airflow/example_dags/example_nested_branch_dag.py
[2026-04-28T19:55:00.525+0200] {logging_mixin.py:188} INFO - [2026-04-28T19:55:00.525+0200] {dag.py:3096} INFO - Sync 1 DAGs
[2026-04-28T19:55:00.530+0200] {logging_mixin.py:188} INFO - [2026-04-28T19:55:00.530+0200] {dag.py:3954} INFO - Setting next_dagrun for example_nested_branch_dag to 2026-04-27 00:00:00+00:00, run_after=2026-04-28 00:00:00+00:00
[2026-04-28T19:55:00.534+0200] {processor.py:183} INFO - Processing /Users/pablofrancoherrero/prueba_tecnica/venv/lib/python3.11/site-packages/airflow/example_dags/example_nested_branch_dag.py took 0.051 seconds
[2026-04-28T19:56:25.316+0200] {processor.py:161} INFO - Started process (PID=52871) to work on /Users/pablofrancoherrero/prueba_tecnica/venv/lib/python3.11/site-packages/airflow/example_dags/example_nested_branch_dag.py
[2026-04-28T19:56:25.317+0200] {processor.py:830} INFO - Processing file /Users/pablofrancoherrero/prueba_tecnica/venv/lib/python3.11/site-packages/airflow/example_dags/example_nested_branch_dag.py for tasks to queue
[2026-04-28T19:56:25.317+0200] {logging_mixin.py:188} INFO - [2026-04-28T19:56:25.317+0200] {dagbag.py:540} INFO - Filling up the DagBag from /Users/pablofrancoherrero/prueba_tecnica/venv/lib/python3.11/site-packages/airflow/example_dags/example_nested_branch_dag.py
[2026-04-28T19:56:25.330+0200] {processor.py:840} INFO - DAG(s) 'example_nested_branch_dag' retrieved from /Users/pablofrancoherrero/prueba_tecnica/venv/lib/python3.11/site-packages/airflow/example_dags/example_nested_branch_dag.py
[2026-04-28T19:56:25.357+0200] {logging_mixin.py:188} INFO - [2026-04-28T19:56:25.357+0200] {dag.py:3096} INFO - Sync 1 DAGs
[2026-04-28T19:56:25.362+0200] {logging_mixin.py:188} INFO - [2026-04-28T19:56:25.362+0200] {dag.py:3954} INFO - Setting next_dagrun for example_nested_branch_dag to 2026-04-27 00:00:00+00:00, run_after=2026-04-28 00:00:00+00:00
[2026-04-28T19:56:25.366+0200] {processor.py:183} INFO - Processing /Users/pablofrancoherrero/prueba_tecnica/venv/lib/python3.11/site-packages/airflow/example_dags/example_nested_branch_dag.py took 0.051 seconds
[2026-04-28T19:57:48.608+0200] {processor.py:161} INFO - Started process (PID=52992) to work on /Users/pablofrancoherrero/prueba_tecnica/venv/lib/python3.11/site-packages/airflow/example_dags/example_nested_branch_dag.py
[2026-04-28T19:57:48.609+0200] {processor.py:830} INFO - Processing file /Users/pablofrancoherrero/prueba_tecnica/venv/lib/python3.11/site-packages/airflow/example_dags/example_nested_branch_dag.py for tasks to queue
[2026-04-28T19:57:48.610+0200] {logging_mixin.py:188} INFO - [2026-04-28T19:57:48.610+0200] {dagbag.py:540} INFO - Filling up the DagBag from /Users/pablofrancoherrero/prueba_tecnica/venv/lib/python3.11/site-packages/airflow/example_dags/example_nested_branch_dag.py
[2026-04-28T19:57:48.622+0200] {processor.py:840} INFO - DAG(s) 'example_nested_branch_dag' retrieved from /Users/pablofrancoherrero/prueba_tecnica/venv/lib/python3.11/site-packages/airflow/example_dags/example_nested_branch_dag.py
[2026-04-28T19:57:48.649+0200] {logging_mixin.py:188} INFO - [2026-04-28T19:57:48.649+0200] {dag.py:3096} INFO - Sync 1 DAGs
[2026-04-28T19:57:48.654+0200] {logging_mixin.py:188} INFO - [2026-04-28T19:57:48.654+0200] {dag.py:3954} INFO - Setting next_dagrun for example_nested_branch_dag to 2026-04-27 00:00:00+00:00, run_after=2026-04-28 00:00:00+00:00
[2026-04-28T19:57:48.659+0200] {processor.py:183} INFO - Processing /Users/pablofrancoherrero/prueba_tecnica/venv/lib/python3.11/site-packages/airflow/example_dags/example_nested_branch_dag.py took 0.052 seconds
[2026-04-28T19:59:09.446+0200] {processor.py:161} INFO - Started process (PID=53088) to work on /Users/pablofrancoherrero/prueba_tecnica/venv/lib/python3.11/site-packages/airflow/example_dags/example_nested_branch_dag.py
[2026-04-28T19:59:09.447+0200] {processor.py:830} INFO - Processing file /Users/pablofrancoherrero/prueba_tecnica/venv/lib/python3.11/site-packages/airflow/example_dags/example_nested_branch_dag.py for tasks to queue
[2026-04-28T19:59:09.448+0200] {logging_mixin.py:188} INFO - [2026-04-28T19:59:09.447+0200] {dagbag.py:540} INFO - Filling up the DagBag from /Users/pablofrancoherrero/prueba_tecnica/venv/lib/python3.11/site-packages/airflow/example_dags/example_nested_branch_dag.py
[2026-04-28T19:59:09.460+0200] {processor.py:840} INFO - DAG(s) 'example_nested_branch_dag' retrieved from /Users/pablofrancoherrero/prueba_tecnica/venv/lib/python3.11/site-packages/airflow/example_dags/example_nested_branch_dag.py
[2026-04-28T19:59:09.487+0200] {logging_mixin.py:188} INFO - [2026-04-28T19:59:09.487+0200] {dag.py:3096} INFO - Sync 1 DAGs
[2026-04-28T19:59:09.491+0200] {logging_mixin.py:188} INFO - [2026-04-28T19:59:09.491+0200] {dag.py:3954} INFO - Setting next_dagrun for example_nested_branch_dag to 2026-04-27 00:00:00+00:00, run_after=2026-04-28 00:00:00+00:00
[2026-04-28T19:59:09.496+0200] {processor.py:183} INFO - Processing /Users/pablofrancoherrero/prueba_tecnica/venv/lib/python3.11/site-packages/airflow/example_dags/example_nested_branch_dag.py took 0.051 seconds
[2026-04-28T20:00:31.011+0200] {processor.py:161} INFO - Started process (PID=53178) to work on /Users/pablofrancoherrero/prueba_tecnica/venv/lib/python3.11/site-packages/airflow/example_dags/example_nested_branch_dag.py
[2026-04-28T20:00:31.011+0200] {processor.py:830} INFO - Processing file /Users/pablofrancoherrero/prueba_tecnica/venv/lib/python3.11/site-packages/airflow/example_dags/example_nested_branch_dag.py for tasks to queue
[2026-04-28T20:00:31.011+0200] {logging_mixin.py:188} INFO - [2026-04-28T20:00:31.011+0200] {dagbag.py:540} INFO - Filling up the DagBag from /Users/pablofrancoherrero/prueba_tecnica/venv/lib/python3.11/site-packages/airflow/example_dags/example_nested_branch_dag.py
[2026-04-28T20:00:31.024+0200] {processor.py:840} INFO - DAG(s) 'example_nested_branch_dag' retrieved from /Users/pablofrancoherrero/prueba_tecnica/venv/lib/python3.11/site-packages/airflow/example_dags/example_nested_branch_dag.py
[2026-04-28T20:00:31.051+0200] {logging_mixin.py:188} INFO - [2026-04-28T20:00:31.051+0200] {dag.py:3096} INFO - Sync 1 DAGs
[2026-04-28T20:00:31.056+0200] {logging_mixin.py:188} INFO - [2026-04-28T20:00:31.055+0200] {dag.py:3954} INFO - Setting next_dagrun for example_nested_branch_dag to 2026-04-27 00:00:00+00:00, run_after=2026-04-28 00:00:00+00:00
[2026-04-28T20:00:31.060+0200] {processor.py:183} INFO - Processing /Users/pablofrancoherrero/prueba_tecnica/venv/lib/python3.11/site-packages/airflow/example_dags/example_nested_branch_dag.py took 0.051 seconds
[2026-04-28T20:01:53.610+0200] {processor.py:161} INFO - Started process (PID=53279) to work on /Users/pablofrancoherrero/prueba_tecnica/venv/lib/python3.11/site-packages/airflow/example_dags/example_nested_branch_dag.py
[2026-04-28T20:01:53.610+0200] {processor.py:830} INFO - Processing file /Users/pablofrancoherrero/prueba_tecnica/venv/lib/python3.11/site-packages/airflow/example_dags/example_nested_branch_dag.py for tasks to queue
[2026-04-28T20:01:53.610+0200] {logging_mixin.py:188} INFO - [2026-04-28T20:01:53.610+0200] {dagbag.py:540} INFO - Filling up the DagBag from /Users/pablofrancoherrero/prueba_tecnica/venv/lib/python3.11/site-packages/airflow/example_dags/example_nested_branch_dag.py
[2026-04-28T20:01:53.622+0200] {processor.py:840} INFO - DAG(s) 'example_nested_branch_dag' retrieved from /Users/pablofrancoherrero/prueba_tecnica/venv/lib/python3.11/site-packages/airflow/example_dags/example_nested_branch_dag.py
[2026-04-28T20:01:53.649+0200] {logging_mixin.py:188} INFO - [2026-04-28T20:01:53.649+0200] {dag.py:3096} INFO - Sync 1 DAGs
[2026-04-28T20:01:53.654+0200] {logging_mixin.py:188} INFO - [2026-04-28T20:01:53.654+0200] {dag.py:3954} INFO - Setting next_dagrun for example_nested_branch_dag to 2026-04-27 00:00:00+00:00, run_after=2026-04-28 00:00:00+00:00
[2026-04-28T20:01:53.659+0200] {processor.py:183} INFO - Processing /Users/pablofrancoherrero/prueba_tecnica/venv/lib/python3.11/site-packages/airflow/example_dags/example_nested_branch_dag.py took 0.050 seconds
[2026-04-28T20:03:16.224+0200] {processor.py:161} INFO - Started process (PID=53378) to work on /Users/pablofrancoherrero/prueba_tecnica/venv/lib/python3.11/site-packages/airflow/example_dags/example_nested_branch_dag.py
[2026-04-28T20:03:16.225+0200] {processor.py:830} INFO - Processing file /Users/pablofrancoherrero/prueba_tecnica/venv/lib/python3.11/site-packages/airflow/example_dags/example_nested_branch_dag.py for tasks to queue
[2026-04-28T20:03:16.225+0200] {logging_mixin.py:188} INFO - [2026-04-28T20:03:16.225+0200] {dagbag.py:540} INFO - Filling up the DagBag from /Users/pablofrancoherrero/prueba_tecnica/venv/lib/python3.11/site-packages/airflow/example_dags/example_nested_branch_dag.py
[2026-04-28T20:03:16.237+0200] {processor.py:840} INFO - DAG(s) 'example_nested_branch_dag' retrieved from /Users/pablofrancoherrero/prueba_tecnica/venv/lib/python3.11/site-packages/airflow/example_dags/example_nested_branch_dag.py
[2026-04-28T20:03:16.264+0200] {logging_mixin.py:188} INFO - [2026-04-28T20:03:16.264+0200] {dag.py:3096} INFO - Sync 1 DAGs
[2026-04-28T20:03:16.269+0200] {logging_mixin.py:188} INFO - [2026-04-28T20:03:16.269+0200] {dag.py:3954} INFO - Setting next_dagrun for example_nested_branch_dag to 2026-04-27 00:00:00+00:00, run_after=2026-04-28 00:00:00+00:00
[2026-04-28T20:03:16.274+0200] {processor.py:183} INFO - Processing /Users/pablofrancoherrero/prueba_tecnica/venv/lib/python3.11/site-packages/airflow/example_dags/example_nested_branch_dag.py took 0.051 seconds
[2026-04-28T20:04:39.527+0200] {processor.py:161} INFO - Started process (PID=53483) to work on /Users/pablofrancoherrero/prueba_tecnica/venv/lib/python3.11/site-packages/airflow/example_dags/example_nested_branch_dag.py
[2026-04-28T20:04:39.529+0200] {processor.py:830} INFO - Processing file /Users/pablofrancoherrero/prueba_tecnica/venv/lib/python3.11/site-packages/airflow/example_dags/example_nested_branch_dag.py for tasks to queue
[2026-04-28T20:04:39.529+0200] {logging_mixin.py:188} INFO - [2026-04-28T20:04:39.529+0200] {dagbag.py:540} INFO - Filling up the DagBag from /Users/pablofrancoherrero/prueba_tecnica/venv/lib/python3.11/site-packages/airflow/example_dags/example_nested_branch_dag.py
[2026-04-28T20:04:39.542+0200] {processor.py:840} INFO - DAG(s) 'example_nested_branch_dag' retrieved from /Users/pablofrancoherrero/prueba_tecnica/venv/lib/python3.11/site-packages/airflow/example_dags/example_nested_branch_dag.py
[2026-04-28T20:04:39.569+0200] {logging_mixin.py:188} INFO - [2026-04-28T20:04:39.569+0200] {dag.py:3096} INFO - Sync 1 DAGs
[2026-04-28T20:04:39.574+0200] {logging_mixin.py:188} INFO - [2026-04-28T20:04:39.574+0200] {dag.py:3954} INFO - Setting next_dagrun for example_nested_branch_dag to 2026-04-27 00:00:00+00:00, run_after=2026-04-28 00:00:00+00:00
[2026-04-28T20:04:39.579+0200] {processor.py:183} INFO - Processing /Users/pablofrancoherrero/prueba_tecnica/venv/lib/python3.11/site-packages/airflow/example_dags/example_nested_branch_dag.py took 0.053 seconds
[2026-04-28T20:06:00.317+0200] {processor.py:161} INFO - Started process (PID=53558) to work on /Users/pablofrancoherrero/prueba_tecnica/venv/lib/python3.11/site-packages/airflow/example_dags/example_nested_branch_dag.py
[2026-04-28T20:06:00.318+0200] {processor.py:830} INFO - Processing file /Users/pablofrancoherrero/prueba_tecnica/venv/lib/python3.11/site-packages/airflow/example_dags/example_nested_branch_dag.py for tasks to queue
[2026-04-28T20:06:00.319+0200] {logging_mixin.py:188} INFO - [2026-04-28T20:06:00.319+0200] {dagbag.py:540} INFO - Filling up the DagBag from /Users/pablofrancoherrero/prueba_tecnica/venv/lib/python3.11/site-packages/airflow/example_dags/example_nested_branch_dag.py
[2026-04-28T20:06:00.331+0200] {processor.py:840} INFO - DAG(s) 'example_nested_branch_dag' retrieved from /Users/pablofrancoherrero/prueba_tecnica/venv/lib/python3.11/site-packages/airflow/example_dags/example_nested_branch_dag.py
[2026-04-28T20:06:00.358+0200] {logging_mixin.py:188} INFO - [2026-04-28T20:06:00.358+0200] {dag.py:3096} INFO - Sync 1 DAGs
[2026-04-28T20:06:00.363+0200] {logging_mixin.py:188} INFO - [2026-04-28T20:06:00.363+0200] {dag.py:3954} INFO - Setting next_dagrun for example_nested_branch_dag to 2026-04-27 00:00:00+00:00, run_after=2026-04-28 00:00:00+00:00
[2026-04-28T20:06:00.368+0200] {processor.py:183} INFO - Processing /Users/pablofrancoherrero/prueba_tecnica/venv/lib/python3.11/site-packages/airflow/example_dags/example_nested_branch_dag.py took 0.051 seconds
[2026-04-28T20:07:22.807+0200] {processor.py:161} INFO - Started process (PID=53648) to work on /Users/pablofrancoherrero/prueba_tecnica/venv/lib/python3.11/site-packages/airflow/example_dags/example_nested_branch_dag.py
[2026-04-28T20:07:22.808+0200] {processor.py:830} INFO - Processing file /Users/pablofrancoherrero/prueba_tecnica/venv/lib/python3.11/site-packages/airflow/example_dags/example_nested_branch_dag.py for tasks to queue
[2026-04-28T20:07:22.808+0200] {logging_mixin.py:188} INFO - [2026-04-28T20:07:22.808+0200] {dagbag.py:540} INFO - Filling up the DagBag from /Users/pablofrancoherrero/prueba_tecnica/venv/lib/python3.11/site-packages/airflow/example_dags/example_nested_branch_dag.py
[2026-04-28T20:07:22.837+0200] {processor.py:840} INFO - DAG(s) 'example_nested_branch_dag' retrieved from /Users/pablofrancoherrero/prueba_tecnica/venv/lib/python3.11/site-packages/airflow/example_dags/example_nested_branch_dag.py
[2026-04-28T20:07:22.890+0200] {logging_mixin.py:188} INFO - [2026-04-28T20:07:22.889+0200] {dag.py:3096} INFO - Sync 1 DAGs
[2026-04-28T20:07:22.895+0200] {logging_mixin.py:188} INFO - [2026-04-28T20:07:22.895+0200] {dag.py:3954} INFO - Setting next_dagrun for example_nested_branch_dag to 2026-04-27 00:00:00+00:00, run_after=2026-04-28 00:00:00+00:00
[2026-04-28T20:07:22.901+0200] {processor.py:183} INFO - Processing /Users/pablofrancoherrero/prueba_tecnica/venv/lib/python3.11/site-packages/airflow/example_dags/example_nested_branch_dag.py took 0.095 seconds
[2026-04-28T20:08:41.027+0200] {processor.py:161} INFO - Started process (PID=53767) to work on /Users/pablofrancoherrero/prueba_tecnica/venv/lib/python3.11/site-packages/airflow/example_dags/example_nested_branch_dag.py
[2026-04-28T20:08:41.027+0200] {processor.py:830} INFO - Processing file /Users/pablofrancoherrero/prueba_tecnica/venv/lib/python3.11/site-packages/airflow/example_dags/example_nested_branch_dag.py for tasks to queue
[2026-04-28T20:08:41.027+0200] {logging_mixin.py:188} INFO - [2026-04-28T20:08:41.027+0200] {dagbag.py:540} INFO - Filling up the DagBag from /Users/pablofrancoherrero/prueba_tecnica/venv/lib/python3.11/site-packages/airflow/example_dags/example_nested_branch_dag.py
[2026-04-28T20:08:41.040+0200] {processor.py:840} INFO - DAG(s) 'example_nested_branch_dag' retrieved from /Users/pablofrancoherrero/prueba_tecnica/venv/lib/python3.11/site-packages/airflow/example_dags/example_nested_branch_dag.py
[2026-04-28T20:08:41.067+0200] {logging_mixin.py:188} INFO - [2026-04-28T20:08:41.067+0200] {dag.py:3096} INFO - Sync 1 DAGs
[2026-04-28T20:08:41.071+0200] {logging_mixin.py:188} INFO - [2026-04-28T20:08:41.071+0200] {dag.py:3954} INFO - Setting next_dagrun for example_nested_branch_dag to 2026-04-27 00:00:00+00:00, run_after=2026-04-28 00:00:00+00:00
[2026-04-28T20:08:41.076+0200] {processor.py:183} INFO - Processing /Users/pablofrancoherrero/prueba_tecnica/venv/lib/python3.11/site-packages/airflow/example_dags/example_nested_branch_dag.py took 0.050 seconds
[2026-04-28T20:10:01.621+0200] {processor.py:161} INFO - Started process (PID=53869) to work on /Users/pablofrancoherrero/prueba_tecnica/venv/lib/python3.11/site-packages/airflow/example_dags/example_nested_branch_dag.py
[2026-04-28T20:10:01.622+0200] {processor.py:830} INFO - Processing file /Users/pablofrancoherrero/prueba_tecnica/venv/lib/python3.11/site-packages/airflow/example_dags/example_nested_branch_dag.py for tasks to queue
[2026-04-28T20:10:01.623+0200] {logging_mixin.py:188} INFO - [2026-04-28T20:10:01.623+0200] {dagbag.py:540} INFO - Filling up the DagBag from /Users/pablofrancoherrero/prueba_tecnica/venv/lib/python3.11/site-packages/airflow/example_dags/example_nested_branch_dag.py
[2026-04-28T20:10:01.636+0200] {processor.py:840} INFO - DAG(s) 'example_nested_branch_dag' retrieved from /Users/pablofrancoherrero/prueba_tecnica/venv/lib/python3.11/site-packages/airflow/example_dags/example_nested_branch_dag.py
[2026-04-28T20:10:01.663+0200] {logging_mixin.py:188} INFO - [2026-04-28T20:10:01.663+0200] {dag.py:3096} INFO - Sync 1 DAGs
[2026-04-28T20:10:01.668+0200] {logging_mixin.py:188} INFO - [2026-04-28T20:10:01.668+0200] {dag.py:3954} INFO - Setting next_dagrun for example_nested_branch_dag to 2026-04-27 00:00:00+00:00, run_after=2026-04-28 00:00:00+00:00
[2026-04-28T20:10:01.673+0200] {processor.py:183} INFO - Processing /Users/pablofrancoherrero/prueba_tecnica/venv/lib/python3.11/site-packages/airflow/example_dags/example_nested_branch_dag.py took 0.052 seconds
[2026-04-28T20:11:23.553+0200] {processor.py:161} INFO - Started process (PID=53993) to work on /Users/pablofrancoherrero/prueba_tecnica/venv/lib/python3.11/site-packages/airflow/example_dags/example_nested_branch_dag.py
[2026-04-28T20:11:23.554+0200] {processor.py:830} INFO - Processing file /Users/pablofrancoherrero/prueba_tecnica/venv/lib/python3.11/site-packages/airflow/example_dags/example_nested_branch_dag.py for tasks to queue
[2026-04-28T20:11:23.554+0200] {logging_mixin.py:188} INFO - [2026-04-28T20:11:23.554+0200] {dagbag.py:540} INFO - Filling up the DagBag from /Users/pablofrancoherrero/prueba_tecnica/venv/lib/python3.11/site-packages/airflow/example_dags/example_nested_branch_dag.py
[2026-04-28T20:11:23.567+0200] {processor.py:840} INFO - DAG(s) 'example_nested_branch_dag' retrieved from /Users/pablofrancoherrero/prueba_tecnica/venv/lib/python3.11/site-packages/airflow/example_dags/example_nested_branch_dag.py
[2026-04-28T20:11:23.596+0200] {logging_mixin.py:188} INFO - [2026-04-28T20:11:23.596+0200] {dag.py:3096} INFO - Sync 1 DAGs
[2026-04-28T20:11:23.601+0200] {logging_mixin.py:188} INFO - [2026-04-28T20:11:23.601+0200] {dag.py:3954} INFO - Setting next_dagrun for example_nested_branch_dag to 2026-04-27 00:00:00+00:00, run_after=2026-04-28 00:00:00+00:00
[2026-04-28T20:11:23.606+0200] {processor.py:183} INFO - Processing /Users/pablofrancoherrero/prueba_tecnica/venv/lib/python3.11/site-packages/airflow/example_dags/example_nested_branch_dag.py took 0.054 seconds
[2026-04-28T20:12:41.078+0200] {processor.py:161} INFO - Started process (PID=54082) to work on /Users/pablofrancoherrero/prueba_tecnica/venv/lib/python3.11/site-packages/airflow/example_dags/example_nested_branch_dag.py
[2026-04-28T20:12:41.079+0200] {processor.py:830} INFO - Processing file /Users/pablofrancoherrero/prueba_tecnica/venv/lib/python3.11/site-packages/airflow/example_dags/example_nested_branch_dag.py for tasks to queue
[2026-04-28T20:12:41.079+0200] {logging_mixin.py:188} INFO - [2026-04-28T20:12:41.079+0200] {dagbag.py:540} INFO - Filling up the DagBag from /Users/pablofrancoherrero/prueba_tecnica/venv/lib/python3.11/site-packages/airflow/example_dags/example_nested_branch_dag.py
[2026-04-28T20:12:41.092+0200] {processor.py:840} INFO - DAG(s) 'example_nested_branch_dag' retrieved from /Users/pablofrancoherrero/prueba_tecnica/venv/lib/python3.11/site-packages/airflow/example_dags/example_nested_branch_dag.py
[2026-04-28T20:12:41.119+0200] {logging_mixin.py:188} INFO - [2026-04-28T20:12:41.119+0200] {dag.py:3096} INFO - Sync 1 DAGs
[2026-04-28T20:12:41.124+0200] {logging_mixin.py:188} INFO - [2026-04-28T20:12:41.124+0200] {dag.py:3954} INFO - Setting next_dagrun for example_nested_branch_dag to 2026-04-27 00:00:00+00:00, run_after=2026-04-28 00:00:00+00:00
[2026-04-28T20:12:41.128+0200] {processor.py:183} INFO - Processing /Users/pablofrancoherrero/prueba_tecnica/venv/lib/python3.11/site-packages/airflow/example_dags/example_nested_branch_dag.py took 0.051 seconds
[2026-04-28T20:14:03.414+0200] {processor.py:161} INFO - Started process (PID=54185) to work on /Users/pablofrancoherrero/prueba_tecnica/venv/lib/python3.11/site-packages/airflow/example_dags/example_nested_branch_dag.py
[2026-04-28T20:14:03.415+0200] {processor.py:830} INFO - Processing file /Users/pablofrancoherrero/prueba_tecnica/venv/lib/python3.11/site-packages/airflow/example_dags/example_nested_branch_dag.py for tasks to queue
[2026-04-28T20:14:03.415+0200] {logging_mixin.py:188} INFO - [2026-04-28T20:14:03.415+0200] {dagbag.py:540} INFO - Filling up the DagBag from /Users/pablofrancoherrero/prueba_tecnica/venv/lib/python3.11/site-packages/airflow/example_dags/example_nested_branch_dag.py
[2026-04-28T20:14:03.428+0200] {processor.py:840} INFO - DAG(s) 'example_nested_branch_dag' retrieved from /Users/pablofrancoherrero/prueba_tecnica/venv/lib/python3.11/site-packages/airflow/example_dags/example_nested_branch_dag.py
[2026-04-28T20:14:03.456+0200] {logging_mixin.py:188} INFO - [2026-04-28T20:14:03.456+0200] {dag.py:3096} INFO - Sync 1 DAGs
[2026-04-28T20:14:03.461+0200] {logging_mixin.py:188} INFO - [2026-04-28T20:14:03.461+0200] {dag.py:3954} INFO - Setting next_dagrun for example_nested_branch_dag to 2026-04-27 00:00:00+00:00, run_after=2026-04-28 00:00:00+00:00
[2026-04-28T20:14:03.466+0200] {processor.py:183} INFO - Processing /Users/pablofrancoherrero/prueba_tecnica/venv/lib/python3.11/site-packages/airflow/example_dags/example_nested_branch_dag.py took 0.053 seconds
[2026-04-28T20:15:31.835+0200] {processor.py:161} INFO - Started process (PID=54301) to work on /Users/pablofrancoherrero/prueba_tecnica/venv/lib/python3.11/site-packages/airflow/example_dags/example_nested_branch_dag.py
[2026-04-28T20:15:31.836+0200] {processor.py:830} INFO - Processing file /Users/pablofrancoherrero/prueba_tecnica/venv/lib/python3.11/site-packages/airflow/example_dags/example_nested_branch_dag.py for tasks to queue
[2026-04-28T20:15:31.836+0200] {logging_mixin.py:188} INFO - [2026-04-28T20:15:31.836+0200] {dagbag.py:540} INFO - Filling up the DagBag from /Users/pablofrancoherrero/prueba_tecnica/venv/lib/python3.11/site-packages/airflow/example_dags/example_nested_branch_dag.py
[2026-04-28T20:15:31.848+0200] {processor.py:840} INFO - DAG(s) 'example_nested_branch_dag' retrieved from /Users/pablofrancoherrero/prueba_tecnica/venv/lib/python3.11/site-packages/airflow/example_dags/example_nested_branch_dag.py
[2026-04-28T20:15:31.875+0200] {logging_mixin.py:188} INFO - [2026-04-28T20:15:31.875+0200] {dag.py:3096} INFO - Sync 1 DAGs
[2026-04-28T20:15:31.880+0200] {logging_mixin.py:188} INFO - [2026-04-28T20:15:31.880+0200] {dag.py:3954} INFO - Setting next_dagrun for example_nested_branch_dag to 2026-04-27 00:00:00+00:00, run_after=2026-04-28 00:00:00+00:00
[2026-04-28T20:15:31.885+0200] {processor.py:183} INFO - Processing /Users/pablofrancoherrero/prueba_tecnica/venv/lib/python3.11/site-packages/airflow/example_dags/example_nested_branch_dag.py took 0.051 seconds
[2026-04-28T20:16:54.336+0200] {processor.py:161} INFO - Started process (PID=54490) to work on /Users/pablofrancoherrero/prueba_tecnica/venv/lib/python3.11/site-packages/airflow/example_dags/example_nested_branch_dag.py
[2026-04-28T20:16:54.336+0200] {processor.py:830} INFO - Processing file /Users/pablofrancoherrero/prueba_tecnica/venv/lib/python3.11/site-packages/airflow/example_dags/example_nested_branch_dag.py for tasks to queue
[2026-04-28T20:16:54.336+0200] {logging_mixin.py:188} INFO - [2026-04-28T20:16:54.336+0200] {dagbag.py:540} INFO - Filling up the DagBag from /Users/pablofrancoherrero/prueba_tecnica/venv/lib/python3.11/site-packages/airflow/example_dags/example_nested_branch_dag.py
[2026-04-28T20:16:54.349+0200] {processor.py:840} INFO - DAG(s) 'example_nested_branch_dag' retrieved from /Users/pablofrancoherrero/prueba_tecnica/venv/lib/python3.11/site-packages/airflow/example_dags/example_nested_branch_dag.py
[2026-04-28T20:16:54.375+0200] {logging_mixin.py:188} INFO - [2026-04-28T20:16:54.375+0200] {dag.py:3096} INFO - Sync 1 DAGs
[2026-04-28T20:16:54.379+0200] {logging_mixin.py:188} INFO - [2026-04-28T20:16:54.379+0200] {dag.py:3954} INFO - Setting next_dagrun for example_nested_branch_dag to 2026-04-27 00:00:00+00:00, run_after=2026-04-28 00:00:00+00:00
[2026-04-28T20:16:54.384+0200] {processor.py:183} INFO - Processing /Users/pablofrancoherrero/prueba_tecnica/venv/lib/python3.11/site-packages/airflow/example_dags/example_nested_branch_dag.py took 0.049 seconds
[2026-04-28T20:18:16.502+0200] {processor.py:161} INFO - Started process (PID=54634) to work on /Users/pablofrancoherrero/prueba_tecnica/venv/lib/python3.11/site-packages/airflow/example_dags/example_nested_branch_dag.py
[2026-04-28T20:18:16.503+0200] {processor.py:830} INFO - Processing file /Users/pablofrancoherrero/prueba_tecnica/venv/lib/python3.11/site-packages/airflow/example_dags/example_nested_branch_dag.py for tasks to queue
[2026-04-28T20:18:16.503+0200] {logging_mixin.py:188} INFO - [2026-04-28T20:18:16.503+0200] {dagbag.py:540} INFO - Filling up the DagBag from /Users/pablofrancoherrero/prueba_tecnica/venv/lib/python3.11/site-packages/airflow/example_dags/example_nested_branch_dag.py
[2026-04-28T20:18:16.515+0200] {processor.py:840} INFO - DAG(s) 'example_nested_branch_dag' retrieved from /Users/pablofrancoherrero/prueba_tecnica/venv/lib/python3.11/site-packages/airflow/example_dags/example_nested_branch_dag.py
[2026-04-28T20:18:16.542+0200] {logging_mixin.py:188} INFO - [2026-04-28T20:18:16.542+0200] {dag.py:3096} INFO - Sync 1 DAGs
[2026-04-28T20:18:16.546+0200] {logging_mixin.py:188} INFO - [2026-04-28T20:18:16.546+0200] {dag.py:3954} INFO - Setting next_dagrun for example_nested_branch_dag to 2026-04-27 00:00:00+00:00, run_after=2026-04-28 00:00:00+00:00
[2026-04-28T20:18:16.551+0200] {processor.py:183} INFO - Processing /Users/pablofrancoherrero/prueba_tecnica/venv/lib/python3.11/site-packages/airflow/example_dags/example_nested_branch_dag.py took 0.050 seconds
[2026-04-28T20:19:37.424+0200] {processor.py:161} INFO - Started process (PID=54737) to work on /Users/pablofrancoherrero/prueba_tecnica/venv/lib/python3.11/site-packages/airflow/example_dags/example_nested_branch_dag.py
[2026-04-28T20:19:37.425+0200] {processor.py:830} INFO - Processing file /Users/pablofrancoherrero/prueba_tecnica/venv/lib/python3.11/site-packages/airflow/example_dags/example_nested_branch_dag.py for tasks to queue
[2026-04-28T20:19:37.425+0200] {logging_mixin.py:188} INFO - [2026-04-28T20:19:37.425+0200] {dagbag.py:540} INFO - Filling up the DagBag from /Users/pablofrancoherrero/prueba_tecnica/venv/lib/python3.11/site-packages/airflow/example_dags/example_nested_branch_dag.py
[2026-04-28T20:19:37.437+0200] {processor.py:840} INFO - DAG(s) 'example_nested_branch_dag' retrieved from /Users/pablofrancoherrero/prueba_tecnica/venv/lib/python3.11/site-packages/airflow/example_dags/example_nested_branch_dag.py
[2026-04-28T20:19:37.463+0200] {logging_mixin.py:188} INFO - [2026-04-28T20:19:37.463+0200] {dag.py:3096} INFO - Sync 1 DAGs
[2026-04-28T20:19:37.468+0200] {logging_mixin.py:188} INFO - [2026-04-28T20:19:37.468+0200] {dag.py:3954} INFO - Setting next_dagrun for example_nested_branch_dag to 2026-04-27 00:00:00+00:00, run_after=2026-04-28 00:00:00+00:00
[2026-04-28T20:19:37.472+0200] {processor.py:183} INFO - Processing /Users/pablofrancoherrero/prueba_tecnica/venv/lib/python3.11/site-packages/airflow/example_dags/example_nested_branch_dag.py took 0.049 seconds
[2026-04-28T20:20:56.990+0200] {processor.py:161} INFO - Started process (PID=54825) to work on /Users/pablofrancoherrero/prueba_tecnica/venv/lib/python3.11/site-packages/airflow/example_dags/example_nested_branch_dag.py
[2026-04-28T20:20:56.991+0200] {processor.py:830} INFO - Processing file /Users/pablofrancoherrero/prueba_tecnica/venv/lib/python3.11/site-packages/airflow/example_dags/example_nested_branch_dag.py for tasks to queue
[2026-04-28T20:20:56.992+0200] {logging_mixin.py:188} INFO - [2026-04-28T20:20:56.992+0200] {dagbag.py:540} INFO - Filling up the DagBag from /Users/pablofrancoherrero/prueba_tecnica/venv/lib/python3.11/site-packages/airflow/example_dags/example_nested_branch_dag.py
[2026-04-28T20:20:57.005+0200] {processor.py:840} INFO - DAG(s) 'example_nested_branch_dag' retrieved from /Users/pablofrancoherrero/prueba_tecnica/venv/lib/python3.11/site-packages/airflow/example_dags/example_nested_branch_dag.py
[2026-04-28T20:20:57.033+0200] {logging_mixin.py:188} INFO - [2026-04-28T20:20:57.033+0200] {dag.py:3096} INFO - Sync 1 DAGs
[2026-04-28T20:20:57.038+0200] {logging_mixin.py:188} INFO - [2026-04-28T20:20:57.038+0200] {dag.py:3954} INFO - Setting next_dagrun for example_nested_branch_dag to 2026-04-27 00:00:00+00:00, run_after=2026-04-28 00:00:00+00:00
[2026-04-28T20:20:57.043+0200] {processor.py:183} INFO - Processing /Users/pablofrancoherrero/prueba_tecnica/venv/lib/python3.11/site-packages/airflow/example_dags/example_nested_branch_dag.py took 0.053 seconds
[2026-04-28T20:22:20.352+0200] {processor.py:161} INFO - Started process (PID=54924) to work on /Users/pablofrancoherrero/prueba_tecnica/venv/lib/python3.11/site-packages/airflow/example_dags/example_nested_branch_dag.py
[2026-04-28T20:22:20.352+0200] {processor.py:830} INFO - Processing file /Users/pablofrancoherrero/prueba_tecnica/venv/lib/python3.11/site-packages/airflow/example_dags/example_nested_branch_dag.py for tasks to queue
[2026-04-28T20:22:20.353+0200] {logging_mixin.py:188} INFO - [2026-04-28T20:22:20.352+0200] {dagbag.py:540} INFO - Filling up the DagBag from /Users/pablofrancoherrero/prueba_tecnica/venv/lib/python3.11/site-packages/airflow/example_dags/example_nested_branch_dag.py
[2026-04-28T20:22:20.365+0200] {processor.py:840} INFO - DAG(s) 'example_nested_branch_dag' retrieved from /Users/pablofrancoherrero/prueba_tecnica/venv/lib/python3.11/site-packages/airflow/example_dags/example_nested_branch_dag.py
[2026-04-28T20:22:20.391+0200] {logging_mixin.py:188} INFO - [2026-04-28T20:22:20.390+0200] {dag.py:3096} INFO - Sync 1 DAGs
[2026-04-28T20:22:20.395+0200] {logging_mixin.py:188} INFO - [2026-04-28T20:22:20.395+0200] {dag.py:3954} INFO - Setting next_dagrun for example_nested_branch_dag to 2026-04-27 00:00:00+00:00, run_after=2026-04-28 00:00:00+00:00
[2026-04-28T20:22:20.400+0200] {processor.py:183} INFO - Processing /Users/pablofrancoherrero/prueba_tecnica/venv/lib/python3.11/site-packages/airflow/example_dags/example_nested_branch_dag.py took 0.049 seconds
[2026-04-28T20:23:38.693+0200] {processor.py:161} INFO - Started process (PID=55073) to work on /Users/pablofrancoherrero/prueba_tecnica/venv/lib/python3.11/site-packages/airflow/example_dags/example_nested_branch_dag.py
[2026-04-28T20:23:38.694+0200] {processor.py:830} INFO - Processing file /Users/pablofrancoherrero/prueba_tecnica/venv/lib/python3.11/site-packages/airflow/example_dags/example_nested_branch_dag.py for tasks to queue
[2026-04-28T20:23:38.694+0200] {logging_mixin.py:188} INFO - [2026-04-28T20:23:38.694+0200] {dagbag.py:540} INFO - Filling up the DagBag from /Users/pablofrancoherrero/prueba_tecnica/venv/lib/python3.11/site-packages/airflow/example_dags/example_nested_branch_dag.py
[2026-04-28T20:23:38.707+0200] {processor.py:840} INFO - DAG(s) 'example_nested_branch_dag' retrieved from /Users/pablofrancoherrero/prueba_tecnica/venv/lib/python3.11/site-packages/airflow/example_dags/example_nested_branch_dag.py
[2026-04-28T20:23:38.734+0200] {logging_mixin.py:188} INFO - [2026-04-28T20:23:38.734+0200] {dag.py:3096} INFO - Sync 1 DAGs
[2026-04-28T20:23:38.739+0200] {logging_mixin.py:188} INFO - [2026-04-28T20:23:38.739+0200] {dag.py:3954} INFO - Setting next_dagrun for example_nested_branch_dag to 2026-04-27 00:00:00+00:00, run_after=2026-04-28 00:00:00+00:00
[2026-04-28T20:23:38.744+0200] {processor.py:183} INFO - Processing /Users/pablofrancoherrero/prueba_tecnica/venv/lib/python3.11/site-packages/airflow/example_dags/example_nested_branch_dag.py took 0.051 seconds
[2026-04-28T20:24:59.946+0200] {processor.py:161} INFO - Started process (PID=55169) to work on /Users/pablofrancoherrero/prueba_tecnica/venv/lib/python3.11/site-packages/airflow/example_dags/example_nested_branch_dag.py
[2026-04-28T20:24:59.947+0200] {processor.py:830} INFO - Processing file /Users/pablofrancoherrero/prueba_tecnica/venv/lib/python3.11/site-packages/airflow/example_dags/example_nested_branch_dag.py for tasks to queue
[2026-04-28T20:24:59.947+0200] {logging_mixin.py:188} INFO - [2026-04-28T20:24:59.947+0200] {dagbag.py:540} INFO - Filling up the DagBag from /Users/pablofrancoherrero/prueba_tecnica/venv/lib/python3.11/site-packages/airflow/example_dags/example_nested_branch_dag.py
[2026-04-28T20:24:59.959+0200] {processor.py:840} INFO - DAG(s) 'example_nested_branch_dag' retrieved from /Users/pablofrancoherrero/prueba_tecnica/venv/lib/python3.11/site-packages/airflow/example_dags/example_nested_branch_dag.py
[2026-04-28T20:24:59.987+0200] {logging_mixin.py:188} INFO - [2026-04-28T20:24:59.987+0200] {dag.py:3096} INFO - Sync 1 DAGs
[2026-04-28T20:24:59.992+0200] {logging_mixin.py:188} INFO - [2026-04-28T20:24:59.991+0200] {dag.py:3954} INFO - Setting next_dagrun for example_nested_branch_dag to 2026-04-27 00:00:00+00:00, run_after=2026-04-28 00:00:00+00:00
[2026-04-28T20:24:59.997+0200] {processor.py:183} INFO - Processing /Users/pablofrancoherrero/prueba_tecnica/venv/lib/python3.11/site-packages/airflow/example_dags/example_nested_branch_dag.py took 0.053 seconds
[2026-04-28T20:26:21.523+0200] {processor.py:161} INFO - Started process (PID=55256) to work on /Users/pablofrancoherrero/prueba_tecnica/venv/lib/python3.11/site-packages/airflow/example_dags/example_nested_branch_dag.py
[2026-04-28T20:26:21.523+0200] {processor.py:830} INFO - Processing file /Users/pablofrancoherrero/prueba_tecnica/venv/lib/python3.11/site-packages/airflow/example_dags/example_nested_branch_dag.py for tasks to queue
[2026-04-28T20:26:21.524+0200] {logging_mixin.py:188} INFO - [2026-04-28T20:26:21.524+0200] {dagbag.py:540} INFO - Filling up the DagBag from /Users/pablofrancoherrero/prueba_tecnica/venv/lib/python3.11/site-packages/airflow/example_dags/example_nested_branch_dag.py
[2026-04-28T20:26:21.537+0200] {processor.py:840} INFO - DAG(s) 'example_nested_branch_dag' retrieved from /Users/pablofrancoherrero/prueba_tecnica/venv/lib/python3.11/site-packages/airflow/example_dags/example_nested_branch_dag.py
[2026-04-28T20:26:21.563+0200] {logging_mixin.py:188} INFO - [2026-04-28T20:26:21.563+0200] {dag.py:3096} INFO - Sync 1 DAGs
[2026-04-28T20:26:21.568+0200] {logging_mixin.py:188} INFO - [2026-04-28T20:26:21.568+0200] {dag.py:3954} INFO - Setting next_dagrun for example_nested_branch_dag to 2026-04-27 00:00:00+00:00, run_after=2026-04-28 00:00:00+00:00
[2026-04-28T20:26:21.573+0200] {processor.py:183} INFO - Processing /Users/pablofrancoherrero/prueba_tecnica/venv/lib/python3.11/site-packages/airflow/example_dags/example_nested_branch_dag.py took 0.051 seconds
[2026-04-28T20:27:44.584+0200] {processor.py:161} INFO - Started process (PID=55388) to work on /Users/pablofrancoherrero/prueba_tecnica/venv/lib/python3.11/site-packages/airflow/example_dags/example_nested_branch_dag.py
[2026-04-28T20:27:44.584+0200] {processor.py:830} INFO - Processing file /Users/pablofrancoherrero/prueba_tecnica/venv/lib/python3.11/site-packages/airflow/example_dags/example_nested_branch_dag.py for tasks to queue
[2026-04-28T20:27:44.584+0200] {logging_mixin.py:188} INFO - [2026-04-28T20:27:44.584+0200] {dagbag.py:540} INFO - Filling up the DagBag from /Users/pablofrancoherrero/prueba_tecnica/venv/lib/python3.11/site-packages/airflow/example_dags/example_nested_branch_dag.py
[2026-04-28T20:27:44.600+0200] {processor.py:840} INFO - DAG(s) 'example_nested_branch_dag' retrieved from /Users/pablofrancoherrero/prueba_tecnica/venv/lib/python3.11/site-packages/airflow/example_dags/example_nested_branch_dag.py
[2026-04-28T20:27:44.628+0200] {logging_mixin.py:188} INFO - [2026-04-28T20:27:44.628+0200] {dag.py:3096} INFO - Sync 1 DAGs
[2026-04-28T20:27:44.633+0200] {logging_mixin.py:188} INFO - [2026-04-28T20:27:44.633+0200] {dag.py:3954} INFO - Setting next_dagrun for example_nested_branch_dag to 2026-04-27 00:00:00+00:00, run_after=2026-04-28 00:00:00+00:00
[2026-04-28T20:27:44.637+0200] {processor.py:183} INFO - Processing /Users/pablofrancoherrero/prueba_tecnica/venv/lib/python3.11/site-packages/airflow/example_dags/example_nested_branch_dag.py took 0.054 seconds
[2026-04-28T20:29:07.555+0200] {processor.py:161} INFO - Started process (PID=55491) to work on /Users/pablofrancoherrero/prueba_tecnica/venv/lib/python3.11/site-packages/airflow/example_dags/example_nested_branch_dag.py
[2026-04-28T20:29:07.556+0200] {processor.py:830} INFO - Processing file /Users/pablofrancoherrero/prueba_tecnica/venv/lib/python3.11/site-packages/airflow/example_dags/example_nested_branch_dag.py for tasks to queue
[2026-04-28T20:29:07.556+0200] {logging_mixin.py:188} INFO - [2026-04-28T20:29:07.556+0200] {dagbag.py:540} INFO - Filling up the DagBag from /Users/pablofrancoherrero/prueba_tecnica/venv/lib/python3.11/site-packages/airflow/example_dags/example_nested_branch_dag.py
[2026-04-28T20:29:07.569+0200] {processor.py:840} INFO - DAG(s) 'example_nested_branch_dag' retrieved from /Users/pablofrancoherrero/prueba_tecnica/venv/lib/python3.11/site-packages/airflow/example_dags/example_nested_branch_dag.py
[2026-04-28T20:29:07.595+0200] {logging_mixin.py:188} INFO - [2026-04-28T20:29:07.595+0200] {dag.py:3096} INFO - Sync 1 DAGs
[2026-04-28T20:29:07.600+0200] {logging_mixin.py:188} INFO - [2026-04-28T20:29:07.600+0200] {dag.py:3954} INFO - Setting next_dagrun for example_nested_branch_dag to 2026-04-27 00:00:00+00:00, run_after=2026-04-28 00:00:00+00:00
[2026-04-28T20:29:07.605+0200] {processor.py:183} INFO - Processing /Users/pablofrancoherrero/prueba_tecnica/venv/lib/python3.11/site-packages/airflow/example_dags/example_nested_branch_dag.py took 0.051 seconds
[2026-04-28T20:30:30.184+0200] {processor.py:161} INFO - Started process (PID=55592) to work on /Users/pablofrancoherrero/prueba_tecnica/venv/lib/python3.11/site-packages/airflow/example_dags/example_nested_branch_dag.py
[2026-04-28T20:30:30.184+0200] {processor.py:830} INFO - Processing file /Users/pablofrancoherrero/prueba_tecnica/venv/lib/python3.11/site-packages/airflow/example_dags/example_nested_branch_dag.py for tasks to queue
[2026-04-28T20:30:30.184+0200] {logging_mixin.py:188} INFO - [2026-04-28T20:30:30.184+0200] {dagbag.py:540} INFO - Filling up the DagBag from /Users/pablofrancoherrero/prueba_tecnica/venv/lib/python3.11/site-packages/airflow/example_dags/example_nested_branch_dag.py
[2026-04-28T20:30:30.198+0200] {processor.py:840} INFO - DAG(s) 'example_nested_branch_dag' retrieved from /Users/pablofrancoherrero/prueba_tecnica/venv/lib/python3.11/site-packages/airflow/example_dags/example_nested_branch_dag.py
[2026-04-28T20:30:30.226+0200] {logging_mixin.py:188} INFO - [2026-04-28T20:30:30.226+0200] {dag.py:3096} INFO - Sync 1 DAGs
[2026-04-28T20:30:30.235+0200] {logging_mixin.py:188} INFO - [2026-04-28T20:30:30.235+0200] {dag.py:3954} INFO - Setting next_dagrun for example_nested_branch_dag to 2026-04-27 00:00:00+00:00, run_after=2026-04-28 00:00:00+00:00
[2026-04-28T20:30:30.243+0200] {processor.py:183} INFO - Processing /Users/pablofrancoherrero/prueba_tecnica/venv/lib/python3.11/site-packages/airflow/example_dags/example_nested_branch_dag.py took 0.060 seconds
[2026-04-28T20:31:49.852+0200] {processor.py:161} INFO - Started process (PID=55727) to work on /Users/pablofrancoherrero/prueba_tecnica/venv/lib/python3.11/site-packages/airflow/example_dags/example_nested_branch_dag.py
[2026-04-28T20:31:49.852+0200] {processor.py:830} INFO - Processing file /Users/pablofrancoherrero/prueba_tecnica/venv/lib/python3.11/site-packages/airflow/example_dags/example_nested_branch_dag.py for tasks to queue
[2026-04-28T20:31:49.853+0200] {logging_mixin.py:188} INFO - [2026-04-28T20:31:49.853+0200] {dagbag.py:540} INFO - Filling up the DagBag from /Users/pablofrancoherrero/prueba_tecnica/venv/lib/python3.11/site-packages/airflow/example_dags/example_nested_branch_dag.py
[2026-04-28T20:31:49.865+0200] {processor.py:840} INFO - DAG(s) 'example_nested_branch_dag' retrieved from /Users/pablofrancoherrero/prueba_tecnica/venv/lib/python3.11/site-packages/airflow/example_dags/example_nested_branch_dag.py
[2026-04-28T20:31:49.892+0200] {logging_mixin.py:188} INFO - [2026-04-28T20:31:49.892+0200] {dag.py:3096} INFO - Sync 1 DAGs
[2026-04-28T20:31:49.897+0200] {logging_mixin.py:188} INFO - [2026-04-28T20:31:49.897+0200] {dag.py:3954} INFO - Setting next_dagrun for example_nested_branch_dag to 2026-04-27 00:00:00+00:00, run_after=2026-04-28 00:00:00+00:00
[2026-04-28T20:31:49.902+0200] {processor.py:183} INFO - Processing /Users/pablofrancoherrero/prueba_tecnica/venv/lib/python3.11/site-packages/airflow/example_dags/example_nested_branch_dag.py took 0.051 seconds
[2026-04-28T20:33:12.601+0200] {processor.py:161} INFO - Started process (PID=55826) to work on /Users/pablofrancoherrero/prueba_tecnica/venv/lib/python3.11/site-packages/airflow/example_dags/example_nested_branch_dag.py
[2026-04-28T20:33:12.602+0200] {processor.py:830} INFO - Processing file /Users/pablofrancoherrero/prueba_tecnica/venv/lib/python3.11/site-packages/airflow/example_dags/example_nested_branch_dag.py for tasks to queue
[2026-04-28T20:33:12.602+0200] {logging_mixin.py:188} INFO - [2026-04-28T20:33:12.602+0200] {dagbag.py:540} INFO - Filling up the DagBag from /Users/pablofrancoherrero/prueba_tecnica/venv/lib/python3.11/site-packages/airflow/example_dags/example_nested_branch_dag.py
[2026-04-28T20:33:12.615+0200] {processor.py:840} INFO - DAG(s) 'example_nested_branch_dag' retrieved from /Users/pablofrancoherrero/prueba_tecnica/venv/lib/python3.11/site-packages/airflow/example_dags/example_nested_branch_dag.py
[2026-04-28T20:33:12.641+0200] {logging_mixin.py:188} INFO - [2026-04-28T20:33:12.641+0200] {dag.py:3096} INFO - Sync 1 DAGs
[2026-04-28T20:33:12.646+0200] {logging_mixin.py:188} INFO - [2026-04-28T20:33:12.646+0200] {dag.py:3954} INFO - Setting next_dagrun for example_nested_branch_dag to 2026-04-27 00:00:00+00:00, run_after=2026-04-28 00:00:00+00:00
[2026-04-28T20:33:12.650+0200] {processor.py:183} INFO - Processing /Users/pablofrancoherrero/prueba_tecnica/venv/lib/python3.11/site-packages/airflow/example_dags/example_nested_branch_dag.py took 0.051 seconds
[2026-04-28T20:34:33.020+0200] {processor.py:161} INFO - Started process (PID=55919) to work on /Users/pablofrancoherrero/prueba_tecnica/venv/lib/python3.11/site-packages/airflow/example_dags/example_nested_branch_dag.py
[2026-04-28T20:34:33.020+0200] {processor.py:830} INFO - Processing file /Users/pablofrancoherrero/prueba_tecnica/venv/lib/python3.11/site-packages/airflow/example_dags/example_nested_branch_dag.py for tasks to queue
[2026-04-28T20:34:33.021+0200] {logging_mixin.py:188} INFO - [2026-04-28T20:34:33.021+0200] {dagbag.py:540} INFO - Filling up the DagBag from /Users/pablofrancoherrero/prueba_tecnica/venv/lib/python3.11/site-packages/airflow/example_dags/example_nested_branch_dag.py
[2026-04-28T20:34:33.033+0200] {processor.py:840} INFO - DAG(s) 'example_nested_branch_dag' retrieved from /Users/pablofrancoherrero/prueba_tecnica/venv/lib/python3.11/site-packages/airflow/example_dags/example_nested_branch_dag.py
[2026-04-28T20:34:33.059+0200] {logging_mixin.py:188} INFO - [2026-04-28T20:34:33.059+0200] {dag.py:3096} INFO - Sync 1 DAGs
[2026-04-28T20:34:33.064+0200] {logging_mixin.py:188} INFO - [2026-04-28T20:34:33.064+0200] {dag.py:3954} INFO - Setting next_dagrun for example_nested_branch_dag to 2026-04-27 00:00:00+00:00, run_after=2026-04-28 00:00:00+00:00
[2026-04-28T20:34:33.069+0200] {processor.py:183} INFO - Processing /Users/pablofrancoherrero/prueba_tecnica/venv/lib/python3.11/site-packages/airflow/example_dags/example_nested_branch_dag.py took 0.049 seconds
[2026-04-28T20:35:55.930+0200] {processor.py:161} INFO - Started process (PID=56022) to work on /Users/pablofrancoherrero/prueba_tecnica/venv/lib/python3.11/site-packages/airflow/example_dags/example_nested_branch_dag.py
[2026-04-28T20:35:55.931+0200] {processor.py:830} INFO - Processing file /Users/pablofrancoherrero/prueba_tecnica/venv/lib/python3.11/site-packages/airflow/example_dags/example_nested_branch_dag.py for tasks to queue
[2026-04-28T20:35:55.931+0200] {logging_mixin.py:188} INFO - [2026-04-28T20:35:55.931+0200] {dagbag.py:540} INFO - Filling up the DagBag from /Users/pablofrancoherrero/prueba_tecnica/venv/lib/python3.11/site-packages/airflow/example_dags/example_nested_branch_dag.py
[2026-04-28T20:35:55.943+0200] {processor.py:840} INFO - DAG(s) 'example_nested_branch_dag' retrieved from /Users/pablofrancoherrero/prueba_tecnica/venv/lib/python3.11/site-packages/airflow/example_dags/example_nested_branch_dag.py
[2026-04-28T20:35:55.968+0200] {logging_mixin.py:188} INFO - [2026-04-28T20:35:55.968+0200] {dag.py:3096} INFO - Sync 1 DAGs
[2026-04-28T20:35:55.973+0200] {logging_mixin.py:188} INFO - [2026-04-28T20:35:55.973+0200] {dag.py:3954} INFO - Setting next_dagrun for example_nested_branch_dag to 2026-04-27 00:00:00+00:00, run_after=2026-04-28 00:00:00+00:00
[2026-04-28T20:35:55.978+0200] {processor.py:183} INFO - Processing /Users/pablofrancoherrero/prueba_tecnica/venv/lib/python3.11/site-packages/airflow/example_dags/example_nested_branch_dag.py took 0.048 seconds
[2026-04-28T20:37:17.008+0200] {processor.py:161} INFO - Started process (PID=56108) to work on /Users/pablofrancoherrero/prueba_tecnica/venv/lib/python3.11/site-packages/airflow/example_dags/example_nested_branch_dag.py
[2026-04-28T20:37:17.009+0200] {processor.py:830} INFO - Processing file /Users/pablofrancoherrero/prueba_tecnica/venv/lib/python3.11/site-packages/airflow/example_dags/example_nested_branch_dag.py for tasks to queue
[2026-04-28T20:37:17.009+0200] {logging_mixin.py:188} INFO - [2026-04-28T20:37:17.009+0200] {dagbag.py:540} INFO - Filling up the DagBag from /Users/pablofrancoherrero/prueba_tecnica/venv/lib/python3.11/site-packages/airflow/example_dags/example_nested_branch_dag.py
[2026-04-28T20:37:17.021+0200] {processor.py:840} INFO - DAG(s) 'example_nested_branch_dag' retrieved from /Users/pablofrancoherrero/prueba_tecnica/venv/lib/python3.11/site-packages/airflow/example_dags/example_nested_branch_dag.py
[2026-04-28T20:37:17.046+0200] {logging_mixin.py:188} INFO - [2026-04-28T20:37:17.046+0200] {dag.py:3096} INFO - Sync 1 DAGs
[2026-04-28T20:37:17.051+0200] {logging_mixin.py:188} INFO - [2026-04-28T20:37:17.051+0200] {dag.py:3954} INFO - Setting next_dagrun for example_nested_branch_dag to 2026-04-27 00:00:00+00:00, run_after=2026-04-28 00:00:00+00:00
[2026-04-28T20:37:17.056+0200] {processor.py:183} INFO - Processing /Users/pablofrancoherrero/prueba_tecnica/venv/lib/python3.11/site-packages/airflow/example_dags/example_nested_branch_dag.py took 0.048 seconds
[2026-04-28T20:38:39.862+0200] {processor.py:161} INFO - Started process (PID=56267) to work on /Users/pablofrancoherrero/prueba_tecnica/venv/lib/python3.11/site-packages/airflow/example_dags/example_nested_branch_dag.py
[2026-04-28T20:38:39.863+0200] {processor.py:830} INFO - Processing file /Users/pablofrancoherrero/prueba_tecnica/venv/lib/python3.11/site-packages/airflow/example_dags/example_nested_branch_dag.py for tasks to queue
[2026-04-28T20:38:39.863+0200] {logging_mixin.py:188} INFO - [2026-04-28T20:38:39.863+0200] {dagbag.py:540} INFO - Filling up the DagBag from /Users/pablofrancoherrero/prueba_tecnica/venv/lib/python3.11/site-packages/airflow/example_dags/example_nested_branch_dag.py
[2026-04-28T20:38:39.879+0200] {processor.py:840} INFO - DAG(s) 'example_nested_branch_dag' retrieved from /Users/pablofrancoherrero/prueba_tecnica/venv/lib/python3.11/site-packages/airflow/example_dags/example_nested_branch_dag.py
[2026-04-28T20:38:39.911+0200] {logging_mixin.py:188} INFO - [2026-04-28T20:38:39.911+0200] {dag.py:3096} INFO - Sync 1 DAGs
[2026-04-28T20:38:39.917+0200] {logging_mixin.py:188} INFO - [2026-04-28T20:38:39.917+0200] {dag.py:3954} INFO - Setting next_dagrun for example_nested_branch_dag to 2026-04-27 00:00:00+00:00, run_after=2026-04-28 00:00:00+00:00
[2026-04-28T20:38:39.923+0200] {processor.py:183} INFO - Processing /Users/pablofrancoherrero/prueba_tecnica/venv/lib/python3.11/site-packages/airflow/example_dags/example_nested_branch_dag.py took 0.061 seconds
[2026-04-28T20:40:00.078+0200] {processor.py:161} INFO - Started process (PID=56393) to work on /Users/pablofrancoherrero/prueba_tecnica/venv/lib/python3.11/site-packages/airflow/example_dags/example_nested_branch_dag.py
[2026-04-28T20:40:00.079+0200] {processor.py:830} INFO - Processing file /Users/pablofrancoherrero/prueba_tecnica/venv/lib/python3.11/site-packages/airflow/example_dags/example_nested_branch_dag.py for tasks to queue
[2026-04-28T20:40:00.079+0200] {logging_mixin.py:188} INFO - [2026-04-28T20:40:00.079+0200] {dagbag.py:540} INFO - Filling up the DagBag from /Users/pablofrancoherrero/prueba_tecnica/venv/lib/python3.11/site-packages/airflow/example_dags/example_nested_branch_dag.py
[2026-04-28T20:40:00.092+0200] {processor.py:840} INFO - DAG(s) 'example_nested_branch_dag' retrieved from /Users/pablofrancoherrero/prueba_tecnica/venv/lib/python3.11/site-packages/airflow/example_dags/example_nested_branch_dag.py
[2026-04-28T20:40:00.120+0200] {logging_mixin.py:188} INFO - [2026-04-28T20:40:00.119+0200] {dag.py:3096} INFO - Sync 1 DAGs
[2026-04-28T20:40:00.125+0200] {logging_mixin.py:188} INFO - [2026-04-28T20:40:00.124+0200] {dag.py:3954} INFO - Setting next_dagrun for example_nested_branch_dag to 2026-04-27 00:00:00+00:00, run_after=2026-04-28 00:00:00+00:00
[2026-04-28T20:40:00.130+0200] {processor.py:183} INFO - Processing /Users/pablofrancoherrero/prueba_tecnica/venv/lib/python3.11/site-packages/airflow/example_dags/example_nested_branch_dag.py took 0.052 seconds
[2026-04-28T20:41:23.789+0200] {processor.py:161} INFO - Started process (PID=56490) to work on /Users/pablofrancoherrero/prueba_tecnica/venv/lib/python3.11/site-packages/airflow/example_dags/example_nested_branch_dag.py
[2026-04-28T20:41:23.790+0200] {processor.py:830} INFO - Processing file /Users/pablofrancoherrero/prueba_tecnica/venv/lib/python3.11/site-packages/airflow/example_dags/example_nested_branch_dag.py for tasks to queue
[2026-04-28T20:41:23.790+0200] {logging_mixin.py:188} INFO - [2026-04-28T20:41:23.790+0200] {dagbag.py:540} INFO - Filling up the DagBag from /Users/pablofrancoherrero/prueba_tecnica/venv/lib/python3.11/site-packages/airflow/example_dags/example_nested_branch_dag.py
[2026-04-28T20:41:23.802+0200] {processor.py:840} INFO - DAG(s) 'example_nested_branch_dag' retrieved from /Users/pablofrancoherrero/prueba_tecnica/venv/lib/python3.11/site-packages/airflow/example_dags/example_nested_branch_dag.py
[2026-04-28T20:41:23.828+0200] {logging_mixin.py:188} INFO - [2026-04-28T20:41:23.828+0200] {dag.py:3096} INFO - Sync 1 DAGs
[2026-04-28T20:41:23.833+0200] {logging_mixin.py:188} INFO - [2026-04-28T20:41:23.833+0200] {dag.py:3954} INFO - Setting next_dagrun for example_nested_branch_dag to 2026-04-27 00:00:00+00:00, run_after=2026-04-28 00:00:00+00:00
[2026-04-28T20:41:23.838+0200] {processor.py:183} INFO - Processing /Users/pablofrancoherrero/prueba_tecnica/venv/lib/python3.11/site-packages/airflow/example_dags/example_nested_branch_dag.py took 0.050 seconds
[2026-04-28T20:42:47.738+0200] {processor.py:161} INFO - Started process (PID=56631) to work on /Users/pablofrancoherrero/prueba_tecnica/venv/lib/python3.11/site-packages/airflow/example_dags/example_nested_branch_dag.py
[2026-04-28T20:42:47.739+0200] {processor.py:830} INFO - Processing file /Users/pablofrancoherrero/prueba_tecnica/venv/lib/python3.11/site-packages/airflow/example_dags/example_nested_branch_dag.py for tasks to queue
[2026-04-28T20:42:47.739+0200] {logging_mixin.py:188} INFO - [2026-04-28T20:42:47.739+0200] {dagbag.py:540} INFO - Filling up the DagBag from /Users/pablofrancoherrero/prueba_tecnica/venv/lib/python3.11/site-packages/airflow/example_dags/example_nested_branch_dag.py
[2026-04-28T20:42:47.751+0200] {processor.py:840} INFO - DAG(s) 'example_nested_branch_dag' retrieved from /Users/pablofrancoherrero/prueba_tecnica/venv/lib/python3.11/site-packages/airflow/example_dags/example_nested_branch_dag.py
[2026-04-28T20:42:47.778+0200] {logging_mixin.py:188} INFO - [2026-04-28T20:42:47.778+0200] {dag.py:3096} INFO - Sync 1 DAGs
[2026-04-28T20:42:47.782+0200] {logging_mixin.py:188} INFO - [2026-04-28T20:42:47.782+0200] {dag.py:3954} INFO - Setting next_dagrun for example_nested_branch_dag to 2026-04-27 00:00:00+00:00, run_after=2026-04-28 00:00:00+00:00
[2026-04-28T20:42:47.787+0200] {processor.py:183} INFO - Processing /Users/pablofrancoherrero/prueba_tecnica/venv/lib/python3.11/site-packages/airflow/example_dags/example_nested_branch_dag.py took 0.049 seconds
[2026-04-28T20:44:08.780+0200] {processor.py:161} INFO - Started process (PID=56825) to work on /Users/pablofrancoherrero/prueba_tecnica/venv/lib/python3.11/site-packages/airflow/example_dags/example_nested_branch_dag.py
[2026-04-28T20:44:08.781+0200] {processor.py:830} INFO - Processing file /Users/pablofrancoherrero/prueba_tecnica/venv/lib/python3.11/site-packages/airflow/example_dags/example_nested_branch_dag.py for tasks to queue
[2026-04-28T20:44:08.781+0200] {logging_mixin.py:188} INFO - [2026-04-28T20:44:08.781+0200] {dagbag.py:540} INFO - Filling up the DagBag from /Users/pablofrancoherrero/prueba_tecnica/venv/lib/python3.11/site-packages/airflow/example_dags/example_nested_branch_dag.py
[2026-04-28T20:44:08.793+0200] {processor.py:840} INFO - DAG(s) 'example_nested_branch_dag' retrieved from /Users/pablofrancoherrero/prueba_tecnica/venv/lib/python3.11/site-packages/airflow/example_dags/example_nested_branch_dag.py
[2026-04-28T20:44:08.824+0200] {logging_mixin.py:188} INFO - [2026-04-28T20:44:08.824+0200] {dag.py:3096} INFO - Sync 1 DAGs
[2026-04-28T20:44:08.834+0200] {logging_mixin.py:188} INFO - [2026-04-28T20:44:08.834+0200] {dag.py:3954} INFO - Setting next_dagrun for example_nested_branch_dag to 2026-04-27 00:00:00+00:00, run_after=2026-04-28 00:00:00+00:00
[2026-04-28T20:44:08.840+0200] {processor.py:183} INFO - Processing /Users/pablofrancoherrero/prueba_tecnica/venv/lib/python3.11/site-packages/airflow/example_dags/example_nested_branch_dag.py took 0.061 seconds
[2026-04-28T20:45:32.013+0200] {processor.py:161} INFO - Started process (PID=56947) to work on /Users/pablofrancoherrero/prueba_tecnica/venv/lib/python3.11/site-packages/airflow/example_dags/example_nested_branch_dag.py
[2026-04-28T20:45:32.014+0200] {processor.py:830} INFO - Processing file /Users/pablofrancoherrero/prueba_tecnica/venv/lib/python3.11/site-packages/airflow/example_dags/example_nested_branch_dag.py for tasks to queue
[2026-04-28T20:45:32.014+0200] {logging_mixin.py:188} INFO - [2026-04-28T20:45:32.014+0200] {dagbag.py:540} INFO - Filling up the DagBag from /Users/pablofrancoherrero/prueba_tecnica/venv/lib/python3.11/site-packages/airflow/example_dags/example_nested_branch_dag.py
[2026-04-28T20:45:32.027+0200] {processor.py:840} INFO - DAG(s) 'example_nested_branch_dag' retrieved from /Users/pablofrancoherrero/prueba_tecnica/venv/lib/python3.11/site-packages/airflow/example_dags/example_nested_branch_dag.py
[2026-04-28T20:45:32.054+0200] {logging_mixin.py:188} INFO - [2026-04-28T20:45:32.054+0200] {dag.py:3096} INFO - Sync 1 DAGs
[2026-04-28T20:45:32.059+0200] {logging_mixin.py:188} INFO - [2026-04-28T20:45:32.059+0200] {dag.py:3954} INFO - Setting next_dagrun for example_nested_branch_dag to 2026-04-27 00:00:00+00:00, run_after=2026-04-28 00:00:00+00:00
[2026-04-28T20:45:32.063+0200] {processor.py:183} INFO - Processing /Users/pablofrancoherrero/prueba_tecnica/venv/lib/python3.11/site-packages/airflow/example_dags/example_nested_branch_dag.py took 0.052 seconds
[2026-04-28T20:53:47.136+0200] {processor.py:161} INFO - Started process (PID=58984) to work on /Users/pablofrancoherrero/prueba_tecnica/venv/lib/python3.11/site-packages/airflow/example_dags/example_nested_branch_dag.py
[2026-04-28T20:53:47.138+0200] {processor.py:830} INFO - Processing file /Users/pablofrancoherrero/prueba_tecnica/venv/lib/python3.11/site-packages/airflow/example_dags/example_nested_branch_dag.py for tasks to queue
[2026-04-28T20:53:47.139+0200] {logging_mixin.py:188} INFO - [2026-04-28T20:53:47.138+0200] {dagbag.py:540} INFO - Filling up the DagBag from /Users/pablofrancoherrero/prueba_tecnica/venv/lib/python3.11/site-packages/airflow/example_dags/example_nested_branch_dag.py
[2026-04-28T20:53:47.159+0200] {processor.py:840} INFO - DAG(s) 'example_nested_branch_dag' retrieved from /Users/pablofrancoherrero/prueba_tecnica/venv/lib/python3.11/site-packages/airflow/example_dags/example_nested_branch_dag.py
[2026-04-28T20:53:47.218+0200] {logging_mixin.py:188} INFO - [2026-04-28T20:53:47.218+0200] {dag.py:3096} INFO - Sync 1 DAGs
[2026-04-28T20:53:47.247+0200] {logging_mixin.py:188} INFO - [2026-04-28T20:53:47.247+0200] {dag.py:3954} INFO - Setting next_dagrun for example_nested_branch_dag to 2026-04-27 00:00:00+00:00, run_after=2026-04-28 00:00:00+00:00
[2026-04-28T20:53:47.253+0200] {processor.py:183} INFO - Processing /Users/pablofrancoherrero/prueba_tecnica/venv/lib/python3.11/site-packages/airflow/example_dags/example_nested_branch_dag.py took 0.118 seconds
[2026-04-28T20:55:07.351+0200] {processor.py:161} INFO - Started process (PID=59069) to work on /Users/pablofrancoherrero/prueba_tecnica/venv/lib/python3.11/site-packages/airflow/example_dags/example_nested_branch_dag.py
[2026-04-28T20:55:07.352+0200] {processor.py:830} INFO - Processing file /Users/pablofrancoherrero/prueba_tecnica/venv/lib/python3.11/site-packages/airflow/example_dags/example_nested_branch_dag.py for tasks to queue
[2026-04-28T20:55:07.352+0200] {logging_mixin.py:188} INFO - [2026-04-28T20:55:07.352+0200] {dagbag.py:540} INFO - Filling up the DagBag from /Users/pablofrancoherrero/prueba_tecnica/venv/lib/python3.11/site-packages/airflow/example_dags/example_nested_branch_dag.py
[2026-04-28T20:55:07.364+0200] {processor.py:840} INFO - DAG(s) 'example_nested_branch_dag' retrieved from /Users/pablofrancoherrero/prueba_tecnica/venv/lib/python3.11/site-packages/airflow/example_dags/example_nested_branch_dag.py
[2026-04-28T20:55:07.391+0200] {logging_mixin.py:188} INFO - [2026-04-28T20:55:07.391+0200] {dag.py:3096} INFO - Sync 1 DAGs
[2026-04-28T20:55:07.396+0200] {logging_mixin.py:188} INFO - [2026-04-28T20:55:07.396+0200] {dag.py:3954} INFO - Setting next_dagrun for example_nested_branch_dag to 2026-04-27 00:00:00+00:00, run_after=2026-04-28 00:00:00+00:00
[2026-04-28T20:55:07.401+0200] {processor.py:183} INFO - Processing /Users/pablofrancoherrero/prueba_tecnica/venv/lib/python3.11/site-packages/airflow/example_dags/example_nested_branch_dag.py took 0.051 seconds
[2026-04-28T20:56:29.447+0200] {processor.py:161} INFO - Started process (PID=59172) to work on /Users/pablofrancoherrero/prueba_tecnica/venv/lib/python3.11/site-packages/airflow/example_dags/example_nested_branch_dag.py
[2026-04-28T20:56:29.448+0200] {processor.py:830} INFO - Processing file /Users/pablofrancoherrero/prueba_tecnica/venv/lib/python3.11/site-packages/airflow/example_dags/example_nested_branch_dag.py for tasks to queue
[2026-04-28T20:56:29.448+0200] {logging_mixin.py:188} INFO - [2026-04-28T20:56:29.448+0200] {dagbag.py:540} INFO - Filling up the DagBag from /Users/pablofrancoherrero/prueba_tecnica/venv/lib/python3.11/site-packages/airflow/example_dags/example_nested_branch_dag.py
[2026-04-28T20:56:29.460+0200] {processor.py:840} INFO - DAG(s) 'example_nested_branch_dag' retrieved from /Users/pablofrancoherrero/prueba_tecnica/venv/lib/python3.11/site-packages/airflow/example_dags/example_nested_branch_dag.py
[2026-04-28T20:56:29.486+0200] {logging_mixin.py:188} INFO - [2026-04-28T20:56:29.486+0200] {dag.py:3096} INFO - Sync 1 DAGs
[2026-04-28T20:56:29.491+0200] {logging_mixin.py:188} INFO - [2026-04-28T20:56:29.491+0200] {dag.py:3954} INFO - Setting next_dagrun for example_nested_branch_dag to 2026-04-27 00:00:00+00:00, run_after=2026-04-28 00:00:00+00:00
[2026-04-28T20:56:29.496+0200] {processor.py:183} INFO - Processing /Users/pablofrancoherrero/prueba_tecnica/venv/lib/python3.11/site-packages/airflow/example_dags/example_nested_branch_dag.py took 0.049 seconds
[2026-04-28T20:57:50.346+0200] {processor.py:161} INFO - Started process (PID=59267) to work on /Users/pablofrancoherrero/prueba_tecnica/venv/lib/python3.11/site-packages/airflow/example_dags/example_nested_branch_dag.py
[2026-04-28T20:57:50.347+0200] {processor.py:830} INFO - Processing file /Users/pablofrancoherrero/prueba_tecnica/venv/lib/python3.11/site-packages/airflow/example_dags/example_nested_branch_dag.py for tasks to queue
[2026-04-28T20:57:50.348+0200] {logging_mixin.py:188} INFO - [2026-04-28T20:57:50.348+0200] {dagbag.py:540} INFO - Filling up the DagBag from /Users/pablofrancoherrero/prueba_tecnica/venv/lib/python3.11/site-packages/airflow/example_dags/example_nested_branch_dag.py
[2026-04-28T20:57:50.360+0200] {processor.py:840} INFO - DAG(s) 'example_nested_branch_dag' retrieved from /Users/pablofrancoherrero/prueba_tecnica/venv/lib/python3.11/site-packages/airflow/example_dags/example_nested_branch_dag.py
[2026-04-28T20:57:50.386+0200] {logging_mixin.py:188} INFO - [2026-04-28T20:57:50.386+0200] {dag.py:3096} INFO - Sync 1 DAGs
[2026-04-28T20:57:50.391+0200] {logging_mixin.py:188} INFO - [2026-04-28T20:57:50.391+0200] {dag.py:3954} INFO - Setting next_dagrun for example_nested_branch_dag to 2026-04-27 00:00:00+00:00, run_after=2026-04-28 00:00:00+00:00
[2026-04-28T20:57:50.396+0200] {processor.py:183} INFO - Processing /Users/pablofrancoherrero/prueba_tecnica/venv/lib/python3.11/site-packages/airflow/example_dags/example_nested_branch_dag.py took 0.050 seconds
[2026-04-28T20:59:10.675+0200] {processor.py:161} INFO - Started process (PID=59405) to work on /Users/pablofrancoherrero/prueba_tecnica/venv/lib/python3.11/site-packages/airflow/example_dags/example_nested_branch_dag.py
[2026-04-28T20:59:10.678+0200] {processor.py:830} INFO - Processing file /Users/pablofrancoherrero/prueba_tecnica/venv/lib/python3.11/site-packages/airflow/example_dags/example_nested_branch_dag.py for tasks to queue
[2026-04-28T20:59:10.678+0200] {logging_mixin.py:188} INFO - [2026-04-28T20:59:10.678+0200] {dagbag.py:540} INFO - Filling up the DagBag from /Users/pablofrancoherrero/prueba_tecnica/venv/lib/python3.11/site-packages/airflow/example_dags/example_nested_branch_dag.py
[2026-04-28T20:59:10.691+0200] {processor.py:840} INFO - DAG(s) 'example_nested_branch_dag' retrieved from /Users/pablofrancoherrero/prueba_tecnica/venv/lib/python3.11/site-packages/airflow/example_dags/example_nested_branch_dag.py
[2026-04-28T20:59:10.718+0200] {logging_mixin.py:188} INFO - [2026-04-28T20:59:10.718+0200] {dag.py:3096} INFO - Sync 1 DAGs
[2026-04-28T20:59:10.724+0200] {logging_mixin.py:188} INFO - [2026-04-28T20:59:10.724+0200] {dag.py:3954} INFO - Setting next_dagrun for example_nested_branch_dag to 2026-04-27 00:00:00+00:00, run_after=2026-04-28 00:00:00+00:00
[2026-04-28T20:59:10.729+0200] {processor.py:183} INFO - Processing /Users/pablofrancoherrero/prueba_tecnica/venv/lib/python3.11/site-packages/airflow/example_dags/example_nested_branch_dag.py took 0.055 seconds
[2026-04-28T21:00:35.178+0200] {processor.py:161} INFO - Started process (PID=59493) to work on /Users/pablofrancoherrero/prueba_tecnica/venv/lib/python3.11/site-packages/airflow/example_dags/example_nested_branch_dag.py
[2026-04-28T21:00:35.179+0200] {processor.py:830} INFO - Processing file /Users/pablofrancoherrero/prueba_tecnica/venv/lib/python3.11/site-packages/airflow/example_dags/example_nested_branch_dag.py for tasks to queue
[2026-04-28T21:00:35.179+0200] {logging_mixin.py:188} INFO - [2026-04-28T21:00:35.179+0200] {dagbag.py:540} INFO - Filling up the DagBag from /Users/pablofrancoherrero/prueba_tecnica/venv/lib/python3.11/site-packages/airflow/example_dags/example_nested_branch_dag.py
[2026-04-28T21:00:35.191+0200] {processor.py:840} INFO - DAG(s) 'example_nested_branch_dag' retrieved from /Users/pablofrancoherrero/prueba_tecnica/venv/lib/python3.11/site-packages/airflow/example_dags/example_nested_branch_dag.py
[2026-04-28T21:00:35.217+0200] {logging_mixin.py:188} INFO - [2026-04-28T21:00:35.217+0200] {dag.py:3096} INFO - Sync 1 DAGs
[2026-04-28T21:00:35.222+0200] {logging_mixin.py:188} INFO - [2026-04-28T21:00:35.222+0200] {dag.py:3954} INFO - Setting next_dagrun for example_nested_branch_dag to 2026-04-27 00:00:00+00:00, run_after=2026-04-28 00:00:00+00:00
[2026-04-28T21:00:35.227+0200] {processor.py:183} INFO - Processing /Users/pablofrancoherrero/prueba_tecnica/venv/lib/python3.11/site-packages/airflow/example_dags/example_nested_branch_dag.py took 0.050 seconds
[2026-04-28T21:01:58.001+0200] {processor.py:161} INFO - Started process (PID=59595) to work on /Users/pablofrancoherrero/prueba_tecnica/venv/lib/python3.11/site-packages/airflow/example_dags/example_nested_branch_dag.py
[2026-04-28T21:01:58.002+0200] {processor.py:830} INFO - Processing file /Users/pablofrancoherrero/prueba_tecnica/venv/lib/python3.11/site-packages/airflow/example_dags/example_nested_branch_dag.py for tasks to queue
[2026-04-28T21:01:58.002+0200] {logging_mixin.py:188} INFO - [2026-04-28T21:01:58.002+0200] {dagbag.py:540} INFO - Filling up the DagBag from /Users/pablofrancoherrero/prueba_tecnica/venv/lib/python3.11/site-packages/airflow/example_dags/example_nested_branch_dag.py
[2026-04-28T21:01:58.033+0200] {processor.py:840} INFO - DAG(s) 'example_nested_branch_dag' retrieved from /Users/pablofrancoherrero/prueba_tecnica/venv/lib/python3.11/site-packages/airflow/example_dags/example_nested_branch_dag.py
[2026-04-28T21:01:58.065+0200] {logging_mixin.py:188} INFO - [2026-04-28T21:01:58.065+0200] {dag.py:3096} INFO - Sync 1 DAGs
[2026-04-28T21:01:58.070+0200] {logging_mixin.py:188} INFO - [2026-04-28T21:01:58.070+0200] {dag.py:3954} INFO - Setting next_dagrun for example_nested_branch_dag to 2026-04-27 00:00:00+00:00, run_after=2026-04-28 00:00:00+00:00
[2026-04-28T21:01:58.075+0200] {processor.py:183} INFO - Processing /Users/pablofrancoherrero/prueba_tecnica/venv/lib/python3.11/site-packages/airflow/example_dags/example_nested_branch_dag.py took 0.075 seconds
[2026-04-28T21:03:16.998+0200] {processor.py:161} INFO - Started process (PID=59703) to work on /Users/pablofrancoherrero/prueba_tecnica/venv/lib/python3.11/site-packages/airflow/example_dags/example_nested_branch_dag.py
[2026-04-28T21:03:16.998+0200] {processor.py:830} INFO - Processing file /Users/pablofrancoherrero/prueba_tecnica/venv/lib/python3.11/site-packages/airflow/example_dags/example_nested_branch_dag.py for tasks to queue
[2026-04-28T21:03:16.999+0200] {logging_mixin.py:188} INFO - [2026-04-28T21:03:16.999+0200] {dagbag.py:540} INFO - Filling up the DagBag from /Users/pablofrancoherrero/prueba_tecnica/venv/lib/python3.11/site-packages/airflow/example_dags/example_nested_branch_dag.py
[2026-04-28T21:03:17.011+0200] {processor.py:840} INFO - DAG(s) 'example_nested_branch_dag' retrieved from /Users/pablofrancoherrero/prueba_tecnica/venv/lib/python3.11/site-packages/airflow/example_dags/example_nested_branch_dag.py
[2026-04-28T21:03:17.037+0200] {logging_mixin.py:188} INFO - [2026-04-28T21:03:17.037+0200] {dag.py:3096} INFO - Sync 1 DAGs
[2026-04-28T21:03:17.041+0200] {logging_mixin.py:188} INFO - [2026-04-28T21:03:17.041+0200] {dag.py:3954} INFO - Setting next_dagrun for example_nested_branch_dag to 2026-04-27 00:00:00+00:00, run_after=2026-04-28 00:00:00+00:00
[2026-04-28T21:03:17.046+0200] {processor.py:183} INFO - Processing /Users/pablofrancoherrero/prueba_tecnica/venv/lib/python3.11/site-packages/airflow/example_dags/example_nested_branch_dag.py took 0.049 seconds
[2026-04-28T21:04:38.782+0200] {processor.py:161} INFO - Started process (PID=59792) to work on /Users/pablofrancoherrero/prueba_tecnica/venv/lib/python3.11/site-packages/airflow/example_dags/example_nested_branch_dag.py
[2026-04-28T21:04:38.783+0200] {processor.py:830} INFO - Processing file /Users/pablofrancoherrero/prueba_tecnica/venv/lib/python3.11/site-packages/airflow/example_dags/example_nested_branch_dag.py for tasks to queue
[2026-04-28T21:04:38.784+0200] {logging_mixin.py:188} INFO - [2026-04-28T21:04:38.783+0200] {dagbag.py:540} INFO - Filling up the DagBag from /Users/pablofrancoherrero/prueba_tecnica/venv/lib/python3.11/site-packages/airflow/example_dags/example_nested_branch_dag.py
[2026-04-28T21:04:38.795+0200] {processor.py:840} INFO - DAG(s) 'example_nested_branch_dag' retrieved from /Users/pablofrancoherrero/prueba_tecnica/venv/lib/python3.11/site-packages/airflow/example_dags/example_nested_branch_dag.py
[2026-04-28T21:04:38.821+0200] {logging_mixin.py:188} INFO - [2026-04-28T21:04:38.821+0200] {dag.py:3096} INFO - Sync 1 DAGs
[2026-04-28T21:04:38.826+0200] {logging_mixin.py:188} INFO - [2026-04-28T21:04:38.826+0200] {dag.py:3954} INFO - Setting next_dagrun for example_nested_branch_dag to 2026-04-27 00:00:00+00:00, run_after=2026-04-28 00:00:00+00:00
[2026-04-28T21:04:38.830+0200] {processor.py:183} INFO - Processing /Users/pablofrancoherrero/prueba_tecnica/venv/lib/python3.11/site-packages/airflow/example_dags/example_nested_branch_dag.py took 0.049 seconds
[2026-04-28T21:06:02.626+0200] {processor.py:161} INFO - Started process (PID=59895) to work on /Users/pablofrancoherrero/prueba_tecnica/venv/lib/python3.11/site-packages/airflow/example_dags/example_nested_branch_dag.py
[2026-04-28T21:06:02.627+0200] {processor.py:830} INFO - Processing file /Users/pablofrancoherrero/prueba_tecnica/venv/lib/python3.11/site-packages/airflow/example_dags/example_nested_branch_dag.py for tasks to queue
[2026-04-28T21:06:02.627+0200] {logging_mixin.py:188} INFO - [2026-04-28T21:06:02.627+0200] {dagbag.py:540} INFO - Filling up the DagBag from /Users/pablofrancoherrero/prueba_tecnica/venv/lib/python3.11/site-packages/airflow/example_dags/example_nested_branch_dag.py
[2026-04-28T21:06:02.640+0200] {processor.py:840} INFO - DAG(s) 'example_nested_branch_dag' retrieved from /Users/pablofrancoherrero/prueba_tecnica/venv/lib/python3.11/site-packages/airflow/example_dags/example_nested_branch_dag.py
[2026-04-28T21:06:02.666+0200] {logging_mixin.py:188} INFO - [2026-04-28T21:06:02.666+0200] {dag.py:3096} INFO - Sync 1 DAGs
[2026-04-28T21:06:02.671+0200] {logging_mixin.py:188} INFO - [2026-04-28T21:06:02.671+0200] {dag.py:3954} INFO - Setting next_dagrun for example_nested_branch_dag to 2026-04-27 00:00:00+00:00, run_after=2026-04-28 00:00:00+00:00
[2026-04-28T21:06:02.675+0200] {processor.py:183} INFO - Processing /Users/pablofrancoherrero/prueba_tecnica/venv/lib/python3.11/site-packages/airflow/example_dags/example_nested_branch_dag.py took 0.050 seconds
[2026-04-28T21:07:22.640+0200] {processor.py:161} INFO - Started process (PID=60003) to work on /Users/pablofrancoherrero/prueba_tecnica/venv/lib/python3.11/site-packages/airflow/example_dags/example_nested_branch_dag.py
[2026-04-28T21:07:22.641+0200] {processor.py:830} INFO - Processing file /Users/pablofrancoherrero/prueba_tecnica/venv/lib/python3.11/site-packages/airflow/example_dags/example_nested_branch_dag.py for tasks to queue
[2026-04-28T21:07:22.641+0200] {logging_mixin.py:188} INFO - [2026-04-28T21:07:22.641+0200] {dagbag.py:540} INFO - Filling up the DagBag from /Users/pablofrancoherrero/prueba_tecnica/venv/lib/python3.11/site-packages/airflow/example_dags/example_nested_branch_dag.py
[2026-04-28T21:07:22.653+0200] {processor.py:840} INFO - DAG(s) 'example_nested_branch_dag' retrieved from /Users/pablofrancoherrero/prueba_tecnica/venv/lib/python3.11/site-packages/airflow/example_dags/example_nested_branch_dag.py
[2026-04-28T21:07:22.680+0200] {logging_mixin.py:188} INFO - [2026-04-28T21:07:22.680+0200] {dag.py:3096} INFO - Sync 1 DAGs
[2026-04-28T21:07:22.685+0200] {logging_mixin.py:188} INFO - [2026-04-28T21:07:22.685+0200] {dag.py:3954} INFO - Setting next_dagrun for example_nested_branch_dag to 2026-04-27 00:00:00+00:00, run_after=2026-04-28 00:00:00+00:00
[2026-04-28T21:07:22.691+0200] {processor.py:183} INFO - Processing /Users/pablofrancoherrero/prueba_tecnica/venv/lib/python3.11/site-packages/airflow/example_dags/example_nested_branch_dag.py took 0.052 seconds
[2026-04-28T21:08:44.300+0200] {processor.py:161} INFO - Started process (PID=60113) to work on /Users/pablofrancoherrero/prueba_tecnica/venv/lib/python3.11/site-packages/airflow/example_dags/example_nested_branch_dag.py
[2026-04-28T21:08:44.301+0200] {processor.py:830} INFO - Processing file /Users/pablofrancoherrero/prueba_tecnica/venv/lib/python3.11/site-packages/airflow/example_dags/example_nested_branch_dag.py for tasks to queue
[2026-04-28T21:08:44.301+0200] {logging_mixin.py:188} INFO - [2026-04-28T21:08:44.301+0200] {dagbag.py:540} INFO - Filling up the DagBag from /Users/pablofrancoherrero/prueba_tecnica/venv/lib/python3.11/site-packages/airflow/example_dags/example_nested_branch_dag.py
[2026-04-28T21:08:44.316+0200] {processor.py:840} INFO - DAG(s) 'example_nested_branch_dag' retrieved from /Users/pablofrancoherrero/prueba_tecnica/venv/lib/python3.11/site-packages/airflow/example_dags/example_nested_branch_dag.py
[2026-04-28T21:08:44.345+0200] {logging_mixin.py:188} INFO - [2026-04-28T21:08:44.345+0200] {dag.py:3096} INFO - Sync 1 DAGs
[2026-04-28T21:08:44.358+0200] {logging_mixin.py:188} INFO - [2026-04-28T21:08:44.358+0200] {dag.py:3954} INFO - Setting next_dagrun for example_nested_branch_dag to 2026-04-27 00:00:00+00:00, run_after=2026-04-28 00:00:00+00:00
[2026-04-28T21:08:44.365+0200] {processor.py:183} INFO - Processing /Users/pablofrancoherrero/prueba_tecnica/venv/lib/python3.11/site-packages/airflow/example_dags/example_nested_branch_dag.py took 0.066 seconds
[2026-04-28T21:10:09.853+0200] {processor.py:161} INFO - Started process (PID=60278) to work on /Users/pablofrancoherrero/prueba_tecnica/venv/lib/python3.11/site-packages/airflow/example_dags/example_nested_branch_dag.py
[2026-04-28T21:10:09.854+0200] {processor.py:830} INFO - Processing file /Users/pablofrancoherrero/prueba_tecnica/venv/lib/python3.11/site-packages/airflow/example_dags/example_nested_branch_dag.py for tasks to queue
[2026-04-28T21:10:09.854+0200] {logging_mixin.py:188} INFO - [2026-04-28T21:10:09.854+0200] {dagbag.py:540} INFO - Filling up the DagBag from /Users/pablofrancoherrero/prueba_tecnica/venv/lib/python3.11/site-packages/airflow/example_dags/example_nested_branch_dag.py
[2026-04-28T21:10:09.866+0200] {processor.py:840} INFO - DAG(s) 'example_nested_branch_dag' retrieved from /Users/pablofrancoherrero/prueba_tecnica/venv/lib/python3.11/site-packages/airflow/example_dags/example_nested_branch_dag.py
[2026-04-28T21:10:09.893+0200] {logging_mixin.py:188} INFO - [2026-04-28T21:10:09.893+0200] {dag.py:3096} INFO - Sync 1 DAGs
[2026-04-28T21:10:09.898+0200] {logging_mixin.py:188} INFO - [2026-04-28T21:10:09.898+0200] {dag.py:3954} INFO - Setting next_dagrun for example_nested_branch_dag to 2026-04-27 00:00:00+00:00, run_after=2026-04-28 00:00:00+00:00
[2026-04-28T21:10:09.902+0200] {processor.py:183} INFO - Processing /Users/pablofrancoherrero/prueba_tecnica/venv/lib/python3.11/site-packages/airflow/example_dags/example_nested_branch_dag.py took 0.051 seconds
[2026-04-28T21:13:56.009+0200] {processor.py:161} INFO - Started process (PID=60445) to work on /Users/pablofrancoherrero/prueba_tecnica/venv/lib/python3.11/site-packages/airflow/example_dags/example_nested_branch_dag.py
[2026-04-28T21:13:56.010+0200] {processor.py:830} INFO - Processing file /Users/pablofrancoherrero/prueba_tecnica/venv/lib/python3.11/site-packages/airflow/example_dags/example_nested_branch_dag.py for tasks to queue
[2026-04-28T21:13:56.011+0200] {logging_mixin.py:188} INFO - [2026-04-28T21:13:56.011+0200] {dagbag.py:540} INFO - Filling up the DagBag from /Users/pablofrancoherrero/prueba_tecnica/venv/lib/python3.11/site-packages/airflow/example_dags/example_nested_branch_dag.py
[2026-04-28T21:13:56.022+0200] {processor.py:840} INFO - DAG(s) 'example_nested_branch_dag' retrieved from /Users/pablofrancoherrero/prueba_tecnica/venv/lib/python3.11/site-packages/airflow/example_dags/example_nested_branch_dag.py
[2026-04-28T21:13:56.047+0200] {logging_mixin.py:188} INFO - [2026-04-28T21:13:56.047+0200] {dag.py:3096} INFO - Sync 1 DAGs
[2026-04-28T21:13:56.052+0200] {logging_mixin.py:188} INFO - [2026-04-28T21:13:56.052+0200] {dag.py:3954} INFO - Setting next_dagrun for example_nested_branch_dag to 2026-04-27 00:00:00+00:00, run_after=2026-04-28 00:00:00+00:00
[2026-04-28T21:13:56.057+0200] {processor.py:183} INFO - Processing /Users/pablofrancoherrero/prueba_tecnica/venv/lib/python3.11/site-packages/airflow/example_dags/example_nested_branch_dag.py took 0.049 seconds
[2026-04-28T21:20:19.311+0200] {processor.py:161} INFO - Started process (PID=60615) to work on /Users/pablofrancoherrero/prueba_tecnica/venv/lib/python3.11/site-packages/airflow/example_dags/example_nested_branch_dag.py
[2026-04-28T21:20:19.312+0200] {processor.py:830} INFO - Processing file /Users/pablofrancoherrero/prueba_tecnica/venv/lib/python3.11/site-packages/airflow/example_dags/example_nested_branch_dag.py for tasks to queue
[2026-04-28T21:20:19.312+0200] {logging_mixin.py:188} INFO - [2026-04-28T21:20:19.312+0200] {dagbag.py:540} INFO - Filling up the DagBag from /Users/pablofrancoherrero/prueba_tecnica/venv/lib/python3.11/site-packages/airflow/example_dags/example_nested_branch_dag.py
[2026-04-28T21:20:19.324+0200] {processor.py:840} INFO - DAG(s) 'example_nested_branch_dag' retrieved from /Users/pablofrancoherrero/prueba_tecnica/venv/lib/python3.11/site-packages/airflow/example_dags/example_nested_branch_dag.py
[2026-04-28T21:20:19.349+0200] {logging_mixin.py:188} INFO - [2026-04-28T21:20:19.349+0200] {dag.py:3096} INFO - Sync 1 DAGs
[2026-04-28T21:20:19.353+0200] {logging_mixin.py:188} INFO - [2026-04-28T21:20:19.353+0200] {dag.py:3954} INFO - Setting next_dagrun for example_nested_branch_dag to 2026-04-27 00:00:00+00:00, run_after=2026-04-28 00:00:00+00:00
[2026-04-28T21:20:19.358+0200] {processor.py:183} INFO - Processing /Users/pablofrancoherrero/prueba_tecnica/venv/lib/python3.11/site-packages/airflow/example_dags/example_nested_branch_dag.py took 0.048 seconds
[2026-04-28T21:21:54.270+0200] {processor.py:161} INFO - Started process (PID=60749) to work on /Users/pablofrancoherrero/prueba_tecnica/venv/lib/python3.11/site-packages/airflow/example_dags/example_nested_branch_dag.py
[2026-04-28T21:21:54.271+0200] {processor.py:830} INFO - Processing file /Users/pablofrancoherrero/prueba_tecnica/venv/lib/python3.11/site-packages/airflow/example_dags/example_nested_branch_dag.py for tasks to queue
[2026-04-28T21:21:54.271+0200] {logging_mixin.py:188} INFO - [2026-04-28T21:21:54.271+0200] {dagbag.py:540} INFO - Filling up the DagBag from /Users/pablofrancoherrero/prueba_tecnica/venv/lib/python3.11/site-packages/airflow/example_dags/example_nested_branch_dag.py
[2026-04-28T21:21:54.286+0200] {processor.py:840} INFO - DAG(s) 'example_nested_branch_dag' retrieved from /Users/pablofrancoherrero/prueba_tecnica/venv/lib/python3.11/site-packages/airflow/example_dags/example_nested_branch_dag.py
[2026-04-28T21:21:54.313+0200] {logging_mixin.py:188} INFO - [2026-04-28T21:21:54.313+0200] {dag.py:3096} INFO - Sync 1 DAGs
[2026-04-28T21:21:54.317+0200] {logging_mixin.py:188} INFO - [2026-04-28T21:21:54.317+0200] {dag.py:3954} INFO - Setting next_dagrun for example_nested_branch_dag to 2026-04-27 00:00:00+00:00, run_after=2026-04-28 00:00:00+00:00
[2026-04-28T21:21:54.322+0200] {processor.py:183} INFO - Processing /Users/pablofrancoherrero/prueba_tecnica/venv/lib/python3.11/site-packages/airflow/example_dags/example_nested_branch_dag.py took 0.053 seconds
[2026-04-28T21:24:03.349+0200] {processor.py:161} INFO - Started process (PID=60835) to work on /Users/pablofrancoherrero/prueba_tecnica/venv/lib/python3.11/site-packages/airflow/example_dags/example_nested_branch_dag.py
[2026-04-28T21:24:03.351+0200] {processor.py:830} INFO - Processing file /Users/pablofrancoherrero/prueba_tecnica/venv/lib/python3.11/site-packages/airflow/example_dags/example_nested_branch_dag.py for tasks to queue
[2026-04-28T21:24:03.351+0200] {logging_mixin.py:188} INFO - [2026-04-28T21:24:03.351+0200] {dagbag.py:540} INFO - Filling up the DagBag from /Users/pablofrancoherrero/prueba_tecnica/venv/lib/python3.11/site-packages/airflow/example_dags/example_nested_branch_dag.py
[2026-04-28T21:24:03.363+0200] {processor.py:840} INFO - DAG(s) 'example_nested_branch_dag' retrieved from /Users/pablofrancoherrero/prueba_tecnica/venv/lib/python3.11/site-packages/airflow/example_dags/example_nested_branch_dag.py
[2026-04-28T21:24:03.389+0200] {logging_mixin.py:188} INFO - [2026-04-28T21:24:03.389+0200] {dag.py:3096} INFO - Sync 1 DAGs
[2026-04-28T21:24:03.393+0200] {logging_mixin.py:188} INFO - [2026-04-28T21:24:03.393+0200] {dag.py:3954} INFO - Setting next_dagrun for example_nested_branch_dag to 2026-04-27 00:00:00+00:00, run_after=2026-04-28 00:00:00+00:00
[2026-04-28T21:24:03.398+0200] {processor.py:183} INFO - Processing /Users/pablofrancoherrero/prueba_tecnica/venv/lib/python3.11/site-packages/airflow/example_dags/example_nested_branch_dag.py took 0.049 seconds
[2026-04-28T21:27:42.174+0200] {processor.py:161} INFO - Started process (PID=60989) to work on /Users/pablofrancoherrero/prueba_tecnica/venv/lib/python3.11/site-packages/airflow/example_dags/example_nested_branch_dag.py
[2026-04-28T21:27:42.175+0200] {processor.py:830} INFO - Processing file /Users/pablofrancoherrero/prueba_tecnica/venv/lib/python3.11/site-packages/airflow/example_dags/example_nested_branch_dag.py for tasks to queue
[2026-04-28T21:27:42.175+0200] {logging_mixin.py:188} INFO - [2026-04-28T21:27:42.175+0200] {dagbag.py:540} INFO - Filling up the DagBag from /Users/pablofrancoherrero/prueba_tecnica/venv/lib/python3.11/site-packages/airflow/example_dags/example_nested_branch_dag.py
[2026-04-28T21:27:42.187+0200] {processor.py:840} INFO - DAG(s) 'example_nested_branch_dag' retrieved from /Users/pablofrancoherrero/prueba_tecnica/venv/lib/python3.11/site-packages/airflow/example_dags/example_nested_branch_dag.py
[2026-04-28T21:27:42.213+0200] {logging_mixin.py:188} INFO - [2026-04-28T21:27:42.213+0200] {dag.py:3096} INFO - Sync 1 DAGs
[2026-04-28T21:27:42.217+0200] {logging_mixin.py:188} INFO - [2026-04-28T21:27:42.217+0200] {dag.py:3954} INFO - Setting next_dagrun for example_nested_branch_dag to 2026-04-27 00:00:00+00:00, run_after=2026-04-28 00:00:00+00:00
[2026-04-28T21:27:42.222+0200] {processor.py:183} INFO - Processing /Users/pablofrancoherrero/prueba_tecnica/venv/lib/python3.11/site-packages/airflow/example_dags/example_nested_branch_dag.py took 0.049 seconds
[2026-04-28T21:33:05.620+0200] {processor.py:161} INFO - Started process (PID=61132) to work on /Users/pablofrancoherrero/prueba_tecnica/venv/lib/python3.11/site-packages/airflow/example_dags/example_nested_branch_dag.py
[2026-04-28T21:33:05.621+0200] {processor.py:830} INFO - Processing file /Users/pablofrancoherrero/prueba_tecnica/venv/lib/python3.11/site-packages/airflow/example_dags/example_nested_branch_dag.py for tasks to queue
[2026-04-28T21:33:05.621+0200] {logging_mixin.py:188} INFO - [2026-04-28T21:33:05.621+0200] {dagbag.py:540} INFO - Filling up the DagBag from /Users/pablofrancoherrero/prueba_tecnica/venv/lib/python3.11/site-packages/airflow/example_dags/example_nested_branch_dag.py
[2026-04-28T21:33:05.633+0200] {processor.py:840} INFO - DAG(s) 'example_nested_branch_dag' retrieved from /Users/pablofrancoherrero/prueba_tecnica/venv/lib/python3.11/site-packages/airflow/example_dags/example_nested_branch_dag.py
[2026-04-28T21:33:05.658+0200] {logging_mixin.py:188} INFO - [2026-04-28T21:33:05.658+0200] {dag.py:3096} INFO - Sync 1 DAGs
[2026-04-28T21:33:05.662+0200] {logging_mixin.py:188} INFO - [2026-04-28T21:33:05.662+0200] {dag.py:3954} INFO - Setting next_dagrun for example_nested_branch_dag to 2026-04-27 00:00:00+00:00, run_after=2026-04-28 00:00:00+00:00
[2026-04-28T21:33:05.667+0200] {processor.py:183} INFO - Processing /Users/pablofrancoherrero/prueba_tecnica/venv/lib/python3.11/site-packages/airflow/example_dags/example_nested_branch_dag.py took 0.048 seconds
[2026-04-28T21:47:14.684+0200] {processor.py:161} INFO - Started process (PID=61323) to work on /Users/pablofrancoherrero/prueba_tecnica/venv/lib/python3.11/site-packages/airflow/example_dags/example_nested_branch_dag.py
[2026-04-28T21:47:14.684+0200] {processor.py:830} INFO - Processing file /Users/pablofrancoherrero/prueba_tecnica/venv/lib/python3.11/site-packages/airflow/example_dags/example_nested_branch_dag.py for tasks to queue
[2026-04-28T21:47:14.685+0200] {logging_mixin.py:188} INFO - [2026-04-28T21:47:14.685+0200] {dagbag.py:540} INFO - Filling up the DagBag from /Users/pablofrancoherrero/prueba_tecnica/venv/lib/python3.11/site-packages/airflow/example_dags/example_nested_branch_dag.py
[2026-04-28T21:47:14.701+0200] {processor.py:840} INFO - DAG(s) 'example_nested_branch_dag' retrieved from /Users/pablofrancoherrero/prueba_tecnica/venv/lib/python3.11/site-packages/airflow/example_dags/example_nested_branch_dag.py
[2026-04-28T21:47:14.728+0200] {logging_mixin.py:188} INFO - [2026-04-28T21:47:14.728+0200] {dag.py:3096} INFO - Sync 1 DAGs
[2026-04-28T21:47:14.734+0200] {logging_mixin.py:188} INFO - [2026-04-28T21:47:14.734+0200] {dag.py:3954} INFO - Setting next_dagrun for example_nested_branch_dag to 2026-04-27 00:00:00+00:00, run_after=2026-04-28 00:00:00+00:00
[2026-04-28T21:47:14.740+0200] {processor.py:183} INFO - Processing /Users/pablofrancoherrero/prueba_tecnica/venv/lib/python3.11/site-packages/airflow/example_dags/example_nested_branch_dag.py took 0.057 seconds
[2026-04-28T21:51:39.855+0200] {processor.py:161} INFO - Started process (PID=61478) to work on /Users/pablofrancoherrero/prueba_tecnica/venv/lib/python3.11/site-packages/airflow/example_dags/example_nested_branch_dag.py
[2026-04-28T21:51:39.856+0200] {processor.py:830} INFO - Processing file /Users/pablofrancoherrero/prueba_tecnica/venv/lib/python3.11/site-packages/airflow/example_dags/example_nested_branch_dag.py for tasks to queue
[2026-04-28T21:51:39.856+0200] {logging_mixin.py:188} INFO - [2026-04-28T21:51:39.856+0200] {dagbag.py:540} INFO - Filling up the DagBag from /Users/pablofrancoherrero/prueba_tecnica/venv/lib/python3.11/site-packages/airflow/example_dags/example_nested_branch_dag.py
[2026-04-28T21:51:39.868+0200] {processor.py:840} INFO - DAG(s) 'example_nested_branch_dag' retrieved from /Users/pablofrancoherrero/prueba_tecnica/venv/lib/python3.11/site-packages/airflow/example_dags/example_nested_branch_dag.py
[2026-04-28T21:51:39.893+0200] {logging_mixin.py:188} INFO - [2026-04-28T21:51:39.893+0200] {dag.py:3096} INFO - Sync 1 DAGs
[2026-04-28T21:51:39.897+0200] {logging_mixin.py:188} INFO - [2026-04-28T21:51:39.897+0200] {dag.py:3954} INFO - Setting next_dagrun for example_nested_branch_dag to 2026-04-27 00:00:00+00:00, run_after=2026-04-28 00:00:00+00:00
[2026-04-28T21:51:39.902+0200] {processor.py:183} INFO - Processing /Users/pablofrancoherrero/prueba_tecnica/venv/lib/python3.11/site-packages/airflow/example_dags/example_nested_branch_dag.py took 0.048 seconds
[2026-04-28T21:54:22.029+0200] {processor.py:161} INFO - Started process (PID=61612) to work on /Users/pablofrancoherrero/prueba_tecnica/venv/lib/python3.11/site-packages/airflow/example_dags/example_nested_branch_dag.py
[2026-04-28T21:54:22.030+0200] {processor.py:830} INFO - Processing file /Users/pablofrancoherrero/prueba_tecnica/venv/lib/python3.11/site-packages/airflow/example_dags/example_nested_branch_dag.py for tasks to queue
[2026-04-28T21:54:22.030+0200] {logging_mixin.py:188} INFO - [2026-04-28T21:54:22.030+0200] {dagbag.py:540} INFO - Filling up the DagBag from /Users/pablofrancoherrero/prueba_tecnica/venv/lib/python3.11/site-packages/airflow/example_dags/example_nested_branch_dag.py
[2026-04-28T21:54:22.043+0200] {processor.py:840} INFO - DAG(s) 'example_nested_branch_dag' retrieved from /Users/pablofrancoherrero/prueba_tecnica/venv/lib/python3.11/site-packages/airflow/example_dags/example_nested_branch_dag.py
[2026-04-28T21:54:22.068+0200] {logging_mixin.py:188} INFO - [2026-04-28T21:54:22.068+0200] {dag.py:3096} INFO - Sync 1 DAGs
[2026-04-28T21:54:22.073+0200] {logging_mixin.py:188} INFO - [2026-04-28T21:54:22.073+0200] {dag.py:3954} INFO - Setting next_dagrun for example_nested_branch_dag to 2026-04-27 00:00:00+00:00, run_after=2026-04-28 00:00:00+00:00
[2026-04-28T21:54:22.077+0200] {processor.py:183} INFO - Processing /Users/pablofrancoherrero/prueba_tecnica/venv/lib/python3.11/site-packages/airflow/example_dags/example_nested_branch_dag.py took 0.049 seconds
[2026-04-28T21:56:48.830+0200] {processor.py:161} INFO - Started process (PID=61725) to work on /Users/pablofrancoherrero/prueba_tecnica/venv/lib/python3.11/site-packages/airflow/example_dags/example_nested_branch_dag.py
[2026-04-28T21:56:48.831+0200] {processor.py:830} INFO - Processing file /Users/pablofrancoherrero/prueba_tecnica/venv/lib/python3.11/site-packages/airflow/example_dags/example_nested_branch_dag.py for tasks to queue
[2026-04-28T21:56:48.831+0200] {logging_mixin.py:188} INFO - [2026-04-28T21:56:48.831+0200] {dagbag.py:540} INFO - Filling up the DagBag from /Users/pablofrancoherrero/prueba_tecnica/venv/lib/python3.11/site-packages/airflow/example_dags/example_nested_branch_dag.py
[2026-04-28T21:56:48.843+0200] {processor.py:840} INFO - DAG(s) 'example_nested_branch_dag' retrieved from /Users/pablofrancoherrero/prueba_tecnica/venv/lib/python3.11/site-packages/airflow/example_dags/example_nested_branch_dag.py
[2026-04-28T21:56:48.868+0200] {logging_mixin.py:188} INFO - [2026-04-28T21:56:48.867+0200] {dag.py:3096} INFO - Sync 1 DAGs
[2026-04-28T21:56:48.872+0200] {logging_mixin.py:188} INFO - [2026-04-28T21:56:48.872+0200] {dag.py:3954} INFO - Setting next_dagrun for example_nested_branch_dag to 2026-04-27 00:00:00+00:00, run_after=2026-04-28 00:00:00+00:00
[2026-04-28T21:56:48.877+0200] {processor.py:183} INFO - Processing /Users/pablofrancoherrero/prueba_tecnica/venv/lib/python3.11/site-packages/airflow/example_dags/example_nested_branch_dag.py took 0.048 seconds
[2026-04-28T21:59:07.801+0200] {processor.py:161} INFO - Started process (PID=61858) to work on /Users/pablofrancoherrero/prueba_tecnica/venv/lib/python3.11/site-packages/airflow/example_dags/example_nested_branch_dag.py
[2026-04-28T21:59:07.802+0200] {processor.py:830} INFO - Processing file /Users/pablofrancoherrero/prueba_tecnica/venv/lib/python3.11/site-packages/airflow/example_dags/example_nested_branch_dag.py for tasks to queue
[2026-04-28T21:59:07.803+0200] {logging_mixin.py:188} INFO - [2026-04-28T21:59:07.803+0200] {dagbag.py:540} INFO - Filling up the DagBag from /Users/pablofrancoherrero/prueba_tecnica/venv/lib/python3.11/site-packages/airflow/example_dags/example_nested_branch_dag.py
[2026-04-28T21:59:07.815+0200] {processor.py:840} INFO - DAG(s) 'example_nested_branch_dag' retrieved from /Users/pablofrancoherrero/prueba_tecnica/venv/lib/python3.11/site-packages/airflow/example_dags/example_nested_branch_dag.py
[2026-04-28T21:59:07.841+0200] {logging_mixin.py:188} INFO - [2026-04-28T21:59:07.841+0200] {dag.py:3096} INFO - Sync 1 DAGs
[2026-04-28T21:59:07.846+0200] {logging_mixin.py:188} INFO - [2026-04-28T21:59:07.846+0200] {dag.py:3954} INFO - Setting next_dagrun for example_nested_branch_dag to 2026-04-27 00:00:00+00:00, run_after=2026-04-28 00:00:00+00:00
[2026-04-28T21:59:07.850+0200] {processor.py:183} INFO - Processing /Users/pablofrancoherrero/prueba_tecnica/venv/lib/python3.11/site-packages/airflow/example_dags/example_nested_branch_dag.py took 0.050 seconds
[2026-04-28T22:04:04.350+0200] {processor.py:161} INFO - Started process (PID=61978) to work on /Users/pablofrancoherrero/prueba_tecnica/venv/lib/python3.11/site-packages/airflow/example_dags/example_nested_branch_dag.py
[2026-04-28T22:04:04.351+0200] {processor.py:830} INFO - Processing file /Users/pablofrancoherrero/prueba_tecnica/venv/lib/python3.11/site-packages/airflow/example_dags/example_nested_branch_dag.py for tasks to queue
[2026-04-28T22:04:04.352+0200] {logging_mixin.py:188} INFO - [2026-04-28T22:04:04.352+0200] {dagbag.py:540} INFO - Filling up the DagBag from /Users/pablofrancoherrero/prueba_tecnica/venv/lib/python3.11/site-packages/airflow/example_dags/example_nested_branch_dag.py
[2026-04-28T22:04:04.363+0200] {processor.py:840} INFO - DAG(s) 'example_nested_branch_dag' retrieved from /Users/pablofrancoherrero/prueba_tecnica/venv/lib/python3.11/site-packages/airflow/example_dags/example_nested_branch_dag.py
[2026-04-28T22:04:04.388+0200] {logging_mixin.py:188} INFO - [2026-04-28T22:04:04.388+0200] {dag.py:3096} INFO - Sync 1 DAGs
[2026-04-28T22:04:04.392+0200] {logging_mixin.py:188} INFO - [2026-04-28T22:04:04.392+0200] {dag.py:3954} INFO - Setting next_dagrun for example_nested_branch_dag to 2026-04-27 00:00:00+00:00, run_after=2026-04-28 00:00:00+00:00
[2026-04-28T22:04:04.397+0200] {processor.py:183} INFO - Processing /Users/pablofrancoherrero/prueba_tecnica/venv/lib/python3.11/site-packages/airflow/example_dags/example_nested_branch_dag.py took 0.047 seconds
[2026-04-28T22:06:30.225+0200] {processor.py:161} INFO - Started process (PID=62102) to work on /Users/pablofrancoherrero/prueba_tecnica/venv/lib/python3.11/site-packages/airflow/example_dags/example_nested_branch_dag.py
[2026-04-28T22:06:30.225+0200] {processor.py:830} INFO - Processing file /Users/pablofrancoherrero/prueba_tecnica/venv/lib/python3.11/site-packages/airflow/example_dags/example_nested_branch_dag.py for tasks to queue
[2026-04-28T22:06:30.226+0200] {logging_mixin.py:188} INFO - [2026-04-28T22:06:30.226+0200] {dagbag.py:540} INFO - Filling up the DagBag from /Users/pablofrancoherrero/prueba_tecnica/venv/lib/python3.11/site-packages/airflow/example_dags/example_nested_branch_dag.py
[2026-04-28T22:06:30.238+0200] {processor.py:840} INFO - DAG(s) 'example_nested_branch_dag' retrieved from /Users/pablofrancoherrero/prueba_tecnica/venv/lib/python3.11/site-packages/airflow/example_dags/example_nested_branch_dag.py
[2026-04-28T22:06:30.264+0200] {logging_mixin.py:188} INFO - [2026-04-28T22:06:30.264+0200] {dag.py:3096} INFO - Sync 1 DAGs
[2026-04-28T22:06:30.269+0200] {logging_mixin.py:188} INFO - [2026-04-28T22:06:30.269+0200] {dag.py:3954} INFO - Setting next_dagrun for example_nested_branch_dag to 2026-04-27 00:00:00+00:00, run_after=2026-04-28 00:00:00+00:00
[2026-04-28T22:06:30.273+0200] {processor.py:183} INFO - Processing /Users/pablofrancoherrero/prueba_tecnica/venv/lib/python3.11/site-packages/airflow/example_dags/example_nested_branch_dag.py took 0.049 seconds
[2026-04-28T22:25:02.684+0200] {processor.py:161} INFO - Started process (PID=62267) to work on /Users/pablofrancoherrero/prueba_tecnica/venv/lib/python3.11/site-packages/airflow/example_dags/example_nested_branch_dag.py
[2026-04-28T22:25:02.684+0200] {processor.py:830} INFO - Processing file /Users/pablofrancoherrero/prueba_tecnica/venv/lib/python3.11/site-packages/airflow/example_dags/example_nested_branch_dag.py for tasks to queue
[2026-04-28T22:25:02.684+0200] {logging_mixin.py:188} INFO - [2026-04-28T22:25:02.684+0200] {dagbag.py:540} INFO - Filling up the DagBag from /Users/pablofrancoherrero/prueba_tecnica/venv/lib/python3.11/site-packages/airflow/example_dags/example_nested_branch_dag.py
[2026-04-28T22:25:02.696+0200] {processor.py:840} INFO - DAG(s) 'example_nested_branch_dag' retrieved from /Users/pablofrancoherrero/prueba_tecnica/venv/lib/python3.11/site-packages/airflow/example_dags/example_nested_branch_dag.py
[2026-04-28T22:25:02.722+0200] {logging_mixin.py:188} INFO - [2026-04-28T22:25:02.722+0200] {dag.py:3096} INFO - Sync 1 DAGs
[2026-04-28T22:25:02.726+0200] {logging_mixin.py:188} INFO - [2026-04-28T22:25:02.726+0200] {dag.py:3954} INFO - Setting next_dagrun for example_nested_branch_dag to 2026-04-27 00:00:00+00:00, run_after=2026-04-28 00:00:00+00:00
[2026-04-28T22:25:02.731+0200] {processor.py:183} INFO - Processing /Users/pablofrancoherrero/prueba_tecnica/venv/lib/python3.11/site-packages/airflow/example_dags/example_nested_branch_dag.py took 0.048 seconds
[2026-04-28T22:43:41.557+0200] {processor.py:161} INFO - Started process (PID=62375) to work on /Users/pablofrancoherrero/prueba_tecnica/venv/lib/python3.11/site-packages/airflow/example_dags/example_nested_branch_dag.py
[2026-04-28T22:43:41.558+0200] {processor.py:830} INFO - Processing file /Users/pablofrancoherrero/prueba_tecnica/venv/lib/python3.11/site-packages/airflow/example_dags/example_nested_branch_dag.py for tasks to queue
[2026-04-28T22:43:41.558+0200] {logging_mixin.py:188} INFO - [2026-04-28T22:43:41.558+0200] {dagbag.py:540} INFO - Filling up the DagBag from /Users/pablofrancoherrero/prueba_tecnica/venv/lib/python3.11/site-packages/airflow/example_dags/example_nested_branch_dag.py
[2026-04-28T22:43:41.570+0200] {processor.py:840} INFO - DAG(s) 'example_nested_branch_dag' retrieved from /Users/pablofrancoherrero/prueba_tecnica/venv/lib/python3.11/site-packages/airflow/example_dags/example_nested_branch_dag.py
[2026-04-28T22:43:41.595+0200] {logging_mixin.py:188} INFO - [2026-04-28T22:43:41.595+0200] {dag.py:3096} INFO - Sync 1 DAGs
[2026-04-28T22:43:41.599+0200] {logging_mixin.py:188} INFO - [2026-04-28T22:43:41.599+0200] {dag.py:3954} INFO - Setting next_dagrun for example_nested_branch_dag to 2026-04-27 00:00:00+00:00, run_after=2026-04-28 00:00:00+00:00
[2026-04-28T22:43:41.604+0200] {processor.py:183} INFO - Processing /Users/pablofrancoherrero/prueba_tecnica/venv/lib/python3.11/site-packages/airflow/example_dags/example_nested_branch_dag.py took 0.047 seconds
[2026-04-28T23:00:53.258+0200] {processor.py:161} INFO - Started process (PID=62499) to work on /Users/pablofrancoherrero/prueba_tecnica/venv/lib/python3.11/site-packages/airflow/example_dags/example_nested_branch_dag.py
[2026-04-28T23:00:53.258+0200] {processor.py:830} INFO - Processing file /Users/pablofrancoherrero/prueba_tecnica/venv/lib/python3.11/site-packages/airflow/example_dags/example_nested_branch_dag.py for tasks to queue
[2026-04-28T23:00:53.259+0200] {logging_mixin.py:188} INFO - [2026-04-28T23:00:53.259+0200] {dagbag.py:540} INFO - Filling up the DagBag from /Users/pablofrancoherrero/prueba_tecnica/venv/lib/python3.11/site-packages/airflow/example_dags/example_nested_branch_dag.py
[2026-04-28T23:00:53.271+0200] {processor.py:840} INFO - DAG(s) 'example_nested_branch_dag' retrieved from /Users/pablofrancoherrero/prueba_tecnica/venv/lib/python3.11/site-packages/airflow/example_dags/example_nested_branch_dag.py
[2026-04-28T23:00:53.298+0200] {logging_mixin.py:188} INFO - [2026-04-28T23:00:53.298+0200] {dag.py:3096} INFO - Sync 1 DAGs
[2026-04-28T23:00:53.303+0200] {logging_mixin.py:188} INFO - [2026-04-28T23:00:53.303+0200] {dag.py:3954} INFO - Setting next_dagrun for example_nested_branch_dag to 2026-04-27 00:00:00+00:00, run_after=2026-04-28 00:00:00+00:00
[2026-04-28T23:00:53.307+0200] {processor.py:183} INFO - Processing /Users/pablofrancoherrero/prueba_tecnica/venv/lib/python3.11/site-packages/airflow/example_dags/example_nested_branch_dag.py took 0.050 seconds
[2026-04-28T23:17:17.593+0200] {processor.py:161} INFO - Started process (PID=62616) to work on /Users/pablofrancoherrero/prueba_tecnica/venv/lib/python3.11/site-packages/airflow/example_dags/example_nested_branch_dag.py
[2026-04-28T23:17:17.594+0200] {processor.py:830} INFO - Processing file /Users/pablofrancoherrero/prueba_tecnica/venv/lib/python3.11/site-packages/airflow/example_dags/example_nested_branch_dag.py for tasks to queue
[2026-04-28T23:17:17.594+0200] {logging_mixin.py:188} INFO - [2026-04-28T23:17:17.594+0200] {dagbag.py:540} INFO - Filling up the DagBag from /Users/pablofrancoherrero/prueba_tecnica/venv/lib/python3.11/site-packages/airflow/example_dags/example_nested_branch_dag.py
[2026-04-28T23:17:17.606+0200] {processor.py:840} INFO - DAG(s) 'example_nested_branch_dag' retrieved from /Users/pablofrancoherrero/prueba_tecnica/venv/lib/python3.11/site-packages/airflow/example_dags/example_nested_branch_dag.py
[2026-04-28T23:17:17.630+0200] {logging_mixin.py:188} INFO - [2026-04-28T23:17:17.630+0200] {dag.py:3096} INFO - Sync 1 DAGs
[2026-04-28T23:17:17.635+0200] {logging_mixin.py:188} INFO - [2026-04-28T23:17:17.635+0200] {dag.py:3954} INFO - Setting next_dagrun for example_nested_branch_dag to 2026-04-27 00:00:00+00:00, run_after=2026-04-28 00:00:00+00:00
[2026-04-28T23:17:17.639+0200] {processor.py:183} INFO - Processing /Users/pablofrancoherrero/prueba_tecnica/venv/lib/python3.11/site-packages/airflow/example_dags/example_nested_branch_dag.py took 0.047 seconds
[2026-04-28T23:18:37.828+0200] {processor.py:161} INFO - Started process (PID=62738) to work on /Users/pablofrancoherrero/prueba_tecnica/venv/lib/python3.11/site-packages/airflow/example_dags/example_nested_branch_dag.py
[2026-04-28T23:18:37.829+0200] {processor.py:830} INFO - Processing file /Users/pablofrancoherrero/prueba_tecnica/venv/lib/python3.11/site-packages/airflow/example_dags/example_nested_branch_dag.py for tasks to queue
[2026-04-28T23:18:37.829+0200] {logging_mixin.py:188} INFO - [2026-04-28T23:18:37.829+0200] {dagbag.py:540} INFO - Filling up the DagBag from /Users/pablofrancoherrero/prueba_tecnica/venv/lib/python3.11/site-packages/airflow/example_dags/example_nested_branch_dag.py
[2026-04-28T23:18:37.841+0200] {processor.py:840} INFO - DAG(s) 'example_nested_branch_dag' retrieved from /Users/pablofrancoherrero/prueba_tecnica/venv/lib/python3.11/site-packages/airflow/example_dags/example_nested_branch_dag.py
[2026-04-28T23:18:37.867+0200] {logging_mixin.py:188} INFO - [2026-04-28T23:18:37.867+0200] {dag.py:3096} INFO - Sync 1 DAGs
[2026-04-28T23:18:37.872+0200] {logging_mixin.py:188} INFO - [2026-04-28T23:18:37.872+0200] {dag.py:3954} INFO - Setting next_dagrun for example_nested_branch_dag to 2026-04-27 00:00:00+00:00, run_after=2026-04-28 00:00:00+00:00
[2026-04-28T23:18:37.876+0200] {processor.py:183} INFO - Processing /Users/pablofrancoherrero/prueba_tecnica/venv/lib/python3.11/site-packages/airflow/example_dags/example_nested_branch_dag.py took 0.049 seconds
[2026-04-28T23:19:57.817+0200] {processor.py:161} INFO - Started process (PID=62822) to work on /Users/pablofrancoherrero/prueba_tecnica/venv/lib/python3.11/site-packages/airflow/example_dags/example_nested_branch_dag.py
[2026-04-28T23:19:57.818+0200] {processor.py:830} INFO - Processing file /Users/pablofrancoherrero/prueba_tecnica/venv/lib/python3.11/site-packages/airflow/example_dags/example_nested_branch_dag.py for tasks to queue
[2026-04-28T23:19:57.818+0200] {logging_mixin.py:188} INFO - [2026-04-28T23:19:57.818+0200] {dagbag.py:540} INFO - Filling up the DagBag from /Users/pablofrancoherrero/prueba_tecnica/venv/lib/python3.11/site-packages/airflow/example_dags/example_nested_branch_dag.py
[2026-04-28T23:19:57.830+0200] {processor.py:840} INFO - DAG(s) 'example_nested_branch_dag' retrieved from /Users/pablofrancoherrero/prueba_tecnica/venv/lib/python3.11/site-packages/airflow/example_dags/example_nested_branch_dag.py
[2026-04-28T23:19:57.854+0200] {logging_mixin.py:188} INFO - [2026-04-28T23:19:57.854+0200] {dag.py:3096} INFO - Sync 1 DAGs
[2026-04-28T23:19:57.859+0200] {logging_mixin.py:188} INFO - [2026-04-28T23:19:57.859+0200] {dag.py:3954} INFO - Setting next_dagrun for example_nested_branch_dag to 2026-04-27 00:00:00+00:00, run_after=2026-04-28 00:00:00+00:00
[2026-04-28T23:19:57.863+0200] {processor.py:183} INFO - Processing /Users/pablofrancoherrero/prueba_tecnica/venv/lib/python3.11/site-packages/airflow/example_dags/example_nested_branch_dag.py took 0.047 seconds
[2026-04-28T23:21:16.226+0200] {processor.py:161} INFO - Started process (PID=62910) to work on /Users/pablofrancoherrero/prueba_tecnica/venv/lib/python3.11/site-packages/airflow/example_dags/example_nested_branch_dag.py
[2026-04-28T23:21:16.227+0200] {processor.py:830} INFO - Processing file /Users/pablofrancoherrero/prueba_tecnica/venv/lib/python3.11/site-packages/airflow/example_dags/example_nested_branch_dag.py for tasks to queue
[2026-04-28T23:21:16.227+0200] {logging_mixin.py:188} INFO - [2026-04-28T23:21:16.227+0200] {dagbag.py:540} INFO - Filling up the DagBag from /Users/pablofrancoherrero/prueba_tecnica/venv/lib/python3.11/site-packages/airflow/example_dags/example_nested_branch_dag.py
[2026-04-28T23:21:16.239+0200] {processor.py:840} INFO - DAG(s) 'example_nested_branch_dag' retrieved from /Users/pablofrancoherrero/prueba_tecnica/venv/lib/python3.11/site-packages/airflow/example_dags/example_nested_branch_dag.py
[2026-04-28T23:21:16.264+0200] {logging_mixin.py:188} INFO - [2026-04-28T23:21:16.264+0200] {dag.py:3096} INFO - Sync 1 DAGs
[2026-04-28T23:21:16.268+0200] {logging_mixin.py:188} INFO - [2026-04-28T23:21:16.268+0200] {dag.py:3954} INFO - Setting next_dagrun for example_nested_branch_dag to 2026-04-27 00:00:00+00:00, run_after=2026-04-28 00:00:00+00:00
[2026-04-28T23:21:16.273+0200] {processor.py:183} INFO - Processing /Users/pablofrancoherrero/prueba_tecnica/venv/lib/python3.11/site-packages/airflow/example_dags/example_nested_branch_dag.py took 0.047 seconds
[2026-04-28T23:22:36.213+0200] {processor.py:161} INFO - Started process (PID=63008) to work on /Users/pablofrancoherrero/prueba_tecnica/venv/lib/python3.11/site-packages/airflow/example_dags/example_nested_branch_dag.py
[2026-04-28T23:22:36.214+0200] {processor.py:830} INFO - Processing file /Users/pablofrancoherrero/prueba_tecnica/venv/lib/python3.11/site-packages/airflow/example_dags/example_nested_branch_dag.py for tasks to queue
[2026-04-28T23:22:36.214+0200] {logging_mixin.py:188} INFO - [2026-04-28T23:22:36.214+0200] {dagbag.py:540} INFO - Filling up the DagBag from /Users/pablofrancoherrero/prueba_tecnica/venv/lib/python3.11/site-packages/airflow/example_dags/example_nested_branch_dag.py
[2026-04-28T23:22:36.226+0200] {processor.py:840} INFO - DAG(s) 'example_nested_branch_dag' retrieved from /Users/pablofrancoherrero/prueba_tecnica/venv/lib/python3.11/site-packages/airflow/example_dags/example_nested_branch_dag.py
[2026-04-28T23:22:36.252+0200] {logging_mixin.py:188} INFO - [2026-04-28T23:22:36.252+0200] {dag.py:3096} INFO - Sync 1 DAGs
[2026-04-28T23:22:36.256+0200] {logging_mixin.py:188} INFO - [2026-04-28T23:22:36.256+0200] {dag.py:3954} INFO - Setting next_dagrun for example_nested_branch_dag to 2026-04-27 00:00:00+00:00, run_after=2026-04-28 00:00:00+00:00
[2026-04-28T23:22:36.261+0200] {processor.py:183} INFO - Processing /Users/pablofrancoherrero/prueba_tecnica/venv/lib/python3.11/site-packages/airflow/example_dags/example_nested_branch_dag.py took 0.048 seconds
[2026-04-28T23:23:57.901+0200] {processor.py:161} INFO - Started process (PID=63134) to work on /Users/pablofrancoherrero/prueba_tecnica/venv/lib/python3.11/site-packages/airflow/example_dags/example_nested_branch_dag.py
[2026-04-28T23:23:57.902+0200] {processor.py:830} INFO - Processing file /Users/pablofrancoherrero/prueba_tecnica/venv/lib/python3.11/site-packages/airflow/example_dags/example_nested_branch_dag.py for tasks to queue
[2026-04-28T23:23:57.902+0200] {logging_mixin.py:188} INFO - [2026-04-28T23:23:57.902+0200] {dagbag.py:540} INFO - Filling up the DagBag from /Users/pablofrancoherrero/prueba_tecnica/venv/lib/python3.11/site-packages/airflow/example_dags/example_nested_branch_dag.py
[2026-04-28T23:23:57.914+0200] {processor.py:840} INFO - DAG(s) 'example_nested_branch_dag' retrieved from /Users/pablofrancoherrero/prueba_tecnica/venv/lib/python3.11/site-packages/airflow/example_dags/example_nested_branch_dag.py
[2026-04-28T23:23:57.940+0200] {logging_mixin.py:188} INFO - [2026-04-28T23:23:57.940+0200] {dag.py:3096} INFO - Sync 1 DAGs
[2026-04-28T23:23:57.945+0200] {logging_mixin.py:188} INFO - [2026-04-28T23:23:57.945+0200] {dag.py:3954} INFO - Setting next_dagrun for example_nested_branch_dag to 2026-04-27 00:00:00+00:00, run_after=2026-04-28 00:00:00+00:00
[2026-04-28T23:23:57.949+0200] {processor.py:183} INFO - Processing /Users/pablofrancoherrero/prueba_tecnica/venv/lib/python3.11/site-packages/airflow/example_dags/example_nested_branch_dag.py took 0.049 seconds
[2026-04-28T23:25:17.726+0200] {processor.py:161} INFO - Started process (PID=63230) to work on /Users/pablofrancoherrero/prueba_tecnica/venv/lib/python3.11/site-packages/airflow/example_dags/example_nested_branch_dag.py
[2026-04-28T23:25:17.727+0200] {processor.py:830} INFO - Processing file /Users/pablofrancoherrero/prueba_tecnica/venv/lib/python3.11/site-packages/airflow/example_dags/example_nested_branch_dag.py for tasks to queue
[2026-04-28T23:25:17.727+0200] {logging_mixin.py:188} INFO - [2026-04-28T23:25:17.727+0200] {dagbag.py:540} INFO - Filling up the DagBag from /Users/pablofrancoherrero/prueba_tecnica/venv/lib/python3.11/site-packages/airflow/example_dags/example_nested_branch_dag.py
[2026-04-28T23:25:17.739+0200] {processor.py:840} INFO - DAG(s) 'example_nested_branch_dag' retrieved from /Users/pablofrancoherrero/prueba_tecnica/venv/lib/python3.11/site-packages/airflow/example_dags/example_nested_branch_dag.py
[2026-04-28T23:25:17.765+0200] {logging_mixin.py:188} INFO - [2026-04-28T23:25:17.765+0200] {dag.py:3096} INFO - Sync 1 DAGs
[2026-04-28T23:25:17.770+0200] {logging_mixin.py:188} INFO - [2026-04-28T23:25:17.770+0200] {dag.py:3954} INFO - Setting next_dagrun for example_nested_branch_dag to 2026-04-27 00:00:00+00:00, run_after=2026-04-28 00:00:00+00:00
[2026-04-28T23:25:17.774+0200] {processor.py:183} INFO - Processing /Users/pablofrancoherrero/prueba_tecnica/venv/lib/python3.11/site-packages/airflow/example_dags/example_nested_branch_dag.py took 0.049 seconds
[2026-04-28T23:26:39.034+0200] {processor.py:161} INFO - Started process (PID=63349) to work on /Users/pablofrancoherrero/prueba_tecnica/venv/lib/python3.11/site-packages/airflow/example_dags/example_nested_branch_dag.py
[2026-04-28T23:26:39.035+0200] {processor.py:830} INFO - Processing file /Users/pablofrancoherrero/prueba_tecnica/venv/lib/python3.11/site-packages/airflow/example_dags/example_nested_branch_dag.py for tasks to queue
[2026-04-28T23:26:39.035+0200] {logging_mixin.py:188} INFO - [2026-04-28T23:26:39.035+0200] {dagbag.py:540} INFO - Filling up the DagBag from /Users/pablofrancoherrero/prueba_tecnica/venv/lib/python3.11/site-packages/airflow/example_dags/example_nested_branch_dag.py
[2026-04-28T23:26:39.047+0200] {processor.py:840} INFO - DAG(s) 'example_nested_branch_dag' retrieved from /Users/pablofrancoherrero/prueba_tecnica/venv/lib/python3.11/site-packages/airflow/example_dags/example_nested_branch_dag.py
[2026-04-28T23:26:39.072+0200] {logging_mixin.py:188} INFO - [2026-04-28T23:26:39.072+0200] {dag.py:3096} INFO - Sync 1 DAGs
[2026-04-28T23:26:39.076+0200] {logging_mixin.py:188} INFO - [2026-04-28T23:26:39.076+0200] {dag.py:3954} INFO - Setting next_dagrun for example_nested_branch_dag to 2026-04-27 00:00:00+00:00, run_after=2026-04-28 00:00:00+00:00
[2026-04-28T23:26:39.081+0200] {processor.py:183} INFO - Processing /Users/pablofrancoherrero/prueba_tecnica/venv/lib/python3.11/site-packages/airflow/example_dags/example_nested_branch_dag.py took 0.047 seconds
[2026-04-28T23:27:59.985+0200] {processor.py:161} INFO - Started process (PID=63472) to work on /Users/pablofrancoherrero/prueba_tecnica/venv/lib/python3.11/site-packages/airflow/example_dags/example_nested_branch_dag.py
[2026-04-28T23:27:59.986+0200] {processor.py:830} INFO - Processing file /Users/pablofrancoherrero/prueba_tecnica/venv/lib/python3.11/site-packages/airflow/example_dags/example_nested_branch_dag.py for tasks to queue
[2026-04-28T23:27:59.986+0200] {logging_mixin.py:188} INFO - [2026-04-28T23:27:59.986+0200] {dagbag.py:540} INFO - Filling up the DagBag from /Users/pablofrancoherrero/prueba_tecnica/venv/lib/python3.11/site-packages/airflow/example_dags/example_nested_branch_dag.py
[2026-04-28T23:27:59.998+0200] {processor.py:840} INFO - DAG(s) 'example_nested_branch_dag' retrieved from /Users/pablofrancoherrero/prueba_tecnica/venv/lib/python3.11/site-packages/airflow/example_dags/example_nested_branch_dag.py
[2026-04-28T23:28:00.024+0200] {logging_mixin.py:188} INFO - [2026-04-28T23:28:00.024+0200] {dag.py:3096} INFO - Sync 1 DAGs
[2026-04-28T23:28:00.029+0200] {logging_mixin.py:188} INFO - [2026-04-28T23:28:00.029+0200] {dag.py:3954} INFO - Setting next_dagrun for example_nested_branch_dag to 2026-04-27 00:00:00+00:00, run_after=2026-04-28 00:00:00+00:00
[2026-04-28T23:28:00.033+0200] {processor.py:183} INFO - Processing /Users/pablofrancoherrero/prueba_tecnica/venv/lib/python3.11/site-packages/airflow/example_dags/example_nested_branch_dag.py took 0.049 seconds
[2026-04-28T23:29:20.172+0200] {processor.py:161} INFO - Started process (PID=63576) to work on /Users/pablofrancoherrero/prueba_tecnica/venv/lib/python3.11/site-packages/airflow/example_dags/example_nested_branch_dag.py
[2026-04-28T23:29:20.172+0200] {processor.py:830} INFO - Processing file /Users/pablofrancoherrero/prueba_tecnica/venv/lib/python3.11/site-packages/airflow/example_dags/example_nested_branch_dag.py for tasks to queue
[2026-04-28T23:29:20.173+0200] {logging_mixin.py:188} INFO - [2026-04-28T23:29:20.173+0200] {dagbag.py:540} INFO - Filling up the DagBag from /Users/pablofrancoherrero/prueba_tecnica/venv/lib/python3.11/site-packages/airflow/example_dags/example_nested_branch_dag.py
[2026-04-28T23:29:20.185+0200] {processor.py:840} INFO - DAG(s) 'example_nested_branch_dag' retrieved from /Users/pablofrancoherrero/prueba_tecnica/venv/lib/python3.11/site-packages/airflow/example_dags/example_nested_branch_dag.py
[2026-04-28T23:29:20.211+0200] {logging_mixin.py:188} INFO - [2026-04-28T23:29:20.211+0200] {dag.py:3096} INFO - Sync 1 DAGs
[2026-04-28T23:29:20.216+0200] {logging_mixin.py:188} INFO - [2026-04-28T23:29:20.215+0200] {dag.py:3954} INFO - Setting next_dagrun for example_nested_branch_dag to 2026-04-27 00:00:00+00:00, run_after=2026-04-28 00:00:00+00:00
[2026-04-28T23:29:20.220+0200] {processor.py:183} INFO - Processing /Users/pablofrancoherrero/prueba_tecnica/venv/lib/python3.11/site-packages/airflow/example_dags/example_nested_branch_dag.py took 0.049 seconds
[2026-04-28T23:30:42.028+0200] {processor.py:161} INFO - Started process (PID=63693) to work on /Users/pablofrancoherrero/prueba_tecnica/venv/lib/python3.11/site-packages/airflow/example_dags/example_nested_branch_dag.py
[2026-04-28T23:30:42.029+0200] {processor.py:830} INFO - Processing file /Users/pablofrancoherrero/prueba_tecnica/venv/lib/python3.11/site-packages/airflow/example_dags/example_nested_branch_dag.py for tasks to queue
[2026-04-28T23:30:42.029+0200] {logging_mixin.py:188} INFO - [2026-04-28T23:30:42.029+0200] {dagbag.py:540} INFO - Filling up the DagBag from /Users/pablofrancoherrero/prueba_tecnica/venv/lib/python3.11/site-packages/airflow/example_dags/example_nested_branch_dag.py
[2026-04-28T23:30:42.041+0200] {processor.py:840} INFO - DAG(s) 'example_nested_branch_dag' retrieved from /Users/pablofrancoherrero/prueba_tecnica/venv/lib/python3.11/site-packages/airflow/example_dags/example_nested_branch_dag.py
[2026-04-28T23:30:42.067+0200] {logging_mixin.py:188} INFO - [2026-04-28T23:30:42.067+0200] {dag.py:3096} INFO - Sync 1 DAGs
[2026-04-28T23:30:42.072+0200] {logging_mixin.py:188} INFO - [2026-04-28T23:30:42.072+0200] {dag.py:3954} INFO - Setting next_dagrun for example_nested_branch_dag to 2026-04-27 00:00:00+00:00, run_after=2026-04-28 00:00:00+00:00
[2026-04-28T23:30:42.077+0200] {processor.py:183} INFO - Processing /Users/pablofrancoherrero/prueba_tecnica/venv/lib/python3.11/site-packages/airflow/example_dags/example_nested_branch_dag.py took 0.049 seconds
[2026-04-28T23:32:07.098+0200] {processor.py:161} INFO - Started process (PID=63805) to work on /Users/pablofrancoherrero/prueba_tecnica/venv/lib/python3.11/site-packages/airflow/example_dags/example_nested_branch_dag.py
[2026-04-28T23:32:07.099+0200] {processor.py:830} INFO - Processing file /Users/pablofrancoherrero/prueba_tecnica/venv/lib/python3.11/site-packages/airflow/example_dags/example_nested_branch_dag.py for tasks to queue
[2026-04-28T23:32:07.099+0200] {logging_mixin.py:188} INFO - [2026-04-28T23:32:07.099+0200] {dagbag.py:540} INFO - Filling up the DagBag from /Users/pablofrancoherrero/prueba_tecnica/venv/lib/python3.11/site-packages/airflow/example_dags/example_nested_branch_dag.py
[2026-04-28T23:32:07.113+0200] {processor.py:840} INFO - DAG(s) 'example_nested_branch_dag' retrieved from /Users/pablofrancoherrero/prueba_tecnica/venv/lib/python3.11/site-packages/airflow/example_dags/example_nested_branch_dag.py
[2026-04-28T23:32:07.142+0200] {logging_mixin.py:188} INFO - [2026-04-28T23:32:07.142+0200] {dag.py:3096} INFO - Sync 1 DAGs
[2026-04-28T23:32:07.147+0200] {logging_mixin.py:188} INFO - [2026-04-28T23:32:07.147+0200] {dag.py:3954} INFO - Setting next_dagrun for example_nested_branch_dag to 2026-04-27 00:00:00+00:00, run_after=2026-04-28 00:00:00+00:00
[2026-04-28T23:32:07.152+0200] {processor.py:183} INFO - Processing /Users/pablofrancoherrero/prueba_tecnica/venv/lib/python3.11/site-packages/airflow/example_dags/example_nested_branch_dag.py took 0.055 seconds
[2026-04-28T23:33:26.117+0200] {processor.py:161} INFO - Started process (PID=63900) to work on /Users/pablofrancoherrero/prueba_tecnica/venv/lib/python3.11/site-packages/airflow/example_dags/example_nested_branch_dag.py
[2026-04-28T23:33:26.118+0200] {processor.py:830} INFO - Processing file /Users/pablofrancoherrero/prueba_tecnica/venv/lib/python3.11/site-packages/airflow/example_dags/example_nested_branch_dag.py for tasks to queue
[2026-04-28T23:33:26.119+0200] {logging_mixin.py:188} INFO - [2026-04-28T23:33:26.119+0200] {dagbag.py:540} INFO - Filling up the DagBag from /Users/pablofrancoherrero/prueba_tecnica/venv/lib/python3.11/site-packages/airflow/example_dags/example_nested_branch_dag.py
[2026-04-28T23:33:26.131+0200] {processor.py:840} INFO - DAG(s) 'example_nested_branch_dag' retrieved from /Users/pablofrancoherrero/prueba_tecnica/venv/lib/python3.11/site-packages/airflow/example_dags/example_nested_branch_dag.py
[2026-04-28T23:33:26.158+0200] {logging_mixin.py:188} INFO - [2026-04-28T23:33:26.158+0200] {dag.py:3096} INFO - Sync 1 DAGs
[2026-04-28T23:33:26.163+0200] {logging_mixin.py:188} INFO - [2026-04-28T23:33:26.162+0200] {dag.py:3954} INFO - Setting next_dagrun for example_nested_branch_dag to 2026-04-27 00:00:00+00:00, run_after=2026-04-28 00:00:00+00:00
[2026-04-28T23:33:26.167+0200] {processor.py:183} INFO - Processing /Users/pablofrancoherrero/prueba_tecnica/venv/lib/python3.11/site-packages/airflow/example_dags/example_nested_branch_dag.py took 0.051 seconds
[2026-04-28T23:34:46.064+0200] {processor.py:161} INFO - Started process (PID=63986) to work on /Users/pablofrancoherrero/prueba_tecnica/venv/lib/python3.11/site-packages/airflow/example_dags/example_nested_branch_dag.py
[2026-04-28T23:34:46.065+0200] {processor.py:830} INFO - Processing file /Users/pablofrancoherrero/prueba_tecnica/venv/lib/python3.11/site-packages/airflow/example_dags/example_nested_branch_dag.py for tasks to queue
[2026-04-28T23:34:46.066+0200] {logging_mixin.py:188} INFO - [2026-04-28T23:34:46.066+0200] {dagbag.py:540} INFO - Filling up the DagBag from /Users/pablofrancoherrero/prueba_tecnica/venv/lib/python3.11/site-packages/airflow/example_dags/example_nested_branch_dag.py
[2026-04-28T23:34:46.077+0200] {processor.py:840} INFO - DAG(s) 'example_nested_branch_dag' retrieved from /Users/pablofrancoherrero/prueba_tecnica/venv/lib/python3.11/site-packages/airflow/example_dags/example_nested_branch_dag.py
[2026-04-28T23:34:46.103+0200] {logging_mixin.py:188} INFO - [2026-04-28T23:34:46.103+0200] {dag.py:3096} INFO - Sync 1 DAGs
[2026-04-28T23:34:46.108+0200] {logging_mixin.py:188} INFO - [2026-04-28T23:34:46.107+0200] {dag.py:3954} INFO - Setting next_dagrun for example_nested_branch_dag to 2026-04-27 00:00:00+00:00, run_after=2026-04-28 00:00:00+00:00
[2026-04-28T23:34:46.112+0200] {processor.py:183} INFO - Processing /Users/pablofrancoherrero/prueba_tecnica/venv/lib/python3.11/site-packages/airflow/example_dags/example_nested_branch_dag.py took 0.048 seconds
[2026-04-28T23:36:08.077+0200] {processor.py:161} INFO - Started process (PID=64072) to work on /Users/pablofrancoherrero/prueba_tecnica/venv/lib/python3.11/site-packages/airflow/example_dags/example_nested_branch_dag.py
[2026-04-28T23:36:08.077+0200] {processor.py:830} INFO - Processing file /Users/pablofrancoherrero/prueba_tecnica/venv/lib/python3.11/site-packages/airflow/example_dags/example_nested_branch_dag.py for tasks to queue
[2026-04-28T23:36:08.077+0200] {logging_mixin.py:188} INFO - [2026-04-28T23:36:08.077+0200] {dagbag.py:540} INFO - Filling up the DagBag from /Users/pablofrancoherrero/prueba_tecnica/venv/lib/python3.11/site-packages/airflow/example_dags/example_nested_branch_dag.py
[2026-04-28T23:36:08.090+0200] {processor.py:840} INFO - DAG(s) 'example_nested_branch_dag' retrieved from /Users/pablofrancoherrero/prueba_tecnica/venv/lib/python3.11/site-packages/airflow/example_dags/example_nested_branch_dag.py
[2026-04-28T23:36:08.115+0200] {logging_mixin.py:188} INFO - [2026-04-28T23:36:08.115+0200] {dag.py:3096} INFO - Sync 1 DAGs
[2026-04-28T23:36:08.120+0200] {logging_mixin.py:188} INFO - [2026-04-28T23:36:08.120+0200] {dag.py:3954} INFO - Setting next_dagrun for example_nested_branch_dag to 2026-04-27 00:00:00+00:00, run_after=2026-04-28 00:00:00+00:00
[2026-04-28T23:36:08.124+0200] {processor.py:183} INFO - Processing /Users/pablofrancoherrero/prueba_tecnica/venv/lib/python3.11/site-packages/airflow/example_dags/example_nested_branch_dag.py took 0.049 seconds
[2026-04-28T23:37:28.153+0200] {processor.py:161} INFO - Started process (PID=64160) to work on /Users/pablofrancoherrero/prueba_tecnica/venv/lib/python3.11/site-packages/airflow/example_dags/example_nested_branch_dag.py
[2026-04-28T23:37:28.154+0200] {processor.py:830} INFO - Processing file /Users/pablofrancoherrero/prueba_tecnica/venv/lib/python3.11/site-packages/airflow/example_dags/example_nested_branch_dag.py for tasks to queue
[2026-04-28T23:37:28.154+0200] {logging_mixin.py:188} INFO - [2026-04-28T23:37:28.154+0200] {dagbag.py:540} INFO - Filling up the DagBag from /Users/pablofrancoherrero/prueba_tecnica/venv/lib/python3.11/site-packages/airflow/example_dags/example_nested_branch_dag.py
[2026-04-28T23:37:28.166+0200] {processor.py:840} INFO - DAG(s) 'example_nested_branch_dag' retrieved from /Users/pablofrancoherrero/prueba_tecnica/venv/lib/python3.11/site-packages/airflow/example_dags/example_nested_branch_dag.py
[2026-04-28T23:37:28.191+0200] {logging_mixin.py:188} INFO - [2026-04-28T23:37:28.191+0200] {dag.py:3096} INFO - Sync 1 DAGs
[2026-04-28T23:37:28.195+0200] {logging_mixin.py:188} INFO - [2026-04-28T23:37:28.195+0200] {dag.py:3954} INFO - Setting next_dagrun for example_nested_branch_dag to 2026-04-27 00:00:00+00:00, run_after=2026-04-28 00:00:00+00:00
[2026-04-28T23:37:28.200+0200] {processor.py:183} INFO - Processing /Users/pablofrancoherrero/prueba_tecnica/venv/lib/python3.11/site-packages/airflow/example_dags/example_nested_branch_dag.py took 0.048 seconds
[2026-04-28T23:38:46.835+0200] {processor.py:161} INFO - Started process (PID=64251) to work on /Users/pablofrancoherrero/prueba_tecnica/venv/lib/python3.11/site-packages/airflow/example_dags/example_nested_branch_dag.py
[2026-04-28T23:38:46.836+0200] {processor.py:830} INFO - Processing file /Users/pablofrancoherrero/prueba_tecnica/venv/lib/python3.11/site-packages/airflow/example_dags/example_nested_branch_dag.py for tasks to queue
[2026-04-28T23:38:46.837+0200] {logging_mixin.py:188} INFO - [2026-04-28T23:38:46.837+0200] {dagbag.py:540} INFO - Filling up the DagBag from /Users/pablofrancoherrero/prueba_tecnica/venv/lib/python3.11/site-packages/airflow/example_dags/example_nested_branch_dag.py
[2026-04-28T23:38:46.848+0200] {processor.py:840} INFO - DAG(s) 'example_nested_branch_dag' retrieved from /Users/pablofrancoherrero/prueba_tecnica/venv/lib/python3.11/site-packages/airflow/example_dags/example_nested_branch_dag.py
[2026-04-28T23:38:46.873+0200] {logging_mixin.py:188} INFO - [2026-04-28T23:38:46.873+0200] {dag.py:3096} INFO - Sync 1 DAGs
[2026-04-28T23:38:46.878+0200] {logging_mixin.py:188} INFO - [2026-04-28T23:38:46.877+0200] {dag.py:3954} INFO - Setting next_dagrun for example_nested_branch_dag to 2026-04-27 00:00:00+00:00, run_after=2026-04-28 00:00:00+00:00
[2026-04-28T23:38:46.882+0200] {processor.py:183} INFO - Processing /Users/pablofrancoherrero/prueba_tecnica/venv/lib/python3.11/site-packages/airflow/example_dags/example_nested_branch_dag.py took 0.048 seconds
[2026-04-28T23:40:10.045+0200] {processor.py:161} INFO - Started process (PID=64452) to work on /Users/pablofrancoherrero/prueba_tecnica/venv/lib/python3.11/site-packages/airflow/example_dags/example_nested_branch_dag.py
[2026-04-28T23:40:10.046+0200] {processor.py:830} INFO - Processing file /Users/pablofrancoherrero/prueba_tecnica/venv/lib/python3.11/site-packages/airflow/example_dags/example_nested_branch_dag.py for tasks to queue
[2026-04-28T23:40:10.046+0200] {logging_mixin.py:188} INFO - [2026-04-28T23:40:10.046+0200] {dagbag.py:540} INFO - Filling up the DagBag from /Users/pablofrancoherrero/prueba_tecnica/venv/lib/python3.11/site-packages/airflow/example_dags/example_nested_branch_dag.py
[2026-04-28T23:40:10.058+0200] {processor.py:840} INFO - DAG(s) 'example_nested_branch_dag' retrieved from /Users/pablofrancoherrero/prueba_tecnica/venv/lib/python3.11/site-packages/airflow/example_dags/example_nested_branch_dag.py
[2026-04-28T23:40:10.084+0200] {logging_mixin.py:188} INFO - [2026-04-28T23:40:10.084+0200] {dag.py:3096} INFO - Sync 1 DAGs
[2026-04-28T23:40:10.088+0200] {logging_mixin.py:188} INFO - [2026-04-28T23:40:10.088+0200] {dag.py:3954} INFO - Setting next_dagrun for example_nested_branch_dag to 2026-04-27 00:00:00+00:00, run_after=2026-04-28 00:00:00+00:00
[2026-04-28T23:40:10.093+0200] {processor.py:183} INFO - Processing /Users/pablofrancoherrero/prueba_tecnica/venv/lib/python3.11/site-packages/airflow/example_dags/example_nested_branch_dag.py took 0.049 seconds
[2026-04-28T23:41:27.143+0200] {processor.py:161} INFO - Started process (PID=64534) to work on /Users/pablofrancoherrero/prueba_tecnica/venv/lib/python3.11/site-packages/airflow/example_dags/example_nested_branch_dag.py
[2026-04-28T23:41:27.143+0200] {processor.py:830} INFO - Processing file /Users/pablofrancoherrero/prueba_tecnica/venv/lib/python3.11/site-packages/airflow/example_dags/example_nested_branch_dag.py for tasks to queue
[2026-04-28T23:41:27.143+0200] {logging_mixin.py:188} INFO - [2026-04-28T23:41:27.143+0200] {dagbag.py:540} INFO - Filling up the DagBag from /Users/pablofrancoherrero/prueba_tecnica/venv/lib/python3.11/site-packages/airflow/example_dags/example_nested_branch_dag.py
[2026-04-28T23:41:27.155+0200] {processor.py:840} INFO - DAG(s) 'example_nested_branch_dag' retrieved from /Users/pablofrancoherrero/prueba_tecnica/venv/lib/python3.11/site-packages/airflow/example_dags/example_nested_branch_dag.py
[2026-04-28T23:41:27.180+0200] {logging_mixin.py:188} INFO - [2026-04-28T23:41:27.180+0200] {dag.py:3096} INFO - Sync 1 DAGs
[2026-04-28T23:41:27.184+0200] {logging_mixin.py:188} INFO - [2026-04-28T23:41:27.184+0200] {dag.py:3954} INFO - Setting next_dagrun for example_nested_branch_dag to 2026-04-27 00:00:00+00:00, run_after=2026-04-28 00:00:00+00:00
[2026-04-28T23:41:27.189+0200] {processor.py:183} INFO - Processing /Users/pablofrancoherrero/prueba_tecnica/venv/lib/python3.11/site-packages/airflow/example_dags/example_nested_branch_dag.py took 0.047 seconds
[2026-04-28T23:42:48.408+0200] {processor.py:161} INFO - Started process (PID=64633) to work on /Users/pablofrancoherrero/prueba_tecnica/venv/lib/python3.11/site-packages/airflow/example_dags/example_nested_branch_dag.py
[2026-04-28T23:42:48.409+0200] {processor.py:830} INFO - Processing file /Users/pablofrancoherrero/prueba_tecnica/venv/lib/python3.11/site-packages/airflow/example_dags/example_nested_branch_dag.py for tasks to queue
[2026-04-28T23:42:48.409+0200] {logging_mixin.py:188} INFO - [2026-04-28T23:42:48.409+0200] {dagbag.py:540} INFO - Filling up the DagBag from /Users/pablofrancoherrero/prueba_tecnica/venv/lib/python3.11/site-packages/airflow/example_dags/example_nested_branch_dag.py
[2026-04-28T23:42:48.420+0200] {processor.py:840} INFO - DAG(s) 'example_nested_branch_dag' retrieved from /Users/pablofrancoherrero/prueba_tecnica/venv/lib/python3.11/site-packages/airflow/example_dags/example_nested_branch_dag.py
[2026-04-28T23:42:48.445+0200] {logging_mixin.py:188} INFO - [2026-04-28T23:42:48.445+0200] {dag.py:3096} INFO - Sync 1 DAGs
[2026-04-28T23:42:48.450+0200] {logging_mixin.py:188} INFO - [2026-04-28T23:42:48.450+0200] {dag.py:3954} INFO - Setting next_dagrun for example_nested_branch_dag to 2026-04-27 00:00:00+00:00, run_after=2026-04-28 00:00:00+00:00
[2026-04-28T23:42:48.454+0200] {processor.py:183} INFO - Processing /Users/pablofrancoherrero/prueba_tecnica/venv/lib/python3.11/site-packages/airflow/example_dags/example_nested_branch_dag.py took 0.048 seconds
[2026-04-28T23:44:09.287+0200] {processor.py:161} INFO - Started process (PID=64727) to work on /Users/pablofrancoherrero/prueba_tecnica/venv/lib/python3.11/site-packages/airflow/example_dags/example_nested_branch_dag.py
[2026-04-28T23:44:09.288+0200] {processor.py:830} INFO - Processing file /Users/pablofrancoherrero/prueba_tecnica/venv/lib/python3.11/site-packages/airflow/example_dags/example_nested_branch_dag.py for tasks to queue
[2026-04-28T23:44:09.288+0200] {logging_mixin.py:188} INFO - [2026-04-28T23:44:09.288+0200] {dagbag.py:540} INFO - Filling up the DagBag from /Users/pablofrancoherrero/prueba_tecnica/venv/lib/python3.11/site-packages/airflow/example_dags/example_nested_branch_dag.py
[2026-04-28T23:44:09.300+0200] {processor.py:840} INFO - DAG(s) 'example_nested_branch_dag' retrieved from /Users/pablofrancoherrero/prueba_tecnica/venv/lib/python3.11/site-packages/airflow/example_dags/example_nested_branch_dag.py
[2026-04-28T23:44:09.325+0200] {logging_mixin.py:188} INFO - [2026-04-28T23:44:09.325+0200] {dag.py:3096} INFO - Sync 1 DAGs
[2026-04-28T23:44:09.329+0200] {logging_mixin.py:188} INFO - [2026-04-28T23:44:09.329+0200] {dag.py:3954} INFO - Setting next_dagrun for example_nested_branch_dag to 2026-04-27 00:00:00+00:00, run_after=2026-04-28 00:00:00+00:00
[2026-04-28T23:44:09.334+0200] {processor.py:183} INFO - Processing /Users/pablofrancoherrero/prueba_tecnica/venv/lib/python3.11/site-packages/airflow/example_dags/example_nested_branch_dag.py took 0.048 seconds
[2026-04-28T23:45:28.440+0200] {processor.py:161} INFO - Started process (PID=64810) to work on /Users/pablofrancoherrero/prueba_tecnica/venv/lib/python3.11/site-packages/airflow/example_dags/example_nested_branch_dag.py
[2026-04-28T23:45:28.441+0200] {processor.py:830} INFO - Processing file /Users/pablofrancoherrero/prueba_tecnica/venv/lib/python3.11/site-packages/airflow/example_dags/example_nested_branch_dag.py for tasks to queue
[2026-04-28T23:45:28.441+0200] {logging_mixin.py:188} INFO - [2026-04-28T23:45:28.441+0200] {dagbag.py:540} INFO - Filling up the DagBag from /Users/pablofrancoherrero/prueba_tecnica/venv/lib/python3.11/site-packages/airflow/example_dags/example_nested_branch_dag.py
[2026-04-28T23:45:28.453+0200] {processor.py:840} INFO - DAG(s) 'example_nested_branch_dag' retrieved from /Users/pablofrancoherrero/prueba_tecnica/venv/lib/python3.11/site-packages/airflow/example_dags/example_nested_branch_dag.py
[2026-04-28T23:45:28.478+0200] {logging_mixin.py:188} INFO - [2026-04-28T23:45:28.478+0200] {dag.py:3096} INFO - Sync 1 DAGs
[2026-04-28T23:45:28.482+0200] {logging_mixin.py:188} INFO - [2026-04-28T23:45:28.482+0200] {dag.py:3954} INFO - Setting next_dagrun for example_nested_branch_dag to 2026-04-27 00:00:00+00:00, run_after=2026-04-28 00:00:00+00:00
[2026-04-28T23:45:28.487+0200] {processor.py:183} INFO - Processing /Users/pablofrancoherrero/prueba_tecnica/venv/lib/python3.11/site-packages/airflow/example_dags/example_nested_branch_dag.py took 0.047 seconds
[2026-04-28T23:46:50.151+0200] {processor.py:161} INFO - Started process (PID=64894) to work on /Users/pablofrancoherrero/prueba_tecnica/venv/lib/python3.11/site-packages/airflow/example_dags/example_nested_branch_dag.py
[2026-04-28T23:46:50.152+0200] {processor.py:830} INFO - Processing file /Users/pablofrancoherrero/prueba_tecnica/venv/lib/python3.11/site-packages/airflow/example_dags/example_nested_branch_dag.py for tasks to queue
[2026-04-28T23:46:50.152+0200] {logging_mixin.py:188} INFO - [2026-04-28T23:46:50.152+0200] {dagbag.py:540} INFO - Filling up the DagBag from /Users/pablofrancoherrero/prueba_tecnica/venv/lib/python3.11/site-packages/airflow/example_dags/example_nested_branch_dag.py
[2026-04-28T23:46:50.164+0200] {processor.py:840} INFO - DAG(s) 'example_nested_branch_dag' retrieved from /Users/pablofrancoherrero/prueba_tecnica/venv/lib/python3.11/site-packages/airflow/example_dags/example_nested_branch_dag.py
[2026-04-28T23:46:50.189+0200] {logging_mixin.py:188} INFO - [2026-04-28T23:46:50.189+0200] {dag.py:3096} INFO - Sync 1 DAGs
[2026-04-28T23:46:50.193+0200] {logging_mixin.py:188} INFO - [2026-04-28T23:46:50.193+0200] {dag.py:3954} INFO - Setting next_dagrun for example_nested_branch_dag to 2026-04-27 00:00:00+00:00, run_after=2026-04-28 00:00:00+00:00
[2026-04-28T23:46:50.198+0200] {processor.py:183} INFO - Processing /Users/pablofrancoherrero/prueba_tecnica/venv/lib/python3.11/site-packages/airflow/example_dags/example_nested_branch_dag.py took 0.048 seconds
[2026-04-28T23:48:11.726+0200] {processor.py:161} INFO - Started process (PID=65006) to work on /Users/pablofrancoherrero/prueba_tecnica/venv/lib/python3.11/site-packages/airflow/example_dags/example_nested_branch_dag.py
[2026-04-28T23:48:11.726+0200] {processor.py:830} INFO - Processing file /Users/pablofrancoherrero/prueba_tecnica/venv/lib/python3.11/site-packages/airflow/example_dags/example_nested_branch_dag.py for tasks to queue
[2026-04-28T23:48:11.727+0200] {logging_mixin.py:188} INFO - [2026-04-28T23:48:11.727+0200] {dagbag.py:540} INFO - Filling up the DagBag from /Users/pablofrancoherrero/prueba_tecnica/venv/lib/python3.11/site-packages/airflow/example_dags/example_nested_branch_dag.py
[2026-04-28T23:48:11.738+0200] {processor.py:840} INFO - DAG(s) 'example_nested_branch_dag' retrieved from /Users/pablofrancoherrero/prueba_tecnica/venv/lib/python3.11/site-packages/airflow/example_dags/example_nested_branch_dag.py
[2026-04-28T23:48:11.764+0200] {logging_mixin.py:188} INFO - [2026-04-28T23:48:11.763+0200] {dag.py:3096} INFO - Sync 1 DAGs
[2026-04-28T23:48:11.768+0200] {logging_mixin.py:188} INFO - [2026-04-28T23:48:11.768+0200] {dag.py:3954} INFO - Setting next_dagrun for example_nested_branch_dag to 2026-04-27 00:00:00+00:00, run_after=2026-04-28 00:00:00+00:00
[2026-04-28T23:48:11.773+0200] {processor.py:183} INFO - Processing /Users/pablofrancoherrero/prueba_tecnica/venv/lib/python3.11/site-packages/airflow/example_dags/example_nested_branch_dag.py took 0.047 seconds
[2026-04-28T23:49:30.752+0200] {processor.py:161} INFO - Started process (PID=65100) to work on /Users/pablofrancoherrero/prueba_tecnica/venv/lib/python3.11/site-packages/airflow/example_dags/example_nested_branch_dag.py
[2026-04-28T23:49:30.754+0200] {processor.py:830} INFO - Processing file /Users/pablofrancoherrero/prueba_tecnica/venv/lib/python3.11/site-packages/airflow/example_dags/example_nested_branch_dag.py for tasks to queue
[2026-04-28T23:49:30.754+0200] {logging_mixin.py:188} INFO - [2026-04-28T23:49:30.754+0200] {dagbag.py:540} INFO - Filling up the DagBag from /Users/pablofrancoherrero/prueba_tecnica/venv/lib/python3.11/site-packages/airflow/example_dags/example_nested_branch_dag.py
[2026-04-28T23:49:30.766+0200] {processor.py:840} INFO - DAG(s) 'example_nested_branch_dag' retrieved from /Users/pablofrancoherrero/prueba_tecnica/venv/lib/python3.11/site-packages/airflow/example_dags/example_nested_branch_dag.py
[2026-04-28T23:49:30.792+0200] {logging_mixin.py:188} INFO - [2026-04-28T23:49:30.792+0200] {dag.py:3096} INFO - Sync 1 DAGs
[2026-04-28T23:49:30.796+0200] {logging_mixin.py:188} INFO - [2026-04-28T23:49:30.796+0200] {dag.py:3954} INFO - Setting next_dagrun for example_nested_branch_dag to 2026-04-27 00:00:00+00:00, run_after=2026-04-28 00:00:00+00:00
[2026-04-28T23:49:30.801+0200] {processor.py:183} INFO - Processing /Users/pablofrancoherrero/prueba_tecnica/venv/lib/python3.11/site-packages/airflow/example_dags/example_nested_branch_dag.py took 0.049 seconds
[2026-04-28T23:50:53.172+0200] {processor.py:161} INFO - Started process (PID=65184) to work on /Users/pablofrancoherrero/prueba_tecnica/venv/lib/python3.11/site-packages/airflow/example_dags/example_nested_branch_dag.py
[2026-04-28T23:50:53.172+0200] {processor.py:830} INFO - Processing file /Users/pablofrancoherrero/prueba_tecnica/venv/lib/python3.11/site-packages/airflow/example_dags/example_nested_branch_dag.py for tasks to queue
[2026-04-28T23:50:53.173+0200] {logging_mixin.py:188} INFO - [2026-04-28T23:50:53.173+0200] {dagbag.py:540} INFO - Filling up the DagBag from /Users/pablofrancoherrero/prueba_tecnica/venv/lib/python3.11/site-packages/airflow/example_dags/example_nested_branch_dag.py
[2026-04-28T23:50:53.186+0200] {processor.py:840} INFO - DAG(s) 'example_nested_branch_dag' retrieved from /Users/pablofrancoherrero/prueba_tecnica/venv/lib/python3.11/site-packages/airflow/example_dags/example_nested_branch_dag.py
[2026-04-28T23:50:53.212+0200] {logging_mixin.py:188} INFO - [2026-04-28T23:50:53.212+0200] {dag.py:3096} INFO - Sync 1 DAGs
[2026-04-28T23:50:53.216+0200] {logging_mixin.py:188} INFO - [2026-04-28T23:50:53.216+0200] {dag.py:3954} INFO - Setting next_dagrun for example_nested_branch_dag to 2026-04-27 00:00:00+00:00, run_after=2026-04-28 00:00:00+00:00
[2026-04-28T23:50:53.221+0200] {processor.py:183} INFO - Processing /Users/pablofrancoherrero/prueba_tecnica/venv/lib/python3.11/site-packages/airflow/example_dags/example_nested_branch_dag.py took 0.050 seconds
[2026-04-28T23:52:14.821+0200] {processor.py:161} INFO - Started process (PID=65272) to work on /Users/pablofrancoherrero/prueba_tecnica/venv/lib/python3.11/site-packages/airflow/example_dags/example_nested_branch_dag.py
[2026-04-28T23:52:14.822+0200] {processor.py:830} INFO - Processing file /Users/pablofrancoherrero/prueba_tecnica/venv/lib/python3.11/site-packages/airflow/example_dags/example_nested_branch_dag.py for tasks to queue
[2026-04-28T23:52:14.822+0200] {logging_mixin.py:188} INFO - [2026-04-28T23:52:14.822+0200] {dagbag.py:540} INFO - Filling up the DagBag from /Users/pablofrancoherrero/prueba_tecnica/venv/lib/python3.11/site-packages/airflow/example_dags/example_nested_branch_dag.py
[2026-04-28T23:52:14.834+0200] {processor.py:840} INFO - DAG(s) 'example_nested_branch_dag' retrieved from /Users/pablofrancoherrero/prueba_tecnica/venv/lib/python3.11/site-packages/airflow/example_dags/example_nested_branch_dag.py
[2026-04-28T23:52:14.859+0200] {logging_mixin.py:188} INFO - [2026-04-28T23:52:14.859+0200] {dag.py:3096} INFO - Sync 1 DAGs
[2026-04-28T23:52:14.864+0200] {logging_mixin.py:188} INFO - [2026-04-28T23:52:14.864+0200] {dag.py:3954} INFO - Setting next_dagrun for example_nested_branch_dag to 2026-04-27 00:00:00+00:00, run_after=2026-04-28 00:00:00+00:00
[2026-04-28T23:52:14.868+0200] {processor.py:183} INFO - Processing /Users/pablofrancoherrero/prueba_tecnica/venv/lib/python3.11/site-packages/airflow/example_dags/example_nested_branch_dag.py took 0.048 seconds
[2026-04-28T23:53:31.754+0200] {processor.py:161} INFO - Started process (PID=65368) to work on /Users/pablofrancoherrero/prueba_tecnica/venv/lib/python3.11/site-packages/airflow/example_dags/example_nested_branch_dag.py
[2026-04-28T23:53:31.754+0200] {processor.py:830} INFO - Processing file /Users/pablofrancoherrero/prueba_tecnica/venv/lib/python3.11/site-packages/airflow/example_dags/example_nested_branch_dag.py for tasks to queue
[2026-04-28T23:53:31.754+0200] {logging_mixin.py:188} INFO - [2026-04-28T23:53:31.754+0200] {dagbag.py:540} INFO - Filling up the DagBag from /Users/pablofrancoherrero/prueba_tecnica/venv/lib/python3.11/site-packages/airflow/example_dags/example_nested_branch_dag.py
[2026-04-28T23:53:31.766+0200] {processor.py:840} INFO - DAG(s) 'example_nested_branch_dag' retrieved from /Users/pablofrancoherrero/prueba_tecnica/venv/lib/python3.11/site-packages/airflow/example_dags/example_nested_branch_dag.py
[2026-04-28T23:53:31.792+0200] {logging_mixin.py:188} INFO - [2026-04-28T23:53:31.792+0200] {dag.py:3096} INFO - Sync 1 DAGs
[2026-04-28T23:53:31.796+0200] {logging_mixin.py:188} INFO - [2026-04-28T23:53:31.796+0200] {dag.py:3954} INFO - Setting next_dagrun for example_nested_branch_dag to 2026-04-27 00:00:00+00:00, run_after=2026-04-28 00:00:00+00:00
[2026-04-28T23:53:31.801+0200] {processor.py:183} INFO - Processing /Users/pablofrancoherrero/prueba_tecnica/venv/lib/python3.11/site-packages/airflow/example_dags/example_nested_branch_dag.py took 0.048 seconds
[2026-04-28T23:54:52.388+0200] {processor.py:161} INFO - Started process (PID=65452) to work on /Users/pablofrancoherrero/prueba_tecnica/venv/lib/python3.11/site-packages/airflow/example_dags/example_nested_branch_dag.py
[2026-04-28T23:54:52.389+0200] {processor.py:830} INFO - Processing file /Users/pablofrancoherrero/prueba_tecnica/venv/lib/python3.11/site-packages/airflow/example_dags/example_nested_branch_dag.py for tasks to queue
[2026-04-28T23:54:52.389+0200] {logging_mixin.py:188} INFO - [2026-04-28T23:54:52.389+0200] {dagbag.py:540} INFO - Filling up the DagBag from /Users/pablofrancoherrero/prueba_tecnica/venv/lib/python3.11/site-packages/airflow/example_dags/example_nested_branch_dag.py
[2026-04-28T23:54:52.401+0200] {processor.py:840} INFO - DAG(s) 'example_nested_branch_dag' retrieved from /Users/pablofrancoherrero/prueba_tecnica/venv/lib/python3.11/site-packages/airflow/example_dags/example_nested_branch_dag.py
[2026-04-28T23:54:52.426+0200] {logging_mixin.py:188} INFO - [2026-04-28T23:54:52.426+0200] {dag.py:3096} INFO - Sync 1 DAGs
[2026-04-28T23:54:52.431+0200] {logging_mixin.py:188} INFO - [2026-04-28T23:54:52.430+0200] {dag.py:3954} INFO - Setting next_dagrun for example_nested_branch_dag to 2026-04-27 00:00:00+00:00, run_after=2026-04-28 00:00:00+00:00
[2026-04-28T23:54:52.435+0200] {processor.py:183} INFO - Processing /Users/pablofrancoherrero/prueba_tecnica/venv/lib/python3.11/site-packages/airflow/example_dags/example_nested_branch_dag.py took 0.048 seconds
[2026-04-28T23:56:06.389+0200] {processor.py:161} INFO - Started process (PID=65534) to work on /Users/pablofrancoherrero/prueba_tecnica/venv/lib/python3.11/site-packages/airflow/example_dags/example_nested_branch_dag.py
[2026-04-28T23:56:06.389+0200] {processor.py:830} INFO - Processing file /Users/pablofrancoherrero/prueba_tecnica/venv/lib/python3.11/site-packages/airflow/example_dags/example_nested_branch_dag.py for tasks to queue
[2026-04-28T23:56:06.390+0200] {logging_mixin.py:188} INFO - [2026-04-28T23:56:06.390+0200] {dagbag.py:540} INFO - Filling up the DagBag from /Users/pablofrancoherrero/prueba_tecnica/venv/lib/python3.11/site-packages/airflow/example_dags/example_nested_branch_dag.py
[2026-04-28T23:56:06.402+0200] {processor.py:840} INFO - DAG(s) 'example_nested_branch_dag' retrieved from /Users/pablofrancoherrero/prueba_tecnica/venv/lib/python3.11/site-packages/airflow/example_dags/example_nested_branch_dag.py
[2026-04-28T23:56:06.428+0200] {logging_mixin.py:188} INFO - [2026-04-28T23:56:06.428+0200] {dag.py:3096} INFO - Sync 1 DAGs
[2026-04-28T23:56:06.433+0200] {logging_mixin.py:188} INFO - [2026-04-28T23:56:06.433+0200] {dag.py:3954} INFO - Setting next_dagrun for example_nested_branch_dag to 2026-04-27 00:00:00+00:00, run_after=2026-04-28 00:00:00+00:00
[2026-04-28T23:56:06.438+0200] {processor.py:183} INFO - Processing /Users/pablofrancoherrero/prueba_tecnica/venv/lib/python3.11/site-packages/airflow/example_dags/example_nested_branch_dag.py took 0.050 seconds
[2026-04-28T23:57:27.319+0200] {processor.py:161} INFO - Started process (PID=65629) to work on /Users/pablofrancoherrero/prueba_tecnica/venv/lib/python3.11/site-packages/airflow/example_dags/example_nested_branch_dag.py
[2026-04-28T23:57:27.320+0200] {processor.py:830} INFO - Processing file /Users/pablofrancoherrero/prueba_tecnica/venv/lib/python3.11/site-packages/airflow/example_dags/example_nested_branch_dag.py for tasks to queue
[2026-04-28T23:57:27.321+0200] {logging_mixin.py:188} INFO - [2026-04-28T23:57:27.320+0200] {dagbag.py:540} INFO - Filling up the DagBag from /Users/pablofrancoherrero/prueba_tecnica/venv/lib/python3.11/site-packages/airflow/example_dags/example_nested_branch_dag.py
[2026-04-28T23:57:27.332+0200] {processor.py:840} INFO - DAG(s) 'example_nested_branch_dag' retrieved from /Users/pablofrancoherrero/prueba_tecnica/venv/lib/python3.11/site-packages/airflow/example_dags/example_nested_branch_dag.py
[2026-04-28T23:57:27.358+0200] {logging_mixin.py:188} INFO - [2026-04-28T23:57:27.357+0200] {dag.py:3096} INFO - Sync 1 DAGs
[2026-04-28T23:57:27.362+0200] {logging_mixin.py:188} INFO - [2026-04-28T23:57:27.362+0200] {dag.py:3954} INFO - Setting next_dagrun for example_nested_branch_dag to 2026-04-27 00:00:00+00:00, run_after=2026-04-28 00:00:00+00:00
[2026-04-28T23:57:27.367+0200] {processor.py:183} INFO - Processing /Users/pablofrancoherrero/prueba_tecnica/venv/lib/python3.11/site-packages/airflow/example_dags/example_nested_branch_dag.py took 0.048 seconds
[2026-04-28T23:58:50.226+0200] {processor.py:161} INFO - Started process (PID=65734) to work on /Users/pablofrancoherrero/prueba_tecnica/venv/lib/python3.11/site-packages/airflow/example_dags/example_nested_branch_dag.py
[2026-04-28T23:58:50.227+0200] {processor.py:830} INFO - Processing file /Users/pablofrancoherrero/prueba_tecnica/venv/lib/python3.11/site-packages/airflow/example_dags/example_nested_branch_dag.py for tasks to queue
[2026-04-28T23:58:50.227+0200] {logging_mixin.py:188} INFO - [2026-04-28T23:58:50.227+0200] {dagbag.py:540} INFO - Filling up the DagBag from /Users/pablofrancoherrero/prueba_tecnica/venv/lib/python3.11/site-packages/airflow/example_dags/example_nested_branch_dag.py
[2026-04-28T23:58:50.239+0200] {processor.py:840} INFO - DAG(s) 'example_nested_branch_dag' retrieved from /Users/pablofrancoherrero/prueba_tecnica/venv/lib/python3.11/site-packages/airflow/example_dags/example_nested_branch_dag.py
[2026-04-28T23:58:50.265+0200] {logging_mixin.py:188} INFO - [2026-04-28T23:58:50.265+0200] {dag.py:3096} INFO - Sync 1 DAGs
[2026-04-28T23:58:50.269+0200] {logging_mixin.py:188} INFO - [2026-04-28T23:58:50.269+0200] {dag.py:3954} INFO - Setting next_dagrun for example_nested_branch_dag to 2026-04-27 00:00:00+00:00, run_after=2026-04-28 00:00:00+00:00
[2026-04-28T23:58:50.274+0200] {processor.py:183} INFO - Processing /Users/pablofrancoherrero/prueba_tecnica/venv/lib/python3.11/site-packages/airflow/example_dags/example_nested_branch_dag.py took 0.049 seconds
[2026-04-29T00:00:12.689+0200] {processor.py:161} INFO - Started process (PID=65853) to work on /Users/pablofrancoherrero/prueba_tecnica/venv/lib/python3.11/site-packages/airflow/example_dags/example_nested_branch_dag.py
[2026-04-29T00:00:12.690+0200] {processor.py:830} INFO - Processing file /Users/pablofrancoherrero/prueba_tecnica/venv/lib/python3.11/site-packages/airflow/example_dags/example_nested_branch_dag.py for tasks to queue
[2026-04-29T00:00:12.691+0200] {logging_mixin.py:188} INFO - [2026-04-29T00:00:12.691+0200] {dagbag.py:540} INFO - Filling up the DagBag from /Users/pablofrancoherrero/prueba_tecnica/venv/lib/python3.11/site-packages/airflow/example_dags/example_nested_branch_dag.py
[2026-04-29T00:00:12.703+0200] {processor.py:840} INFO - DAG(s) 'example_nested_branch_dag' retrieved from /Users/pablofrancoherrero/prueba_tecnica/venv/lib/python3.11/site-packages/airflow/example_dags/example_nested_branch_dag.py
[2026-04-29T00:00:12.729+0200] {logging_mixin.py:188} INFO - [2026-04-29T00:00:12.728+0200] {dag.py:3096} INFO - Sync 1 DAGs
[2026-04-29T00:00:12.733+0200] {logging_mixin.py:188} INFO - [2026-04-29T00:00:12.733+0200] {dag.py:3954} INFO - Setting next_dagrun for example_nested_branch_dag to 2026-04-27 00:00:00+00:00, run_after=2026-04-28 00:00:00+00:00
[2026-04-29T00:00:12.738+0200] {processor.py:183} INFO - Processing /Users/pablofrancoherrero/prueba_tecnica/venv/lib/python3.11/site-packages/airflow/example_dags/example_nested_branch_dag.py took 0.049 seconds
[2026-04-29T00:01:31.112+0200] {processor.py:161} INFO - Started process (PID=65944) to work on /Users/pablofrancoherrero/prueba_tecnica/venv/lib/python3.11/site-packages/airflow/example_dags/example_nested_branch_dag.py
[2026-04-29T00:01:31.113+0200] {processor.py:830} INFO - Processing file /Users/pablofrancoherrero/prueba_tecnica/venv/lib/python3.11/site-packages/airflow/example_dags/example_nested_branch_dag.py for tasks to queue
[2026-04-29T00:01:31.114+0200] {logging_mixin.py:188} INFO - [2026-04-29T00:01:31.114+0200] {dagbag.py:540} INFO - Filling up the DagBag from /Users/pablofrancoherrero/prueba_tecnica/venv/lib/python3.11/site-packages/airflow/example_dags/example_nested_branch_dag.py
[2026-04-29T00:01:31.125+0200] {processor.py:840} INFO - DAG(s) 'example_nested_branch_dag' retrieved from /Users/pablofrancoherrero/prueba_tecnica/venv/lib/python3.11/site-packages/airflow/example_dags/example_nested_branch_dag.py
[2026-04-29T00:01:31.151+0200] {logging_mixin.py:188} INFO - [2026-04-29T00:01:31.151+0200] {dag.py:3096} INFO - Sync 1 DAGs
[2026-04-29T00:01:31.156+0200] {logging_mixin.py:188} INFO - [2026-04-29T00:01:31.156+0200] {dag.py:3954} INFO - Setting next_dagrun for example_nested_branch_dag to 2026-04-27 00:00:00+00:00, run_after=2026-04-28 00:00:00+00:00
[2026-04-29T00:01:31.161+0200] {processor.py:183} INFO - Processing /Users/pablofrancoherrero/prueba_tecnica/venv/lib/python3.11/site-packages/airflow/example_dags/example_nested_branch_dag.py took 0.049 seconds
[2026-04-29T00:02:52.858+0200] {processor.py:161} INFO - Started process (PID=66028) to work on /Users/pablofrancoherrero/prueba_tecnica/venv/lib/python3.11/site-packages/airflow/example_dags/example_nested_branch_dag.py
[2026-04-29T00:02:52.859+0200] {processor.py:830} INFO - Processing file /Users/pablofrancoherrero/prueba_tecnica/venv/lib/python3.11/site-packages/airflow/example_dags/example_nested_branch_dag.py for tasks to queue
[2026-04-29T00:02:52.859+0200] {logging_mixin.py:188} INFO - [2026-04-29T00:02:52.859+0200] {dagbag.py:540} INFO - Filling up the DagBag from /Users/pablofrancoherrero/prueba_tecnica/venv/lib/python3.11/site-packages/airflow/example_dags/example_nested_branch_dag.py
[2026-04-29T00:02:52.871+0200] {processor.py:840} INFO - DAG(s) 'example_nested_branch_dag' retrieved from /Users/pablofrancoherrero/prueba_tecnica/venv/lib/python3.11/site-packages/airflow/example_dags/example_nested_branch_dag.py
[2026-04-29T00:02:52.897+0200] {logging_mixin.py:188} INFO - [2026-04-29T00:02:52.897+0200] {dag.py:3096} INFO - Sync 1 DAGs
[2026-04-29T00:02:52.902+0200] {logging_mixin.py:188} INFO - [2026-04-29T00:02:52.902+0200] {dag.py:3954} INFO - Setting next_dagrun for example_nested_branch_dag to 2026-04-27 00:00:00+00:00, run_after=2026-04-28 00:00:00+00:00
[2026-04-29T00:02:52.907+0200] {processor.py:183} INFO - Processing /Users/pablofrancoherrero/prueba_tecnica/venv/lib/python3.11/site-packages/airflow/example_dags/example_nested_branch_dag.py took 0.049 seconds
[2026-04-29T00:04:15.446+0200] {processor.py:161} INFO - Started process (PID=66135) to work on /Users/pablofrancoherrero/prueba_tecnica/venv/lib/python3.11/site-packages/airflow/example_dags/example_nested_branch_dag.py
[2026-04-29T00:04:15.447+0200] {processor.py:830} INFO - Processing file /Users/pablofrancoherrero/prueba_tecnica/venv/lib/python3.11/site-packages/airflow/example_dags/example_nested_branch_dag.py for tasks to queue
[2026-04-29T00:04:15.447+0200] {logging_mixin.py:188} INFO - [2026-04-29T00:04:15.447+0200] {dagbag.py:540} INFO - Filling up the DagBag from /Users/pablofrancoherrero/prueba_tecnica/venv/lib/python3.11/site-packages/airflow/example_dags/example_nested_branch_dag.py
[2026-04-29T00:04:15.459+0200] {processor.py:840} INFO - DAG(s) 'example_nested_branch_dag' retrieved from /Users/pablofrancoherrero/prueba_tecnica/venv/lib/python3.11/site-packages/airflow/example_dags/example_nested_branch_dag.py
[2026-04-29T00:04:15.484+0200] {logging_mixin.py:188} INFO - [2026-04-29T00:04:15.484+0200] {dag.py:3096} INFO - Sync 1 DAGs
[2026-04-29T00:04:15.488+0200] {logging_mixin.py:188} INFO - [2026-04-29T00:04:15.488+0200] {dag.py:3954} INFO - Setting next_dagrun for example_nested_branch_dag to 2026-04-27 00:00:00+00:00, run_after=2026-04-28 00:00:00+00:00
[2026-04-29T00:04:15.493+0200] {processor.py:183} INFO - Processing /Users/pablofrancoherrero/prueba_tecnica/venv/lib/python3.11/site-packages/airflow/example_dags/example_nested_branch_dag.py took 0.048 seconds
[2026-04-29T00:05:36.158+0200] {processor.py:161} INFO - Started process (PID=66218) to work on /Users/pablofrancoherrero/prueba_tecnica/venv/lib/python3.11/site-packages/airflow/example_dags/example_nested_branch_dag.py
[2026-04-29T00:05:36.158+0200] {processor.py:830} INFO - Processing file /Users/pablofrancoherrero/prueba_tecnica/venv/lib/python3.11/site-packages/airflow/example_dags/example_nested_branch_dag.py for tasks to queue
[2026-04-29T00:05:36.158+0200] {logging_mixin.py:188} INFO - [2026-04-29T00:05:36.158+0200] {dagbag.py:540} INFO - Filling up the DagBag from /Users/pablofrancoherrero/prueba_tecnica/venv/lib/python3.11/site-packages/airflow/example_dags/example_nested_branch_dag.py
[2026-04-29T00:05:36.170+0200] {processor.py:840} INFO - DAG(s) 'example_nested_branch_dag' retrieved from /Users/pablofrancoherrero/prueba_tecnica/venv/lib/python3.11/site-packages/airflow/example_dags/example_nested_branch_dag.py
[2026-04-29T00:05:36.196+0200] {logging_mixin.py:188} INFO - [2026-04-29T00:05:36.196+0200] {dag.py:3096} INFO - Sync 1 DAGs
[2026-04-29T00:05:36.201+0200] {logging_mixin.py:188} INFO - [2026-04-29T00:05:36.201+0200] {dag.py:3954} INFO - Setting next_dagrun for example_nested_branch_dag to 2026-04-27 00:00:00+00:00, run_after=2026-04-28 00:00:00+00:00
[2026-04-29T00:05:36.206+0200] {processor.py:183} INFO - Processing /Users/pablofrancoherrero/prueba_tecnica/venv/lib/python3.11/site-packages/airflow/example_dags/example_nested_branch_dag.py took 0.049 seconds
[2026-04-29T00:06:57.638+0200] {processor.py:161} INFO - Started process (PID=66307) to work on /Users/pablofrancoherrero/prueba_tecnica/venv/lib/python3.11/site-packages/airflow/example_dags/example_nested_branch_dag.py
[2026-04-29T00:06:57.639+0200] {processor.py:830} INFO - Processing file /Users/pablofrancoherrero/prueba_tecnica/venv/lib/python3.11/site-packages/airflow/example_dags/example_nested_branch_dag.py for tasks to queue
[2026-04-29T00:06:57.639+0200] {logging_mixin.py:188} INFO - [2026-04-29T00:06:57.639+0200] {dagbag.py:540} INFO - Filling up the DagBag from /Users/pablofrancoherrero/prueba_tecnica/venv/lib/python3.11/site-packages/airflow/example_dags/example_nested_branch_dag.py
[2026-04-29T00:06:57.651+0200] {processor.py:840} INFO - DAG(s) 'example_nested_branch_dag' retrieved from /Users/pablofrancoherrero/prueba_tecnica/venv/lib/python3.11/site-packages/airflow/example_dags/example_nested_branch_dag.py
[2026-04-29T00:06:57.677+0200] {logging_mixin.py:188} INFO - [2026-04-29T00:06:57.677+0200] {dag.py:3096} INFO - Sync 1 DAGs
[2026-04-29T00:06:57.681+0200] {logging_mixin.py:188} INFO - [2026-04-29T00:06:57.681+0200] {dag.py:3954} INFO - Setting next_dagrun for example_nested_branch_dag to 2026-04-27 00:00:00+00:00, run_after=2026-04-28 00:00:00+00:00
[2026-04-29T00:06:57.686+0200] {processor.py:183} INFO - Processing /Users/pablofrancoherrero/prueba_tecnica/venv/lib/python3.11/site-packages/airflow/example_dags/example_nested_branch_dag.py took 0.049 seconds
[2026-04-29T00:08:18.588+0200] {processor.py:161} INFO - Started process (PID=66389) to work on /Users/pablofrancoherrero/prueba_tecnica/venv/lib/python3.11/site-packages/airflow/example_dags/example_nested_branch_dag.py
[2026-04-29T00:08:18.589+0200] {processor.py:830} INFO - Processing file /Users/pablofrancoherrero/prueba_tecnica/venv/lib/python3.11/site-packages/airflow/example_dags/example_nested_branch_dag.py for tasks to queue
[2026-04-29T00:08:18.589+0200] {logging_mixin.py:188} INFO - [2026-04-29T00:08:18.589+0200] {dagbag.py:540} INFO - Filling up the DagBag from /Users/pablofrancoherrero/prueba_tecnica/venv/lib/python3.11/site-packages/airflow/example_dags/example_nested_branch_dag.py
[2026-04-29T00:08:18.600+0200] {processor.py:840} INFO - DAG(s) 'example_nested_branch_dag' retrieved from /Users/pablofrancoherrero/prueba_tecnica/venv/lib/python3.11/site-packages/airflow/example_dags/example_nested_branch_dag.py
[2026-04-29T00:08:18.625+0200] {logging_mixin.py:188} INFO - [2026-04-29T00:08:18.625+0200] {dag.py:3096} INFO - Sync 1 DAGs
[2026-04-29T00:08:18.630+0200] {logging_mixin.py:188} INFO - [2026-04-29T00:08:18.630+0200] {dag.py:3954} INFO - Setting next_dagrun for example_nested_branch_dag to 2026-04-27 00:00:00+00:00, run_after=2026-04-28 00:00:00+00:00
[2026-04-29T00:08:18.634+0200] {processor.py:183} INFO - Processing /Users/pablofrancoherrero/prueba_tecnica/venv/lib/python3.11/site-packages/airflow/example_dags/example_nested_branch_dag.py took 0.048 seconds
[2026-04-29T00:09:36.427+0200] {processor.py:161} INFO - Started process (PID=66486) to work on /Users/pablofrancoherrero/prueba_tecnica/venv/lib/python3.11/site-packages/airflow/example_dags/example_nested_branch_dag.py
[2026-04-29T00:09:36.428+0200] {processor.py:830} INFO - Processing file /Users/pablofrancoherrero/prueba_tecnica/venv/lib/python3.11/site-packages/airflow/example_dags/example_nested_branch_dag.py for tasks to queue
[2026-04-29T00:09:36.429+0200] {logging_mixin.py:188} INFO - [2026-04-29T00:09:36.428+0200] {dagbag.py:540} INFO - Filling up the DagBag from /Users/pablofrancoherrero/prueba_tecnica/venv/lib/python3.11/site-packages/airflow/example_dags/example_nested_branch_dag.py
[2026-04-29T00:09:36.440+0200] {processor.py:840} INFO - DAG(s) 'example_nested_branch_dag' retrieved from /Users/pablofrancoherrero/prueba_tecnica/venv/lib/python3.11/site-packages/airflow/example_dags/example_nested_branch_dag.py
[2026-04-29T00:09:36.467+0200] {logging_mixin.py:188} INFO - [2026-04-29T00:09:36.466+0200] {dag.py:3096} INFO - Sync 1 DAGs
[2026-04-29T00:09:36.471+0200] {logging_mixin.py:188} INFO - [2026-04-29T00:09:36.471+0200] {dag.py:3954} INFO - Setting next_dagrun for example_nested_branch_dag to 2026-04-27 00:00:00+00:00, run_after=2026-04-28 00:00:00+00:00
[2026-04-29T00:09:36.476+0200] {processor.py:183} INFO - Processing /Users/pablofrancoherrero/prueba_tecnica/venv/lib/python3.11/site-packages/airflow/example_dags/example_nested_branch_dag.py took 0.049 seconds
[2026-04-29T00:10:55.726+0200] {processor.py:161} INFO - Started process (PID=66572) to work on /Users/pablofrancoherrero/prueba_tecnica/venv/lib/python3.11/site-packages/airflow/example_dags/example_nested_branch_dag.py
[2026-04-29T00:10:55.727+0200] {processor.py:830} INFO - Processing file /Users/pablofrancoherrero/prueba_tecnica/venv/lib/python3.11/site-packages/airflow/example_dags/example_nested_branch_dag.py for tasks to queue
[2026-04-29T00:10:55.727+0200] {logging_mixin.py:188} INFO - [2026-04-29T00:10:55.727+0200] {dagbag.py:540} INFO - Filling up the DagBag from /Users/pablofrancoherrero/prueba_tecnica/venv/lib/python3.11/site-packages/airflow/example_dags/example_nested_branch_dag.py
[2026-04-29T00:10:55.739+0200] {processor.py:840} INFO - DAG(s) 'example_nested_branch_dag' retrieved from /Users/pablofrancoherrero/prueba_tecnica/venv/lib/python3.11/site-packages/airflow/example_dags/example_nested_branch_dag.py
[2026-04-29T00:10:55.764+0200] {logging_mixin.py:188} INFO - [2026-04-29T00:10:55.764+0200] {dag.py:3096} INFO - Sync 1 DAGs
[2026-04-29T00:10:55.772+0200] {logging_mixin.py:188} INFO - [2026-04-29T00:10:55.772+0200] {dag.py:3954} INFO - Setting next_dagrun for example_nested_branch_dag to 2026-04-27 00:00:00+00:00, run_after=2026-04-28 00:00:00+00:00
[2026-04-29T00:10:55.777+0200] {processor.py:183} INFO - Processing /Users/pablofrancoherrero/prueba_tecnica/venv/lib/python3.11/site-packages/airflow/example_dags/example_nested_branch_dag.py took 0.051 seconds
[2026-04-29T00:12:15.803+0200] {processor.py:161} INFO - Started process (PID=66656) to work on /Users/pablofrancoherrero/prueba_tecnica/venv/lib/python3.11/site-packages/airflow/example_dags/example_nested_branch_dag.py
[2026-04-29T00:12:15.804+0200] {processor.py:830} INFO - Processing file /Users/pablofrancoherrero/prueba_tecnica/venv/lib/python3.11/site-packages/airflow/example_dags/example_nested_branch_dag.py for tasks to queue
[2026-04-29T00:12:15.805+0200] {logging_mixin.py:188} INFO - [2026-04-29T00:12:15.804+0200] {dagbag.py:540} INFO - Filling up the DagBag from /Users/pablofrancoherrero/prueba_tecnica/venv/lib/python3.11/site-packages/airflow/example_dags/example_nested_branch_dag.py
[2026-04-29T00:12:15.816+0200] {processor.py:840} INFO - DAG(s) 'example_nested_branch_dag' retrieved from /Users/pablofrancoherrero/prueba_tecnica/venv/lib/python3.11/site-packages/airflow/example_dags/example_nested_branch_dag.py
[2026-04-29T00:12:15.842+0200] {logging_mixin.py:188} INFO - [2026-04-29T00:12:15.842+0200] {dag.py:3096} INFO - Sync 1 DAGs
[2026-04-29T00:12:15.847+0200] {logging_mixin.py:188} INFO - [2026-04-29T00:12:15.847+0200] {dag.py:3954} INFO - Setting next_dagrun for example_nested_branch_dag to 2026-04-27 00:00:00+00:00, run_after=2026-04-28 00:00:00+00:00
[2026-04-29T00:12:15.851+0200] {processor.py:183} INFO - Processing /Users/pablofrancoherrero/prueba_tecnica/venv/lib/python3.11/site-packages/airflow/example_dags/example_nested_branch_dag.py took 0.049 seconds
[2026-04-29T00:13:37.434+0200] {processor.py:161} INFO - Started process (PID=66739) to work on /Users/pablofrancoherrero/prueba_tecnica/venv/lib/python3.11/site-packages/airflow/example_dags/example_nested_branch_dag.py
[2026-04-29T00:13:37.435+0200] {processor.py:830} INFO - Processing file /Users/pablofrancoherrero/prueba_tecnica/venv/lib/python3.11/site-packages/airflow/example_dags/example_nested_branch_dag.py for tasks to queue
[2026-04-29T00:13:37.435+0200] {logging_mixin.py:188} INFO - [2026-04-29T00:13:37.435+0200] {dagbag.py:540} INFO - Filling up the DagBag from /Users/pablofrancoherrero/prueba_tecnica/venv/lib/python3.11/site-packages/airflow/example_dags/example_nested_branch_dag.py
[2026-04-29T00:13:37.447+0200] {processor.py:840} INFO - DAG(s) 'example_nested_branch_dag' retrieved from /Users/pablofrancoherrero/prueba_tecnica/venv/lib/python3.11/site-packages/airflow/example_dags/example_nested_branch_dag.py
[2026-04-29T00:13:37.473+0200] {logging_mixin.py:188} INFO - [2026-04-29T00:13:37.473+0200] {dag.py:3096} INFO - Sync 1 DAGs
[2026-04-29T00:13:37.477+0200] {logging_mixin.py:188} INFO - [2026-04-29T00:13:37.477+0200] {dag.py:3954} INFO - Setting next_dagrun for example_nested_branch_dag to 2026-04-27 00:00:00+00:00, run_after=2026-04-28 00:00:00+00:00
[2026-04-29T00:13:37.482+0200] {processor.py:183} INFO - Processing /Users/pablofrancoherrero/prueba_tecnica/venv/lib/python3.11/site-packages/airflow/example_dags/example_nested_branch_dag.py took 0.049 seconds
[2026-04-29T00:14:59.342+0200] {processor.py:161} INFO - Started process (PID=66846) to work on /Users/pablofrancoherrero/prueba_tecnica/venv/lib/python3.11/site-packages/airflow/example_dags/example_nested_branch_dag.py
[2026-04-29T00:14:59.343+0200] {processor.py:830} INFO - Processing file /Users/pablofrancoherrero/prueba_tecnica/venv/lib/python3.11/site-packages/airflow/example_dags/example_nested_branch_dag.py for tasks to queue
[2026-04-29T00:14:59.343+0200] {logging_mixin.py:188} INFO - [2026-04-29T00:14:59.343+0200] {dagbag.py:540} INFO - Filling up the DagBag from /Users/pablofrancoherrero/prueba_tecnica/venv/lib/python3.11/site-packages/airflow/example_dags/example_nested_branch_dag.py
[2026-04-29T00:14:59.355+0200] {processor.py:840} INFO - DAG(s) 'example_nested_branch_dag' retrieved from /Users/pablofrancoherrero/prueba_tecnica/venv/lib/python3.11/site-packages/airflow/example_dags/example_nested_branch_dag.py
[2026-04-29T00:14:59.381+0200] {logging_mixin.py:188} INFO - [2026-04-29T00:14:59.381+0200] {dag.py:3096} INFO - Sync 1 DAGs
[2026-04-29T00:14:59.385+0200] {logging_mixin.py:188} INFO - [2026-04-29T00:14:59.385+0200] {dag.py:3954} INFO - Setting next_dagrun for example_nested_branch_dag to 2026-04-27 00:00:00+00:00, run_after=2026-04-28 00:00:00+00:00
[2026-04-29T00:14:59.390+0200] {processor.py:183} INFO - Processing /Users/pablofrancoherrero/prueba_tecnica/venv/lib/python3.11/site-packages/airflow/example_dags/example_nested_branch_dag.py took 0.049 seconds
[2026-04-29T00:16:21.015+0200] {processor.py:161} INFO - Started process (PID=66932) to work on /Users/pablofrancoherrero/prueba_tecnica/venv/lib/python3.11/site-packages/airflow/example_dags/example_nested_branch_dag.py
[2026-04-29T00:16:21.016+0200] {processor.py:830} INFO - Processing file /Users/pablofrancoherrero/prueba_tecnica/venv/lib/python3.11/site-packages/airflow/example_dags/example_nested_branch_dag.py for tasks to queue
[2026-04-29T00:16:21.016+0200] {logging_mixin.py:188} INFO - [2026-04-29T00:16:21.016+0200] {dagbag.py:540} INFO - Filling up the DagBag from /Users/pablofrancoherrero/prueba_tecnica/venv/lib/python3.11/site-packages/airflow/example_dags/example_nested_branch_dag.py
[2026-04-29T00:16:21.028+0200] {processor.py:840} INFO - DAG(s) 'example_nested_branch_dag' retrieved from /Users/pablofrancoherrero/prueba_tecnica/venv/lib/python3.11/site-packages/airflow/example_dags/example_nested_branch_dag.py
[2026-04-29T00:16:21.054+0200] {logging_mixin.py:188} INFO - [2026-04-29T00:16:21.054+0200] {dag.py:3096} INFO - Sync 1 DAGs
[2026-04-29T00:16:21.059+0200] {logging_mixin.py:188} INFO - [2026-04-29T00:16:21.058+0200] {dag.py:3954} INFO - Setting next_dagrun for example_nested_branch_dag to 2026-04-27 00:00:00+00:00, run_after=2026-04-28 00:00:00+00:00
[2026-04-29T00:16:21.063+0200] {processor.py:183} INFO - Processing /Users/pablofrancoherrero/prueba_tecnica/venv/lib/python3.11/site-packages/airflow/example_dags/example_nested_branch_dag.py took 0.049 seconds
[2026-04-29T00:17:43.368+0200] {processor.py:161} INFO - Started process (PID=67040) to work on /Users/pablofrancoherrero/prueba_tecnica/venv/lib/python3.11/site-packages/airflow/example_dags/example_nested_branch_dag.py
[2026-04-29T00:17:43.369+0200] {processor.py:830} INFO - Processing file /Users/pablofrancoherrero/prueba_tecnica/venv/lib/python3.11/site-packages/airflow/example_dags/example_nested_branch_dag.py for tasks to queue
[2026-04-29T00:17:43.369+0200] {logging_mixin.py:188} INFO - [2026-04-29T00:17:43.369+0200] {dagbag.py:540} INFO - Filling up the DagBag from /Users/pablofrancoherrero/prueba_tecnica/venv/lib/python3.11/site-packages/airflow/example_dags/example_nested_branch_dag.py
[2026-04-29T00:17:43.381+0200] {processor.py:840} INFO - DAG(s) 'example_nested_branch_dag' retrieved from /Users/pablofrancoherrero/prueba_tecnica/venv/lib/python3.11/site-packages/airflow/example_dags/example_nested_branch_dag.py
[2026-04-29T00:17:43.408+0200] {logging_mixin.py:188} INFO - [2026-04-29T00:17:43.407+0200] {dag.py:3096} INFO - Sync 1 DAGs
[2026-04-29T00:17:43.412+0200] {logging_mixin.py:188} INFO - [2026-04-29T00:17:43.412+0200] {dag.py:3954} INFO - Setting next_dagrun for example_nested_branch_dag to 2026-04-27 00:00:00+00:00, run_after=2026-04-28 00:00:00+00:00
[2026-04-29T00:17:43.417+0200] {processor.py:183} INFO - Processing /Users/pablofrancoherrero/prueba_tecnica/venv/lib/python3.11/site-packages/airflow/example_dags/example_nested_branch_dag.py took 0.049 seconds
[2026-04-29T00:19:06.278+0200] {processor.py:161} INFO - Started process (PID=67152) to work on /Users/pablofrancoherrero/prueba_tecnica/venv/lib/python3.11/site-packages/airflow/example_dags/example_nested_branch_dag.py
[2026-04-29T00:19:06.279+0200] {processor.py:830} INFO - Processing file /Users/pablofrancoherrero/prueba_tecnica/venv/lib/python3.11/site-packages/airflow/example_dags/example_nested_branch_dag.py for tasks to queue
[2026-04-29T00:19:06.279+0200] {logging_mixin.py:188} INFO - [2026-04-29T00:19:06.279+0200] {dagbag.py:540} INFO - Filling up the DagBag from /Users/pablofrancoherrero/prueba_tecnica/venv/lib/python3.11/site-packages/airflow/example_dags/example_nested_branch_dag.py
[2026-04-29T00:19:06.291+0200] {processor.py:840} INFO - DAG(s) 'example_nested_branch_dag' retrieved from /Users/pablofrancoherrero/prueba_tecnica/venv/lib/python3.11/site-packages/airflow/example_dags/example_nested_branch_dag.py
[2026-04-29T00:19:06.316+0200] {logging_mixin.py:188} INFO - [2026-04-29T00:19:06.316+0200] {dag.py:3096} INFO - Sync 1 DAGs
[2026-04-29T00:19:06.321+0200] {logging_mixin.py:188} INFO - [2026-04-29T00:19:06.321+0200] {dag.py:3954} INFO - Setting next_dagrun for example_nested_branch_dag to 2026-04-27 00:00:00+00:00, run_after=2026-04-28 00:00:00+00:00
[2026-04-29T00:19:06.325+0200] {processor.py:183} INFO - Processing /Users/pablofrancoherrero/prueba_tecnica/venv/lib/python3.11/site-packages/airflow/example_dags/example_nested_branch_dag.py took 0.048 seconds
[2026-04-29T00:20:26.961+0200] {processor.py:161} INFO - Started process (PID=67256) to work on /Users/pablofrancoherrero/prueba_tecnica/venv/lib/python3.11/site-packages/airflow/example_dags/example_nested_branch_dag.py
[2026-04-29T00:20:26.962+0200] {processor.py:830} INFO - Processing file /Users/pablofrancoherrero/prueba_tecnica/venv/lib/python3.11/site-packages/airflow/example_dags/example_nested_branch_dag.py for tasks to queue
[2026-04-29T00:20:26.962+0200] {logging_mixin.py:188} INFO - [2026-04-29T00:20:26.962+0200] {dagbag.py:540} INFO - Filling up the DagBag from /Users/pablofrancoherrero/prueba_tecnica/venv/lib/python3.11/site-packages/airflow/example_dags/example_nested_branch_dag.py
[2026-04-29T00:20:26.974+0200] {processor.py:840} INFO - DAG(s) 'example_nested_branch_dag' retrieved from /Users/pablofrancoherrero/prueba_tecnica/venv/lib/python3.11/site-packages/airflow/example_dags/example_nested_branch_dag.py
[2026-04-29T00:20:26.999+0200] {logging_mixin.py:188} INFO - [2026-04-29T00:20:26.999+0200] {dag.py:3096} INFO - Sync 1 DAGs
[2026-04-29T00:20:27.004+0200] {logging_mixin.py:188} INFO - [2026-04-29T00:20:27.004+0200] {dag.py:3954} INFO - Setting next_dagrun for example_nested_branch_dag to 2026-04-27 00:00:00+00:00, run_after=2026-04-28 00:00:00+00:00
[2026-04-29T00:20:27.009+0200] {processor.py:183} INFO - Processing /Users/pablofrancoherrero/prueba_tecnica/venv/lib/python3.11/site-packages/airflow/example_dags/example_nested_branch_dag.py took 0.048 seconds
[2026-04-29T00:21:42.687+0200] {processor.py:161} INFO - Started process (PID=67337) to work on /Users/pablofrancoherrero/prueba_tecnica/venv/lib/python3.11/site-packages/airflow/example_dags/example_nested_branch_dag.py
[2026-04-29T00:21:42.688+0200] {processor.py:830} INFO - Processing file /Users/pablofrancoherrero/prueba_tecnica/venv/lib/python3.11/site-packages/airflow/example_dags/example_nested_branch_dag.py for tasks to queue
[2026-04-29T00:21:42.688+0200] {logging_mixin.py:188} INFO - [2026-04-29T00:21:42.688+0200] {dagbag.py:540} INFO - Filling up the DagBag from /Users/pablofrancoherrero/prueba_tecnica/venv/lib/python3.11/site-packages/airflow/example_dags/example_nested_branch_dag.py
[2026-04-29T00:21:42.700+0200] {processor.py:840} INFO - DAG(s) 'example_nested_branch_dag' retrieved from /Users/pablofrancoherrero/prueba_tecnica/venv/lib/python3.11/site-packages/airflow/example_dags/example_nested_branch_dag.py
[2026-04-29T00:21:42.726+0200] {logging_mixin.py:188} INFO - [2026-04-29T00:21:42.726+0200] {dag.py:3096} INFO - Sync 1 DAGs
[2026-04-29T00:21:42.730+0200] {logging_mixin.py:188} INFO - [2026-04-29T00:21:42.730+0200] {dag.py:3954} INFO - Setting next_dagrun for example_nested_branch_dag to 2026-04-27 00:00:00+00:00, run_after=2026-04-28 00:00:00+00:00
[2026-04-29T00:21:42.735+0200] {processor.py:183} INFO - Processing /Users/pablofrancoherrero/prueba_tecnica/venv/lib/python3.11/site-packages/airflow/example_dags/example_nested_branch_dag.py took 0.048 seconds
[2026-04-29T00:23:01.625+0200] {processor.py:161} INFO - Started process (PID=67421) to work on /Users/pablofrancoherrero/prueba_tecnica/venv/lib/python3.11/site-packages/airflow/example_dags/example_nested_branch_dag.py
[2026-04-29T00:23:01.625+0200] {processor.py:830} INFO - Processing file /Users/pablofrancoherrero/prueba_tecnica/venv/lib/python3.11/site-packages/airflow/example_dags/example_nested_branch_dag.py for tasks to queue
[2026-04-29T00:23:01.626+0200] {logging_mixin.py:188} INFO - [2026-04-29T00:23:01.625+0200] {dagbag.py:540} INFO - Filling up the DagBag from /Users/pablofrancoherrero/prueba_tecnica/venv/lib/python3.11/site-packages/airflow/example_dags/example_nested_branch_dag.py
[2026-04-29T00:23:01.638+0200] {processor.py:840} INFO - DAG(s) 'example_nested_branch_dag' retrieved from /Users/pablofrancoherrero/prueba_tecnica/venv/lib/python3.11/site-packages/airflow/example_dags/example_nested_branch_dag.py
[2026-04-29T00:23:01.663+0200] {logging_mixin.py:188} INFO - [2026-04-29T00:23:01.663+0200] {dag.py:3096} INFO - Sync 1 DAGs
[2026-04-29T00:23:01.668+0200] {logging_mixin.py:188} INFO - [2026-04-29T00:23:01.668+0200] {dag.py:3954} INFO - Setting next_dagrun for example_nested_branch_dag to 2026-04-27 00:00:00+00:00, run_after=2026-04-28 00:00:00+00:00
[2026-04-29T00:23:01.673+0200] {processor.py:183} INFO - Processing /Users/pablofrancoherrero/prueba_tecnica/venv/lib/python3.11/site-packages/airflow/example_dags/example_nested_branch_dag.py took 0.049 seconds
[2026-04-29T00:24:18.996+0200] {processor.py:161} INFO - Started process (PID=67505) to work on /Users/pablofrancoherrero/prueba_tecnica/venv/lib/python3.11/site-packages/airflow/example_dags/example_nested_branch_dag.py
[2026-04-29T00:24:18.997+0200] {processor.py:830} INFO - Processing file /Users/pablofrancoherrero/prueba_tecnica/venv/lib/python3.11/site-packages/airflow/example_dags/example_nested_branch_dag.py for tasks to queue
[2026-04-29T00:24:18.997+0200] {logging_mixin.py:188} INFO - [2026-04-29T00:24:18.997+0200] {dagbag.py:540} INFO - Filling up the DagBag from /Users/pablofrancoherrero/prueba_tecnica/venv/lib/python3.11/site-packages/airflow/example_dags/example_nested_branch_dag.py
[2026-04-29T00:24:19.009+0200] {processor.py:840} INFO - DAG(s) 'example_nested_branch_dag' retrieved from /Users/pablofrancoherrero/prueba_tecnica/venv/lib/python3.11/site-packages/airflow/example_dags/example_nested_branch_dag.py
[2026-04-29T00:24:19.034+0200] {logging_mixin.py:188} INFO - [2026-04-29T00:24:19.034+0200] {dag.py:3096} INFO - Sync 1 DAGs
[2026-04-29T00:24:19.038+0200] {logging_mixin.py:188} INFO - [2026-04-29T00:24:19.038+0200] {dag.py:3954} INFO - Setting next_dagrun for example_nested_branch_dag to 2026-04-27 00:00:00+00:00, run_after=2026-04-28 00:00:00+00:00
[2026-04-29T00:24:19.043+0200] {processor.py:183} INFO - Processing /Users/pablofrancoherrero/prueba_tecnica/venv/lib/python3.11/site-packages/airflow/example_dags/example_nested_branch_dag.py took 0.048 seconds
[2026-04-29T00:25:36.082+0200] {processor.py:161} INFO - Started process (PID=67598) to work on /Users/pablofrancoherrero/prueba_tecnica/venv/lib/python3.11/site-packages/airflow/example_dags/example_nested_branch_dag.py
[2026-04-29T00:25:36.082+0200] {processor.py:830} INFO - Processing file /Users/pablofrancoherrero/prueba_tecnica/venv/lib/python3.11/site-packages/airflow/example_dags/example_nested_branch_dag.py for tasks to queue
[2026-04-29T00:25:36.083+0200] {logging_mixin.py:188} INFO - [2026-04-29T00:25:36.083+0200] {dagbag.py:540} INFO - Filling up the DagBag from /Users/pablofrancoherrero/prueba_tecnica/venv/lib/python3.11/site-packages/airflow/example_dags/example_nested_branch_dag.py
[2026-04-29T00:25:36.094+0200] {processor.py:840} INFO - DAG(s) 'example_nested_branch_dag' retrieved from /Users/pablofrancoherrero/prueba_tecnica/venv/lib/python3.11/site-packages/airflow/example_dags/example_nested_branch_dag.py
[2026-04-29T00:25:36.119+0200] {logging_mixin.py:188} INFO - [2026-04-29T00:25:36.119+0200] {dag.py:3096} INFO - Sync 1 DAGs
[2026-04-29T00:25:36.124+0200] {logging_mixin.py:188} INFO - [2026-04-29T00:25:36.124+0200] {dag.py:3954} INFO - Setting next_dagrun for example_nested_branch_dag to 2026-04-27 00:00:00+00:00, run_after=2026-04-28 00:00:00+00:00
[2026-04-29T00:25:36.128+0200] {processor.py:183} INFO - Processing /Users/pablofrancoherrero/prueba_tecnica/venv/lib/python3.11/site-packages/airflow/example_dags/example_nested_branch_dag.py took 0.047 seconds
[2026-04-29T00:26:56.985+0200] {processor.py:161} INFO - Started process (PID=67765) to work on /Users/pablofrancoherrero/prueba_tecnica/venv/lib/python3.11/site-packages/airflow/example_dags/example_nested_branch_dag.py
[2026-04-29T00:26:56.985+0200] {processor.py:830} INFO - Processing file /Users/pablofrancoherrero/prueba_tecnica/venv/lib/python3.11/site-packages/airflow/example_dags/example_nested_branch_dag.py for tasks to queue
[2026-04-29T00:26:56.986+0200] {logging_mixin.py:188} INFO - [2026-04-29T00:26:56.986+0200] {dagbag.py:540} INFO - Filling up the DagBag from /Users/pablofrancoherrero/prueba_tecnica/venv/lib/python3.11/site-packages/airflow/example_dags/example_nested_branch_dag.py
[2026-04-29T00:26:56.997+0200] {processor.py:840} INFO - DAG(s) 'example_nested_branch_dag' retrieved from /Users/pablofrancoherrero/prueba_tecnica/venv/lib/python3.11/site-packages/airflow/example_dags/example_nested_branch_dag.py
[2026-04-29T00:26:57.022+0200] {logging_mixin.py:188} INFO - [2026-04-29T00:26:57.022+0200] {dag.py:3096} INFO - Sync 1 DAGs
[2026-04-29T00:26:57.027+0200] {logging_mixin.py:188} INFO - [2026-04-29T00:26:57.027+0200] {dag.py:3954} INFO - Setting next_dagrun for example_nested_branch_dag to 2026-04-27 00:00:00+00:00, run_after=2026-04-28 00:00:00+00:00
[2026-04-29T00:26:57.031+0200] {processor.py:183} INFO - Processing /Users/pablofrancoherrero/prueba_tecnica/venv/lib/python3.11/site-packages/airflow/example_dags/example_nested_branch_dag.py took 0.047 seconds
[2026-04-29T00:28:19.291+0200] {processor.py:161} INFO - Started process (PID=67852) to work on /Users/pablofrancoherrero/prueba_tecnica/venv/lib/python3.11/site-packages/airflow/example_dags/example_nested_branch_dag.py
[2026-04-29T00:28:19.292+0200] {processor.py:830} INFO - Processing file /Users/pablofrancoherrero/prueba_tecnica/venv/lib/python3.11/site-packages/airflow/example_dags/example_nested_branch_dag.py for tasks to queue
[2026-04-29T00:28:19.292+0200] {logging_mixin.py:188} INFO - [2026-04-29T00:28:19.292+0200] {dagbag.py:540} INFO - Filling up the DagBag from /Users/pablofrancoherrero/prueba_tecnica/venv/lib/python3.11/site-packages/airflow/example_dags/example_nested_branch_dag.py
[2026-04-29T00:28:19.304+0200] {processor.py:840} INFO - DAG(s) 'example_nested_branch_dag' retrieved from /Users/pablofrancoherrero/prueba_tecnica/venv/lib/python3.11/site-packages/airflow/example_dags/example_nested_branch_dag.py
[2026-04-29T00:28:19.331+0200] {logging_mixin.py:188} INFO - [2026-04-29T00:28:19.331+0200] {dag.py:3096} INFO - Sync 1 DAGs
[2026-04-29T00:28:19.336+0200] {logging_mixin.py:188} INFO - [2026-04-29T00:28:19.336+0200] {dag.py:3954} INFO - Setting next_dagrun for example_nested_branch_dag to 2026-04-27 00:00:00+00:00, run_after=2026-04-28 00:00:00+00:00
[2026-04-29T00:28:19.341+0200] {processor.py:183} INFO - Processing /Users/pablofrancoherrero/prueba_tecnica/venv/lib/python3.11/site-packages/airflow/example_dags/example_nested_branch_dag.py took 0.050 seconds
[2026-04-29T00:29:39.217+0200] {processor.py:161} INFO - Started process (PID=67956) to work on /Users/pablofrancoherrero/prueba_tecnica/venv/lib/python3.11/site-packages/airflow/example_dags/example_nested_branch_dag.py
[2026-04-29T00:29:39.218+0200] {processor.py:830} INFO - Processing file /Users/pablofrancoherrero/prueba_tecnica/venv/lib/python3.11/site-packages/airflow/example_dags/example_nested_branch_dag.py for tasks to queue
[2026-04-29T00:29:39.218+0200] {logging_mixin.py:188} INFO - [2026-04-29T00:29:39.218+0200] {dagbag.py:540} INFO - Filling up the DagBag from /Users/pablofrancoherrero/prueba_tecnica/venv/lib/python3.11/site-packages/airflow/example_dags/example_nested_branch_dag.py
[2026-04-29T00:29:39.230+0200] {processor.py:840} INFO - DAG(s) 'example_nested_branch_dag' retrieved from /Users/pablofrancoherrero/prueba_tecnica/venv/lib/python3.11/site-packages/airflow/example_dags/example_nested_branch_dag.py
[2026-04-29T00:29:39.256+0200] {logging_mixin.py:188} INFO - [2026-04-29T00:29:39.256+0200] {dag.py:3096} INFO - Sync 1 DAGs
[2026-04-29T00:29:39.260+0200] {logging_mixin.py:188} INFO - [2026-04-29T00:29:39.260+0200] {dag.py:3954} INFO - Setting next_dagrun for example_nested_branch_dag to 2026-04-27 00:00:00+00:00, run_after=2026-04-28 00:00:00+00:00
[2026-04-29T00:29:39.265+0200] {processor.py:183} INFO - Processing /Users/pablofrancoherrero/prueba_tecnica/venv/lib/python3.11/site-packages/airflow/example_dags/example_nested_branch_dag.py took 0.049 seconds
[2026-04-29T00:30:57.982+0200] {processor.py:161} INFO - Started process (PID=68067) to work on /Users/pablofrancoherrero/prueba_tecnica/venv/lib/python3.11/site-packages/airflow/example_dags/example_nested_branch_dag.py
[2026-04-29T00:30:57.983+0200] {processor.py:830} INFO - Processing file /Users/pablofrancoherrero/prueba_tecnica/venv/lib/python3.11/site-packages/airflow/example_dags/example_nested_branch_dag.py for tasks to queue
[2026-04-29T00:30:57.983+0200] {logging_mixin.py:188} INFO - [2026-04-29T00:30:57.983+0200] {dagbag.py:540} INFO - Filling up the DagBag from /Users/pablofrancoherrero/prueba_tecnica/venv/lib/python3.11/site-packages/airflow/example_dags/example_nested_branch_dag.py
[2026-04-29T00:30:57.994+0200] {processor.py:840} INFO - DAG(s) 'example_nested_branch_dag' retrieved from /Users/pablofrancoherrero/prueba_tecnica/venv/lib/python3.11/site-packages/airflow/example_dags/example_nested_branch_dag.py
[2026-04-29T00:30:58.019+0200] {logging_mixin.py:188} INFO - [2026-04-29T00:30:58.019+0200] {dag.py:3096} INFO - Sync 1 DAGs
[2026-04-29T00:30:58.024+0200] {logging_mixin.py:188} INFO - [2026-04-29T00:30:58.024+0200] {dag.py:3954} INFO - Setting next_dagrun for example_nested_branch_dag to 2026-04-27 00:00:00+00:00, run_after=2026-04-28 00:00:00+00:00
[2026-04-29T00:30:58.029+0200] {processor.py:183} INFO - Processing /Users/pablofrancoherrero/prueba_tecnica/venv/lib/python3.11/site-packages/airflow/example_dags/example_nested_branch_dag.py took 0.048 seconds
[2026-04-29T00:32:16.737+0200] {processor.py:161} INFO - Started process (PID=68157) to work on /Users/pablofrancoherrero/prueba_tecnica/venv/lib/python3.11/site-packages/airflow/example_dags/example_nested_branch_dag.py
[2026-04-29T00:32:16.738+0200] {processor.py:830} INFO - Processing file /Users/pablofrancoherrero/prueba_tecnica/venv/lib/python3.11/site-packages/airflow/example_dags/example_nested_branch_dag.py for tasks to queue
[2026-04-29T00:32:16.739+0200] {logging_mixin.py:188} INFO - [2026-04-29T00:32:16.739+0200] {dagbag.py:540} INFO - Filling up the DagBag from /Users/pablofrancoherrero/prueba_tecnica/venv/lib/python3.11/site-packages/airflow/example_dags/example_nested_branch_dag.py
[2026-04-29T00:32:16.751+0200] {processor.py:840} INFO - DAG(s) 'example_nested_branch_dag' retrieved from /Users/pablofrancoherrero/prueba_tecnica/venv/lib/python3.11/site-packages/airflow/example_dags/example_nested_branch_dag.py
[2026-04-29T00:32:16.777+0200] {logging_mixin.py:188} INFO - [2026-04-29T00:32:16.777+0200] {dag.py:3096} INFO - Sync 1 DAGs
[2026-04-29T00:32:16.782+0200] {logging_mixin.py:188} INFO - [2026-04-29T00:32:16.782+0200] {dag.py:3954} INFO - Setting next_dagrun for example_nested_branch_dag to 2026-04-27 00:00:00+00:00, run_after=2026-04-28 00:00:00+00:00
[2026-04-29T00:32:16.786+0200] {processor.py:183} INFO - Processing /Users/pablofrancoherrero/prueba_tecnica/venv/lib/python3.11/site-packages/airflow/example_dags/example_nested_branch_dag.py took 0.050 seconds
[2026-04-29T00:33:37.179+0200] {processor.py:161} INFO - Started process (PID=68243) to work on /Users/pablofrancoherrero/prueba_tecnica/venv/lib/python3.11/site-packages/airflow/example_dags/example_nested_branch_dag.py
[2026-04-29T00:33:37.180+0200] {processor.py:830} INFO - Processing file /Users/pablofrancoherrero/prueba_tecnica/venv/lib/python3.11/site-packages/airflow/example_dags/example_nested_branch_dag.py for tasks to queue
[2026-04-29T00:33:37.180+0200] {logging_mixin.py:188} INFO - [2026-04-29T00:33:37.180+0200] {dagbag.py:540} INFO - Filling up the DagBag from /Users/pablofrancoherrero/prueba_tecnica/venv/lib/python3.11/site-packages/airflow/example_dags/example_nested_branch_dag.py
[2026-04-29T00:33:37.192+0200] {processor.py:840} INFO - DAG(s) 'example_nested_branch_dag' retrieved from /Users/pablofrancoherrero/prueba_tecnica/venv/lib/python3.11/site-packages/airflow/example_dags/example_nested_branch_dag.py
[2026-04-29T00:33:37.218+0200] {logging_mixin.py:188} INFO - [2026-04-29T00:33:37.218+0200] {dag.py:3096} INFO - Sync 1 DAGs
[2026-04-29T00:33:37.223+0200] {logging_mixin.py:188} INFO - [2026-04-29T00:33:37.223+0200] {dag.py:3954} INFO - Setting next_dagrun for example_nested_branch_dag to 2026-04-27 00:00:00+00:00, run_after=2026-04-28 00:00:00+00:00
[2026-04-29T00:33:37.227+0200] {processor.py:183} INFO - Processing /Users/pablofrancoherrero/prueba_tecnica/venv/lib/python3.11/site-packages/airflow/example_dags/example_nested_branch_dag.py took 0.049 seconds
[2026-04-29T00:34:57.110+0200] {processor.py:161} INFO - Started process (PID=68333) to work on /Users/pablofrancoherrero/prueba_tecnica/venv/lib/python3.11/site-packages/airflow/example_dags/example_nested_branch_dag.py
[2026-04-29T00:34:57.110+0200] {processor.py:830} INFO - Processing file /Users/pablofrancoherrero/prueba_tecnica/venv/lib/python3.11/site-packages/airflow/example_dags/example_nested_branch_dag.py for tasks to queue
[2026-04-29T00:34:57.111+0200] {logging_mixin.py:188} INFO - [2026-04-29T00:34:57.111+0200] {dagbag.py:540} INFO - Filling up the DagBag from /Users/pablofrancoherrero/prueba_tecnica/venv/lib/python3.11/site-packages/airflow/example_dags/example_nested_branch_dag.py
[2026-04-29T00:34:57.123+0200] {processor.py:840} INFO - DAG(s) 'example_nested_branch_dag' retrieved from /Users/pablofrancoherrero/prueba_tecnica/venv/lib/python3.11/site-packages/airflow/example_dags/example_nested_branch_dag.py
[2026-04-29T00:34:57.148+0200] {logging_mixin.py:188} INFO - [2026-04-29T00:34:57.147+0200] {dag.py:3096} INFO - Sync 1 DAGs
[2026-04-29T00:34:57.152+0200] {logging_mixin.py:188} INFO - [2026-04-29T00:34:57.152+0200] {dag.py:3954} INFO - Setting next_dagrun for example_nested_branch_dag to 2026-04-27 00:00:00+00:00, run_after=2026-04-28 00:00:00+00:00
[2026-04-29T00:34:57.157+0200] {processor.py:183} INFO - Processing /Users/pablofrancoherrero/prueba_tecnica/venv/lib/python3.11/site-packages/airflow/example_dags/example_nested_branch_dag.py took 0.048 seconds
[2026-04-29T00:36:19.919+0200] {processor.py:161} INFO - Started process (PID=68496) to work on /Users/pablofrancoherrero/prueba_tecnica/venv/lib/python3.11/site-packages/airflow/example_dags/example_nested_branch_dag.py
[2026-04-29T00:36:19.920+0200] {processor.py:830} INFO - Processing file /Users/pablofrancoherrero/prueba_tecnica/venv/lib/python3.11/site-packages/airflow/example_dags/example_nested_branch_dag.py for tasks to queue
[2026-04-29T00:36:19.920+0200] {logging_mixin.py:188} INFO - [2026-04-29T00:36:19.920+0200] {dagbag.py:540} INFO - Filling up the DagBag from /Users/pablofrancoherrero/prueba_tecnica/venv/lib/python3.11/site-packages/airflow/example_dags/example_nested_branch_dag.py
[2026-04-29T00:36:19.932+0200] {processor.py:840} INFO - DAG(s) 'example_nested_branch_dag' retrieved from /Users/pablofrancoherrero/prueba_tecnica/venv/lib/python3.11/site-packages/airflow/example_dags/example_nested_branch_dag.py
[2026-04-29T00:36:19.958+0200] {logging_mixin.py:188} INFO - [2026-04-29T00:36:19.958+0200] {dag.py:3096} INFO - Sync 1 DAGs
[2026-04-29T00:36:19.963+0200] {logging_mixin.py:188} INFO - [2026-04-29T00:36:19.963+0200] {dag.py:3954} INFO - Setting next_dagrun for example_nested_branch_dag to 2026-04-27 00:00:00+00:00, run_after=2026-04-28 00:00:00+00:00
[2026-04-29T00:36:19.967+0200] {processor.py:183} INFO - Processing /Users/pablofrancoherrero/prueba_tecnica/venv/lib/python3.11/site-packages/airflow/example_dags/example_nested_branch_dag.py took 0.049 seconds
[2026-04-29T00:53:58.647+0200] {processor.py:161} INFO - Started process (PID=68624) to work on /Users/pablofrancoherrero/prueba_tecnica/venv/lib/python3.11/site-packages/airflow/example_dags/example_nested_branch_dag.py
[2026-04-29T00:53:58.648+0200] {processor.py:830} INFO - Processing file /Users/pablofrancoherrero/prueba_tecnica/venv/lib/python3.11/site-packages/airflow/example_dags/example_nested_branch_dag.py for tasks to queue
[2026-04-29T00:53:58.648+0200] {logging_mixin.py:188} INFO - [2026-04-29T00:53:58.648+0200] {dagbag.py:540} INFO - Filling up the DagBag from /Users/pablofrancoherrero/prueba_tecnica/venv/lib/python3.11/site-packages/airflow/example_dags/example_nested_branch_dag.py
[2026-04-29T00:53:58.661+0200] {processor.py:840} INFO - DAG(s) 'example_nested_branch_dag' retrieved from /Users/pablofrancoherrero/prueba_tecnica/venv/lib/python3.11/site-packages/airflow/example_dags/example_nested_branch_dag.py
[2026-04-29T00:53:58.688+0200] {logging_mixin.py:188} INFO - [2026-04-29T00:53:58.688+0200] {dag.py:3096} INFO - Sync 1 DAGs
[2026-04-29T00:53:58.693+0200] {logging_mixin.py:188} INFO - [2026-04-29T00:53:58.693+0200] {dag.py:3954} INFO - Setting next_dagrun for example_nested_branch_dag to 2026-04-27 00:00:00+00:00, run_after=2026-04-28 00:00:00+00:00
[2026-04-29T00:53:58.698+0200] {processor.py:183} INFO - Processing /Users/pablofrancoherrero/prueba_tecnica/venv/lib/python3.11/site-packages/airflow/example_dags/example_nested_branch_dag.py took 0.052 seconds
[2026-04-29T00:55:18.482+0200] {processor.py:161} INFO - Started process (PID=68732) to work on /Users/pablofrancoherrero/prueba_tecnica/venv/lib/python3.11/site-packages/airflow/example_dags/example_nested_branch_dag.py
[2026-04-29T00:55:18.483+0200] {processor.py:830} INFO - Processing file /Users/pablofrancoherrero/prueba_tecnica/venv/lib/python3.11/site-packages/airflow/example_dags/example_nested_branch_dag.py for tasks to queue
[2026-04-29T00:55:18.483+0200] {logging_mixin.py:188} INFO - [2026-04-29T00:55:18.483+0200] {dagbag.py:540} INFO - Filling up the DagBag from /Users/pablofrancoherrero/prueba_tecnica/venv/lib/python3.11/site-packages/airflow/example_dags/example_nested_branch_dag.py
[2026-04-29T00:55:18.497+0200] {processor.py:840} INFO - DAG(s) 'example_nested_branch_dag' retrieved from /Users/pablofrancoherrero/prueba_tecnica/venv/lib/python3.11/site-packages/airflow/example_dags/example_nested_branch_dag.py
[2026-04-29T00:55:18.525+0200] {logging_mixin.py:188} INFO - [2026-04-29T00:55:18.525+0200] {dag.py:3096} INFO - Sync 1 DAGs
[2026-04-29T00:55:18.530+0200] {logging_mixin.py:188} INFO - [2026-04-29T00:55:18.530+0200] {dag.py:3954} INFO - Setting next_dagrun for example_nested_branch_dag to 2026-04-27 00:00:00+00:00, run_after=2026-04-28 00:00:00+00:00
[2026-04-29T00:55:18.535+0200] {processor.py:183} INFO - Processing /Users/pablofrancoherrero/prueba_tecnica/venv/lib/python3.11/site-packages/airflow/example_dags/example_nested_branch_dag.py took 0.054 seconds
[2026-04-29T01:05:32.526+0200] {processor.py:161} INFO - Started process (PID=68862) to work on /Users/pablofrancoherrero/prueba_tecnica/venv/lib/python3.11/site-packages/airflow/example_dags/example_nested_branch_dag.py
[2026-04-29T01:05:32.526+0200] {processor.py:830} INFO - Processing file /Users/pablofrancoherrero/prueba_tecnica/venv/lib/python3.11/site-packages/airflow/example_dags/example_nested_branch_dag.py for tasks to queue
[2026-04-29T01:05:32.527+0200] {logging_mixin.py:188} INFO - [2026-04-29T01:05:32.527+0200] {dagbag.py:540} INFO - Filling up the DagBag from /Users/pablofrancoherrero/prueba_tecnica/venv/lib/python3.11/site-packages/airflow/example_dags/example_nested_branch_dag.py
[2026-04-29T01:05:32.538+0200] {processor.py:840} INFO - DAG(s) 'example_nested_branch_dag' retrieved from /Users/pablofrancoherrero/prueba_tecnica/venv/lib/python3.11/site-packages/airflow/example_dags/example_nested_branch_dag.py
[2026-04-29T01:05:32.563+0200] {logging_mixin.py:188} INFO - [2026-04-29T01:05:32.563+0200] {dag.py:3096} INFO - Sync 1 DAGs
[2026-04-29T01:05:32.568+0200] {logging_mixin.py:188} INFO - [2026-04-29T01:05:32.567+0200] {dag.py:3954} INFO - Setting next_dagrun for example_nested_branch_dag to 2026-04-27 00:00:00+00:00, run_after=2026-04-28 00:00:00+00:00
[2026-04-29T01:05:32.572+0200] {processor.py:183} INFO - Processing /Users/pablofrancoherrero/prueba_tecnica/venv/lib/python3.11/site-packages/airflow/example_dags/example_nested_branch_dag.py took 0.047 seconds
[2026-04-29T01:06:53.194+0200] {processor.py:161} INFO - Started process (PID=68952) to work on /Users/pablofrancoherrero/prueba_tecnica/venv/lib/python3.11/site-packages/airflow/example_dags/example_nested_branch_dag.py
[2026-04-29T01:06:53.194+0200] {processor.py:830} INFO - Processing file /Users/pablofrancoherrero/prueba_tecnica/venv/lib/python3.11/site-packages/airflow/example_dags/example_nested_branch_dag.py for tasks to queue
[2026-04-29T01:06:53.194+0200] {logging_mixin.py:188} INFO - [2026-04-29T01:06:53.194+0200] {dagbag.py:540} INFO - Filling up the DagBag from /Users/pablofrancoherrero/prueba_tecnica/venv/lib/python3.11/site-packages/airflow/example_dags/example_nested_branch_dag.py
[2026-04-29T01:06:53.206+0200] {processor.py:840} INFO - DAG(s) 'example_nested_branch_dag' retrieved from /Users/pablofrancoherrero/prueba_tecnica/venv/lib/python3.11/site-packages/airflow/example_dags/example_nested_branch_dag.py
[2026-04-29T01:06:53.230+0200] {logging_mixin.py:188} INFO - [2026-04-29T01:06:53.230+0200] {dag.py:3096} INFO - Sync 1 DAGs
[2026-04-29T01:06:53.235+0200] {logging_mixin.py:188} INFO - [2026-04-29T01:06:53.235+0200] {dag.py:3954} INFO - Setting next_dagrun for example_nested_branch_dag to 2026-04-27 00:00:00+00:00, run_after=2026-04-28 00:00:00+00:00
[2026-04-29T01:06:53.239+0200] {processor.py:183} INFO - Processing /Users/pablofrancoherrero/prueba_tecnica/venv/lib/python3.11/site-packages/airflow/example_dags/example_nested_branch_dag.py took 0.046 seconds
[2026-04-29T01:24:20.889+0200] {processor.py:161} INFO - Started process (PID=69192) to work on /Users/pablofrancoherrero/prueba_tecnica/venv/lib/python3.11/site-packages/airflow/example_dags/example_nested_branch_dag.py
[2026-04-29T01:24:20.890+0200] {processor.py:830} INFO - Processing file /Users/pablofrancoherrero/prueba_tecnica/venv/lib/python3.11/site-packages/airflow/example_dags/example_nested_branch_dag.py for tasks to queue
[2026-04-29T01:24:20.890+0200] {logging_mixin.py:188} INFO - [2026-04-29T01:24:20.890+0200] {dagbag.py:540} INFO - Filling up the DagBag from /Users/pablofrancoherrero/prueba_tecnica/venv/lib/python3.11/site-packages/airflow/example_dags/example_nested_branch_dag.py
[2026-04-29T01:24:20.902+0200] {processor.py:840} INFO - DAG(s) 'example_nested_branch_dag' retrieved from /Users/pablofrancoherrero/prueba_tecnica/venv/lib/python3.11/site-packages/airflow/example_dags/example_nested_branch_dag.py
[2026-04-29T01:24:20.926+0200] {logging_mixin.py:188} INFO - [2026-04-29T01:24:20.926+0200] {dag.py:3096} INFO - Sync 1 DAGs
[2026-04-29T01:24:20.931+0200] {logging_mixin.py:188} INFO - [2026-04-29T01:24:20.931+0200] {dag.py:3954} INFO - Setting next_dagrun for example_nested_branch_dag to 2026-04-27 00:00:00+00:00, run_after=2026-04-28 00:00:00+00:00
[2026-04-29T01:24:20.935+0200] {processor.py:183} INFO - Processing /Users/pablofrancoherrero/prueba_tecnica/venv/lib/python3.11/site-packages/airflow/example_dags/example_nested_branch_dag.py took 0.047 seconds
[2026-04-29T01:42:28.968+0200] {processor.py:161} INFO - Started process (PID=69335) to work on /Users/pablofrancoherrero/prueba_tecnica/venv/lib/python3.11/site-packages/airflow/example_dags/example_nested_branch_dag.py
[2026-04-29T01:42:28.969+0200] {processor.py:830} INFO - Processing file /Users/pablofrancoherrero/prueba_tecnica/venv/lib/python3.11/site-packages/airflow/example_dags/example_nested_branch_dag.py for tasks to queue
[2026-04-29T01:42:28.969+0200] {logging_mixin.py:188} INFO - [2026-04-29T01:42:28.969+0200] {dagbag.py:540} INFO - Filling up the DagBag from /Users/pablofrancoherrero/prueba_tecnica/venv/lib/python3.11/site-packages/airflow/example_dags/example_nested_branch_dag.py
[2026-04-29T01:42:28.981+0200] {processor.py:840} INFO - DAG(s) 'example_nested_branch_dag' retrieved from /Users/pablofrancoherrero/prueba_tecnica/venv/lib/python3.11/site-packages/airflow/example_dags/example_nested_branch_dag.py
[2026-04-29T01:42:29.006+0200] {logging_mixin.py:188} INFO - [2026-04-29T01:42:29.006+0200] {dag.py:3096} INFO - Sync 1 DAGs
[2026-04-29T01:42:29.010+0200] {logging_mixin.py:188} INFO - [2026-04-29T01:42:29.010+0200] {dag.py:3954} INFO - Setting next_dagrun for example_nested_branch_dag to 2026-04-27 00:00:00+00:00, run_after=2026-04-28 00:00:00+00:00
[2026-04-29T01:42:29.015+0200] {processor.py:183} INFO - Processing /Users/pablofrancoherrero/prueba_tecnica/venv/lib/python3.11/site-packages/airflow/example_dags/example_nested_branch_dag.py took 0.048 seconds
[2026-04-29T01:43:57.892+0200] {processor.py:161} INFO - Started process (PID=69438) to work on /Users/pablofrancoherrero/prueba_tecnica/venv/lib/python3.11/site-packages/airflow/example_dags/example_nested_branch_dag.py
[2026-04-29T01:43:57.893+0200] {processor.py:830} INFO - Processing file /Users/pablofrancoherrero/prueba_tecnica/venv/lib/python3.11/site-packages/airflow/example_dags/example_nested_branch_dag.py for tasks to queue
[2026-04-29T01:43:57.894+0200] {logging_mixin.py:188} INFO - [2026-04-29T01:43:57.894+0200] {dagbag.py:540} INFO - Filling up the DagBag from /Users/pablofrancoherrero/prueba_tecnica/venv/lib/python3.11/site-packages/airflow/example_dags/example_nested_branch_dag.py
[2026-04-29T01:43:57.906+0200] {processor.py:840} INFO - DAG(s) 'example_nested_branch_dag' retrieved from /Users/pablofrancoherrero/prueba_tecnica/venv/lib/python3.11/site-packages/airflow/example_dags/example_nested_branch_dag.py
[2026-04-29T01:43:57.931+0200] {logging_mixin.py:188} INFO - [2026-04-29T01:43:57.930+0200] {dag.py:3096} INFO - Sync 1 DAGs
[2026-04-29T01:43:57.935+0200] {logging_mixin.py:188} INFO - [2026-04-29T01:43:57.935+0200] {dag.py:3954} INFO - Setting next_dagrun for example_nested_branch_dag to 2026-04-27 00:00:00+00:00, run_after=2026-04-28 00:00:00+00:00
[2026-04-29T01:43:57.940+0200] {processor.py:183} INFO - Processing /Users/pablofrancoherrero/prueba_tecnica/venv/lib/python3.11/site-packages/airflow/example_dags/example_nested_branch_dag.py took 0.048 seconds
[2026-04-29T01:45:20.644+0200] {processor.py:161} INFO - Started process (PID=69529) to work on /Users/pablofrancoherrero/prueba_tecnica/venv/lib/python3.11/site-packages/airflow/example_dags/example_nested_branch_dag.py
[2026-04-29T01:45:20.645+0200] {processor.py:830} INFO - Processing file /Users/pablofrancoherrero/prueba_tecnica/venv/lib/python3.11/site-packages/airflow/example_dags/example_nested_branch_dag.py for tasks to queue
[2026-04-29T01:45:20.645+0200] {logging_mixin.py:188} INFO - [2026-04-29T01:45:20.645+0200] {dagbag.py:540} INFO - Filling up the DagBag from /Users/pablofrancoherrero/prueba_tecnica/venv/lib/python3.11/site-packages/airflow/example_dags/example_nested_branch_dag.py
[2026-04-29T01:45:20.657+0200] {processor.py:840} INFO - DAG(s) 'example_nested_branch_dag' retrieved from /Users/pablofrancoherrero/prueba_tecnica/venv/lib/python3.11/site-packages/airflow/example_dags/example_nested_branch_dag.py
[2026-04-29T01:45:20.683+0200] {logging_mixin.py:188} INFO - [2026-04-29T01:45:20.683+0200] {dag.py:3096} INFO - Sync 1 DAGs
[2026-04-29T01:45:20.687+0200] {logging_mixin.py:188} INFO - [2026-04-29T01:45:20.687+0200] {dag.py:3954} INFO - Setting next_dagrun for example_nested_branch_dag to 2026-04-27 00:00:00+00:00, run_after=2026-04-28 00:00:00+00:00
[2026-04-29T01:45:20.692+0200] {processor.py:183} INFO - Processing /Users/pablofrancoherrero/prueba_tecnica/venv/lib/python3.11/site-packages/airflow/example_dags/example_nested_branch_dag.py took 0.049 seconds
[2026-04-29T01:46:42.369+0200] {processor.py:161} INFO - Started process (PID=69613) to work on /Users/pablofrancoherrero/prueba_tecnica/venv/lib/python3.11/site-packages/airflow/example_dags/example_nested_branch_dag.py
[2026-04-29T01:46:42.370+0200] {processor.py:830} INFO - Processing file /Users/pablofrancoherrero/prueba_tecnica/venv/lib/python3.11/site-packages/airflow/example_dags/example_nested_branch_dag.py for tasks to queue
[2026-04-29T01:46:42.370+0200] {logging_mixin.py:188} INFO - [2026-04-29T01:46:42.370+0200] {dagbag.py:540} INFO - Filling up the DagBag from /Users/pablofrancoherrero/prueba_tecnica/venv/lib/python3.11/site-packages/airflow/example_dags/example_nested_branch_dag.py
[2026-04-29T01:46:42.382+0200] {processor.py:840} INFO - DAG(s) 'example_nested_branch_dag' retrieved from /Users/pablofrancoherrero/prueba_tecnica/venv/lib/python3.11/site-packages/airflow/example_dags/example_nested_branch_dag.py
[2026-04-29T01:46:42.407+0200] {logging_mixin.py:188} INFO - [2026-04-29T01:46:42.407+0200] {dag.py:3096} INFO - Sync 1 DAGs
[2026-04-29T01:46:42.411+0200] {logging_mixin.py:188} INFO - [2026-04-29T01:46:42.411+0200] {dag.py:3954} INFO - Setting next_dagrun for example_nested_branch_dag to 2026-04-27 00:00:00+00:00, run_after=2026-04-28 00:00:00+00:00
[2026-04-29T01:46:42.416+0200] {processor.py:183} INFO - Processing /Users/pablofrancoherrero/prueba_tecnica/venv/lib/python3.11/site-packages/airflow/example_dags/example_nested_branch_dag.py took 0.047 seconds
[2026-04-29T01:48:06.298+0200] {processor.py:161} INFO - Started process (PID=69732) to work on /Users/pablofrancoherrero/prueba_tecnica/venv/lib/python3.11/site-packages/airflow/example_dags/example_nested_branch_dag.py
[2026-04-29T01:48:06.300+0200] {processor.py:830} INFO - Processing file /Users/pablofrancoherrero/prueba_tecnica/venv/lib/python3.11/site-packages/airflow/example_dags/example_nested_branch_dag.py for tasks to queue
[2026-04-29T01:48:06.300+0200] {logging_mixin.py:188} INFO - [2026-04-29T01:48:06.300+0200] {dagbag.py:540} INFO - Filling up the DagBag from /Users/pablofrancoherrero/prueba_tecnica/venv/lib/python3.11/site-packages/airflow/example_dags/example_nested_branch_dag.py
[2026-04-29T01:48:06.312+0200] {processor.py:840} INFO - DAG(s) 'example_nested_branch_dag' retrieved from /Users/pablofrancoherrero/prueba_tecnica/venv/lib/python3.11/site-packages/airflow/example_dags/example_nested_branch_dag.py
[2026-04-29T01:48:06.337+0200] {logging_mixin.py:188} INFO - [2026-04-29T01:48:06.337+0200] {dag.py:3096} INFO - Sync 1 DAGs
[2026-04-29T01:48:06.341+0200] {logging_mixin.py:188} INFO - [2026-04-29T01:48:06.341+0200] {dag.py:3954} INFO - Setting next_dagrun for example_nested_branch_dag to 2026-04-27 00:00:00+00:00, run_after=2026-04-28 00:00:00+00:00
[2026-04-29T01:48:06.346+0200] {processor.py:183} INFO - Processing /Users/pablofrancoherrero/prueba_tecnica/venv/lib/python3.11/site-packages/airflow/example_dags/example_nested_branch_dag.py took 0.048 seconds
[2026-04-29T01:49:23.586+0200] {processor.py:161} INFO - Started process (PID=69823) to work on /Users/pablofrancoherrero/prueba_tecnica/venv/lib/python3.11/site-packages/airflow/example_dags/example_nested_branch_dag.py
[2026-04-29T01:49:23.587+0200] {processor.py:830} INFO - Processing file /Users/pablofrancoherrero/prueba_tecnica/venv/lib/python3.11/site-packages/airflow/example_dags/example_nested_branch_dag.py for tasks to queue
[2026-04-29T01:49:23.587+0200] {logging_mixin.py:188} INFO - [2026-04-29T01:49:23.587+0200] {dagbag.py:540} INFO - Filling up the DagBag from /Users/pablofrancoherrero/prueba_tecnica/venv/lib/python3.11/site-packages/airflow/example_dags/example_nested_branch_dag.py
[2026-04-29T01:49:23.599+0200] {processor.py:840} INFO - DAG(s) 'example_nested_branch_dag' retrieved from /Users/pablofrancoherrero/prueba_tecnica/venv/lib/python3.11/site-packages/airflow/example_dags/example_nested_branch_dag.py
[2026-04-29T01:49:23.624+0200] {logging_mixin.py:188} INFO - [2026-04-29T01:49:23.624+0200] {dag.py:3096} INFO - Sync 1 DAGs
[2026-04-29T01:49:23.629+0200] {logging_mixin.py:188} INFO - [2026-04-29T01:49:23.629+0200] {dag.py:3954} INFO - Setting next_dagrun for example_nested_branch_dag to 2026-04-27 00:00:00+00:00, run_after=2026-04-28 00:00:00+00:00
[2026-04-29T01:49:23.633+0200] {processor.py:183} INFO - Processing /Users/pablofrancoherrero/prueba_tecnica/venv/lib/python3.11/site-packages/airflow/example_dags/example_nested_branch_dag.py took 0.048 seconds
[2026-04-29T01:50:40.921+0200] {processor.py:161} INFO - Started process (PID=69904) to work on /Users/pablofrancoherrero/prueba_tecnica/venv/lib/python3.11/site-packages/airflow/example_dags/example_nested_branch_dag.py
[2026-04-29T01:50:40.922+0200] {processor.py:830} INFO - Processing file /Users/pablofrancoherrero/prueba_tecnica/venv/lib/python3.11/site-packages/airflow/example_dags/example_nested_branch_dag.py for tasks to queue
[2026-04-29T01:50:40.922+0200] {logging_mixin.py:188} INFO - [2026-04-29T01:50:40.922+0200] {dagbag.py:540} INFO - Filling up the DagBag from /Users/pablofrancoherrero/prueba_tecnica/venv/lib/python3.11/site-packages/airflow/example_dags/example_nested_branch_dag.py
[2026-04-29T01:50:40.934+0200] {processor.py:840} INFO - DAG(s) 'example_nested_branch_dag' retrieved from /Users/pablofrancoherrero/prueba_tecnica/venv/lib/python3.11/site-packages/airflow/example_dags/example_nested_branch_dag.py
[2026-04-29T01:50:40.959+0200] {logging_mixin.py:188} INFO - [2026-04-29T01:50:40.959+0200] {dag.py:3096} INFO - Sync 1 DAGs
[2026-04-29T01:50:40.964+0200] {logging_mixin.py:188} INFO - [2026-04-29T01:50:40.964+0200] {dag.py:3954} INFO - Setting next_dagrun for example_nested_branch_dag to 2026-04-27 00:00:00+00:00, run_after=2026-04-28 00:00:00+00:00
[2026-04-29T01:50:40.968+0200] {processor.py:183} INFO - Processing /Users/pablofrancoherrero/prueba_tecnica/venv/lib/python3.11/site-packages/airflow/example_dags/example_nested_branch_dag.py took 0.048 seconds
[2026-04-29T01:52:00.857+0200] {processor.py:161} INFO - Started process (PID=69986) to work on /Users/pablofrancoherrero/prueba_tecnica/venv/lib/python3.11/site-packages/airflow/example_dags/example_nested_branch_dag.py
[2026-04-29T01:52:00.858+0200] {processor.py:830} INFO - Processing file /Users/pablofrancoherrero/prueba_tecnica/venv/lib/python3.11/site-packages/airflow/example_dags/example_nested_branch_dag.py for tasks to queue
[2026-04-29T01:52:00.858+0200] {logging_mixin.py:188} INFO - [2026-04-29T01:52:00.858+0200] {dagbag.py:540} INFO - Filling up the DagBag from /Users/pablofrancoherrero/prueba_tecnica/venv/lib/python3.11/site-packages/airflow/example_dags/example_nested_branch_dag.py
[2026-04-29T01:52:00.870+0200] {processor.py:840} INFO - DAG(s) 'example_nested_branch_dag' retrieved from /Users/pablofrancoherrero/prueba_tecnica/venv/lib/python3.11/site-packages/airflow/example_dags/example_nested_branch_dag.py
[2026-04-29T01:52:00.895+0200] {logging_mixin.py:188} INFO - [2026-04-29T01:52:00.895+0200] {dag.py:3096} INFO - Sync 1 DAGs
[2026-04-29T01:52:00.900+0200] {logging_mixin.py:188} INFO - [2026-04-29T01:52:00.899+0200] {dag.py:3954} INFO - Setting next_dagrun for example_nested_branch_dag to 2026-04-27 00:00:00+00:00, run_after=2026-04-28 00:00:00+00:00
[2026-04-29T01:52:00.904+0200] {processor.py:183} INFO - Processing /Users/pablofrancoherrero/prueba_tecnica/venv/lib/python3.11/site-packages/airflow/example_dags/example_nested_branch_dag.py took 0.048 seconds
[2026-04-29T01:53:20.938+0200] {processor.py:161} INFO - Started process (PID=70080) to work on /Users/pablofrancoherrero/prueba_tecnica/venv/lib/python3.11/site-packages/airflow/example_dags/example_nested_branch_dag.py
[2026-04-29T01:53:20.939+0200] {processor.py:830} INFO - Processing file /Users/pablofrancoherrero/prueba_tecnica/venv/lib/python3.11/site-packages/airflow/example_dags/example_nested_branch_dag.py for tasks to queue
[2026-04-29T01:53:20.939+0200] {logging_mixin.py:188} INFO - [2026-04-29T01:53:20.939+0200] {dagbag.py:540} INFO - Filling up the DagBag from /Users/pablofrancoherrero/prueba_tecnica/venv/lib/python3.11/site-packages/airflow/example_dags/example_nested_branch_dag.py
[2026-04-29T01:53:20.951+0200] {processor.py:840} INFO - DAG(s) 'example_nested_branch_dag' retrieved from /Users/pablofrancoherrero/prueba_tecnica/venv/lib/python3.11/site-packages/airflow/example_dags/example_nested_branch_dag.py
[2026-04-29T01:53:20.977+0200] {logging_mixin.py:188} INFO - [2026-04-29T01:53:20.977+0200] {dag.py:3096} INFO - Sync 1 DAGs
[2026-04-29T01:53:20.981+0200] {logging_mixin.py:188} INFO - [2026-04-29T01:53:20.981+0200] {dag.py:3954} INFO - Setting next_dagrun for example_nested_branch_dag to 2026-04-27 00:00:00+00:00, run_after=2026-04-28 00:00:00+00:00
[2026-04-29T01:53:20.986+0200] {processor.py:183} INFO - Processing /Users/pablofrancoherrero/prueba_tecnica/venv/lib/python3.11/site-packages/airflow/example_dags/example_nested_branch_dag.py took 0.049 seconds
[2026-04-29T01:54:41.776+0200] {processor.py:161} INFO - Started process (PID=70226) to work on /Users/pablofrancoherrero/prueba_tecnica/venv/lib/python3.11/site-packages/airflow/example_dags/example_nested_branch_dag.py
[2026-04-29T01:54:41.777+0200] {processor.py:830} INFO - Processing file /Users/pablofrancoherrero/prueba_tecnica/venv/lib/python3.11/site-packages/airflow/example_dags/example_nested_branch_dag.py for tasks to queue
[2026-04-29T01:54:41.777+0200] {logging_mixin.py:188} INFO - [2026-04-29T01:54:41.777+0200] {dagbag.py:540} INFO - Filling up the DagBag from /Users/pablofrancoherrero/prueba_tecnica/venv/lib/python3.11/site-packages/airflow/example_dags/example_nested_branch_dag.py
[2026-04-29T01:54:41.789+0200] {processor.py:840} INFO - DAG(s) 'example_nested_branch_dag' retrieved from /Users/pablofrancoherrero/prueba_tecnica/venv/lib/python3.11/site-packages/airflow/example_dags/example_nested_branch_dag.py
[2026-04-29T01:54:41.815+0200] {logging_mixin.py:188} INFO - [2026-04-29T01:54:41.815+0200] {dag.py:3096} INFO - Sync 1 DAGs
[2026-04-29T01:54:41.819+0200] {logging_mixin.py:188} INFO - [2026-04-29T01:54:41.819+0200] {dag.py:3954} INFO - Setting next_dagrun for example_nested_branch_dag to 2026-04-27 00:00:00+00:00, run_after=2026-04-28 00:00:00+00:00
[2026-04-29T01:54:41.824+0200] {processor.py:183} INFO - Processing /Users/pablofrancoherrero/prueba_tecnica/venv/lib/python3.11/site-packages/airflow/example_dags/example_nested_branch_dag.py took 0.048 seconds
[2026-04-29T01:56:05.308+0200] {processor.py:161} INFO - Started process (PID=70327) to work on /Users/pablofrancoherrero/prueba_tecnica/venv/lib/python3.11/site-packages/airflow/example_dags/example_nested_branch_dag.py
[2026-04-29T01:56:05.309+0200] {processor.py:830} INFO - Processing file /Users/pablofrancoherrero/prueba_tecnica/venv/lib/python3.11/site-packages/airflow/example_dags/example_nested_branch_dag.py for tasks to queue
[2026-04-29T01:56:05.309+0200] {logging_mixin.py:188} INFO - [2026-04-29T01:56:05.309+0200] {dagbag.py:540} INFO - Filling up the DagBag from /Users/pablofrancoherrero/prueba_tecnica/venv/lib/python3.11/site-packages/airflow/example_dags/example_nested_branch_dag.py
[2026-04-29T01:56:05.321+0200] {processor.py:840} INFO - DAG(s) 'example_nested_branch_dag' retrieved from /Users/pablofrancoherrero/prueba_tecnica/venv/lib/python3.11/site-packages/airflow/example_dags/example_nested_branch_dag.py
[2026-04-29T01:56:05.347+0200] {logging_mixin.py:188} INFO - [2026-04-29T01:56:05.347+0200] {dag.py:3096} INFO - Sync 1 DAGs
[2026-04-29T01:56:05.351+0200] {logging_mixin.py:188} INFO - [2026-04-29T01:56:05.351+0200] {dag.py:3954} INFO - Setting next_dagrun for example_nested_branch_dag to 2026-04-27 00:00:00+00:00, run_after=2026-04-28 00:00:00+00:00
[2026-04-29T01:56:05.356+0200] {processor.py:183} INFO - Processing /Users/pablofrancoherrero/prueba_tecnica/venv/lib/python3.11/site-packages/airflow/example_dags/example_nested_branch_dag.py took 0.048 seconds
[2026-04-29T01:57:26.909+0200] {processor.py:161} INFO - Started process (PID=70411) to work on /Users/pablofrancoherrero/prueba_tecnica/venv/lib/python3.11/site-packages/airflow/example_dags/example_nested_branch_dag.py
[2026-04-29T01:57:26.910+0200] {processor.py:830} INFO - Processing file /Users/pablofrancoherrero/prueba_tecnica/venv/lib/python3.11/site-packages/airflow/example_dags/example_nested_branch_dag.py for tasks to queue
[2026-04-29T01:57:26.910+0200] {logging_mixin.py:188} INFO - [2026-04-29T01:57:26.910+0200] {dagbag.py:540} INFO - Filling up the DagBag from /Users/pablofrancoherrero/prueba_tecnica/venv/lib/python3.11/site-packages/airflow/example_dags/example_nested_branch_dag.py
[2026-04-29T01:57:26.922+0200] {processor.py:840} INFO - DAG(s) 'example_nested_branch_dag' retrieved from /Users/pablofrancoherrero/prueba_tecnica/venv/lib/python3.11/site-packages/airflow/example_dags/example_nested_branch_dag.py
[2026-04-29T01:57:26.947+0200] {logging_mixin.py:188} INFO - [2026-04-29T01:57:26.947+0200] {dag.py:3096} INFO - Sync 1 DAGs
[2026-04-29T01:57:26.952+0200] {logging_mixin.py:188} INFO - [2026-04-29T01:57:26.952+0200] {dag.py:3954} INFO - Setting next_dagrun for example_nested_branch_dag to 2026-04-27 00:00:00+00:00, run_after=2026-04-28 00:00:00+00:00
[2026-04-29T01:57:26.956+0200] {processor.py:183} INFO - Processing /Users/pablofrancoherrero/prueba_tecnica/venv/lib/python3.11/site-packages/airflow/example_dags/example_nested_branch_dag.py took 0.048 seconds
[2026-04-29T01:58:48.948+0200] {processor.py:161} INFO - Started process (PID=70511) to work on /Users/pablofrancoherrero/prueba_tecnica/venv/lib/python3.11/site-packages/airflow/example_dags/example_nested_branch_dag.py
[2026-04-29T01:58:48.949+0200] {processor.py:830} INFO - Processing file /Users/pablofrancoherrero/prueba_tecnica/venv/lib/python3.11/site-packages/airflow/example_dags/example_nested_branch_dag.py for tasks to queue
[2026-04-29T01:58:48.949+0200] {logging_mixin.py:188} INFO - [2026-04-29T01:58:48.949+0200] {dagbag.py:540} INFO - Filling up the DagBag from /Users/pablofrancoherrero/prueba_tecnica/venv/lib/python3.11/site-packages/airflow/example_dags/example_nested_branch_dag.py
[2026-04-29T01:58:48.961+0200] {processor.py:840} INFO - DAG(s) 'example_nested_branch_dag' retrieved from /Users/pablofrancoherrero/prueba_tecnica/venv/lib/python3.11/site-packages/airflow/example_dags/example_nested_branch_dag.py
[2026-04-29T01:58:48.987+0200] {logging_mixin.py:188} INFO - [2026-04-29T01:58:48.987+0200] {dag.py:3096} INFO - Sync 1 DAGs
[2026-04-29T01:58:48.991+0200] {logging_mixin.py:188} INFO - [2026-04-29T01:58:48.991+0200] {dag.py:3954} INFO - Setting next_dagrun for example_nested_branch_dag to 2026-04-27 00:00:00+00:00, run_after=2026-04-28 00:00:00+00:00
[2026-04-29T01:58:48.996+0200] {processor.py:183} INFO - Processing /Users/pablofrancoherrero/prueba_tecnica/venv/lib/python3.11/site-packages/airflow/example_dags/example_nested_branch_dag.py took 0.049 seconds
