[2026-04-28T18:22:46.355+0200] {processor.py:161} INFO - Started process (PID=32975) to work on /Users/pablofrancoherrero/prueba_tecnica/venv/lib/python3.11/site-packages/airflow/example_dags/example_display_name.py
[2026-04-28T18:22:46.355+0200] {processor.py:830} INFO - Processing file /Users/pablofrancoherrero/prueba_tecnica/venv/lib/python3.11/site-packages/airflow/example_dags/example_display_name.py for tasks to queue
[2026-04-28T18:22:46.356+0200] {logging_mixin.py:188} INFO - [2026-04-28T18:22:46.356+0200] {dagbag.py:540} INFO - Filling up the DagBag from /Users/pablofrancoherrero/prueba_tecnica/venv/lib/python3.11/site-packages/airflow/example_dags/example_display_name.py
[2026-04-28T18:22:46.366+0200] {processor.py:840} INFO - DAG(s) 'example_display_name' retrieved from /Users/pablofrancoherrero/prueba_tecnica/venv/lib/python3.11/site-packages/airflow/example_dags/example_display_name.py
[2026-04-28T18:22:46.413+0200] {logging_mixin.py:188} INFO - [2026-04-28T18:22:46.412+0200] {override.py:1829} INFO - Created Permission View: can edit on DAG:example_display_name
[2026-04-28T18:22:46.415+0200] {logging_mixin.py:188} INFO - [2026-04-28T18:22:46.414+0200] {override.py:1829} INFO - Created Permission View: can read on DAG:example_display_name
[2026-04-28T18:22:46.416+0200] {logging_mixin.py:188} INFO - [2026-04-28T18:22:46.416+0200] {override.py:1829} INFO - Created Permission View: can delete on DAG:example_display_name
[2026-04-28T18:22:46.416+0200] {logging_mixin.py:188} INFO - [2026-04-28T18:22:46.416+0200] {dag.py:3096} INFO - Sync 1 DAGs
[2026-04-28T18:22:46.418+0200] {logging_mixin.py:188} INFO - [2026-04-28T18:22:46.418+0200] {dag.py:3118} INFO - Creating ORM DAG for example_display_name
[2026-04-28T18:22:46.418+0200] {logging_mixin.py:188} INFO - [2026-04-28T18:22:46.418+0200] {dag.py:3954} INFO - Setting next_dagrun for example_display_name to None, run_after=None
[2026-04-28T18:22:46.441+0200] {processor.py:183} INFO - Processing /Users/pablofrancoherrero/prueba_tecnica/venv/lib/python3.11/site-packages/airflow/example_dags/example_display_name.py took 0.087 seconds
[2026-04-28T18:24:08.619+0200] {processor.py:161} INFO - Started process (PID=33079) to work on /Users/pablofrancoherrero/prueba_tecnica/venv/lib/python3.11/site-packages/airflow/example_dags/example_display_name.py
[2026-04-28T18:24:08.620+0200] {processor.py:830} INFO - Processing file /Users/pablofrancoherrero/prueba_tecnica/venv/lib/python3.11/site-packages/airflow/example_dags/example_display_name.py for tasks to queue
[2026-04-28T18:24:08.620+0200] {logging_mixin.py:188} INFO - [2026-04-28T18:24:08.620+0200] {dagbag.py:540} INFO - Filling up the DagBag from /Users/pablofrancoherrero/prueba_tecnica/venv/lib/python3.11/site-packages/airflow/example_dags/example_display_name.py
[2026-04-28T18:24:08.632+0200] {processor.py:840} INFO - DAG(s) 'example_display_name' retrieved from /Users/pablofrancoherrero/prueba_tecnica/venv/lib/python3.11/site-packages/airflow/example_dags/example_display_name.py
[2026-04-28T18:24:08.658+0200] {logging_mixin.py:188} INFO - [2026-04-28T18:24:08.658+0200] {dag.py:3096} INFO - Sync 1 DAGs
[2026-04-28T18:24:08.661+0200] {logging_mixin.py:188} INFO - [2026-04-28T18:24:08.661+0200] {dag.py:3954} INFO - Setting next_dagrun for example_display_name to None, run_after=None
[2026-04-28T18:24:08.666+0200] {processor.py:183} INFO - Processing /Users/pablofrancoherrero/prueba_tecnica/venv/lib/python3.11/site-packages/airflow/example_dags/example_display_name.py took 0.048 seconds
[2026-04-28T18:25:29.912+0200] {processor.py:161} INFO - Started process (PID=33180) to work on /Users/pablofrancoherrero/prueba_tecnica/venv/lib/python3.11/site-packages/airflow/example_dags/example_display_name.py
[2026-04-28T18:25:29.913+0200] {processor.py:830} INFO - Processing file /Users/pablofrancoherrero/prueba_tecnica/venv/lib/python3.11/site-packages/airflow/example_dags/example_display_name.py for tasks to queue
[2026-04-28T18:25:29.913+0200] {logging_mixin.py:188} INFO - [2026-04-28T18:25:29.913+0200] {dagbag.py:540} INFO - Filling up the DagBag from /Users/pablofrancoherrero/prueba_tecnica/venv/lib/python3.11/site-packages/airflow/example_dags/example_display_name.py
[2026-04-28T18:25:29.924+0200] {processor.py:840} INFO - DAG(s) 'example_display_name' retrieved from /Users/pablofrancoherrero/prueba_tecnica/venv/lib/python3.11/site-packages/airflow/example_dags/example_display_name.py
[2026-04-28T18:25:29.950+0200] {logging_mixin.py:188} INFO - [2026-04-28T18:25:29.950+0200] {dag.py:3096} INFO - Sync 1 DAGs
[2026-04-28T18:25:29.952+0200] {logging_mixin.py:188} INFO - [2026-04-28T18:25:29.952+0200] {dag.py:3954} INFO - Setting next_dagrun for example_display_name to None, run_after=None
[2026-04-28T18:25:29.957+0200] {processor.py:183} INFO - Processing /Users/pablofrancoherrero/prueba_tecnica/venv/lib/python3.11/site-packages/airflow/example_dags/example_display_name.py took 0.046 seconds
[2026-04-28T18:26:50.873+0200] {processor.py:161} INFO - Started process (PID=33286) to work on /Users/pablofrancoherrero/prueba_tecnica/venv/lib/python3.11/site-packages/airflow/example_dags/example_display_name.py
[2026-04-28T18:26:50.874+0200] {processor.py:830} INFO - Processing file /Users/pablofrancoherrero/prueba_tecnica/venv/lib/python3.11/site-packages/airflow/example_dags/example_display_name.py for tasks to queue
[2026-04-28T18:26:50.874+0200] {logging_mixin.py:188} INFO - [2026-04-28T18:26:50.874+0200] {dagbag.py:540} INFO - Filling up the DagBag from /Users/pablofrancoherrero/prueba_tecnica/venv/lib/python3.11/site-packages/airflow/example_dags/example_display_name.py
[2026-04-28T18:26:50.885+0200] {processor.py:840} INFO - DAG(s) 'example_display_name' retrieved from /Users/pablofrancoherrero/prueba_tecnica/venv/lib/python3.11/site-packages/airflow/example_dags/example_display_name.py
[2026-04-28T18:26:50.910+0200] {logging_mixin.py:188} INFO - [2026-04-28T18:26:50.910+0200] {dag.py:3096} INFO - Sync 1 DAGs
[2026-04-28T18:26:50.913+0200] {logging_mixin.py:188} INFO - [2026-04-28T18:26:50.913+0200] {dag.py:3954} INFO - Setting next_dagrun for example_display_name to None, run_after=None
[2026-04-28T18:26:50.918+0200] {processor.py:183} INFO - Processing /Users/pablofrancoherrero/prueba_tecnica/venv/lib/python3.11/site-packages/airflow/example_dags/example_display_name.py took 0.046 seconds
[2026-04-28T18:28:04.910+0200] {processor.py:161} INFO - Started process (PID=33371) to work on /Users/pablofrancoherrero/prueba_tecnica/venv/lib/python3.11/site-packages/airflow/example_dags/example_display_name.py
[2026-04-28T18:28:04.911+0200] {processor.py:830} INFO - Processing file /Users/pablofrancoherrero/prueba_tecnica/venv/lib/python3.11/site-packages/airflow/example_dags/example_display_name.py for tasks to queue
[2026-04-28T18:28:04.911+0200] {logging_mixin.py:188} INFO - [2026-04-28T18:28:04.911+0200] {dagbag.py:540} INFO - Filling up the DagBag from /Users/pablofrancoherrero/prueba_tecnica/venv/lib/python3.11/site-packages/airflow/example_dags/example_display_name.py
[2026-04-28T18:28:04.922+0200] {processor.py:840} INFO - DAG(s) 'example_display_name' retrieved from /Users/pablofrancoherrero/prueba_tecnica/venv/lib/python3.11/site-packages/airflow/example_dags/example_display_name.py
[2026-04-28T18:28:04.948+0200] {logging_mixin.py:188} INFO - [2026-04-28T18:28:04.948+0200] {dag.py:3096} INFO - Sync 1 DAGs
[2026-04-28T18:28:04.950+0200] {logging_mixin.py:188} INFO - [2026-04-28T18:28:04.950+0200] {dag.py:3954} INFO - Setting next_dagrun for example_display_name to None, run_after=None
[2026-04-28T18:28:04.955+0200] {processor.py:183} INFO - Processing /Users/pablofrancoherrero/prueba_tecnica/venv/lib/python3.11/site-packages/airflow/example_dags/example_display_name.py took 0.046 seconds
[2026-04-28T18:29:26.410+0200] {processor.py:161} INFO - Started process (PID=33469) to work on /Users/pablofrancoherrero/prueba_tecnica/venv/lib/python3.11/site-packages/airflow/example_dags/example_display_name.py
[2026-04-28T18:29:26.411+0200] {processor.py:830} INFO - Processing file /Users/pablofrancoherrero/prueba_tecnica/venv/lib/python3.11/site-packages/airflow/example_dags/example_display_name.py for tasks to queue
[2026-04-28T18:29:26.411+0200] {logging_mixin.py:188} INFO - [2026-04-28T18:29:26.411+0200] {dagbag.py:540} INFO - Filling up the DagBag from /Users/pablofrancoherrero/prueba_tecnica/venv/lib/python3.11/site-packages/airflow/example_dags/example_display_name.py
[2026-04-28T18:29:26.423+0200] {processor.py:840} INFO - DAG(s) 'example_display_name' retrieved from /Users/pablofrancoherrero/prueba_tecnica/venv/lib/python3.11/site-packages/airflow/example_dags/example_display_name.py
[2026-04-28T18:29:26.448+0200] {logging_mixin.py:188} INFO - [2026-04-28T18:29:26.448+0200] {dag.py:3096} INFO - Sync 1 DAGs
[2026-04-28T18:29:26.451+0200] {logging_mixin.py:188} INFO - [2026-04-28T18:29:26.451+0200] {dag.py:3954} INFO - Setting next_dagrun for example_display_name to None, run_after=None
[2026-04-28T18:29:26.456+0200] {processor.py:183} INFO - Processing /Users/pablofrancoherrero/prueba_tecnica/venv/lib/python3.11/site-packages/airflow/example_dags/example_display_name.py took 0.047 seconds
[2026-04-28T18:30:47.747+0200] {processor.py:161} INFO - Started process (PID=33622) to work on /Users/pablofrancoherrero/prueba_tecnica/venv/lib/python3.11/site-packages/airflow/example_dags/example_display_name.py
[2026-04-28T18:30:47.748+0200] {processor.py:830} INFO - Processing file /Users/pablofrancoherrero/prueba_tecnica/venv/lib/python3.11/site-packages/airflow/example_dags/example_display_name.py for tasks to queue
[2026-04-28T18:30:47.748+0200] {logging_mixin.py:188} INFO - [2026-04-28T18:30:47.748+0200] {dagbag.py:540} INFO - Filling up the DagBag from /Users/pablofrancoherrero/prueba_tecnica/venv/lib/python3.11/site-packages/airflow/example_dags/example_display_name.py
[2026-04-28T18:30:47.761+0200] {processor.py:840} INFO - DAG(s) 'example_display_name' retrieved from /Users/pablofrancoherrero/prueba_tecnica/venv/lib/python3.11/site-packages/airflow/example_dags/example_display_name.py
[2026-04-28T18:30:47.789+0200] {logging_mixin.py:188} INFO - [2026-04-28T18:30:47.788+0200] {dag.py:3096} INFO - Sync 1 DAGs
[2026-04-28T18:30:47.791+0200] {logging_mixin.py:188} INFO - [2026-04-28T18:30:47.791+0200] {dag.py:3954} INFO - Setting next_dagrun for example_display_name to None, run_after=None
[2026-04-28T18:30:47.797+0200] {processor.py:183} INFO - Processing /Users/pablofrancoherrero/prueba_tecnica/venv/lib/python3.11/site-packages/airflow/example_dags/example_display_name.py took 0.050 seconds
[2026-04-28T18:32:10.904+0200] {processor.py:161} INFO - Started process (PID=33845) to work on /Users/pablofrancoherrero/prueba_tecnica/venv/lib/python3.11/site-packages/airflow/example_dags/example_display_name.py
[2026-04-28T18:32:10.905+0200] {processor.py:830} INFO - Processing file /Users/pablofrancoherrero/prueba_tecnica/venv/lib/python3.11/site-packages/airflow/example_dags/example_display_name.py for tasks to queue
[2026-04-28T18:32:10.905+0200] {logging_mixin.py:188} INFO - [2026-04-28T18:32:10.905+0200] {dagbag.py:540} INFO - Filling up the DagBag from /Users/pablofrancoherrero/prueba_tecnica/venv/lib/python3.11/site-packages/airflow/example_dags/example_display_name.py
[2026-04-28T18:32:10.916+0200] {processor.py:840} INFO - DAG(s) 'example_display_name' retrieved from /Users/pablofrancoherrero/prueba_tecnica/venv/lib/python3.11/site-packages/airflow/example_dags/example_display_name.py
[2026-04-28T18:32:10.942+0200] {logging_mixin.py:188} INFO - [2026-04-28T18:32:10.942+0200] {dag.py:3096} INFO - Sync 1 DAGs
[2026-04-28T18:32:10.945+0200] {logging_mixin.py:188} INFO - [2026-04-28T18:32:10.945+0200] {dag.py:3954} INFO - Setting next_dagrun for example_display_name to None, run_after=None
[2026-04-28T18:32:10.950+0200] {processor.py:183} INFO - Processing /Users/pablofrancoherrero/prueba_tecnica/venv/lib/python3.11/site-packages/airflow/example_dags/example_display_name.py took 0.046 seconds
[2026-04-28T18:33:27.948+0200] {processor.py:161} INFO - Started process (PID=33925) to work on /Users/pablofrancoherrero/prueba_tecnica/venv/lib/python3.11/site-packages/airflow/example_dags/example_display_name.py
[2026-04-28T18:33:27.948+0200] {processor.py:830} INFO - Processing file /Users/pablofrancoherrero/prueba_tecnica/venv/lib/python3.11/site-packages/airflow/example_dags/example_display_name.py for tasks to queue
[2026-04-28T18:33:27.949+0200] {logging_mixin.py:188} INFO - [2026-04-28T18:33:27.949+0200] {dagbag.py:540} INFO - Filling up the DagBag from /Users/pablofrancoherrero/prueba_tecnica/venv/lib/python3.11/site-packages/airflow/example_dags/example_display_name.py
[2026-04-28T18:33:27.961+0200] {processor.py:840} INFO - DAG(s) 'example_display_name' retrieved from /Users/pablofrancoherrero/prueba_tecnica/venv/lib/python3.11/site-packages/airflow/example_dags/example_display_name.py
[2026-04-28T18:33:27.989+0200] {logging_mixin.py:188} INFO - [2026-04-28T18:33:27.988+0200] {dag.py:3096} INFO - Sync 1 DAGs
[2026-04-28T18:33:27.991+0200] {logging_mixin.py:188} INFO - [2026-04-28T18:33:27.991+0200] {dag.py:3954} INFO - Setting next_dagrun for example_display_name to None, run_after=None
[2026-04-28T18:33:27.997+0200] {processor.py:183} INFO - Processing /Users/pablofrancoherrero/prueba_tecnica/venv/lib/python3.11/site-packages/airflow/example_dags/example_display_name.py took 0.050 seconds
[2026-04-28T18:34:43.687+0200] {processor.py:161} INFO - Started process (PID=34031) to work on /Users/pablofrancoherrero/prueba_tecnica/venv/lib/python3.11/site-packages/airflow/example_dags/example_display_name.py
[2026-04-28T18:34:43.688+0200] {processor.py:830} INFO - Processing file /Users/pablofrancoherrero/prueba_tecnica/venv/lib/python3.11/site-packages/airflow/example_dags/example_display_name.py for tasks to queue
[2026-04-28T18:34:43.688+0200] {logging_mixin.py:188} INFO - [2026-04-28T18:34:43.688+0200] {dagbag.py:540} INFO - Filling up the DagBag from /Users/pablofrancoherrero/prueba_tecnica/venv/lib/python3.11/site-packages/airflow/example_dags/example_display_name.py
[2026-04-28T18:34:43.699+0200] {processor.py:840} INFO - DAG(s) 'example_display_name' retrieved from /Users/pablofrancoherrero/prueba_tecnica/venv/lib/python3.11/site-packages/airflow/example_dags/example_display_name.py
[2026-04-28T18:34:43.726+0200] {logging_mixin.py:188} INFO - [2026-04-28T18:34:43.725+0200] {dag.py:3096} INFO - Sync 1 DAGs
[2026-04-28T18:34:43.728+0200] {logging_mixin.py:188} INFO - [2026-04-28T18:34:43.728+0200] {dag.py:3954} INFO - Setting next_dagrun for example_display_name to None, run_after=None
[2026-04-28T18:34:43.733+0200] {processor.py:183} INFO - Processing /Users/pablofrancoherrero/prueba_tecnica/venv/lib/python3.11/site-packages/airflow/example_dags/example_display_name.py took 0.047 seconds
[2026-04-28T18:36:04.950+0200] {processor.py:161} INFO - Started process (PID=34159) to work on /Users/pablofrancoherrero/prueba_tecnica/venv/lib/python3.11/site-packages/airflow/example_dags/example_display_name.py
[2026-04-28T18:36:04.951+0200] {processor.py:830} INFO - Processing file /Users/pablofrancoherrero/prueba_tecnica/venv/lib/python3.11/site-packages/airflow/example_dags/example_display_name.py for tasks to queue
[2026-04-28T18:36:04.951+0200] {logging_mixin.py:188} INFO - [2026-04-28T18:36:04.951+0200] {dagbag.py:540} INFO - Filling up the DagBag from /Users/pablofrancoherrero/prueba_tecnica/venv/lib/python3.11/site-packages/airflow/example_dags/example_display_name.py
[2026-04-28T18:36:04.963+0200] {processor.py:840} INFO - DAG(s) 'example_display_name' retrieved from /Users/pablofrancoherrero/prueba_tecnica/venv/lib/python3.11/site-packages/airflow/example_dags/example_display_name.py
[2026-04-28T18:36:04.992+0200] {logging_mixin.py:188} INFO - [2026-04-28T18:36:04.992+0200] {dag.py:3096} INFO - Sync 1 DAGs
[2026-04-28T18:36:04.995+0200] {logging_mixin.py:188} INFO - [2026-04-28T18:36:04.995+0200] {dag.py:3954} INFO - Setting next_dagrun for example_display_name to None, run_after=None
[2026-04-28T18:36:05.004+0200] {processor.py:183} INFO - Processing /Users/pablofrancoherrero/prueba_tecnica/venv/lib/python3.11/site-packages/airflow/example_dags/example_display_name.py took 0.056 seconds
[2026-04-28T18:37:26.523+0200] {processor.py:161} INFO - Started process (PID=34249) to work on /Users/pablofrancoherrero/prueba_tecnica/venv/lib/python3.11/site-packages/airflow/example_dags/example_display_name.py
[2026-04-28T18:37:26.524+0200] {processor.py:830} INFO - Processing file /Users/pablofrancoherrero/prueba_tecnica/venv/lib/python3.11/site-packages/airflow/example_dags/example_display_name.py for tasks to queue
[2026-04-28T18:37:26.524+0200] {logging_mixin.py:188} INFO - [2026-04-28T18:37:26.524+0200] {dagbag.py:540} INFO - Filling up the DagBag from /Users/pablofrancoherrero/prueba_tecnica/venv/lib/python3.11/site-packages/airflow/example_dags/example_display_name.py
[2026-04-28T18:37:26.536+0200] {processor.py:840} INFO - DAG(s) 'example_display_name' retrieved from /Users/pablofrancoherrero/prueba_tecnica/venv/lib/python3.11/site-packages/airflow/example_dags/example_display_name.py
[2026-04-28T18:37:26.562+0200] {logging_mixin.py:188} INFO - [2026-04-28T18:37:26.562+0200] {dag.py:3096} INFO - Sync 1 DAGs
[2026-04-28T18:37:26.564+0200] {logging_mixin.py:188} INFO - [2026-04-28T18:37:26.564+0200] {dag.py:3954} INFO - Setting next_dagrun for example_display_name to None, run_after=None
[2026-04-28T18:37:26.569+0200] {processor.py:183} INFO - Processing /Users/pablofrancoherrero/prueba_tecnica/venv/lib/python3.11/site-packages/airflow/example_dags/example_display_name.py took 0.047 seconds
[2026-04-28T18:38:46.749+0200] {processor.py:161} INFO - Started process (PID=34345) to work on /Users/pablofrancoherrero/prueba_tecnica/venv/lib/python3.11/site-packages/airflow/example_dags/example_display_name.py
[2026-04-28T18:38:46.750+0200] {processor.py:830} INFO - Processing file /Users/pablofrancoherrero/prueba_tecnica/venv/lib/python3.11/site-packages/airflow/example_dags/example_display_name.py for tasks to queue
[2026-04-28T18:38:46.751+0200] {logging_mixin.py:188} INFO - [2026-04-28T18:38:46.750+0200] {dagbag.py:540} INFO - Filling up the DagBag from /Users/pablofrancoherrero/prueba_tecnica/venv/lib/python3.11/site-packages/airflow/example_dags/example_display_name.py
[2026-04-28T18:38:46.762+0200] {processor.py:840} INFO - DAG(s) 'example_display_name' retrieved from /Users/pablofrancoherrero/prueba_tecnica/venv/lib/python3.11/site-packages/airflow/example_dags/example_display_name.py
[2026-04-28T18:38:46.788+0200] {logging_mixin.py:188} INFO - [2026-04-28T18:38:46.788+0200] {dag.py:3096} INFO - Sync 1 DAGs
[2026-04-28T18:38:46.790+0200] {logging_mixin.py:188} INFO - [2026-04-28T18:38:46.790+0200] {dag.py:3954} INFO - Setting next_dagrun for example_display_name to None, run_after=None
[2026-04-28T18:38:46.795+0200] {processor.py:183} INFO - Processing /Users/pablofrancoherrero/prueba_tecnica/venv/lib/python3.11/site-packages/airflow/example_dags/example_display_name.py took 0.047 seconds
[2026-04-28T18:40:08.072+0200] {processor.py:161} INFO - Started process (PID=34447) to work on /Users/pablofrancoherrero/prueba_tecnica/venv/lib/python3.11/site-packages/airflow/example_dags/example_display_name.py
[2026-04-28T18:40:08.072+0200] {processor.py:830} INFO - Processing file /Users/pablofrancoherrero/prueba_tecnica/venv/lib/python3.11/site-packages/airflow/example_dags/example_display_name.py for tasks to queue
[2026-04-28T18:40:08.073+0200] {logging_mixin.py:188} INFO - [2026-04-28T18:40:08.073+0200] {dagbag.py:540} INFO - Filling up the DagBag from /Users/pablofrancoherrero/prueba_tecnica/venv/lib/python3.11/site-packages/airflow/example_dags/example_display_name.py
[2026-04-28T18:40:08.084+0200] {processor.py:840} INFO - DAG(s) 'example_display_name' retrieved from /Users/pablofrancoherrero/prueba_tecnica/venv/lib/python3.11/site-packages/airflow/example_dags/example_display_name.py
[2026-04-28T18:40:08.109+0200] {logging_mixin.py:188} INFO - [2026-04-28T18:40:08.109+0200] {dag.py:3096} INFO - Sync 1 DAGs
[2026-04-28T18:40:08.112+0200] {logging_mixin.py:188} INFO - [2026-04-28T18:40:08.112+0200] {dag.py:3954} INFO - Setting next_dagrun for example_display_name to None, run_after=None
[2026-04-28T18:40:08.117+0200] {processor.py:183} INFO - Processing /Users/pablofrancoherrero/prueba_tecnica/venv/lib/python3.11/site-packages/airflow/example_dags/example_display_name.py took 0.046 seconds
[2026-04-28T18:41:26.382+0200] {processor.py:161} INFO - Started process (PID=34579) to work on /Users/pablofrancoherrero/prueba_tecnica/venv/lib/python3.11/site-packages/airflow/example_dags/example_display_name.py
[2026-04-28T18:41:26.383+0200] {processor.py:830} INFO - Processing file /Users/pablofrancoherrero/prueba_tecnica/venv/lib/python3.11/site-packages/airflow/example_dags/example_display_name.py for tasks to queue
[2026-04-28T18:41:26.383+0200] {logging_mixin.py:188} INFO - [2026-04-28T18:41:26.383+0200] {dagbag.py:540} INFO - Filling up the DagBag from /Users/pablofrancoherrero/prueba_tecnica/venv/lib/python3.11/site-packages/airflow/example_dags/example_display_name.py
[2026-04-28T18:41:26.406+0200] {processor.py:840} INFO - DAG(s) 'example_display_name' retrieved from /Users/pablofrancoherrero/prueba_tecnica/venv/lib/python3.11/site-packages/airflow/example_dags/example_display_name.py
[2026-04-28T18:41:26.462+0200] {logging_mixin.py:188} INFO - [2026-04-28T18:41:26.461+0200] {dag.py:3096} INFO - Sync 1 DAGs
[2026-04-28T18:41:26.470+0200] {logging_mixin.py:188} INFO - [2026-04-28T18:41:26.470+0200] {dag.py:3954} INFO - Setting next_dagrun for example_display_name to None, run_after=None
[2026-04-28T18:41:26.490+0200] {processor.py:183} INFO - Processing /Users/pablofrancoherrero/prueba_tecnica/venv/lib/python3.11/site-packages/airflow/example_dags/example_display_name.py took 0.109 seconds
[2026-04-28T18:42:53.299+0200] {processor.py:161} INFO - Started process (PID=34918) to work on /Users/pablofrancoherrero/prueba_tecnica/venv/lib/python3.11/site-packages/airflow/example_dags/example_display_name.py
[2026-04-28T18:42:53.300+0200] {processor.py:830} INFO - Processing file /Users/pablofrancoherrero/prueba_tecnica/venv/lib/python3.11/site-packages/airflow/example_dags/example_display_name.py for tasks to queue
[2026-04-28T18:42:53.300+0200] {logging_mixin.py:188} INFO - [2026-04-28T18:42:53.300+0200] {dagbag.py:540} INFO - Filling up the DagBag from /Users/pablofrancoherrero/prueba_tecnica/venv/lib/python3.11/site-packages/airflow/example_dags/example_display_name.py
[2026-04-28T18:42:53.312+0200] {processor.py:840} INFO - DAG(s) 'example_display_name' retrieved from /Users/pablofrancoherrero/prueba_tecnica/venv/lib/python3.11/site-packages/airflow/example_dags/example_display_name.py
[2026-04-28T18:42:53.338+0200] {logging_mixin.py:188} INFO - [2026-04-28T18:42:53.338+0200] {dag.py:3096} INFO - Sync 1 DAGs
[2026-04-28T18:42:53.341+0200] {logging_mixin.py:188} INFO - [2026-04-28T18:42:53.341+0200] {dag.py:3954} INFO - Setting next_dagrun for example_display_name to None, run_after=None
[2026-04-28T18:42:53.346+0200] {processor.py:183} INFO - Processing /Users/pablofrancoherrero/prueba_tecnica/venv/lib/python3.11/site-packages/airflow/example_dags/example_display_name.py took 0.048 seconds
[2026-04-28T18:44:16.185+0200] {processor.py:161} INFO - Started process (PID=35034) to work on /Users/pablofrancoherrero/prueba_tecnica/venv/lib/python3.11/site-packages/airflow/example_dags/example_display_name.py
[2026-04-28T18:44:16.186+0200] {processor.py:830} INFO - Processing file /Users/pablofrancoherrero/prueba_tecnica/venv/lib/python3.11/site-packages/airflow/example_dags/example_display_name.py for tasks to queue
[2026-04-28T18:44:16.187+0200] {logging_mixin.py:188} INFO - [2026-04-28T18:44:16.187+0200] {dagbag.py:540} INFO - Filling up the DagBag from /Users/pablofrancoherrero/prueba_tecnica/venv/lib/python3.11/site-packages/airflow/example_dags/example_display_name.py
[2026-04-28T18:44:16.198+0200] {processor.py:840} INFO - DAG(s) 'example_display_name' retrieved from /Users/pablofrancoherrero/prueba_tecnica/venv/lib/python3.11/site-packages/airflow/example_dags/example_display_name.py
[2026-04-28T18:44:16.222+0200] {logging_mixin.py:188} INFO - [2026-04-28T18:44:16.222+0200] {dag.py:3096} INFO - Sync 1 DAGs
[2026-04-28T18:44:16.225+0200] {logging_mixin.py:188} INFO - [2026-04-28T18:44:16.225+0200] {dag.py:3954} INFO - Setting next_dagrun for example_display_name to None, run_after=None
[2026-04-28T18:44:16.230+0200] {processor.py:183} INFO - Processing /Users/pablofrancoherrero/prueba_tecnica/venv/lib/python3.11/site-packages/airflow/example_dags/example_display_name.py took 0.045 seconds
[2026-04-28T18:45:39.352+0200] {processor.py:161} INFO - Started process (PID=35121) to work on /Users/pablofrancoherrero/prueba_tecnica/venv/lib/python3.11/site-packages/airflow/example_dags/example_display_name.py
[2026-04-28T18:45:39.353+0200] {processor.py:830} INFO - Processing file /Users/pablofrancoherrero/prueba_tecnica/venv/lib/python3.11/site-packages/airflow/example_dags/example_display_name.py for tasks to queue
[2026-04-28T18:45:39.354+0200] {logging_mixin.py:188} INFO - [2026-04-28T18:45:39.354+0200] {dagbag.py:540} INFO - Filling up the DagBag from /Users/pablofrancoherrero/prueba_tecnica/venv/lib/python3.11/site-packages/airflow/example_dags/example_display_name.py
[2026-04-28T18:45:39.364+0200] {processor.py:840} INFO - DAG(s) 'example_display_name' retrieved from /Users/pablofrancoherrero/prueba_tecnica/venv/lib/python3.11/site-packages/airflow/example_dags/example_display_name.py
[2026-04-28T18:45:39.389+0200] {logging_mixin.py:188} INFO - [2026-04-28T18:45:39.389+0200] {dag.py:3096} INFO - Sync 1 DAGs
[2026-04-28T18:45:39.392+0200] {logging_mixin.py:188} INFO - [2026-04-28T18:45:39.392+0200] {dag.py:3954} INFO - Setting next_dagrun for example_display_name to None, run_after=None
[2026-04-28T18:45:39.396+0200] {processor.py:183} INFO - Processing /Users/pablofrancoherrero/prueba_tecnica/venv/lib/python3.11/site-packages/airflow/example_dags/example_display_name.py took 0.045 seconds
[2026-04-28T18:47:01.548+0200] {processor.py:161} INFO - Started process (PID=35249) to work on /Users/pablofrancoherrero/prueba_tecnica/venv/lib/python3.11/site-packages/airflow/example_dags/example_display_name.py
[2026-04-28T18:47:01.549+0200] {processor.py:830} INFO - Processing file /Users/pablofrancoherrero/prueba_tecnica/venv/lib/python3.11/site-packages/airflow/example_dags/example_display_name.py for tasks to queue
[2026-04-28T18:47:01.549+0200] {logging_mixin.py:188} INFO - [2026-04-28T18:47:01.549+0200] {dagbag.py:540} INFO - Filling up the DagBag from /Users/pablofrancoherrero/prueba_tecnica/venv/lib/python3.11/site-packages/airflow/example_dags/example_display_name.py
[2026-04-28T18:47:01.561+0200] {processor.py:840} INFO - DAG(s) 'example_display_name' retrieved from /Users/pablofrancoherrero/prueba_tecnica/venv/lib/python3.11/site-packages/airflow/example_dags/example_display_name.py
[2026-04-28T18:47:01.587+0200] {logging_mixin.py:188} INFO - [2026-04-28T18:47:01.587+0200] {dag.py:3096} INFO - Sync 1 DAGs
[2026-04-28T18:47:01.590+0200] {logging_mixin.py:188} INFO - [2026-04-28T18:47:01.590+0200] {dag.py:3954} INFO - Setting next_dagrun for example_display_name to None, run_after=None
[2026-04-28T18:47:01.594+0200] {processor.py:183} INFO - Processing /Users/pablofrancoherrero/prueba_tecnica/venv/lib/python3.11/site-packages/airflow/example_dags/example_display_name.py took 0.048 seconds
[2026-04-28T18:48:22.841+0200] {processor.py:161} INFO - Started process (PID=35334) to work on /Users/pablofrancoherrero/prueba_tecnica/venv/lib/python3.11/site-packages/airflow/example_dags/example_display_name.py
[2026-04-28T18:48:22.842+0200] {processor.py:830} INFO - Processing file /Users/pablofrancoherrero/prueba_tecnica/venv/lib/python3.11/site-packages/airflow/example_dags/example_display_name.py for tasks to queue
[2026-04-28T18:48:22.843+0200] {logging_mixin.py:188} INFO - [2026-04-28T18:48:22.843+0200] {dagbag.py:540} INFO - Filling up the DagBag from /Users/pablofrancoherrero/prueba_tecnica/venv/lib/python3.11/site-packages/airflow/example_dags/example_display_name.py
[2026-04-28T18:48:22.857+0200] {processor.py:840} INFO - DAG(s) 'example_display_name' retrieved from /Users/pablofrancoherrero/prueba_tecnica/venv/lib/python3.11/site-packages/airflow/example_dags/example_display_name.py
[2026-04-28T18:48:22.884+0200] {logging_mixin.py:188} INFO - [2026-04-28T18:48:22.884+0200] {dag.py:3096} INFO - Sync 1 DAGs
[2026-04-28T18:48:22.887+0200] {logging_mixin.py:188} INFO - [2026-04-28T18:48:22.887+0200] {dag.py:3954} INFO - Setting next_dagrun for example_display_name to None, run_after=None
[2026-04-28T18:48:22.892+0200] {processor.py:183} INFO - Processing /Users/pablofrancoherrero/prueba_tecnica/venv/lib/python3.11/site-packages/airflow/example_dags/example_display_name.py took 0.051 seconds
[2026-04-28T18:49:46.732+0200] {processor.py:161} INFO - Started process (PID=35442) to work on /Users/pablofrancoherrero/prueba_tecnica/venv/lib/python3.11/site-packages/airflow/example_dags/example_display_name.py
[2026-04-28T18:49:46.733+0200] {processor.py:830} INFO - Processing file /Users/pablofrancoherrero/prueba_tecnica/venv/lib/python3.11/site-packages/airflow/example_dags/example_display_name.py for tasks to queue
[2026-04-28T18:49:46.733+0200] {logging_mixin.py:188} INFO - [2026-04-28T18:49:46.733+0200] {dagbag.py:540} INFO - Filling up the DagBag from /Users/pablofrancoherrero/prueba_tecnica/venv/lib/python3.11/site-packages/airflow/example_dags/example_display_name.py
[2026-04-28T18:49:46.744+0200] {processor.py:840} INFO - DAG(s) 'example_display_name' retrieved from /Users/pablofrancoherrero/prueba_tecnica/venv/lib/python3.11/site-packages/airflow/example_dags/example_display_name.py
[2026-04-28T18:49:46.770+0200] {logging_mixin.py:188} INFO - [2026-04-28T18:49:46.770+0200] {dag.py:3096} INFO - Sync 1 DAGs
[2026-04-28T18:49:46.773+0200] {logging_mixin.py:188} INFO - [2026-04-28T18:49:46.773+0200] {dag.py:3954} INFO - Setting next_dagrun for example_display_name to None, run_after=None
[2026-04-28T18:49:46.778+0200] {processor.py:183} INFO - Processing /Users/pablofrancoherrero/prueba_tecnica/venv/lib/python3.11/site-packages/airflow/example_dags/example_display_name.py took 0.047 seconds
[2026-04-28T18:51:07.436+0200] {processor.py:161} INFO - Started process (PID=35535) to work on /Users/pablofrancoherrero/prueba_tecnica/venv/lib/python3.11/site-packages/airflow/example_dags/example_display_name.py
[2026-04-28T18:51:07.437+0200] {processor.py:830} INFO - Processing file /Users/pablofrancoherrero/prueba_tecnica/venv/lib/python3.11/site-packages/airflow/example_dags/example_display_name.py for tasks to queue
[2026-04-28T18:51:07.437+0200] {logging_mixin.py:188} INFO - [2026-04-28T18:51:07.437+0200] {dagbag.py:540} INFO - Filling up the DagBag from /Users/pablofrancoherrero/prueba_tecnica/venv/lib/python3.11/site-packages/airflow/example_dags/example_display_name.py
[2026-04-28T18:51:07.448+0200] {processor.py:840} INFO - DAG(s) 'example_display_name' retrieved from /Users/pablofrancoherrero/prueba_tecnica/venv/lib/python3.11/site-packages/airflow/example_dags/example_display_name.py
[2026-04-28T18:51:07.474+0200] {logging_mixin.py:188} INFO - [2026-04-28T18:51:07.474+0200] {dag.py:3096} INFO - Sync 1 DAGs
[2026-04-28T18:51:07.476+0200] {logging_mixin.py:188} INFO - [2026-04-28T18:51:07.476+0200] {dag.py:3954} INFO - Setting next_dagrun for example_display_name to None, run_after=None
[2026-04-28T18:51:07.481+0200] {processor.py:183} INFO - Processing /Users/pablofrancoherrero/prueba_tecnica/venv/lib/python3.11/site-packages/airflow/example_dags/example_display_name.py took 0.046 seconds
[2026-04-28T18:52:30.230+0200] {processor.py:161} INFO - Started process (PID=35642) to work on /Users/pablofrancoherrero/prueba_tecnica/venv/lib/python3.11/site-packages/airflow/example_dags/example_display_name.py
[2026-04-28T18:52:30.231+0200] {processor.py:830} INFO - Processing file /Users/pablofrancoherrero/prueba_tecnica/venv/lib/python3.11/site-packages/airflow/example_dags/example_display_name.py for tasks to queue
[2026-04-28T18:52:30.231+0200] {logging_mixin.py:188} INFO - [2026-04-28T18:52:30.231+0200] {dagbag.py:540} INFO - Filling up the DagBag from /Users/pablofrancoherrero/prueba_tecnica/venv/lib/python3.11/site-packages/airflow/example_dags/example_display_name.py
[2026-04-28T18:52:30.242+0200] {processor.py:840} INFO - DAG(s) 'example_display_name' retrieved from /Users/pablofrancoherrero/prueba_tecnica/venv/lib/python3.11/site-packages/airflow/example_dags/example_display_name.py
[2026-04-28T18:52:30.269+0200] {logging_mixin.py:188} INFO - [2026-04-28T18:52:30.269+0200] {dag.py:3096} INFO - Sync 1 DAGs
[2026-04-28T18:52:30.272+0200] {logging_mixin.py:188} INFO - [2026-04-28T18:52:30.272+0200] {dag.py:3954} INFO - Setting next_dagrun for example_display_name to None, run_after=None
[2026-04-28T18:52:30.277+0200] {processor.py:183} INFO - Processing /Users/pablofrancoherrero/prueba_tecnica/venv/lib/python3.11/site-packages/airflow/example_dags/example_display_name.py took 0.048 seconds
[2026-04-28T18:53:54.377+0200] {processor.py:161} INFO - Started process (PID=35738) to work on /Users/pablofrancoherrero/prueba_tecnica/venv/lib/python3.11/site-packages/airflow/example_dags/example_display_name.py
[2026-04-28T18:53:54.378+0200] {processor.py:830} INFO - Processing file /Users/pablofrancoherrero/prueba_tecnica/venv/lib/python3.11/site-packages/airflow/example_dags/example_display_name.py for tasks to queue
[2026-04-28T18:53:54.378+0200] {logging_mixin.py:188} INFO - [2026-04-28T18:53:54.378+0200] {dagbag.py:540} INFO - Filling up the DagBag from /Users/pablofrancoherrero/prueba_tecnica/venv/lib/python3.11/site-packages/airflow/example_dags/example_display_name.py
[2026-04-28T18:53:54.390+0200] {processor.py:840} INFO - DAG(s) 'example_display_name' retrieved from /Users/pablofrancoherrero/prueba_tecnica/venv/lib/python3.11/site-packages/airflow/example_dags/example_display_name.py
[2026-04-28T18:53:54.415+0200] {logging_mixin.py:188} INFO - [2026-04-28T18:53:54.415+0200] {dag.py:3096} INFO - Sync 1 DAGs
[2026-04-28T18:53:54.418+0200] {logging_mixin.py:188} INFO - [2026-04-28T18:53:54.418+0200] {dag.py:3954} INFO - Setting next_dagrun for example_display_name to None, run_after=None
[2026-04-28T18:53:54.422+0200] {processor.py:183} INFO - Processing /Users/pablofrancoherrero/prueba_tecnica/venv/lib/python3.11/site-packages/airflow/example_dags/example_display_name.py took 0.046 seconds
[2026-04-28T18:55:18.112+0200] {processor.py:161} INFO - Started process (PID=35834) to work on /Users/pablofrancoherrero/prueba_tecnica/venv/lib/python3.11/site-packages/airflow/example_dags/example_display_name.py
[2026-04-28T18:55:18.113+0200] {processor.py:830} INFO - Processing file /Users/pablofrancoherrero/prueba_tecnica/venv/lib/python3.11/site-packages/airflow/example_dags/example_display_name.py for tasks to queue
[2026-04-28T18:55:18.113+0200] {logging_mixin.py:188} INFO - [2026-04-28T18:55:18.113+0200] {dagbag.py:540} INFO - Filling up the DagBag from /Users/pablofrancoherrero/prueba_tecnica/venv/lib/python3.11/site-packages/airflow/example_dags/example_display_name.py
[2026-04-28T18:55:18.125+0200] {processor.py:840} INFO - DAG(s) 'example_display_name' retrieved from /Users/pablofrancoherrero/prueba_tecnica/venv/lib/python3.11/site-packages/airflow/example_dags/example_display_name.py
[2026-04-28T18:55:18.152+0200] {logging_mixin.py:188} INFO - [2026-04-28T18:55:18.152+0200] {dag.py:3096} INFO - Sync 1 DAGs
[2026-04-28T18:55:18.154+0200] {logging_mixin.py:188} INFO - [2026-04-28T18:55:18.154+0200] {dag.py:3954} INFO - Setting next_dagrun for example_display_name to None, run_after=None
[2026-04-28T18:55:18.160+0200] {processor.py:183} INFO - Processing /Users/pablofrancoherrero/prueba_tecnica/venv/lib/python3.11/site-packages/airflow/example_dags/example_display_name.py took 0.048 seconds
[2026-04-28T18:56:41.500+0200] {processor.py:161} INFO - Started process (PID=35911) to work on /Users/pablofrancoherrero/prueba_tecnica/venv/lib/python3.11/site-packages/airflow/example_dags/example_display_name.py
[2026-04-28T18:56:41.501+0200] {processor.py:830} INFO - Processing file /Users/pablofrancoherrero/prueba_tecnica/venv/lib/python3.11/site-packages/airflow/example_dags/example_display_name.py for tasks to queue
[2026-04-28T18:56:41.501+0200] {logging_mixin.py:188} INFO - [2026-04-28T18:56:41.501+0200] {dagbag.py:540} INFO - Filling up the DagBag from /Users/pablofrancoherrero/prueba_tecnica/venv/lib/python3.11/site-packages/airflow/example_dags/example_display_name.py
[2026-04-28T18:56:41.512+0200] {processor.py:840} INFO - DAG(s) 'example_display_name' retrieved from /Users/pablofrancoherrero/prueba_tecnica/venv/lib/python3.11/site-packages/airflow/example_dags/example_display_name.py
[2026-04-28T18:56:41.537+0200] {logging_mixin.py:188} INFO - [2026-04-28T18:56:41.537+0200] {dag.py:3096} INFO - Sync 1 DAGs
[2026-04-28T18:56:41.540+0200] {logging_mixin.py:188} INFO - [2026-04-28T18:56:41.540+0200] {dag.py:3954} INFO - Setting next_dagrun for example_display_name to None, run_after=None
[2026-04-28T18:56:41.544+0200] {processor.py:183} INFO - Processing /Users/pablofrancoherrero/prueba_tecnica/venv/lib/python3.11/site-packages/airflow/example_dags/example_display_name.py took 0.045 seconds
[2026-04-28T18:58:01.527+0200] {processor.py:161} INFO - Started process (PID=35992) to work on /Users/pablofrancoherrero/prueba_tecnica/venv/lib/python3.11/site-packages/airflow/example_dags/example_display_name.py
[2026-04-28T18:58:01.528+0200] {processor.py:830} INFO - Processing file /Users/pablofrancoherrero/prueba_tecnica/venv/lib/python3.11/site-packages/airflow/example_dags/example_display_name.py for tasks to queue
[2026-04-28T18:58:01.529+0200] {logging_mixin.py:188} INFO - [2026-04-28T18:58:01.529+0200] {dagbag.py:540} INFO - Filling up the DagBag from /Users/pablofrancoherrero/prueba_tecnica/venv/lib/python3.11/site-packages/airflow/example_dags/example_display_name.py
[2026-04-28T18:58:01.539+0200] {processor.py:840} INFO - DAG(s) 'example_display_name' retrieved from /Users/pablofrancoherrero/prueba_tecnica/venv/lib/python3.11/site-packages/airflow/example_dags/example_display_name.py
[2026-04-28T18:58:01.564+0200] {logging_mixin.py:188} INFO - [2026-04-28T18:58:01.564+0200] {dag.py:3096} INFO - Sync 1 DAGs
[2026-04-28T18:58:01.567+0200] {logging_mixin.py:188} INFO - [2026-04-28T18:58:01.567+0200] {dag.py:3954} INFO - Setting next_dagrun for example_display_name to None, run_after=None
[2026-04-28T18:58:01.571+0200] {processor.py:183} INFO - Processing /Users/pablofrancoherrero/prueba_tecnica/venv/lib/python3.11/site-packages/airflow/example_dags/example_display_name.py took 0.045 seconds
[2026-04-28T18:59:19.910+0200] {processor.py:161} INFO - Started process (PID=36058) to work on /Users/pablofrancoherrero/prueba_tecnica/venv/lib/python3.11/site-packages/airflow/example_dags/example_display_name.py
[2026-04-28T18:59:19.912+0200] {processor.py:830} INFO - Processing file /Users/pablofrancoherrero/prueba_tecnica/venv/lib/python3.11/site-packages/airflow/example_dags/example_display_name.py for tasks to queue
[2026-04-28T18:59:19.912+0200] {logging_mixin.py:188} INFO - [2026-04-28T18:59:19.912+0200] {dagbag.py:540} INFO - Filling up the DagBag from /Users/pablofrancoherrero/prueba_tecnica/venv/lib/python3.11/site-packages/airflow/example_dags/example_display_name.py
[2026-04-28T18:59:19.922+0200] {processor.py:840} INFO - DAG(s) 'example_display_name' retrieved from /Users/pablofrancoherrero/prueba_tecnica/venv/lib/python3.11/site-packages/airflow/example_dags/example_display_name.py
[2026-04-28T18:59:19.947+0200] {logging_mixin.py:188} INFO - [2026-04-28T18:59:19.947+0200] {dag.py:3096} INFO - Sync 1 DAGs
[2026-04-28T18:59:19.949+0200] {logging_mixin.py:188} INFO - [2026-04-28T18:59:19.949+0200] {dag.py:3954} INFO - Setting next_dagrun for example_display_name to None, run_after=None
[2026-04-28T18:59:19.954+0200] {processor.py:183} INFO - Processing /Users/pablofrancoherrero/prueba_tecnica/venv/lib/python3.11/site-packages/airflow/example_dags/example_display_name.py took 0.044 seconds
[2026-04-28T19:00:40.298+0200] {processor.py:161} INFO - Started process (PID=36157) to work on /Users/pablofrancoherrero/prueba_tecnica/venv/lib/python3.11/site-packages/airflow/example_dags/example_display_name.py
[2026-04-28T19:00:40.298+0200] {processor.py:830} INFO - Processing file /Users/pablofrancoherrero/prueba_tecnica/venv/lib/python3.11/site-packages/airflow/example_dags/example_display_name.py for tasks to queue
[2026-04-28T19:00:40.298+0200] {logging_mixin.py:188} INFO - [2026-04-28T19:00:40.298+0200] {dagbag.py:540} INFO - Filling up the DagBag from /Users/pablofrancoherrero/prueba_tecnica/venv/lib/python3.11/site-packages/airflow/example_dags/example_display_name.py
[2026-04-28T19:00:40.312+0200] {processor.py:840} INFO - DAG(s) 'example_display_name' retrieved from /Users/pablofrancoherrero/prueba_tecnica/venv/lib/python3.11/site-packages/airflow/example_dags/example_display_name.py
[2026-04-28T19:00:40.347+0200] {logging_mixin.py:188} INFO - [2026-04-28T19:00:40.346+0200] {dag.py:3096} INFO - Sync 1 DAGs
[2026-04-28T19:00:40.350+0200] {logging_mixin.py:188} INFO - [2026-04-28T19:00:40.350+0200] {dag.py:3954} INFO - Setting next_dagrun for example_display_name to None, run_after=None
[2026-04-28T19:00:40.357+0200] {processor.py:183} INFO - Processing /Users/pablofrancoherrero/prueba_tecnica/venv/lib/python3.11/site-packages/airflow/example_dags/example_display_name.py took 0.061 seconds
[2026-04-28T19:02:01.877+0200] {processor.py:161} INFO - Started process (PID=36238) to work on /Users/pablofrancoherrero/prueba_tecnica/venv/lib/python3.11/site-packages/airflow/example_dags/example_display_name.py
[2026-04-28T19:02:01.878+0200] {processor.py:830} INFO - Processing file /Users/pablofrancoherrero/prueba_tecnica/venv/lib/python3.11/site-packages/airflow/example_dags/example_display_name.py for tasks to queue
[2026-04-28T19:02:01.878+0200] {logging_mixin.py:188} INFO - [2026-04-28T19:02:01.878+0200] {dagbag.py:540} INFO - Filling up the DagBag from /Users/pablofrancoherrero/prueba_tecnica/venv/lib/python3.11/site-packages/airflow/example_dags/example_display_name.py
[2026-04-28T19:02:01.889+0200] {processor.py:840} INFO - DAG(s) 'example_display_name' retrieved from /Users/pablofrancoherrero/prueba_tecnica/venv/lib/python3.11/site-packages/airflow/example_dags/example_display_name.py
[2026-04-28T19:02:01.914+0200] {logging_mixin.py:188} INFO - [2026-04-28T19:02:01.914+0200] {dag.py:3096} INFO - Sync 1 DAGs
[2026-04-28T19:02:01.917+0200] {logging_mixin.py:188} INFO - [2026-04-28T19:02:01.917+0200] {dag.py:3954} INFO - Setting next_dagrun for example_display_name to None, run_after=None
[2026-04-28T19:02:01.921+0200] {processor.py:183} INFO - Processing /Users/pablofrancoherrero/prueba_tecnica/venv/lib/python3.11/site-packages/airflow/example_dags/example_display_name.py took 0.045 seconds
[2026-04-28T19:03:22.955+0200] {processor.py:161} INFO - Started process (PID=36311) to work on /Users/pablofrancoherrero/prueba_tecnica/venv/lib/python3.11/site-packages/airflow/example_dags/example_display_name.py
[2026-04-28T19:03:22.955+0200] {processor.py:830} INFO - Processing file /Users/pablofrancoherrero/prueba_tecnica/venv/lib/python3.11/site-packages/airflow/example_dags/example_display_name.py for tasks to queue
[2026-04-28T19:03:22.956+0200] {logging_mixin.py:188} INFO - [2026-04-28T19:03:22.955+0200] {dagbag.py:540} INFO - Filling up the DagBag from /Users/pablofrancoherrero/prueba_tecnica/venv/lib/python3.11/site-packages/airflow/example_dags/example_display_name.py
[2026-04-28T19:03:22.966+0200] {processor.py:840} INFO - DAG(s) 'example_display_name' retrieved from /Users/pablofrancoherrero/prueba_tecnica/venv/lib/python3.11/site-packages/airflow/example_dags/example_display_name.py
[2026-04-28T19:03:22.991+0200] {logging_mixin.py:188} INFO - [2026-04-28T19:03:22.991+0200] {dag.py:3096} INFO - Sync 1 DAGs
[2026-04-28T19:03:22.994+0200] {logging_mixin.py:188} INFO - [2026-04-28T19:03:22.994+0200] {dag.py:3954} INFO - Setting next_dagrun for example_display_name to None, run_after=None
[2026-04-28T19:03:22.998+0200] {processor.py:183} INFO - Processing /Users/pablofrancoherrero/prueba_tecnica/venv/lib/python3.11/site-packages/airflow/example_dags/example_display_name.py took 0.044 seconds
[2026-04-28T19:04:42.504+0200] {processor.py:161} INFO - Started process (PID=36383) to work on /Users/pablofrancoherrero/prueba_tecnica/venv/lib/python3.11/site-packages/airflow/example_dags/example_display_name.py
[2026-04-28T19:04:42.504+0200] {processor.py:830} INFO - Processing file /Users/pablofrancoherrero/prueba_tecnica/venv/lib/python3.11/site-packages/airflow/example_dags/example_display_name.py for tasks to queue
[2026-04-28T19:04:42.504+0200] {logging_mixin.py:188} INFO - [2026-04-28T19:04:42.504+0200] {dagbag.py:540} INFO - Filling up the DagBag from /Users/pablofrancoherrero/prueba_tecnica/venv/lib/python3.11/site-packages/airflow/example_dags/example_display_name.py
[2026-04-28T19:04:42.515+0200] {processor.py:840} INFO - DAG(s) 'example_display_name' retrieved from /Users/pablofrancoherrero/prueba_tecnica/venv/lib/python3.11/site-packages/airflow/example_dags/example_display_name.py
[2026-04-28T19:04:42.541+0200] {logging_mixin.py:188} INFO - [2026-04-28T19:04:42.541+0200] {dag.py:3096} INFO - Sync 1 DAGs
[2026-04-28T19:04:42.544+0200] {logging_mixin.py:188} INFO - [2026-04-28T19:04:42.544+0200] {dag.py:3954} INFO - Setting next_dagrun for example_display_name to None, run_after=None
[2026-04-28T19:04:42.548+0200] {processor.py:183} INFO - Processing /Users/pablofrancoherrero/prueba_tecnica/venv/lib/python3.11/site-packages/airflow/example_dags/example_display_name.py took 0.046 seconds
[2026-04-28T19:06:02.096+0200] {processor.py:161} INFO - Started process (PID=36509) to work on /Users/pablofrancoherrero/prueba_tecnica/venv/lib/python3.11/site-packages/airflow/example_dags/example_display_name.py
[2026-04-28T19:06:02.097+0200] {processor.py:830} INFO - Processing file /Users/pablofrancoherrero/prueba_tecnica/venv/lib/python3.11/site-packages/airflow/example_dags/example_display_name.py for tasks to queue
[2026-04-28T19:06:02.097+0200] {logging_mixin.py:188} INFO - [2026-04-28T19:06:02.097+0200] {dagbag.py:540} INFO - Filling up the DagBag from /Users/pablofrancoherrero/prueba_tecnica/venv/lib/python3.11/site-packages/airflow/example_dags/example_display_name.py
[2026-04-28T19:06:02.108+0200] {processor.py:840} INFO - DAG(s) 'example_display_name' retrieved from /Users/pablofrancoherrero/prueba_tecnica/venv/lib/python3.11/site-packages/airflow/example_dags/example_display_name.py
[2026-04-28T19:06:02.134+0200] {logging_mixin.py:188} INFO - [2026-04-28T19:06:02.134+0200] {dag.py:3096} INFO - Sync 1 DAGs
[2026-04-28T19:06:02.137+0200] {logging_mixin.py:188} INFO - [2026-04-28T19:06:02.137+0200] {dag.py:3954} INFO - Setting next_dagrun for example_display_name to None, run_after=None
[2026-04-28T19:06:02.142+0200] {processor.py:183} INFO - Processing /Users/pablofrancoherrero/prueba_tecnica/venv/lib/python3.11/site-packages/airflow/example_dags/example_display_name.py took 0.047 seconds
[2026-04-28T19:07:24.366+0200] {processor.py:161} INFO - Started process (PID=36581) to work on /Users/pablofrancoherrero/prueba_tecnica/venv/lib/python3.11/site-packages/airflow/example_dags/example_display_name.py
[2026-04-28T19:07:24.366+0200] {processor.py:830} INFO - Processing file /Users/pablofrancoherrero/prueba_tecnica/venv/lib/python3.11/site-packages/airflow/example_dags/example_display_name.py for tasks to queue
[2026-04-28T19:07:24.366+0200] {logging_mixin.py:188} INFO - [2026-04-28T19:07:24.366+0200] {dagbag.py:540} INFO - Filling up the DagBag from /Users/pablofrancoherrero/prueba_tecnica/venv/lib/python3.11/site-packages/airflow/example_dags/example_display_name.py
[2026-04-28T19:07:24.377+0200] {processor.py:840} INFO - DAG(s) 'example_display_name' retrieved from /Users/pablofrancoherrero/prueba_tecnica/venv/lib/python3.11/site-packages/airflow/example_dags/example_display_name.py
[2026-04-28T19:07:24.402+0200] {logging_mixin.py:188} INFO - [2026-04-28T19:07:24.402+0200] {dag.py:3096} INFO - Sync 1 DAGs
[2026-04-28T19:07:24.404+0200] {logging_mixin.py:188} INFO - [2026-04-28T19:07:24.404+0200] {dag.py:3954} INFO - Setting next_dagrun for example_display_name to None, run_after=None
[2026-04-28T19:07:24.409+0200] {processor.py:183} INFO - Processing /Users/pablofrancoherrero/prueba_tecnica/venv/lib/python3.11/site-packages/airflow/example_dags/example_display_name.py took 0.044 seconds
[2026-04-28T19:08:44.670+0200] {processor.py:161} INFO - Started process (PID=36660) to work on /Users/pablofrancoherrero/prueba_tecnica/venv/lib/python3.11/site-packages/airflow/example_dags/example_display_name.py
[2026-04-28T19:08:44.671+0200] {processor.py:830} INFO - Processing file /Users/pablofrancoherrero/prueba_tecnica/venv/lib/python3.11/site-packages/airflow/example_dags/example_display_name.py for tasks to queue
[2026-04-28T19:08:44.671+0200] {logging_mixin.py:188} INFO - [2026-04-28T19:08:44.671+0200] {dagbag.py:540} INFO - Filling up the DagBag from /Users/pablofrancoherrero/prueba_tecnica/venv/lib/python3.11/site-packages/airflow/example_dags/example_display_name.py
[2026-04-28T19:08:44.682+0200] {processor.py:840} INFO - DAG(s) 'example_display_name' retrieved from /Users/pablofrancoherrero/prueba_tecnica/venv/lib/python3.11/site-packages/airflow/example_dags/example_display_name.py
[2026-04-28T19:08:44.707+0200] {logging_mixin.py:188} INFO - [2026-04-28T19:08:44.707+0200] {dag.py:3096} INFO - Sync 1 DAGs
[2026-04-28T19:08:44.709+0200] {logging_mixin.py:188} INFO - [2026-04-28T19:08:44.709+0200] {dag.py:3954} INFO - Setting next_dagrun for example_display_name to None, run_after=None
[2026-04-28T19:08:44.714+0200] {processor.py:183} INFO - Processing /Users/pablofrancoherrero/prueba_tecnica/venv/lib/python3.11/site-packages/airflow/example_dags/example_display_name.py took 0.045 seconds
[2026-04-28T19:10:05.654+0200] {processor.py:161} INFO - Started process (PID=36771) to work on /Users/pablofrancoherrero/prueba_tecnica/venv/lib/python3.11/site-packages/airflow/example_dags/example_display_name.py
[2026-04-28T19:10:05.655+0200] {processor.py:830} INFO - Processing file /Users/pablofrancoherrero/prueba_tecnica/venv/lib/python3.11/site-packages/airflow/example_dags/example_display_name.py for tasks to queue
[2026-04-28T19:10:05.656+0200] {logging_mixin.py:188} INFO - [2026-04-28T19:10:05.655+0200] {dagbag.py:540} INFO - Filling up the DagBag from /Users/pablofrancoherrero/prueba_tecnica/venv/lib/python3.11/site-packages/airflow/example_dags/example_display_name.py
[2026-04-28T19:10:05.667+0200] {processor.py:840} INFO - DAG(s) 'example_display_name' retrieved from /Users/pablofrancoherrero/prueba_tecnica/venv/lib/python3.11/site-packages/airflow/example_dags/example_display_name.py
[2026-04-28T19:10:05.693+0200] {logging_mixin.py:188} INFO - [2026-04-28T19:10:05.692+0200] {dag.py:3096} INFO - Sync 1 DAGs
[2026-04-28T19:10:05.695+0200] {logging_mixin.py:188} INFO - [2026-04-28T19:10:05.695+0200] {dag.py:3954} INFO - Setting next_dagrun for example_display_name to None, run_after=None
[2026-04-28T19:10:05.700+0200] {processor.py:183} INFO - Processing /Users/pablofrancoherrero/prueba_tecnica/venv/lib/python3.11/site-packages/airflow/example_dags/example_display_name.py took 0.047 seconds
[2026-04-28T19:11:27.806+0200] {processor.py:161} INFO - Started process (PID=36875) to work on /Users/pablofrancoherrero/prueba_tecnica/venv/lib/python3.11/site-packages/airflow/example_dags/example_display_name.py
[2026-04-28T19:11:27.807+0200] {processor.py:830} INFO - Processing file /Users/pablofrancoherrero/prueba_tecnica/venv/lib/python3.11/site-packages/airflow/example_dags/example_display_name.py for tasks to queue
[2026-04-28T19:11:27.807+0200] {logging_mixin.py:188} INFO - [2026-04-28T19:11:27.807+0200] {dagbag.py:540} INFO - Filling up the DagBag from /Users/pablofrancoherrero/prueba_tecnica/venv/lib/python3.11/site-packages/airflow/example_dags/example_display_name.py
[2026-04-28T19:11:27.819+0200] {processor.py:840} INFO - DAG(s) 'example_display_name' retrieved from /Users/pablofrancoherrero/prueba_tecnica/venv/lib/python3.11/site-packages/airflow/example_dags/example_display_name.py
[2026-04-28T19:11:27.845+0200] {logging_mixin.py:188} INFO - [2026-04-28T19:11:27.844+0200] {dag.py:3096} INFO - Sync 1 DAGs
[2026-04-28T19:11:27.847+0200] {logging_mixin.py:188} INFO - [2026-04-28T19:11:27.847+0200] {dag.py:3954} INFO - Setting next_dagrun for example_display_name to None, run_after=None
[2026-04-28T19:11:27.852+0200] {processor.py:183} INFO - Processing /Users/pablofrancoherrero/prueba_tecnica/venv/lib/python3.11/site-packages/airflow/example_dags/example_display_name.py took 0.047 seconds
[2026-04-28T19:12:48.312+0200] {processor.py:161} INFO - Started process (PID=36967) to work on /Users/pablofrancoherrero/prueba_tecnica/venv/lib/python3.11/site-packages/airflow/example_dags/example_display_name.py
[2026-04-28T19:12:48.312+0200] {processor.py:830} INFO - Processing file /Users/pablofrancoherrero/prueba_tecnica/venv/lib/python3.11/site-packages/airflow/example_dags/example_display_name.py for tasks to queue
[2026-04-28T19:12:48.313+0200] {logging_mixin.py:188} INFO - [2026-04-28T19:12:48.313+0200] {dagbag.py:540} INFO - Filling up the DagBag from /Users/pablofrancoherrero/prueba_tecnica/venv/lib/python3.11/site-packages/airflow/example_dags/example_display_name.py
[2026-04-28T19:12:48.326+0200] {processor.py:840} INFO - DAG(s) 'example_display_name' retrieved from /Users/pablofrancoherrero/prueba_tecnica/venv/lib/python3.11/site-packages/airflow/example_dags/example_display_name.py
[2026-04-28T19:12:48.352+0200] {logging_mixin.py:188} INFO - [2026-04-28T19:12:48.352+0200] {dag.py:3096} INFO - Sync 1 DAGs
[2026-04-28T19:12:48.355+0200] {logging_mixin.py:188} INFO - [2026-04-28T19:12:48.354+0200] {dag.py:3954} INFO - Setting next_dagrun for example_display_name to None, run_after=None
[2026-04-28T19:12:48.359+0200] {processor.py:183} INFO - Processing /Users/pablofrancoherrero/prueba_tecnica/venv/lib/python3.11/site-packages/airflow/example_dags/example_display_name.py took 0.048 seconds
[2026-04-28T19:14:10.851+0200] {processor.py:161} INFO - Started process (PID=37058) to work on /Users/pablofrancoherrero/prueba_tecnica/venv/lib/python3.11/site-packages/airflow/example_dags/example_display_name.py
[2026-04-28T19:14:10.852+0200] {processor.py:830} INFO - Processing file /Users/pablofrancoherrero/prueba_tecnica/venv/lib/python3.11/site-packages/airflow/example_dags/example_display_name.py for tasks to queue
[2026-04-28T19:14:10.852+0200] {logging_mixin.py:188} INFO - [2026-04-28T19:14:10.852+0200] {dagbag.py:540} INFO - Filling up the DagBag from /Users/pablofrancoherrero/prueba_tecnica/venv/lib/python3.11/site-packages/airflow/example_dags/example_display_name.py
[2026-04-28T19:14:10.864+0200] {processor.py:840} INFO - DAG(s) 'example_display_name' retrieved from /Users/pablofrancoherrero/prueba_tecnica/venv/lib/python3.11/site-packages/airflow/example_dags/example_display_name.py
[2026-04-28T19:14:10.890+0200] {logging_mixin.py:188} INFO - [2026-04-28T19:14:10.890+0200] {dag.py:3096} INFO - Sync 1 DAGs
[2026-04-28T19:14:10.893+0200] {logging_mixin.py:188} INFO - [2026-04-28T19:14:10.893+0200] {dag.py:3954} INFO - Setting next_dagrun for example_display_name to None, run_after=None
[2026-04-28T19:14:10.898+0200] {processor.py:183} INFO - Processing /Users/pablofrancoherrero/prueba_tecnica/venv/lib/python3.11/site-packages/airflow/example_dags/example_display_name.py took 0.048 seconds
[2026-04-28T19:15:29.703+0200] {processor.py:161} INFO - Started process (PID=37139) to work on /Users/pablofrancoherrero/prueba_tecnica/venv/lib/python3.11/site-packages/airflow/example_dags/example_display_name.py
[2026-04-28T19:15:29.704+0200] {processor.py:830} INFO - Processing file /Users/pablofrancoherrero/prueba_tecnica/venv/lib/python3.11/site-packages/airflow/example_dags/example_display_name.py for tasks to queue
[2026-04-28T19:15:29.704+0200] {logging_mixin.py:188} INFO - [2026-04-28T19:15:29.704+0200] {dagbag.py:540} INFO - Filling up the DagBag from /Users/pablofrancoherrero/prueba_tecnica/venv/lib/python3.11/site-packages/airflow/example_dags/example_display_name.py
[2026-04-28T19:15:29.715+0200] {processor.py:840} INFO - DAG(s) 'example_display_name' retrieved from /Users/pablofrancoherrero/prueba_tecnica/venv/lib/python3.11/site-packages/airflow/example_dags/example_display_name.py
[2026-04-28T19:15:29.740+0200] {logging_mixin.py:188} INFO - [2026-04-28T19:15:29.740+0200] {dag.py:3096} INFO - Sync 1 DAGs
[2026-04-28T19:15:29.743+0200] {logging_mixin.py:188} INFO - [2026-04-28T19:15:29.743+0200] {dag.py:3954} INFO - Setting next_dagrun for example_display_name to None, run_after=None
[2026-04-28T19:15:29.748+0200] {processor.py:183} INFO - Processing /Users/pablofrancoherrero/prueba_tecnica/venv/lib/python3.11/site-packages/airflow/example_dags/example_display_name.py took 0.045 seconds
[2026-04-28T19:16:46.830+0200] {processor.py:161} INFO - Started process (PID=37224) to work on /Users/pablofrancoherrero/prueba_tecnica/venv/lib/python3.11/site-packages/airflow/example_dags/example_display_name.py
[2026-04-28T19:16:46.831+0200] {processor.py:830} INFO - Processing file /Users/pablofrancoherrero/prueba_tecnica/venv/lib/python3.11/site-packages/airflow/example_dags/example_display_name.py for tasks to queue
[2026-04-28T19:16:46.831+0200] {logging_mixin.py:188} INFO - [2026-04-28T19:16:46.831+0200] {dagbag.py:540} INFO - Filling up the DagBag from /Users/pablofrancoherrero/prueba_tecnica/venv/lib/python3.11/site-packages/airflow/example_dags/example_display_name.py
[2026-04-28T19:16:46.842+0200] {processor.py:840} INFO - DAG(s) 'example_display_name' retrieved from /Users/pablofrancoherrero/prueba_tecnica/venv/lib/python3.11/site-packages/airflow/example_dags/example_display_name.py
[2026-04-28T19:16:46.867+0200] {logging_mixin.py:188} INFO - [2026-04-28T19:16:46.867+0200] {dag.py:3096} INFO - Sync 1 DAGs
[2026-04-28T19:16:46.870+0200] {logging_mixin.py:188} INFO - [2026-04-28T19:16:46.870+0200] {dag.py:3954} INFO - Setting next_dagrun for example_display_name to None, run_after=None
[2026-04-28T19:16:46.875+0200] {processor.py:183} INFO - Processing /Users/pablofrancoherrero/prueba_tecnica/venv/lib/python3.11/site-packages/airflow/example_dags/example_display_name.py took 0.046 seconds
[2026-04-28T19:18:22.161+0200] {processor.py:161} INFO - Started process (PID=41399) to work on /Users/pablofrancoherrero/prueba_tecnica/venv/lib/python3.11/site-packages/airflow/example_dags/example_display_name.py
[2026-04-28T19:18:22.162+0200] {processor.py:830} INFO - Processing file /Users/pablofrancoherrero/prueba_tecnica/venv/lib/python3.11/site-packages/airflow/example_dags/example_display_name.py for tasks to queue
[2026-04-28T19:18:22.162+0200] {logging_mixin.py:188} INFO - [2026-04-28T19:18:22.162+0200] {dagbag.py:540} INFO - Filling up the DagBag from /Users/pablofrancoherrero/prueba_tecnica/venv/lib/python3.11/site-packages/airflow/example_dags/example_display_name.py
[2026-04-28T19:18:22.174+0200] {processor.py:840} INFO - DAG(s) 'example_display_name' retrieved from /Users/pablofrancoherrero/prueba_tecnica/venv/lib/python3.11/site-packages/airflow/example_dags/example_display_name.py
[2026-04-28T19:18:22.203+0200] {logging_mixin.py:188} INFO - [2026-04-28T19:18:22.203+0200] {dag.py:3096} INFO - Sync 1 DAGs
[2026-04-28T19:18:22.206+0200] {logging_mixin.py:188} INFO - [2026-04-28T19:18:22.206+0200] {dag.py:3954} INFO - Setting next_dagrun for example_display_name to None, run_after=None
[2026-04-28T19:18:22.211+0200] {processor.py:183} INFO - Processing /Users/pablofrancoherrero/prueba_tecnica/venv/lib/python3.11/site-packages/airflow/example_dags/example_display_name.py took 0.051 seconds
[2026-04-28T19:20:23.721+0200] {processor.py:161} INFO - Started process (PID=50255) to work on /Users/pablofrancoherrero/prueba_tecnica/venv/lib/python3.11/site-packages/airflow/example_dags/example_display_name.py
[2026-04-28T19:20:23.722+0200] {processor.py:830} INFO - Processing file /Users/pablofrancoherrero/prueba_tecnica/venv/lib/python3.11/site-packages/airflow/example_dags/example_display_name.py for tasks to queue
[2026-04-28T19:20:23.722+0200] {logging_mixin.py:188} INFO - [2026-04-28T19:20:23.722+0200] {dagbag.py:540} INFO - Filling up the DagBag from /Users/pablofrancoherrero/prueba_tecnica/venv/lib/python3.11/site-packages/airflow/example_dags/example_display_name.py
[2026-04-28T19:20:23.734+0200] {processor.py:840} INFO - DAG(s) 'example_display_name' retrieved from /Users/pablofrancoherrero/prueba_tecnica/venv/lib/python3.11/site-packages/airflow/example_dags/example_display_name.py
[2026-04-28T19:20:23.760+0200] {logging_mixin.py:188} INFO - [2026-04-28T19:20:23.760+0200] {dag.py:3096} INFO - Sync 1 DAGs
[2026-04-28T19:20:23.763+0200] {logging_mixin.py:188} INFO - [2026-04-28T19:20:23.763+0200] {dag.py:3954} INFO - Setting next_dagrun for example_display_name to None, run_after=None
[2026-04-28T19:20:23.768+0200] {processor.py:183} INFO - Processing /Users/pablofrancoherrero/prueba_tecnica/venv/lib/python3.11/site-packages/airflow/example_dags/example_display_name.py took 0.047 seconds
[2026-04-28T19:21:47.444+0200] {processor.py:161} INFO - Started process (PID=50354) to work on /Users/pablofrancoherrero/prueba_tecnica/venv/lib/python3.11/site-packages/airflow/example_dags/example_display_name.py
[2026-04-28T19:21:47.445+0200] {processor.py:830} INFO - Processing file /Users/pablofrancoherrero/prueba_tecnica/venv/lib/python3.11/site-packages/airflow/example_dags/example_display_name.py for tasks to queue
[2026-04-28T19:21:47.445+0200] {logging_mixin.py:188} INFO - [2026-04-28T19:21:47.445+0200] {dagbag.py:540} INFO - Filling up the DagBag from /Users/pablofrancoherrero/prueba_tecnica/venv/lib/python3.11/site-packages/airflow/example_dags/example_display_name.py
[2026-04-28T19:21:47.460+0200] {processor.py:840} INFO - DAG(s) 'example_display_name' retrieved from /Users/pablofrancoherrero/prueba_tecnica/venv/lib/python3.11/site-packages/airflow/example_dags/example_display_name.py
[2026-04-28T19:21:47.488+0200] {logging_mixin.py:188} INFO - [2026-04-28T19:21:47.488+0200] {dag.py:3096} INFO - Sync 1 DAGs
[2026-04-28T19:21:47.491+0200] {logging_mixin.py:188} INFO - [2026-04-28T19:21:47.491+0200] {dag.py:3954} INFO - Setting next_dagrun for example_display_name to None, run_after=None
[2026-04-28T19:21:47.496+0200] {processor.py:183} INFO - Processing /Users/pablofrancoherrero/prueba_tecnica/venv/lib/python3.11/site-packages/airflow/example_dags/example_display_name.py took 0.053 seconds
[2026-04-28T19:23:09.806+0200] {processor.py:161} INFO - Started process (PID=50449) to work on /Users/pablofrancoherrero/prueba_tecnica/venv/lib/python3.11/site-packages/airflow/example_dags/example_display_name.py
[2026-04-28T19:23:09.807+0200] {processor.py:830} INFO - Processing file /Users/pablofrancoherrero/prueba_tecnica/venv/lib/python3.11/site-packages/airflow/example_dags/example_display_name.py for tasks to queue
[2026-04-28T19:23:09.807+0200] {logging_mixin.py:188} INFO - [2026-04-28T19:23:09.807+0200] {dagbag.py:540} INFO - Filling up the DagBag from /Users/pablofrancoherrero/prueba_tecnica/venv/lib/python3.11/site-packages/airflow/example_dags/example_display_name.py
[2026-04-28T19:23:09.818+0200] {processor.py:840} INFO - DAG(s) 'example_display_name' retrieved from /Users/pablofrancoherrero/prueba_tecnica/venv/lib/python3.11/site-packages/airflow/example_dags/example_display_name.py
[2026-04-28T19:23:09.843+0200] {logging_mixin.py:188} INFO - [2026-04-28T19:23:09.843+0200] {dag.py:3096} INFO - Sync 1 DAGs
[2026-04-28T19:23:09.846+0200] {logging_mixin.py:188} INFO - [2026-04-28T19:23:09.846+0200] {dag.py:3954} INFO - Setting next_dagrun for example_display_name to None, run_after=None
[2026-04-28T19:23:09.850+0200] {processor.py:183} INFO - Processing /Users/pablofrancoherrero/prueba_tecnica/venv/lib/python3.11/site-packages/airflow/example_dags/example_display_name.py took 0.045 seconds
[2026-04-28T19:24:27.659+0200] {processor.py:161} INFO - Started process (PID=50545) to work on /Users/pablofrancoherrero/prueba_tecnica/venv/lib/python3.11/site-packages/airflow/example_dags/example_display_name.py
[2026-04-28T19:24:27.660+0200] {processor.py:830} INFO - Processing file /Users/pablofrancoherrero/prueba_tecnica/venv/lib/python3.11/site-packages/airflow/example_dags/example_display_name.py for tasks to queue
[2026-04-28T19:24:27.661+0200] {logging_mixin.py:188} INFO - [2026-04-28T19:24:27.661+0200] {dagbag.py:540} INFO - Filling up the DagBag from /Users/pablofrancoherrero/prueba_tecnica/venv/lib/python3.11/site-packages/airflow/example_dags/example_display_name.py
[2026-04-28T19:24:27.671+0200] {processor.py:840} INFO - DAG(s) 'example_display_name' retrieved from /Users/pablofrancoherrero/prueba_tecnica/venv/lib/python3.11/site-packages/airflow/example_dags/example_display_name.py
[2026-04-28T19:24:27.696+0200] {logging_mixin.py:188} INFO - [2026-04-28T19:24:27.696+0200] {dag.py:3096} INFO - Sync 1 DAGs
[2026-04-28T19:24:27.699+0200] {logging_mixin.py:188} INFO - [2026-04-28T19:24:27.699+0200] {dag.py:3954} INFO - Setting next_dagrun for example_display_name to None, run_after=None
[2026-04-28T19:24:27.703+0200] {processor.py:183} INFO - Processing /Users/pablofrancoherrero/prueba_tecnica/venv/lib/python3.11/site-packages/airflow/example_dags/example_display_name.py took 0.045 seconds
[2026-04-28T19:25:47.839+0200] {processor.py:161} INFO - Started process (PID=50647) to work on /Users/pablofrancoherrero/prueba_tecnica/venv/lib/python3.11/site-packages/airflow/example_dags/example_display_name.py
[2026-04-28T19:25:47.839+0200] {processor.py:830} INFO - Processing file /Users/pablofrancoherrero/prueba_tecnica/venv/lib/python3.11/site-packages/airflow/example_dags/example_display_name.py for tasks to queue
[2026-04-28T19:25:47.840+0200] {logging_mixin.py:188} INFO - [2026-04-28T19:25:47.839+0200] {dagbag.py:540} INFO - Filling up the DagBag from /Users/pablofrancoherrero/prueba_tecnica/venv/lib/python3.11/site-packages/airflow/example_dags/example_display_name.py
[2026-04-28T19:25:47.852+0200] {processor.py:840} INFO - DAG(s) 'example_display_name' retrieved from /Users/pablofrancoherrero/prueba_tecnica/venv/lib/python3.11/site-packages/airflow/example_dags/example_display_name.py
[2026-04-28T19:25:47.878+0200] {logging_mixin.py:188} INFO - [2026-04-28T19:25:47.878+0200] {dag.py:3096} INFO - Sync 1 DAGs
[2026-04-28T19:25:47.880+0200] {logging_mixin.py:188} INFO - [2026-04-28T19:25:47.880+0200] {dag.py:3954} INFO - Setting next_dagrun for example_display_name to None, run_after=None
[2026-04-28T19:25:47.886+0200] {processor.py:183} INFO - Processing /Users/pablofrancoherrero/prueba_tecnica/venv/lib/python3.11/site-packages/airflow/example_dags/example_display_name.py took 0.048 seconds
[2026-04-28T19:27:08.822+0200] {processor.py:161} INFO - Started process (PID=50746) to work on /Users/pablofrancoherrero/prueba_tecnica/venv/lib/python3.11/site-packages/airflow/example_dags/example_display_name.py
[2026-04-28T19:27:08.823+0200] {processor.py:830} INFO - Processing file /Users/pablofrancoherrero/prueba_tecnica/venv/lib/python3.11/site-packages/airflow/example_dags/example_display_name.py for tasks to queue
[2026-04-28T19:27:08.824+0200] {logging_mixin.py:188} INFO - [2026-04-28T19:27:08.824+0200] {dagbag.py:540} INFO - Filling up the DagBag from /Users/pablofrancoherrero/prueba_tecnica/venv/lib/python3.11/site-packages/airflow/example_dags/example_display_name.py
[2026-04-28T19:27:08.834+0200] {processor.py:840} INFO - DAG(s) 'example_display_name' retrieved from /Users/pablofrancoherrero/prueba_tecnica/venv/lib/python3.11/site-packages/airflow/example_dags/example_display_name.py
[2026-04-28T19:27:08.860+0200] {logging_mixin.py:188} INFO - [2026-04-28T19:27:08.860+0200] {dag.py:3096} INFO - Sync 1 DAGs
[2026-04-28T19:27:08.863+0200] {logging_mixin.py:188} INFO - [2026-04-28T19:27:08.863+0200] {dag.py:3954} INFO - Setting next_dagrun for example_display_name to None, run_after=None
[2026-04-28T19:27:08.867+0200] {processor.py:183} INFO - Processing /Users/pablofrancoherrero/prueba_tecnica/venv/lib/python3.11/site-packages/airflow/example_dags/example_display_name.py took 0.046 seconds
[2026-04-28T19:28:28.364+0200] {processor.py:161} INFO - Started process (PID=50848) to work on /Users/pablofrancoherrero/prueba_tecnica/venv/lib/python3.11/site-packages/airflow/example_dags/example_display_name.py
[2026-04-28T19:28:28.364+0200] {processor.py:830} INFO - Processing file /Users/pablofrancoherrero/prueba_tecnica/venv/lib/python3.11/site-packages/airflow/example_dags/example_display_name.py for tasks to queue
[2026-04-28T19:28:28.364+0200] {logging_mixin.py:188} INFO - [2026-04-28T19:28:28.364+0200] {dagbag.py:540} INFO - Filling up the DagBag from /Users/pablofrancoherrero/prueba_tecnica/venv/lib/python3.11/site-packages/airflow/example_dags/example_display_name.py
[2026-04-28T19:28:28.376+0200] {processor.py:840} INFO - DAG(s) 'example_display_name' retrieved from /Users/pablofrancoherrero/prueba_tecnica/venv/lib/python3.11/site-packages/airflow/example_dags/example_display_name.py
[2026-04-28T19:28:28.402+0200] {logging_mixin.py:188} INFO - [2026-04-28T19:28:28.402+0200] {dag.py:3096} INFO - Sync 1 DAGs
[2026-04-28T19:28:28.405+0200] {logging_mixin.py:188} INFO - [2026-04-28T19:28:28.404+0200] {dag.py:3954} INFO - Setting next_dagrun for example_display_name to None, run_after=None
[2026-04-28T19:28:28.409+0200] {processor.py:183} INFO - Processing /Users/pablofrancoherrero/prueba_tecnica/venv/lib/python3.11/site-packages/airflow/example_dags/example_display_name.py took 0.047 seconds
[2026-04-28T19:29:51.484+0200] {processor.py:161} INFO - Started process (PID=50940) to work on /Users/pablofrancoherrero/prueba_tecnica/venv/lib/python3.11/site-packages/airflow/example_dags/example_display_name.py
[2026-04-28T19:29:51.485+0200] {processor.py:830} INFO - Processing file /Users/pablofrancoherrero/prueba_tecnica/venv/lib/python3.11/site-packages/airflow/example_dags/example_display_name.py for tasks to queue
[2026-04-28T19:29:51.485+0200] {logging_mixin.py:188} INFO - [2026-04-28T19:29:51.485+0200] {dagbag.py:540} INFO - Filling up the DagBag from /Users/pablofrancoherrero/prueba_tecnica/venv/lib/python3.11/site-packages/airflow/example_dags/example_display_name.py
[2026-04-28T19:29:51.496+0200] {processor.py:840} INFO - DAG(s) 'example_display_name' retrieved from /Users/pablofrancoherrero/prueba_tecnica/venv/lib/python3.11/site-packages/airflow/example_dags/example_display_name.py
[2026-04-28T19:29:51.523+0200] {logging_mixin.py:188} INFO - [2026-04-28T19:29:51.523+0200] {dag.py:3096} INFO - Sync 1 DAGs
[2026-04-28T19:29:51.525+0200] {logging_mixin.py:188} INFO - [2026-04-28T19:29:51.525+0200] {dag.py:3954} INFO - Setting next_dagrun for example_display_name to None, run_after=None
[2026-04-28T19:29:51.530+0200] {processor.py:183} INFO - Processing /Users/pablofrancoherrero/prueba_tecnica/venv/lib/python3.11/site-packages/airflow/example_dags/example_display_name.py took 0.047 seconds
[2026-04-28T19:31:14.170+0200] {processor.py:161} INFO - Started process (PID=51039) to work on /Users/pablofrancoherrero/prueba_tecnica/venv/lib/python3.11/site-packages/airflow/example_dags/example_display_name.py
[2026-04-28T19:31:14.171+0200] {processor.py:830} INFO - Processing file /Users/pablofrancoherrero/prueba_tecnica/venv/lib/python3.11/site-packages/airflow/example_dags/example_display_name.py for tasks to queue
[2026-04-28T19:31:14.171+0200] {logging_mixin.py:188} INFO - [2026-04-28T19:31:14.171+0200] {dagbag.py:540} INFO - Filling up the DagBag from /Users/pablofrancoherrero/prueba_tecnica/venv/lib/python3.11/site-packages/airflow/example_dags/example_display_name.py
[2026-04-28T19:31:14.182+0200] {processor.py:840} INFO - DAG(s) 'example_display_name' retrieved from /Users/pablofrancoherrero/prueba_tecnica/venv/lib/python3.11/site-packages/airflow/example_dags/example_display_name.py
[2026-04-28T19:31:14.207+0200] {logging_mixin.py:188} INFO - [2026-04-28T19:31:14.207+0200] {dag.py:3096} INFO - Sync 1 DAGs
[2026-04-28T19:31:14.210+0200] {logging_mixin.py:188} INFO - [2026-04-28T19:31:14.210+0200] {dag.py:3954} INFO - Setting next_dagrun for example_display_name to None, run_after=None
[2026-04-28T19:31:14.215+0200] {processor.py:183} INFO - Processing /Users/pablofrancoherrero/prueba_tecnica/venv/lib/python3.11/site-packages/airflow/example_dags/example_display_name.py took 0.045 seconds
[2026-04-28T19:32:30.175+0200] {processor.py:161} INFO - Started process (PID=51124) to work on /Users/pablofrancoherrero/prueba_tecnica/venv/lib/python3.11/site-packages/airflow/example_dags/example_display_name.py
[2026-04-28T19:32:30.175+0200] {processor.py:830} INFO - Processing file /Users/pablofrancoherrero/prueba_tecnica/venv/lib/python3.11/site-packages/airflow/example_dags/example_display_name.py for tasks to queue
[2026-04-28T19:32:30.175+0200] {logging_mixin.py:188} INFO - [2026-04-28T19:32:30.175+0200] {dagbag.py:540} INFO - Filling up the DagBag from /Users/pablofrancoherrero/prueba_tecnica/venv/lib/python3.11/site-packages/airflow/example_dags/example_display_name.py
[2026-04-28T19:32:30.189+0200] {processor.py:840} INFO - DAG(s) 'example_display_name' retrieved from /Users/pablofrancoherrero/prueba_tecnica/venv/lib/python3.11/site-packages/airflow/example_dags/example_display_name.py
[2026-04-28T19:32:30.221+0200] {logging_mixin.py:188} INFO - [2026-04-28T19:32:30.220+0200] {dag.py:3096} INFO - Sync 1 DAGs
[2026-04-28T19:32:30.224+0200] {logging_mixin.py:188} INFO - [2026-04-28T19:32:30.223+0200] {dag.py:3954} INFO - Setting next_dagrun for example_display_name to None, run_after=None
[2026-04-28T19:32:30.230+0200] {processor.py:183} INFO - Processing /Users/pablofrancoherrero/prueba_tecnica/venv/lib/python3.11/site-packages/airflow/example_dags/example_display_name.py took 0.057 seconds
[2026-04-28T19:33:54.874+0200] {processor.py:161} INFO - Started process (PID=51232) to work on /Users/pablofrancoherrero/prueba_tecnica/venv/lib/python3.11/site-packages/airflow/example_dags/example_display_name.py
[2026-04-28T19:33:54.875+0200] {processor.py:830} INFO - Processing file /Users/pablofrancoherrero/prueba_tecnica/venv/lib/python3.11/site-packages/airflow/example_dags/example_display_name.py for tasks to queue
[2026-04-28T19:33:54.875+0200] {logging_mixin.py:188} INFO - [2026-04-28T19:33:54.875+0200] {dagbag.py:540} INFO - Filling up the DagBag from /Users/pablofrancoherrero/prueba_tecnica/venv/lib/python3.11/site-packages/airflow/example_dags/example_display_name.py
[2026-04-28T19:33:54.887+0200] {processor.py:840} INFO - DAG(s) 'example_display_name' retrieved from /Users/pablofrancoherrero/prueba_tecnica/venv/lib/python3.11/site-packages/airflow/example_dags/example_display_name.py
[2026-04-28T19:33:54.915+0200] {logging_mixin.py:188} INFO - [2026-04-28T19:33:54.915+0200] {dag.py:3096} INFO - Sync 1 DAGs
[2026-04-28T19:33:54.918+0200] {logging_mixin.py:188} INFO - [2026-04-28T19:33:54.918+0200] {dag.py:3954} INFO - Setting next_dagrun for example_display_name to None, run_after=None
[2026-04-28T19:33:54.924+0200] {processor.py:183} INFO - Processing /Users/pablofrancoherrero/prueba_tecnica/venv/lib/python3.11/site-packages/airflow/example_dags/example_display_name.py took 0.051 seconds
[2026-04-28T19:35:17.386+0200] {processor.py:161} INFO - Started process (PID=51342) to work on /Users/pablofrancoherrero/prueba_tecnica/venv/lib/python3.11/site-packages/airflow/example_dags/example_display_name.py
[2026-04-28T19:35:17.387+0200] {processor.py:830} INFO - Processing file /Users/pablofrancoherrero/prueba_tecnica/venv/lib/python3.11/site-packages/airflow/example_dags/example_display_name.py for tasks to queue
[2026-04-28T19:35:17.388+0200] {logging_mixin.py:188} INFO - [2026-04-28T19:35:17.387+0200] {dagbag.py:540} INFO - Filling up the DagBag from /Users/pablofrancoherrero/prueba_tecnica/venv/lib/python3.11/site-packages/airflow/example_dags/example_display_name.py
[2026-04-28T19:35:17.399+0200] {processor.py:840} INFO - DAG(s) 'example_display_name' retrieved from /Users/pablofrancoherrero/prueba_tecnica/venv/lib/python3.11/site-packages/airflow/example_dags/example_display_name.py
[2026-04-28T19:35:17.424+0200] {logging_mixin.py:188} INFO - [2026-04-28T19:35:17.424+0200] {dag.py:3096} INFO - Sync 1 DAGs
[2026-04-28T19:35:17.427+0200] {logging_mixin.py:188} INFO - [2026-04-28T19:35:17.427+0200] {dag.py:3954} INFO - Setting next_dagrun for example_display_name to None, run_after=None
[2026-04-28T19:35:17.431+0200] {processor.py:183} INFO - Processing /Users/pablofrancoherrero/prueba_tecnica/venv/lib/python3.11/site-packages/airflow/example_dags/example_display_name.py took 0.046 seconds
[2026-04-28T19:36:34.573+0200] {processor.py:161} INFO - Started process (PID=51450) to work on /Users/pablofrancoherrero/prueba_tecnica/venv/lib/python3.11/site-packages/airflow/example_dags/example_display_name.py
[2026-04-28T19:36:34.574+0200] {processor.py:830} INFO - Processing file /Users/pablofrancoherrero/prueba_tecnica/venv/lib/python3.11/site-packages/airflow/example_dags/example_display_name.py for tasks to queue
[2026-04-28T19:36:34.574+0200] {logging_mixin.py:188} INFO - [2026-04-28T19:36:34.574+0200] {dagbag.py:540} INFO - Filling up the DagBag from /Users/pablofrancoherrero/prueba_tecnica/venv/lib/python3.11/site-packages/airflow/example_dags/example_display_name.py
[2026-04-28T19:36:34.586+0200] {processor.py:840} INFO - DAG(s) 'example_display_name' retrieved from /Users/pablofrancoherrero/prueba_tecnica/venv/lib/python3.11/site-packages/airflow/example_dags/example_display_name.py
[2026-04-28T19:36:34.613+0200] {logging_mixin.py:188} INFO - [2026-04-28T19:36:34.613+0200] {dag.py:3096} INFO - Sync 1 DAGs
[2026-04-28T19:36:34.616+0200] {logging_mixin.py:188} INFO - [2026-04-28T19:36:34.615+0200] {dag.py:3954} INFO - Setting next_dagrun for example_display_name to None, run_after=None
[2026-04-28T19:36:34.620+0200] {processor.py:183} INFO - Processing /Users/pablofrancoherrero/prueba_tecnica/venv/lib/python3.11/site-packages/airflow/example_dags/example_display_name.py took 0.048 seconds
[2026-04-28T19:37:56.091+0200] {processor.py:161} INFO - Started process (PID=51560) to work on /Users/pablofrancoherrero/prueba_tecnica/venv/lib/python3.11/site-packages/airflow/example_dags/example_display_name.py
[2026-04-28T19:37:56.092+0200] {processor.py:830} INFO - Processing file /Users/pablofrancoherrero/prueba_tecnica/venv/lib/python3.11/site-packages/airflow/example_dags/example_display_name.py for tasks to queue
[2026-04-28T19:37:56.092+0200] {logging_mixin.py:188} INFO - [2026-04-28T19:37:56.092+0200] {dagbag.py:540} INFO - Filling up the DagBag from /Users/pablofrancoherrero/prueba_tecnica/venv/lib/python3.11/site-packages/airflow/example_dags/example_display_name.py
[2026-04-28T19:37:56.104+0200] {processor.py:840} INFO - DAG(s) 'example_display_name' retrieved from /Users/pablofrancoherrero/prueba_tecnica/venv/lib/python3.11/site-packages/airflow/example_dags/example_display_name.py
[2026-04-28T19:37:56.131+0200] {logging_mixin.py:188} INFO - [2026-04-28T19:37:56.131+0200] {dag.py:3096} INFO - Sync 1 DAGs
[2026-04-28T19:37:56.134+0200] {logging_mixin.py:188} INFO - [2026-04-28T19:37:56.134+0200] {dag.py:3954} INFO - Setting next_dagrun for example_display_name to None, run_after=None
[2026-04-28T19:37:56.139+0200] {processor.py:183} INFO - Processing /Users/pablofrancoherrero/prueba_tecnica/venv/lib/python3.11/site-packages/airflow/example_dags/example_display_name.py took 0.049 seconds
[2026-04-28T19:39:19.770+0200] {processor.py:161} INFO - Started process (PID=51639) to work on /Users/pablofrancoherrero/prueba_tecnica/venv/lib/python3.11/site-packages/airflow/example_dags/example_display_name.py
[2026-04-28T19:39:19.771+0200] {processor.py:830} INFO - Processing file /Users/pablofrancoherrero/prueba_tecnica/venv/lib/python3.11/site-packages/airflow/example_dags/example_display_name.py for tasks to queue
[2026-04-28T19:39:19.771+0200] {logging_mixin.py:188} INFO - [2026-04-28T19:39:19.771+0200] {dagbag.py:540} INFO - Filling up the DagBag from /Users/pablofrancoherrero/prueba_tecnica/venv/lib/python3.11/site-packages/airflow/example_dags/example_display_name.py
[2026-04-28T19:39:19.782+0200] {processor.py:840} INFO - DAG(s) 'example_display_name' retrieved from /Users/pablofrancoherrero/prueba_tecnica/venv/lib/python3.11/site-packages/airflow/example_dags/example_display_name.py
[2026-04-28T19:39:19.807+0200] {logging_mixin.py:188} INFO - [2026-04-28T19:39:19.807+0200] {dag.py:3096} INFO - Sync 1 DAGs
[2026-04-28T19:39:19.810+0200] {logging_mixin.py:188} INFO - [2026-04-28T19:39:19.810+0200] {dag.py:3954} INFO - Setting next_dagrun for example_display_name to None, run_after=None
[2026-04-28T19:39:19.815+0200] {processor.py:183} INFO - Processing /Users/pablofrancoherrero/prueba_tecnica/venv/lib/python3.11/site-packages/airflow/example_dags/example_display_name.py took 0.045 seconds
[2026-04-28T19:40:37.827+0200] {processor.py:161} INFO - Started process (PID=51775) to work on /Users/pablofrancoherrero/prueba_tecnica/venv/lib/python3.11/site-packages/airflow/example_dags/example_display_name.py
[2026-04-28T19:40:37.828+0200] {processor.py:830} INFO - Processing file /Users/pablofrancoherrero/prueba_tecnica/venv/lib/python3.11/site-packages/airflow/example_dags/example_display_name.py for tasks to queue
[2026-04-28T19:40:37.828+0200] {logging_mixin.py:188} INFO - [2026-04-28T19:40:37.828+0200] {dagbag.py:540} INFO - Filling up the DagBag from /Users/pablofrancoherrero/prueba_tecnica/venv/lib/python3.11/site-packages/airflow/example_dags/example_display_name.py
[2026-04-28T19:40:37.839+0200] {processor.py:840} INFO - DAG(s) 'example_display_name' retrieved from /Users/pablofrancoherrero/prueba_tecnica/venv/lib/python3.11/site-packages/airflow/example_dags/example_display_name.py
[2026-04-28T19:40:37.866+0200] {logging_mixin.py:188} INFO - [2026-04-28T19:40:37.866+0200] {dag.py:3096} INFO - Sync 1 DAGs
[2026-04-28T19:40:37.868+0200] {logging_mixin.py:188} INFO - [2026-04-28T19:40:37.868+0200] {dag.py:3954} INFO - Setting next_dagrun for example_display_name to None, run_after=None
[2026-04-28T19:40:37.873+0200] {processor.py:183} INFO - Processing /Users/pablofrancoherrero/prueba_tecnica/venv/lib/python3.11/site-packages/airflow/example_dags/example_display_name.py took 0.047 seconds
[2026-04-28T19:42:00.640+0200] {processor.py:161} INFO - Started process (PID=51868) to work on /Users/pablofrancoherrero/prueba_tecnica/venv/lib/python3.11/site-packages/airflow/example_dags/example_display_name.py
[2026-04-28T19:42:00.641+0200] {processor.py:830} INFO - Processing file /Users/pablofrancoherrero/prueba_tecnica/venv/lib/python3.11/site-packages/airflow/example_dags/example_display_name.py for tasks to queue
[2026-04-28T19:42:00.642+0200] {logging_mixin.py:188} INFO - [2026-04-28T19:42:00.641+0200] {dagbag.py:540} INFO - Filling up the DagBag from /Users/pablofrancoherrero/prueba_tecnica/venv/lib/python3.11/site-packages/airflow/example_dags/example_display_name.py
[2026-04-28T19:42:00.652+0200] {processor.py:840} INFO - DAG(s) 'example_display_name' retrieved from /Users/pablofrancoherrero/prueba_tecnica/venv/lib/python3.11/site-packages/airflow/example_dags/example_display_name.py
[2026-04-28T19:42:00.679+0200] {logging_mixin.py:188} INFO - [2026-04-28T19:42:00.679+0200] {dag.py:3096} INFO - Sync 1 DAGs
[2026-04-28T19:42:00.681+0200] {logging_mixin.py:188} INFO - [2026-04-28T19:42:00.681+0200] {dag.py:3954} INFO - Setting next_dagrun for example_display_name to None, run_after=None
[2026-04-28T19:42:00.686+0200] {processor.py:183} INFO - Processing /Users/pablofrancoherrero/prueba_tecnica/venv/lib/python3.11/site-packages/airflow/example_dags/example_display_name.py took 0.047 seconds
[2026-04-28T19:43:22.396+0200] {processor.py:161} INFO - Started process (PID=51950) to work on /Users/pablofrancoherrero/prueba_tecnica/venv/lib/python3.11/site-packages/airflow/example_dags/example_display_name.py
[2026-04-28T19:43:22.397+0200] {processor.py:830} INFO - Processing file /Users/pablofrancoherrero/prueba_tecnica/venv/lib/python3.11/site-packages/airflow/example_dags/example_display_name.py for tasks to queue
[2026-04-28T19:43:22.397+0200] {logging_mixin.py:188} INFO - [2026-04-28T19:43:22.397+0200] {dagbag.py:540} INFO - Filling up the DagBag from /Users/pablofrancoherrero/prueba_tecnica/venv/lib/python3.11/site-packages/airflow/example_dags/example_display_name.py
[2026-04-28T19:43:22.408+0200] {processor.py:840} INFO - DAG(s) 'example_display_name' retrieved from /Users/pablofrancoherrero/prueba_tecnica/venv/lib/python3.11/site-packages/airflow/example_dags/example_display_name.py
[2026-04-28T19:43:22.434+0200] {logging_mixin.py:188} INFO - [2026-04-28T19:43:22.434+0200] {dag.py:3096} INFO - Sync 1 DAGs
[2026-04-28T19:43:22.436+0200] {logging_mixin.py:188} INFO - [2026-04-28T19:43:22.436+0200] {dag.py:3954} INFO - Setting next_dagrun for example_display_name to None, run_after=None
[2026-04-28T19:43:22.441+0200] {processor.py:183} INFO - Processing /Users/pablofrancoherrero/prueba_tecnica/venv/lib/python3.11/site-packages/airflow/example_dags/example_display_name.py took 0.046 seconds
[2026-04-28T19:44:46.043+0200] {processor.py:161} INFO - Started process (PID=52061) to work on /Users/pablofrancoherrero/prueba_tecnica/venv/lib/python3.11/site-packages/airflow/example_dags/example_display_name.py
[2026-04-28T19:44:46.045+0200] {processor.py:830} INFO - Processing file /Users/pablofrancoherrero/prueba_tecnica/venv/lib/python3.11/site-packages/airflow/example_dags/example_display_name.py for tasks to queue
[2026-04-28T19:44:46.045+0200] {logging_mixin.py:188} INFO - [2026-04-28T19:44:46.045+0200] {dagbag.py:540} INFO - Filling up the DagBag from /Users/pablofrancoherrero/prueba_tecnica/venv/lib/python3.11/site-packages/airflow/example_dags/example_display_name.py
[2026-04-28T19:44:46.055+0200] {processor.py:840} INFO - DAG(s) 'example_display_name' retrieved from /Users/pablofrancoherrero/prueba_tecnica/venv/lib/python3.11/site-packages/airflow/example_dags/example_display_name.py
[2026-04-28T19:44:46.081+0200] {logging_mixin.py:188} INFO - [2026-04-28T19:44:46.081+0200] {dag.py:3096} INFO - Sync 1 DAGs
[2026-04-28T19:44:46.083+0200] {logging_mixin.py:188} INFO - [2026-04-28T19:44:46.083+0200] {dag.py:3954} INFO - Setting next_dagrun for example_display_name to None, run_after=None
[2026-04-28T19:44:46.088+0200] {processor.py:183} INFO - Processing /Users/pablofrancoherrero/prueba_tecnica/venv/lib/python3.11/site-packages/airflow/example_dags/example_display_name.py took 0.046 seconds
[2026-04-28T19:46:06.038+0200] {processor.py:161} INFO - Started process (PID=52182) to work on /Users/pablofrancoherrero/prueba_tecnica/venv/lib/python3.11/site-packages/airflow/example_dags/example_display_name.py
[2026-04-28T19:46:06.039+0200] {processor.py:830} INFO - Processing file /Users/pablofrancoherrero/prueba_tecnica/venv/lib/python3.11/site-packages/airflow/example_dags/example_display_name.py for tasks to queue
[2026-04-28T19:46:06.039+0200] {logging_mixin.py:188} INFO - [2026-04-28T19:46:06.039+0200] {dagbag.py:540} INFO - Filling up the DagBag from /Users/pablofrancoherrero/prueba_tecnica/venv/lib/python3.11/site-packages/airflow/example_dags/example_display_name.py
[2026-04-28T19:46:06.050+0200] {processor.py:840} INFO - DAG(s) 'example_display_name' retrieved from /Users/pablofrancoherrero/prueba_tecnica/venv/lib/python3.11/site-packages/airflow/example_dags/example_display_name.py
[2026-04-28T19:46:06.076+0200] {logging_mixin.py:188} INFO - [2026-04-28T19:46:06.076+0200] {dag.py:3096} INFO - Sync 1 DAGs
[2026-04-28T19:46:06.079+0200] {logging_mixin.py:188} INFO - [2026-04-28T19:46:06.079+0200] {dag.py:3954} INFO - Setting next_dagrun for example_display_name to None, run_after=None
[2026-04-28T19:46:06.083+0200] {processor.py:183} INFO - Processing /Users/pablofrancoherrero/prueba_tecnica/venv/lib/python3.11/site-packages/airflow/example_dags/example_display_name.py took 0.046 seconds
[2026-04-28T19:47:26.890+0200] {processor.py:161} INFO - Started process (PID=52296) to work on /Users/pablofrancoherrero/prueba_tecnica/venv/lib/python3.11/site-packages/airflow/example_dags/example_display_name.py
[2026-04-28T19:47:26.891+0200] {processor.py:830} INFO - Processing file /Users/pablofrancoherrero/prueba_tecnica/venv/lib/python3.11/site-packages/airflow/example_dags/example_display_name.py for tasks to queue
[2026-04-28T19:47:26.891+0200] {logging_mixin.py:188} INFO - [2026-04-28T19:47:26.891+0200] {dagbag.py:540} INFO - Filling up the DagBag from /Users/pablofrancoherrero/prueba_tecnica/venv/lib/python3.11/site-packages/airflow/example_dags/example_display_name.py
[2026-04-28T19:47:26.903+0200] {processor.py:840} INFO - DAG(s) 'example_display_name' retrieved from /Users/pablofrancoherrero/prueba_tecnica/venv/lib/python3.11/site-packages/airflow/example_dags/example_display_name.py
[2026-04-28T19:47:26.929+0200] {logging_mixin.py:188} INFO - [2026-04-28T19:47:26.929+0200] {dag.py:3096} INFO - Sync 1 DAGs
[2026-04-28T19:47:26.932+0200] {logging_mixin.py:188} INFO - [2026-04-28T19:47:26.932+0200] {dag.py:3954} INFO - Setting next_dagrun for example_display_name to None, run_after=None
[2026-04-28T19:47:26.937+0200] {processor.py:183} INFO - Processing /Users/pablofrancoherrero/prueba_tecnica/venv/lib/python3.11/site-packages/airflow/example_dags/example_display_name.py took 0.047 seconds
[2026-04-28T19:48:44.212+0200] {processor.py:161} INFO - Started process (PID=52388) to work on /Users/pablofrancoherrero/prueba_tecnica/venv/lib/python3.11/site-packages/airflow/example_dags/example_display_name.py
[2026-04-28T19:48:44.213+0200] {processor.py:830} INFO - Processing file /Users/pablofrancoherrero/prueba_tecnica/venv/lib/python3.11/site-packages/airflow/example_dags/example_display_name.py for tasks to queue
[2026-04-28T19:48:44.213+0200] {logging_mixin.py:188} INFO - [2026-04-28T19:48:44.213+0200] {dagbag.py:540} INFO - Filling up the DagBag from /Users/pablofrancoherrero/prueba_tecnica/venv/lib/python3.11/site-packages/airflow/example_dags/example_display_name.py
[2026-04-28T19:48:44.225+0200] {processor.py:840} INFO - DAG(s) 'example_display_name' retrieved from /Users/pablofrancoherrero/prueba_tecnica/venv/lib/python3.11/site-packages/airflow/example_dags/example_display_name.py
[2026-04-28T19:48:44.252+0200] {logging_mixin.py:188} INFO - [2026-04-28T19:48:44.252+0200] {dag.py:3096} INFO - Sync 1 DAGs
[2026-04-28T19:48:44.255+0200] {logging_mixin.py:188} INFO - [2026-04-28T19:48:44.255+0200] {dag.py:3954} INFO - Setting next_dagrun for example_display_name to None, run_after=None
[2026-04-28T19:48:44.260+0200] {processor.py:183} INFO - Processing /Users/pablofrancoherrero/prueba_tecnica/venv/lib/python3.11/site-packages/airflow/example_dags/example_display_name.py took 0.049 seconds
[2026-04-28T19:50:07.300+0200] {processor.py:161} INFO - Started process (PID=52490) to work on /Users/pablofrancoherrero/prueba_tecnica/venv/lib/python3.11/site-packages/airflow/example_dags/example_display_name.py
[2026-04-28T19:50:07.301+0200] {processor.py:830} INFO - Processing file /Users/pablofrancoherrero/prueba_tecnica/venv/lib/python3.11/site-packages/airflow/example_dags/example_display_name.py for tasks to queue
[2026-04-28T19:50:07.301+0200] {logging_mixin.py:188} INFO - [2026-04-28T19:50:07.301+0200] {dagbag.py:540} INFO - Filling up the DagBag from /Users/pablofrancoherrero/prueba_tecnica/venv/lib/python3.11/site-packages/airflow/example_dags/example_display_name.py
[2026-04-28T19:50:07.339+0200] {processor.py:840} INFO - DAG(s) 'example_display_name' retrieved from /Users/pablofrancoherrero/prueba_tecnica/venv/lib/python3.11/site-packages/airflow/example_dags/example_display_name.py
[2026-04-28T19:50:07.407+0200] {logging_mixin.py:188} INFO - [2026-04-28T19:50:07.407+0200] {dag.py:3096} INFO - Sync 1 DAGs
[2026-04-28T19:50:07.414+0200] {logging_mixin.py:188} INFO - [2026-04-28T19:50:07.414+0200] {dag.py:3954} INFO - Setting next_dagrun for example_display_name to None, run_after=None
[2026-04-28T19:50:07.423+0200] {processor.py:183} INFO - Processing /Users/pablofrancoherrero/prueba_tecnica/venv/lib/python3.11/site-packages/airflow/example_dags/example_display_name.py took 0.124 seconds
[2026-04-28T19:51:28.346+0200] {processor.py:161} INFO - Started process (PID=52586) to work on /Users/pablofrancoherrero/prueba_tecnica/venv/lib/python3.11/site-packages/airflow/example_dags/example_display_name.py
[2026-04-28T19:51:28.348+0200] {processor.py:830} INFO - Processing file /Users/pablofrancoherrero/prueba_tecnica/venv/lib/python3.11/site-packages/airflow/example_dags/example_display_name.py for tasks to queue
[2026-04-28T19:51:28.348+0200] {logging_mixin.py:188} INFO - [2026-04-28T19:51:28.348+0200] {dagbag.py:540} INFO - Filling up the DagBag from /Users/pablofrancoherrero/prueba_tecnica/venv/lib/python3.11/site-packages/airflow/example_dags/example_display_name.py
[2026-04-28T19:51:28.359+0200] {processor.py:840} INFO - DAG(s) 'example_display_name' retrieved from /Users/pablofrancoherrero/prueba_tecnica/venv/lib/python3.11/site-packages/airflow/example_dags/example_display_name.py
[2026-04-28T19:51:28.389+0200] {logging_mixin.py:188} INFO - [2026-04-28T19:51:28.389+0200] {dag.py:3096} INFO - Sync 1 DAGs
[2026-04-28T19:51:28.392+0200] {logging_mixin.py:188} INFO - [2026-04-28T19:51:28.391+0200] {dag.py:3954} INFO - Setting next_dagrun for example_display_name to None, run_after=None
[2026-04-28T19:51:28.396+0200] {processor.py:183} INFO - Processing /Users/pablofrancoherrero/prueba_tecnica/venv/lib/python3.11/site-packages/airflow/example_dags/example_display_name.py took 0.051 seconds
[2026-04-28T19:52:48.001+0200] {processor.py:161} INFO - Started process (PID=52657) to work on /Users/pablofrancoherrero/prueba_tecnica/venv/lib/python3.11/site-packages/airflow/example_dags/example_display_name.py
[2026-04-28T19:52:48.001+0200] {processor.py:830} INFO - Processing file /Users/pablofrancoherrero/prueba_tecnica/venv/lib/python3.11/site-packages/airflow/example_dags/example_display_name.py for tasks to queue
[2026-04-28T19:52:48.002+0200] {logging_mixin.py:188} INFO - [2026-04-28T19:52:48.001+0200] {dagbag.py:540} INFO - Filling up the DagBag from /Users/pablofrancoherrero/prueba_tecnica/venv/lib/python3.11/site-packages/airflow/example_dags/example_display_name.py
[2026-04-28T19:52:48.013+0200] {processor.py:840} INFO - DAG(s) 'example_display_name' retrieved from /Users/pablofrancoherrero/prueba_tecnica/venv/lib/python3.11/site-packages/airflow/example_dags/example_display_name.py
[2026-04-28T19:52:48.039+0200] {logging_mixin.py:188} INFO - [2026-04-28T19:52:48.039+0200] {dag.py:3096} INFO - Sync 1 DAGs
[2026-04-28T19:52:48.042+0200] {logging_mixin.py:188} INFO - [2026-04-28T19:52:48.042+0200] {dag.py:3954} INFO - Setting next_dagrun for example_display_name to None, run_after=None
[2026-04-28T19:52:48.047+0200] {processor.py:183} INFO - Processing /Users/pablofrancoherrero/prueba_tecnica/venv/lib/python3.11/site-packages/airflow/example_dags/example_display_name.py took 0.047 seconds
[2026-04-28T19:54:08.462+0200] {processor.py:161} INFO - Started process (PID=52727) to work on /Users/pablofrancoherrero/prueba_tecnica/venv/lib/python3.11/site-packages/airflow/example_dags/example_display_name.py
[2026-04-28T19:54:08.463+0200] {processor.py:830} INFO - Processing file /Users/pablofrancoherrero/prueba_tecnica/venv/lib/python3.11/site-packages/airflow/example_dags/example_display_name.py for tasks to queue
[2026-04-28T19:54:08.463+0200] {logging_mixin.py:188} INFO - [2026-04-28T19:54:08.463+0200] {dagbag.py:540} INFO - Filling up the DagBag from /Users/pablofrancoherrero/prueba_tecnica/venv/lib/python3.11/site-packages/airflow/example_dags/example_display_name.py
[2026-04-28T19:54:08.475+0200] {processor.py:840} INFO - DAG(s) 'example_display_name' retrieved from /Users/pablofrancoherrero/prueba_tecnica/venv/lib/python3.11/site-packages/airflow/example_dags/example_display_name.py
[2026-04-28T19:54:08.501+0200] {logging_mixin.py:188} INFO - [2026-04-28T19:54:08.501+0200] {dag.py:3096} INFO - Sync 1 DAGs
[2026-04-28T19:54:08.503+0200] {logging_mixin.py:188} INFO - [2026-04-28T19:54:08.503+0200] {dag.py:3954} INFO - Setting next_dagrun for example_display_name to None, run_after=None
[2026-04-28T19:54:08.508+0200] {processor.py:183} INFO - Processing /Users/pablofrancoherrero/prueba_tecnica/venv/lib/python3.11/site-packages/airflow/example_dags/example_display_name.py took 0.047 seconds
[2026-04-28T19:55:30.042+0200] {processor.py:161} INFO - Started process (PID=52811) to work on /Users/pablofrancoherrero/prueba_tecnica/venv/lib/python3.11/site-packages/airflow/example_dags/example_display_name.py
[2026-04-28T19:55:30.043+0200] {processor.py:830} INFO - Processing file /Users/pablofrancoherrero/prueba_tecnica/venv/lib/python3.11/site-packages/airflow/example_dags/example_display_name.py for tasks to queue
[2026-04-28T19:55:30.043+0200] {logging_mixin.py:188} INFO - [2026-04-28T19:55:30.043+0200] {dagbag.py:540} INFO - Filling up the DagBag from /Users/pablofrancoherrero/prueba_tecnica/venv/lib/python3.11/site-packages/airflow/example_dags/example_display_name.py
[2026-04-28T19:55:30.054+0200] {processor.py:840} INFO - DAG(s) 'example_display_name' retrieved from /Users/pablofrancoherrero/prueba_tecnica/venv/lib/python3.11/site-packages/airflow/example_dags/example_display_name.py
[2026-04-28T19:55:30.081+0200] {logging_mixin.py:188} INFO - [2026-04-28T19:55:30.081+0200] {dag.py:3096} INFO - Sync 1 DAGs
[2026-04-28T19:55:30.083+0200] {logging_mixin.py:188} INFO - [2026-04-28T19:55:30.083+0200] {dag.py:3954} INFO - Setting next_dagrun for example_display_name to None, run_after=None
[2026-04-28T19:55:30.088+0200] {processor.py:183} INFO - Processing /Users/pablofrancoherrero/prueba_tecnica/venv/lib/python3.11/site-packages/airflow/example_dags/example_display_name.py took 0.047 seconds
[2026-04-28T19:56:54.212+0200] {processor.py:161} INFO - Started process (PID=52921) to work on /Users/pablofrancoherrero/prueba_tecnica/venv/lib/python3.11/site-packages/airflow/example_dags/example_display_name.py
[2026-04-28T19:56:54.213+0200] {processor.py:830} INFO - Processing file /Users/pablofrancoherrero/prueba_tecnica/venv/lib/python3.11/site-packages/airflow/example_dags/example_display_name.py for tasks to queue
[2026-04-28T19:56:54.213+0200] {logging_mixin.py:188} INFO - [2026-04-28T19:56:54.213+0200] {dagbag.py:540} INFO - Filling up the DagBag from /Users/pablofrancoherrero/prueba_tecnica/venv/lib/python3.11/site-packages/airflow/example_dags/example_display_name.py
[2026-04-28T19:56:54.224+0200] {processor.py:840} INFO - DAG(s) 'example_display_name' retrieved from /Users/pablofrancoherrero/prueba_tecnica/venv/lib/python3.11/site-packages/airflow/example_dags/example_display_name.py
[2026-04-28T19:56:54.251+0200] {logging_mixin.py:188} INFO - [2026-04-28T19:56:54.251+0200] {dag.py:3096} INFO - Sync 1 DAGs
[2026-04-28T19:56:54.253+0200] {logging_mixin.py:188} INFO - [2026-04-28T19:56:54.253+0200] {dag.py:3954} INFO - Setting next_dagrun for example_display_name to None, run_after=None
[2026-04-28T19:56:54.258+0200] {processor.py:183} INFO - Processing /Users/pablofrancoherrero/prueba_tecnica/venv/lib/python3.11/site-packages/airflow/example_dags/example_display_name.py took 0.047 seconds
[2026-04-28T19:58:17.467+0200] {processor.py:161} INFO - Started process (PID=53025) to work on /Users/pablofrancoherrero/prueba_tecnica/venv/lib/python3.11/site-packages/airflow/example_dags/example_display_name.py
[2026-04-28T19:58:17.468+0200] {processor.py:830} INFO - Processing file /Users/pablofrancoherrero/prueba_tecnica/venv/lib/python3.11/site-packages/airflow/example_dags/example_display_name.py for tasks to queue
[2026-04-28T19:58:17.469+0200] {logging_mixin.py:188} INFO - [2026-04-28T19:58:17.469+0200] {dagbag.py:540} INFO - Filling up the DagBag from /Users/pablofrancoherrero/prueba_tecnica/venv/lib/python3.11/site-packages/airflow/example_dags/example_display_name.py
[2026-04-28T19:58:17.480+0200] {processor.py:840} INFO - DAG(s) 'example_display_name' retrieved from /Users/pablofrancoherrero/prueba_tecnica/venv/lib/python3.11/site-packages/airflow/example_dags/example_display_name.py
[2026-04-28T19:58:17.505+0200] {logging_mixin.py:188} INFO - [2026-04-28T19:58:17.505+0200] {dag.py:3096} INFO - Sync 1 DAGs
[2026-04-28T19:58:17.508+0200] {logging_mixin.py:188} INFO - [2026-04-28T19:58:17.508+0200] {dag.py:3954} INFO - Setting next_dagrun for example_display_name to None, run_after=None
[2026-04-28T19:58:17.512+0200] {processor.py:183} INFO - Processing /Users/pablofrancoherrero/prueba_tecnica/venv/lib/python3.11/site-packages/airflow/example_dags/example_display_name.py took 0.046 seconds
[2026-04-28T19:59:39.159+0200] {processor.py:161} INFO - Started process (PID=53122) to work on /Users/pablofrancoherrero/prueba_tecnica/venv/lib/python3.11/site-packages/airflow/example_dags/example_display_name.py
[2026-04-28T19:59:39.160+0200] {processor.py:830} INFO - Processing file /Users/pablofrancoherrero/prueba_tecnica/venv/lib/python3.11/site-packages/airflow/example_dags/example_display_name.py for tasks to queue
[2026-04-28T19:59:39.160+0200] {logging_mixin.py:188} INFO - [2026-04-28T19:59:39.160+0200] {dagbag.py:540} INFO - Filling up the DagBag from /Users/pablofrancoherrero/prueba_tecnica/venv/lib/python3.11/site-packages/airflow/example_dags/example_display_name.py
[2026-04-28T19:59:39.171+0200] {processor.py:840} INFO - DAG(s) 'example_display_name' retrieved from /Users/pablofrancoherrero/prueba_tecnica/venv/lib/python3.11/site-packages/airflow/example_dags/example_display_name.py
[2026-04-28T19:59:39.197+0200] {logging_mixin.py:188} INFO - [2026-04-28T19:59:39.197+0200] {dag.py:3096} INFO - Sync 1 DAGs
[2026-04-28T19:59:39.200+0200] {logging_mixin.py:188} INFO - [2026-04-28T19:59:39.200+0200] {dag.py:3954} INFO - Setting next_dagrun for example_display_name to None, run_after=None
[2026-04-28T19:59:39.205+0200] {processor.py:183} INFO - Processing /Users/pablofrancoherrero/prueba_tecnica/venv/lib/python3.11/site-packages/airflow/example_dags/example_display_name.py took 0.046 seconds
[2026-04-28T20:00:57.666+0200] {processor.py:161} INFO - Started process (PID=53209) to work on /Users/pablofrancoherrero/prueba_tecnica/venv/lib/python3.11/site-packages/airflow/example_dags/example_display_name.py
[2026-04-28T20:00:57.667+0200] {processor.py:830} INFO - Processing file /Users/pablofrancoherrero/prueba_tecnica/venv/lib/python3.11/site-packages/airflow/example_dags/example_display_name.py for tasks to queue
[2026-04-28T20:00:57.667+0200] {logging_mixin.py:188} INFO - [2026-04-28T20:00:57.667+0200] {dagbag.py:540} INFO - Filling up the DagBag from /Users/pablofrancoherrero/prueba_tecnica/venv/lib/python3.11/site-packages/airflow/example_dags/example_display_name.py
[2026-04-28T20:00:57.679+0200] {processor.py:840} INFO - DAG(s) 'example_display_name' retrieved from /Users/pablofrancoherrero/prueba_tecnica/venv/lib/python3.11/site-packages/airflow/example_dags/example_display_name.py
[2026-04-28T20:00:57.704+0200] {logging_mixin.py:188} INFO - [2026-04-28T20:00:57.704+0200] {dag.py:3096} INFO - Sync 1 DAGs
[2026-04-28T20:00:57.707+0200] {logging_mixin.py:188} INFO - [2026-04-28T20:00:57.707+0200] {dag.py:3954} INFO - Setting next_dagrun for example_display_name to None, run_after=None
[2026-04-28T20:00:57.712+0200] {processor.py:183} INFO - Processing /Users/pablofrancoherrero/prueba_tecnica/venv/lib/python3.11/site-packages/airflow/example_dags/example_display_name.py took 0.046 seconds
[2026-04-28T20:02:20.943+0200] {processor.py:161} INFO - Started process (PID=53316) to work on /Users/pablofrancoherrero/prueba_tecnica/venv/lib/python3.11/site-packages/airflow/example_dags/example_display_name.py
[2026-04-28T20:02:20.944+0200] {processor.py:830} INFO - Processing file /Users/pablofrancoherrero/prueba_tecnica/venv/lib/python3.11/site-packages/airflow/example_dags/example_display_name.py for tasks to queue
[2026-04-28T20:02:20.945+0200] {logging_mixin.py:188} INFO - [2026-04-28T20:02:20.945+0200] {dagbag.py:540} INFO - Filling up the DagBag from /Users/pablofrancoherrero/prueba_tecnica/venv/lib/python3.11/site-packages/airflow/example_dags/example_display_name.py
[2026-04-28T20:02:20.956+0200] {processor.py:840} INFO - DAG(s) 'example_display_name' retrieved from /Users/pablofrancoherrero/prueba_tecnica/venv/lib/python3.11/site-packages/airflow/example_dags/example_display_name.py
[2026-04-28T20:02:20.982+0200] {logging_mixin.py:188} INFO - [2026-04-28T20:02:20.982+0200] {dag.py:3096} INFO - Sync 1 DAGs
[2026-04-28T20:02:20.985+0200] {logging_mixin.py:188} INFO - [2026-04-28T20:02:20.984+0200] {dag.py:3954} INFO - Setting next_dagrun for example_display_name to None, run_after=None
[2026-04-28T20:02:20.989+0200] {processor.py:183} INFO - Processing /Users/pablofrancoherrero/prueba_tecnica/venv/lib/python3.11/site-packages/airflow/example_dags/example_display_name.py took 0.047 seconds
[2026-04-28T20:03:44.515+0200] {processor.py:161} INFO - Started process (PID=53406) to work on /Users/pablofrancoherrero/prueba_tecnica/venv/lib/python3.11/site-packages/airflow/example_dags/example_display_name.py
[2026-04-28T20:03:44.516+0200] {processor.py:830} INFO - Processing file /Users/pablofrancoherrero/prueba_tecnica/venv/lib/python3.11/site-packages/airflow/example_dags/example_display_name.py for tasks to queue
[2026-04-28T20:03:44.516+0200] {logging_mixin.py:188} INFO - [2026-04-28T20:03:44.516+0200] {dagbag.py:540} INFO - Filling up the DagBag from /Users/pablofrancoherrero/prueba_tecnica/venv/lib/python3.11/site-packages/airflow/example_dags/example_display_name.py
[2026-04-28T20:03:44.527+0200] {processor.py:840} INFO - DAG(s) 'example_display_name' retrieved from /Users/pablofrancoherrero/prueba_tecnica/venv/lib/python3.11/site-packages/airflow/example_dags/example_display_name.py
[2026-04-28T20:03:44.556+0200] {logging_mixin.py:188} INFO - [2026-04-28T20:03:44.556+0200] {dag.py:3096} INFO - Sync 1 DAGs
[2026-04-28T20:03:44.559+0200] {logging_mixin.py:188} INFO - [2026-04-28T20:03:44.559+0200] {dag.py:3954} INFO - Setting next_dagrun for example_display_name to None, run_after=None
[2026-04-28T20:03:44.563+0200] {processor.py:183} INFO - Processing /Users/pablofrancoherrero/prueba_tecnica/venv/lib/python3.11/site-packages/airflow/example_dags/example_display_name.py took 0.049 seconds
[2026-04-28T20:05:06.759+0200] {processor.py:161} INFO - Started process (PID=53509) to work on /Users/pablofrancoherrero/prueba_tecnica/venv/lib/python3.11/site-packages/airflow/example_dags/example_display_name.py
[2026-04-28T20:05:06.760+0200] {processor.py:830} INFO - Processing file /Users/pablofrancoherrero/prueba_tecnica/venv/lib/python3.11/site-packages/airflow/example_dags/example_display_name.py for tasks to queue
[2026-04-28T20:05:06.760+0200] {logging_mixin.py:188} INFO - [2026-04-28T20:05:06.760+0200] {dagbag.py:540} INFO - Filling up the DagBag from /Users/pablofrancoherrero/prueba_tecnica/venv/lib/python3.11/site-packages/airflow/example_dags/example_display_name.py
[2026-04-28T20:05:06.771+0200] {processor.py:840} INFO - DAG(s) 'example_display_name' retrieved from /Users/pablofrancoherrero/prueba_tecnica/venv/lib/python3.11/site-packages/airflow/example_dags/example_display_name.py
[2026-04-28T20:05:06.797+0200] {logging_mixin.py:188} INFO - [2026-04-28T20:05:06.797+0200] {dag.py:3096} INFO - Sync 1 DAGs
[2026-04-28T20:05:06.800+0200] {logging_mixin.py:188} INFO - [2026-04-28T20:05:06.800+0200] {dag.py:3954} INFO - Setting next_dagrun for example_display_name to None, run_after=None
[2026-04-28T20:05:06.804+0200] {processor.py:183} INFO - Processing /Users/pablofrancoherrero/prueba_tecnica/venv/lib/python3.11/site-packages/airflow/example_dags/example_display_name.py took 0.046 seconds
[2026-04-28T20:06:29.123+0200] {processor.py:161} INFO - Started process (PID=53583) to work on /Users/pablofrancoherrero/prueba_tecnica/venv/lib/python3.11/site-packages/airflow/example_dags/example_display_name.py
[2026-04-28T20:06:29.124+0200] {processor.py:830} INFO - Processing file /Users/pablofrancoherrero/prueba_tecnica/venv/lib/python3.11/site-packages/airflow/example_dags/example_display_name.py for tasks to queue
[2026-04-28T20:06:29.124+0200] {logging_mixin.py:188} INFO - [2026-04-28T20:06:29.124+0200] {dagbag.py:540} INFO - Filling up the DagBag from /Users/pablofrancoherrero/prueba_tecnica/venv/lib/python3.11/site-packages/airflow/example_dags/example_display_name.py
[2026-04-28T20:06:29.135+0200] {processor.py:840} INFO - DAG(s) 'example_display_name' retrieved from /Users/pablofrancoherrero/prueba_tecnica/venv/lib/python3.11/site-packages/airflow/example_dags/example_display_name.py
[2026-04-28T20:06:29.160+0200] {logging_mixin.py:188} INFO - [2026-04-28T20:06:29.160+0200] {dag.py:3096} INFO - Sync 1 DAGs
[2026-04-28T20:06:29.163+0200] {logging_mixin.py:188} INFO - [2026-04-28T20:06:29.163+0200] {dag.py:3954} INFO - Setting next_dagrun for example_display_name to None, run_after=None
[2026-04-28T20:06:29.168+0200] {processor.py:183} INFO - Processing /Users/pablofrancoherrero/prueba_tecnica/venv/lib/python3.11/site-packages/airflow/example_dags/example_display_name.py took 0.046 seconds
[2026-04-28T20:07:51.015+0200] {processor.py:161} INFO - Started process (PID=53693) to work on /Users/pablofrancoherrero/prueba_tecnica/venv/lib/python3.11/site-packages/airflow/example_dags/example_display_name.py
[2026-04-28T20:07:51.016+0200] {processor.py:830} INFO - Processing file /Users/pablofrancoherrero/prueba_tecnica/venv/lib/python3.11/site-packages/airflow/example_dags/example_display_name.py for tasks to queue
[2026-04-28T20:07:51.016+0200] {logging_mixin.py:188} INFO - [2026-04-28T20:07:51.016+0200] {dagbag.py:540} INFO - Filling up the DagBag from /Users/pablofrancoherrero/prueba_tecnica/venv/lib/python3.11/site-packages/airflow/example_dags/example_display_name.py
[2026-04-28T20:07:51.028+0200] {processor.py:840} INFO - DAG(s) 'example_display_name' retrieved from /Users/pablofrancoherrero/prueba_tecnica/venv/lib/python3.11/site-packages/airflow/example_dags/example_display_name.py
[2026-04-28T20:07:51.054+0200] {logging_mixin.py:188} INFO - [2026-04-28T20:07:51.054+0200] {dag.py:3096} INFO - Sync 1 DAGs
[2026-04-28T20:07:51.057+0200] {logging_mixin.py:188} INFO - [2026-04-28T20:07:51.057+0200] {dag.py:3954} INFO - Setting next_dagrun for example_display_name to None, run_after=None
[2026-04-28T20:07:51.061+0200] {processor.py:183} INFO - Processing /Users/pablofrancoherrero/prueba_tecnica/venv/lib/python3.11/site-packages/airflow/example_dags/example_display_name.py took 0.048 seconds
[2026-04-28T20:09:08.642+0200] {processor.py:161} INFO - Started process (PID=53801) to work on /Users/pablofrancoherrero/prueba_tecnica/venv/lib/python3.11/site-packages/airflow/example_dags/example_display_name.py
[2026-04-28T20:09:08.643+0200] {processor.py:830} INFO - Processing file /Users/pablofrancoherrero/prueba_tecnica/venv/lib/python3.11/site-packages/airflow/example_dags/example_display_name.py for tasks to queue
[2026-04-28T20:09:08.643+0200] {logging_mixin.py:188} INFO - [2026-04-28T20:09:08.643+0200] {dagbag.py:540} INFO - Filling up the DagBag from /Users/pablofrancoherrero/prueba_tecnica/venv/lib/python3.11/site-packages/airflow/example_dags/example_display_name.py
[2026-04-28T20:09:08.655+0200] {processor.py:840} INFO - DAG(s) 'example_display_name' retrieved from /Users/pablofrancoherrero/prueba_tecnica/venv/lib/python3.11/site-packages/airflow/example_dags/example_display_name.py
[2026-04-28T20:09:08.681+0200] {logging_mixin.py:188} INFO - [2026-04-28T20:09:08.681+0200] {dag.py:3096} INFO - Sync 1 DAGs
[2026-04-28T20:09:08.684+0200] {logging_mixin.py:188} INFO - [2026-04-28T20:09:08.684+0200] {dag.py:3954} INFO - Setting next_dagrun for example_display_name to None, run_after=None
[2026-04-28T20:09:08.689+0200] {processor.py:183} INFO - Processing /Users/pablofrancoherrero/prueba_tecnica/venv/lib/python3.11/site-packages/airflow/example_dags/example_display_name.py took 0.047 seconds
[2026-04-28T20:10:29.899+0200] {processor.py:161} INFO - Started process (PID=53918) to work on /Users/pablofrancoherrero/prueba_tecnica/venv/lib/python3.11/site-packages/airflow/example_dags/example_display_name.py
[2026-04-28T20:10:29.900+0200] {processor.py:830} INFO - Processing file /Users/pablofrancoherrero/prueba_tecnica/venv/lib/python3.11/site-packages/airflow/example_dags/example_display_name.py for tasks to queue
[2026-04-28T20:10:29.901+0200] {logging_mixin.py:188} INFO - [2026-04-28T20:10:29.901+0200] {dagbag.py:540} INFO - Filling up the DagBag from /Users/pablofrancoherrero/prueba_tecnica/venv/lib/python3.11/site-packages/airflow/example_dags/example_display_name.py
[2026-04-28T20:10:29.913+0200] {processor.py:840} INFO - DAG(s) 'example_display_name' retrieved from /Users/pablofrancoherrero/prueba_tecnica/venv/lib/python3.11/site-packages/airflow/example_dags/example_display_name.py
[2026-04-28T20:10:29.939+0200] {logging_mixin.py:188} INFO - [2026-04-28T20:10:29.939+0200] {dag.py:3096} INFO - Sync 1 DAGs
[2026-04-28T20:10:29.942+0200] {logging_mixin.py:188} INFO - [2026-04-28T20:10:29.942+0200] {dag.py:3954} INFO - Setting next_dagrun for example_display_name to None, run_after=None
[2026-04-28T20:10:29.947+0200] {processor.py:183} INFO - Processing /Users/pablofrancoherrero/prueba_tecnica/venv/lib/python3.11/site-packages/airflow/example_dags/example_display_name.py took 0.048 seconds
[2026-04-28T20:11:51.014+0200] {processor.py:161} INFO - Started process (PID=54026) to work on /Users/pablofrancoherrero/prueba_tecnica/venv/lib/python3.11/site-packages/airflow/example_dags/example_display_name.py
[2026-04-28T20:11:51.015+0200] {processor.py:830} INFO - Processing file /Users/pablofrancoherrero/prueba_tecnica/venv/lib/python3.11/site-packages/airflow/example_dags/example_display_name.py for tasks to queue
[2026-04-28T20:11:51.015+0200] {logging_mixin.py:188} INFO - [2026-04-28T20:11:51.015+0200] {dagbag.py:540} INFO - Filling up the DagBag from /Users/pablofrancoherrero/prueba_tecnica/venv/lib/python3.11/site-packages/airflow/example_dags/example_display_name.py
[2026-04-28T20:11:51.027+0200] {processor.py:840} INFO - DAG(s) 'example_display_name' retrieved from /Users/pablofrancoherrero/prueba_tecnica/venv/lib/python3.11/site-packages/airflow/example_dags/example_display_name.py
[2026-04-28T20:11:51.054+0200] {logging_mixin.py:188} INFO - [2026-04-28T20:11:51.053+0200] {dag.py:3096} INFO - Sync 1 DAGs
[2026-04-28T20:11:51.056+0200] {logging_mixin.py:188} INFO - [2026-04-28T20:11:51.056+0200] {dag.py:3954} INFO - Setting next_dagrun for example_display_name to None, run_after=None
[2026-04-28T20:11:51.061+0200] {processor.py:183} INFO - Processing /Users/pablofrancoherrero/prueba_tecnica/venv/lib/python3.11/site-packages/airflow/example_dags/example_display_name.py took 0.048 seconds
[2026-04-28T20:13:09.169+0200] {processor.py:161} INFO - Started process (PID=54119) to work on /Users/pablofrancoherrero/prueba_tecnica/venv/lib/python3.11/site-packages/airflow/example_dags/example_display_name.py
[2026-04-28T20:13:09.170+0200] {processor.py:830} INFO - Processing file /Users/pablofrancoherrero/prueba_tecnica/venv/lib/python3.11/site-packages/airflow/example_dags/example_display_name.py for tasks to queue
[2026-04-28T20:13:09.171+0200] {logging_mixin.py:188} INFO - [2026-04-28T20:13:09.171+0200] {dagbag.py:540} INFO - Filling up the DagBag from /Users/pablofrancoherrero/prueba_tecnica/venv/lib/python3.11/site-packages/airflow/example_dags/example_display_name.py
[2026-04-28T20:13:09.182+0200] {processor.py:840} INFO - DAG(s) 'example_display_name' retrieved from /Users/pablofrancoherrero/prueba_tecnica/venv/lib/python3.11/site-packages/airflow/example_dags/example_display_name.py
[2026-04-28T20:13:09.208+0200] {logging_mixin.py:188} INFO - [2026-04-28T20:13:09.208+0200] {dag.py:3096} INFO - Sync 1 DAGs
[2026-04-28T20:13:09.210+0200] {logging_mixin.py:188} INFO - [2026-04-28T20:13:09.210+0200] {dag.py:3954} INFO - Setting next_dagrun for example_display_name to None, run_after=None
[2026-04-28T20:13:09.215+0200] {processor.py:183} INFO - Processing /Users/pablofrancoherrero/prueba_tecnica/venv/lib/python3.11/site-packages/airflow/example_dags/example_display_name.py took 0.047 seconds
[2026-04-28T20:14:34.658+0200] {processor.py:161} INFO - Started process (PID=54234) to work on /Users/pablofrancoherrero/prueba_tecnica/venv/lib/python3.11/site-packages/airflow/example_dags/example_display_name.py
[2026-04-28T20:14:34.659+0200] {processor.py:830} INFO - Processing file /Users/pablofrancoherrero/prueba_tecnica/venv/lib/python3.11/site-packages/airflow/example_dags/example_display_name.py for tasks to queue
[2026-04-28T20:14:34.659+0200] {logging_mixin.py:188} INFO - [2026-04-28T20:14:34.659+0200] {dagbag.py:540} INFO - Filling up the DagBag from /Users/pablofrancoherrero/prueba_tecnica/venv/lib/python3.11/site-packages/airflow/example_dags/example_display_name.py
[2026-04-28T20:14:34.671+0200] {processor.py:840} INFO - DAG(s) 'example_display_name' retrieved from /Users/pablofrancoherrero/prueba_tecnica/venv/lib/python3.11/site-packages/airflow/example_dags/example_display_name.py
[2026-04-28T20:14:34.697+0200] {logging_mixin.py:188} INFO - [2026-04-28T20:14:34.697+0200] {dag.py:3096} INFO - Sync 1 DAGs
[2026-04-28T20:14:34.699+0200] {logging_mixin.py:188} INFO - [2026-04-28T20:14:34.699+0200] {dag.py:3954} INFO - Setting next_dagrun for example_display_name to None, run_after=None
[2026-04-28T20:14:34.704+0200] {processor.py:183} INFO - Processing /Users/pablofrancoherrero/prueba_tecnica/venv/lib/python3.11/site-packages/airflow/example_dags/example_display_name.py took 0.047 seconds
[2026-04-28T20:15:59.952+0200] {processor.py:161} INFO - Started process (PID=54339) to work on /Users/pablofrancoherrero/prueba_tecnica/venv/lib/python3.11/site-packages/airflow/example_dags/example_display_name.py
[2026-04-28T20:15:59.953+0200] {processor.py:830} INFO - Processing file /Users/pablofrancoherrero/prueba_tecnica/venv/lib/python3.11/site-packages/airflow/example_dags/example_display_name.py for tasks to queue
[2026-04-28T20:15:59.953+0200] {logging_mixin.py:188} INFO - [2026-04-28T20:15:59.953+0200] {dagbag.py:540} INFO - Filling up the DagBag from /Users/pablofrancoherrero/prueba_tecnica/venv/lib/python3.11/site-packages/airflow/example_dags/example_display_name.py
[2026-04-28T20:15:59.964+0200] {processor.py:840} INFO - DAG(s) 'example_display_name' retrieved from /Users/pablofrancoherrero/prueba_tecnica/venv/lib/python3.11/site-packages/airflow/example_dags/example_display_name.py
[2026-04-28T20:15:59.990+0200] {logging_mixin.py:188} INFO - [2026-04-28T20:15:59.990+0200] {dag.py:3096} INFO - Sync 1 DAGs
[2026-04-28T20:15:59.993+0200] {logging_mixin.py:188} INFO - [2026-04-28T20:15:59.992+0200] {dag.py:3954} INFO - Setting next_dagrun for example_display_name to None, run_after=None
[2026-04-28T20:15:59.997+0200] {processor.py:183} INFO - Processing /Users/pablofrancoherrero/prueba_tecnica/venv/lib/python3.11/site-packages/airflow/example_dags/example_display_name.py took 0.046 seconds
[2026-04-28T20:17:23.498+0200] {processor.py:161} INFO - Started process (PID=54549) to work on /Users/pablofrancoherrero/prueba_tecnica/venv/lib/python3.11/site-packages/airflow/example_dags/example_display_name.py
[2026-04-28T20:17:23.498+0200] {processor.py:830} INFO - Processing file /Users/pablofrancoherrero/prueba_tecnica/venv/lib/python3.11/site-packages/airflow/example_dags/example_display_name.py for tasks to queue
[2026-04-28T20:17:23.499+0200] {logging_mixin.py:188} INFO - [2026-04-28T20:17:23.499+0200] {dagbag.py:540} INFO - Filling up the DagBag from /Users/pablofrancoherrero/prueba_tecnica/venv/lib/python3.11/site-packages/airflow/example_dags/example_display_name.py
[2026-04-28T20:17:23.510+0200] {processor.py:840} INFO - DAG(s) 'example_display_name' retrieved from /Users/pablofrancoherrero/prueba_tecnica/venv/lib/python3.11/site-packages/airflow/example_dags/example_display_name.py
[2026-04-28T20:17:23.535+0200] {logging_mixin.py:188} INFO - [2026-04-28T20:17:23.535+0200] {dag.py:3096} INFO - Sync 1 DAGs
[2026-04-28T20:17:23.538+0200] {logging_mixin.py:188} INFO - [2026-04-28T20:17:23.538+0200] {dag.py:3954} INFO - Setting next_dagrun for example_display_name to None, run_after=None
[2026-04-28T20:17:23.543+0200] {processor.py:183} INFO - Processing /Users/pablofrancoherrero/prueba_tecnica/venv/lib/python3.11/site-packages/airflow/example_dags/example_display_name.py took 0.046 seconds
[2026-04-28T20:18:44.392+0200] {processor.py:161} INFO - Started process (PID=54668) to work on /Users/pablofrancoherrero/prueba_tecnica/venv/lib/python3.11/site-packages/airflow/example_dags/example_display_name.py
[2026-04-28T20:18:44.393+0200] {processor.py:830} INFO - Processing file /Users/pablofrancoherrero/prueba_tecnica/venv/lib/python3.11/site-packages/airflow/example_dags/example_display_name.py for tasks to queue
[2026-04-28T20:18:44.394+0200] {logging_mixin.py:188} INFO - [2026-04-28T20:18:44.394+0200] {dagbag.py:540} INFO - Filling up the DagBag from /Users/pablofrancoherrero/prueba_tecnica/venv/lib/python3.11/site-packages/airflow/example_dags/example_display_name.py
[2026-04-28T20:18:44.405+0200] {processor.py:840} INFO - DAG(s) 'example_display_name' retrieved from /Users/pablofrancoherrero/prueba_tecnica/venv/lib/python3.11/site-packages/airflow/example_dags/example_display_name.py
[2026-04-28T20:18:44.430+0200] {logging_mixin.py:188} INFO - [2026-04-28T20:18:44.430+0200] {dag.py:3096} INFO - Sync 1 DAGs
[2026-04-28T20:18:44.432+0200] {logging_mixin.py:188} INFO - [2026-04-28T20:18:44.432+0200] {dag.py:3954} INFO - Setting next_dagrun for example_display_name to None, run_after=None
[2026-04-28T20:18:44.437+0200] {processor.py:183} INFO - Processing /Users/pablofrancoherrero/prueba_tecnica/venv/lib/python3.11/site-packages/airflow/example_dags/example_display_name.py took 0.045 seconds
[2026-04-28T20:20:05.096+0200] {processor.py:161} INFO - Started process (PID=54768) to work on /Users/pablofrancoherrero/prueba_tecnica/venv/lib/python3.11/site-packages/airflow/example_dags/example_display_name.py
[2026-04-28T20:20:05.096+0200] {processor.py:830} INFO - Processing file /Users/pablofrancoherrero/prueba_tecnica/venv/lib/python3.11/site-packages/airflow/example_dags/example_display_name.py for tasks to queue
[2026-04-28T20:20:05.097+0200] {logging_mixin.py:188} INFO - [2026-04-28T20:20:05.097+0200] {dagbag.py:540} INFO - Filling up the DagBag from /Users/pablofrancoherrero/prueba_tecnica/venv/lib/python3.11/site-packages/airflow/example_dags/example_display_name.py
[2026-04-28T20:20:05.108+0200] {processor.py:840} INFO - DAG(s) 'example_display_name' retrieved from /Users/pablofrancoherrero/prueba_tecnica/venv/lib/python3.11/site-packages/airflow/example_dags/example_display_name.py
[2026-04-28T20:20:05.133+0200] {logging_mixin.py:188} INFO - [2026-04-28T20:20:05.133+0200] {dag.py:3096} INFO - Sync 1 DAGs
[2026-04-28T20:20:05.136+0200] {logging_mixin.py:188} INFO - [2026-04-28T20:20:05.135+0200] {dag.py:3954} INFO - Setting next_dagrun for example_display_name to None, run_after=None
[2026-04-28T20:20:05.140+0200] {processor.py:183} INFO - Processing /Users/pablofrancoherrero/prueba_tecnica/venv/lib/python3.11/site-packages/airflow/example_dags/example_display_name.py took 0.045 seconds
[2026-04-28T20:21:26.762+0200] {processor.py:161} INFO - Started process (PID=54873) to work on /Users/pablofrancoherrero/prueba_tecnica/venv/lib/python3.11/site-packages/airflow/example_dags/example_display_name.py
[2026-04-28T20:21:26.763+0200] {processor.py:830} INFO - Processing file /Users/pablofrancoherrero/prueba_tecnica/venv/lib/python3.11/site-packages/airflow/example_dags/example_display_name.py for tasks to queue
[2026-04-28T20:21:26.763+0200] {logging_mixin.py:188} INFO - [2026-04-28T20:21:26.763+0200] {dagbag.py:540} INFO - Filling up the DagBag from /Users/pablofrancoherrero/prueba_tecnica/venv/lib/python3.11/site-packages/airflow/example_dags/example_display_name.py
[2026-04-28T20:21:26.774+0200] {processor.py:840} INFO - DAG(s) 'example_display_name' retrieved from /Users/pablofrancoherrero/prueba_tecnica/venv/lib/python3.11/site-packages/airflow/example_dags/example_display_name.py
[2026-04-28T20:21:26.801+0200] {logging_mixin.py:188} INFO - [2026-04-28T20:21:26.801+0200] {dag.py:3096} INFO - Sync 1 DAGs
[2026-04-28T20:21:26.804+0200] {logging_mixin.py:188} INFO - [2026-04-28T20:21:26.803+0200] {dag.py:3954} INFO - Setting next_dagrun for example_display_name to None, run_after=None
[2026-04-28T20:21:26.808+0200] {processor.py:183} INFO - Processing /Users/pablofrancoherrero/prueba_tecnica/venv/lib/python3.11/site-packages/airflow/example_dags/example_display_name.py took 0.048 seconds
[2026-04-28T20:22:48.157+0200] {processor.py:161} INFO - Started process (PID=54960) to work on /Users/pablofrancoherrero/prueba_tecnica/venv/lib/python3.11/site-packages/airflow/example_dags/example_display_name.py
[2026-04-28T20:22:48.157+0200] {processor.py:830} INFO - Processing file /Users/pablofrancoherrero/prueba_tecnica/venv/lib/python3.11/site-packages/airflow/example_dags/example_display_name.py for tasks to queue
[2026-04-28T20:22:48.157+0200] {logging_mixin.py:188} INFO - [2026-04-28T20:22:48.157+0200] {dagbag.py:540} INFO - Filling up the DagBag from /Users/pablofrancoherrero/prueba_tecnica/venv/lib/python3.11/site-packages/airflow/example_dags/example_display_name.py
[2026-04-28T20:22:48.169+0200] {processor.py:840} INFO - DAG(s) 'example_display_name' retrieved from /Users/pablofrancoherrero/prueba_tecnica/venv/lib/python3.11/site-packages/airflow/example_dags/example_display_name.py
[2026-04-28T20:22:48.194+0200] {logging_mixin.py:188} INFO - [2026-04-28T20:22:48.194+0200] {dag.py:3096} INFO - Sync 1 DAGs
[2026-04-28T20:22:48.197+0200] {logging_mixin.py:188} INFO - [2026-04-28T20:22:48.197+0200] {dag.py:3954} INFO - Setting next_dagrun for example_display_name to None, run_after=None
[2026-04-28T20:22:48.201+0200] {processor.py:183} INFO - Processing /Users/pablofrancoherrero/prueba_tecnica/venv/lib/python3.11/site-packages/airflow/example_dags/example_display_name.py took 0.045 seconds
[2026-04-28T20:24:07.547+0200] {processor.py:161} INFO - Started process (PID=55102) to work on /Users/pablofrancoherrero/prueba_tecnica/venv/lib/python3.11/site-packages/airflow/example_dags/example_display_name.py
[2026-04-28T20:24:07.547+0200] {processor.py:830} INFO - Processing file /Users/pablofrancoherrero/prueba_tecnica/venv/lib/python3.11/site-packages/airflow/example_dags/example_display_name.py for tasks to queue
[2026-04-28T20:24:07.547+0200] {logging_mixin.py:188} INFO - [2026-04-28T20:24:07.547+0200] {dagbag.py:540} INFO - Filling up the DagBag from /Users/pablofrancoherrero/prueba_tecnica/venv/lib/python3.11/site-packages/airflow/example_dags/example_display_name.py
[2026-04-28T20:24:07.559+0200] {processor.py:840} INFO - DAG(s) 'example_display_name' retrieved from /Users/pablofrancoherrero/prueba_tecnica/venv/lib/python3.11/site-packages/airflow/example_dags/example_display_name.py
[2026-04-28T20:24:07.585+0200] {logging_mixin.py:188} INFO - [2026-04-28T20:24:07.585+0200] {dag.py:3096} INFO - Sync 1 DAGs
[2026-04-28T20:24:07.587+0200] {logging_mixin.py:188} INFO - [2026-04-28T20:24:07.587+0200] {dag.py:3954} INFO - Setting next_dagrun for example_display_name to None, run_after=None
[2026-04-28T20:24:07.592+0200] {processor.py:183} INFO - Processing /Users/pablofrancoherrero/prueba_tecnica/venv/lib/python3.11/site-packages/airflow/example_dags/example_display_name.py took 0.047 seconds
[2026-04-28T20:25:29.811+0200] {processor.py:161} INFO - Started process (PID=55195) to work on /Users/pablofrancoherrero/prueba_tecnica/venv/lib/python3.11/site-packages/airflow/example_dags/example_display_name.py
[2026-04-28T20:25:29.812+0200] {processor.py:830} INFO - Processing file /Users/pablofrancoherrero/prueba_tecnica/venv/lib/python3.11/site-packages/airflow/example_dags/example_display_name.py for tasks to queue
[2026-04-28T20:25:29.812+0200] {logging_mixin.py:188} INFO - [2026-04-28T20:25:29.812+0200] {dagbag.py:540} INFO - Filling up the DagBag from /Users/pablofrancoherrero/prueba_tecnica/venv/lib/python3.11/site-packages/airflow/example_dags/example_display_name.py
[2026-04-28T20:25:29.823+0200] {processor.py:840} INFO - DAG(s) 'example_display_name' retrieved from /Users/pablofrancoherrero/prueba_tecnica/venv/lib/python3.11/site-packages/airflow/example_dags/example_display_name.py
[2026-04-28T20:25:29.849+0200] {logging_mixin.py:188} INFO - [2026-04-28T20:25:29.849+0200] {dag.py:3096} INFO - Sync 1 DAGs
[2026-04-28T20:25:29.851+0200] {logging_mixin.py:188} INFO - [2026-04-28T20:25:29.851+0200] {dag.py:3954} INFO - Setting next_dagrun for example_display_name to None, run_after=None
[2026-04-28T20:25:29.856+0200] {processor.py:183} INFO - Processing /Users/pablofrancoherrero/prueba_tecnica/venv/lib/python3.11/site-packages/airflow/example_dags/example_display_name.py took 0.046 seconds
[2026-04-28T20:26:49.041+0200] {processor.py:161} INFO - Started process (PID=55299) to work on /Users/pablofrancoherrero/prueba_tecnica/venv/lib/python3.11/site-packages/airflow/example_dags/example_display_name.py
[2026-04-28T20:26:49.042+0200] {processor.py:830} INFO - Processing file /Users/pablofrancoherrero/prueba_tecnica/venv/lib/python3.11/site-packages/airflow/example_dags/example_display_name.py for tasks to queue
[2026-04-28T20:26:49.042+0200] {logging_mixin.py:188} INFO - [2026-04-28T20:26:49.042+0200] {dagbag.py:540} INFO - Filling up the DagBag from /Users/pablofrancoherrero/prueba_tecnica/venv/lib/python3.11/site-packages/airflow/example_dags/example_display_name.py
[2026-04-28T20:26:49.054+0200] {processor.py:840} INFO - DAG(s) 'example_display_name' retrieved from /Users/pablofrancoherrero/prueba_tecnica/venv/lib/python3.11/site-packages/airflow/example_dags/example_display_name.py
[2026-04-28T20:26:49.080+0200] {logging_mixin.py:188} INFO - [2026-04-28T20:26:49.080+0200] {dag.py:3096} INFO - Sync 1 DAGs
[2026-04-28T20:26:49.083+0200] {logging_mixin.py:188} INFO - [2026-04-28T20:26:49.083+0200] {dag.py:3954} INFO - Setting next_dagrun for example_display_name to None, run_after=None
[2026-04-28T20:26:49.088+0200] {processor.py:183} INFO - Processing /Users/pablofrancoherrero/prueba_tecnica/venv/lib/python3.11/site-packages/airflow/example_dags/example_display_name.py took 0.047 seconds
[2026-04-28T20:28:12.327+0200] {processor.py:161} INFO - Started process (PID=55416) to work on /Users/pablofrancoherrero/prueba_tecnica/venv/lib/python3.11/site-packages/airflow/example_dags/example_display_name.py
[2026-04-28T20:28:12.328+0200] {processor.py:830} INFO - Processing file /Users/pablofrancoherrero/prueba_tecnica/venv/lib/python3.11/site-packages/airflow/example_dags/example_display_name.py for tasks to queue
[2026-04-28T20:28:12.328+0200] {logging_mixin.py:188} INFO - [2026-04-28T20:28:12.328+0200] {dagbag.py:540} INFO - Filling up the DagBag from /Users/pablofrancoherrero/prueba_tecnica/venv/lib/python3.11/site-packages/airflow/example_dags/example_display_name.py
[2026-04-28T20:28:12.339+0200] {processor.py:840} INFO - DAG(s) 'example_display_name' retrieved from /Users/pablofrancoherrero/prueba_tecnica/venv/lib/python3.11/site-packages/airflow/example_dags/example_display_name.py
[2026-04-28T20:28:12.366+0200] {logging_mixin.py:188} INFO - [2026-04-28T20:28:12.366+0200] {dag.py:3096} INFO - Sync 1 DAGs
[2026-04-28T20:28:12.368+0200] {logging_mixin.py:188} INFO - [2026-04-28T20:28:12.368+0200] {dag.py:3954} INFO - Setting next_dagrun for example_display_name to None, run_after=None
[2026-04-28T20:28:12.373+0200] {processor.py:183} INFO - Processing /Users/pablofrancoherrero/prueba_tecnica/venv/lib/python3.11/site-packages/airflow/example_dags/example_display_name.py took 0.047 seconds
[2026-04-28T20:29:37.194+0200] {processor.py:161} INFO - Started process (PID=55518) to work on /Users/pablofrancoherrero/prueba_tecnica/venv/lib/python3.11/site-packages/airflow/example_dags/example_display_name.py
[2026-04-28T20:29:37.195+0200] {processor.py:830} INFO - Processing file /Users/pablofrancoherrero/prueba_tecnica/venv/lib/python3.11/site-packages/airflow/example_dags/example_display_name.py for tasks to queue
[2026-04-28T20:29:37.195+0200] {logging_mixin.py:188} INFO - [2026-04-28T20:29:37.195+0200] {dagbag.py:540} INFO - Filling up the DagBag from /Users/pablofrancoherrero/prueba_tecnica/venv/lib/python3.11/site-packages/airflow/example_dags/example_display_name.py
[2026-04-28T20:29:37.206+0200] {processor.py:840} INFO - DAG(s) 'example_display_name' retrieved from /Users/pablofrancoherrero/prueba_tecnica/venv/lib/python3.11/site-packages/airflow/example_dags/example_display_name.py
[2026-04-28T20:29:37.231+0200] {logging_mixin.py:188} INFO - [2026-04-28T20:29:37.231+0200] {dag.py:3096} INFO - Sync 1 DAGs
[2026-04-28T20:29:37.234+0200] {logging_mixin.py:188} INFO - [2026-04-28T20:29:37.234+0200] {dag.py:3954} INFO - Setting next_dagrun for example_display_name to None, run_after=None
[2026-04-28T20:29:37.239+0200] {processor.py:183} INFO - Processing /Users/pablofrancoherrero/prueba_tecnica/venv/lib/python3.11/site-packages/airflow/example_dags/example_display_name.py took 0.046 seconds
[2026-04-28T20:30:57.286+0200] {processor.py:161} INFO - Started process (PID=55638) to work on /Users/pablofrancoherrero/prueba_tecnica/venv/lib/python3.11/site-packages/airflow/example_dags/example_display_name.py
[2026-04-28T20:30:57.287+0200] {processor.py:830} INFO - Processing file /Users/pablofrancoherrero/prueba_tecnica/venv/lib/python3.11/site-packages/airflow/example_dags/example_display_name.py for tasks to queue
[2026-04-28T20:30:57.287+0200] {logging_mixin.py:188} INFO - [2026-04-28T20:30:57.287+0200] {dagbag.py:540} INFO - Filling up the DagBag from /Users/pablofrancoherrero/prueba_tecnica/venv/lib/python3.11/site-packages/airflow/example_dags/example_display_name.py
[2026-04-28T20:30:57.299+0200] {processor.py:840} INFO - DAG(s) 'example_display_name' retrieved from /Users/pablofrancoherrero/prueba_tecnica/venv/lib/python3.11/site-packages/airflow/example_dags/example_display_name.py
[2026-04-28T20:30:57.325+0200] {logging_mixin.py:188} INFO - [2026-04-28T20:30:57.325+0200] {dag.py:3096} INFO - Sync 1 DAGs
[2026-04-28T20:30:57.328+0200] {logging_mixin.py:188} INFO - [2026-04-28T20:30:57.328+0200] {dag.py:3954} INFO - Setting next_dagrun for example_display_name to None, run_after=None
[2026-04-28T20:30:57.333+0200] {processor.py:183} INFO - Processing /Users/pablofrancoherrero/prueba_tecnica/venv/lib/python3.11/site-packages/airflow/example_dags/example_display_name.py took 0.048 seconds
[2026-04-28T20:32:18.045+0200] {processor.py:161} INFO - Started process (PID=55764) to work on /Users/pablofrancoherrero/prueba_tecnica/venv/lib/python3.11/site-packages/airflow/example_dags/example_display_name.py
[2026-04-28T20:32:18.046+0200] {processor.py:830} INFO - Processing file /Users/pablofrancoherrero/prueba_tecnica/venv/lib/python3.11/site-packages/airflow/example_dags/example_display_name.py for tasks to queue
[2026-04-28T20:32:18.046+0200] {logging_mixin.py:188} INFO - [2026-04-28T20:32:18.046+0200] {dagbag.py:540} INFO - Filling up the DagBag from /Users/pablofrancoherrero/prueba_tecnica/venv/lib/python3.11/site-packages/airflow/example_dags/example_display_name.py
[2026-04-28T20:32:18.058+0200] {processor.py:840} INFO - DAG(s) 'example_display_name' retrieved from /Users/pablofrancoherrero/prueba_tecnica/venv/lib/python3.11/site-packages/airflow/example_dags/example_display_name.py
[2026-04-28T20:32:18.084+0200] {logging_mixin.py:188} INFO - [2026-04-28T20:32:18.083+0200] {dag.py:3096} INFO - Sync 1 DAGs
[2026-04-28T20:32:18.086+0200] {logging_mixin.py:188} INFO - [2026-04-28T20:32:18.086+0200] {dag.py:3954} INFO - Setting next_dagrun for example_display_name to None, run_after=None
[2026-04-28T20:32:18.091+0200] {processor.py:183} INFO - Processing /Users/pablofrancoherrero/prueba_tecnica/venv/lib/python3.11/site-packages/airflow/example_dags/example_display_name.py took 0.047 seconds
[2026-04-28T20:33:40.882+0200] {processor.py:161} INFO - Started process (PID=55853) to work on /Users/pablofrancoherrero/prueba_tecnica/venv/lib/python3.11/site-packages/airflow/example_dags/example_display_name.py
[2026-04-28T20:33:40.882+0200] {processor.py:830} INFO - Processing file /Users/pablofrancoherrero/prueba_tecnica/venv/lib/python3.11/site-packages/airflow/example_dags/example_display_name.py for tasks to queue
[2026-04-28T20:33:40.882+0200] {logging_mixin.py:188} INFO - [2026-04-28T20:33:40.882+0200] {dagbag.py:540} INFO - Filling up the DagBag from /Users/pablofrancoherrero/prueba_tecnica/venv/lib/python3.11/site-packages/airflow/example_dags/example_display_name.py
[2026-04-28T20:33:40.894+0200] {processor.py:840} INFO - DAG(s) 'example_display_name' retrieved from /Users/pablofrancoherrero/prueba_tecnica/venv/lib/python3.11/site-packages/airflow/example_dags/example_display_name.py
[2026-04-28T20:33:40.920+0200] {logging_mixin.py:188} INFO - [2026-04-28T20:33:40.919+0200] {dag.py:3096} INFO - Sync 1 DAGs
[2026-04-28T20:33:40.922+0200] {logging_mixin.py:188} INFO - [2026-04-28T20:33:40.922+0200] {dag.py:3954} INFO - Setting next_dagrun for example_display_name to None, run_after=None
[2026-04-28T20:33:40.927+0200] {processor.py:183} INFO - Processing /Users/pablofrancoherrero/prueba_tecnica/venv/lib/python3.11/site-packages/airflow/example_dags/example_display_name.py took 0.046 seconds
[2026-04-28T20:35:01.668+0200] {processor.py:161} INFO - Started process (PID=55963) to work on /Users/pablofrancoherrero/prueba_tecnica/venv/lib/python3.11/site-packages/airflow/example_dags/example_display_name.py
[2026-04-28T20:35:01.669+0200] {processor.py:830} INFO - Processing file /Users/pablofrancoherrero/prueba_tecnica/venv/lib/python3.11/site-packages/airflow/example_dags/example_display_name.py for tasks to queue
[2026-04-28T20:35:01.669+0200] {logging_mixin.py:188} INFO - [2026-04-28T20:35:01.669+0200] {dagbag.py:540} INFO - Filling up the DagBag from /Users/pablofrancoherrero/prueba_tecnica/venv/lib/python3.11/site-packages/airflow/example_dags/example_display_name.py
[2026-04-28T20:35:01.680+0200] {processor.py:840} INFO - DAG(s) 'example_display_name' retrieved from /Users/pablofrancoherrero/prueba_tecnica/venv/lib/python3.11/site-packages/airflow/example_dags/example_display_name.py
[2026-04-28T20:35:01.706+0200] {logging_mixin.py:188} INFO - [2026-04-28T20:35:01.706+0200] {dag.py:3096} INFO - Sync 1 DAGs
[2026-04-28T20:35:01.709+0200] {logging_mixin.py:188} INFO - [2026-04-28T20:35:01.709+0200] {dag.py:3954} INFO - Setting next_dagrun for example_display_name to None, run_after=None
[2026-04-28T20:35:01.716+0200] {processor.py:183} INFO - Processing /Users/pablofrancoherrero/prueba_tecnica/venv/lib/python3.11/site-packages/airflow/example_dags/example_display_name.py took 0.049 seconds
[2026-04-28T20:36:25.403+0200] {processor.py:161} INFO - Started process (PID=56054) to work on /Users/pablofrancoherrero/prueba_tecnica/venv/lib/python3.11/site-packages/airflow/example_dags/example_display_name.py
[2026-04-28T20:36:25.404+0200] {processor.py:830} INFO - Processing file /Users/pablofrancoherrero/prueba_tecnica/venv/lib/python3.11/site-packages/airflow/example_dags/example_display_name.py for tasks to queue
[2026-04-28T20:36:25.404+0200] {logging_mixin.py:188} INFO - [2026-04-28T20:36:25.404+0200] {dagbag.py:540} INFO - Filling up the DagBag from /Users/pablofrancoherrero/prueba_tecnica/venv/lib/python3.11/site-packages/airflow/example_dags/example_display_name.py
[2026-04-28T20:36:25.415+0200] {processor.py:840} INFO - DAG(s) 'example_display_name' retrieved from /Users/pablofrancoherrero/prueba_tecnica/venv/lib/python3.11/site-packages/airflow/example_dags/example_display_name.py
[2026-04-28T20:36:25.440+0200] {logging_mixin.py:188} INFO - [2026-04-28T20:36:25.440+0200] {dag.py:3096} INFO - Sync 1 DAGs
[2026-04-28T20:36:25.443+0200] {logging_mixin.py:188} INFO - [2026-04-28T20:36:25.443+0200] {dag.py:3954} INFO - Setting next_dagrun for example_display_name to None, run_after=None
[2026-04-28T20:36:25.447+0200] {processor.py:183} INFO - Processing /Users/pablofrancoherrero/prueba_tecnica/venv/lib/python3.11/site-packages/airflow/example_dags/example_display_name.py took 0.045 seconds
[2026-04-28T20:37:46.153+0200] {processor.py:161} INFO - Started process (PID=56165) to work on /Users/pablofrancoherrero/prueba_tecnica/venv/lib/python3.11/site-packages/airflow/example_dags/example_display_name.py
[2026-04-28T20:37:46.154+0200] {processor.py:830} INFO - Processing file /Users/pablofrancoherrero/prueba_tecnica/venv/lib/python3.11/site-packages/airflow/example_dags/example_display_name.py for tasks to queue
[2026-04-28T20:37:46.155+0200] {logging_mixin.py:188} INFO - [2026-04-28T20:37:46.155+0200] {dagbag.py:540} INFO - Filling up the DagBag from /Users/pablofrancoherrero/prueba_tecnica/venv/lib/python3.11/site-packages/airflow/example_dags/example_display_name.py
[2026-04-28T20:37:46.166+0200] {processor.py:840} INFO - DAG(s) 'example_display_name' retrieved from /Users/pablofrancoherrero/prueba_tecnica/venv/lib/python3.11/site-packages/airflow/example_dags/example_display_name.py
[2026-04-28T20:37:46.192+0200] {logging_mixin.py:188} INFO - [2026-04-28T20:37:46.192+0200] {dag.py:3096} INFO - Sync 1 DAGs
[2026-04-28T20:37:46.195+0200] {logging_mixin.py:188} INFO - [2026-04-28T20:37:46.195+0200] {dag.py:3954} INFO - Setting next_dagrun for example_display_name to None, run_after=None
[2026-04-28T20:37:46.200+0200] {processor.py:183} INFO - Processing /Users/pablofrancoherrero/prueba_tecnica/venv/lib/python3.11/site-packages/airflow/example_dags/example_display_name.py took 0.047 seconds
[2026-04-28T20:39:07.764+0200] {processor.py:161} INFO - Started process (PID=56310) to work on /Users/pablofrancoherrero/prueba_tecnica/venv/lib/python3.11/site-packages/airflow/example_dags/example_display_name.py
[2026-04-28T20:39:07.765+0200] {processor.py:830} INFO - Processing file /Users/pablofrancoherrero/prueba_tecnica/venv/lib/python3.11/site-packages/airflow/example_dags/example_display_name.py for tasks to queue
[2026-04-28T20:39:07.765+0200] {logging_mixin.py:188} INFO - [2026-04-28T20:39:07.765+0200] {dagbag.py:540} INFO - Filling up the DagBag from /Users/pablofrancoherrero/prueba_tecnica/venv/lib/python3.11/site-packages/airflow/example_dags/example_display_name.py
[2026-04-28T20:39:07.777+0200] {processor.py:840} INFO - DAG(s) 'example_display_name' retrieved from /Users/pablofrancoherrero/prueba_tecnica/venv/lib/python3.11/site-packages/airflow/example_dags/example_display_name.py
[2026-04-28T20:39:07.803+0200] {logging_mixin.py:188} INFO - [2026-04-28T20:39:07.803+0200] {dag.py:3096} INFO - Sync 1 DAGs
[2026-04-28T20:39:07.806+0200] {logging_mixin.py:188} INFO - [2026-04-28T20:39:07.805+0200] {dag.py:3954} INFO - Setting next_dagrun for example_display_name to None, run_after=None
[2026-04-28T20:39:07.810+0200] {processor.py:183} INFO - Processing /Users/pablofrancoherrero/prueba_tecnica/venv/lib/python3.11/site-packages/airflow/example_dags/example_display_name.py took 0.047 seconds
[2026-04-28T20:40:29.899+0200] {processor.py:161} INFO - Started process (PID=56428) to work on /Users/pablofrancoherrero/prueba_tecnica/venv/lib/python3.11/site-packages/airflow/example_dags/example_display_name.py
[2026-04-28T20:40:29.900+0200] {processor.py:830} INFO - Processing file /Users/pablofrancoherrero/prueba_tecnica/venv/lib/python3.11/site-packages/airflow/example_dags/example_display_name.py for tasks to queue
[2026-04-28T20:40:29.900+0200] {logging_mixin.py:188} INFO - [2026-04-28T20:40:29.900+0200] {dagbag.py:540} INFO - Filling up the DagBag from /Users/pablofrancoherrero/prueba_tecnica/venv/lib/python3.11/site-packages/airflow/example_dags/example_display_name.py
[2026-04-28T20:40:29.912+0200] {processor.py:840} INFO - DAG(s) 'example_display_name' retrieved from /Users/pablofrancoherrero/prueba_tecnica/venv/lib/python3.11/site-packages/airflow/example_dags/example_display_name.py
[2026-04-28T20:40:29.938+0200] {logging_mixin.py:188} INFO - [2026-04-28T20:40:29.938+0200] {dag.py:3096} INFO - Sync 1 DAGs
[2026-04-28T20:40:29.940+0200] {logging_mixin.py:188} INFO - [2026-04-28T20:40:29.940+0200] {dag.py:3954} INFO - Setting next_dagrun for example_display_name to None, run_after=None
[2026-04-28T20:40:29.945+0200] {processor.py:183} INFO - Processing /Users/pablofrancoherrero/prueba_tecnica/venv/lib/python3.11/site-packages/airflow/example_dags/example_display_name.py took 0.047 seconds
[2026-04-28T20:41:53.332+0200] {processor.py:161} INFO - Started process (PID=56541) to work on /Users/pablofrancoherrero/prueba_tecnica/venv/lib/python3.11/site-packages/airflow/example_dags/example_display_name.py
[2026-04-28T20:41:53.334+0200] {processor.py:830} INFO - Processing file /Users/pablofrancoherrero/prueba_tecnica/venv/lib/python3.11/site-packages/airflow/example_dags/example_display_name.py for tasks to queue
[2026-04-28T20:41:53.334+0200] {logging_mixin.py:188} INFO - [2026-04-28T20:41:53.334+0200] {dagbag.py:540} INFO - Filling up the DagBag from /Users/pablofrancoherrero/prueba_tecnica/venv/lib/python3.11/site-packages/airflow/example_dags/example_display_name.py
[2026-04-28T20:41:53.348+0200] {processor.py:840} INFO - DAG(s) 'example_display_name' retrieved from /Users/pablofrancoherrero/prueba_tecnica/venv/lib/python3.11/site-packages/airflow/example_dags/example_display_name.py
[2026-04-28T20:41:53.376+0200] {logging_mixin.py:188} INFO - [2026-04-28T20:41:53.376+0200] {dag.py:3096} INFO - Sync 1 DAGs
[2026-04-28T20:41:53.379+0200] {logging_mixin.py:188} INFO - [2026-04-28T20:41:53.379+0200] {dag.py:3954} INFO - Setting next_dagrun for example_display_name to None, run_after=None
[2026-04-28T20:41:53.384+0200] {processor.py:183} INFO - Processing /Users/pablofrancoherrero/prueba_tecnica/venv/lib/python3.11/site-packages/airflow/example_dags/example_display_name.py took 0.053 seconds
