[2026-04-28T18:22:16.048+0200] {processor.py:161} INFO - Started process (PID=32939) to work on /Users/pablofrancoherrero/prueba_tecnica/venv/lib/python3.11/site-packages/airflow/example_dags/example_subdag_operator.py
[2026-04-28T18:22:16.049+0200] {processor.py:830} INFO - Processing file /Users/pablofrancoherrero/prueba_tecnica/venv/lib/python3.11/site-packages/airflow/example_dags/example_subdag_operator.py for tasks to queue
[2026-04-28T18:22:16.049+0200] {logging_mixin.py:188} INFO - [2026-04-28T18:22:16.049+0200] {dagbag.py:540} INFO - Filling up the DagBag from /Users/pablofrancoherrero/prueba_tecnica/venv/lib/python3.11/site-packages/airflow/example_dags/example_subdag_operator.py
[2026-04-28T18:22:16.074+0200] {processor.py:840} INFO - DAG(s) 'example_subdag_operator.section-1', 'example_subdag_operator.section-2', 'example_subdag_operator' retrieved from /Users/pablofrancoherrero/prueba_tecnica/venv/lib/python3.11/site-packages/airflow/example_dags/example_subdag_operator.py
[2026-04-28T18:22:16.106+0200] {logging_mixin.py:188} INFO - [2026-04-28T18:22:16.105+0200] {override.py:1829} INFO - Created Permission View: can edit on DAG:example_subdag_operator
[2026-04-28T18:22:16.108+0200] {logging_mixin.py:188} INFO - [2026-04-28T18:22:16.108+0200] {override.py:1829} INFO - Created Permission View: can read on DAG:example_subdag_operator
[2026-04-28T18:22:16.109+0200] {logging_mixin.py:188} INFO - [2026-04-28T18:22:16.109+0200] {override.py:1829} INFO - Created Permission View: can delete on DAG:example_subdag_operator
[2026-04-28T18:22:16.109+0200] {logging_mixin.py:188} INFO - [2026-04-28T18:22:16.109+0200] {dag.py:3096} INFO - Sync 3 DAGs
[2026-04-28T18:22:16.112+0200] {logging_mixin.py:188} INFO - [2026-04-28T18:22:16.112+0200] {dag.py:3118} INFO - Creating ORM DAG for example_subdag_operator.section-2
[2026-04-28T18:22:16.112+0200] {logging_mixin.py:188} INFO - [2026-04-28T18:22:16.112+0200] {dag.py:3118} INFO - Creating ORM DAG for example_subdag_operator.section-1
[2026-04-28T18:22:16.112+0200] {logging_mixin.py:188} INFO - [2026-04-28T18:22:16.112+0200] {dag.py:3118} INFO - Creating ORM DAG for example_subdag_operator
[2026-04-28T18:22:16.114+0200] {logging_mixin.py:188} INFO - [2026-04-28T18:22:16.114+0200] {dag.py:3954} INFO - Setting next_dagrun for example_subdag_operator to 2022-01-01 00:00:00+00:00, run_after=2022-01-01 00:00:00+00:00
[2026-04-28T18:22:16.114+0200] {logging_mixin.py:188} INFO - [2026-04-28T18:22:16.114+0200] {dag.py:3954} INFO - Setting next_dagrun for example_subdag_operator.section-1 to None, run_after=None
[2026-04-28T18:22:16.114+0200] {logging_mixin.py:188} INFO - [2026-04-28T18:22:16.114+0200] {dag.py:3954} INFO - Setting next_dagrun for example_subdag_operator.section-2 to None, run_after=None
[2026-04-28T18:22:16.115+0200] {logging_mixin.py:188} INFO - [2026-04-28T18:22:16.115+0200] {dag.py:3096} INFO - Sync 2 DAGs
[2026-04-28T18:22:16.116+0200] {logging_mixin.py:188} INFO - [2026-04-28T18:22:16.116+0200] {dag.py:3954} INFO - Setting next_dagrun for example_subdag_operator.section-1 to None, run_after=None
[2026-04-28T18:22:16.117+0200] {logging_mixin.py:188} INFO - [2026-04-28T18:22:16.117+0200] {dag.py:3954} INFO - Setting next_dagrun for example_subdag_operator.section-2 to None, run_after=None
[2026-04-28T18:22:16.120+0200] {processor.py:183} INFO - Processing /Users/pablofrancoherrero/prueba_tecnica/venv/lib/python3.11/site-packages/airflow/example_dags/example_subdag_operator.py took 0.072 seconds
[2026-04-28T18:23:27.164+0200] {processor.py:161} INFO - Started process (PID=33021) to work on /Users/pablofrancoherrero/prueba_tecnica/venv/lib/python3.11/site-packages/airflow/example_dags/example_subdag_operator.py
[2026-04-28T18:23:27.165+0200] {processor.py:830} INFO - Processing file /Users/pablofrancoherrero/prueba_tecnica/venv/lib/python3.11/site-packages/airflow/example_dags/example_subdag_operator.py for tasks to queue
[2026-04-28T18:23:27.165+0200] {logging_mixin.py:188} INFO - [2026-04-28T18:23:27.165+0200] {dagbag.py:540} INFO - Filling up the DagBag from /Users/pablofrancoherrero/prueba_tecnica/venv/lib/python3.11/site-packages/airflow/example_dags/example_subdag_operator.py
[2026-04-28T18:23:27.195+0200] {processor.py:840} INFO - DAG(s) 'example_subdag_operator.section-1', 'example_subdag_operator.section-2', 'example_subdag_operator' retrieved from /Users/pablofrancoherrero/prueba_tecnica/venv/lib/python3.11/site-packages/airflow/example_dags/example_subdag_operator.py
[2026-04-28T18:23:27.204+0200] {logging_mixin.py:188} INFO - [2026-04-28T18:23:27.204+0200] {dag.py:3096} INFO - Sync 3 DAGs
[2026-04-28T18:23:27.209+0200] {logging_mixin.py:188} INFO - [2026-04-28T18:23:27.209+0200] {dag.py:3954} INFO - Setting next_dagrun for example_subdag_operator to 2022-01-01 00:00:00+00:00, run_after=2022-01-01 00:00:00+00:00
[2026-04-28T18:23:27.209+0200] {logging_mixin.py:188} INFO - [2026-04-28T18:23:27.209+0200] {dag.py:3954} INFO - Setting next_dagrun for example_subdag_operator.section-1 to None, run_after=None
[2026-04-28T18:23:27.210+0200] {logging_mixin.py:188} INFO - [2026-04-28T18:23:27.210+0200] {dag.py:3954} INFO - Setting next_dagrun for example_subdag_operator.section-2 to None, run_after=None
[2026-04-28T18:23:27.212+0200] {logging_mixin.py:188} INFO - [2026-04-28T18:23:27.212+0200] {dag.py:3096} INFO - Sync 2 DAGs
[2026-04-28T18:23:27.212+0200] {logging_mixin.py:188} INFO - [2026-04-28T18:23:27.212+0200] {dag.py:3954} INFO - Setting next_dagrun for example_subdag_operator.section-1 to None, run_after=None
[2026-04-28T18:23:27.213+0200] {logging_mixin.py:188} INFO - [2026-04-28T18:23:27.213+0200] {dag.py:3954} INFO - Setting next_dagrun for example_subdag_operator.section-2 to None, run_after=None
[2026-04-28T18:23:27.216+0200] {processor.py:183} INFO - Processing /Users/pablofrancoherrero/prueba_tecnica/venv/lib/python3.11/site-packages/airflow/example_dags/example_subdag_operator.py took 0.053 seconds
[2026-04-28T18:24:48.423+0200] {processor.py:161} INFO - Started process (PID=33132) to work on /Users/pablofrancoherrero/prueba_tecnica/venv/lib/python3.11/site-packages/airflow/example_dags/example_subdag_operator.py
[2026-04-28T18:24:48.424+0200] {processor.py:830} INFO - Processing file /Users/pablofrancoherrero/prueba_tecnica/venv/lib/python3.11/site-packages/airflow/example_dags/example_subdag_operator.py for tasks to queue
[2026-04-28T18:24:48.424+0200] {logging_mixin.py:188} INFO - [2026-04-28T18:24:48.424+0200] {dagbag.py:540} INFO - Filling up the DagBag from /Users/pablofrancoherrero/prueba_tecnica/venv/lib/python3.11/site-packages/airflow/example_dags/example_subdag_operator.py
[2026-04-28T18:24:48.450+0200] {processor.py:840} INFO - DAG(s) 'example_subdag_operator.section-1', 'example_subdag_operator.section-2', 'example_subdag_operator' retrieved from /Users/pablofrancoherrero/prueba_tecnica/venv/lib/python3.11/site-packages/airflow/example_dags/example_subdag_operator.py
[2026-04-28T18:24:48.459+0200] {logging_mixin.py:188} INFO - [2026-04-28T18:24:48.459+0200] {dag.py:3096} INFO - Sync 3 DAGs
[2026-04-28T18:24:48.463+0200] {logging_mixin.py:188} INFO - [2026-04-28T18:24:48.463+0200] {dag.py:3954} INFO - Setting next_dagrun for example_subdag_operator to 2022-01-01 00:00:00+00:00, run_after=2022-01-01 00:00:00+00:00
[2026-04-28T18:24:48.464+0200] {logging_mixin.py:188} INFO - [2026-04-28T18:24:48.464+0200] {dag.py:3954} INFO - Setting next_dagrun for example_subdag_operator.section-1 to None, run_after=None
[2026-04-28T18:24:48.464+0200] {logging_mixin.py:188} INFO - [2026-04-28T18:24:48.464+0200] {dag.py:3954} INFO - Setting next_dagrun for example_subdag_operator.section-2 to None, run_after=None
[2026-04-28T18:24:48.466+0200] {logging_mixin.py:188} INFO - [2026-04-28T18:24:48.466+0200] {dag.py:3096} INFO - Sync 2 DAGs
[2026-04-28T18:24:48.467+0200] {logging_mixin.py:188} INFO - [2026-04-28T18:24:48.467+0200] {dag.py:3954} INFO - Setting next_dagrun for example_subdag_operator.section-1 to None, run_after=None
[2026-04-28T18:24:48.467+0200] {logging_mixin.py:188} INFO - [2026-04-28T18:24:48.467+0200] {dag.py:3954} INFO - Setting next_dagrun for example_subdag_operator.section-2 to None, run_after=None
[2026-04-28T18:24:48.470+0200] {processor.py:183} INFO - Processing /Users/pablofrancoherrero/prueba_tecnica/venv/lib/python3.11/site-packages/airflow/example_dags/example_subdag_operator.py took 0.048 seconds
[2026-04-28T18:26:10.084+0200] {processor.py:161} INFO - Started process (PID=33233) to work on /Users/pablofrancoherrero/prueba_tecnica/venv/lib/python3.11/site-packages/airflow/example_dags/example_subdag_operator.py
[2026-04-28T18:26:10.084+0200] {processor.py:830} INFO - Processing file /Users/pablofrancoherrero/prueba_tecnica/venv/lib/python3.11/site-packages/airflow/example_dags/example_subdag_operator.py for tasks to queue
[2026-04-28T18:26:10.085+0200] {logging_mixin.py:188} INFO - [2026-04-28T18:26:10.084+0200] {dagbag.py:540} INFO - Filling up the DagBag from /Users/pablofrancoherrero/prueba_tecnica/venv/lib/python3.11/site-packages/airflow/example_dags/example_subdag_operator.py
[2026-04-28T18:26:10.111+0200] {processor.py:840} INFO - DAG(s) 'example_subdag_operator.section-1', 'example_subdag_operator.section-2', 'example_subdag_operator' retrieved from /Users/pablofrancoherrero/prueba_tecnica/venv/lib/python3.11/site-packages/airflow/example_dags/example_subdag_operator.py
[2026-04-28T18:26:10.120+0200] {logging_mixin.py:188} INFO - [2026-04-28T18:26:10.120+0200] {dag.py:3096} INFO - Sync 3 DAGs
[2026-04-28T18:26:10.125+0200] {logging_mixin.py:188} INFO - [2026-04-28T18:26:10.125+0200] {dag.py:3954} INFO - Setting next_dagrun for example_subdag_operator to 2022-01-01 00:00:00+00:00, run_after=2022-01-01 00:00:00+00:00
[2026-04-28T18:26:10.126+0200] {logging_mixin.py:188} INFO - [2026-04-28T18:26:10.126+0200] {dag.py:3954} INFO - Setting next_dagrun for example_subdag_operator.section-1 to None, run_after=None
[2026-04-28T18:26:10.126+0200] {logging_mixin.py:188} INFO - [2026-04-28T18:26:10.126+0200] {dag.py:3954} INFO - Setting next_dagrun for example_subdag_operator.section-2 to None, run_after=None
[2026-04-28T18:26:10.128+0200] {logging_mixin.py:188} INFO - [2026-04-28T18:26:10.128+0200] {dag.py:3096} INFO - Sync 2 DAGs
[2026-04-28T18:26:10.129+0200] {logging_mixin.py:188} INFO - [2026-04-28T18:26:10.129+0200] {dag.py:3954} INFO - Setting next_dagrun for example_subdag_operator.section-1 to None, run_after=None
[2026-04-28T18:26:10.129+0200] {logging_mixin.py:188} INFO - [2026-04-28T18:26:10.129+0200] {dag.py:3954} INFO - Setting next_dagrun for example_subdag_operator.section-2 to None, run_after=None
[2026-04-28T18:26:10.132+0200] {processor.py:183} INFO - Processing /Users/pablofrancoherrero/prueba_tecnica/venv/lib/python3.11/site-packages/airflow/example_dags/example_subdag_operator.py took 0.049 seconds
[2026-04-28T18:27:26.460+0200] {processor.py:161} INFO - Started process (PID=33330) to work on /Users/pablofrancoherrero/prueba_tecnica/venv/lib/python3.11/site-packages/airflow/example_dags/example_subdag_operator.py
[2026-04-28T18:27:26.461+0200] {processor.py:830} INFO - Processing file /Users/pablofrancoherrero/prueba_tecnica/venv/lib/python3.11/site-packages/airflow/example_dags/example_subdag_operator.py for tasks to queue
[2026-04-28T18:27:26.461+0200] {logging_mixin.py:188} INFO - [2026-04-28T18:27:26.461+0200] {dagbag.py:540} INFO - Filling up the DagBag from /Users/pablofrancoherrero/prueba_tecnica/venv/lib/python3.11/site-packages/airflow/example_dags/example_subdag_operator.py
[2026-04-28T18:27:26.488+0200] {processor.py:840} INFO - DAG(s) 'example_subdag_operator.section-1', 'example_subdag_operator.section-2', 'example_subdag_operator' retrieved from /Users/pablofrancoherrero/prueba_tecnica/venv/lib/python3.11/site-packages/airflow/example_dags/example_subdag_operator.py
[2026-04-28T18:27:26.497+0200] {logging_mixin.py:188} INFO - [2026-04-28T18:27:26.497+0200] {dag.py:3096} INFO - Sync 3 DAGs
[2026-04-28T18:27:26.501+0200] {logging_mixin.py:188} INFO - [2026-04-28T18:27:26.501+0200] {dag.py:3954} INFO - Setting next_dagrun for example_subdag_operator to 2022-01-01 00:00:00+00:00, run_after=2022-01-01 00:00:00+00:00
[2026-04-28T18:27:26.502+0200] {logging_mixin.py:188} INFO - [2026-04-28T18:27:26.502+0200] {dag.py:3954} INFO - Setting next_dagrun for example_subdag_operator.section-1 to None, run_after=None
[2026-04-28T18:27:26.502+0200] {logging_mixin.py:188} INFO - [2026-04-28T18:27:26.502+0200] {dag.py:3954} INFO - Setting next_dagrun for example_subdag_operator.section-2 to None, run_after=None
[2026-04-28T18:27:26.504+0200] {logging_mixin.py:188} INFO - [2026-04-28T18:27:26.504+0200] {dag.py:3096} INFO - Sync 2 DAGs
[2026-04-28T18:27:26.505+0200] {logging_mixin.py:188} INFO - [2026-04-28T18:27:26.505+0200] {dag.py:3954} INFO - Setting next_dagrun for example_subdag_operator.section-1 to None, run_after=None
[2026-04-28T18:27:26.505+0200] {logging_mixin.py:188} INFO - [2026-04-28T18:27:26.505+0200] {dag.py:3954} INFO - Setting next_dagrun for example_subdag_operator.section-2 to None, run_after=None
[2026-04-28T18:27:26.508+0200] {processor.py:183} INFO - Processing /Users/pablofrancoherrero/prueba_tecnica/venv/lib/python3.11/site-packages/airflow/example_dags/example_subdag_operator.py took 0.050 seconds
[2026-04-28T18:28:45.159+0200] {processor.py:161} INFO - Started process (PID=33415) to work on /Users/pablofrancoherrero/prueba_tecnica/venv/lib/python3.11/site-packages/airflow/example_dags/example_subdag_operator.py
[2026-04-28T18:28:45.160+0200] {processor.py:830} INFO - Processing file /Users/pablofrancoherrero/prueba_tecnica/venv/lib/python3.11/site-packages/airflow/example_dags/example_subdag_operator.py for tasks to queue
[2026-04-28T18:28:45.160+0200] {logging_mixin.py:188} INFO - [2026-04-28T18:28:45.160+0200] {dagbag.py:540} INFO - Filling up the DagBag from /Users/pablofrancoherrero/prueba_tecnica/venv/lib/python3.11/site-packages/airflow/example_dags/example_subdag_operator.py
[2026-04-28T18:28:45.187+0200] {processor.py:840} INFO - DAG(s) 'example_subdag_operator.section-1', 'example_subdag_operator.section-2', 'example_subdag_operator' retrieved from /Users/pablofrancoherrero/prueba_tecnica/venv/lib/python3.11/site-packages/airflow/example_dags/example_subdag_operator.py
[2026-04-28T18:28:45.196+0200] {logging_mixin.py:188} INFO - [2026-04-28T18:28:45.196+0200] {dag.py:3096} INFO - Sync 3 DAGs
[2026-04-28T18:28:45.201+0200] {logging_mixin.py:188} INFO - [2026-04-28T18:28:45.201+0200] {dag.py:3954} INFO - Setting next_dagrun for example_subdag_operator to 2022-01-01 00:00:00+00:00, run_after=2022-01-01 00:00:00+00:00
[2026-04-28T18:28:45.202+0200] {logging_mixin.py:188} INFO - [2026-04-28T18:28:45.202+0200] {dag.py:3954} INFO - Setting next_dagrun for example_subdag_operator.section-1 to None, run_after=None
[2026-04-28T18:28:45.202+0200] {logging_mixin.py:188} INFO - [2026-04-28T18:28:45.202+0200] {dag.py:3954} INFO - Setting next_dagrun for example_subdag_operator.section-2 to None, run_after=None
[2026-04-28T18:28:45.204+0200] {logging_mixin.py:188} INFO - [2026-04-28T18:28:45.204+0200] {dag.py:3096} INFO - Sync 2 DAGs
[2026-04-28T18:28:45.205+0200] {logging_mixin.py:188} INFO - [2026-04-28T18:28:45.205+0200] {dag.py:3954} INFO - Setting next_dagrun for example_subdag_operator.section-1 to None, run_after=None
[2026-04-28T18:28:45.205+0200] {logging_mixin.py:188} INFO - [2026-04-28T18:28:45.205+0200] {dag.py:3954} INFO - Setting next_dagrun for example_subdag_operator.section-2 to None, run_after=None
[2026-04-28T18:28:45.208+0200] {processor.py:183} INFO - Processing /Users/pablofrancoherrero/prueba_tecnica/venv/lib/python3.11/site-packages/airflow/example_dags/example_subdag_operator.py took 0.049 seconds
[2026-04-28T18:30:04.740+0200] {processor.py:161} INFO - Started process (PID=33511) to work on /Users/pablofrancoherrero/prueba_tecnica/venv/lib/python3.11/site-packages/airflow/example_dags/example_subdag_operator.py
[2026-04-28T18:30:04.741+0200] {processor.py:830} INFO - Processing file /Users/pablofrancoherrero/prueba_tecnica/venv/lib/python3.11/site-packages/airflow/example_dags/example_subdag_operator.py for tasks to queue
[2026-04-28T18:30:04.741+0200] {logging_mixin.py:188} INFO - [2026-04-28T18:30:04.741+0200] {dagbag.py:540} INFO - Filling up the DagBag from /Users/pablofrancoherrero/prueba_tecnica/venv/lib/python3.11/site-packages/airflow/example_dags/example_subdag_operator.py
[2026-04-28T18:30:04.768+0200] {processor.py:840} INFO - DAG(s) 'example_subdag_operator.section-1', 'example_subdag_operator.section-2', 'example_subdag_operator' retrieved from /Users/pablofrancoherrero/prueba_tecnica/venv/lib/python3.11/site-packages/airflow/example_dags/example_subdag_operator.py
[2026-04-28T18:30:04.776+0200] {logging_mixin.py:188} INFO - [2026-04-28T18:30:04.776+0200] {dag.py:3096} INFO - Sync 3 DAGs
[2026-04-28T18:30:04.781+0200] {logging_mixin.py:188} INFO - [2026-04-28T18:30:04.781+0200] {dag.py:3954} INFO - Setting next_dagrun for example_subdag_operator to 2022-01-01 00:00:00+00:00, run_after=2022-01-01 00:00:00+00:00
[2026-04-28T18:30:04.782+0200] {logging_mixin.py:188} INFO - [2026-04-28T18:30:04.782+0200] {dag.py:3954} INFO - Setting next_dagrun for example_subdag_operator.section-1 to None, run_after=None
[2026-04-28T18:30:04.782+0200] {logging_mixin.py:188} INFO - [2026-04-28T18:30:04.782+0200] {dag.py:3954} INFO - Setting next_dagrun for example_subdag_operator.section-2 to None, run_after=None
[2026-04-28T18:30:04.784+0200] {logging_mixin.py:188} INFO - [2026-04-28T18:30:04.784+0200] {dag.py:3096} INFO - Sync 2 DAGs
[2026-04-28T18:30:04.785+0200] {logging_mixin.py:188} INFO - [2026-04-28T18:30:04.784+0200] {dag.py:3954} INFO - Setting next_dagrun for example_subdag_operator.section-1 to None, run_after=None
[2026-04-28T18:30:04.785+0200] {logging_mixin.py:188} INFO - [2026-04-28T18:30:04.785+0200] {dag.py:3954} INFO - Setting next_dagrun for example_subdag_operator.section-2 to None, run_after=None
[2026-04-28T18:30:04.788+0200] {processor.py:183} INFO - Processing /Users/pablofrancoherrero/prueba_tecnica/venv/lib/python3.11/site-packages/airflow/example_dags/example_subdag_operator.py took 0.049 seconds
[2026-04-28T18:31:29.936+0200] {processor.py:161} INFO - Started process (PID=33802) to work on /Users/pablofrancoherrero/prueba_tecnica/venv/lib/python3.11/site-packages/airflow/example_dags/example_subdag_operator.py
[2026-04-28T18:31:29.937+0200] {processor.py:830} INFO - Processing file /Users/pablofrancoherrero/prueba_tecnica/venv/lib/python3.11/site-packages/airflow/example_dags/example_subdag_operator.py for tasks to queue
[2026-04-28T18:31:29.937+0200] {logging_mixin.py:188} INFO - [2026-04-28T18:31:29.937+0200] {dagbag.py:540} INFO - Filling up the DagBag from /Users/pablofrancoherrero/prueba_tecnica/venv/lib/python3.11/site-packages/airflow/example_dags/example_subdag_operator.py
[2026-04-28T18:31:29.963+0200] {processor.py:840} INFO - DAG(s) 'example_subdag_operator.section-1', 'example_subdag_operator.section-2', 'example_subdag_operator' retrieved from /Users/pablofrancoherrero/prueba_tecnica/venv/lib/python3.11/site-packages/airflow/example_dags/example_subdag_operator.py
[2026-04-28T18:31:29.972+0200] {logging_mixin.py:188} INFO - [2026-04-28T18:31:29.972+0200] {dag.py:3096} INFO - Sync 3 DAGs
[2026-04-28T18:31:29.977+0200] {logging_mixin.py:188} INFO - [2026-04-28T18:31:29.977+0200] {dag.py:3954} INFO - Setting next_dagrun for example_subdag_operator to 2022-01-01 00:00:00+00:00, run_after=2022-01-01 00:00:00+00:00
[2026-04-28T18:31:29.978+0200] {logging_mixin.py:188} INFO - [2026-04-28T18:31:29.978+0200] {dag.py:3954} INFO - Setting next_dagrun for example_subdag_operator.section-1 to None, run_after=None
[2026-04-28T18:31:29.978+0200] {logging_mixin.py:188} INFO - [2026-04-28T18:31:29.978+0200] {dag.py:3954} INFO - Setting next_dagrun for example_subdag_operator.section-2 to None, run_after=None
[2026-04-28T18:31:29.980+0200] {logging_mixin.py:188} INFO - [2026-04-28T18:31:29.980+0200] {dag.py:3096} INFO - Sync 2 DAGs
[2026-04-28T18:31:29.981+0200] {logging_mixin.py:188} INFO - [2026-04-28T18:31:29.981+0200] {dag.py:3954} INFO - Setting next_dagrun for example_subdag_operator.section-1 to None, run_after=None
[2026-04-28T18:31:29.981+0200] {logging_mixin.py:188} INFO - [2026-04-28T18:31:29.981+0200] {dag.py:3954} INFO - Setting next_dagrun for example_subdag_operator.section-2 to None, run_after=None
[2026-04-28T18:31:29.984+0200] {processor.py:183} INFO - Processing /Users/pablofrancoherrero/prueba_tecnica/venv/lib/python3.11/site-packages/airflow/example_dags/example_subdag_operator.py took 0.049 seconds
[2026-04-28T18:32:50.120+0200] {processor.py:161} INFO - Started process (PID=33887) to work on /Users/pablofrancoherrero/prueba_tecnica/venv/lib/python3.11/site-packages/airflow/example_dags/example_subdag_operator.py
[2026-04-28T18:32:50.120+0200] {processor.py:830} INFO - Processing file /Users/pablofrancoherrero/prueba_tecnica/venv/lib/python3.11/site-packages/airflow/example_dags/example_subdag_operator.py for tasks to queue
[2026-04-28T18:32:50.120+0200] {logging_mixin.py:188} INFO - [2026-04-28T18:32:50.120+0200] {dagbag.py:540} INFO - Filling up the DagBag from /Users/pablofrancoherrero/prueba_tecnica/venv/lib/python3.11/site-packages/airflow/example_dags/example_subdag_operator.py
[2026-04-28T18:32:50.147+0200] {processor.py:840} INFO - DAG(s) 'example_subdag_operator.section-1', 'example_subdag_operator.section-2', 'example_subdag_operator' retrieved from /Users/pablofrancoherrero/prueba_tecnica/venv/lib/python3.11/site-packages/airflow/example_dags/example_subdag_operator.py
[2026-04-28T18:32:50.156+0200] {logging_mixin.py:188} INFO - [2026-04-28T18:32:50.156+0200] {dag.py:3096} INFO - Sync 3 DAGs
[2026-04-28T18:32:50.161+0200] {logging_mixin.py:188} INFO - [2026-04-28T18:32:50.161+0200] {dag.py:3954} INFO - Setting next_dagrun for example_subdag_operator to 2022-01-01 00:00:00+00:00, run_after=2022-01-01 00:00:00+00:00
[2026-04-28T18:32:50.162+0200] {logging_mixin.py:188} INFO - [2026-04-28T18:32:50.162+0200] {dag.py:3954} INFO - Setting next_dagrun for example_subdag_operator.section-1 to None, run_after=None
[2026-04-28T18:32:50.162+0200] {logging_mixin.py:188} INFO - [2026-04-28T18:32:50.162+0200] {dag.py:3954} INFO - Setting next_dagrun for example_subdag_operator.section-2 to None, run_after=None
[2026-04-28T18:32:50.164+0200] {logging_mixin.py:188} INFO - [2026-04-28T18:32:50.164+0200] {dag.py:3096} INFO - Sync 2 DAGs
[2026-04-28T18:32:50.165+0200] {logging_mixin.py:188} INFO - [2026-04-28T18:32:50.165+0200] {dag.py:3954} INFO - Setting next_dagrun for example_subdag_operator.section-1 to None, run_after=None
[2026-04-28T18:32:50.165+0200] {logging_mixin.py:188} INFO - [2026-04-28T18:32:50.165+0200] {dag.py:3954} INFO - Setting next_dagrun for example_subdag_operator.section-2 to None, run_after=None
[2026-04-28T18:32:50.168+0200] {processor.py:183} INFO - Processing /Users/pablofrancoherrero/prueba_tecnica/venv/lib/python3.11/site-packages/airflow/example_dags/example_subdag_operator.py took 0.049 seconds
[2026-04-28T18:34:04.371+0200] {processor.py:161} INFO - Started process (PID=33973) to work on /Users/pablofrancoherrero/prueba_tecnica/venv/lib/python3.11/site-packages/airflow/example_dags/example_subdag_operator.py
[2026-04-28T18:34:04.372+0200] {processor.py:830} INFO - Processing file /Users/pablofrancoherrero/prueba_tecnica/venv/lib/python3.11/site-packages/airflow/example_dags/example_subdag_operator.py for tasks to queue
[2026-04-28T18:34:04.372+0200] {logging_mixin.py:188} INFO - [2026-04-28T18:34:04.372+0200] {dagbag.py:540} INFO - Filling up the DagBag from /Users/pablofrancoherrero/prueba_tecnica/venv/lib/python3.11/site-packages/airflow/example_dags/example_subdag_operator.py
[2026-04-28T18:34:04.398+0200] {processor.py:840} INFO - DAG(s) 'example_subdag_operator.section-1', 'example_subdag_operator.section-2', 'example_subdag_operator' retrieved from /Users/pablofrancoherrero/prueba_tecnica/venv/lib/python3.11/site-packages/airflow/example_dags/example_subdag_operator.py
[2026-04-28T18:34:04.407+0200] {logging_mixin.py:188} INFO - [2026-04-28T18:34:04.407+0200] {dag.py:3096} INFO - Sync 3 DAGs
[2026-04-28T18:34:04.411+0200] {logging_mixin.py:188} INFO - [2026-04-28T18:34:04.411+0200] {dag.py:3954} INFO - Setting next_dagrun for example_subdag_operator to 2022-01-01 00:00:00+00:00, run_after=2022-01-01 00:00:00+00:00
[2026-04-28T18:34:04.412+0200] {logging_mixin.py:188} INFO - [2026-04-28T18:34:04.412+0200] {dag.py:3954} INFO - Setting next_dagrun for example_subdag_operator.section-1 to None, run_after=None
[2026-04-28T18:34:04.412+0200] {logging_mixin.py:188} INFO - [2026-04-28T18:34:04.412+0200] {dag.py:3954} INFO - Setting next_dagrun for example_subdag_operator.section-2 to None, run_after=None
[2026-04-28T18:34:04.414+0200] {logging_mixin.py:188} INFO - [2026-04-28T18:34:04.414+0200] {dag.py:3096} INFO - Sync 2 DAGs
[2026-04-28T18:34:04.415+0200] {logging_mixin.py:188} INFO - [2026-04-28T18:34:04.415+0200] {dag.py:3954} INFO - Setting next_dagrun for example_subdag_operator.section-1 to None, run_after=None
[2026-04-28T18:34:04.415+0200] {logging_mixin.py:188} INFO - [2026-04-28T18:34:04.415+0200] {dag.py:3954} INFO - Setting next_dagrun for example_subdag_operator.section-2 to None, run_after=None
[2026-04-28T18:34:04.418+0200] {processor.py:183} INFO - Processing /Users/pablofrancoherrero/prueba_tecnica/venv/lib/python3.11/site-packages/airflow/example_dags/example_subdag_operator.py took 0.048 seconds
[2026-04-28T18:35:23.588+0200] {processor.py:161} INFO - Started process (PID=34097) to work on /Users/pablofrancoherrero/prueba_tecnica/venv/lib/python3.11/site-packages/airflow/example_dags/example_subdag_operator.py
[2026-04-28T18:35:23.589+0200] {processor.py:830} INFO - Processing file /Users/pablofrancoherrero/prueba_tecnica/venv/lib/python3.11/site-packages/airflow/example_dags/example_subdag_operator.py for tasks to queue
[2026-04-28T18:35:23.590+0200] {logging_mixin.py:188} INFO - [2026-04-28T18:35:23.589+0200] {dagbag.py:540} INFO - Filling up the DagBag from /Users/pablofrancoherrero/prueba_tecnica/venv/lib/python3.11/site-packages/airflow/example_dags/example_subdag_operator.py
[2026-04-28T18:35:23.617+0200] {processor.py:840} INFO - DAG(s) 'example_subdag_operator.section-1', 'example_subdag_operator.section-2', 'example_subdag_operator' retrieved from /Users/pablofrancoherrero/prueba_tecnica/venv/lib/python3.11/site-packages/airflow/example_dags/example_subdag_operator.py
[2026-04-28T18:35:23.626+0200] {logging_mixin.py:188} INFO - [2026-04-28T18:35:23.626+0200] {dag.py:3096} INFO - Sync 3 DAGs
[2026-04-28T18:35:23.630+0200] {logging_mixin.py:188} INFO - [2026-04-28T18:35:23.630+0200] {dag.py:3954} INFO - Setting next_dagrun for example_subdag_operator to 2022-01-01 00:00:00+00:00, run_after=2022-01-01 00:00:00+00:00
[2026-04-28T18:35:23.631+0200] {logging_mixin.py:188} INFO - [2026-04-28T18:35:23.631+0200] {dag.py:3954} INFO - Setting next_dagrun for example_subdag_operator.section-1 to None, run_after=None
[2026-04-28T18:35:23.631+0200] {logging_mixin.py:188} INFO - [2026-04-28T18:35:23.631+0200] {dag.py:3954} INFO - Setting next_dagrun for example_subdag_operator.section-2 to None, run_after=None
[2026-04-28T18:35:23.633+0200] {logging_mixin.py:188} INFO - [2026-04-28T18:35:23.633+0200] {dag.py:3096} INFO - Sync 2 DAGs
[2026-04-28T18:35:23.634+0200] {logging_mixin.py:188} INFO - [2026-04-28T18:35:23.634+0200] {dag.py:3954} INFO - Setting next_dagrun for example_subdag_operator.section-1 to None, run_after=None
[2026-04-28T18:35:23.634+0200] {logging_mixin.py:188} INFO - [2026-04-28T18:35:23.634+0200] {dag.py:3954} INFO - Setting next_dagrun for example_subdag_operator.section-2 to None, run_after=None
[2026-04-28T18:35:23.637+0200] {processor.py:183} INFO - Processing /Users/pablofrancoherrero/prueba_tecnica/venv/lib/python3.11/site-packages/airflow/example_dags/example_subdag_operator.py took 0.050 seconds
[2026-04-28T18:36:43.883+0200] {processor.py:161} INFO - Started process (PID=34207) to work on /Users/pablofrancoherrero/prueba_tecnica/venv/lib/python3.11/site-packages/airflow/example_dags/example_subdag_operator.py
[2026-04-28T18:36:43.884+0200] {processor.py:830} INFO - Processing file /Users/pablofrancoherrero/prueba_tecnica/venv/lib/python3.11/site-packages/airflow/example_dags/example_subdag_operator.py for tasks to queue
[2026-04-28T18:36:43.884+0200] {logging_mixin.py:188} INFO - [2026-04-28T18:36:43.884+0200] {dagbag.py:540} INFO - Filling up the DagBag from /Users/pablofrancoherrero/prueba_tecnica/venv/lib/python3.11/site-packages/airflow/example_dags/example_subdag_operator.py
[2026-04-28T18:36:43.910+0200] {processor.py:840} INFO - DAG(s) 'example_subdag_operator.section-1', 'example_subdag_operator.section-2', 'example_subdag_operator' retrieved from /Users/pablofrancoherrero/prueba_tecnica/venv/lib/python3.11/site-packages/airflow/example_dags/example_subdag_operator.py
[2026-04-28T18:36:43.919+0200] {logging_mixin.py:188} INFO - [2026-04-28T18:36:43.919+0200] {dag.py:3096} INFO - Sync 3 DAGs
[2026-04-28T18:36:43.924+0200] {logging_mixin.py:188} INFO - [2026-04-28T18:36:43.924+0200] {dag.py:3954} INFO - Setting next_dagrun for example_subdag_operator to 2022-01-01 00:00:00+00:00, run_after=2022-01-01 00:00:00+00:00
[2026-04-28T18:36:43.924+0200] {logging_mixin.py:188} INFO - [2026-04-28T18:36:43.924+0200] {dag.py:3954} INFO - Setting next_dagrun for example_subdag_operator.section-1 to None, run_after=None
[2026-04-28T18:36:43.925+0200] {logging_mixin.py:188} INFO - [2026-04-28T18:36:43.925+0200] {dag.py:3954} INFO - Setting next_dagrun for example_subdag_operator.section-2 to None, run_after=None
[2026-04-28T18:36:43.926+0200] {logging_mixin.py:188} INFO - [2026-04-28T18:36:43.926+0200] {dag.py:3096} INFO - Sync 2 DAGs
[2026-04-28T18:36:43.927+0200] {logging_mixin.py:188} INFO - [2026-04-28T18:36:43.927+0200] {dag.py:3954} INFO - Setting next_dagrun for example_subdag_operator.section-1 to None, run_after=None
[2026-04-28T18:36:43.927+0200] {logging_mixin.py:188} INFO - [2026-04-28T18:36:43.927+0200] {dag.py:3954} INFO - Setting next_dagrun for example_subdag_operator.section-2 to None, run_after=None
[2026-04-28T18:36:43.930+0200] {processor.py:183} INFO - Processing /Users/pablofrancoherrero/prueba_tecnica/venv/lib/python3.11/site-packages/airflow/example_dags/example_subdag_operator.py took 0.048 seconds
[2026-04-28T18:38:06.709+0200] {processor.py:161} INFO - Started process (PID=34295) to work on /Users/pablofrancoherrero/prueba_tecnica/venv/lib/python3.11/site-packages/airflow/example_dags/example_subdag_operator.py
[2026-04-28T18:38:06.709+0200] {processor.py:830} INFO - Processing file /Users/pablofrancoherrero/prueba_tecnica/venv/lib/python3.11/site-packages/airflow/example_dags/example_subdag_operator.py for tasks to queue
[2026-04-28T18:38:06.710+0200] {logging_mixin.py:188} INFO - [2026-04-28T18:38:06.710+0200] {dagbag.py:540} INFO - Filling up the DagBag from /Users/pablofrancoherrero/prueba_tecnica/venv/lib/python3.11/site-packages/airflow/example_dags/example_subdag_operator.py
[2026-04-28T18:38:06.737+0200] {processor.py:840} INFO - DAG(s) 'example_subdag_operator.section-1', 'example_subdag_operator.section-2', 'example_subdag_operator' retrieved from /Users/pablofrancoherrero/prueba_tecnica/venv/lib/python3.11/site-packages/airflow/example_dags/example_subdag_operator.py
[2026-04-28T18:38:06.746+0200] {logging_mixin.py:188} INFO - [2026-04-28T18:38:06.746+0200] {dag.py:3096} INFO - Sync 3 DAGs
[2026-04-28T18:38:06.751+0200] {logging_mixin.py:188} INFO - [2026-04-28T18:38:06.751+0200] {dag.py:3954} INFO - Setting next_dagrun for example_subdag_operator to 2022-01-01 00:00:00+00:00, run_after=2022-01-01 00:00:00+00:00
[2026-04-28T18:38:06.752+0200] {logging_mixin.py:188} INFO - [2026-04-28T18:38:06.752+0200] {dag.py:3954} INFO - Setting next_dagrun for example_subdag_operator.section-1 to None, run_after=None
[2026-04-28T18:38:06.752+0200] {logging_mixin.py:188} INFO - [2026-04-28T18:38:06.752+0200] {dag.py:3954} INFO - Setting next_dagrun for example_subdag_operator.section-2 to None, run_after=None
[2026-04-28T18:38:06.754+0200] {logging_mixin.py:188} INFO - [2026-04-28T18:38:06.754+0200] {dag.py:3096} INFO - Sync 2 DAGs
[2026-04-28T18:38:06.755+0200] {logging_mixin.py:188} INFO - [2026-04-28T18:38:06.755+0200] {dag.py:3954} INFO - Setting next_dagrun for example_subdag_operator.section-1 to None, run_after=None
[2026-04-28T18:38:06.755+0200] {logging_mixin.py:188} INFO - [2026-04-28T18:38:06.755+0200] {dag.py:3954} INFO - Setting next_dagrun for example_subdag_operator.section-2 to None, run_after=None
[2026-04-28T18:38:06.758+0200] {processor.py:183} INFO - Processing /Users/pablofrancoherrero/prueba_tecnica/venv/lib/python3.11/site-packages/airflow/example_dags/example_subdag_operator.py took 0.050 seconds
[2026-04-28T18:39:27.644+0200] {processor.py:161} INFO - Started process (PID=34395) to work on /Users/pablofrancoherrero/prueba_tecnica/venv/lib/python3.11/site-packages/airflow/example_dags/example_subdag_operator.py
[2026-04-28T18:39:27.645+0200] {processor.py:830} INFO - Processing file /Users/pablofrancoherrero/prueba_tecnica/venv/lib/python3.11/site-packages/airflow/example_dags/example_subdag_operator.py for tasks to queue
[2026-04-28T18:39:27.646+0200] {logging_mixin.py:188} INFO - [2026-04-28T18:39:27.646+0200] {dagbag.py:540} INFO - Filling up the DagBag from /Users/pablofrancoherrero/prueba_tecnica/venv/lib/python3.11/site-packages/airflow/example_dags/example_subdag_operator.py
[2026-04-28T18:39:27.673+0200] {processor.py:840} INFO - DAG(s) 'example_subdag_operator.section-1', 'example_subdag_operator.section-2', 'example_subdag_operator' retrieved from /Users/pablofrancoherrero/prueba_tecnica/venv/lib/python3.11/site-packages/airflow/example_dags/example_subdag_operator.py
[2026-04-28T18:39:27.682+0200] {logging_mixin.py:188} INFO - [2026-04-28T18:39:27.682+0200] {dag.py:3096} INFO - Sync 3 DAGs
[2026-04-28T18:39:27.686+0200] {logging_mixin.py:188} INFO - [2026-04-28T18:39:27.686+0200] {dag.py:3954} INFO - Setting next_dagrun for example_subdag_operator to 2022-01-01 00:00:00+00:00, run_after=2022-01-01 00:00:00+00:00
[2026-04-28T18:39:27.687+0200] {logging_mixin.py:188} INFO - [2026-04-28T18:39:27.687+0200] {dag.py:3954} INFO - Setting next_dagrun for example_subdag_operator.section-1 to None, run_after=None
[2026-04-28T18:39:27.687+0200] {logging_mixin.py:188} INFO - [2026-04-28T18:39:27.687+0200] {dag.py:3954} INFO - Setting next_dagrun for example_subdag_operator.section-2 to None, run_after=None
[2026-04-28T18:39:27.689+0200] {logging_mixin.py:188} INFO - [2026-04-28T18:39:27.689+0200] {dag.py:3096} INFO - Sync 2 DAGs
[2026-04-28T18:39:27.690+0200] {logging_mixin.py:188} INFO - [2026-04-28T18:39:27.690+0200] {dag.py:3954} INFO - Setting next_dagrun for example_subdag_operator.section-1 to None, run_after=None
[2026-04-28T18:39:27.690+0200] {logging_mixin.py:188} INFO - [2026-04-28T18:39:27.690+0200] {dag.py:3954} INFO - Setting next_dagrun for example_subdag_operator.section-2 to None, run_after=None
[2026-04-28T18:39:27.693+0200] {processor.py:183} INFO - Processing /Users/pablofrancoherrero/prueba_tecnica/venv/lib/python3.11/site-packages/airflow/example_dags/example_subdag_operator.py took 0.050 seconds
[2026-04-28T18:40:46.829+0200] {processor.py:161} INFO - Started process (PID=34499) to work on /Users/pablofrancoherrero/prueba_tecnica/venv/lib/python3.11/site-packages/airflow/example_dags/example_subdag_operator.py
[2026-04-28T18:40:46.830+0200] {processor.py:830} INFO - Processing file /Users/pablofrancoherrero/prueba_tecnica/venv/lib/python3.11/site-packages/airflow/example_dags/example_subdag_operator.py for tasks to queue
[2026-04-28T18:40:46.830+0200] {logging_mixin.py:188} INFO - [2026-04-28T18:40:46.830+0200] {dagbag.py:540} INFO - Filling up the DagBag from /Users/pablofrancoherrero/prueba_tecnica/venv/lib/python3.11/site-packages/airflow/example_dags/example_subdag_operator.py
[2026-04-28T18:40:46.857+0200] {processor.py:840} INFO - DAG(s) 'example_subdag_operator.section-1', 'example_subdag_operator.section-2', 'example_subdag_operator' retrieved from /Users/pablofrancoherrero/prueba_tecnica/venv/lib/python3.11/site-packages/airflow/example_dags/example_subdag_operator.py
[2026-04-28T18:40:46.865+0200] {logging_mixin.py:188} INFO - [2026-04-28T18:40:46.865+0200] {dag.py:3096} INFO - Sync 3 DAGs
[2026-04-28T18:40:46.870+0200] {logging_mixin.py:188} INFO - [2026-04-28T18:40:46.870+0200] {dag.py:3954} INFO - Setting next_dagrun for example_subdag_operator to 2022-01-01 00:00:00+00:00, run_after=2022-01-01 00:00:00+00:00
[2026-04-28T18:40:46.871+0200] {logging_mixin.py:188} INFO - [2026-04-28T18:40:46.871+0200] {dag.py:3954} INFO - Setting next_dagrun for example_subdag_operator.section-1 to None, run_after=None
[2026-04-28T18:40:46.871+0200] {logging_mixin.py:188} INFO - [2026-04-28T18:40:46.871+0200] {dag.py:3954} INFO - Setting next_dagrun for example_subdag_operator.section-2 to None, run_after=None
[2026-04-28T18:40:46.873+0200] {logging_mixin.py:188} INFO - [2026-04-28T18:40:46.873+0200] {dag.py:3096} INFO - Sync 2 DAGs
[2026-04-28T18:40:46.874+0200] {logging_mixin.py:188} INFO - [2026-04-28T18:40:46.874+0200] {dag.py:3954} INFO - Setting next_dagrun for example_subdag_operator.section-1 to None, run_after=None
[2026-04-28T18:40:46.874+0200] {logging_mixin.py:188} INFO - [2026-04-28T18:40:46.874+0200] {dag.py:3954} INFO - Setting next_dagrun for example_subdag_operator.section-2 to None, run_after=None
[2026-04-28T18:40:46.877+0200] {processor.py:183} INFO - Processing /Users/pablofrancoherrero/prueba_tecnica/venv/lib/python3.11/site-packages/airflow/example_dags/example_subdag_operator.py took 0.049 seconds
[2026-04-28T18:42:09.231+0200] {processor.py:161} INFO - Started process (PID=34862) to work on /Users/pablofrancoherrero/prueba_tecnica/venv/lib/python3.11/site-packages/airflow/example_dags/example_subdag_operator.py
[2026-04-28T18:42:09.232+0200] {processor.py:830} INFO - Processing file /Users/pablofrancoherrero/prueba_tecnica/venv/lib/python3.11/site-packages/airflow/example_dags/example_subdag_operator.py for tasks to queue
[2026-04-28T18:42:09.232+0200] {logging_mixin.py:188} INFO - [2026-04-28T18:42:09.232+0200] {dagbag.py:540} INFO - Filling up the DagBag from /Users/pablofrancoherrero/prueba_tecnica/venv/lib/python3.11/site-packages/airflow/example_dags/example_subdag_operator.py
[2026-04-28T18:42:09.260+0200] {processor.py:840} INFO - DAG(s) 'example_subdag_operator.section-1', 'example_subdag_operator.section-2', 'example_subdag_operator' retrieved from /Users/pablofrancoherrero/prueba_tecnica/venv/lib/python3.11/site-packages/airflow/example_dags/example_subdag_operator.py
[2026-04-28T18:42:09.269+0200] {logging_mixin.py:188} INFO - [2026-04-28T18:42:09.269+0200] {dag.py:3096} INFO - Sync 3 DAGs
[2026-04-28T18:42:09.274+0200] {logging_mixin.py:188} INFO - [2026-04-28T18:42:09.274+0200] {dag.py:3954} INFO - Setting next_dagrun for example_subdag_operator to 2022-01-01 00:00:00+00:00, run_after=2022-01-01 00:00:00+00:00
[2026-04-28T18:42:09.275+0200] {logging_mixin.py:188} INFO - [2026-04-28T18:42:09.275+0200] {dag.py:3954} INFO - Setting next_dagrun for example_subdag_operator.section-1 to None, run_after=None
[2026-04-28T18:42:09.275+0200] {logging_mixin.py:188} INFO - [2026-04-28T18:42:09.275+0200] {dag.py:3954} INFO - Setting next_dagrun for example_subdag_operator.section-2 to None, run_after=None
[2026-04-28T18:42:09.278+0200] {logging_mixin.py:188} INFO - [2026-04-28T18:42:09.278+0200] {dag.py:3096} INFO - Sync 2 DAGs
[2026-04-28T18:42:09.279+0200] {logging_mixin.py:188} INFO - [2026-04-28T18:42:09.279+0200] {dag.py:3954} INFO - Setting next_dagrun for example_subdag_operator.section-1 to None, run_after=None
[2026-04-28T18:42:09.279+0200] {logging_mixin.py:188} INFO - [2026-04-28T18:42:09.279+0200] {dag.py:3954} INFO - Setting next_dagrun for example_subdag_operator.section-2 to None, run_after=None
[2026-04-28T18:42:09.283+0200] {processor.py:183} INFO - Processing /Users/pablofrancoherrero/prueba_tecnica/venv/lib/python3.11/site-packages/airflow/example_dags/example_subdag_operator.py took 0.053 seconds
[2026-04-28T18:43:31.104+0200] {processor.py:161} INFO - Started process (PID=34986) to work on /Users/pablofrancoherrero/prueba_tecnica/venv/lib/python3.11/site-packages/airflow/example_dags/example_subdag_operator.py
[2026-04-28T18:43:31.105+0200] {processor.py:830} INFO - Processing file /Users/pablofrancoherrero/prueba_tecnica/venv/lib/python3.11/site-packages/airflow/example_dags/example_subdag_operator.py for tasks to queue
[2026-04-28T18:43:31.106+0200] {logging_mixin.py:188} INFO - [2026-04-28T18:43:31.106+0200] {dagbag.py:540} INFO - Filling up the DagBag from /Users/pablofrancoherrero/prueba_tecnica/venv/lib/python3.11/site-packages/airflow/example_dags/example_subdag_operator.py
[2026-04-28T18:43:31.132+0200] {processor.py:840} INFO - DAG(s) 'example_subdag_operator.section-1', 'example_subdag_operator.section-2', 'example_subdag_operator' retrieved from /Users/pablofrancoherrero/prueba_tecnica/venv/lib/python3.11/site-packages/airflow/example_dags/example_subdag_operator.py
[2026-04-28T18:43:31.141+0200] {logging_mixin.py:188} INFO - [2026-04-28T18:43:31.141+0200] {dag.py:3096} INFO - Sync 3 DAGs
[2026-04-28T18:43:31.146+0200] {logging_mixin.py:188} INFO - [2026-04-28T18:43:31.146+0200] {dag.py:3954} INFO - Setting next_dagrun for example_subdag_operator to 2022-01-01 00:00:00+00:00, run_after=2022-01-01 00:00:00+00:00
[2026-04-28T18:43:31.147+0200] {logging_mixin.py:188} INFO - [2026-04-28T18:43:31.147+0200] {dag.py:3954} INFO - Setting next_dagrun for example_subdag_operator.section-1 to None, run_after=None
[2026-04-28T18:43:31.147+0200] {logging_mixin.py:188} INFO - [2026-04-28T18:43:31.147+0200] {dag.py:3954} INFO - Setting next_dagrun for example_subdag_operator.section-2 to None, run_after=None
[2026-04-28T18:43:31.149+0200] {logging_mixin.py:188} INFO - [2026-04-28T18:43:31.149+0200] {dag.py:3096} INFO - Sync 2 DAGs
[2026-04-28T18:43:31.150+0200] {logging_mixin.py:188} INFO - [2026-04-28T18:43:31.150+0200] {dag.py:3954} INFO - Setting next_dagrun for example_subdag_operator.section-1 to None, run_after=None
[2026-04-28T18:43:31.150+0200] {logging_mixin.py:188} INFO - [2026-04-28T18:43:31.150+0200] {dag.py:3954} INFO - Setting next_dagrun for example_subdag_operator.section-2 to None, run_after=None
[2026-04-28T18:43:31.153+0200] {processor.py:183} INFO - Processing /Users/pablofrancoherrero/prueba_tecnica/venv/lib/python3.11/site-packages/airflow/example_dags/example_subdag_operator.py took 0.049 seconds
[2026-04-28T18:44:53.752+0200] {processor.py:161} INFO - Started process (PID=35072) to work on /Users/pablofrancoherrero/prueba_tecnica/venv/lib/python3.11/site-packages/airflow/example_dags/example_subdag_operator.py
[2026-04-28T18:44:53.753+0200] {processor.py:830} INFO - Processing file /Users/pablofrancoherrero/prueba_tecnica/venv/lib/python3.11/site-packages/airflow/example_dags/example_subdag_operator.py for tasks to queue
[2026-04-28T18:44:53.753+0200] {logging_mixin.py:188} INFO - [2026-04-28T18:44:53.753+0200] {dagbag.py:540} INFO - Filling up the DagBag from /Users/pablofrancoherrero/prueba_tecnica/venv/lib/python3.11/site-packages/airflow/example_dags/example_subdag_operator.py
[2026-04-28T18:44:53.779+0200] {processor.py:840} INFO - DAG(s) 'example_subdag_operator.section-1', 'example_subdag_operator.section-2', 'example_subdag_operator' retrieved from /Users/pablofrancoherrero/prueba_tecnica/venv/lib/python3.11/site-packages/airflow/example_dags/example_subdag_operator.py
[2026-04-28T18:44:53.788+0200] {logging_mixin.py:188} INFO - [2026-04-28T18:44:53.788+0200] {dag.py:3096} INFO - Sync 3 DAGs
[2026-04-28T18:44:53.792+0200] {logging_mixin.py:188} INFO - [2026-04-28T18:44:53.792+0200] {dag.py:3954} INFO - Setting next_dagrun for example_subdag_operator to 2022-01-01 00:00:00+00:00, run_after=2022-01-01 00:00:00+00:00
[2026-04-28T18:44:53.793+0200] {logging_mixin.py:188} INFO - [2026-04-28T18:44:53.793+0200] {dag.py:3954} INFO - Setting next_dagrun for example_subdag_operator.section-1 to None, run_after=None
[2026-04-28T18:44:53.793+0200] {logging_mixin.py:188} INFO - [2026-04-28T18:44:53.793+0200] {dag.py:3954} INFO - Setting next_dagrun for example_subdag_operator.section-2 to None, run_after=None
[2026-04-28T18:44:53.795+0200] {logging_mixin.py:188} INFO - [2026-04-28T18:44:53.795+0200] {dag.py:3096} INFO - Sync 2 DAGs
[2026-04-28T18:44:53.796+0200] {logging_mixin.py:188} INFO - [2026-04-28T18:44:53.796+0200] {dag.py:3954} INFO - Setting next_dagrun for example_subdag_operator.section-1 to None, run_after=None
[2026-04-28T18:44:53.796+0200] {logging_mixin.py:188} INFO - [2026-04-28T18:44:53.796+0200] {dag.py:3954} INFO - Setting next_dagrun for example_subdag_operator.section-2 to None, run_after=None
[2026-04-28T18:44:53.799+0200] {processor.py:183} INFO - Processing /Users/pablofrancoherrero/prueba_tecnica/venv/lib/python3.11/site-packages/airflow/example_dags/example_subdag_operator.py took 0.048 seconds
[2026-04-28T18:46:16.235+0200] {processor.py:161} INFO - Started process (PID=35171) to work on /Users/pablofrancoherrero/prueba_tecnica/venv/lib/python3.11/site-packages/airflow/example_dags/example_subdag_operator.py
[2026-04-28T18:46:16.236+0200] {processor.py:830} INFO - Processing file /Users/pablofrancoherrero/prueba_tecnica/venv/lib/python3.11/site-packages/airflow/example_dags/example_subdag_operator.py for tasks to queue
[2026-04-28T18:46:16.236+0200] {logging_mixin.py:188} INFO - [2026-04-28T18:46:16.236+0200] {dagbag.py:540} INFO - Filling up the DagBag from /Users/pablofrancoherrero/prueba_tecnica/venv/lib/python3.11/site-packages/airflow/example_dags/example_subdag_operator.py
[2026-04-28T18:46:16.266+0200] {processor.py:840} INFO - DAG(s) 'example_subdag_operator.section-1', 'example_subdag_operator.section-2', 'example_subdag_operator' retrieved from /Users/pablofrancoherrero/prueba_tecnica/venv/lib/python3.11/site-packages/airflow/example_dags/example_subdag_operator.py
[2026-04-28T18:46:16.275+0200] {logging_mixin.py:188} INFO - [2026-04-28T18:46:16.275+0200] {dag.py:3096} INFO - Sync 3 DAGs
[2026-04-28T18:46:16.280+0200] {logging_mixin.py:188} INFO - [2026-04-28T18:46:16.280+0200] {dag.py:3954} INFO - Setting next_dagrun for example_subdag_operator to 2022-01-01 00:00:00+00:00, run_after=2022-01-01 00:00:00+00:00
[2026-04-28T18:46:16.280+0200] {logging_mixin.py:188} INFO - [2026-04-28T18:46:16.280+0200] {dag.py:3954} INFO - Setting next_dagrun for example_subdag_operator.section-1 to None, run_after=None
[2026-04-28T18:46:16.281+0200] {logging_mixin.py:188} INFO - [2026-04-28T18:46:16.281+0200] {dag.py:3954} INFO - Setting next_dagrun for example_subdag_operator.section-2 to None, run_after=None
[2026-04-28T18:46:16.283+0200] {logging_mixin.py:188} INFO - [2026-04-28T18:46:16.283+0200] {dag.py:3096} INFO - Sync 2 DAGs
[2026-04-28T18:46:16.284+0200] {logging_mixin.py:188} INFO - [2026-04-28T18:46:16.284+0200] {dag.py:3954} INFO - Setting next_dagrun for example_subdag_operator.section-1 to None, run_after=None
[2026-04-28T18:46:16.284+0200] {logging_mixin.py:188} INFO - [2026-04-28T18:46:16.284+0200] {dag.py:3954} INFO - Setting next_dagrun for example_subdag_operator.section-2 to None, run_after=None
[2026-04-28T18:46:16.287+0200] {processor.py:183} INFO - Processing /Users/pablofrancoherrero/prueba_tecnica/venv/lib/python3.11/site-packages/airflow/example_dags/example_subdag_operator.py took 0.053 seconds
[2026-04-28T18:47:37.566+0200] {processor.py:161} INFO - Started process (PID=35285) to work on /Users/pablofrancoherrero/prueba_tecnica/venv/lib/python3.11/site-packages/airflow/example_dags/example_subdag_operator.py
[2026-04-28T18:47:37.567+0200] {processor.py:830} INFO - Processing file /Users/pablofrancoherrero/prueba_tecnica/venv/lib/python3.11/site-packages/airflow/example_dags/example_subdag_operator.py for tasks to queue
[2026-04-28T18:47:37.567+0200] {logging_mixin.py:188} INFO - [2026-04-28T18:47:37.567+0200] {dagbag.py:540} INFO - Filling up the DagBag from /Users/pablofrancoherrero/prueba_tecnica/venv/lib/python3.11/site-packages/airflow/example_dags/example_subdag_operator.py
[2026-04-28T18:47:37.594+0200] {processor.py:840} INFO - DAG(s) 'example_subdag_operator.section-1', 'example_subdag_operator.section-2', 'example_subdag_operator' retrieved from /Users/pablofrancoherrero/prueba_tecnica/venv/lib/python3.11/site-packages/airflow/example_dags/example_subdag_operator.py
[2026-04-28T18:47:37.603+0200] {logging_mixin.py:188} INFO - [2026-04-28T18:47:37.603+0200] {dag.py:3096} INFO - Sync 3 DAGs
[2026-04-28T18:47:37.608+0200] {logging_mixin.py:188} INFO - [2026-04-28T18:47:37.608+0200] {dag.py:3954} INFO - Setting next_dagrun for example_subdag_operator to 2022-01-01 00:00:00+00:00, run_after=2022-01-01 00:00:00+00:00
[2026-04-28T18:47:37.609+0200] {logging_mixin.py:188} INFO - [2026-04-28T18:47:37.609+0200] {dag.py:3954} INFO - Setting next_dagrun for example_subdag_operator.section-1 to None, run_after=None
[2026-04-28T18:47:37.609+0200] {logging_mixin.py:188} INFO - [2026-04-28T18:47:37.609+0200] {dag.py:3954} INFO - Setting next_dagrun for example_subdag_operator.section-2 to None, run_after=None
[2026-04-28T18:47:37.611+0200] {logging_mixin.py:188} INFO - [2026-04-28T18:47:37.611+0200] {dag.py:3096} INFO - Sync 2 DAGs
[2026-04-28T18:47:37.612+0200] {logging_mixin.py:188} INFO - [2026-04-28T18:47:37.612+0200] {dag.py:3954} INFO - Setting next_dagrun for example_subdag_operator.section-1 to None, run_after=None
[2026-04-28T18:47:37.612+0200] {logging_mixin.py:188} INFO - [2026-04-28T18:47:37.612+0200] {dag.py:3954} INFO - Setting next_dagrun for example_subdag_operator.section-2 to None, run_after=None
[2026-04-28T18:47:37.615+0200] {processor.py:183} INFO - Processing /Users/pablofrancoherrero/prueba_tecnica/venv/lib/python3.11/site-packages/airflow/example_dags/example_subdag_operator.py took 0.050 seconds
[2026-04-28T18:49:00.684+0200] {processor.py:161} INFO - Started process (PID=35392) to work on /Users/pablofrancoherrero/prueba_tecnica/venv/lib/python3.11/site-packages/airflow/example_dags/example_subdag_operator.py
[2026-04-28T18:49:00.685+0200] {processor.py:830} INFO - Processing file /Users/pablofrancoherrero/prueba_tecnica/venv/lib/python3.11/site-packages/airflow/example_dags/example_subdag_operator.py for tasks to queue
[2026-04-28T18:49:00.686+0200] {logging_mixin.py:188} INFO - [2026-04-28T18:49:00.685+0200] {dagbag.py:540} INFO - Filling up the DagBag from /Users/pablofrancoherrero/prueba_tecnica/venv/lib/python3.11/site-packages/airflow/example_dags/example_subdag_operator.py
[2026-04-28T18:49:00.713+0200] {processor.py:840} INFO - DAG(s) 'example_subdag_operator.section-1', 'example_subdag_operator.section-2', 'example_subdag_operator' retrieved from /Users/pablofrancoherrero/prueba_tecnica/venv/lib/python3.11/site-packages/airflow/example_dags/example_subdag_operator.py
[2026-04-28T18:49:00.722+0200] {logging_mixin.py:188} INFO - [2026-04-28T18:49:00.722+0200] {dag.py:3096} INFO - Sync 3 DAGs
[2026-04-28T18:49:00.726+0200] {logging_mixin.py:188} INFO - [2026-04-28T18:49:00.726+0200] {dag.py:3954} INFO - Setting next_dagrun for example_subdag_operator to 2022-01-01 00:00:00+00:00, run_after=2022-01-01 00:00:00+00:00
[2026-04-28T18:49:00.727+0200] {logging_mixin.py:188} INFO - [2026-04-28T18:49:00.727+0200] {dag.py:3954} INFO - Setting next_dagrun for example_subdag_operator.section-1 to None, run_after=None
[2026-04-28T18:49:00.727+0200] {logging_mixin.py:188} INFO - [2026-04-28T18:49:00.727+0200] {dag.py:3954} INFO - Setting next_dagrun for example_subdag_operator.section-2 to None, run_after=None
[2026-04-28T18:49:00.729+0200] {logging_mixin.py:188} INFO - [2026-04-28T18:49:00.729+0200] {dag.py:3096} INFO - Sync 2 DAGs
[2026-04-28T18:49:00.730+0200] {logging_mixin.py:188} INFO - [2026-04-28T18:49:00.730+0200] {dag.py:3954} INFO - Setting next_dagrun for example_subdag_operator.section-1 to None, run_after=None
[2026-04-28T18:49:00.730+0200] {logging_mixin.py:188} INFO - [2026-04-28T18:49:00.730+0200] {dag.py:3954} INFO - Setting next_dagrun for example_subdag_operator.section-2 to None, run_after=None
[2026-04-28T18:49:00.733+0200] {processor.py:183} INFO - Processing /Users/pablofrancoherrero/prueba_tecnica/venv/lib/python3.11/site-packages/airflow/example_dags/example_subdag_operator.py took 0.050 seconds
[2026-04-28T18:50:22.241+0200] {processor.py:161} INFO - Started process (PID=35479) to work on /Users/pablofrancoherrero/prueba_tecnica/venv/lib/python3.11/site-packages/airflow/example_dags/example_subdag_operator.py
[2026-04-28T18:50:22.241+0200] {processor.py:830} INFO - Processing file /Users/pablofrancoherrero/prueba_tecnica/venv/lib/python3.11/site-packages/airflow/example_dags/example_subdag_operator.py for tasks to queue
[2026-04-28T18:50:22.241+0200] {logging_mixin.py:188} INFO - [2026-04-28T18:50:22.241+0200] {dagbag.py:540} INFO - Filling up the DagBag from /Users/pablofrancoherrero/prueba_tecnica/venv/lib/python3.11/site-packages/airflow/example_dags/example_subdag_operator.py
[2026-04-28T18:50:22.268+0200] {processor.py:840} INFO - DAG(s) 'example_subdag_operator.section-1', 'example_subdag_operator.section-2', 'example_subdag_operator' retrieved from /Users/pablofrancoherrero/prueba_tecnica/venv/lib/python3.11/site-packages/airflow/example_dags/example_subdag_operator.py
[2026-04-28T18:50:22.278+0200] {logging_mixin.py:188} INFO - [2026-04-28T18:50:22.277+0200] {dag.py:3096} INFO - Sync 3 DAGs
[2026-04-28T18:50:22.282+0200] {logging_mixin.py:188} INFO - [2026-04-28T18:50:22.282+0200] {dag.py:3954} INFO - Setting next_dagrun for example_subdag_operator to 2022-01-01 00:00:00+00:00, run_after=2022-01-01 00:00:00+00:00
[2026-04-28T18:50:22.283+0200] {logging_mixin.py:188} INFO - [2026-04-28T18:50:22.283+0200] {dag.py:3954} INFO - Setting next_dagrun for example_subdag_operator.section-1 to None, run_after=None
[2026-04-28T18:50:22.283+0200] {logging_mixin.py:188} INFO - [2026-04-28T18:50:22.283+0200] {dag.py:3954} INFO - Setting next_dagrun for example_subdag_operator.section-2 to None, run_after=None
[2026-04-28T18:50:22.285+0200] {logging_mixin.py:188} INFO - [2026-04-28T18:50:22.285+0200] {dag.py:3096} INFO - Sync 2 DAGs
[2026-04-28T18:50:22.286+0200] {logging_mixin.py:188} INFO - [2026-04-28T18:50:22.286+0200] {dag.py:3954} INFO - Setting next_dagrun for example_subdag_operator.section-1 to None, run_after=None
[2026-04-28T18:50:22.286+0200] {logging_mixin.py:188} INFO - [2026-04-28T18:50:22.286+0200] {dag.py:3954} INFO - Setting next_dagrun for example_subdag_operator.section-2 to None, run_after=None
[2026-04-28T18:50:22.289+0200] {processor.py:183} INFO - Processing /Users/pablofrancoherrero/prueba_tecnica/venv/lib/python3.11/site-packages/airflow/example_dags/example_subdag_operator.py took 0.050 seconds
[2026-04-28T18:51:45.419+0200] {processor.py:161} INFO - Started process (PID=35589) to work on /Users/pablofrancoherrero/prueba_tecnica/venv/lib/python3.11/site-packages/airflow/example_dags/example_subdag_operator.py
[2026-04-28T18:51:45.420+0200] {processor.py:830} INFO - Processing file /Users/pablofrancoherrero/prueba_tecnica/venv/lib/python3.11/site-packages/airflow/example_dags/example_subdag_operator.py for tasks to queue
[2026-04-28T18:51:45.420+0200] {logging_mixin.py:188} INFO - [2026-04-28T18:51:45.420+0200] {dagbag.py:540} INFO - Filling up the DagBag from /Users/pablofrancoherrero/prueba_tecnica/venv/lib/python3.11/site-packages/airflow/example_dags/example_subdag_operator.py
[2026-04-28T18:51:45.448+0200] {processor.py:840} INFO - DAG(s) 'example_subdag_operator.section-1', 'example_subdag_operator.section-2', 'example_subdag_operator' retrieved from /Users/pablofrancoherrero/prueba_tecnica/venv/lib/python3.11/site-packages/airflow/example_dags/example_subdag_operator.py
[2026-04-28T18:51:45.458+0200] {logging_mixin.py:188} INFO - [2026-04-28T18:51:45.458+0200] {dag.py:3096} INFO - Sync 3 DAGs
[2026-04-28T18:51:45.462+0200] {logging_mixin.py:188} INFO - [2026-04-28T18:51:45.462+0200] {dag.py:3954} INFO - Setting next_dagrun for example_subdag_operator to 2022-01-01 00:00:00+00:00, run_after=2022-01-01 00:00:00+00:00
[2026-04-28T18:51:45.463+0200] {logging_mixin.py:188} INFO - [2026-04-28T18:51:45.463+0200] {dag.py:3954} INFO - Setting next_dagrun for example_subdag_operator.section-1 to None, run_after=None
[2026-04-28T18:51:45.463+0200] {logging_mixin.py:188} INFO - [2026-04-28T18:51:45.463+0200] {dag.py:3954} INFO - Setting next_dagrun for example_subdag_operator.section-2 to None, run_after=None
[2026-04-28T18:51:45.465+0200] {logging_mixin.py:188} INFO - [2026-04-28T18:51:45.465+0200] {dag.py:3096} INFO - Sync 2 DAGs
[2026-04-28T18:51:45.466+0200] {logging_mixin.py:188} INFO - [2026-04-28T18:51:45.466+0200] {dag.py:3954} INFO - Setting next_dagrun for example_subdag_operator.section-1 to None, run_after=None
[2026-04-28T18:51:45.467+0200] {logging_mixin.py:188} INFO - [2026-04-28T18:51:45.466+0200] {dag.py:3954} INFO - Setting next_dagrun for example_subdag_operator.section-2 to None, run_after=None
[2026-04-28T18:51:45.470+0200] {processor.py:183} INFO - Processing /Users/pablofrancoherrero/prueba_tecnica/venv/lib/python3.11/site-packages/airflow/example_dags/example_subdag_operator.py took 0.051 seconds
[2026-04-28T18:53:08.821+0200] {processor.py:161} INFO - Started process (PID=35694) to work on /Users/pablofrancoherrero/prueba_tecnica/venv/lib/python3.11/site-packages/airflow/example_dags/example_subdag_operator.py
[2026-04-28T18:53:08.822+0200] {processor.py:830} INFO - Processing file /Users/pablofrancoherrero/prueba_tecnica/venv/lib/python3.11/site-packages/airflow/example_dags/example_subdag_operator.py for tasks to queue
[2026-04-28T18:53:08.823+0200] {logging_mixin.py:188} INFO - [2026-04-28T18:53:08.822+0200] {dagbag.py:540} INFO - Filling up the DagBag from /Users/pablofrancoherrero/prueba_tecnica/venv/lib/python3.11/site-packages/airflow/example_dags/example_subdag_operator.py
[2026-04-28T18:53:08.850+0200] {processor.py:840} INFO - DAG(s) 'example_subdag_operator.section-1', 'example_subdag_operator.section-2', 'example_subdag_operator' retrieved from /Users/pablofrancoherrero/prueba_tecnica/venv/lib/python3.11/site-packages/airflow/example_dags/example_subdag_operator.py
[2026-04-28T18:53:08.859+0200] {logging_mixin.py:188} INFO - [2026-04-28T18:53:08.859+0200] {dag.py:3096} INFO - Sync 3 DAGs
[2026-04-28T18:53:08.864+0200] {logging_mixin.py:188} INFO - [2026-04-28T18:53:08.864+0200] {dag.py:3954} INFO - Setting next_dagrun for example_subdag_operator to 2022-01-01 00:00:00+00:00, run_after=2022-01-01 00:00:00+00:00
[2026-04-28T18:53:08.865+0200] {logging_mixin.py:188} INFO - [2026-04-28T18:53:08.865+0200] {dag.py:3954} INFO - Setting next_dagrun for example_subdag_operator.section-1 to None, run_after=None
[2026-04-28T18:53:08.865+0200] {logging_mixin.py:188} INFO - [2026-04-28T18:53:08.865+0200] {dag.py:3954} INFO - Setting next_dagrun for example_subdag_operator.section-2 to None, run_after=None
[2026-04-28T18:53:08.867+0200] {logging_mixin.py:188} INFO - [2026-04-28T18:53:08.867+0200] {dag.py:3096} INFO - Sync 2 DAGs
[2026-04-28T18:53:08.868+0200] {logging_mixin.py:188} INFO - [2026-04-28T18:53:08.868+0200] {dag.py:3954} INFO - Setting next_dagrun for example_subdag_operator.section-1 to None, run_after=None
[2026-04-28T18:53:08.868+0200] {logging_mixin.py:188} INFO - [2026-04-28T18:53:08.868+0200] {dag.py:3954} INFO - Setting next_dagrun for example_subdag_operator.section-2 to None, run_after=None
[2026-04-28T18:53:08.871+0200] {processor.py:183} INFO - Processing /Users/pablofrancoherrero/prueba_tecnica/venv/lib/python3.11/site-packages/airflow/example_dags/example_subdag_operator.py took 0.051 seconds
[2026-04-28T18:54:32.040+0200] {processor.py:161} INFO - Started process (PID=35778) to work on /Users/pablofrancoherrero/prueba_tecnica/venv/lib/python3.11/site-packages/airflow/example_dags/example_subdag_operator.py
[2026-04-28T18:54:32.041+0200] {processor.py:830} INFO - Processing file /Users/pablofrancoherrero/prueba_tecnica/venv/lib/python3.11/site-packages/airflow/example_dags/example_subdag_operator.py for tasks to queue
[2026-04-28T18:54:32.041+0200] {logging_mixin.py:188} INFO - [2026-04-28T18:54:32.041+0200] {dagbag.py:540} INFO - Filling up the DagBag from /Users/pablofrancoherrero/prueba_tecnica/venv/lib/python3.11/site-packages/airflow/example_dags/example_subdag_operator.py
[2026-04-28T18:54:32.081+0200] {processor.py:840} INFO - DAG(s) 'example_subdag_operator.section-1', 'example_subdag_operator.section-2', 'example_subdag_operator' retrieved from /Users/pablofrancoherrero/prueba_tecnica/venv/lib/python3.11/site-packages/airflow/example_dags/example_subdag_operator.py
[2026-04-28T18:54:32.103+0200] {logging_mixin.py:188} INFO - [2026-04-28T18:54:32.103+0200] {dag.py:3096} INFO - Sync 3 DAGs
[2026-04-28T18:54:32.114+0200] {logging_mixin.py:188} INFO - [2026-04-28T18:54:32.114+0200] {dag.py:3954} INFO - Setting next_dagrun for example_subdag_operator to 2022-01-01 00:00:00+00:00, run_after=2022-01-01 00:00:00+00:00
[2026-04-28T18:54:32.116+0200] {logging_mixin.py:188} INFO - [2026-04-28T18:54:32.116+0200] {dag.py:3954} INFO - Setting next_dagrun for example_subdag_operator.section-1 to None, run_after=None
[2026-04-28T18:54:32.117+0200] {logging_mixin.py:188} INFO - [2026-04-28T18:54:32.117+0200] {dag.py:3954} INFO - Setting next_dagrun for example_subdag_operator.section-2 to None, run_after=None
[2026-04-28T18:54:32.121+0200] {logging_mixin.py:188} INFO - [2026-04-28T18:54:32.121+0200] {dag.py:3096} INFO - Sync 2 DAGs
[2026-04-28T18:54:32.122+0200] {logging_mixin.py:188} INFO - [2026-04-28T18:54:32.122+0200] {dag.py:3954} INFO - Setting next_dagrun for example_subdag_operator.section-1 to None, run_after=None
[2026-04-28T18:54:32.123+0200] {logging_mixin.py:188} INFO - [2026-04-28T18:54:32.122+0200] {dag.py:3954} INFO - Setting next_dagrun for example_subdag_operator.section-2 to None, run_after=None
[2026-04-28T18:54:32.134+0200] {processor.py:183} INFO - Processing /Users/pablofrancoherrero/prueba_tecnica/venv/lib/python3.11/site-packages/airflow/example_dags/example_subdag_operator.py took 0.094 seconds
[2026-04-28T18:55:55.539+0200] {processor.py:161} INFO - Started process (PID=35871) to work on /Users/pablofrancoherrero/prueba_tecnica/venv/lib/python3.11/site-packages/airflow/example_dags/example_subdag_operator.py
[2026-04-28T18:55:55.539+0200] {processor.py:830} INFO - Processing file /Users/pablofrancoherrero/prueba_tecnica/venv/lib/python3.11/site-packages/airflow/example_dags/example_subdag_operator.py for tasks to queue
[2026-04-28T18:55:55.540+0200] {logging_mixin.py:188} INFO - [2026-04-28T18:55:55.540+0200] {dagbag.py:540} INFO - Filling up the DagBag from /Users/pablofrancoherrero/prueba_tecnica/venv/lib/python3.11/site-packages/airflow/example_dags/example_subdag_operator.py
[2026-04-28T18:55:55.567+0200] {processor.py:840} INFO - DAG(s) 'example_subdag_operator.section-1', 'example_subdag_operator.section-2', 'example_subdag_operator' retrieved from /Users/pablofrancoherrero/prueba_tecnica/venv/lib/python3.11/site-packages/airflow/example_dags/example_subdag_operator.py
[2026-04-28T18:55:55.576+0200] {logging_mixin.py:188} INFO - [2026-04-28T18:55:55.576+0200] {dag.py:3096} INFO - Sync 3 DAGs
[2026-04-28T18:55:55.581+0200] {logging_mixin.py:188} INFO - [2026-04-28T18:55:55.581+0200] {dag.py:3954} INFO - Setting next_dagrun for example_subdag_operator to 2022-01-01 00:00:00+00:00, run_after=2022-01-01 00:00:00+00:00
[2026-04-28T18:55:55.581+0200] {logging_mixin.py:188} INFO - [2026-04-28T18:55:55.581+0200] {dag.py:3954} INFO - Setting next_dagrun for example_subdag_operator.section-1 to None, run_after=None
[2026-04-28T18:55:55.582+0200] {logging_mixin.py:188} INFO - [2026-04-28T18:55:55.582+0200] {dag.py:3954} INFO - Setting next_dagrun for example_subdag_operator.section-2 to None, run_after=None
[2026-04-28T18:55:55.584+0200] {logging_mixin.py:188} INFO - [2026-04-28T18:55:55.584+0200] {dag.py:3096} INFO - Sync 2 DAGs
[2026-04-28T18:55:55.585+0200] {logging_mixin.py:188} INFO - [2026-04-28T18:55:55.585+0200] {dag.py:3954} INFO - Setting next_dagrun for example_subdag_operator.section-1 to None, run_after=None
[2026-04-28T18:55:55.585+0200] {logging_mixin.py:188} INFO - [2026-04-28T18:55:55.585+0200] {dag.py:3954} INFO - Setting next_dagrun for example_subdag_operator.section-2 to None, run_after=None
[2026-04-28T18:55:55.588+0200] {processor.py:183} INFO - Processing /Users/pablofrancoherrero/prueba_tecnica/venv/lib/python3.11/site-packages/airflow/example_dags/example_subdag_operator.py took 0.050 seconds
[2026-04-28T18:57:16.740+0200] {processor.py:161} INFO - Started process (PID=35953) to work on /Users/pablofrancoherrero/prueba_tecnica/venv/lib/python3.11/site-packages/airflow/example_dags/example_subdag_operator.py
[2026-04-28T18:57:16.741+0200] {processor.py:830} INFO - Processing file /Users/pablofrancoherrero/prueba_tecnica/venv/lib/python3.11/site-packages/airflow/example_dags/example_subdag_operator.py for tasks to queue
[2026-04-28T18:57:16.742+0200] {logging_mixin.py:188} INFO - [2026-04-28T18:57:16.742+0200] {dagbag.py:540} INFO - Filling up the DagBag from /Users/pablofrancoherrero/prueba_tecnica/venv/lib/python3.11/site-packages/airflow/example_dags/example_subdag_operator.py
[2026-04-28T18:57:16.767+0200] {processor.py:840} INFO - DAG(s) 'example_subdag_operator.section-1', 'example_subdag_operator.section-2', 'example_subdag_operator' retrieved from /Users/pablofrancoherrero/prueba_tecnica/venv/lib/python3.11/site-packages/airflow/example_dags/example_subdag_operator.py
[2026-04-28T18:57:16.775+0200] {logging_mixin.py:188} INFO - [2026-04-28T18:57:16.775+0200] {dag.py:3096} INFO - Sync 3 DAGs
[2026-04-28T18:57:16.780+0200] {logging_mixin.py:188} INFO - [2026-04-28T18:57:16.780+0200] {dag.py:3954} INFO - Setting next_dagrun for example_subdag_operator to 2022-01-01 00:00:00+00:00, run_after=2022-01-01 00:00:00+00:00
[2026-04-28T18:57:16.780+0200] {logging_mixin.py:188} INFO - [2026-04-28T18:57:16.780+0200] {dag.py:3954} INFO - Setting next_dagrun for example_subdag_operator.section-1 to None, run_after=None
[2026-04-28T18:57:16.781+0200] {logging_mixin.py:188} INFO - [2026-04-28T18:57:16.781+0200] {dag.py:3954} INFO - Setting next_dagrun for example_subdag_operator.section-2 to None, run_after=None
[2026-04-28T18:57:16.783+0200] {logging_mixin.py:188} INFO - [2026-04-28T18:57:16.782+0200] {dag.py:3096} INFO - Sync 2 DAGs
[2026-04-28T18:57:16.783+0200] {logging_mixin.py:188} INFO - [2026-04-28T18:57:16.783+0200] {dag.py:3954} INFO - Setting next_dagrun for example_subdag_operator.section-1 to None, run_after=None
[2026-04-28T18:57:16.784+0200] {logging_mixin.py:188} INFO - [2026-04-28T18:57:16.783+0200] {dag.py:3954} INFO - Setting next_dagrun for example_subdag_operator.section-2 to None, run_after=None
[2026-04-28T18:57:16.786+0200] {processor.py:183} INFO - Processing /Users/pablofrancoherrero/prueba_tecnica/venv/lib/python3.11/site-packages/airflow/example_dags/example_subdag_operator.py took 0.047 seconds
[2026-04-28T18:58:36.591+0200] {processor.py:161} INFO - Started process (PID=36021) to work on /Users/pablofrancoherrero/prueba_tecnica/venv/lib/python3.11/site-packages/airflow/example_dags/example_subdag_operator.py
[2026-04-28T18:58:36.592+0200] {processor.py:830} INFO - Processing file /Users/pablofrancoherrero/prueba_tecnica/venv/lib/python3.11/site-packages/airflow/example_dags/example_subdag_operator.py for tasks to queue
[2026-04-28T18:58:36.592+0200] {logging_mixin.py:188} INFO - [2026-04-28T18:58:36.592+0200] {dagbag.py:540} INFO - Filling up the DagBag from /Users/pablofrancoherrero/prueba_tecnica/venv/lib/python3.11/site-packages/airflow/example_dags/example_subdag_operator.py
[2026-04-28T18:58:36.619+0200] {processor.py:840} INFO - DAG(s) 'example_subdag_operator.section-1', 'example_subdag_operator.section-2', 'example_subdag_operator' retrieved from /Users/pablofrancoherrero/prueba_tecnica/venv/lib/python3.11/site-packages/airflow/example_dags/example_subdag_operator.py
[2026-04-28T18:58:36.627+0200] {logging_mixin.py:188} INFO - [2026-04-28T18:58:36.627+0200] {dag.py:3096} INFO - Sync 3 DAGs
[2026-04-28T18:58:36.632+0200] {logging_mixin.py:188} INFO - [2026-04-28T18:58:36.632+0200] {dag.py:3954} INFO - Setting next_dagrun for example_subdag_operator to 2022-01-01 00:00:00+00:00, run_after=2022-01-01 00:00:00+00:00
[2026-04-28T18:58:36.633+0200] {logging_mixin.py:188} INFO - [2026-04-28T18:58:36.633+0200] {dag.py:3954} INFO - Setting next_dagrun for example_subdag_operator.section-1 to None, run_after=None
[2026-04-28T18:58:36.633+0200] {logging_mixin.py:188} INFO - [2026-04-28T18:58:36.633+0200] {dag.py:3954} INFO - Setting next_dagrun for example_subdag_operator.section-2 to None, run_after=None
[2026-04-28T18:58:36.635+0200] {logging_mixin.py:188} INFO - [2026-04-28T18:58:36.635+0200] {dag.py:3096} INFO - Sync 2 DAGs
[2026-04-28T18:58:36.636+0200] {logging_mixin.py:188} INFO - [2026-04-28T18:58:36.636+0200] {dag.py:3954} INFO - Setting next_dagrun for example_subdag_operator.section-1 to None, run_after=None
[2026-04-28T18:58:36.636+0200] {logging_mixin.py:188} INFO - [2026-04-28T18:58:36.636+0200] {dag.py:3954} INFO - Setting next_dagrun for example_subdag_operator.section-2 to None, run_after=None
[2026-04-28T18:58:36.639+0200] {processor.py:183} INFO - Processing /Users/pablofrancoherrero/prueba_tecnica/venv/lib/python3.11/site-packages/airflow/example_dags/example_subdag_operator.py took 0.048 seconds
[2026-04-28T18:59:54.631+0200] {processor.py:161} INFO - Started process (PID=36096) to work on /Users/pablofrancoherrero/prueba_tecnica/venv/lib/python3.11/site-packages/airflow/example_dags/example_subdag_operator.py
[2026-04-28T18:59:54.631+0200] {processor.py:830} INFO - Processing file /Users/pablofrancoherrero/prueba_tecnica/venv/lib/python3.11/site-packages/airflow/example_dags/example_subdag_operator.py for tasks to queue
[2026-04-28T18:59:54.632+0200] {logging_mixin.py:188} INFO - [2026-04-28T18:59:54.632+0200] {dagbag.py:540} INFO - Filling up the DagBag from /Users/pablofrancoherrero/prueba_tecnica/venv/lib/python3.11/site-packages/airflow/example_dags/example_subdag_operator.py
[2026-04-28T18:59:54.662+0200] {processor.py:840} INFO - DAG(s) 'example_subdag_operator.section-1', 'example_subdag_operator.section-2', 'example_subdag_operator' retrieved from /Users/pablofrancoherrero/prueba_tecnica/venv/lib/python3.11/site-packages/airflow/example_dags/example_subdag_operator.py
[2026-04-28T18:59:54.673+0200] {logging_mixin.py:188} INFO - [2026-04-28T18:59:54.673+0200] {dag.py:3096} INFO - Sync 3 DAGs
[2026-04-28T18:59:54.678+0200] {logging_mixin.py:188} INFO - [2026-04-28T18:59:54.678+0200] {dag.py:3954} INFO - Setting next_dagrun for example_subdag_operator to 2022-01-01 00:00:00+00:00, run_after=2022-01-01 00:00:00+00:00
[2026-04-28T18:59:54.679+0200] {logging_mixin.py:188} INFO - [2026-04-28T18:59:54.679+0200] {dag.py:3954} INFO - Setting next_dagrun for example_subdag_operator.section-1 to None, run_after=None
[2026-04-28T18:59:54.680+0200] {logging_mixin.py:188} INFO - [2026-04-28T18:59:54.680+0200] {dag.py:3954} INFO - Setting next_dagrun for example_subdag_operator.section-2 to None, run_after=None
[2026-04-28T18:59:54.682+0200] {logging_mixin.py:188} INFO - [2026-04-28T18:59:54.682+0200] {dag.py:3096} INFO - Sync 2 DAGs
[2026-04-28T18:59:54.683+0200] {logging_mixin.py:188} INFO - [2026-04-28T18:59:54.683+0200] {dag.py:3954} INFO - Setting next_dagrun for example_subdag_operator.section-1 to None, run_after=None
[2026-04-28T18:59:54.684+0200] {logging_mixin.py:188} INFO - [2026-04-28T18:59:54.683+0200] {dag.py:3954} INFO - Setting next_dagrun for example_subdag_operator.section-2 to None, run_after=None
[2026-04-28T18:59:54.687+0200] {processor.py:183} INFO - Processing /Users/pablofrancoherrero/prueba_tecnica/venv/lib/python3.11/site-packages/airflow/example_dags/example_subdag_operator.py took 0.058 seconds
[2026-04-28T19:01:17.875+0200] {processor.py:161} INFO - Started process (PID=36193) to work on /Users/pablofrancoherrero/prueba_tecnica/venv/lib/python3.11/site-packages/airflow/example_dags/example_subdag_operator.py
[2026-04-28T19:01:17.875+0200] {processor.py:830} INFO - Processing file /Users/pablofrancoherrero/prueba_tecnica/venv/lib/python3.11/site-packages/airflow/example_dags/example_subdag_operator.py for tasks to queue
[2026-04-28T19:01:17.876+0200] {logging_mixin.py:188} INFO - [2026-04-28T19:01:17.876+0200] {dagbag.py:540} INFO - Filling up the DagBag from /Users/pablofrancoherrero/prueba_tecnica/venv/lib/python3.11/site-packages/airflow/example_dags/example_subdag_operator.py
[2026-04-28T19:01:17.902+0200] {processor.py:840} INFO - DAG(s) 'example_subdag_operator.section-1', 'example_subdag_operator.section-2', 'example_subdag_operator' retrieved from /Users/pablofrancoherrero/prueba_tecnica/venv/lib/python3.11/site-packages/airflow/example_dags/example_subdag_operator.py
[2026-04-28T19:01:17.911+0200] {logging_mixin.py:188} INFO - [2026-04-28T19:01:17.911+0200] {dag.py:3096} INFO - Sync 3 DAGs
[2026-04-28T19:01:17.915+0200] {logging_mixin.py:188} INFO - [2026-04-28T19:01:17.915+0200] {dag.py:3954} INFO - Setting next_dagrun for example_subdag_operator to 2022-01-01 00:00:00+00:00, run_after=2022-01-01 00:00:00+00:00
[2026-04-28T19:01:17.916+0200] {logging_mixin.py:188} INFO - [2026-04-28T19:01:17.916+0200] {dag.py:3954} INFO - Setting next_dagrun for example_subdag_operator.section-1 to None, run_after=None
[2026-04-28T19:01:17.916+0200] {logging_mixin.py:188} INFO - [2026-04-28T19:01:17.916+0200] {dag.py:3954} INFO - Setting next_dagrun for example_subdag_operator.section-2 to None, run_after=None
[2026-04-28T19:01:17.919+0200] {logging_mixin.py:188} INFO - [2026-04-28T19:01:17.919+0200] {dag.py:3096} INFO - Sync 2 DAGs
[2026-04-28T19:01:17.920+0200] {logging_mixin.py:188} INFO - [2026-04-28T19:01:17.920+0200] {dag.py:3954} INFO - Setting next_dagrun for example_subdag_operator.section-1 to None, run_after=None
[2026-04-28T19:01:17.920+0200] {logging_mixin.py:188} INFO - [2026-04-28T19:01:17.920+0200] {dag.py:3954} INFO - Setting next_dagrun for example_subdag_operator.section-2 to None, run_after=None
[2026-04-28T19:01:17.923+0200] {processor.py:183} INFO - Processing /Users/pablofrancoherrero/prueba_tecnica/venv/lib/python3.11/site-packages/airflow/example_dags/example_subdag_operator.py took 0.049 seconds
[2026-04-28T19:02:38.172+0200] {processor.py:161} INFO - Started process (PID=36273) to work on /Users/pablofrancoherrero/prueba_tecnica/venv/lib/python3.11/site-packages/airflow/example_dags/example_subdag_operator.py
[2026-04-28T19:02:38.173+0200] {processor.py:830} INFO - Processing file /Users/pablofrancoherrero/prueba_tecnica/venv/lib/python3.11/site-packages/airflow/example_dags/example_subdag_operator.py for tasks to queue
[2026-04-28T19:02:38.173+0200] {logging_mixin.py:188} INFO - [2026-04-28T19:02:38.173+0200] {dagbag.py:540} INFO - Filling up the DagBag from /Users/pablofrancoherrero/prueba_tecnica/venv/lib/python3.11/site-packages/airflow/example_dags/example_subdag_operator.py
[2026-04-28T19:02:38.197+0200] {processor.py:840} INFO - DAG(s) 'example_subdag_operator.section-1', 'example_subdag_operator.section-2', 'example_subdag_operator' retrieved from /Users/pablofrancoherrero/prueba_tecnica/venv/lib/python3.11/site-packages/airflow/example_dags/example_subdag_operator.py
[2026-04-28T19:02:38.206+0200] {logging_mixin.py:188} INFO - [2026-04-28T19:02:38.206+0200] {dag.py:3096} INFO - Sync 3 DAGs
[2026-04-28T19:02:38.210+0200] {logging_mixin.py:188} INFO - [2026-04-28T19:02:38.210+0200] {dag.py:3954} INFO - Setting next_dagrun for example_subdag_operator to 2022-01-01 00:00:00+00:00, run_after=2022-01-01 00:00:00+00:00
[2026-04-28T19:02:38.211+0200] {logging_mixin.py:188} INFO - [2026-04-28T19:02:38.211+0200] {dag.py:3954} INFO - Setting next_dagrun for example_subdag_operator.section-1 to None, run_after=None
[2026-04-28T19:02:38.211+0200] {logging_mixin.py:188} INFO - [2026-04-28T19:02:38.211+0200] {dag.py:3954} INFO - Setting next_dagrun for example_subdag_operator.section-2 to None, run_after=None
[2026-04-28T19:02:38.213+0200] {logging_mixin.py:188} INFO - [2026-04-28T19:02:38.213+0200] {dag.py:3096} INFO - Sync 2 DAGs
[2026-04-28T19:02:38.214+0200] {logging_mixin.py:188} INFO - [2026-04-28T19:02:38.214+0200] {dag.py:3954} INFO - Setting next_dagrun for example_subdag_operator.section-1 to None, run_after=None
[2026-04-28T19:02:38.214+0200] {logging_mixin.py:188} INFO - [2026-04-28T19:02:38.214+0200] {dag.py:3954} INFO - Setting next_dagrun for example_subdag_operator.section-2 to None, run_after=None
[2026-04-28T19:02:38.217+0200] {processor.py:183} INFO - Processing /Users/pablofrancoherrero/prueba_tecnica/venv/lib/python3.11/site-packages/airflow/example_dags/example_subdag_operator.py took 0.046 seconds
[2026-04-28T19:03:58.771+0200] {processor.py:161} INFO - Started process (PID=36341) to work on /Users/pablofrancoherrero/prueba_tecnica/venv/lib/python3.11/site-packages/airflow/example_dags/example_subdag_operator.py
[2026-04-28T19:03:58.771+0200] {processor.py:830} INFO - Processing file /Users/pablofrancoherrero/prueba_tecnica/venv/lib/python3.11/site-packages/airflow/example_dags/example_subdag_operator.py for tasks to queue
[2026-04-28T19:03:58.771+0200] {logging_mixin.py:188} INFO - [2026-04-28T19:03:58.771+0200] {dagbag.py:540} INFO - Filling up the DagBag from /Users/pablofrancoherrero/prueba_tecnica/venv/lib/python3.11/site-packages/airflow/example_dags/example_subdag_operator.py
[2026-04-28T19:03:58.796+0200] {processor.py:840} INFO - DAG(s) 'example_subdag_operator.section-1', 'example_subdag_operator.section-2', 'example_subdag_operator' retrieved from /Users/pablofrancoherrero/prueba_tecnica/venv/lib/python3.11/site-packages/airflow/example_dags/example_subdag_operator.py
[2026-04-28T19:03:58.805+0200] {logging_mixin.py:188} INFO - [2026-04-28T19:03:58.804+0200] {dag.py:3096} INFO - Sync 3 DAGs
[2026-04-28T19:03:58.809+0200] {logging_mixin.py:188} INFO - [2026-04-28T19:03:58.809+0200] {dag.py:3954} INFO - Setting next_dagrun for example_subdag_operator to 2022-01-01 00:00:00+00:00, run_after=2022-01-01 00:00:00+00:00
[2026-04-28T19:03:58.810+0200] {logging_mixin.py:188} INFO - [2026-04-28T19:03:58.810+0200] {dag.py:3954} INFO - Setting next_dagrun for example_subdag_operator.section-1 to None, run_after=None
[2026-04-28T19:03:58.810+0200] {logging_mixin.py:188} INFO - [2026-04-28T19:03:58.810+0200] {dag.py:3954} INFO - Setting next_dagrun for example_subdag_operator.section-2 to None, run_after=None
[2026-04-28T19:03:58.812+0200] {logging_mixin.py:188} INFO - [2026-04-28T19:03:58.812+0200] {dag.py:3096} INFO - Sync 2 DAGs
[2026-04-28T19:03:58.813+0200] {logging_mixin.py:188} INFO - [2026-04-28T19:03:58.813+0200] {dag.py:3954} INFO - Setting next_dagrun for example_subdag_operator.section-1 to None, run_after=None
[2026-04-28T19:03:58.813+0200] {logging_mixin.py:188} INFO - [2026-04-28T19:03:58.813+0200] {dag.py:3954} INFO - Setting next_dagrun for example_subdag_operator.section-2 to None, run_after=None
[2026-04-28T19:03:58.816+0200] {processor.py:183} INFO - Processing /Users/pablofrancoherrero/prueba_tecnica/venv/lib/python3.11/site-packages/airflow/example_dags/example_subdag_operator.py took 0.046 seconds
[2026-04-28T19:05:17.592+0200] {processor.py:161} INFO - Started process (PID=36472) to work on /Users/pablofrancoherrero/prueba_tecnica/venv/lib/python3.11/site-packages/airflow/example_dags/example_subdag_operator.py
[2026-04-28T19:05:17.594+0200] {processor.py:830} INFO - Processing file /Users/pablofrancoherrero/prueba_tecnica/venv/lib/python3.11/site-packages/airflow/example_dags/example_subdag_operator.py for tasks to queue
[2026-04-28T19:05:17.594+0200] {logging_mixin.py:188} INFO - [2026-04-28T19:05:17.594+0200] {dagbag.py:540} INFO - Filling up the DagBag from /Users/pablofrancoherrero/prueba_tecnica/venv/lib/python3.11/site-packages/airflow/example_dags/example_subdag_operator.py
[2026-04-28T19:05:17.619+0200] {processor.py:840} INFO - DAG(s) 'example_subdag_operator.section-1', 'example_subdag_operator.section-2', 'example_subdag_operator' retrieved from /Users/pablofrancoherrero/prueba_tecnica/venv/lib/python3.11/site-packages/airflow/example_dags/example_subdag_operator.py
[2026-04-28T19:05:17.628+0200] {logging_mixin.py:188} INFO - [2026-04-28T19:05:17.628+0200] {dag.py:3096} INFO - Sync 3 DAGs
[2026-04-28T19:05:17.633+0200] {logging_mixin.py:188} INFO - [2026-04-28T19:05:17.633+0200] {dag.py:3954} INFO - Setting next_dagrun for example_subdag_operator to 2022-01-01 00:00:00+00:00, run_after=2022-01-01 00:00:00+00:00
[2026-04-28T19:05:17.634+0200] {logging_mixin.py:188} INFO - [2026-04-28T19:05:17.634+0200] {dag.py:3954} INFO - Setting next_dagrun for example_subdag_operator.section-1 to None, run_after=None
[2026-04-28T19:05:17.634+0200] {logging_mixin.py:188} INFO - [2026-04-28T19:05:17.634+0200] {dag.py:3954} INFO - Setting next_dagrun for example_subdag_operator.section-2 to None, run_after=None
[2026-04-28T19:05:17.636+0200] {logging_mixin.py:188} INFO - [2026-04-28T19:05:17.636+0200] {dag.py:3096} INFO - Sync 2 DAGs
[2026-04-28T19:05:17.637+0200] {logging_mixin.py:188} INFO - [2026-04-28T19:05:17.637+0200] {dag.py:3954} INFO - Setting next_dagrun for example_subdag_operator.section-1 to None, run_after=None
[2026-04-28T19:05:17.637+0200] {logging_mixin.py:188} INFO - [2026-04-28T19:05:17.637+0200] {dag.py:3954} INFO - Setting next_dagrun for example_subdag_operator.section-2 to None, run_after=None
[2026-04-28T19:05:17.640+0200] {processor.py:183} INFO - Processing /Users/pablofrancoherrero/prueba_tecnica/venv/lib/python3.11/site-packages/airflow/example_dags/example_subdag_operator.py took 0.048 seconds
[2026-04-28T19:06:38.468+0200] {processor.py:161} INFO - Started process (PID=36542) to work on /Users/pablofrancoherrero/prueba_tecnica/venv/lib/python3.11/site-packages/airflow/example_dags/example_subdag_operator.py
[2026-04-28T19:06:38.468+0200] {processor.py:830} INFO - Processing file /Users/pablofrancoherrero/prueba_tecnica/venv/lib/python3.11/site-packages/airflow/example_dags/example_subdag_operator.py for tasks to queue
[2026-04-28T19:06:38.468+0200] {logging_mixin.py:188} INFO - [2026-04-28T19:06:38.468+0200] {dagbag.py:540} INFO - Filling up the DagBag from /Users/pablofrancoherrero/prueba_tecnica/venv/lib/python3.11/site-packages/airflow/example_dags/example_subdag_operator.py
[2026-04-28T19:06:38.494+0200] {processor.py:840} INFO - DAG(s) 'example_subdag_operator.section-1', 'example_subdag_operator.section-2', 'example_subdag_operator' retrieved from /Users/pablofrancoherrero/prueba_tecnica/venv/lib/python3.11/site-packages/airflow/example_dags/example_subdag_operator.py
[2026-04-28T19:06:38.503+0200] {logging_mixin.py:188} INFO - [2026-04-28T19:06:38.503+0200] {dag.py:3096} INFO - Sync 3 DAGs
[2026-04-28T19:06:38.507+0200] {logging_mixin.py:188} INFO - [2026-04-28T19:06:38.507+0200] {dag.py:3954} INFO - Setting next_dagrun for example_subdag_operator to 2022-01-01 00:00:00+00:00, run_after=2022-01-01 00:00:00+00:00
[2026-04-28T19:06:38.508+0200] {logging_mixin.py:188} INFO - [2026-04-28T19:06:38.508+0200] {dag.py:3954} INFO - Setting next_dagrun for example_subdag_operator.section-1 to None, run_after=None
[2026-04-28T19:06:38.508+0200] {logging_mixin.py:188} INFO - [2026-04-28T19:06:38.508+0200] {dag.py:3954} INFO - Setting next_dagrun for example_subdag_operator.section-2 to None, run_after=None
[2026-04-28T19:06:38.510+0200] {logging_mixin.py:188} INFO - [2026-04-28T19:06:38.510+0200] {dag.py:3096} INFO - Sync 2 DAGs
[2026-04-28T19:06:38.511+0200] {logging_mixin.py:188} INFO - [2026-04-28T19:06:38.511+0200] {dag.py:3954} INFO - Setting next_dagrun for example_subdag_operator.section-1 to None, run_after=None
[2026-04-28T19:06:38.511+0200] {logging_mixin.py:188} INFO - [2026-04-28T19:06:38.511+0200] {dag.py:3954} INFO - Setting next_dagrun for example_subdag_operator.section-2 to None, run_after=None
[2026-04-28T19:06:38.514+0200] {processor.py:183} INFO - Processing /Users/pablofrancoherrero/prueba_tecnica/venv/lib/python3.11/site-packages/airflow/example_dags/example_subdag_operator.py took 0.047 seconds
[2026-04-28T19:07:59.854+0200] {processor.py:161} INFO - Started process (PID=36623) to work on /Users/pablofrancoherrero/prueba_tecnica/venv/lib/python3.11/site-packages/airflow/example_dags/example_subdag_operator.py
[2026-04-28T19:07:59.854+0200] {processor.py:830} INFO - Processing file /Users/pablofrancoherrero/prueba_tecnica/venv/lib/python3.11/site-packages/airflow/example_dags/example_subdag_operator.py for tasks to queue
[2026-04-28T19:07:59.854+0200] {logging_mixin.py:188} INFO - [2026-04-28T19:07:59.854+0200] {dagbag.py:540} INFO - Filling up the DagBag from /Users/pablofrancoherrero/prueba_tecnica/venv/lib/python3.11/site-packages/airflow/example_dags/example_subdag_operator.py
[2026-04-28T19:07:59.879+0200] {processor.py:840} INFO - DAG(s) 'example_subdag_operator.section-1', 'example_subdag_operator.section-2', 'example_subdag_operator' retrieved from /Users/pablofrancoherrero/prueba_tecnica/venv/lib/python3.11/site-packages/airflow/example_dags/example_subdag_operator.py
[2026-04-28T19:07:59.887+0200] {logging_mixin.py:188} INFO - [2026-04-28T19:07:59.887+0200] {dag.py:3096} INFO - Sync 3 DAGs
[2026-04-28T19:07:59.892+0200] {logging_mixin.py:188} INFO - [2026-04-28T19:07:59.892+0200] {dag.py:3954} INFO - Setting next_dagrun for example_subdag_operator to 2022-01-01 00:00:00+00:00, run_after=2022-01-01 00:00:00+00:00
[2026-04-28T19:07:59.893+0200] {logging_mixin.py:188} INFO - [2026-04-28T19:07:59.892+0200] {dag.py:3954} INFO - Setting next_dagrun for example_subdag_operator.section-1 to None, run_after=None
[2026-04-28T19:07:59.893+0200] {logging_mixin.py:188} INFO - [2026-04-28T19:07:59.893+0200] {dag.py:3954} INFO - Setting next_dagrun for example_subdag_operator.section-2 to None, run_after=None
[2026-04-28T19:07:59.895+0200] {logging_mixin.py:188} INFO - [2026-04-28T19:07:59.895+0200] {dag.py:3096} INFO - Sync 2 DAGs
[2026-04-28T19:07:59.895+0200] {logging_mixin.py:188} INFO - [2026-04-28T19:07:59.895+0200] {dag.py:3954} INFO - Setting next_dagrun for example_subdag_operator.section-1 to None, run_after=None
[2026-04-28T19:07:59.896+0200] {logging_mixin.py:188} INFO - [2026-04-28T19:07:59.896+0200] {dag.py:3954} INFO - Setting next_dagrun for example_subdag_operator.section-2 to None, run_after=None
[2026-04-28T19:07:59.899+0200] {processor.py:183} INFO - Processing /Users/pablofrancoherrero/prueba_tecnica/venv/lib/python3.11/site-packages/airflow/example_dags/example_subdag_operator.py took 0.046 seconds
[2026-04-28T19:09:20.732+0200] {processor.py:161} INFO - Started process (PID=36705) to work on /Users/pablofrancoherrero/prueba_tecnica/venv/lib/python3.11/site-packages/airflow/example_dags/example_subdag_operator.py
[2026-04-28T19:09:20.733+0200] {processor.py:830} INFO - Processing file /Users/pablofrancoherrero/prueba_tecnica/venv/lib/python3.11/site-packages/airflow/example_dags/example_subdag_operator.py for tasks to queue
[2026-04-28T19:09:20.733+0200] {logging_mixin.py:188} INFO - [2026-04-28T19:09:20.733+0200] {dagbag.py:540} INFO - Filling up the DagBag from /Users/pablofrancoherrero/prueba_tecnica/venv/lib/python3.11/site-packages/airflow/example_dags/example_subdag_operator.py
[2026-04-28T19:09:20.760+0200] {processor.py:840} INFO - DAG(s) 'example_subdag_operator.section-1', 'example_subdag_operator.section-2', 'example_subdag_operator' retrieved from /Users/pablofrancoherrero/prueba_tecnica/venv/lib/python3.11/site-packages/airflow/example_dags/example_subdag_operator.py
[2026-04-28T19:09:20.769+0200] {logging_mixin.py:188} INFO - [2026-04-28T19:09:20.769+0200] {dag.py:3096} INFO - Sync 3 DAGs
[2026-04-28T19:09:20.774+0200] {logging_mixin.py:188} INFO - [2026-04-28T19:09:20.774+0200] {dag.py:3954} INFO - Setting next_dagrun for example_subdag_operator to 2022-01-01 00:00:00+00:00, run_after=2022-01-01 00:00:00+00:00
[2026-04-28T19:09:20.775+0200] {logging_mixin.py:188} INFO - [2026-04-28T19:09:20.775+0200] {dag.py:3954} INFO - Setting next_dagrun for example_subdag_operator.section-1 to None, run_after=None
[2026-04-28T19:09:20.775+0200] {logging_mixin.py:188} INFO - [2026-04-28T19:09:20.775+0200] {dag.py:3954} INFO - Setting next_dagrun for example_subdag_operator.section-2 to None, run_after=None
[2026-04-28T19:09:20.777+0200] {logging_mixin.py:188} INFO - [2026-04-28T19:09:20.777+0200] {dag.py:3096} INFO - Sync 2 DAGs
[2026-04-28T19:09:20.778+0200] {logging_mixin.py:188} INFO - [2026-04-28T19:09:20.778+0200] {dag.py:3954} INFO - Setting next_dagrun for example_subdag_operator.section-1 to None, run_after=None
[2026-04-28T19:09:20.778+0200] {logging_mixin.py:188} INFO - [2026-04-28T19:09:20.778+0200] {dag.py:3954} INFO - Setting next_dagrun for example_subdag_operator.section-2 to None, run_after=None
[2026-04-28T19:09:20.781+0200] {processor.py:183} INFO - Processing /Users/pablofrancoherrero/prueba_tecnica/venv/lib/python3.11/site-packages/airflow/example_dags/example_subdag_operator.py took 0.050 seconds
[2026-04-28T19:10:42.563+0200] {processor.py:161} INFO - Started process (PID=36832) to work on /Users/pablofrancoherrero/prueba_tecnica/venv/lib/python3.11/site-packages/airflow/example_dags/example_subdag_operator.py
[2026-04-28T19:10:42.563+0200] {processor.py:830} INFO - Processing file /Users/pablofrancoherrero/prueba_tecnica/venv/lib/python3.11/site-packages/airflow/example_dags/example_subdag_operator.py for tasks to queue
[2026-04-28T19:10:42.564+0200] {logging_mixin.py:188} INFO - [2026-04-28T19:10:42.564+0200] {dagbag.py:540} INFO - Filling up the DagBag from /Users/pablofrancoherrero/prueba_tecnica/venv/lib/python3.11/site-packages/airflow/example_dags/example_subdag_operator.py
[2026-04-28T19:10:42.591+0200] {processor.py:840} INFO - DAG(s) 'example_subdag_operator.section-1', 'example_subdag_operator.section-2', 'example_subdag_operator' retrieved from /Users/pablofrancoherrero/prueba_tecnica/venv/lib/python3.11/site-packages/airflow/example_dags/example_subdag_operator.py
[2026-04-28T19:10:42.600+0200] {logging_mixin.py:188} INFO - [2026-04-28T19:10:42.600+0200] {dag.py:3096} INFO - Sync 3 DAGs
[2026-04-28T19:10:42.605+0200] {logging_mixin.py:188} INFO - [2026-04-28T19:10:42.605+0200] {dag.py:3954} INFO - Setting next_dagrun for example_subdag_operator to 2022-01-01 00:00:00+00:00, run_after=2022-01-01 00:00:00+00:00
[2026-04-28T19:10:42.606+0200] {logging_mixin.py:188} INFO - [2026-04-28T19:10:42.606+0200] {dag.py:3954} INFO - Setting next_dagrun for example_subdag_operator.section-1 to None, run_after=None
[2026-04-28T19:10:42.606+0200] {logging_mixin.py:188} INFO - [2026-04-28T19:10:42.606+0200] {dag.py:3954} INFO - Setting next_dagrun for example_subdag_operator.section-2 to None, run_after=None
[2026-04-28T19:10:42.608+0200] {logging_mixin.py:188} INFO - [2026-04-28T19:10:42.608+0200] {dag.py:3096} INFO - Sync 2 DAGs
[2026-04-28T19:10:42.609+0200] {logging_mixin.py:188} INFO - [2026-04-28T19:10:42.609+0200] {dag.py:3954} INFO - Setting next_dagrun for example_subdag_operator.section-1 to None, run_after=None
[2026-04-28T19:10:42.609+0200] {logging_mixin.py:188} INFO - [2026-04-28T19:10:42.609+0200] {dag.py:3954} INFO - Setting next_dagrun for example_subdag_operator.section-2 to None, run_after=None
[2026-04-28T19:10:42.612+0200] {processor.py:183} INFO - Processing /Users/pablofrancoherrero/prueba_tecnica/venv/lib/python3.11/site-packages/airflow/example_dags/example_subdag_operator.py took 0.050 seconds
[2026-04-28T19:12:03.856+0200] {processor.py:161} INFO - Started process (PID=36918) to work on /Users/pablofrancoherrero/prueba_tecnica/venv/lib/python3.11/site-packages/airflow/example_dags/example_subdag_operator.py
[2026-04-28T19:12:03.857+0200] {processor.py:830} INFO - Processing file /Users/pablofrancoherrero/prueba_tecnica/venv/lib/python3.11/site-packages/airflow/example_dags/example_subdag_operator.py for tasks to queue
[2026-04-28T19:12:03.858+0200] {logging_mixin.py:188} INFO - [2026-04-28T19:12:03.858+0200] {dagbag.py:540} INFO - Filling up the DagBag from /Users/pablofrancoherrero/prueba_tecnica/venv/lib/python3.11/site-packages/airflow/example_dags/example_subdag_operator.py
[2026-04-28T19:12:03.884+0200] {processor.py:840} INFO - DAG(s) 'example_subdag_operator.section-1', 'example_subdag_operator.section-2', 'example_subdag_operator' retrieved from /Users/pablofrancoherrero/prueba_tecnica/venv/lib/python3.11/site-packages/airflow/example_dags/example_subdag_operator.py
[2026-04-28T19:12:03.894+0200] {logging_mixin.py:188} INFO - [2026-04-28T19:12:03.893+0200] {dag.py:3096} INFO - Sync 3 DAGs
[2026-04-28T19:12:03.899+0200] {logging_mixin.py:188} INFO - [2026-04-28T19:12:03.898+0200] {dag.py:3954} INFO - Setting next_dagrun for example_subdag_operator to 2022-01-01 00:00:00+00:00, run_after=2022-01-01 00:00:00+00:00
[2026-04-28T19:12:03.899+0200] {logging_mixin.py:188} INFO - [2026-04-28T19:12:03.899+0200] {dag.py:3954} INFO - Setting next_dagrun for example_subdag_operator.section-1 to None, run_after=None
[2026-04-28T19:12:03.900+0200] {logging_mixin.py:188} INFO - [2026-04-28T19:12:03.900+0200] {dag.py:3954} INFO - Setting next_dagrun for example_subdag_operator.section-2 to None, run_after=None
[2026-04-28T19:12:03.902+0200] {logging_mixin.py:188} INFO - [2026-04-28T19:12:03.902+0200] {dag.py:3096} INFO - Sync 2 DAGs
[2026-04-28T19:12:03.903+0200] {logging_mixin.py:188} INFO - [2026-04-28T19:12:03.903+0200] {dag.py:3954} INFO - Setting next_dagrun for example_subdag_operator.section-1 to None, run_after=None
[2026-04-28T19:12:03.903+0200] {logging_mixin.py:188} INFO - [2026-04-28T19:12:03.903+0200] {dag.py:3954} INFO - Setting next_dagrun for example_subdag_operator.section-2 to None, run_after=None
[2026-04-28T19:12:03.907+0200] {processor.py:183} INFO - Processing /Users/pablofrancoherrero/prueba_tecnica/venv/lib/python3.11/site-packages/airflow/example_dags/example_subdag_operator.py took 0.052 seconds
[2026-04-28T19:13:26.935+0200] {processor.py:161} INFO - Started process (PID=37009) to work on /Users/pablofrancoherrero/prueba_tecnica/venv/lib/python3.11/site-packages/airflow/example_dags/example_subdag_operator.py
[2026-04-28T19:13:26.936+0200] {processor.py:830} INFO - Processing file /Users/pablofrancoherrero/prueba_tecnica/venv/lib/python3.11/site-packages/airflow/example_dags/example_subdag_operator.py for tasks to queue
[2026-04-28T19:13:26.936+0200] {logging_mixin.py:188} INFO - [2026-04-28T19:13:26.936+0200] {dagbag.py:540} INFO - Filling up the DagBag from /Users/pablofrancoherrero/prueba_tecnica/venv/lib/python3.11/site-packages/airflow/example_dags/example_subdag_operator.py
[2026-04-28T19:13:26.963+0200] {processor.py:840} INFO - DAG(s) 'example_subdag_operator.section-1', 'example_subdag_operator.section-2', 'example_subdag_operator' retrieved from /Users/pablofrancoherrero/prueba_tecnica/venv/lib/python3.11/site-packages/airflow/example_dags/example_subdag_operator.py
[2026-04-28T19:13:26.972+0200] {logging_mixin.py:188} INFO - [2026-04-28T19:13:26.972+0200] {dag.py:3096} INFO - Sync 3 DAGs
[2026-04-28T19:13:26.976+0200] {logging_mixin.py:188} INFO - [2026-04-28T19:13:26.976+0200] {dag.py:3954} INFO - Setting next_dagrun for example_subdag_operator to 2022-01-01 00:00:00+00:00, run_after=2022-01-01 00:00:00+00:00
[2026-04-28T19:13:26.977+0200] {logging_mixin.py:188} INFO - [2026-04-28T19:13:26.977+0200] {dag.py:3954} INFO - Setting next_dagrun for example_subdag_operator.section-1 to None, run_after=None
[2026-04-28T19:13:26.977+0200] {logging_mixin.py:188} INFO - [2026-04-28T19:13:26.977+0200] {dag.py:3954} INFO - Setting next_dagrun for example_subdag_operator.section-2 to None, run_after=None
[2026-04-28T19:13:26.979+0200] {logging_mixin.py:188} INFO - [2026-04-28T19:13:26.979+0200] {dag.py:3096} INFO - Sync 2 DAGs
[2026-04-28T19:13:26.980+0200] {logging_mixin.py:188} INFO - [2026-04-28T19:13:26.980+0200] {dag.py:3954} INFO - Setting next_dagrun for example_subdag_operator.section-1 to None, run_after=None
[2026-04-28T19:13:26.980+0200] {logging_mixin.py:188} INFO - [2026-04-28T19:13:26.980+0200] {dag.py:3954} INFO - Setting next_dagrun for example_subdag_operator.section-2 to None, run_after=None
[2026-04-28T19:13:26.983+0200] {processor.py:183} INFO - Processing /Users/pablofrancoherrero/prueba_tecnica/venv/lib/python3.11/site-packages/airflow/example_dags/example_subdag_operator.py took 0.049 seconds
[2026-04-28T19:14:45.423+0200] {processor.py:161} INFO - Started process (PID=37099) to work on /Users/pablofrancoherrero/prueba_tecnica/venv/lib/python3.11/site-packages/airflow/example_dags/example_subdag_operator.py
[2026-04-28T19:14:45.424+0200] {processor.py:830} INFO - Processing file /Users/pablofrancoherrero/prueba_tecnica/venv/lib/python3.11/site-packages/airflow/example_dags/example_subdag_operator.py for tasks to queue
[2026-04-28T19:14:45.424+0200] {logging_mixin.py:188} INFO - [2026-04-28T19:14:45.424+0200] {dagbag.py:540} INFO - Filling up the DagBag from /Users/pablofrancoherrero/prueba_tecnica/venv/lib/python3.11/site-packages/airflow/example_dags/example_subdag_operator.py
[2026-04-28T19:14:45.452+0200] {processor.py:840} INFO - DAG(s) 'example_subdag_operator.section-1', 'example_subdag_operator.section-2', 'example_subdag_operator' retrieved from /Users/pablofrancoherrero/prueba_tecnica/venv/lib/python3.11/site-packages/airflow/example_dags/example_subdag_operator.py
[2026-04-28T19:14:45.461+0200] {logging_mixin.py:188} INFO - [2026-04-28T19:14:45.461+0200] {dag.py:3096} INFO - Sync 3 DAGs
[2026-04-28T19:14:45.466+0200] {logging_mixin.py:188} INFO - [2026-04-28T19:14:45.466+0200] {dag.py:3954} INFO - Setting next_dagrun for example_subdag_operator to 2022-01-01 00:00:00+00:00, run_after=2022-01-01 00:00:00+00:00
[2026-04-28T19:14:45.467+0200] {logging_mixin.py:188} INFO - [2026-04-28T19:14:45.467+0200] {dag.py:3954} INFO - Setting next_dagrun for example_subdag_operator.section-1 to None, run_after=None
[2026-04-28T19:14:45.467+0200] {logging_mixin.py:188} INFO - [2026-04-28T19:14:45.467+0200] {dag.py:3954} INFO - Setting next_dagrun for example_subdag_operator.section-2 to None, run_after=None
[2026-04-28T19:14:45.469+0200] {logging_mixin.py:188} INFO - [2026-04-28T19:14:45.469+0200] {dag.py:3096} INFO - Sync 2 DAGs
[2026-04-28T19:14:45.470+0200] {logging_mixin.py:188} INFO - [2026-04-28T19:14:45.470+0200] {dag.py:3954} INFO - Setting next_dagrun for example_subdag_operator.section-1 to None, run_after=None
[2026-04-28T19:14:45.470+0200] {logging_mixin.py:188} INFO - [2026-04-28T19:14:45.470+0200] {dag.py:3954} INFO - Setting next_dagrun for example_subdag_operator.section-2 to None, run_after=None
[2026-04-28T19:14:45.473+0200] {processor.py:183} INFO - Processing /Users/pablofrancoherrero/prueba_tecnica/venv/lib/python3.11/site-packages/airflow/example_dags/example_subdag_operator.py took 0.050 seconds
[2026-04-28T19:16:03.907+0200] {processor.py:161} INFO - Started process (PID=37177) to work on /Users/pablofrancoherrero/prueba_tecnica/venv/lib/python3.11/site-packages/airflow/example_dags/example_subdag_operator.py
[2026-04-28T19:16:03.907+0200] {processor.py:830} INFO - Processing file /Users/pablofrancoherrero/prueba_tecnica/venv/lib/python3.11/site-packages/airflow/example_dags/example_subdag_operator.py for tasks to queue
[2026-04-28T19:16:03.907+0200] {logging_mixin.py:188} INFO - [2026-04-28T19:16:03.907+0200] {dagbag.py:540} INFO - Filling up the DagBag from /Users/pablofrancoherrero/prueba_tecnica/venv/lib/python3.11/site-packages/airflow/example_dags/example_subdag_operator.py
[2026-04-28T19:16:03.934+0200] {processor.py:840} INFO - DAG(s) 'example_subdag_operator.section-1', 'example_subdag_operator.section-2', 'example_subdag_operator' retrieved from /Users/pablofrancoherrero/prueba_tecnica/venv/lib/python3.11/site-packages/airflow/example_dags/example_subdag_operator.py
[2026-04-28T19:16:03.943+0200] {logging_mixin.py:188} INFO - [2026-04-28T19:16:03.943+0200] {dag.py:3096} INFO - Sync 3 DAGs
[2026-04-28T19:16:03.948+0200] {logging_mixin.py:188} INFO - [2026-04-28T19:16:03.948+0200] {dag.py:3954} INFO - Setting next_dagrun for example_subdag_operator to 2022-01-01 00:00:00+00:00, run_after=2022-01-01 00:00:00+00:00
[2026-04-28T19:16:03.949+0200] {logging_mixin.py:188} INFO - [2026-04-28T19:16:03.948+0200] {dag.py:3954} INFO - Setting next_dagrun for example_subdag_operator.section-1 to None, run_after=None
[2026-04-28T19:16:03.949+0200] {logging_mixin.py:188} INFO - [2026-04-28T19:16:03.949+0200] {dag.py:3954} INFO - Setting next_dagrun for example_subdag_operator.section-2 to None, run_after=None
[2026-04-28T19:16:03.951+0200] {logging_mixin.py:188} INFO - [2026-04-28T19:16:03.951+0200] {dag.py:3096} INFO - Sync 2 DAGs
[2026-04-28T19:16:03.952+0200] {logging_mixin.py:188} INFO - [2026-04-28T19:16:03.952+0200] {dag.py:3954} INFO - Setting next_dagrun for example_subdag_operator.section-1 to None, run_after=None
[2026-04-28T19:16:03.952+0200] {logging_mixin.py:188} INFO - [2026-04-28T19:16:03.952+0200] {dag.py:3954} INFO - Setting next_dagrun for example_subdag_operator.section-2 to None, run_after=None
[2026-04-28T19:16:03.955+0200] {processor.py:183} INFO - Processing /Users/pablofrancoherrero/prueba_tecnica/venv/lib/python3.11/site-packages/airflow/example_dags/example_subdag_operator.py took 0.049 seconds
[2026-04-28T19:17:21.964+0200] {processor.py:161} INFO - Started process (PID=37273) to work on /Users/pablofrancoherrero/prueba_tecnica/venv/lib/python3.11/site-packages/airflow/example_dags/example_subdag_operator.py
[2026-04-28T19:17:21.965+0200] {processor.py:830} INFO - Processing file /Users/pablofrancoherrero/prueba_tecnica/venv/lib/python3.11/site-packages/airflow/example_dags/example_subdag_operator.py for tasks to queue
[2026-04-28T19:17:21.965+0200] {logging_mixin.py:188} INFO - [2026-04-28T19:17:21.965+0200] {dagbag.py:540} INFO - Filling up the DagBag from /Users/pablofrancoherrero/prueba_tecnica/venv/lib/python3.11/site-packages/airflow/example_dags/example_subdag_operator.py
[2026-04-28T19:17:21.995+0200] {processor.py:840} INFO - DAG(s) 'example_subdag_operator.section-1', 'example_subdag_operator.section-2', 'example_subdag_operator' retrieved from /Users/pablofrancoherrero/prueba_tecnica/venv/lib/python3.11/site-packages/airflow/example_dags/example_subdag_operator.py
[2026-04-28T19:17:22.006+0200] {logging_mixin.py:188} INFO - [2026-04-28T19:17:22.006+0200] {dag.py:3096} INFO - Sync 3 DAGs
[2026-04-28T19:17:22.011+0200] {logging_mixin.py:188} INFO - [2026-04-28T19:17:22.011+0200] {dag.py:3954} INFO - Setting next_dagrun for example_subdag_operator to 2022-01-01 00:00:00+00:00, run_after=2022-01-01 00:00:00+00:00
[2026-04-28T19:17:22.012+0200] {logging_mixin.py:188} INFO - [2026-04-28T19:17:22.012+0200] {dag.py:3954} INFO - Setting next_dagrun for example_subdag_operator.section-1 to None, run_after=None
[2026-04-28T19:17:22.012+0200] {logging_mixin.py:188} INFO - [2026-04-28T19:17:22.012+0200] {dag.py:3954} INFO - Setting next_dagrun for example_subdag_operator.section-2 to None, run_after=None
[2026-04-28T19:17:22.014+0200] {logging_mixin.py:188} INFO - [2026-04-28T19:17:22.014+0200] {dag.py:3096} INFO - Sync 2 DAGs
[2026-04-28T19:17:22.015+0200] {logging_mixin.py:188} INFO - [2026-04-28T19:17:22.015+0200] {dag.py:3954} INFO - Setting next_dagrun for example_subdag_operator.section-1 to None, run_after=None
[2026-04-28T19:17:22.016+0200] {logging_mixin.py:188} INFO - [2026-04-28T19:17:22.016+0200] {dag.py:3954} INFO - Setting next_dagrun for example_subdag_operator.section-2 to None, run_after=None
[2026-04-28T19:17:22.019+0200] {processor.py:183} INFO - Processing /Users/pablofrancoherrero/prueba_tecnica/venv/lib/python3.11/site-packages/airflow/example_dags/example_subdag_operator.py took 0.056 seconds
[2026-04-28T19:19:11.641+0200] {processor.py:161} INFO - Started process (PID=46128) to work on /Users/pablofrancoherrero/prueba_tecnica/venv/lib/python3.11/site-packages/airflow/example_dags/example_subdag_operator.py
[2026-04-28T19:19:11.647+0200] {processor.py:830} INFO - Processing file /Users/pablofrancoherrero/prueba_tecnica/venv/lib/python3.11/site-packages/airflow/example_dags/example_subdag_operator.py for tasks to queue
[2026-04-28T19:19:11.647+0200] {logging_mixin.py:188} INFO - [2026-04-28T19:19:11.647+0200] {dagbag.py:540} INFO - Filling up the DagBag from /Users/pablofrancoherrero/prueba_tecnica/venv/lib/python3.11/site-packages/airflow/example_dags/example_subdag_operator.py
[2026-04-28T19:19:11.679+0200] {processor.py:840} INFO - DAG(s) 'example_subdag_operator.section-1', 'example_subdag_operator.section-2', 'example_subdag_operator' retrieved from /Users/pablofrancoherrero/prueba_tecnica/venv/lib/python3.11/site-packages/airflow/example_dags/example_subdag_operator.py
[2026-04-28T19:19:11.689+0200] {logging_mixin.py:188} INFO - [2026-04-28T19:19:11.689+0200] {dag.py:3096} INFO - Sync 3 DAGs
[2026-04-28T19:19:11.695+0200] {logging_mixin.py:188} INFO - [2026-04-28T19:19:11.695+0200] {dag.py:3954} INFO - Setting next_dagrun for example_subdag_operator to 2022-01-01 00:00:00+00:00, run_after=2022-01-01 00:00:00+00:00
[2026-04-28T19:19:11.696+0200] {logging_mixin.py:188} INFO - [2026-04-28T19:19:11.696+0200] {dag.py:3954} INFO - Setting next_dagrun for example_subdag_operator.section-1 to None, run_after=None
[2026-04-28T19:19:11.696+0200] {logging_mixin.py:188} INFO - [2026-04-28T19:19:11.696+0200] {dag.py:3954} INFO - Setting next_dagrun for example_subdag_operator.section-2 to None, run_after=None
[2026-04-28T19:19:11.698+0200] {logging_mixin.py:188} INFO - [2026-04-28T19:19:11.698+0200] {dag.py:3096} INFO - Sync 2 DAGs
[2026-04-28T19:19:11.699+0200] {logging_mixin.py:188} INFO - [2026-04-28T19:19:11.699+0200] {dag.py:3954} INFO - Setting next_dagrun for example_subdag_operator.section-1 to None, run_after=None
[2026-04-28T19:19:11.699+0200] {logging_mixin.py:188} INFO - [2026-04-28T19:19:11.699+0200] {dag.py:3954} INFO - Setting next_dagrun for example_subdag_operator.section-2 to None, run_after=None
[2026-04-28T19:19:11.702+0200] {processor.py:183} INFO - Processing /Users/pablofrancoherrero/prueba_tecnica/venv/lib/python3.11/site-packages/airflow/example_dags/example_subdag_operator.py took 0.062 seconds
[2026-04-28T19:20:14.968+0200] {processor.py:161} INFO - Started process (PID=50225) to work on /Users/pablofrancoherrero/prueba_tecnica/venv/lib/python3.11/site-packages/airflow/example_dags/example_subdag_operator.py
[2026-04-28T19:20:14.968+0200] {processor.py:830} INFO - Processing file /Users/pablofrancoherrero/prueba_tecnica/venv/lib/python3.11/site-packages/airflow/example_dags/example_subdag_operator.py for tasks to queue
[2026-04-28T19:20:14.968+0200] {logging_mixin.py:188} INFO - [2026-04-28T19:20:14.968+0200] {dagbag.py:540} INFO - Filling up the DagBag from /Users/pablofrancoherrero/prueba_tecnica/venv/lib/python3.11/site-packages/airflow/example_dags/example_subdag_operator.py
[2026-04-28T19:20:14.997+0200] {processor.py:840} INFO - DAG(s) 'example_subdag_operator.section-1', 'example_subdag_operator.section-2', 'example_subdag_operator' retrieved from /Users/pablofrancoherrero/prueba_tecnica/venv/lib/python3.11/site-packages/airflow/example_dags/example_subdag_operator.py
[2026-04-28T19:20:15.006+0200] {logging_mixin.py:188} INFO - [2026-04-28T19:20:15.006+0200] {dag.py:3096} INFO - Sync 3 DAGs
[2026-04-28T19:20:15.011+0200] {logging_mixin.py:188} INFO - [2026-04-28T19:20:15.011+0200] {dag.py:3954} INFO - Setting next_dagrun for example_subdag_operator to 2022-01-01 00:00:00+00:00, run_after=2022-01-01 00:00:00+00:00
[2026-04-28T19:20:15.012+0200] {logging_mixin.py:188} INFO - [2026-04-28T19:20:15.012+0200] {dag.py:3954} INFO - Setting next_dagrun for example_subdag_operator.section-1 to None, run_after=None
[2026-04-28T19:20:15.013+0200] {logging_mixin.py:188} INFO - [2026-04-28T19:20:15.013+0200] {dag.py:3954} INFO - Setting next_dagrun for example_subdag_operator.section-2 to None, run_after=None
[2026-04-28T19:20:15.014+0200] {logging_mixin.py:188} INFO - [2026-04-28T19:20:15.014+0200] {dag.py:3096} INFO - Sync 2 DAGs
[2026-04-28T19:20:15.015+0200] {logging_mixin.py:188} INFO - [2026-04-28T19:20:15.015+0200] {dag.py:3954} INFO - Setting next_dagrun for example_subdag_operator.section-1 to None, run_after=None
[2026-04-28T19:20:15.016+0200] {logging_mixin.py:188} INFO - [2026-04-28T19:20:15.016+0200] {dag.py:3954} INFO - Setting next_dagrun for example_subdag_operator.section-2 to None, run_after=None
[2026-04-28T19:20:15.019+0200] {processor.py:183} INFO - Processing /Users/pablofrancoherrero/prueba_tecnica/venv/lib/python3.11/site-packages/airflow/example_dags/example_subdag_operator.py took 0.052 seconds
[2026-04-28T19:21:38.623+0200] {processor.py:161} INFO - Started process (PID=50346) to work on /Users/pablofrancoherrero/prueba_tecnica/venv/lib/python3.11/site-packages/airflow/example_dags/example_subdag_operator.py
[2026-04-28T19:21:38.624+0200] {processor.py:830} INFO - Processing file /Users/pablofrancoherrero/prueba_tecnica/venv/lib/python3.11/site-packages/airflow/example_dags/example_subdag_operator.py for tasks to queue
[2026-04-28T19:21:38.624+0200] {logging_mixin.py:188} INFO - [2026-04-28T19:21:38.624+0200] {dagbag.py:540} INFO - Filling up the DagBag from /Users/pablofrancoherrero/prueba_tecnica/venv/lib/python3.11/site-packages/airflow/example_dags/example_subdag_operator.py
[2026-04-28T19:21:38.651+0200] {processor.py:840} INFO - DAG(s) 'example_subdag_operator.section-1', 'example_subdag_operator.section-2', 'example_subdag_operator' retrieved from /Users/pablofrancoherrero/prueba_tecnica/venv/lib/python3.11/site-packages/airflow/example_dags/example_subdag_operator.py
[2026-04-28T19:21:38.660+0200] {logging_mixin.py:188} INFO - [2026-04-28T19:21:38.660+0200] {dag.py:3096} INFO - Sync 3 DAGs
[2026-04-28T19:21:38.665+0200] {logging_mixin.py:188} INFO - [2026-04-28T19:21:38.665+0200] {dag.py:3954} INFO - Setting next_dagrun for example_subdag_operator to 2022-01-01 00:00:00+00:00, run_after=2022-01-01 00:00:00+00:00
[2026-04-28T19:21:38.666+0200] {logging_mixin.py:188} INFO - [2026-04-28T19:21:38.666+0200] {dag.py:3954} INFO - Setting next_dagrun for example_subdag_operator.section-1 to None, run_after=None
[2026-04-28T19:21:38.667+0200] {logging_mixin.py:188} INFO - [2026-04-28T19:21:38.667+0200] {dag.py:3954} INFO - Setting next_dagrun for example_subdag_operator.section-2 to None, run_after=None
[2026-04-28T19:21:38.668+0200] {logging_mixin.py:188} INFO - [2026-04-28T19:21:38.668+0200] {dag.py:3096} INFO - Sync 2 DAGs
[2026-04-28T19:21:38.669+0200] {logging_mixin.py:188} INFO - [2026-04-28T19:21:38.669+0200] {dag.py:3954} INFO - Setting next_dagrun for example_subdag_operator.section-1 to None, run_after=None
[2026-04-28T19:21:38.669+0200] {logging_mixin.py:188} INFO - [2026-04-28T19:21:38.669+0200] {dag.py:3954} INFO - Setting next_dagrun for example_subdag_operator.section-2 to None, run_after=None
[2026-04-28T19:21:38.672+0200] {processor.py:183} INFO - Processing /Users/pablofrancoherrero/prueba_tecnica/venv/lib/python3.11/site-packages/airflow/example_dags/example_subdag_operator.py took 0.050 seconds
[2026-04-28T19:23:01.289+0200] {processor.py:161} INFO - Started process (PID=50438) to work on /Users/pablofrancoherrero/prueba_tecnica/venv/lib/python3.11/site-packages/airflow/example_dags/example_subdag_operator.py
[2026-04-28T19:23:01.290+0200] {processor.py:830} INFO - Processing file /Users/pablofrancoherrero/prueba_tecnica/venv/lib/python3.11/site-packages/airflow/example_dags/example_subdag_operator.py for tasks to queue
[2026-04-28T19:23:01.290+0200] {logging_mixin.py:188} INFO - [2026-04-28T19:23:01.290+0200] {dagbag.py:540} INFO - Filling up the DagBag from /Users/pablofrancoherrero/prueba_tecnica/venv/lib/python3.11/site-packages/airflow/example_dags/example_subdag_operator.py
[2026-04-28T19:23:01.317+0200] {processor.py:840} INFO - DAG(s) 'example_subdag_operator.section-1', 'example_subdag_operator.section-2', 'example_subdag_operator' retrieved from /Users/pablofrancoherrero/prueba_tecnica/venv/lib/python3.11/site-packages/airflow/example_dags/example_subdag_operator.py
[2026-04-28T19:23:01.326+0200] {logging_mixin.py:188} INFO - [2026-04-28T19:23:01.326+0200] {dag.py:3096} INFO - Sync 3 DAGs
[2026-04-28T19:23:01.331+0200] {logging_mixin.py:188} INFO - [2026-04-28T19:23:01.331+0200] {dag.py:3954} INFO - Setting next_dagrun for example_subdag_operator to 2022-01-01 00:00:00+00:00, run_after=2022-01-01 00:00:00+00:00
[2026-04-28T19:23:01.332+0200] {logging_mixin.py:188} INFO - [2026-04-28T19:23:01.332+0200] {dag.py:3954} INFO - Setting next_dagrun for example_subdag_operator.section-1 to None, run_after=None
[2026-04-28T19:23:01.332+0200] {logging_mixin.py:188} INFO - [2026-04-28T19:23:01.332+0200] {dag.py:3954} INFO - Setting next_dagrun for example_subdag_operator.section-2 to None, run_after=None
[2026-04-28T19:23:01.333+0200] {logging_mixin.py:188} INFO - [2026-04-28T19:23:01.333+0200] {dag.py:3096} INFO - Sync 2 DAGs
[2026-04-28T19:23:01.334+0200] {logging_mixin.py:188} INFO - [2026-04-28T19:23:01.334+0200] {dag.py:3954} INFO - Setting next_dagrun for example_subdag_operator.section-1 to None, run_after=None
[2026-04-28T19:23:01.334+0200] {logging_mixin.py:188} INFO - [2026-04-28T19:23:01.334+0200] {dag.py:3954} INFO - Setting next_dagrun for example_subdag_operator.section-2 to None, run_after=None
[2026-04-28T19:23:01.337+0200] {processor.py:183} INFO - Processing /Users/pablofrancoherrero/prueba_tecnica/venv/lib/python3.11/site-packages/airflow/example_dags/example_subdag_operator.py took 0.049 seconds
[2026-04-28T19:24:18.976+0200] {processor.py:161} INFO - Started process (PID=50536) to work on /Users/pablofrancoherrero/prueba_tecnica/venv/lib/python3.11/site-packages/airflow/example_dags/example_subdag_operator.py
[2026-04-28T19:24:18.977+0200] {processor.py:830} INFO - Processing file /Users/pablofrancoherrero/prueba_tecnica/venv/lib/python3.11/site-packages/airflow/example_dags/example_subdag_operator.py for tasks to queue
[2026-04-28T19:24:18.978+0200] {logging_mixin.py:188} INFO - [2026-04-28T19:24:18.978+0200] {dagbag.py:540} INFO - Filling up the DagBag from /Users/pablofrancoherrero/prueba_tecnica/venv/lib/python3.11/site-packages/airflow/example_dags/example_subdag_operator.py
[2026-04-28T19:24:19.004+0200] {processor.py:840} INFO - DAG(s) 'example_subdag_operator.section-1', 'example_subdag_operator.section-2', 'example_subdag_operator' retrieved from /Users/pablofrancoherrero/prueba_tecnica/venv/lib/python3.11/site-packages/airflow/example_dags/example_subdag_operator.py
[2026-04-28T19:24:19.014+0200] {logging_mixin.py:188} INFO - [2026-04-28T19:24:19.014+0200] {dag.py:3096} INFO - Sync 3 DAGs
[2026-04-28T19:24:19.019+0200] {logging_mixin.py:188} INFO - [2026-04-28T19:24:19.019+0200] {dag.py:3954} INFO - Setting next_dagrun for example_subdag_operator to 2022-01-01 00:00:00+00:00, run_after=2022-01-01 00:00:00+00:00
[2026-04-28T19:24:19.020+0200] {logging_mixin.py:188} INFO - [2026-04-28T19:24:19.020+0200] {dag.py:3954} INFO - Setting next_dagrun for example_subdag_operator.section-1 to None, run_after=None
[2026-04-28T19:24:19.020+0200] {logging_mixin.py:188} INFO - [2026-04-28T19:24:19.020+0200] {dag.py:3954} INFO - Setting next_dagrun for example_subdag_operator.section-2 to None, run_after=None
[2026-04-28T19:24:19.021+0200] {logging_mixin.py:188} INFO - [2026-04-28T19:24:19.021+0200] {dag.py:3096} INFO - Sync 2 DAGs
[2026-04-28T19:24:19.022+0200] {logging_mixin.py:188} INFO - [2026-04-28T19:24:19.022+0200] {dag.py:3954} INFO - Setting next_dagrun for example_subdag_operator.section-1 to None, run_after=None
[2026-04-28T19:24:19.022+0200] {logging_mixin.py:188} INFO - [2026-04-28T19:24:19.022+0200] {dag.py:3954} INFO - Setting next_dagrun for example_subdag_operator.section-2 to None, run_after=None
[2026-04-28T19:24:19.025+0200] {processor.py:183} INFO - Processing /Users/pablofrancoherrero/prueba_tecnica/venv/lib/python3.11/site-packages/airflow/example_dags/example_subdag_operator.py took 0.050 seconds
[2026-04-28T19:25:39.274+0200] {processor.py:161} INFO - Started process (PID=50639) to work on /Users/pablofrancoherrero/prueba_tecnica/venv/lib/python3.11/site-packages/airflow/example_dags/example_subdag_operator.py
[2026-04-28T19:25:39.275+0200] {processor.py:830} INFO - Processing file /Users/pablofrancoherrero/prueba_tecnica/venv/lib/python3.11/site-packages/airflow/example_dags/example_subdag_operator.py for tasks to queue
[2026-04-28T19:25:39.275+0200] {logging_mixin.py:188} INFO - [2026-04-28T19:25:39.275+0200] {dagbag.py:540} INFO - Filling up the DagBag from /Users/pablofrancoherrero/prueba_tecnica/venv/lib/python3.11/site-packages/airflow/example_dags/example_subdag_operator.py
[2026-04-28T19:25:39.302+0200] {processor.py:840} INFO - DAG(s) 'example_subdag_operator.section-1', 'example_subdag_operator.section-2', 'example_subdag_operator' retrieved from /Users/pablofrancoherrero/prueba_tecnica/venv/lib/python3.11/site-packages/airflow/example_dags/example_subdag_operator.py
[2026-04-28T19:25:39.311+0200] {logging_mixin.py:188} INFO - [2026-04-28T19:25:39.310+0200] {dag.py:3096} INFO - Sync 3 DAGs
[2026-04-28T19:25:39.316+0200] {logging_mixin.py:188} INFO - [2026-04-28T19:25:39.315+0200] {dag.py:3954} INFO - Setting next_dagrun for example_subdag_operator to 2022-01-01 00:00:00+00:00, run_after=2022-01-01 00:00:00+00:00
[2026-04-28T19:25:39.316+0200] {logging_mixin.py:188} INFO - [2026-04-28T19:25:39.316+0200] {dag.py:3954} INFO - Setting next_dagrun for example_subdag_operator.section-1 to None, run_after=None
[2026-04-28T19:25:39.317+0200] {logging_mixin.py:188} INFO - [2026-04-28T19:25:39.317+0200] {dag.py:3954} INFO - Setting next_dagrun for example_subdag_operator.section-2 to None, run_after=None
[2026-04-28T19:25:39.318+0200] {logging_mixin.py:188} INFO - [2026-04-28T19:25:39.318+0200] {dag.py:3096} INFO - Sync 2 DAGs
[2026-04-28T19:25:39.319+0200] {logging_mixin.py:188} INFO - [2026-04-28T19:25:39.319+0200] {dag.py:3954} INFO - Setting next_dagrun for example_subdag_operator.section-1 to None, run_after=None
[2026-04-28T19:25:39.319+0200] {logging_mixin.py:188} INFO - [2026-04-28T19:25:39.319+0200] {dag.py:3954} INFO - Setting next_dagrun for example_subdag_operator.section-2 to None, run_after=None
[2026-04-28T19:25:39.322+0200] {processor.py:183} INFO - Processing /Users/pablofrancoherrero/prueba_tecnica/venv/lib/python3.11/site-packages/airflow/example_dags/example_subdag_operator.py took 0.048 seconds
[2026-04-28T19:27:00.117+0200] {processor.py:161} INFO - Started process (PID=50735) to work on /Users/pablofrancoherrero/prueba_tecnica/venv/lib/python3.11/site-packages/airflow/example_dags/example_subdag_operator.py
[2026-04-28T19:27:00.118+0200] {processor.py:830} INFO - Processing file /Users/pablofrancoherrero/prueba_tecnica/venv/lib/python3.11/site-packages/airflow/example_dags/example_subdag_operator.py for tasks to queue
[2026-04-28T19:27:00.118+0200] {logging_mixin.py:188} INFO - [2026-04-28T19:27:00.118+0200] {dagbag.py:540} INFO - Filling up the DagBag from /Users/pablofrancoherrero/prueba_tecnica/venv/lib/python3.11/site-packages/airflow/example_dags/example_subdag_operator.py
[2026-04-28T19:27:00.143+0200] {processor.py:840} INFO - DAG(s) 'example_subdag_operator.section-1', 'example_subdag_operator.section-2', 'example_subdag_operator' retrieved from /Users/pablofrancoherrero/prueba_tecnica/venv/lib/python3.11/site-packages/airflow/example_dags/example_subdag_operator.py
[2026-04-28T19:27:00.152+0200] {logging_mixin.py:188} INFO - [2026-04-28T19:27:00.152+0200] {dag.py:3096} INFO - Sync 3 DAGs
[2026-04-28T19:27:00.157+0200] {logging_mixin.py:188} INFO - [2026-04-28T19:27:00.157+0200] {dag.py:3954} INFO - Setting next_dagrun for example_subdag_operator to 2022-01-01 00:00:00+00:00, run_after=2022-01-01 00:00:00+00:00
[2026-04-28T19:27:00.157+0200] {logging_mixin.py:188} INFO - [2026-04-28T19:27:00.157+0200] {dag.py:3954} INFO - Setting next_dagrun for example_subdag_operator.section-1 to None, run_after=None
[2026-04-28T19:27:00.158+0200] {logging_mixin.py:188} INFO - [2026-04-28T19:27:00.158+0200] {dag.py:3954} INFO - Setting next_dagrun for example_subdag_operator.section-2 to None, run_after=None
[2026-04-28T19:27:00.159+0200] {logging_mixin.py:188} INFO - [2026-04-28T19:27:00.159+0200] {dag.py:3096} INFO - Sync 2 DAGs
[2026-04-28T19:27:00.160+0200] {logging_mixin.py:188} INFO - [2026-04-28T19:27:00.160+0200] {dag.py:3954} INFO - Setting next_dagrun for example_subdag_operator.section-1 to None, run_after=None
[2026-04-28T19:27:00.160+0200] {logging_mixin.py:188} INFO - [2026-04-28T19:27:00.160+0200] {dag.py:3954} INFO - Setting next_dagrun for example_subdag_operator.section-2 to None, run_after=None
[2026-04-28T19:27:00.163+0200] {processor.py:183} INFO - Processing /Users/pablofrancoherrero/prueba_tecnica/venv/lib/python3.11/site-packages/airflow/example_dags/example_subdag_operator.py took 0.047 seconds
[2026-04-28T19:28:20.343+0200] {processor.py:161} INFO - Started process (PID=50837) to work on /Users/pablofrancoherrero/prueba_tecnica/venv/lib/python3.11/site-packages/airflow/example_dags/example_subdag_operator.py
[2026-04-28T19:28:20.344+0200] {processor.py:830} INFO - Processing file /Users/pablofrancoherrero/prueba_tecnica/venv/lib/python3.11/site-packages/airflow/example_dags/example_subdag_operator.py for tasks to queue
[2026-04-28T19:28:20.344+0200] {logging_mixin.py:188} INFO - [2026-04-28T19:28:20.344+0200] {dagbag.py:540} INFO - Filling up the DagBag from /Users/pablofrancoherrero/prueba_tecnica/venv/lib/python3.11/site-packages/airflow/example_dags/example_subdag_operator.py
[2026-04-28T19:28:20.371+0200] {processor.py:840} INFO - DAG(s) 'example_subdag_operator.section-1', 'example_subdag_operator.section-2', 'example_subdag_operator' retrieved from /Users/pablofrancoherrero/prueba_tecnica/venv/lib/python3.11/site-packages/airflow/example_dags/example_subdag_operator.py
[2026-04-28T19:28:20.380+0200] {logging_mixin.py:188} INFO - [2026-04-28T19:28:20.380+0200] {dag.py:3096} INFO - Sync 3 DAGs
[2026-04-28T19:28:20.385+0200] {logging_mixin.py:188} INFO - [2026-04-28T19:28:20.385+0200] {dag.py:3954} INFO - Setting next_dagrun for example_subdag_operator to 2022-01-01 00:00:00+00:00, run_after=2022-01-01 00:00:00+00:00
[2026-04-28T19:28:20.386+0200] {logging_mixin.py:188} INFO - [2026-04-28T19:28:20.386+0200] {dag.py:3954} INFO - Setting next_dagrun for example_subdag_operator.section-1 to None, run_after=None
[2026-04-28T19:28:20.386+0200] {logging_mixin.py:188} INFO - [2026-04-28T19:28:20.386+0200] {dag.py:3954} INFO - Setting next_dagrun for example_subdag_operator.section-2 to None, run_after=None
[2026-04-28T19:28:20.389+0200] {logging_mixin.py:188} INFO - [2026-04-28T19:28:20.389+0200] {dag.py:3096} INFO - Sync 2 DAGs
[2026-04-28T19:28:20.390+0200] {logging_mixin.py:188} INFO - [2026-04-28T19:28:20.390+0200] {dag.py:3954} INFO - Setting next_dagrun for example_subdag_operator.section-1 to None, run_after=None
[2026-04-28T19:28:20.390+0200] {logging_mixin.py:188} INFO - [2026-04-28T19:28:20.390+0200] {dag.py:3954} INFO - Setting next_dagrun for example_subdag_operator.section-2 to None, run_after=None
[2026-04-28T19:28:20.394+0200] {processor.py:183} INFO - Processing /Users/pablofrancoherrero/prueba_tecnica/venv/lib/python3.11/site-packages/airflow/example_dags/example_subdag_operator.py took 0.052 seconds
[2026-04-28T19:29:43.529+0200] {processor.py:161} INFO - Started process (PID=50933) to work on /Users/pablofrancoherrero/prueba_tecnica/venv/lib/python3.11/site-packages/airflow/example_dags/example_subdag_operator.py
[2026-04-28T19:29:43.530+0200] {processor.py:830} INFO - Processing file /Users/pablofrancoherrero/prueba_tecnica/venv/lib/python3.11/site-packages/airflow/example_dags/example_subdag_operator.py for tasks to queue
[2026-04-28T19:29:43.530+0200] {logging_mixin.py:188} INFO - [2026-04-28T19:29:43.530+0200] {dagbag.py:540} INFO - Filling up the DagBag from /Users/pablofrancoherrero/prueba_tecnica/venv/lib/python3.11/site-packages/airflow/example_dags/example_subdag_operator.py
[2026-04-28T19:29:43.557+0200] {processor.py:840} INFO - DAG(s) 'example_subdag_operator.section-1', 'example_subdag_operator.section-2', 'example_subdag_operator' retrieved from /Users/pablofrancoherrero/prueba_tecnica/venv/lib/python3.11/site-packages/airflow/example_dags/example_subdag_operator.py
[2026-04-28T19:29:43.566+0200] {logging_mixin.py:188} INFO - [2026-04-28T19:29:43.566+0200] {dag.py:3096} INFO - Sync 3 DAGs
[2026-04-28T19:29:43.571+0200] {logging_mixin.py:188} INFO - [2026-04-28T19:29:43.571+0200] {dag.py:3954} INFO - Setting next_dagrun for example_subdag_operator to 2022-01-01 00:00:00+00:00, run_after=2022-01-01 00:00:00+00:00
[2026-04-28T19:29:43.571+0200] {logging_mixin.py:188} INFO - [2026-04-28T19:29:43.571+0200] {dag.py:3954} INFO - Setting next_dagrun for example_subdag_operator.section-1 to None, run_after=None
[2026-04-28T19:29:43.572+0200] {logging_mixin.py:188} INFO - [2026-04-28T19:29:43.572+0200] {dag.py:3954} INFO - Setting next_dagrun for example_subdag_operator.section-2 to None, run_after=None
[2026-04-28T19:29:43.573+0200] {logging_mixin.py:188} INFO - [2026-04-28T19:29:43.573+0200] {dag.py:3096} INFO - Sync 2 DAGs
[2026-04-28T19:29:43.574+0200] {logging_mixin.py:188} INFO - [2026-04-28T19:29:43.574+0200] {dag.py:3954} INFO - Setting next_dagrun for example_subdag_operator.section-1 to None, run_after=None
[2026-04-28T19:29:43.574+0200] {logging_mixin.py:188} INFO - [2026-04-28T19:29:43.574+0200] {dag.py:3954} INFO - Setting next_dagrun for example_subdag_operator.section-2 to None, run_after=None
[2026-04-28T19:29:43.577+0200] {processor.py:183} INFO - Processing /Users/pablofrancoherrero/prueba_tecnica/venv/lib/python3.11/site-packages/airflow/example_dags/example_subdag_operator.py took 0.049 seconds
[2026-04-28T19:31:06.167+0200] {processor.py:161} INFO - Started process (PID=51027) to work on /Users/pablofrancoherrero/prueba_tecnica/venv/lib/python3.11/site-packages/airflow/example_dags/example_subdag_operator.py
[2026-04-28T19:31:06.168+0200] {processor.py:830} INFO - Processing file /Users/pablofrancoherrero/prueba_tecnica/venv/lib/python3.11/site-packages/airflow/example_dags/example_subdag_operator.py for tasks to queue
[2026-04-28T19:31:06.168+0200] {logging_mixin.py:188} INFO - [2026-04-28T19:31:06.168+0200] {dagbag.py:540} INFO - Filling up the DagBag from /Users/pablofrancoherrero/prueba_tecnica/venv/lib/python3.11/site-packages/airflow/example_dags/example_subdag_operator.py
[2026-04-28T19:31:06.195+0200] {processor.py:840} INFO - DAG(s) 'example_subdag_operator.section-1', 'example_subdag_operator.section-2', 'example_subdag_operator' retrieved from /Users/pablofrancoherrero/prueba_tecnica/venv/lib/python3.11/site-packages/airflow/example_dags/example_subdag_operator.py
[2026-04-28T19:31:06.204+0200] {logging_mixin.py:188} INFO - [2026-04-28T19:31:06.204+0200] {dag.py:3096} INFO - Sync 3 DAGs
[2026-04-28T19:31:06.209+0200] {logging_mixin.py:188} INFO - [2026-04-28T19:31:06.209+0200] {dag.py:3954} INFO - Setting next_dagrun for example_subdag_operator to 2022-01-01 00:00:00+00:00, run_after=2022-01-01 00:00:00+00:00
[2026-04-28T19:31:06.210+0200] {logging_mixin.py:188} INFO - [2026-04-28T19:31:06.210+0200] {dag.py:3954} INFO - Setting next_dagrun for example_subdag_operator.section-1 to None, run_after=None
[2026-04-28T19:31:06.210+0200] {logging_mixin.py:188} INFO - [2026-04-28T19:31:06.210+0200] {dag.py:3954} INFO - Setting next_dagrun for example_subdag_operator.section-2 to None, run_after=None
[2026-04-28T19:31:06.212+0200] {logging_mixin.py:188} INFO - [2026-04-28T19:31:06.212+0200] {dag.py:3096} INFO - Sync 2 DAGs
[2026-04-28T19:31:06.213+0200] {logging_mixin.py:188} INFO - [2026-04-28T19:31:06.213+0200] {dag.py:3954} INFO - Setting next_dagrun for example_subdag_operator.section-1 to None, run_after=None
[2026-04-28T19:31:06.213+0200] {logging_mixin.py:188} INFO - [2026-04-28T19:31:06.213+0200] {dag.py:3954} INFO - Setting next_dagrun for example_subdag_operator.section-2 to None, run_after=None
[2026-04-28T19:31:06.216+0200] {processor.py:183} INFO - Processing /Users/pablofrancoherrero/prueba_tecnica/venv/lib/python3.11/site-packages/airflow/example_dags/example_subdag_operator.py took 0.050 seconds
[2026-04-28T19:32:22.376+0200] {processor.py:161} INFO - Started process (PID=51114) to work on /Users/pablofrancoherrero/prueba_tecnica/venv/lib/python3.11/site-packages/airflow/example_dags/example_subdag_operator.py
[2026-04-28T19:32:22.377+0200] {processor.py:830} INFO - Processing file /Users/pablofrancoherrero/prueba_tecnica/venv/lib/python3.11/site-packages/airflow/example_dags/example_subdag_operator.py for tasks to queue
[2026-04-28T19:32:22.377+0200] {logging_mixin.py:188} INFO - [2026-04-28T19:32:22.377+0200] {dagbag.py:540} INFO - Filling up the DagBag from /Users/pablofrancoherrero/prueba_tecnica/venv/lib/python3.11/site-packages/airflow/example_dags/example_subdag_operator.py
[2026-04-28T19:32:22.404+0200] {processor.py:840} INFO - DAG(s) 'example_subdag_operator.section-1', 'example_subdag_operator.section-2', 'example_subdag_operator' retrieved from /Users/pablofrancoherrero/prueba_tecnica/venv/lib/python3.11/site-packages/airflow/example_dags/example_subdag_operator.py
[2026-04-28T19:32:22.413+0200] {logging_mixin.py:188} INFO - [2026-04-28T19:32:22.413+0200] {dag.py:3096} INFO - Sync 3 DAGs
[2026-04-28T19:32:22.418+0200] {logging_mixin.py:188} INFO - [2026-04-28T19:32:22.418+0200] {dag.py:3954} INFO - Setting next_dagrun for example_subdag_operator to 2022-01-01 00:00:00+00:00, run_after=2022-01-01 00:00:00+00:00
[2026-04-28T19:32:22.419+0200] {logging_mixin.py:188} INFO - [2026-04-28T19:32:22.418+0200] {dag.py:3954} INFO - Setting next_dagrun for example_subdag_operator.section-1 to None, run_after=None
[2026-04-28T19:32:22.419+0200] {logging_mixin.py:188} INFO - [2026-04-28T19:32:22.419+0200] {dag.py:3954} INFO - Setting next_dagrun for example_subdag_operator.section-2 to None, run_after=None
[2026-04-28T19:32:22.420+0200] {logging_mixin.py:188} INFO - [2026-04-28T19:32:22.420+0200] {dag.py:3096} INFO - Sync 2 DAGs
[2026-04-28T19:32:22.421+0200] {logging_mixin.py:188} INFO - [2026-04-28T19:32:22.421+0200] {dag.py:3954} INFO - Setting next_dagrun for example_subdag_operator.section-1 to None, run_after=None
[2026-04-28T19:32:22.421+0200] {logging_mixin.py:188} INFO - [2026-04-28T19:32:22.421+0200] {dag.py:3954} INFO - Setting next_dagrun for example_subdag_operator.section-2 to None, run_after=None
[2026-04-28T19:32:22.424+0200] {processor.py:183} INFO - Processing /Users/pablofrancoherrero/prueba_tecnica/venv/lib/python3.11/site-packages/airflow/example_dags/example_subdag_operator.py took 0.049 seconds
[2026-04-28T19:33:47.324+0200] {processor.py:161} INFO - Started process (PID=51224) to work on /Users/pablofrancoherrero/prueba_tecnica/venv/lib/python3.11/site-packages/airflow/example_dags/example_subdag_operator.py
[2026-04-28T19:33:47.325+0200] {processor.py:830} INFO - Processing file /Users/pablofrancoherrero/prueba_tecnica/venv/lib/python3.11/site-packages/airflow/example_dags/example_subdag_operator.py for tasks to queue
[2026-04-28T19:33:47.325+0200] {logging_mixin.py:188} INFO - [2026-04-28T19:33:47.325+0200] {dagbag.py:540} INFO - Filling up the DagBag from /Users/pablofrancoherrero/prueba_tecnica/venv/lib/python3.11/site-packages/airflow/example_dags/example_subdag_operator.py
[2026-04-28T19:33:47.355+0200] {processor.py:840} INFO - DAG(s) 'example_subdag_operator.section-1', 'example_subdag_operator.section-2', 'example_subdag_operator' retrieved from /Users/pablofrancoherrero/prueba_tecnica/venv/lib/python3.11/site-packages/airflow/example_dags/example_subdag_operator.py
[2026-04-28T19:33:47.365+0200] {logging_mixin.py:188} INFO - [2026-04-28T19:33:47.365+0200] {dag.py:3096} INFO - Sync 3 DAGs
[2026-04-28T19:33:47.372+0200] {logging_mixin.py:188} INFO - [2026-04-28T19:33:47.371+0200] {dag.py:3954} INFO - Setting next_dagrun for example_subdag_operator to 2022-01-01 00:00:00+00:00, run_after=2022-01-01 00:00:00+00:00
[2026-04-28T19:33:47.373+0200] {logging_mixin.py:188} INFO - [2026-04-28T19:33:47.373+0200] {dag.py:3954} INFO - Setting next_dagrun for example_subdag_operator.section-1 to None, run_after=None
[2026-04-28T19:33:47.373+0200] {logging_mixin.py:188} INFO - [2026-04-28T19:33:47.373+0200] {dag.py:3954} INFO - Setting next_dagrun for example_subdag_operator.section-2 to None, run_after=None
[2026-04-28T19:33:47.374+0200] {logging_mixin.py:188} INFO - [2026-04-28T19:33:47.374+0200] {dag.py:3096} INFO - Sync 2 DAGs
[2026-04-28T19:33:47.376+0200] {logging_mixin.py:188} INFO - [2026-04-28T19:33:47.376+0200] {dag.py:3954} INFO - Setting next_dagrun for example_subdag_operator.section-1 to None, run_after=None
[2026-04-28T19:33:47.376+0200] {logging_mixin.py:188} INFO - [2026-04-28T19:33:47.376+0200] {dag.py:3954} INFO - Setting next_dagrun for example_subdag_operator.section-2 to None, run_after=None
[2026-04-28T19:33:47.379+0200] {processor.py:183} INFO - Processing /Users/pablofrancoherrero/prueba_tecnica/venv/lib/python3.11/site-packages/airflow/example_dags/example_subdag_operator.py took 0.056 seconds
[2026-04-28T19:35:09.778+0200] {processor.py:161} INFO - Started process (PID=51331) to work on /Users/pablofrancoherrero/prueba_tecnica/venv/lib/python3.11/site-packages/airflow/example_dags/example_subdag_operator.py
[2026-04-28T19:35:09.779+0200] {processor.py:830} INFO - Processing file /Users/pablofrancoherrero/prueba_tecnica/venv/lib/python3.11/site-packages/airflow/example_dags/example_subdag_operator.py for tasks to queue
[2026-04-28T19:35:09.780+0200] {logging_mixin.py:188} INFO - [2026-04-28T19:35:09.779+0200] {dagbag.py:540} INFO - Filling up the DagBag from /Users/pablofrancoherrero/prueba_tecnica/venv/lib/python3.11/site-packages/airflow/example_dags/example_subdag_operator.py
[2026-04-28T19:35:09.806+0200] {processor.py:840} INFO - DAG(s) 'example_subdag_operator.section-1', 'example_subdag_operator.section-2', 'example_subdag_operator' retrieved from /Users/pablofrancoherrero/prueba_tecnica/venv/lib/python3.11/site-packages/airflow/example_dags/example_subdag_operator.py
[2026-04-28T19:35:09.815+0200] {logging_mixin.py:188} INFO - [2026-04-28T19:35:09.815+0200] {dag.py:3096} INFO - Sync 3 DAGs
[2026-04-28T19:35:09.820+0200] {logging_mixin.py:188} INFO - [2026-04-28T19:35:09.820+0200] {dag.py:3954} INFO - Setting next_dagrun for example_subdag_operator to 2022-01-01 00:00:00+00:00, run_after=2022-01-01 00:00:00+00:00
[2026-04-28T19:35:09.821+0200] {logging_mixin.py:188} INFO - [2026-04-28T19:35:09.821+0200] {dag.py:3954} INFO - Setting next_dagrun for example_subdag_operator.section-1 to None, run_after=None
[2026-04-28T19:35:09.821+0200] {logging_mixin.py:188} INFO - [2026-04-28T19:35:09.821+0200] {dag.py:3954} INFO - Setting next_dagrun for example_subdag_operator.section-2 to None, run_after=None
[2026-04-28T19:35:09.822+0200] {logging_mixin.py:188} INFO - [2026-04-28T19:35:09.822+0200] {dag.py:3096} INFO - Sync 2 DAGs
[2026-04-28T19:35:09.823+0200] {logging_mixin.py:188} INFO - [2026-04-28T19:35:09.823+0200] {dag.py:3954} INFO - Setting next_dagrun for example_subdag_operator.section-1 to None, run_after=None
[2026-04-28T19:35:09.823+0200] {logging_mixin.py:188} INFO - [2026-04-28T19:35:09.823+0200] {dag.py:3954} INFO - Setting next_dagrun for example_subdag_operator.section-2 to None, run_after=None
[2026-04-28T19:35:09.826+0200] {processor.py:183} INFO - Processing /Users/pablofrancoherrero/prueba_tecnica/venv/lib/python3.11/site-packages/airflow/example_dags/example_subdag_operator.py took 0.049 seconds
[2026-04-28T19:36:27.414+0200] {processor.py:161} INFO - Started process (PID=51432) to work on /Users/pablofrancoherrero/prueba_tecnica/venv/lib/python3.11/site-packages/airflow/example_dags/example_subdag_operator.py
[2026-04-28T19:36:27.415+0200] {processor.py:830} INFO - Processing file /Users/pablofrancoherrero/prueba_tecnica/venv/lib/python3.11/site-packages/airflow/example_dags/example_subdag_operator.py for tasks to queue
[2026-04-28T19:36:27.415+0200] {logging_mixin.py:188} INFO - [2026-04-28T19:36:27.415+0200] {dagbag.py:540} INFO - Filling up the DagBag from /Users/pablofrancoherrero/prueba_tecnica/venv/lib/python3.11/site-packages/airflow/example_dags/example_subdag_operator.py
[2026-04-28T19:36:27.441+0200] {processor.py:840} INFO - DAG(s) 'example_subdag_operator.section-1', 'example_subdag_operator.section-2', 'example_subdag_operator' retrieved from /Users/pablofrancoherrero/prueba_tecnica/venv/lib/python3.11/site-packages/airflow/example_dags/example_subdag_operator.py
[2026-04-28T19:36:27.451+0200] {logging_mixin.py:188} INFO - [2026-04-28T19:36:27.451+0200] {dag.py:3096} INFO - Sync 3 DAGs
[2026-04-28T19:36:27.456+0200] {logging_mixin.py:188} INFO - [2026-04-28T19:36:27.456+0200] {dag.py:3954} INFO - Setting next_dagrun for example_subdag_operator to 2022-01-01 00:00:00+00:00, run_after=2022-01-01 00:00:00+00:00
[2026-04-28T19:36:27.457+0200] {logging_mixin.py:188} INFO - [2026-04-28T19:36:27.457+0200] {dag.py:3954} INFO - Setting next_dagrun for example_subdag_operator.section-1 to None, run_after=None
[2026-04-28T19:36:27.457+0200] {logging_mixin.py:188} INFO - [2026-04-28T19:36:27.457+0200] {dag.py:3954} INFO - Setting next_dagrun for example_subdag_operator.section-2 to None, run_after=None
[2026-04-28T19:36:27.459+0200] {logging_mixin.py:188} INFO - [2026-04-28T19:36:27.459+0200] {dag.py:3096} INFO - Sync 2 DAGs
[2026-04-28T19:36:27.460+0200] {logging_mixin.py:188} INFO - [2026-04-28T19:36:27.459+0200] {dag.py:3954} INFO - Setting next_dagrun for example_subdag_operator.section-1 to None, run_after=None
[2026-04-28T19:36:27.460+0200] {logging_mixin.py:188} INFO - [2026-04-28T19:36:27.460+0200] {dag.py:3954} INFO - Setting next_dagrun for example_subdag_operator.section-2 to None, run_after=None
[2026-04-28T19:36:27.463+0200] {processor.py:183} INFO - Processing /Users/pablofrancoherrero/prueba_tecnica/venv/lib/python3.11/site-packages/airflow/example_dags/example_subdag_operator.py took 0.049 seconds
[2026-04-28T19:37:47.621+0200] {processor.py:161} INFO - Started process (PID=51542) to work on /Users/pablofrancoherrero/prueba_tecnica/venv/lib/python3.11/site-packages/airflow/example_dags/example_subdag_operator.py
[2026-04-28T19:37:47.622+0200] {processor.py:830} INFO - Processing file /Users/pablofrancoherrero/prueba_tecnica/venv/lib/python3.11/site-packages/airflow/example_dags/example_subdag_operator.py for tasks to queue
[2026-04-28T19:37:47.622+0200] {logging_mixin.py:188} INFO - [2026-04-28T19:37:47.622+0200] {dagbag.py:540} INFO - Filling up the DagBag from /Users/pablofrancoherrero/prueba_tecnica/venv/lib/python3.11/site-packages/airflow/example_dags/example_subdag_operator.py
[2026-04-28T19:37:47.667+0200] {processor.py:840} INFO - DAG(s) 'example_subdag_operator.section-1', 'example_subdag_operator.section-2', 'example_subdag_operator' retrieved from /Users/pablofrancoherrero/prueba_tecnica/venv/lib/python3.11/site-packages/airflow/example_dags/example_subdag_operator.py
[2026-04-28T19:37:47.682+0200] {logging_mixin.py:188} INFO - [2026-04-28T19:37:47.682+0200] {dag.py:3096} INFO - Sync 3 DAGs
[2026-04-28T19:37:47.689+0200] {logging_mixin.py:188} INFO - [2026-04-28T19:37:47.689+0200] {dag.py:3954} INFO - Setting next_dagrun for example_subdag_operator to 2022-01-01 00:00:00+00:00, run_after=2022-01-01 00:00:00+00:00
[2026-04-28T19:37:47.690+0200] {logging_mixin.py:188} INFO - [2026-04-28T19:37:47.690+0200] {dag.py:3954} INFO - Setting next_dagrun for example_subdag_operator.section-1 to None, run_after=None
[2026-04-28T19:37:47.691+0200] {logging_mixin.py:188} INFO - [2026-04-28T19:37:47.691+0200] {dag.py:3954} INFO - Setting next_dagrun for example_subdag_operator.section-2 to None, run_after=None
[2026-04-28T19:37:47.692+0200] {logging_mixin.py:188} INFO - [2026-04-28T19:37:47.692+0200] {dag.py:3096} INFO - Sync 2 DAGs
[2026-04-28T19:37:47.694+0200] {logging_mixin.py:188} INFO - [2026-04-28T19:37:47.694+0200] {dag.py:3954} INFO - Setting next_dagrun for example_subdag_operator.section-1 to None, run_after=None
[2026-04-28T19:37:47.694+0200] {logging_mixin.py:188} INFO - [2026-04-28T19:37:47.694+0200] {dag.py:3954} INFO - Setting next_dagrun for example_subdag_operator.section-2 to None, run_after=None
[2026-04-28T19:37:47.697+0200] {processor.py:183} INFO - Processing /Users/pablofrancoherrero/prueba_tecnica/venv/lib/python3.11/site-packages/airflow/example_dags/example_subdag_operator.py took 0.077 seconds
[2026-04-28T19:39:11.805+0200] {processor.py:161} INFO - Started process (PID=51627) to work on /Users/pablofrancoherrero/prueba_tecnica/venv/lib/python3.11/site-packages/airflow/example_dags/example_subdag_operator.py
[2026-04-28T19:39:11.806+0200] {processor.py:830} INFO - Processing file /Users/pablofrancoherrero/prueba_tecnica/venv/lib/python3.11/site-packages/airflow/example_dags/example_subdag_operator.py for tasks to queue
[2026-04-28T19:39:11.806+0200] {logging_mixin.py:188} INFO - [2026-04-28T19:39:11.806+0200] {dagbag.py:540} INFO - Filling up the DagBag from /Users/pablofrancoherrero/prueba_tecnica/venv/lib/python3.11/site-packages/airflow/example_dags/example_subdag_operator.py
[2026-04-28T19:39:11.833+0200] {processor.py:840} INFO - DAG(s) 'example_subdag_operator.section-1', 'example_subdag_operator.section-2', 'example_subdag_operator' retrieved from /Users/pablofrancoherrero/prueba_tecnica/venv/lib/python3.11/site-packages/airflow/example_dags/example_subdag_operator.py
[2026-04-28T19:39:11.842+0200] {logging_mixin.py:188} INFO - [2026-04-28T19:39:11.842+0200] {dag.py:3096} INFO - Sync 3 DAGs
[2026-04-28T19:39:11.847+0200] {logging_mixin.py:188} INFO - [2026-04-28T19:39:11.847+0200] {dag.py:3954} INFO - Setting next_dagrun for example_subdag_operator to 2022-01-01 00:00:00+00:00, run_after=2022-01-01 00:00:00+00:00
[2026-04-28T19:39:11.848+0200] {logging_mixin.py:188} INFO - [2026-04-28T19:39:11.848+0200] {dag.py:3954} INFO - Setting next_dagrun for example_subdag_operator.section-1 to None, run_after=None
[2026-04-28T19:39:11.848+0200] {logging_mixin.py:188} INFO - [2026-04-28T19:39:11.848+0200] {dag.py:3954} INFO - Setting next_dagrun for example_subdag_operator.section-2 to None, run_after=None
[2026-04-28T19:39:11.850+0200] {logging_mixin.py:188} INFO - [2026-04-28T19:39:11.850+0200] {dag.py:3096} INFO - Sync 2 DAGs
[2026-04-28T19:39:11.851+0200] {logging_mixin.py:188} INFO - [2026-04-28T19:39:11.850+0200] {dag.py:3954} INFO - Setting next_dagrun for example_subdag_operator.section-1 to None, run_after=None
[2026-04-28T19:39:11.851+0200] {logging_mixin.py:188} INFO - [2026-04-28T19:39:11.851+0200] {dag.py:3954} INFO - Setting next_dagrun for example_subdag_operator.section-2 to None, run_after=None
[2026-04-28T19:39:11.854+0200] {processor.py:183} INFO - Processing /Users/pablofrancoherrero/prueba_tecnica/venv/lib/python3.11/site-packages/airflow/example_dags/example_subdag_operator.py took 0.050 seconds
[2026-04-28T19:40:29.903+0200] {processor.py:161} INFO - Started process (PID=51764) to work on /Users/pablofrancoherrero/prueba_tecnica/venv/lib/python3.11/site-packages/airflow/example_dags/example_subdag_operator.py
[2026-04-28T19:40:29.904+0200] {processor.py:830} INFO - Processing file /Users/pablofrancoherrero/prueba_tecnica/venv/lib/python3.11/site-packages/airflow/example_dags/example_subdag_operator.py for tasks to queue
[2026-04-28T19:40:29.904+0200] {logging_mixin.py:188} INFO - [2026-04-28T19:40:29.904+0200] {dagbag.py:540} INFO - Filling up the DagBag from /Users/pablofrancoherrero/prueba_tecnica/venv/lib/python3.11/site-packages/airflow/example_dags/example_subdag_operator.py
[2026-04-28T19:40:29.930+0200] {processor.py:840} INFO - DAG(s) 'example_subdag_operator.section-1', 'example_subdag_operator.section-2', 'example_subdag_operator' retrieved from /Users/pablofrancoherrero/prueba_tecnica/venv/lib/python3.11/site-packages/airflow/example_dags/example_subdag_operator.py
[2026-04-28T19:40:29.939+0200] {logging_mixin.py:188} INFO - [2026-04-28T19:40:29.939+0200] {dag.py:3096} INFO - Sync 3 DAGs
[2026-04-28T19:40:29.944+0200] {logging_mixin.py:188} INFO - [2026-04-28T19:40:29.944+0200] {dag.py:3954} INFO - Setting next_dagrun for example_subdag_operator to 2022-01-01 00:00:00+00:00, run_after=2022-01-01 00:00:00+00:00
[2026-04-28T19:40:29.945+0200] {logging_mixin.py:188} INFO - [2026-04-28T19:40:29.944+0200] {dag.py:3954} INFO - Setting next_dagrun for example_subdag_operator.section-1 to None, run_after=None
[2026-04-28T19:40:29.945+0200] {logging_mixin.py:188} INFO - [2026-04-28T19:40:29.945+0200] {dag.py:3954} INFO - Setting next_dagrun for example_subdag_operator.section-2 to None, run_after=None
[2026-04-28T19:40:29.946+0200] {logging_mixin.py:188} INFO - [2026-04-28T19:40:29.946+0200] {dag.py:3096} INFO - Sync 2 DAGs
[2026-04-28T19:40:29.947+0200] {logging_mixin.py:188} INFO - [2026-04-28T19:40:29.947+0200] {dag.py:3954} INFO - Setting next_dagrun for example_subdag_operator.section-1 to None, run_after=None
[2026-04-28T19:40:29.947+0200] {logging_mixin.py:188} INFO - [2026-04-28T19:40:29.947+0200] {dag.py:3954} INFO - Setting next_dagrun for example_subdag_operator.section-2 to None, run_after=None
[2026-04-28T19:40:29.950+0200] {processor.py:183} INFO - Processing /Users/pablofrancoherrero/prueba_tecnica/venv/lib/python3.11/site-packages/airflow/example_dags/example_subdag_operator.py took 0.048 seconds
[2026-04-28T19:41:52.659+0200] {processor.py:161} INFO - Started process (PID=51860) to work on /Users/pablofrancoherrero/prueba_tecnica/venv/lib/python3.11/site-packages/airflow/example_dags/example_subdag_operator.py
[2026-04-28T19:41:52.660+0200] {processor.py:830} INFO - Processing file /Users/pablofrancoherrero/prueba_tecnica/venv/lib/python3.11/site-packages/airflow/example_dags/example_subdag_operator.py for tasks to queue
[2026-04-28T19:41:52.660+0200] {logging_mixin.py:188} INFO - [2026-04-28T19:41:52.660+0200] {dagbag.py:540} INFO - Filling up the DagBag from /Users/pablofrancoherrero/prueba_tecnica/venv/lib/python3.11/site-packages/airflow/example_dags/example_subdag_operator.py
[2026-04-28T19:41:52.686+0200] {processor.py:840} INFO - DAG(s) 'example_subdag_operator.section-1', 'example_subdag_operator.section-2', 'example_subdag_operator' retrieved from /Users/pablofrancoherrero/prueba_tecnica/venv/lib/python3.11/site-packages/airflow/example_dags/example_subdag_operator.py
[2026-04-28T19:41:52.695+0200] {logging_mixin.py:188} INFO - [2026-04-28T19:41:52.694+0200] {dag.py:3096} INFO - Sync 3 DAGs
[2026-04-28T19:41:52.699+0200] {logging_mixin.py:188} INFO - [2026-04-28T19:41:52.699+0200] {dag.py:3954} INFO - Setting next_dagrun for example_subdag_operator to 2022-01-01 00:00:00+00:00, run_after=2022-01-01 00:00:00+00:00
[2026-04-28T19:41:52.700+0200] {logging_mixin.py:188} INFO - [2026-04-28T19:41:52.700+0200] {dag.py:3954} INFO - Setting next_dagrun for example_subdag_operator.section-1 to None, run_after=None
[2026-04-28T19:41:52.700+0200] {logging_mixin.py:188} INFO - [2026-04-28T19:41:52.700+0200] {dag.py:3954} INFO - Setting next_dagrun for example_subdag_operator.section-2 to None, run_after=None
[2026-04-28T19:41:52.702+0200] {logging_mixin.py:188} INFO - [2026-04-28T19:41:52.702+0200] {dag.py:3096} INFO - Sync 2 DAGs
[2026-04-28T19:41:52.703+0200] {logging_mixin.py:188} INFO - [2026-04-28T19:41:52.703+0200] {dag.py:3954} INFO - Setting next_dagrun for example_subdag_operator.section-1 to None, run_after=None
[2026-04-28T19:41:52.703+0200] {logging_mixin.py:188} INFO - [2026-04-28T19:41:52.703+0200] {dag.py:3954} INFO - Setting next_dagrun for example_subdag_operator.section-2 to None, run_after=None
[2026-04-28T19:41:52.706+0200] {processor.py:183} INFO - Processing /Users/pablofrancoherrero/prueba_tecnica/venv/lib/python3.11/site-packages/airflow/example_dags/example_subdag_operator.py took 0.047 seconds
[2026-04-28T19:43:13.754+0200] {processor.py:161} INFO - Started process (PID=51931) to work on /Users/pablofrancoherrero/prueba_tecnica/venv/lib/python3.11/site-packages/airflow/example_dags/example_subdag_operator.py
[2026-04-28T19:43:13.755+0200] {processor.py:830} INFO - Processing file /Users/pablofrancoherrero/prueba_tecnica/venv/lib/python3.11/site-packages/airflow/example_dags/example_subdag_operator.py for tasks to queue
[2026-04-28T19:43:13.755+0200] {logging_mixin.py:188} INFO - [2026-04-28T19:43:13.755+0200] {dagbag.py:540} INFO - Filling up the DagBag from /Users/pablofrancoherrero/prueba_tecnica/venv/lib/python3.11/site-packages/airflow/example_dags/example_subdag_operator.py
[2026-04-28T19:43:13.781+0200] {processor.py:840} INFO - DAG(s) 'example_subdag_operator.section-1', 'example_subdag_operator.section-2', 'example_subdag_operator' retrieved from /Users/pablofrancoherrero/prueba_tecnica/venv/lib/python3.11/site-packages/airflow/example_dags/example_subdag_operator.py
[2026-04-28T19:43:13.790+0200] {logging_mixin.py:188} INFO - [2026-04-28T19:43:13.790+0200] {dag.py:3096} INFO - Sync 3 DAGs
[2026-04-28T19:43:13.795+0200] {logging_mixin.py:188} INFO - [2026-04-28T19:43:13.795+0200] {dag.py:3954} INFO - Setting next_dagrun for example_subdag_operator to 2022-01-01 00:00:00+00:00, run_after=2022-01-01 00:00:00+00:00
[2026-04-28T19:43:13.795+0200] {logging_mixin.py:188} INFO - [2026-04-28T19:43:13.795+0200] {dag.py:3954} INFO - Setting next_dagrun for example_subdag_operator.section-1 to None, run_after=None
[2026-04-28T19:43:13.796+0200] {logging_mixin.py:188} INFO - [2026-04-28T19:43:13.796+0200] {dag.py:3954} INFO - Setting next_dagrun for example_subdag_operator.section-2 to None, run_after=None
[2026-04-28T19:43:13.797+0200] {logging_mixin.py:188} INFO - [2026-04-28T19:43:13.797+0200] {dag.py:3096} INFO - Sync 2 DAGs
[2026-04-28T19:43:13.798+0200] {logging_mixin.py:188} INFO - [2026-04-28T19:43:13.798+0200] {dag.py:3954} INFO - Setting next_dagrun for example_subdag_operator.section-1 to None, run_after=None
[2026-04-28T19:43:13.798+0200] {logging_mixin.py:188} INFO - [2026-04-28T19:43:13.798+0200] {dag.py:3954} INFO - Setting next_dagrun for example_subdag_operator.section-2 to None, run_after=None
[2026-04-28T19:43:13.801+0200] {processor.py:183} INFO - Processing /Users/pablofrancoherrero/prueba_tecnica/venv/lib/python3.11/site-packages/airflow/example_dags/example_subdag_operator.py took 0.048 seconds
[2026-04-28T19:44:38.299+0200] {processor.py:161} INFO - Started process (PID=52050) to work on /Users/pablofrancoherrero/prueba_tecnica/venv/lib/python3.11/site-packages/airflow/example_dags/example_subdag_operator.py
[2026-04-28T19:44:38.299+0200] {processor.py:830} INFO - Processing file /Users/pablofrancoherrero/prueba_tecnica/venv/lib/python3.11/site-packages/airflow/example_dags/example_subdag_operator.py for tasks to queue
[2026-04-28T19:44:38.300+0200] {logging_mixin.py:188} INFO - [2026-04-28T19:44:38.300+0200] {dagbag.py:540} INFO - Filling up the DagBag from /Users/pablofrancoherrero/prueba_tecnica/venv/lib/python3.11/site-packages/airflow/example_dags/example_subdag_operator.py
[2026-04-28T19:44:38.327+0200] {processor.py:840} INFO - DAG(s) 'example_subdag_operator.section-1', 'example_subdag_operator.section-2', 'example_subdag_operator' retrieved from /Users/pablofrancoherrero/prueba_tecnica/venv/lib/python3.11/site-packages/airflow/example_dags/example_subdag_operator.py
[2026-04-28T19:44:38.337+0200] {logging_mixin.py:188} INFO - [2026-04-28T19:44:38.337+0200] {dag.py:3096} INFO - Sync 3 DAGs
[2026-04-28T19:44:38.342+0200] {logging_mixin.py:188} INFO - [2026-04-28T19:44:38.342+0200] {dag.py:3954} INFO - Setting next_dagrun for example_subdag_operator to 2022-01-01 00:00:00+00:00, run_after=2022-01-01 00:00:00+00:00
[2026-04-28T19:44:38.343+0200] {logging_mixin.py:188} INFO - [2026-04-28T19:44:38.343+0200] {dag.py:3954} INFO - Setting next_dagrun for example_subdag_operator.section-1 to None, run_after=None
[2026-04-28T19:44:38.343+0200] {logging_mixin.py:188} INFO - [2026-04-28T19:44:38.343+0200] {dag.py:3954} INFO - Setting next_dagrun for example_subdag_operator.section-2 to None, run_after=None
[2026-04-28T19:44:38.345+0200] {logging_mixin.py:188} INFO - [2026-04-28T19:44:38.345+0200] {dag.py:3096} INFO - Sync 2 DAGs
[2026-04-28T19:44:38.346+0200] {logging_mixin.py:188} INFO - [2026-04-28T19:44:38.346+0200] {dag.py:3954} INFO - Setting next_dagrun for example_subdag_operator.section-1 to None, run_after=None
[2026-04-28T19:44:38.346+0200] {logging_mixin.py:188} INFO - [2026-04-28T19:44:38.346+0200] {dag.py:3954} INFO - Setting next_dagrun for example_subdag_operator.section-2 to None, run_after=None
[2026-04-28T19:44:38.349+0200] {processor.py:183} INFO - Processing /Users/pablofrancoherrero/prueba_tecnica/venv/lib/python3.11/site-packages/airflow/example_dags/example_subdag_operator.py took 0.051 seconds
[2026-04-28T19:45:58.300+0200] {processor.py:161} INFO - Started process (PID=52171) to work on /Users/pablofrancoherrero/prueba_tecnica/venv/lib/python3.11/site-packages/airflow/example_dags/example_subdag_operator.py
[2026-04-28T19:45:58.301+0200] {processor.py:830} INFO - Processing file /Users/pablofrancoherrero/prueba_tecnica/venv/lib/python3.11/site-packages/airflow/example_dags/example_subdag_operator.py for tasks to queue
[2026-04-28T19:45:58.301+0200] {logging_mixin.py:188} INFO - [2026-04-28T19:45:58.301+0200] {dagbag.py:540} INFO - Filling up the DagBag from /Users/pablofrancoherrero/prueba_tecnica/venv/lib/python3.11/site-packages/airflow/example_dags/example_subdag_operator.py
[2026-04-28T19:45:58.327+0200] {processor.py:840} INFO - DAG(s) 'example_subdag_operator.section-1', 'example_subdag_operator.section-2', 'example_subdag_operator' retrieved from /Users/pablofrancoherrero/prueba_tecnica/venv/lib/python3.11/site-packages/airflow/example_dags/example_subdag_operator.py
[2026-04-28T19:45:58.336+0200] {logging_mixin.py:188} INFO - [2026-04-28T19:45:58.336+0200] {dag.py:3096} INFO - Sync 3 DAGs
[2026-04-28T19:45:58.341+0200] {logging_mixin.py:188} INFO - [2026-04-28T19:45:58.341+0200] {dag.py:3954} INFO - Setting next_dagrun for example_subdag_operator to 2022-01-01 00:00:00+00:00, run_after=2022-01-01 00:00:00+00:00
[2026-04-28T19:45:58.342+0200] {logging_mixin.py:188} INFO - [2026-04-28T19:45:58.342+0200] {dag.py:3954} INFO - Setting next_dagrun for example_subdag_operator.section-1 to None, run_after=None
[2026-04-28T19:45:58.342+0200] {logging_mixin.py:188} INFO - [2026-04-28T19:45:58.342+0200] {dag.py:3954} INFO - Setting next_dagrun for example_subdag_operator.section-2 to None, run_after=None
[2026-04-28T19:45:58.344+0200] {logging_mixin.py:188} INFO - [2026-04-28T19:45:58.344+0200] {dag.py:3096} INFO - Sync 2 DAGs
[2026-04-28T19:45:58.345+0200] {logging_mixin.py:188} INFO - [2026-04-28T19:45:58.345+0200] {dag.py:3954} INFO - Setting next_dagrun for example_subdag_operator.section-1 to None, run_after=None
[2026-04-28T19:45:58.345+0200] {logging_mixin.py:188} INFO - [2026-04-28T19:45:58.345+0200] {dag.py:3954} INFO - Setting next_dagrun for example_subdag_operator.section-2 to None, run_after=None
[2026-04-28T19:45:58.348+0200] {processor.py:183} INFO - Processing /Users/pablofrancoherrero/prueba_tecnica/venv/lib/python3.11/site-packages/airflow/example_dags/example_subdag_operator.py took 0.048 seconds
[2026-04-28T19:47:18.172+0200] {processor.py:161} INFO - Started process (PID=52286) to work on /Users/pablofrancoherrero/prueba_tecnica/venv/lib/python3.11/site-packages/airflow/example_dags/example_subdag_operator.py
[2026-04-28T19:47:18.172+0200] {processor.py:830} INFO - Processing file /Users/pablofrancoherrero/prueba_tecnica/venv/lib/python3.11/site-packages/airflow/example_dags/example_subdag_operator.py for tasks to queue
[2026-04-28T19:47:18.173+0200] {logging_mixin.py:188} INFO - [2026-04-28T19:47:18.173+0200] {dagbag.py:540} INFO - Filling up the DagBag from /Users/pablofrancoherrero/prueba_tecnica/venv/lib/python3.11/site-packages/airflow/example_dags/example_subdag_operator.py
[2026-04-28T19:47:18.201+0200] {processor.py:840} INFO - DAG(s) 'example_subdag_operator.section-1', 'example_subdag_operator.section-2', 'example_subdag_operator' retrieved from /Users/pablofrancoherrero/prueba_tecnica/venv/lib/python3.11/site-packages/airflow/example_dags/example_subdag_operator.py
[2026-04-28T19:47:18.210+0200] {logging_mixin.py:188} INFO - [2026-04-28T19:47:18.210+0200] {dag.py:3096} INFO - Sync 3 DAGs
[2026-04-28T19:47:18.215+0200] {logging_mixin.py:188} INFO - [2026-04-28T19:47:18.215+0200] {dag.py:3954} INFO - Setting next_dagrun for example_subdag_operator to 2022-01-01 00:00:00+00:00, run_after=2022-01-01 00:00:00+00:00
[2026-04-28T19:47:18.216+0200] {logging_mixin.py:188} INFO - [2026-04-28T19:47:18.216+0200] {dag.py:3954} INFO - Setting next_dagrun for example_subdag_operator.section-1 to None, run_after=None
[2026-04-28T19:47:18.216+0200] {logging_mixin.py:188} INFO - [2026-04-28T19:47:18.216+0200] {dag.py:3954} INFO - Setting next_dagrun for example_subdag_operator.section-2 to None, run_after=None
[2026-04-28T19:47:18.218+0200] {logging_mixin.py:188} INFO - [2026-04-28T19:47:18.218+0200] {dag.py:3096} INFO - Sync 2 DAGs
[2026-04-28T19:47:18.219+0200] {logging_mixin.py:188} INFO - [2026-04-28T19:47:18.219+0200] {dag.py:3954} INFO - Setting next_dagrun for example_subdag_operator.section-1 to None, run_after=None
[2026-04-28T19:47:18.219+0200] {logging_mixin.py:188} INFO - [2026-04-28T19:47:18.219+0200] {dag.py:3954} INFO - Setting next_dagrun for example_subdag_operator.section-2 to None, run_after=None
[2026-04-28T19:47:18.222+0200] {processor.py:183} INFO - Processing /Users/pablofrancoherrero/prueba_tecnica/venv/lib/python3.11/site-packages/airflow/example_dags/example_subdag_operator.py took 0.051 seconds
[2026-04-28T19:48:36.143+0200] {processor.py:161} INFO - Started process (PID=52377) to work on /Users/pablofrancoherrero/prueba_tecnica/venv/lib/python3.11/site-packages/airflow/example_dags/example_subdag_operator.py
[2026-04-28T19:48:36.144+0200] {processor.py:830} INFO - Processing file /Users/pablofrancoherrero/prueba_tecnica/venv/lib/python3.11/site-packages/airflow/example_dags/example_subdag_operator.py for tasks to queue
[2026-04-28T19:48:36.144+0200] {logging_mixin.py:188} INFO - [2026-04-28T19:48:36.144+0200] {dagbag.py:540} INFO - Filling up the DagBag from /Users/pablofrancoherrero/prueba_tecnica/venv/lib/python3.11/site-packages/airflow/example_dags/example_subdag_operator.py
[2026-04-28T19:48:36.171+0200] {processor.py:840} INFO - DAG(s) 'example_subdag_operator.section-1', 'example_subdag_operator.section-2', 'example_subdag_operator' retrieved from /Users/pablofrancoherrero/prueba_tecnica/venv/lib/python3.11/site-packages/airflow/example_dags/example_subdag_operator.py
[2026-04-28T19:48:36.180+0200] {logging_mixin.py:188} INFO - [2026-04-28T19:48:36.180+0200] {dag.py:3096} INFO - Sync 3 DAGs
[2026-04-28T19:48:36.185+0200] {logging_mixin.py:188} INFO - [2026-04-28T19:48:36.185+0200] {dag.py:3954} INFO - Setting next_dagrun for example_subdag_operator to 2022-01-01 00:00:00+00:00, run_after=2022-01-01 00:00:00+00:00
[2026-04-28T19:48:36.186+0200] {logging_mixin.py:188} INFO - [2026-04-28T19:48:36.186+0200] {dag.py:3954} INFO - Setting next_dagrun for example_subdag_operator.section-1 to None, run_after=None
[2026-04-28T19:48:36.186+0200] {logging_mixin.py:188} INFO - [2026-04-28T19:48:36.186+0200] {dag.py:3954} INFO - Setting next_dagrun for example_subdag_operator.section-2 to None, run_after=None
[2026-04-28T19:48:36.187+0200] {logging_mixin.py:188} INFO - [2026-04-28T19:48:36.187+0200] {dag.py:3096} INFO - Sync 2 DAGs
[2026-04-28T19:48:36.188+0200] {logging_mixin.py:188} INFO - [2026-04-28T19:48:36.188+0200] {dag.py:3954} INFO - Setting next_dagrun for example_subdag_operator.section-1 to None, run_after=None
[2026-04-28T19:48:36.188+0200] {logging_mixin.py:188} INFO - [2026-04-28T19:48:36.188+0200] {dag.py:3954} INFO - Setting next_dagrun for example_subdag_operator.section-2 to None, run_after=None
[2026-04-28T19:48:36.191+0200] {processor.py:183} INFO - Processing /Users/pablofrancoherrero/prueba_tecnica/venv/lib/python3.11/site-packages/airflow/example_dags/example_subdag_operator.py took 0.050 seconds
[2026-04-28T19:49:59.446+0200] {processor.py:161} INFO - Started process (PID=52480) to work on /Users/pablofrancoherrero/prueba_tecnica/venv/lib/python3.11/site-packages/airflow/example_dags/example_subdag_operator.py
[2026-04-28T19:49:59.447+0200] {processor.py:830} INFO - Processing file /Users/pablofrancoherrero/prueba_tecnica/venv/lib/python3.11/site-packages/airflow/example_dags/example_subdag_operator.py for tasks to queue
[2026-04-28T19:49:59.447+0200] {logging_mixin.py:188} INFO - [2026-04-28T19:49:59.447+0200] {dagbag.py:540} INFO - Filling up the DagBag from /Users/pablofrancoherrero/prueba_tecnica/venv/lib/python3.11/site-packages/airflow/example_dags/example_subdag_operator.py
[2026-04-28T19:49:59.476+0200] {processor.py:840} INFO - DAG(s) 'example_subdag_operator.section-1', 'example_subdag_operator.section-2', 'example_subdag_operator' retrieved from /Users/pablofrancoherrero/prueba_tecnica/venv/lib/python3.11/site-packages/airflow/example_dags/example_subdag_operator.py
[2026-04-28T19:49:59.486+0200] {logging_mixin.py:188} INFO - [2026-04-28T19:49:59.486+0200] {dag.py:3096} INFO - Sync 3 DAGs
[2026-04-28T19:49:59.491+0200] {logging_mixin.py:188} INFO - [2026-04-28T19:49:59.491+0200] {dag.py:3954} INFO - Setting next_dagrun for example_subdag_operator to 2022-01-01 00:00:00+00:00, run_after=2022-01-01 00:00:00+00:00
[2026-04-28T19:49:59.492+0200] {logging_mixin.py:188} INFO - [2026-04-28T19:49:59.492+0200] {dag.py:3954} INFO - Setting next_dagrun for example_subdag_operator.section-1 to None, run_after=None
[2026-04-28T19:49:59.492+0200] {logging_mixin.py:188} INFO - [2026-04-28T19:49:59.492+0200] {dag.py:3954} INFO - Setting next_dagrun for example_subdag_operator.section-2 to None, run_after=None
[2026-04-28T19:49:59.494+0200] {logging_mixin.py:188} INFO - [2026-04-28T19:49:59.494+0200] {dag.py:3096} INFO - Sync 2 DAGs
[2026-04-28T19:49:59.495+0200] {logging_mixin.py:188} INFO - [2026-04-28T19:49:59.495+0200] {dag.py:3954} INFO - Setting next_dagrun for example_subdag_operator.section-1 to None, run_after=None
[2026-04-28T19:49:59.495+0200] {logging_mixin.py:188} INFO - [2026-04-28T19:49:59.495+0200] {dag.py:3954} INFO - Setting next_dagrun for example_subdag_operator.section-2 to None, run_after=None
[2026-04-28T19:49:59.499+0200] {processor.py:183} INFO - Processing /Users/pablofrancoherrero/prueba_tecnica/venv/lib/python3.11/site-packages/airflow/example_dags/example_subdag_operator.py took 0.054 seconds
[2026-04-28T19:51:20.328+0200] {processor.py:161} INFO - Started process (PID=52579) to work on /Users/pablofrancoherrero/prueba_tecnica/venv/lib/python3.11/site-packages/airflow/example_dags/example_subdag_operator.py
[2026-04-28T19:51:20.329+0200] {processor.py:830} INFO - Processing file /Users/pablofrancoherrero/prueba_tecnica/venv/lib/python3.11/site-packages/airflow/example_dags/example_subdag_operator.py for tasks to queue
[2026-04-28T19:51:20.329+0200] {logging_mixin.py:188} INFO - [2026-04-28T19:51:20.329+0200] {dagbag.py:540} INFO - Filling up the DagBag from /Users/pablofrancoherrero/prueba_tecnica/venv/lib/python3.11/site-packages/airflow/example_dags/example_subdag_operator.py
[2026-04-28T19:51:20.355+0200] {processor.py:840} INFO - DAG(s) 'example_subdag_operator.section-1', 'example_subdag_operator.section-2', 'example_subdag_operator' retrieved from /Users/pablofrancoherrero/prueba_tecnica/venv/lib/python3.11/site-packages/airflow/example_dags/example_subdag_operator.py
[2026-04-28T19:51:20.365+0200] {logging_mixin.py:188} INFO - [2026-04-28T19:51:20.364+0200] {dag.py:3096} INFO - Sync 3 DAGs
[2026-04-28T19:51:20.370+0200] {logging_mixin.py:188} INFO - [2026-04-28T19:51:20.370+0200] {dag.py:3954} INFO - Setting next_dagrun for example_subdag_operator to 2022-01-01 00:00:00+00:00, run_after=2022-01-01 00:00:00+00:00
[2026-04-28T19:51:20.371+0200] {logging_mixin.py:188} INFO - [2026-04-28T19:51:20.371+0200] {dag.py:3954} INFO - Setting next_dagrun for example_subdag_operator.section-1 to None, run_after=None
[2026-04-28T19:51:20.371+0200] {logging_mixin.py:188} INFO - [2026-04-28T19:51:20.371+0200] {dag.py:3954} INFO - Setting next_dagrun for example_subdag_operator.section-2 to None, run_after=None
[2026-04-28T19:51:20.372+0200] {logging_mixin.py:188} INFO - [2026-04-28T19:51:20.372+0200] {dag.py:3096} INFO - Sync 2 DAGs
[2026-04-28T19:51:20.373+0200] {logging_mixin.py:188} INFO - [2026-04-28T19:51:20.373+0200] {dag.py:3954} INFO - Setting next_dagrun for example_subdag_operator.section-1 to None, run_after=None
[2026-04-28T19:51:20.373+0200] {logging_mixin.py:188} INFO - [2026-04-28T19:51:20.373+0200] {dag.py:3954} INFO - Setting next_dagrun for example_subdag_operator.section-2 to None, run_after=None
[2026-04-28T19:51:20.376+0200] {processor.py:183} INFO - Processing /Users/pablofrancoherrero/prueba_tecnica/venv/lib/python3.11/site-packages/airflow/example_dags/example_subdag_operator.py took 0.050 seconds
[2026-04-28T19:52:39.327+0200] {processor.py:161} INFO - Started process (PID=52647) to work on /Users/pablofrancoherrero/prueba_tecnica/venv/lib/python3.11/site-packages/airflow/example_dags/example_subdag_operator.py
[2026-04-28T19:52:39.328+0200] {processor.py:830} INFO - Processing file /Users/pablofrancoherrero/prueba_tecnica/venv/lib/python3.11/site-packages/airflow/example_dags/example_subdag_operator.py for tasks to queue
[2026-04-28T19:52:39.328+0200] {logging_mixin.py:188} INFO - [2026-04-28T19:52:39.328+0200] {dagbag.py:540} INFO - Filling up the DagBag from /Users/pablofrancoherrero/prueba_tecnica/venv/lib/python3.11/site-packages/airflow/example_dags/example_subdag_operator.py
[2026-04-28T19:52:39.354+0200] {processor.py:840} INFO - DAG(s) 'example_subdag_operator.section-1', 'example_subdag_operator.section-2', 'example_subdag_operator' retrieved from /Users/pablofrancoherrero/prueba_tecnica/venv/lib/python3.11/site-packages/airflow/example_dags/example_subdag_operator.py
[2026-04-28T19:52:39.363+0200] {logging_mixin.py:188} INFO - [2026-04-28T19:52:39.362+0200] {dag.py:3096} INFO - Sync 3 DAGs
[2026-04-28T19:52:39.367+0200] {logging_mixin.py:188} INFO - [2026-04-28T19:52:39.367+0200] {dag.py:3954} INFO - Setting next_dagrun for example_subdag_operator to 2022-01-01 00:00:00+00:00, run_after=2022-01-01 00:00:00+00:00
[2026-04-28T19:52:39.368+0200] {logging_mixin.py:188} INFO - [2026-04-28T19:52:39.368+0200] {dag.py:3954} INFO - Setting next_dagrun for example_subdag_operator.section-1 to None, run_after=None
[2026-04-28T19:52:39.368+0200] {logging_mixin.py:188} INFO - [2026-04-28T19:52:39.368+0200] {dag.py:3954} INFO - Setting next_dagrun for example_subdag_operator.section-2 to None, run_after=None
[2026-04-28T19:52:39.370+0200] {logging_mixin.py:188} INFO - [2026-04-28T19:52:39.370+0200] {dag.py:3096} INFO - Sync 2 DAGs
[2026-04-28T19:52:39.371+0200] {logging_mixin.py:188} INFO - [2026-04-28T19:52:39.371+0200] {dag.py:3954} INFO - Setting next_dagrun for example_subdag_operator.section-1 to None, run_after=None
[2026-04-28T19:52:39.371+0200] {logging_mixin.py:188} INFO - [2026-04-28T19:52:39.371+0200] {dag.py:3954} INFO - Setting next_dagrun for example_subdag_operator.section-2 to None, run_after=None
[2026-04-28T19:52:39.374+0200] {processor.py:183} INFO - Processing /Users/pablofrancoherrero/prueba_tecnica/venv/lib/python3.11/site-packages/airflow/example_dags/example_subdag_operator.py took 0.047 seconds
[2026-04-28T19:54:00.157+0200] {processor.py:161} INFO - Started process (PID=52720) to work on /Users/pablofrancoherrero/prueba_tecnica/venv/lib/python3.11/site-packages/airflow/example_dags/example_subdag_operator.py
[2026-04-28T19:54:00.158+0200] {processor.py:830} INFO - Processing file /Users/pablofrancoherrero/prueba_tecnica/venv/lib/python3.11/site-packages/airflow/example_dags/example_subdag_operator.py for tasks to queue
[2026-04-28T19:54:00.158+0200] {logging_mixin.py:188} INFO - [2026-04-28T19:54:00.158+0200] {dagbag.py:540} INFO - Filling up the DagBag from /Users/pablofrancoherrero/prueba_tecnica/venv/lib/python3.11/site-packages/airflow/example_dags/example_subdag_operator.py
[2026-04-28T19:54:00.185+0200] {processor.py:840} INFO - DAG(s) 'example_subdag_operator.section-1', 'example_subdag_operator.section-2', 'example_subdag_operator' retrieved from /Users/pablofrancoherrero/prueba_tecnica/venv/lib/python3.11/site-packages/airflow/example_dags/example_subdag_operator.py
[2026-04-28T19:54:00.194+0200] {logging_mixin.py:188} INFO - [2026-04-28T19:54:00.194+0200] {dag.py:3096} INFO - Sync 3 DAGs
[2026-04-28T19:54:00.199+0200] {logging_mixin.py:188} INFO - [2026-04-28T19:54:00.199+0200] {dag.py:3954} INFO - Setting next_dagrun for example_subdag_operator to 2022-01-01 00:00:00+00:00, run_after=2022-01-01 00:00:00+00:00
[2026-04-28T19:54:00.200+0200] {logging_mixin.py:188} INFO - [2026-04-28T19:54:00.200+0200] {dag.py:3954} INFO - Setting next_dagrun for example_subdag_operator.section-1 to None, run_after=None
[2026-04-28T19:54:00.200+0200] {logging_mixin.py:188} INFO - [2026-04-28T19:54:00.200+0200] {dag.py:3954} INFO - Setting next_dagrun for example_subdag_operator.section-2 to None, run_after=None
[2026-04-28T19:54:00.202+0200] {logging_mixin.py:188} INFO - [2026-04-28T19:54:00.202+0200] {dag.py:3096} INFO - Sync 2 DAGs
[2026-04-28T19:54:00.203+0200] {logging_mixin.py:188} INFO - [2026-04-28T19:54:00.203+0200] {dag.py:3954} INFO - Setting next_dagrun for example_subdag_operator.section-1 to None, run_after=None
[2026-04-28T19:54:00.203+0200] {logging_mixin.py:188} INFO - [2026-04-28T19:54:00.203+0200] {dag.py:3954} INFO - Setting next_dagrun for example_subdag_operator.section-2 to None, run_after=None
[2026-04-28T19:54:00.206+0200] {processor.py:183} INFO - Processing /Users/pablofrancoherrero/prueba_tecnica/venv/lib/python3.11/site-packages/airflow/example_dags/example_subdag_operator.py took 0.050 seconds
[2026-04-28T19:55:22.251+0200] {processor.py:161} INFO - Started process (PID=52802) to work on /Users/pablofrancoherrero/prueba_tecnica/venv/lib/python3.11/site-packages/airflow/example_dags/example_subdag_operator.py
[2026-04-28T19:55:22.252+0200] {processor.py:830} INFO - Processing file /Users/pablofrancoherrero/prueba_tecnica/venv/lib/python3.11/site-packages/airflow/example_dags/example_subdag_operator.py for tasks to queue
[2026-04-28T19:55:22.252+0200] {logging_mixin.py:188} INFO - [2026-04-28T19:55:22.252+0200] {dagbag.py:540} INFO - Filling up the DagBag from /Users/pablofrancoherrero/prueba_tecnica/venv/lib/python3.11/site-packages/airflow/example_dags/example_subdag_operator.py
[2026-04-28T19:55:22.280+0200] {processor.py:840} INFO - DAG(s) 'example_subdag_operator.section-1', 'example_subdag_operator.section-2', 'example_subdag_operator' retrieved from /Users/pablofrancoherrero/prueba_tecnica/venv/lib/python3.11/site-packages/airflow/example_dags/example_subdag_operator.py
[2026-04-28T19:55:22.289+0200] {logging_mixin.py:188} INFO - [2026-04-28T19:55:22.289+0200] {dag.py:3096} INFO - Sync 3 DAGs
[2026-04-28T19:55:22.294+0200] {logging_mixin.py:188} INFO - [2026-04-28T19:55:22.294+0200] {dag.py:3954} INFO - Setting next_dagrun for example_subdag_operator to 2022-01-01 00:00:00+00:00, run_after=2022-01-01 00:00:00+00:00
[2026-04-28T19:55:22.295+0200] {logging_mixin.py:188} INFO - [2026-04-28T19:55:22.295+0200] {dag.py:3954} INFO - Setting next_dagrun for example_subdag_operator.section-1 to None, run_after=None
[2026-04-28T19:55:22.295+0200] {logging_mixin.py:188} INFO - [2026-04-28T19:55:22.295+0200] {dag.py:3954} INFO - Setting next_dagrun for example_subdag_operator.section-2 to None, run_after=None
[2026-04-28T19:55:22.297+0200] {logging_mixin.py:188} INFO - [2026-04-28T19:55:22.297+0200] {dag.py:3096} INFO - Sync 2 DAGs
[2026-04-28T19:55:22.298+0200] {logging_mixin.py:188} INFO - [2026-04-28T19:55:22.298+0200] {dag.py:3954} INFO - Setting next_dagrun for example_subdag_operator.section-1 to None, run_after=None
[2026-04-28T19:55:22.298+0200] {logging_mixin.py:188} INFO - [2026-04-28T19:55:22.298+0200] {dag.py:3954} INFO - Setting next_dagrun for example_subdag_operator.section-2 to None, run_after=None
[2026-04-28T19:55:22.301+0200] {processor.py:183} INFO - Processing /Users/pablofrancoherrero/prueba_tecnica/venv/lib/python3.11/site-packages/airflow/example_dags/example_subdag_operator.py took 0.051 seconds
[2026-04-28T19:56:45.512+0200] {processor.py:161} INFO - Started process (PID=52905) to work on /Users/pablofrancoherrero/prueba_tecnica/venv/lib/python3.11/site-packages/airflow/example_dags/example_subdag_operator.py
[2026-04-28T19:56:45.514+0200] {processor.py:830} INFO - Processing file /Users/pablofrancoherrero/prueba_tecnica/venv/lib/python3.11/site-packages/airflow/example_dags/example_subdag_operator.py for tasks to queue
[2026-04-28T19:56:45.514+0200] {logging_mixin.py:188} INFO - [2026-04-28T19:56:45.514+0200] {dagbag.py:540} INFO - Filling up the DagBag from /Users/pablofrancoherrero/prueba_tecnica/venv/lib/python3.11/site-packages/airflow/example_dags/example_subdag_operator.py
[2026-04-28T19:56:45.540+0200] {processor.py:840} INFO - DAG(s) 'example_subdag_operator.section-1', 'example_subdag_operator.section-2', 'example_subdag_operator' retrieved from /Users/pablofrancoherrero/prueba_tecnica/venv/lib/python3.11/site-packages/airflow/example_dags/example_subdag_operator.py
[2026-04-28T19:56:45.549+0200] {logging_mixin.py:188} INFO - [2026-04-28T19:56:45.549+0200] {dag.py:3096} INFO - Sync 3 DAGs
[2026-04-28T19:56:45.554+0200] {logging_mixin.py:188} INFO - [2026-04-28T19:56:45.554+0200] {dag.py:3954} INFO - Setting next_dagrun for example_subdag_operator to 2022-01-01 00:00:00+00:00, run_after=2022-01-01 00:00:00+00:00
[2026-04-28T19:56:45.555+0200] {logging_mixin.py:188} INFO - [2026-04-28T19:56:45.555+0200] {dag.py:3954} INFO - Setting next_dagrun for example_subdag_operator.section-1 to None, run_after=None
[2026-04-28T19:56:45.555+0200] {logging_mixin.py:188} INFO - [2026-04-28T19:56:45.555+0200] {dag.py:3954} INFO - Setting next_dagrun for example_subdag_operator.section-2 to None, run_after=None
[2026-04-28T19:56:45.557+0200] {logging_mixin.py:188} INFO - [2026-04-28T19:56:45.557+0200] {dag.py:3096} INFO - Sync 2 DAGs
[2026-04-28T19:56:45.558+0200] {logging_mixin.py:188} INFO - [2026-04-28T19:56:45.558+0200] {dag.py:3954} INFO - Setting next_dagrun for example_subdag_operator.section-1 to None, run_after=None
[2026-04-28T19:56:45.558+0200] {logging_mixin.py:188} INFO - [2026-04-28T19:56:45.558+0200] {dag.py:3954} INFO - Setting next_dagrun for example_subdag_operator.section-2 to None, run_after=None
[2026-04-28T19:56:45.561+0200] {processor.py:183} INFO - Processing /Users/pablofrancoherrero/prueba_tecnica/venv/lib/python3.11/site-packages/airflow/example_dags/example_subdag_operator.py took 0.049 seconds
[2026-04-28T19:58:08.769+0200] {processor.py:161} INFO - Started process (PID=53014) to work on /Users/pablofrancoherrero/prueba_tecnica/venv/lib/python3.11/site-packages/airflow/example_dags/example_subdag_operator.py
[2026-04-28T19:58:08.770+0200] {processor.py:830} INFO - Processing file /Users/pablofrancoherrero/prueba_tecnica/venv/lib/python3.11/site-packages/airflow/example_dags/example_subdag_operator.py for tasks to queue
[2026-04-28T19:58:08.770+0200] {logging_mixin.py:188} INFO - [2026-04-28T19:58:08.770+0200] {dagbag.py:540} INFO - Filling up the DagBag from /Users/pablofrancoherrero/prueba_tecnica/venv/lib/python3.11/site-packages/airflow/example_dags/example_subdag_operator.py
[2026-04-28T19:58:08.797+0200] {processor.py:840} INFO - DAG(s) 'example_subdag_operator.section-1', 'example_subdag_operator.section-2', 'example_subdag_operator' retrieved from /Users/pablofrancoherrero/prueba_tecnica/venv/lib/python3.11/site-packages/airflow/example_dags/example_subdag_operator.py
[2026-04-28T19:58:08.806+0200] {logging_mixin.py:188} INFO - [2026-04-28T19:58:08.806+0200] {dag.py:3096} INFO - Sync 3 DAGs
[2026-04-28T19:58:08.811+0200] {logging_mixin.py:188} INFO - [2026-04-28T19:58:08.811+0200] {dag.py:3954} INFO - Setting next_dagrun for example_subdag_operator to 2022-01-01 00:00:00+00:00, run_after=2022-01-01 00:00:00+00:00
[2026-04-28T19:58:08.812+0200] {logging_mixin.py:188} INFO - [2026-04-28T19:58:08.812+0200] {dag.py:3954} INFO - Setting next_dagrun for example_subdag_operator.section-1 to None, run_after=None
[2026-04-28T19:58:08.812+0200] {logging_mixin.py:188} INFO - [2026-04-28T19:58:08.812+0200] {dag.py:3954} INFO - Setting next_dagrun for example_subdag_operator.section-2 to None, run_after=None
[2026-04-28T19:58:08.813+0200] {logging_mixin.py:188} INFO - [2026-04-28T19:58:08.813+0200] {dag.py:3096} INFO - Sync 2 DAGs
[2026-04-28T19:58:08.814+0200] {logging_mixin.py:188} INFO - [2026-04-28T19:58:08.814+0200] {dag.py:3954} INFO - Setting next_dagrun for example_subdag_operator.section-1 to None, run_after=None
[2026-04-28T19:58:08.814+0200] {logging_mixin.py:188} INFO - [2026-04-28T19:58:08.814+0200] {dag.py:3954} INFO - Setting next_dagrun for example_subdag_operator.section-2 to None, run_after=None
[2026-04-28T19:58:08.817+0200] {processor.py:183} INFO - Processing /Users/pablofrancoherrero/prueba_tecnica/venv/lib/python3.11/site-packages/airflow/example_dags/example_subdag_operator.py took 0.050 seconds
[2026-04-28T19:59:31.169+0200] {processor.py:161} INFO - Started process (PID=53111) to work on /Users/pablofrancoherrero/prueba_tecnica/venv/lib/python3.11/site-packages/airflow/example_dags/example_subdag_operator.py
[2026-04-28T19:59:31.170+0200] {processor.py:830} INFO - Processing file /Users/pablofrancoherrero/prueba_tecnica/venv/lib/python3.11/site-packages/airflow/example_dags/example_subdag_operator.py for tasks to queue
[2026-04-28T19:59:31.170+0200] {logging_mixin.py:188} INFO - [2026-04-28T19:59:31.170+0200] {dagbag.py:540} INFO - Filling up the DagBag from /Users/pablofrancoherrero/prueba_tecnica/venv/lib/python3.11/site-packages/airflow/example_dags/example_subdag_operator.py
[2026-04-28T19:59:31.197+0200] {processor.py:840} INFO - DAG(s) 'example_subdag_operator.section-1', 'example_subdag_operator.section-2', 'example_subdag_operator' retrieved from /Users/pablofrancoherrero/prueba_tecnica/venv/lib/python3.11/site-packages/airflow/example_dags/example_subdag_operator.py
[2026-04-28T19:59:31.205+0200] {logging_mixin.py:188} INFO - [2026-04-28T19:59:31.205+0200] {dag.py:3096} INFO - Sync 3 DAGs
[2026-04-28T19:59:31.210+0200] {logging_mixin.py:188} INFO - [2026-04-28T19:59:31.210+0200] {dag.py:3954} INFO - Setting next_dagrun for example_subdag_operator to 2022-01-01 00:00:00+00:00, run_after=2022-01-01 00:00:00+00:00
[2026-04-28T19:59:31.211+0200] {logging_mixin.py:188} INFO - [2026-04-28T19:59:31.211+0200] {dag.py:3954} INFO - Setting next_dagrun for example_subdag_operator.section-1 to None, run_after=None
[2026-04-28T19:59:31.211+0200] {logging_mixin.py:188} INFO - [2026-04-28T19:59:31.211+0200] {dag.py:3954} INFO - Setting next_dagrun for example_subdag_operator.section-2 to None, run_after=None
[2026-04-28T19:59:31.213+0200] {logging_mixin.py:188} INFO - [2026-04-28T19:59:31.213+0200] {dag.py:3096} INFO - Sync 2 DAGs
[2026-04-28T19:59:31.214+0200] {logging_mixin.py:188} INFO - [2026-04-28T19:59:31.214+0200] {dag.py:3954} INFO - Setting next_dagrun for example_subdag_operator.section-1 to None, run_after=None
[2026-04-28T19:59:31.214+0200] {logging_mixin.py:188} INFO - [2026-04-28T19:59:31.214+0200] {dag.py:3954} INFO - Setting next_dagrun for example_subdag_operator.section-2 to None, run_after=None
[2026-04-28T19:59:31.217+0200] {processor.py:183} INFO - Processing /Users/pablofrancoherrero/prueba_tecnica/venv/lib/python3.11/site-packages/airflow/example_dags/example_subdag_operator.py took 0.048 seconds
[2026-04-28T20:00:49.422+0200] {processor.py:161} INFO - Started process (PID=53202) to work on /Users/pablofrancoherrero/prueba_tecnica/venv/lib/python3.11/site-packages/airflow/example_dags/example_subdag_operator.py
[2026-04-28T20:00:49.423+0200] {processor.py:830} INFO - Processing file /Users/pablofrancoherrero/prueba_tecnica/venv/lib/python3.11/site-packages/airflow/example_dags/example_subdag_operator.py for tasks to queue
[2026-04-28T20:00:49.423+0200] {logging_mixin.py:188} INFO - [2026-04-28T20:00:49.423+0200] {dagbag.py:540} INFO - Filling up the DagBag from /Users/pablofrancoherrero/prueba_tecnica/venv/lib/python3.11/site-packages/airflow/example_dags/example_subdag_operator.py
[2026-04-28T20:00:49.450+0200] {processor.py:840} INFO - DAG(s) 'example_subdag_operator.section-1', 'example_subdag_operator.section-2', 'example_subdag_operator' retrieved from /Users/pablofrancoherrero/prueba_tecnica/venv/lib/python3.11/site-packages/airflow/example_dags/example_subdag_operator.py
[2026-04-28T20:00:49.458+0200] {logging_mixin.py:188} INFO - [2026-04-28T20:00:49.458+0200] {dag.py:3096} INFO - Sync 3 DAGs
[2026-04-28T20:00:49.463+0200] {logging_mixin.py:188} INFO - [2026-04-28T20:00:49.463+0200] {dag.py:3954} INFO - Setting next_dagrun for example_subdag_operator to 2022-01-01 00:00:00+00:00, run_after=2022-01-01 00:00:00+00:00
[2026-04-28T20:00:49.464+0200] {logging_mixin.py:188} INFO - [2026-04-28T20:00:49.464+0200] {dag.py:3954} INFO - Setting next_dagrun for example_subdag_operator.section-1 to None, run_after=None
[2026-04-28T20:00:49.464+0200] {logging_mixin.py:188} INFO - [2026-04-28T20:00:49.464+0200] {dag.py:3954} INFO - Setting next_dagrun for example_subdag_operator.section-2 to None, run_after=None
[2026-04-28T20:00:49.466+0200] {logging_mixin.py:188} INFO - [2026-04-28T20:00:49.466+0200] {dag.py:3096} INFO - Sync 2 DAGs
[2026-04-28T20:00:49.467+0200] {logging_mixin.py:188} INFO - [2026-04-28T20:00:49.467+0200] {dag.py:3954} INFO - Setting next_dagrun for example_subdag_operator.section-1 to None, run_after=None
[2026-04-28T20:00:49.467+0200] {logging_mixin.py:188} INFO - [2026-04-28T20:00:49.467+0200] {dag.py:3954} INFO - Setting next_dagrun for example_subdag_operator.section-2 to None, run_after=None
[2026-04-28T20:00:49.470+0200] {processor.py:183} INFO - Processing /Users/pablofrancoherrero/prueba_tecnica/venv/lib/python3.11/site-packages/airflow/example_dags/example_subdag_operator.py took 0.048 seconds
[2026-04-28T20:02:12.417+0200] {processor.py:161} INFO - Started process (PID=53303) to work on /Users/pablofrancoherrero/prueba_tecnica/venv/lib/python3.11/site-packages/airflow/example_dags/example_subdag_operator.py
[2026-04-28T20:02:12.418+0200] {processor.py:830} INFO - Processing file /Users/pablofrancoherrero/prueba_tecnica/venv/lib/python3.11/site-packages/airflow/example_dags/example_subdag_operator.py for tasks to queue
[2026-04-28T20:02:12.419+0200] {logging_mixin.py:188} INFO - [2026-04-28T20:02:12.418+0200] {dagbag.py:540} INFO - Filling up the DagBag from /Users/pablofrancoherrero/prueba_tecnica/venv/lib/python3.11/site-packages/airflow/example_dags/example_subdag_operator.py
[2026-04-28T20:02:12.445+0200] {processor.py:840} INFO - DAG(s) 'example_subdag_operator.section-1', 'example_subdag_operator.section-2', 'example_subdag_operator' retrieved from /Users/pablofrancoherrero/prueba_tecnica/venv/lib/python3.11/site-packages/airflow/example_dags/example_subdag_operator.py
[2026-04-28T20:02:12.454+0200] {logging_mixin.py:188} INFO - [2026-04-28T20:02:12.454+0200] {dag.py:3096} INFO - Sync 3 DAGs
[2026-04-28T20:02:12.459+0200] {logging_mixin.py:188} INFO - [2026-04-28T20:02:12.459+0200] {dag.py:3954} INFO - Setting next_dagrun for example_subdag_operator to 2022-01-01 00:00:00+00:00, run_after=2022-01-01 00:00:00+00:00
[2026-04-28T20:02:12.460+0200] {logging_mixin.py:188} INFO - [2026-04-28T20:02:12.460+0200] {dag.py:3954} INFO - Setting next_dagrun for example_subdag_operator.section-1 to None, run_after=None
[2026-04-28T20:02:12.460+0200] {logging_mixin.py:188} INFO - [2026-04-28T20:02:12.460+0200] {dag.py:3954} INFO - Setting next_dagrun for example_subdag_operator.section-2 to None, run_after=None
[2026-04-28T20:02:12.462+0200] {logging_mixin.py:188} INFO - [2026-04-28T20:02:12.462+0200] {dag.py:3096} INFO - Sync 2 DAGs
[2026-04-28T20:02:12.463+0200] {logging_mixin.py:188} INFO - [2026-04-28T20:02:12.463+0200] {dag.py:3954} INFO - Setting next_dagrun for example_subdag_operator.section-1 to None, run_after=None
[2026-04-28T20:02:12.463+0200] {logging_mixin.py:188} INFO - [2026-04-28T20:02:12.463+0200] {dag.py:3954} INFO - Setting next_dagrun for example_subdag_operator.section-2 to None, run_after=None
[2026-04-28T20:02:12.466+0200] {processor.py:183} INFO - Processing /Users/pablofrancoherrero/prueba_tecnica/venv/lib/python3.11/site-packages/airflow/example_dags/example_subdag_operator.py took 0.049 seconds
[2026-04-28T20:03:36.387+0200] {processor.py:161} INFO - Started process (PID=53398) to work on /Users/pablofrancoherrero/prueba_tecnica/venv/lib/python3.11/site-packages/airflow/example_dags/example_subdag_operator.py
[2026-04-28T20:03:36.388+0200] {processor.py:830} INFO - Processing file /Users/pablofrancoherrero/prueba_tecnica/venv/lib/python3.11/site-packages/airflow/example_dags/example_subdag_operator.py for tasks to queue
[2026-04-28T20:03:36.388+0200] {logging_mixin.py:188} INFO - [2026-04-28T20:03:36.388+0200] {dagbag.py:540} INFO - Filling up the DagBag from /Users/pablofrancoherrero/prueba_tecnica/venv/lib/python3.11/site-packages/airflow/example_dags/example_subdag_operator.py
[2026-04-28T20:03:36.415+0200] {processor.py:840} INFO - DAG(s) 'example_subdag_operator.section-1', 'example_subdag_operator.section-2', 'example_subdag_operator' retrieved from /Users/pablofrancoherrero/prueba_tecnica/venv/lib/python3.11/site-packages/airflow/example_dags/example_subdag_operator.py
[2026-04-28T20:03:36.424+0200] {logging_mixin.py:188} INFO - [2026-04-28T20:03:36.424+0200] {dag.py:3096} INFO - Sync 3 DAGs
[2026-04-28T20:03:36.429+0200] {logging_mixin.py:188} INFO - [2026-04-28T20:03:36.429+0200] {dag.py:3954} INFO - Setting next_dagrun for example_subdag_operator to 2022-01-01 00:00:00+00:00, run_after=2022-01-01 00:00:00+00:00
[2026-04-28T20:03:36.429+0200] {logging_mixin.py:188} INFO - [2026-04-28T20:03:36.429+0200] {dag.py:3954} INFO - Setting next_dagrun for example_subdag_operator.section-1 to None, run_after=None
[2026-04-28T20:03:36.430+0200] {logging_mixin.py:188} INFO - [2026-04-28T20:03:36.430+0200] {dag.py:3954} INFO - Setting next_dagrun for example_subdag_operator.section-2 to None, run_after=None
[2026-04-28T20:03:36.431+0200] {logging_mixin.py:188} INFO - [2026-04-28T20:03:36.431+0200] {dag.py:3096} INFO - Sync 2 DAGs
[2026-04-28T20:03:36.432+0200] {logging_mixin.py:188} INFO - [2026-04-28T20:03:36.432+0200] {dag.py:3954} INFO - Setting next_dagrun for example_subdag_operator.section-1 to None, run_after=None
[2026-04-28T20:03:36.432+0200] {logging_mixin.py:188} INFO - [2026-04-28T20:03:36.432+0200] {dag.py:3954} INFO - Setting next_dagrun for example_subdag_operator.section-2 to None, run_after=None
[2026-04-28T20:03:36.436+0200] {processor.py:183} INFO - Processing /Users/pablofrancoherrero/prueba_tecnica/venv/lib/python3.11/site-packages/airflow/example_dags/example_subdag_operator.py took 0.049 seconds
[2026-04-28T20:04:58.629+0200] {processor.py:161} INFO - Started process (PID=53501) to work on /Users/pablofrancoherrero/prueba_tecnica/venv/lib/python3.11/site-packages/airflow/example_dags/example_subdag_operator.py
[2026-04-28T20:04:58.630+0200] {processor.py:830} INFO - Processing file /Users/pablofrancoherrero/prueba_tecnica/venv/lib/python3.11/site-packages/airflow/example_dags/example_subdag_operator.py for tasks to queue
[2026-04-28T20:04:58.630+0200] {logging_mixin.py:188} INFO - [2026-04-28T20:04:58.630+0200] {dagbag.py:540} INFO - Filling up the DagBag from /Users/pablofrancoherrero/prueba_tecnica/venv/lib/python3.11/site-packages/airflow/example_dags/example_subdag_operator.py
[2026-04-28T20:04:58.657+0200] {processor.py:840} INFO - DAG(s) 'example_subdag_operator.section-1', 'example_subdag_operator.section-2', 'example_subdag_operator' retrieved from /Users/pablofrancoherrero/prueba_tecnica/venv/lib/python3.11/site-packages/airflow/example_dags/example_subdag_operator.py
[2026-04-28T20:04:58.666+0200] {logging_mixin.py:188} INFO - [2026-04-28T20:04:58.666+0200] {dag.py:3096} INFO - Sync 3 DAGs
[2026-04-28T20:04:58.671+0200] {logging_mixin.py:188} INFO - [2026-04-28T20:04:58.671+0200] {dag.py:3954} INFO - Setting next_dagrun for example_subdag_operator to 2022-01-01 00:00:00+00:00, run_after=2022-01-01 00:00:00+00:00
[2026-04-28T20:04:58.672+0200] {logging_mixin.py:188} INFO - [2026-04-28T20:04:58.672+0200] {dag.py:3954} INFO - Setting next_dagrun for example_subdag_operator.section-1 to None, run_after=None
[2026-04-28T20:04:58.672+0200] {logging_mixin.py:188} INFO - [2026-04-28T20:04:58.672+0200] {dag.py:3954} INFO - Setting next_dagrun for example_subdag_operator.section-2 to None, run_after=None
[2026-04-28T20:04:58.674+0200] {logging_mixin.py:188} INFO - [2026-04-28T20:04:58.674+0200] {dag.py:3096} INFO - Sync 2 DAGs
[2026-04-28T20:04:58.675+0200] {logging_mixin.py:188} INFO - [2026-04-28T20:04:58.675+0200] {dag.py:3954} INFO - Setting next_dagrun for example_subdag_operator.section-1 to None, run_after=None
[2026-04-28T20:04:58.675+0200] {logging_mixin.py:188} INFO - [2026-04-28T20:04:58.675+0200] {dag.py:3954} INFO - Setting next_dagrun for example_subdag_operator.section-2 to None, run_after=None
[2026-04-28T20:04:58.678+0200] {processor.py:183} INFO - Processing /Users/pablofrancoherrero/prueba_tecnica/venv/lib/python3.11/site-packages/airflow/example_dags/example_subdag_operator.py took 0.050 seconds
[2026-04-28T20:06:20.426+0200] {processor.py:161} INFO - Started process (PID=53576) to work on /Users/pablofrancoherrero/prueba_tecnica/venv/lib/python3.11/site-packages/airflow/example_dags/example_subdag_operator.py
[2026-04-28T20:06:20.426+0200] {processor.py:830} INFO - Processing file /Users/pablofrancoherrero/prueba_tecnica/venv/lib/python3.11/site-packages/airflow/example_dags/example_subdag_operator.py for tasks to queue
[2026-04-28T20:06:20.427+0200] {logging_mixin.py:188} INFO - [2026-04-28T20:06:20.427+0200] {dagbag.py:540} INFO - Filling up the DagBag from /Users/pablofrancoherrero/prueba_tecnica/venv/lib/python3.11/site-packages/airflow/example_dags/example_subdag_operator.py
[2026-04-28T20:06:20.453+0200] {processor.py:840} INFO - DAG(s) 'example_subdag_operator.section-1', 'example_subdag_operator.section-2', 'example_subdag_operator' retrieved from /Users/pablofrancoherrero/prueba_tecnica/venv/lib/python3.11/site-packages/airflow/example_dags/example_subdag_operator.py
[2026-04-28T20:06:20.462+0200] {logging_mixin.py:188} INFO - [2026-04-28T20:06:20.462+0200] {dag.py:3096} INFO - Sync 3 DAGs
[2026-04-28T20:06:20.467+0200] {logging_mixin.py:188} INFO - [2026-04-28T20:06:20.466+0200] {dag.py:3954} INFO - Setting next_dagrun for example_subdag_operator to 2022-01-01 00:00:00+00:00, run_after=2022-01-01 00:00:00+00:00
[2026-04-28T20:06:20.467+0200] {logging_mixin.py:188} INFO - [2026-04-28T20:06:20.467+0200] {dag.py:3954} INFO - Setting next_dagrun for example_subdag_operator.section-1 to None, run_after=None
[2026-04-28T20:06:20.468+0200] {logging_mixin.py:188} INFO - [2026-04-28T20:06:20.468+0200] {dag.py:3954} INFO - Setting next_dagrun for example_subdag_operator.section-2 to None, run_after=None
[2026-04-28T20:06:20.469+0200] {logging_mixin.py:188} INFO - [2026-04-28T20:06:20.469+0200] {dag.py:3096} INFO - Sync 2 DAGs
[2026-04-28T20:06:20.470+0200] {logging_mixin.py:188} INFO - [2026-04-28T20:06:20.470+0200] {dag.py:3954} INFO - Setting next_dagrun for example_subdag_operator.section-1 to None, run_after=None
[2026-04-28T20:06:20.470+0200] {logging_mixin.py:188} INFO - [2026-04-28T20:06:20.470+0200] {dag.py:3954} INFO - Setting next_dagrun for example_subdag_operator.section-2 to None, run_after=None
[2026-04-28T20:06:20.473+0200] {processor.py:183} INFO - Processing /Users/pablofrancoherrero/prueba_tecnica/venv/lib/python3.11/site-packages/airflow/example_dags/example_subdag_operator.py took 0.048 seconds
[2026-04-28T20:07:43.131+0200] {processor.py:161} INFO - Started process (PID=53684) to work on /Users/pablofrancoherrero/prueba_tecnica/venv/lib/python3.11/site-packages/airflow/example_dags/example_subdag_operator.py
[2026-04-28T20:07:43.132+0200] {processor.py:830} INFO - Processing file /Users/pablofrancoherrero/prueba_tecnica/venv/lib/python3.11/site-packages/airflow/example_dags/example_subdag_operator.py for tasks to queue
[2026-04-28T20:07:43.132+0200] {logging_mixin.py:188} INFO - [2026-04-28T20:07:43.132+0200] {dagbag.py:540} INFO - Filling up the DagBag from /Users/pablofrancoherrero/prueba_tecnica/venv/lib/python3.11/site-packages/airflow/example_dags/example_subdag_operator.py
[2026-04-28T20:07:43.159+0200] {processor.py:840} INFO - DAG(s) 'example_subdag_operator.section-1', 'example_subdag_operator.section-2', 'example_subdag_operator' retrieved from /Users/pablofrancoherrero/prueba_tecnica/venv/lib/python3.11/site-packages/airflow/example_dags/example_subdag_operator.py
[2026-04-28T20:07:43.169+0200] {logging_mixin.py:188} INFO - [2026-04-28T20:07:43.169+0200] {dag.py:3096} INFO - Sync 3 DAGs
[2026-04-28T20:07:43.174+0200] {logging_mixin.py:188} INFO - [2026-04-28T20:07:43.174+0200] {dag.py:3954} INFO - Setting next_dagrun for example_subdag_operator to 2022-01-01 00:00:00+00:00, run_after=2022-01-01 00:00:00+00:00
[2026-04-28T20:07:43.175+0200] {logging_mixin.py:188} INFO - [2026-04-28T20:07:43.175+0200] {dag.py:3954} INFO - Setting next_dagrun for example_subdag_operator.section-1 to None, run_after=None
[2026-04-28T20:07:43.175+0200] {logging_mixin.py:188} INFO - [2026-04-28T20:07:43.175+0200] {dag.py:3954} INFO - Setting next_dagrun for example_subdag_operator.section-2 to None, run_after=None
[2026-04-28T20:07:43.177+0200] {logging_mixin.py:188} INFO - [2026-04-28T20:07:43.177+0200] {dag.py:3096} INFO - Sync 2 DAGs
[2026-04-28T20:07:43.178+0200] {logging_mixin.py:188} INFO - [2026-04-28T20:07:43.178+0200] {dag.py:3954} INFO - Setting next_dagrun for example_subdag_operator.section-1 to None, run_after=None
[2026-04-28T20:07:43.178+0200] {logging_mixin.py:188} INFO - [2026-04-28T20:07:43.178+0200] {dag.py:3954} INFO - Setting next_dagrun for example_subdag_operator.section-2 to None, run_after=None
[2026-04-28T20:07:43.181+0200] {processor.py:183} INFO - Processing /Users/pablofrancoherrero/prueba_tecnica/venv/lib/python3.11/site-packages/airflow/example_dags/example_subdag_operator.py took 0.050 seconds
[2026-04-28T20:09:01.145+0200] {processor.py:161} INFO - Started process (PID=53794) to work on /Users/pablofrancoherrero/prueba_tecnica/venv/lib/python3.11/site-packages/airflow/example_dags/example_subdag_operator.py
[2026-04-28T20:09:01.145+0200] {processor.py:830} INFO - Processing file /Users/pablofrancoherrero/prueba_tecnica/venv/lib/python3.11/site-packages/airflow/example_dags/example_subdag_operator.py for tasks to queue
[2026-04-28T20:09:01.145+0200] {logging_mixin.py:188} INFO - [2026-04-28T20:09:01.145+0200] {dagbag.py:540} INFO - Filling up the DagBag from /Users/pablofrancoherrero/prueba_tecnica/venv/lib/python3.11/site-packages/airflow/example_dags/example_subdag_operator.py
[2026-04-28T20:09:01.173+0200] {processor.py:840} INFO - DAG(s) 'example_subdag_operator.section-1', 'example_subdag_operator.section-2', 'example_subdag_operator' retrieved from /Users/pablofrancoherrero/prueba_tecnica/venv/lib/python3.11/site-packages/airflow/example_dags/example_subdag_operator.py
[2026-04-28T20:09:01.182+0200] {logging_mixin.py:188} INFO - [2026-04-28T20:09:01.182+0200] {dag.py:3096} INFO - Sync 3 DAGs
[2026-04-28T20:09:01.187+0200] {logging_mixin.py:188} INFO - [2026-04-28T20:09:01.187+0200] {dag.py:3954} INFO - Setting next_dagrun for example_subdag_operator to 2022-01-01 00:00:00+00:00, run_after=2022-01-01 00:00:00+00:00
[2026-04-28T20:09:01.188+0200] {logging_mixin.py:188} INFO - [2026-04-28T20:09:01.188+0200] {dag.py:3954} INFO - Setting next_dagrun for example_subdag_operator.section-1 to None, run_after=None
[2026-04-28T20:09:01.189+0200] {logging_mixin.py:188} INFO - [2026-04-28T20:09:01.188+0200] {dag.py:3954} INFO - Setting next_dagrun for example_subdag_operator.section-2 to None, run_after=None
[2026-04-28T20:09:01.190+0200] {logging_mixin.py:188} INFO - [2026-04-28T20:09:01.190+0200] {dag.py:3096} INFO - Sync 2 DAGs
[2026-04-28T20:09:01.191+0200] {logging_mixin.py:188} INFO - [2026-04-28T20:09:01.191+0200] {dag.py:3954} INFO - Setting next_dagrun for example_subdag_operator.section-1 to None, run_after=None
[2026-04-28T20:09:01.191+0200] {logging_mixin.py:188} INFO - [2026-04-28T20:09:01.191+0200] {dag.py:3954} INFO - Setting next_dagrun for example_subdag_operator.section-2 to None, run_after=None
[2026-04-28T20:09:01.194+0200] {processor.py:183} INFO - Processing /Users/pablofrancoherrero/prueba_tecnica/venv/lib/python3.11/site-packages/airflow/example_dags/example_subdag_operator.py took 0.050 seconds
[2026-04-28T20:10:21.200+0200] {processor.py:161} INFO - Started process (PID=53908) to work on /Users/pablofrancoherrero/prueba_tecnica/venv/lib/python3.11/site-packages/airflow/example_dags/example_subdag_operator.py
[2026-04-28T20:10:21.201+0200] {processor.py:830} INFO - Processing file /Users/pablofrancoherrero/prueba_tecnica/venv/lib/python3.11/site-packages/airflow/example_dags/example_subdag_operator.py for tasks to queue
[2026-04-28T20:10:21.201+0200] {logging_mixin.py:188} INFO - [2026-04-28T20:10:21.201+0200] {dagbag.py:540} INFO - Filling up the DagBag from /Users/pablofrancoherrero/prueba_tecnica/venv/lib/python3.11/site-packages/airflow/example_dags/example_subdag_operator.py
[2026-04-28T20:10:21.231+0200] {processor.py:840} INFO - DAG(s) 'example_subdag_operator.section-1', 'example_subdag_operator.section-2', 'example_subdag_operator' retrieved from /Users/pablofrancoherrero/prueba_tecnica/venv/lib/python3.11/site-packages/airflow/example_dags/example_subdag_operator.py
[2026-04-28T20:10:21.241+0200] {logging_mixin.py:188} INFO - [2026-04-28T20:10:21.241+0200] {dag.py:3096} INFO - Sync 3 DAGs
[2026-04-28T20:10:21.247+0200] {logging_mixin.py:188} INFO - [2026-04-28T20:10:21.246+0200] {dag.py:3954} INFO - Setting next_dagrun for example_subdag_operator to 2022-01-01 00:00:00+00:00, run_after=2022-01-01 00:00:00+00:00
[2026-04-28T20:10:21.247+0200] {logging_mixin.py:188} INFO - [2026-04-28T20:10:21.247+0200] {dag.py:3954} INFO - Setting next_dagrun for example_subdag_operator.section-1 to None, run_after=None
[2026-04-28T20:10:21.248+0200] {logging_mixin.py:188} INFO - [2026-04-28T20:10:21.248+0200] {dag.py:3954} INFO - Setting next_dagrun for example_subdag_operator.section-2 to None, run_after=None
[2026-04-28T20:10:21.249+0200] {logging_mixin.py:188} INFO - [2026-04-28T20:10:21.249+0200] {dag.py:3096} INFO - Sync 2 DAGs
[2026-04-28T20:10:21.250+0200] {logging_mixin.py:188} INFO - [2026-04-28T20:10:21.250+0200] {dag.py:3954} INFO - Setting next_dagrun for example_subdag_operator.section-1 to None, run_after=None
[2026-04-28T20:10:21.250+0200] {logging_mixin.py:188} INFO - [2026-04-28T20:10:21.250+0200] {dag.py:3954} INFO - Setting next_dagrun for example_subdag_operator.section-2 to None, run_after=None
[2026-04-28T20:10:21.253+0200] {processor.py:183} INFO - Processing /Users/pablofrancoherrero/prueba_tecnica/venv/lib/python3.11/site-packages/airflow/example_dags/example_subdag_operator.py took 0.055 seconds
[2026-04-28T20:11:43.067+0200] {processor.py:161} INFO - Started process (PID=54019) to work on /Users/pablofrancoherrero/prueba_tecnica/venv/lib/python3.11/site-packages/airflow/example_dags/example_subdag_operator.py
[2026-04-28T20:11:43.068+0200] {processor.py:830} INFO - Processing file /Users/pablofrancoherrero/prueba_tecnica/venv/lib/python3.11/site-packages/airflow/example_dags/example_subdag_operator.py for tasks to queue
[2026-04-28T20:11:43.068+0200] {logging_mixin.py:188} INFO - [2026-04-28T20:11:43.068+0200] {dagbag.py:540} INFO - Filling up the DagBag from /Users/pablofrancoherrero/prueba_tecnica/venv/lib/python3.11/site-packages/airflow/example_dags/example_subdag_operator.py
[2026-04-28T20:11:43.096+0200] {processor.py:840} INFO - DAG(s) 'example_subdag_operator.section-1', 'example_subdag_operator.section-2', 'example_subdag_operator' retrieved from /Users/pablofrancoherrero/prueba_tecnica/venv/lib/python3.11/site-packages/airflow/example_dags/example_subdag_operator.py
[2026-04-28T20:11:43.105+0200] {logging_mixin.py:188} INFO - [2026-04-28T20:11:43.105+0200] {dag.py:3096} INFO - Sync 3 DAGs
[2026-04-28T20:11:43.110+0200] {logging_mixin.py:188} INFO - [2026-04-28T20:11:43.110+0200] {dag.py:3954} INFO - Setting next_dagrun for example_subdag_operator to 2022-01-01 00:00:00+00:00, run_after=2022-01-01 00:00:00+00:00
[2026-04-28T20:11:43.111+0200] {logging_mixin.py:188} INFO - [2026-04-28T20:11:43.111+0200] {dag.py:3954} INFO - Setting next_dagrun for example_subdag_operator.section-1 to None, run_after=None
[2026-04-28T20:11:43.111+0200] {logging_mixin.py:188} INFO - [2026-04-28T20:11:43.111+0200] {dag.py:3954} INFO - Setting next_dagrun for example_subdag_operator.section-2 to None, run_after=None
[2026-04-28T20:11:43.112+0200] {logging_mixin.py:188} INFO - [2026-04-28T20:11:43.112+0200] {dag.py:3096} INFO - Sync 2 DAGs
[2026-04-28T20:11:43.113+0200] {logging_mixin.py:188} INFO - [2026-04-28T20:11:43.113+0200] {dag.py:3954} INFO - Setting next_dagrun for example_subdag_operator.section-1 to None, run_after=None
[2026-04-28T20:11:43.113+0200] {logging_mixin.py:188} INFO - [2026-04-28T20:11:43.113+0200] {dag.py:3954} INFO - Setting next_dagrun for example_subdag_operator.section-2 to None, run_after=None
[2026-04-28T20:11:43.116+0200] {processor.py:183} INFO - Processing /Users/pablofrancoherrero/prueba_tecnica/venv/lib/python3.11/site-packages/airflow/example_dags/example_subdag_operator.py took 0.050 seconds
[2026-04-28T20:13:00.570+0200] {processor.py:161} INFO - Started process (PID=54106) to work on /Users/pablofrancoherrero/prueba_tecnica/venv/lib/python3.11/site-packages/airflow/example_dags/example_subdag_operator.py
[2026-04-28T20:13:00.571+0200] {processor.py:830} INFO - Processing file /Users/pablofrancoherrero/prueba_tecnica/venv/lib/python3.11/site-packages/airflow/example_dags/example_subdag_operator.py for tasks to queue
[2026-04-28T20:13:00.571+0200] {logging_mixin.py:188} INFO - [2026-04-28T20:13:00.571+0200] {dagbag.py:540} INFO - Filling up the DagBag from /Users/pablofrancoherrero/prueba_tecnica/venv/lib/python3.11/site-packages/airflow/example_dags/example_subdag_operator.py
[2026-04-28T20:13:00.597+0200] {processor.py:840} INFO - DAG(s) 'example_subdag_operator.section-1', 'example_subdag_operator.section-2', 'example_subdag_operator' retrieved from /Users/pablofrancoherrero/prueba_tecnica/venv/lib/python3.11/site-packages/airflow/example_dags/example_subdag_operator.py
[2026-04-28T20:13:00.606+0200] {logging_mixin.py:188} INFO - [2026-04-28T20:13:00.606+0200] {dag.py:3096} INFO - Sync 3 DAGs
[2026-04-28T20:13:00.611+0200] {logging_mixin.py:188} INFO - [2026-04-28T20:13:00.611+0200] {dag.py:3954} INFO - Setting next_dagrun for example_subdag_operator to 2022-01-01 00:00:00+00:00, run_after=2022-01-01 00:00:00+00:00
[2026-04-28T20:13:00.612+0200] {logging_mixin.py:188} INFO - [2026-04-28T20:13:00.612+0200] {dag.py:3954} INFO - Setting next_dagrun for example_subdag_operator.section-1 to None, run_after=None
[2026-04-28T20:13:00.612+0200] {logging_mixin.py:188} INFO - [2026-04-28T20:13:00.612+0200] {dag.py:3954} INFO - Setting next_dagrun for example_subdag_operator.section-2 to None, run_after=None
[2026-04-28T20:13:00.614+0200] {logging_mixin.py:188} INFO - [2026-04-28T20:13:00.614+0200] {dag.py:3096} INFO - Sync 2 DAGs
[2026-04-28T20:13:00.615+0200] {logging_mixin.py:188} INFO - [2026-04-28T20:13:00.615+0200] {dag.py:3954} INFO - Setting next_dagrun for example_subdag_operator.section-1 to None, run_after=None
[2026-04-28T20:13:00.615+0200] {logging_mixin.py:188} INFO - [2026-04-28T20:13:00.615+0200] {dag.py:3954} INFO - Setting next_dagrun for example_subdag_operator.section-2 to None, run_after=None
[2026-04-28T20:13:00.618+0200] {processor.py:183} INFO - Processing /Users/pablofrancoherrero/prueba_tecnica/venv/lib/python3.11/site-packages/airflow/example_dags/example_subdag_operator.py took 0.048 seconds
[2026-04-28T20:14:24.476+0200] {processor.py:161} INFO - Started process (PID=54211) to work on /Users/pablofrancoherrero/prueba_tecnica/venv/lib/python3.11/site-packages/airflow/example_dags/example_subdag_operator.py
[2026-04-28T20:14:24.477+0200] {processor.py:830} INFO - Processing file /Users/pablofrancoherrero/prueba_tecnica/venv/lib/python3.11/site-packages/airflow/example_dags/example_subdag_operator.py for tasks to queue
[2026-04-28T20:14:24.477+0200] {logging_mixin.py:188} INFO - [2026-04-28T20:14:24.477+0200] {dagbag.py:540} INFO - Filling up the DagBag from /Users/pablofrancoherrero/prueba_tecnica/venv/lib/python3.11/site-packages/airflow/example_dags/example_subdag_operator.py
[2026-04-28T20:14:24.505+0200] {processor.py:840} INFO - DAG(s) 'example_subdag_operator.section-1', 'example_subdag_operator.section-2', 'example_subdag_operator' retrieved from /Users/pablofrancoherrero/prueba_tecnica/venv/lib/python3.11/site-packages/airflow/example_dags/example_subdag_operator.py
[2026-04-28T20:14:24.514+0200] {logging_mixin.py:188} INFO - [2026-04-28T20:14:24.514+0200] {dag.py:3096} INFO - Sync 3 DAGs
[2026-04-28T20:14:24.520+0200] {logging_mixin.py:188} INFO - [2026-04-28T20:14:24.520+0200] {dag.py:3954} INFO - Setting next_dagrun for example_subdag_operator to 2022-01-01 00:00:00+00:00, run_after=2022-01-01 00:00:00+00:00
[2026-04-28T20:14:24.521+0200] {logging_mixin.py:188} INFO - [2026-04-28T20:14:24.521+0200] {dag.py:3954} INFO - Setting next_dagrun for example_subdag_operator.section-1 to None, run_after=None
[2026-04-28T20:14:24.522+0200] {logging_mixin.py:188} INFO - [2026-04-28T20:14:24.522+0200] {dag.py:3954} INFO - Setting next_dagrun for example_subdag_operator.section-2 to None, run_after=None
[2026-04-28T20:14:24.523+0200] {logging_mixin.py:188} INFO - [2026-04-28T20:14:24.523+0200] {dag.py:3096} INFO - Sync 2 DAGs
[2026-04-28T20:14:24.524+0200] {logging_mixin.py:188} INFO - [2026-04-28T20:14:24.524+0200] {dag.py:3954} INFO - Setting next_dagrun for example_subdag_operator.section-1 to None, run_after=None
[2026-04-28T20:14:24.524+0200] {logging_mixin.py:188} INFO - [2026-04-28T20:14:24.524+0200] {dag.py:3954} INFO - Setting next_dagrun for example_subdag_operator.section-2 to None, run_after=None
[2026-04-28T20:14:24.527+0200] {processor.py:183} INFO - Processing /Users/pablofrancoherrero/prueba_tecnica/venv/lib/python3.11/site-packages/airflow/example_dags/example_subdag_operator.py took 0.052 seconds
[2026-04-28T20:15:51.375+0200] {processor.py:161} INFO - Started process (PID=54322) to work on /Users/pablofrancoherrero/prueba_tecnica/venv/lib/python3.11/site-packages/airflow/example_dags/example_subdag_operator.py
[2026-04-28T20:15:51.376+0200] {processor.py:830} INFO - Processing file /Users/pablofrancoherrero/prueba_tecnica/venv/lib/python3.11/site-packages/airflow/example_dags/example_subdag_operator.py for tasks to queue
[2026-04-28T20:15:51.377+0200] {logging_mixin.py:188} INFO - [2026-04-28T20:15:51.377+0200] {dagbag.py:540} INFO - Filling up the DagBag from /Users/pablofrancoherrero/prueba_tecnica/venv/lib/python3.11/site-packages/airflow/example_dags/example_subdag_operator.py
[2026-04-28T20:15:51.427+0200] {processor.py:840} INFO - DAG(s) 'example_subdag_operator.section-1', 'example_subdag_operator.section-2', 'example_subdag_operator' retrieved from /Users/pablofrancoherrero/prueba_tecnica/venv/lib/python3.11/site-packages/airflow/example_dags/example_subdag_operator.py
[2026-04-28T20:15:51.438+0200] {logging_mixin.py:188} INFO - [2026-04-28T20:15:51.438+0200] {dag.py:3096} INFO - Sync 3 DAGs
[2026-04-28T20:15:51.446+0200] {logging_mixin.py:188} INFO - [2026-04-28T20:15:51.446+0200] {dag.py:3954} INFO - Setting next_dagrun for example_subdag_operator to 2022-01-01 00:00:00+00:00, run_after=2022-01-01 00:00:00+00:00
[2026-04-28T20:15:51.447+0200] {logging_mixin.py:188} INFO - [2026-04-28T20:15:51.447+0200] {dag.py:3954} INFO - Setting next_dagrun for example_subdag_operator.section-1 to None, run_after=None
[2026-04-28T20:15:51.448+0200] {logging_mixin.py:188} INFO - [2026-04-28T20:15:51.448+0200] {dag.py:3954} INFO - Setting next_dagrun for example_subdag_operator.section-2 to None, run_after=None
[2026-04-28T20:15:51.450+0200] {logging_mixin.py:188} INFO - [2026-04-28T20:15:51.450+0200] {dag.py:3096} INFO - Sync 2 DAGs
[2026-04-28T20:15:51.451+0200] {logging_mixin.py:188} INFO - [2026-04-28T20:15:51.451+0200] {dag.py:3954} INFO - Setting next_dagrun for example_subdag_operator.section-1 to None, run_after=None
[2026-04-28T20:15:51.451+0200] {logging_mixin.py:188} INFO - [2026-04-28T20:15:51.451+0200] {dag.py:3954} INFO - Setting next_dagrun for example_subdag_operator.section-2 to None, run_after=None
[2026-04-28T20:15:51.456+0200] {processor.py:183} INFO - Processing /Users/pablofrancoherrero/prueba_tecnica/venv/lib/python3.11/site-packages/airflow/example_dags/example_subdag_operator.py took 0.082 seconds
[2026-04-28T20:17:15.544+0200] {processor.py:161} INFO - Started process (PID=54538) to work on /Users/pablofrancoherrero/prueba_tecnica/venv/lib/python3.11/site-packages/airflow/example_dags/example_subdag_operator.py
[2026-04-28T20:17:15.545+0200] {processor.py:830} INFO - Processing file /Users/pablofrancoherrero/prueba_tecnica/venv/lib/python3.11/site-packages/airflow/example_dags/example_subdag_operator.py for tasks to queue
[2026-04-28T20:17:15.546+0200] {logging_mixin.py:188} INFO - [2026-04-28T20:17:15.545+0200] {dagbag.py:540} INFO - Filling up the DagBag from /Users/pablofrancoherrero/prueba_tecnica/venv/lib/python3.11/site-packages/airflow/example_dags/example_subdag_operator.py
[2026-04-28T20:17:15.571+0200] {processor.py:840} INFO - DAG(s) 'example_subdag_operator.section-1', 'example_subdag_operator.section-2', 'example_subdag_operator' retrieved from /Users/pablofrancoherrero/prueba_tecnica/venv/lib/python3.11/site-packages/airflow/example_dags/example_subdag_operator.py
[2026-04-28T20:17:15.581+0200] {logging_mixin.py:188} INFO - [2026-04-28T20:17:15.580+0200] {dag.py:3096} INFO - Sync 3 DAGs
[2026-04-28T20:17:15.585+0200] {logging_mixin.py:188} INFO - [2026-04-28T20:17:15.585+0200] {dag.py:3954} INFO - Setting next_dagrun for example_subdag_operator to 2022-01-01 00:00:00+00:00, run_after=2022-01-01 00:00:00+00:00
[2026-04-28T20:17:15.586+0200] {logging_mixin.py:188} INFO - [2026-04-28T20:17:15.586+0200] {dag.py:3954} INFO - Setting next_dagrun for example_subdag_operator.section-1 to None, run_after=None
[2026-04-28T20:17:15.586+0200] {logging_mixin.py:188} INFO - [2026-04-28T20:17:15.586+0200] {dag.py:3954} INFO - Setting next_dagrun for example_subdag_operator.section-2 to None, run_after=None
[2026-04-28T20:17:15.588+0200] {logging_mixin.py:188} INFO - [2026-04-28T20:17:15.588+0200] {dag.py:3096} INFO - Sync 2 DAGs
[2026-04-28T20:17:15.589+0200] {logging_mixin.py:188} INFO - [2026-04-28T20:17:15.589+0200] {dag.py:3954} INFO - Setting next_dagrun for example_subdag_operator.section-1 to None, run_after=None
[2026-04-28T20:17:15.589+0200] {logging_mixin.py:188} INFO - [2026-04-28T20:17:15.589+0200] {dag.py:3954} INFO - Setting next_dagrun for example_subdag_operator.section-2 to None, run_after=None
[2026-04-28T20:17:15.592+0200] {processor.py:183} INFO - Processing /Users/pablofrancoherrero/prueba_tecnica/venv/lib/python3.11/site-packages/airflow/example_dags/example_subdag_operator.py took 0.048 seconds
[2026-04-28T20:18:36.384+0200] {processor.py:161} INFO - Started process (PID=54661) to work on /Users/pablofrancoherrero/prueba_tecnica/venv/lib/python3.11/site-packages/airflow/example_dags/example_subdag_operator.py
[2026-04-28T20:18:36.385+0200] {processor.py:830} INFO - Processing file /Users/pablofrancoherrero/prueba_tecnica/venv/lib/python3.11/site-packages/airflow/example_dags/example_subdag_operator.py for tasks to queue
[2026-04-28T20:18:36.385+0200] {logging_mixin.py:188} INFO - [2026-04-28T20:18:36.385+0200] {dagbag.py:540} INFO - Filling up the DagBag from /Users/pablofrancoherrero/prueba_tecnica/venv/lib/python3.11/site-packages/airflow/example_dags/example_subdag_operator.py
[2026-04-28T20:18:36.411+0200] {processor.py:840} INFO - DAG(s) 'example_subdag_operator.section-1', 'example_subdag_operator.section-2', 'example_subdag_operator' retrieved from /Users/pablofrancoherrero/prueba_tecnica/venv/lib/python3.11/site-packages/airflow/example_dags/example_subdag_operator.py
[2026-04-28T20:18:36.420+0200] {logging_mixin.py:188} INFO - [2026-04-28T20:18:36.420+0200] {dag.py:3096} INFO - Sync 3 DAGs
[2026-04-28T20:18:36.425+0200] {logging_mixin.py:188} INFO - [2026-04-28T20:18:36.425+0200] {dag.py:3954} INFO - Setting next_dagrun for example_subdag_operator to 2022-01-01 00:00:00+00:00, run_after=2022-01-01 00:00:00+00:00
[2026-04-28T20:18:36.426+0200] {logging_mixin.py:188} INFO - [2026-04-28T20:18:36.426+0200] {dag.py:3954} INFO - Setting next_dagrun for example_subdag_operator.section-1 to None, run_after=None
[2026-04-28T20:18:36.426+0200] {logging_mixin.py:188} INFO - [2026-04-28T20:18:36.426+0200] {dag.py:3954} INFO - Setting next_dagrun for example_subdag_operator.section-2 to None, run_after=None
[2026-04-28T20:18:36.427+0200] {logging_mixin.py:188} INFO - [2026-04-28T20:18:36.427+0200] {dag.py:3096} INFO - Sync 2 DAGs
[2026-04-28T20:18:36.428+0200] {logging_mixin.py:188} INFO - [2026-04-28T20:18:36.428+0200] {dag.py:3954} INFO - Setting next_dagrun for example_subdag_operator.section-1 to None, run_after=None
[2026-04-28T20:18:36.428+0200] {logging_mixin.py:188} INFO - [2026-04-28T20:18:36.428+0200] {dag.py:3954} INFO - Setting next_dagrun for example_subdag_operator.section-2 to None, run_after=None
[2026-04-28T20:18:36.431+0200] {processor.py:183} INFO - Processing /Users/pablofrancoherrero/prueba_tecnica/venv/lib/python3.11/site-packages/airflow/example_dags/example_subdag_operator.py took 0.049 seconds
[2026-04-28T20:19:56.285+0200] {processor.py:161} INFO - Started process (PID=54757) to work on /Users/pablofrancoherrero/prueba_tecnica/venv/lib/python3.11/site-packages/airflow/example_dags/example_subdag_operator.py
[2026-04-28T20:19:56.286+0200] {processor.py:830} INFO - Processing file /Users/pablofrancoherrero/prueba_tecnica/venv/lib/python3.11/site-packages/airflow/example_dags/example_subdag_operator.py for tasks to queue
[2026-04-28T20:19:56.286+0200] {logging_mixin.py:188} INFO - [2026-04-28T20:19:56.286+0200] {dagbag.py:540} INFO - Filling up the DagBag from /Users/pablofrancoherrero/prueba_tecnica/venv/lib/python3.11/site-packages/airflow/example_dags/example_subdag_operator.py
[2026-04-28T20:19:56.313+0200] {processor.py:840} INFO - DAG(s) 'example_subdag_operator.section-1', 'example_subdag_operator.section-2', 'example_subdag_operator' retrieved from /Users/pablofrancoherrero/prueba_tecnica/venv/lib/python3.11/site-packages/airflow/example_dags/example_subdag_operator.py
[2026-04-28T20:19:56.322+0200] {logging_mixin.py:188} INFO - [2026-04-28T20:19:56.322+0200] {dag.py:3096} INFO - Sync 3 DAGs
[2026-04-28T20:19:56.327+0200] {logging_mixin.py:188} INFO - [2026-04-28T20:19:56.327+0200] {dag.py:3954} INFO - Setting next_dagrun for example_subdag_operator to 2022-01-01 00:00:00+00:00, run_after=2022-01-01 00:00:00+00:00
[2026-04-28T20:19:56.327+0200] {logging_mixin.py:188} INFO - [2026-04-28T20:19:56.327+0200] {dag.py:3954} INFO - Setting next_dagrun for example_subdag_operator.section-1 to None, run_after=None
[2026-04-28T20:19:56.328+0200] {logging_mixin.py:188} INFO - [2026-04-28T20:19:56.328+0200] {dag.py:3954} INFO - Setting next_dagrun for example_subdag_operator.section-2 to None, run_after=None
[2026-04-28T20:19:56.329+0200] {logging_mixin.py:188} INFO - [2026-04-28T20:19:56.329+0200] {dag.py:3096} INFO - Sync 2 DAGs
[2026-04-28T20:19:56.330+0200] {logging_mixin.py:188} INFO - [2026-04-28T20:19:56.330+0200] {dag.py:3954} INFO - Setting next_dagrun for example_subdag_operator.section-1 to None, run_after=None
[2026-04-28T20:19:56.330+0200] {logging_mixin.py:188} INFO - [2026-04-28T20:19:56.330+0200] {dag.py:3954} INFO - Setting next_dagrun for example_subdag_operator.section-2 to None, run_after=None
[2026-04-28T20:19:56.333+0200] {processor.py:183} INFO - Processing /Users/pablofrancoherrero/prueba_tecnica/venv/lib/python3.11/site-packages/airflow/example_dags/example_subdag_operator.py took 0.049 seconds
[2026-04-28T20:21:18.778+0200] {processor.py:161} INFO - Started process (PID=54865) to work on /Users/pablofrancoherrero/prueba_tecnica/venv/lib/python3.11/site-packages/airflow/example_dags/example_subdag_operator.py
[2026-04-28T20:21:18.778+0200] {processor.py:830} INFO - Processing file /Users/pablofrancoherrero/prueba_tecnica/venv/lib/python3.11/site-packages/airflow/example_dags/example_subdag_operator.py for tasks to queue
[2026-04-28T20:21:18.778+0200] {logging_mixin.py:188} INFO - [2026-04-28T20:21:18.778+0200] {dagbag.py:540} INFO - Filling up the DagBag from /Users/pablofrancoherrero/prueba_tecnica/venv/lib/python3.11/site-packages/airflow/example_dags/example_subdag_operator.py
[2026-04-28T20:21:18.805+0200] {processor.py:840} INFO - DAG(s) 'example_subdag_operator.section-1', 'example_subdag_operator.section-2', 'example_subdag_operator' retrieved from /Users/pablofrancoherrero/prueba_tecnica/venv/lib/python3.11/site-packages/airflow/example_dags/example_subdag_operator.py
[2026-04-28T20:21:18.814+0200] {logging_mixin.py:188} INFO - [2026-04-28T20:21:18.814+0200] {dag.py:3096} INFO - Sync 3 DAGs
[2026-04-28T20:21:18.819+0200] {logging_mixin.py:188} INFO - [2026-04-28T20:21:18.819+0200] {dag.py:3954} INFO - Setting next_dagrun for example_subdag_operator to 2022-01-01 00:00:00+00:00, run_after=2022-01-01 00:00:00+00:00
[2026-04-28T20:21:18.820+0200] {logging_mixin.py:188} INFO - [2026-04-28T20:21:18.820+0200] {dag.py:3954} INFO - Setting next_dagrun for example_subdag_operator.section-1 to None, run_after=None
[2026-04-28T20:21:18.820+0200] {logging_mixin.py:188} INFO - [2026-04-28T20:21:18.820+0200] {dag.py:3954} INFO - Setting next_dagrun for example_subdag_operator.section-2 to None, run_after=None
[2026-04-28T20:21:18.822+0200] {logging_mixin.py:188} INFO - [2026-04-28T20:21:18.822+0200] {dag.py:3096} INFO - Sync 2 DAGs
[2026-04-28T20:21:18.823+0200] {logging_mixin.py:188} INFO - [2026-04-28T20:21:18.823+0200] {dag.py:3954} INFO - Setting next_dagrun for example_subdag_operator.section-1 to None, run_after=None
[2026-04-28T20:21:18.823+0200] {logging_mixin.py:188} INFO - [2026-04-28T20:21:18.823+0200] {dag.py:3954} INFO - Setting next_dagrun for example_subdag_operator.section-2 to None, run_after=None
[2026-04-28T20:21:18.826+0200] {processor.py:183} INFO - Processing /Users/pablofrancoherrero/prueba_tecnica/venv/lib/python3.11/site-packages/airflow/example_dags/example_subdag_operator.py took 0.049 seconds
[2026-04-28T20:22:40.528+0200] {processor.py:161} INFO - Started process (PID=54950) to work on /Users/pablofrancoherrero/prueba_tecnica/venv/lib/python3.11/site-packages/airflow/example_dags/example_subdag_operator.py
[2026-04-28T20:22:40.529+0200] {processor.py:830} INFO - Processing file /Users/pablofrancoherrero/prueba_tecnica/venv/lib/python3.11/site-packages/airflow/example_dags/example_subdag_operator.py for tasks to queue
[2026-04-28T20:22:40.529+0200] {logging_mixin.py:188} INFO - [2026-04-28T20:22:40.529+0200] {dagbag.py:540} INFO - Filling up the DagBag from /Users/pablofrancoherrero/prueba_tecnica/venv/lib/python3.11/site-packages/airflow/example_dags/example_subdag_operator.py
[2026-04-28T20:22:40.556+0200] {processor.py:840} INFO - DAG(s) 'example_subdag_operator.section-1', 'example_subdag_operator.section-2', 'example_subdag_operator' retrieved from /Users/pablofrancoherrero/prueba_tecnica/venv/lib/python3.11/site-packages/airflow/example_dags/example_subdag_operator.py
[2026-04-28T20:22:40.565+0200] {logging_mixin.py:188} INFO - [2026-04-28T20:22:40.565+0200] {dag.py:3096} INFO - Sync 3 DAGs
[2026-04-28T20:22:40.570+0200] {logging_mixin.py:188} INFO - [2026-04-28T20:22:40.570+0200] {dag.py:3954} INFO - Setting next_dagrun for example_subdag_operator to 2022-01-01 00:00:00+00:00, run_after=2022-01-01 00:00:00+00:00
[2026-04-28T20:22:40.571+0200] {logging_mixin.py:188} INFO - [2026-04-28T20:22:40.571+0200] {dag.py:3954} INFO - Setting next_dagrun for example_subdag_operator.section-1 to None, run_after=None
[2026-04-28T20:22:40.571+0200] {logging_mixin.py:188} INFO - [2026-04-28T20:22:40.571+0200] {dag.py:3954} INFO - Setting next_dagrun for example_subdag_operator.section-2 to None, run_after=None
[2026-04-28T20:22:40.572+0200] {logging_mixin.py:188} INFO - [2026-04-28T20:22:40.572+0200] {dag.py:3096} INFO - Sync 2 DAGs
[2026-04-28T20:22:40.573+0200] {logging_mixin.py:188} INFO - [2026-04-28T20:22:40.573+0200] {dag.py:3954} INFO - Setting next_dagrun for example_subdag_operator.section-1 to None, run_after=None
[2026-04-28T20:22:40.573+0200] {logging_mixin.py:188} INFO - [2026-04-28T20:22:40.573+0200] {dag.py:3954} INFO - Setting next_dagrun for example_subdag_operator.section-2 to None, run_after=None
[2026-04-28T20:22:40.576+0200] {processor.py:183} INFO - Processing /Users/pablofrancoherrero/prueba_tecnica/venv/lib/python3.11/site-packages/airflow/example_dags/example_subdag_operator.py took 0.050 seconds
[2026-04-28T20:24:00.137+0200] {processor.py:161} INFO - Started process (PID=55095) to work on /Users/pablofrancoherrero/prueba_tecnica/venv/lib/python3.11/site-packages/airflow/example_dags/example_subdag_operator.py
[2026-04-28T20:24:00.138+0200] {processor.py:830} INFO - Processing file /Users/pablofrancoherrero/prueba_tecnica/venv/lib/python3.11/site-packages/airflow/example_dags/example_subdag_operator.py for tasks to queue
[2026-04-28T20:24:00.139+0200] {logging_mixin.py:188} INFO - [2026-04-28T20:24:00.139+0200] {dagbag.py:540} INFO - Filling up the DagBag from /Users/pablofrancoherrero/prueba_tecnica/venv/lib/python3.11/site-packages/airflow/example_dags/example_subdag_operator.py
[2026-04-28T20:24:00.166+0200] {processor.py:840} INFO - DAG(s) 'example_subdag_operator.section-1', 'example_subdag_operator.section-2', 'example_subdag_operator' retrieved from /Users/pablofrancoherrero/prueba_tecnica/venv/lib/python3.11/site-packages/airflow/example_dags/example_subdag_operator.py
[2026-04-28T20:24:00.175+0200] {logging_mixin.py:188} INFO - [2026-04-28T20:24:00.175+0200] {dag.py:3096} INFO - Sync 3 DAGs
[2026-04-28T20:24:00.180+0200] {logging_mixin.py:188} INFO - [2026-04-28T20:24:00.180+0200] {dag.py:3954} INFO - Setting next_dagrun for example_subdag_operator to 2022-01-01 00:00:00+00:00, run_after=2022-01-01 00:00:00+00:00
[2026-04-28T20:24:00.180+0200] {logging_mixin.py:188} INFO - [2026-04-28T20:24:00.180+0200] {dag.py:3954} INFO - Setting next_dagrun for example_subdag_operator.section-1 to None, run_after=None
[2026-04-28T20:24:00.181+0200] {logging_mixin.py:188} INFO - [2026-04-28T20:24:00.181+0200] {dag.py:3954} INFO - Setting next_dagrun for example_subdag_operator.section-2 to None, run_after=None
[2026-04-28T20:24:00.182+0200] {logging_mixin.py:188} INFO - [2026-04-28T20:24:00.182+0200] {dag.py:3096} INFO - Sync 2 DAGs
[2026-04-28T20:24:00.183+0200] {logging_mixin.py:188} INFO - [2026-04-28T20:24:00.183+0200] {dag.py:3954} INFO - Setting next_dagrun for example_subdag_operator.section-1 to None, run_after=None
[2026-04-28T20:24:00.183+0200] {logging_mixin.py:188} INFO - [2026-04-28T20:24:00.183+0200] {dag.py:3954} INFO - Setting next_dagrun for example_subdag_operator.section-2 to None, run_after=None
[2026-04-28T20:24:00.186+0200] {processor.py:183} INFO - Processing /Users/pablofrancoherrero/prueba_tecnica/venv/lib/python3.11/site-packages/airflow/example_dags/example_subdag_operator.py took 0.050 seconds
[2026-04-28T20:25:21.079+0200] {processor.py:161} INFO - Started process (PID=55187) to work on /Users/pablofrancoherrero/prueba_tecnica/venv/lib/python3.11/site-packages/airflow/example_dags/example_subdag_operator.py
[2026-04-28T20:25:21.080+0200] {processor.py:830} INFO - Processing file /Users/pablofrancoherrero/prueba_tecnica/venv/lib/python3.11/site-packages/airflow/example_dags/example_subdag_operator.py for tasks to queue
[2026-04-28T20:25:21.081+0200] {logging_mixin.py:188} INFO - [2026-04-28T20:25:21.081+0200] {dagbag.py:540} INFO - Filling up the DagBag from /Users/pablofrancoherrero/prueba_tecnica/venv/lib/python3.11/site-packages/airflow/example_dags/example_subdag_operator.py
[2026-04-28T20:25:21.107+0200] {processor.py:840} INFO - DAG(s) 'example_subdag_operator.section-1', 'example_subdag_operator.section-2', 'example_subdag_operator' retrieved from /Users/pablofrancoherrero/prueba_tecnica/venv/lib/python3.11/site-packages/airflow/example_dags/example_subdag_operator.py
[2026-04-28T20:25:21.116+0200] {logging_mixin.py:188} INFO - [2026-04-28T20:25:21.116+0200] {dag.py:3096} INFO - Sync 3 DAGs
[2026-04-28T20:25:21.121+0200] {logging_mixin.py:188} INFO - [2026-04-28T20:25:21.121+0200] {dag.py:3954} INFO - Setting next_dagrun for example_subdag_operator to 2022-01-01 00:00:00+00:00, run_after=2022-01-01 00:00:00+00:00
[2026-04-28T20:25:21.122+0200] {logging_mixin.py:188} INFO - [2026-04-28T20:25:21.122+0200] {dag.py:3954} INFO - Setting next_dagrun for example_subdag_operator.section-1 to None, run_after=None
[2026-04-28T20:25:21.122+0200] {logging_mixin.py:188} INFO - [2026-04-28T20:25:21.122+0200] {dag.py:3954} INFO - Setting next_dagrun for example_subdag_operator.section-2 to None, run_after=None
[2026-04-28T20:25:21.124+0200] {logging_mixin.py:188} INFO - [2026-04-28T20:25:21.124+0200] {dag.py:3096} INFO - Sync 2 DAGs
[2026-04-28T20:25:21.125+0200] {logging_mixin.py:188} INFO - [2026-04-28T20:25:21.125+0200] {dag.py:3954} INFO - Setting next_dagrun for example_subdag_operator.section-1 to None, run_after=None
[2026-04-28T20:25:21.125+0200] {logging_mixin.py:188} INFO - [2026-04-28T20:25:21.125+0200] {dag.py:3954} INFO - Setting next_dagrun for example_subdag_operator.section-2 to None, run_after=None
[2026-04-28T20:25:21.128+0200] {processor.py:183} INFO - Processing /Users/pablofrancoherrero/prueba_tecnica/venv/lib/python3.11/site-packages/airflow/example_dags/example_subdag_operator.py took 0.049 seconds
[2026-04-28T20:26:40.323+0200] {processor.py:161} INFO - Started process (PID=55277) to work on /Users/pablofrancoherrero/prueba_tecnica/venv/lib/python3.11/site-packages/airflow/example_dags/example_subdag_operator.py
[2026-04-28T20:26:40.323+0200] {processor.py:830} INFO - Processing file /Users/pablofrancoherrero/prueba_tecnica/venv/lib/python3.11/site-packages/airflow/example_dags/example_subdag_operator.py for tasks to queue
[2026-04-28T20:26:40.323+0200] {logging_mixin.py:188} INFO - [2026-04-28T20:26:40.323+0200] {dagbag.py:540} INFO - Filling up the DagBag from /Users/pablofrancoherrero/prueba_tecnica/venv/lib/python3.11/site-packages/airflow/example_dags/example_subdag_operator.py
[2026-04-28T20:26:40.350+0200] {processor.py:840} INFO - DAG(s) 'example_subdag_operator.section-1', 'example_subdag_operator.section-2', 'example_subdag_operator' retrieved from /Users/pablofrancoherrero/prueba_tecnica/venv/lib/python3.11/site-packages/airflow/example_dags/example_subdag_operator.py
[2026-04-28T20:26:40.359+0200] {logging_mixin.py:188} INFO - [2026-04-28T20:26:40.359+0200] {dag.py:3096} INFO - Sync 3 DAGs
[2026-04-28T20:26:40.364+0200] {logging_mixin.py:188} INFO - [2026-04-28T20:26:40.364+0200] {dag.py:3954} INFO - Setting next_dagrun for example_subdag_operator to 2022-01-01 00:00:00+00:00, run_after=2022-01-01 00:00:00+00:00
[2026-04-28T20:26:40.365+0200] {logging_mixin.py:188} INFO - [2026-04-28T20:26:40.364+0200] {dag.py:3954} INFO - Setting next_dagrun for example_subdag_operator.section-1 to None, run_after=None
[2026-04-28T20:26:40.365+0200] {logging_mixin.py:188} INFO - [2026-04-28T20:26:40.365+0200] {dag.py:3954} INFO - Setting next_dagrun for example_subdag_operator.section-2 to None, run_after=None
[2026-04-28T20:26:40.366+0200] {logging_mixin.py:188} INFO - [2026-04-28T20:26:40.366+0200] {dag.py:3096} INFO - Sync 2 DAGs
[2026-04-28T20:26:40.367+0200] {logging_mixin.py:188} INFO - [2026-04-28T20:26:40.367+0200] {dag.py:3954} INFO - Setting next_dagrun for example_subdag_operator.section-1 to None, run_after=None
[2026-04-28T20:26:40.367+0200] {logging_mixin.py:188} INFO - [2026-04-28T20:26:40.367+0200] {dag.py:3954} INFO - Setting next_dagrun for example_subdag_operator.section-2 to None, run_after=None
[2026-04-28T20:26:40.370+0200] {processor.py:183} INFO - Processing /Users/pablofrancoherrero/prueba_tecnica/venv/lib/python3.11/site-packages/airflow/example_dags/example_subdag_operator.py took 0.048 seconds
[2026-04-28T20:28:03.623+0200] {processor.py:161} INFO - Started process (PID=55409) to work on /Users/pablofrancoherrero/prueba_tecnica/venv/lib/python3.11/site-packages/airflow/example_dags/example_subdag_operator.py
[2026-04-28T20:28:03.624+0200] {processor.py:830} INFO - Processing file /Users/pablofrancoherrero/prueba_tecnica/venv/lib/python3.11/site-packages/airflow/example_dags/example_subdag_operator.py for tasks to queue
[2026-04-28T20:28:03.624+0200] {logging_mixin.py:188} INFO - [2026-04-28T20:28:03.624+0200] {dagbag.py:540} INFO - Filling up the DagBag from /Users/pablofrancoherrero/prueba_tecnica/venv/lib/python3.11/site-packages/airflow/example_dags/example_subdag_operator.py
[2026-04-28T20:28:03.650+0200] {processor.py:840} INFO - DAG(s) 'example_subdag_operator.section-1', 'example_subdag_operator.section-2', 'example_subdag_operator' retrieved from /Users/pablofrancoherrero/prueba_tecnica/venv/lib/python3.11/site-packages/airflow/example_dags/example_subdag_operator.py
[2026-04-28T20:28:03.659+0200] {logging_mixin.py:188} INFO - [2026-04-28T20:28:03.659+0200] {dag.py:3096} INFO - Sync 3 DAGs
[2026-04-28T20:28:03.664+0200] {logging_mixin.py:188} INFO - [2026-04-28T20:28:03.664+0200] {dag.py:3954} INFO - Setting next_dagrun for example_subdag_operator to 2022-01-01 00:00:00+00:00, run_after=2022-01-01 00:00:00+00:00
[2026-04-28T20:28:03.665+0200] {logging_mixin.py:188} INFO - [2026-04-28T20:28:03.665+0200] {dag.py:3954} INFO - Setting next_dagrun for example_subdag_operator.section-1 to None, run_after=None
[2026-04-28T20:28:03.665+0200] {logging_mixin.py:188} INFO - [2026-04-28T20:28:03.665+0200] {dag.py:3954} INFO - Setting next_dagrun for example_subdag_operator.section-2 to None, run_after=None
[2026-04-28T20:28:03.667+0200] {logging_mixin.py:188} INFO - [2026-04-28T20:28:03.667+0200] {dag.py:3096} INFO - Sync 2 DAGs
[2026-04-28T20:28:03.668+0200] {logging_mixin.py:188} INFO - [2026-04-28T20:28:03.667+0200] {dag.py:3954} INFO - Setting next_dagrun for example_subdag_operator.section-1 to None, run_after=None
[2026-04-28T20:28:03.668+0200] {logging_mixin.py:188} INFO - [2026-04-28T20:28:03.668+0200] {dag.py:3954} INFO - Setting next_dagrun for example_subdag_operator.section-2 to None, run_after=None
[2026-04-28T20:28:03.671+0200] {processor.py:183} INFO - Processing /Users/pablofrancoherrero/prueba_tecnica/venv/lib/python3.11/site-packages/airflow/example_dags/example_subdag_operator.py took 0.049 seconds
[2026-04-28T20:29:29.194+0200] {processor.py:161} INFO - Started process (PID=55511) to work on /Users/pablofrancoherrero/prueba_tecnica/venv/lib/python3.11/site-packages/airflow/example_dags/example_subdag_operator.py
[2026-04-28T20:29:29.194+0200] {processor.py:830} INFO - Processing file /Users/pablofrancoherrero/prueba_tecnica/venv/lib/python3.11/site-packages/airflow/example_dags/example_subdag_operator.py for tasks to queue
[2026-04-28T20:29:29.194+0200] {logging_mixin.py:188} INFO - [2026-04-28T20:29:29.194+0200] {dagbag.py:540} INFO - Filling up the DagBag from /Users/pablofrancoherrero/prueba_tecnica/venv/lib/python3.11/site-packages/airflow/example_dags/example_subdag_operator.py
[2026-04-28T20:29:29.223+0200] {processor.py:840} INFO - DAG(s) 'example_subdag_operator.section-1', 'example_subdag_operator.section-2', 'example_subdag_operator' retrieved from /Users/pablofrancoherrero/prueba_tecnica/venv/lib/python3.11/site-packages/airflow/example_dags/example_subdag_operator.py
[2026-04-28T20:29:29.233+0200] {logging_mixin.py:188} INFO - [2026-04-28T20:29:29.233+0200] {dag.py:3096} INFO - Sync 3 DAGs
[2026-04-28T20:29:29.238+0200] {logging_mixin.py:188} INFO - [2026-04-28T20:29:29.238+0200] {dag.py:3954} INFO - Setting next_dagrun for example_subdag_operator to 2022-01-01 00:00:00+00:00, run_after=2022-01-01 00:00:00+00:00
[2026-04-28T20:29:29.239+0200] {logging_mixin.py:188} INFO - [2026-04-28T20:29:29.239+0200] {dag.py:3954} INFO - Setting next_dagrun for example_subdag_operator.section-1 to None, run_after=None
[2026-04-28T20:29:29.239+0200] {logging_mixin.py:188} INFO - [2026-04-28T20:29:29.239+0200] {dag.py:3954} INFO - Setting next_dagrun for example_subdag_operator.section-2 to None, run_after=None
[2026-04-28T20:29:29.241+0200] {logging_mixin.py:188} INFO - [2026-04-28T20:29:29.241+0200] {dag.py:3096} INFO - Sync 2 DAGs
[2026-04-28T20:29:29.242+0200] {logging_mixin.py:188} INFO - [2026-04-28T20:29:29.242+0200] {dag.py:3954} INFO - Setting next_dagrun for example_subdag_operator.section-1 to None, run_after=None
[2026-04-28T20:29:29.242+0200] {logging_mixin.py:188} INFO - [2026-04-28T20:29:29.242+0200] {dag.py:3954} INFO - Setting next_dagrun for example_subdag_operator.section-2 to None, run_after=None
[2026-04-28T20:29:29.245+0200] {processor.py:183} INFO - Processing /Users/pablofrancoherrero/prueba_tecnica/venv/lib/python3.11/site-packages/airflow/example_dags/example_subdag_operator.py took 0.052 seconds
[2026-04-28T20:30:50.226+0200] {processor.py:161} INFO - Started process (PID=55626) to work on /Users/pablofrancoherrero/prueba_tecnica/venv/lib/python3.11/site-packages/airflow/example_dags/example_subdag_operator.py
[2026-04-28T20:30:50.227+0200] {processor.py:830} INFO - Processing file /Users/pablofrancoherrero/prueba_tecnica/venv/lib/python3.11/site-packages/airflow/example_dags/example_subdag_operator.py for tasks to queue
[2026-04-28T20:30:50.227+0200] {logging_mixin.py:188} INFO - [2026-04-28T20:30:50.227+0200] {dagbag.py:540} INFO - Filling up the DagBag from /Users/pablofrancoherrero/prueba_tecnica/venv/lib/python3.11/site-packages/airflow/example_dags/example_subdag_operator.py
[2026-04-28T20:30:50.254+0200] {processor.py:840} INFO - DAG(s) 'example_subdag_operator.section-1', 'example_subdag_operator.section-2', 'example_subdag_operator' retrieved from /Users/pablofrancoherrero/prueba_tecnica/venv/lib/python3.11/site-packages/airflow/example_dags/example_subdag_operator.py
[2026-04-28T20:30:50.263+0200] {logging_mixin.py:188} INFO - [2026-04-28T20:30:50.263+0200] {dag.py:3096} INFO - Sync 3 DAGs
[2026-04-28T20:30:50.269+0200] {logging_mixin.py:188} INFO - [2026-04-28T20:30:50.269+0200] {dag.py:3954} INFO - Setting next_dagrun for example_subdag_operator to 2022-01-01 00:00:00+00:00, run_after=2022-01-01 00:00:00+00:00
[2026-04-28T20:30:50.270+0200] {logging_mixin.py:188} INFO - [2026-04-28T20:30:50.269+0200] {dag.py:3954} INFO - Setting next_dagrun for example_subdag_operator.section-1 to None, run_after=None
[2026-04-28T20:30:50.270+0200] {logging_mixin.py:188} INFO - [2026-04-28T20:30:50.270+0200] {dag.py:3954} INFO - Setting next_dagrun for example_subdag_operator.section-2 to None, run_after=None
[2026-04-28T20:30:50.271+0200] {logging_mixin.py:188} INFO - [2026-04-28T20:30:50.271+0200] {dag.py:3096} INFO - Sync 2 DAGs
[2026-04-28T20:30:50.273+0200] {logging_mixin.py:188} INFO - [2026-04-28T20:30:50.273+0200] {dag.py:3954} INFO - Setting next_dagrun for example_subdag_operator.section-1 to None, run_after=None
[2026-04-28T20:30:50.273+0200] {logging_mixin.py:188} INFO - [2026-04-28T20:30:50.273+0200] {dag.py:3954} INFO - Setting next_dagrun for example_subdag_operator.section-2 to None, run_after=None
[2026-04-28T20:30:50.276+0200] {processor.py:183} INFO - Processing /Users/pablofrancoherrero/prueba_tecnica/venv/lib/python3.11/site-packages/airflow/example_dags/example_subdag_operator.py took 0.051 seconds
[2026-04-28T20:32:10.014+0200] {processor.py:161} INFO - Started process (PID=55757) to work on /Users/pablofrancoherrero/prueba_tecnica/venv/lib/python3.11/site-packages/airflow/example_dags/example_subdag_operator.py
[2026-04-28T20:32:10.015+0200] {processor.py:830} INFO - Processing file /Users/pablofrancoherrero/prueba_tecnica/venv/lib/python3.11/site-packages/airflow/example_dags/example_subdag_operator.py for tasks to queue
[2026-04-28T20:32:10.016+0200] {logging_mixin.py:188} INFO - [2026-04-28T20:32:10.016+0200] {dagbag.py:540} INFO - Filling up the DagBag from /Users/pablofrancoherrero/prueba_tecnica/venv/lib/python3.11/site-packages/airflow/example_dags/example_subdag_operator.py
[2026-04-28T20:32:10.041+0200] {processor.py:840} INFO - DAG(s) 'example_subdag_operator.section-1', 'example_subdag_operator.section-2', 'example_subdag_operator' retrieved from /Users/pablofrancoherrero/prueba_tecnica/venv/lib/python3.11/site-packages/airflow/example_dags/example_subdag_operator.py
[2026-04-28T20:32:10.050+0200] {logging_mixin.py:188} INFO - [2026-04-28T20:32:10.050+0200] {dag.py:3096} INFO - Sync 3 DAGs
[2026-04-28T20:32:10.055+0200] {logging_mixin.py:188} INFO - [2026-04-28T20:32:10.055+0200] {dag.py:3954} INFO - Setting next_dagrun for example_subdag_operator to 2022-01-01 00:00:00+00:00, run_after=2022-01-01 00:00:00+00:00
[2026-04-28T20:32:10.056+0200] {logging_mixin.py:188} INFO - [2026-04-28T20:32:10.055+0200] {dag.py:3954} INFO - Setting next_dagrun for example_subdag_operator.section-1 to None, run_after=None
[2026-04-28T20:32:10.056+0200] {logging_mixin.py:188} INFO - [2026-04-28T20:32:10.056+0200] {dag.py:3954} INFO - Setting next_dagrun for example_subdag_operator.section-2 to None, run_after=None
[2026-04-28T20:32:10.057+0200] {logging_mixin.py:188} INFO - [2026-04-28T20:32:10.057+0200] {dag.py:3096} INFO - Sync 2 DAGs
[2026-04-28T20:32:10.058+0200] {logging_mixin.py:188} INFO - [2026-04-28T20:32:10.058+0200] {dag.py:3954} INFO - Setting next_dagrun for example_subdag_operator.section-1 to None, run_after=None
[2026-04-28T20:32:10.058+0200] {logging_mixin.py:188} INFO - [2026-04-28T20:32:10.058+0200] {dag.py:3954} INFO - Setting next_dagrun for example_subdag_operator.section-2 to None, run_after=None
[2026-04-28T20:32:10.061+0200] {processor.py:183} INFO - Processing /Users/pablofrancoherrero/prueba_tecnica/venv/lib/python3.11/site-packages/airflow/example_dags/example_subdag_operator.py took 0.048 seconds
[2026-04-28T20:33:32.218+0200] {processor.py:161} INFO - Started process (PID=55846) to work on /Users/pablofrancoherrero/prueba_tecnica/venv/lib/python3.11/site-packages/airflow/example_dags/example_subdag_operator.py
[2026-04-28T20:33:32.219+0200] {processor.py:830} INFO - Processing file /Users/pablofrancoherrero/prueba_tecnica/venv/lib/python3.11/site-packages/airflow/example_dags/example_subdag_operator.py for tasks to queue
[2026-04-28T20:33:32.219+0200] {logging_mixin.py:188} INFO - [2026-04-28T20:33:32.219+0200] {dagbag.py:540} INFO - Filling up the DagBag from /Users/pablofrancoherrero/prueba_tecnica/venv/lib/python3.11/site-packages/airflow/example_dags/example_subdag_operator.py
[2026-04-28T20:33:32.246+0200] {processor.py:840} INFO - DAG(s) 'example_subdag_operator.section-1', 'example_subdag_operator.section-2', 'example_subdag_operator' retrieved from /Users/pablofrancoherrero/prueba_tecnica/venv/lib/python3.11/site-packages/airflow/example_dags/example_subdag_operator.py
[2026-04-28T20:33:32.255+0200] {logging_mixin.py:188} INFO - [2026-04-28T20:33:32.255+0200] {dag.py:3096} INFO - Sync 3 DAGs
[2026-04-28T20:33:32.259+0200] {logging_mixin.py:188} INFO - [2026-04-28T20:33:32.259+0200] {dag.py:3954} INFO - Setting next_dagrun for example_subdag_operator to 2022-01-01 00:00:00+00:00, run_after=2022-01-01 00:00:00+00:00
[2026-04-28T20:33:32.260+0200] {logging_mixin.py:188} INFO - [2026-04-28T20:33:32.260+0200] {dag.py:3954} INFO - Setting next_dagrun for example_subdag_operator.section-1 to None, run_after=None
[2026-04-28T20:33:32.260+0200] {logging_mixin.py:188} INFO - [2026-04-28T20:33:32.260+0200] {dag.py:3954} INFO - Setting next_dagrun for example_subdag_operator.section-2 to None, run_after=None
[2026-04-28T20:33:32.262+0200] {logging_mixin.py:188} INFO - [2026-04-28T20:33:32.262+0200] {dag.py:3096} INFO - Sync 2 DAGs
[2026-04-28T20:33:32.263+0200] {logging_mixin.py:188} INFO - [2026-04-28T20:33:32.263+0200] {dag.py:3954} INFO - Setting next_dagrun for example_subdag_operator.section-1 to None, run_after=None
[2026-04-28T20:33:32.263+0200] {logging_mixin.py:188} INFO - [2026-04-28T20:33:32.263+0200] {dag.py:3954} INFO - Setting next_dagrun for example_subdag_operator.section-2 to None, run_after=None
[2026-04-28T20:33:32.266+0200] {processor.py:183} INFO - Processing /Users/pablofrancoherrero/prueba_tecnica/venv/lib/python3.11/site-packages/airflow/example_dags/example_subdag_operator.py took 0.048 seconds
[2026-04-28T20:34:53.017+0200] {processor.py:161} INFO - Started process (PID=55953) to work on /Users/pablofrancoherrero/prueba_tecnica/venv/lib/python3.11/site-packages/airflow/example_dags/example_subdag_operator.py
[2026-04-28T20:34:53.018+0200] {processor.py:830} INFO - Processing file /Users/pablofrancoherrero/prueba_tecnica/venv/lib/python3.11/site-packages/airflow/example_dags/example_subdag_operator.py for tasks to queue
[2026-04-28T20:34:53.019+0200] {logging_mixin.py:188} INFO - [2026-04-28T20:34:53.018+0200] {dagbag.py:540} INFO - Filling up the DagBag from /Users/pablofrancoherrero/prueba_tecnica/venv/lib/python3.11/site-packages/airflow/example_dags/example_subdag_operator.py
[2026-04-28T20:34:53.046+0200] {processor.py:840} INFO - DAG(s) 'example_subdag_operator.section-1', 'example_subdag_operator.section-2', 'example_subdag_operator' retrieved from /Users/pablofrancoherrero/prueba_tecnica/venv/lib/python3.11/site-packages/airflow/example_dags/example_subdag_operator.py
[2026-04-28T20:34:53.055+0200] {logging_mixin.py:188} INFO - [2026-04-28T20:34:53.055+0200] {dag.py:3096} INFO - Sync 3 DAGs
[2026-04-28T20:34:53.061+0200] {logging_mixin.py:188} INFO - [2026-04-28T20:34:53.061+0200] {dag.py:3954} INFO - Setting next_dagrun for example_subdag_operator to 2022-01-01 00:00:00+00:00, run_after=2022-01-01 00:00:00+00:00
[2026-04-28T20:34:53.062+0200] {logging_mixin.py:188} INFO - [2026-04-28T20:34:53.061+0200] {dag.py:3954} INFO - Setting next_dagrun for example_subdag_operator.section-1 to None, run_after=None
[2026-04-28T20:34:53.062+0200] {logging_mixin.py:188} INFO - [2026-04-28T20:34:53.062+0200] {dag.py:3954} INFO - Setting next_dagrun for example_subdag_operator.section-2 to None, run_after=None
[2026-04-28T20:34:53.063+0200] {logging_mixin.py:188} INFO - [2026-04-28T20:34:53.063+0200] {dag.py:3096} INFO - Sync 2 DAGs
[2026-04-28T20:34:53.064+0200] {logging_mixin.py:188} INFO - [2026-04-28T20:34:53.064+0200] {dag.py:3954} INFO - Setting next_dagrun for example_subdag_operator.section-1 to None, run_after=None
[2026-04-28T20:34:53.064+0200] {logging_mixin.py:188} INFO - [2026-04-28T20:34:53.064+0200] {dag.py:3954} INFO - Setting next_dagrun for example_subdag_operator.section-2 to None, run_after=None
[2026-04-28T20:34:53.067+0200] {processor.py:183} INFO - Processing /Users/pablofrancoherrero/prueba_tecnica/venv/lib/python3.11/site-packages/airflow/example_dags/example_subdag_operator.py took 0.051 seconds
[2026-04-28T20:36:16.761+0200] {processor.py:161} INFO - Started process (PID=56047) to work on /Users/pablofrancoherrero/prueba_tecnica/venv/lib/python3.11/site-packages/airflow/example_dags/example_subdag_operator.py
[2026-04-28T20:36:16.762+0200] {processor.py:830} INFO - Processing file /Users/pablofrancoherrero/prueba_tecnica/venv/lib/python3.11/site-packages/airflow/example_dags/example_subdag_operator.py for tasks to queue
[2026-04-28T20:36:16.762+0200] {logging_mixin.py:188} INFO - [2026-04-28T20:36:16.762+0200] {dagbag.py:540} INFO - Filling up the DagBag from /Users/pablofrancoherrero/prueba_tecnica/venv/lib/python3.11/site-packages/airflow/example_dags/example_subdag_operator.py
[2026-04-28T20:36:16.789+0200] {processor.py:840} INFO - DAG(s) 'example_subdag_operator.section-1', 'example_subdag_operator.section-2', 'example_subdag_operator' retrieved from /Users/pablofrancoherrero/prueba_tecnica/venv/lib/python3.11/site-packages/airflow/example_dags/example_subdag_operator.py
[2026-04-28T20:36:16.798+0200] {logging_mixin.py:188} INFO - [2026-04-28T20:36:16.797+0200] {dag.py:3096} INFO - Sync 3 DAGs
[2026-04-28T20:36:16.802+0200] {logging_mixin.py:188} INFO - [2026-04-28T20:36:16.802+0200] {dag.py:3954} INFO - Setting next_dagrun for example_subdag_operator to 2022-01-01 00:00:00+00:00, run_after=2022-01-01 00:00:00+00:00
[2026-04-28T20:36:16.803+0200] {logging_mixin.py:188} INFO - [2026-04-28T20:36:16.803+0200] {dag.py:3954} INFO - Setting next_dagrun for example_subdag_operator.section-1 to None, run_after=None
[2026-04-28T20:36:16.803+0200] {logging_mixin.py:188} INFO - [2026-04-28T20:36:16.803+0200] {dag.py:3954} INFO - Setting next_dagrun for example_subdag_operator.section-2 to None, run_after=None
[2026-04-28T20:36:16.805+0200] {logging_mixin.py:188} INFO - [2026-04-28T20:36:16.805+0200] {dag.py:3096} INFO - Sync 2 DAGs
[2026-04-28T20:36:16.806+0200] {logging_mixin.py:188} INFO - [2026-04-28T20:36:16.806+0200] {dag.py:3954} INFO - Setting next_dagrun for example_subdag_operator.section-1 to None, run_after=None
[2026-04-28T20:36:16.806+0200] {logging_mixin.py:188} INFO - [2026-04-28T20:36:16.806+0200] {dag.py:3954} INFO - Setting next_dagrun for example_subdag_operator.section-2 to None, run_after=None
[2026-04-28T20:36:16.809+0200] {processor.py:183} INFO - Processing /Users/pablofrancoherrero/prueba_tecnica/venv/lib/python3.11/site-packages/airflow/example_dags/example_subdag_operator.py took 0.049 seconds
[2026-04-28T20:37:37.421+0200] {processor.py:161} INFO - Started process (PID=56155) to work on /Users/pablofrancoherrero/prueba_tecnica/venv/lib/python3.11/site-packages/airflow/example_dags/example_subdag_operator.py
[2026-04-28T20:37:37.422+0200] {processor.py:830} INFO - Processing file /Users/pablofrancoherrero/prueba_tecnica/venv/lib/python3.11/site-packages/airflow/example_dags/example_subdag_operator.py for tasks to queue
[2026-04-28T20:37:37.422+0200] {logging_mixin.py:188} INFO - [2026-04-28T20:37:37.422+0200] {dagbag.py:540} INFO - Filling up the DagBag from /Users/pablofrancoherrero/prueba_tecnica/venv/lib/python3.11/site-packages/airflow/example_dags/example_subdag_operator.py
[2026-04-28T20:37:37.449+0200] {processor.py:840} INFO - DAG(s) 'example_subdag_operator.section-1', 'example_subdag_operator.section-2', 'example_subdag_operator' retrieved from /Users/pablofrancoherrero/prueba_tecnica/venv/lib/python3.11/site-packages/airflow/example_dags/example_subdag_operator.py
[2026-04-28T20:37:37.459+0200] {logging_mixin.py:188} INFO - [2026-04-28T20:37:37.459+0200] {dag.py:3096} INFO - Sync 3 DAGs
[2026-04-28T20:37:37.464+0200] {logging_mixin.py:188} INFO - [2026-04-28T20:37:37.464+0200] {dag.py:3954} INFO - Setting next_dagrun for example_subdag_operator to 2022-01-01 00:00:00+00:00, run_after=2022-01-01 00:00:00+00:00
[2026-04-28T20:37:37.465+0200] {logging_mixin.py:188} INFO - [2026-04-28T20:37:37.465+0200] {dag.py:3954} INFO - Setting next_dagrun for example_subdag_operator.section-1 to None, run_after=None
[2026-04-28T20:37:37.465+0200] {logging_mixin.py:188} INFO - [2026-04-28T20:37:37.465+0200] {dag.py:3954} INFO - Setting next_dagrun for example_subdag_operator.section-2 to None, run_after=None
[2026-04-28T20:37:37.466+0200] {logging_mixin.py:188} INFO - [2026-04-28T20:37:37.466+0200] {dag.py:3096} INFO - Sync 2 DAGs
[2026-04-28T20:37:37.467+0200] {logging_mixin.py:188} INFO - [2026-04-28T20:37:37.467+0200] {dag.py:3954} INFO - Setting next_dagrun for example_subdag_operator.section-1 to None, run_after=None
[2026-04-28T20:37:37.467+0200] {logging_mixin.py:188} INFO - [2026-04-28T20:37:37.467+0200] {dag.py:3954} INFO - Setting next_dagrun for example_subdag_operator.section-2 to None, run_after=None
[2026-04-28T20:37:37.471+0200] {processor.py:183} INFO - Processing /Users/pablofrancoherrero/prueba_tecnica/venv/lib/python3.11/site-packages/airflow/example_dags/example_subdag_operator.py took 0.051 seconds
[2026-04-28T20:38:58.989+0200] {processor.py:161} INFO - Started process (PID=56297) to work on /Users/pablofrancoherrero/prueba_tecnica/venv/lib/python3.11/site-packages/airflow/example_dags/example_subdag_operator.py
[2026-04-28T20:38:58.989+0200] {processor.py:830} INFO - Processing file /Users/pablofrancoherrero/prueba_tecnica/venv/lib/python3.11/site-packages/airflow/example_dags/example_subdag_operator.py for tasks to queue
[2026-04-28T20:38:58.989+0200] {logging_mixin.py:188} INFO - [2026-04-28T20:38:58.989+0200] {dagbag.py:540} INFO - Filling up the DagBag from /Users/pablofrancoherrero/prueba_tecnica/venv/lib/python3.11/site-packages/airflow/example_dags/example_subdag_operator.py
[2026-04-28T20:38:59.020+0200] {processor.py:840} INFO - DAG(s) 'example_subdag_operator.section-1', 'example_subdag_operator.section-2', 'example_subdag_operator' retrieved from /Users/pablofrancoherrero/prueba_tecnica/venv/lib/python3.11/site-packages/airflow/example_dags/example_subdag_operator.py
[2026-04-28T20:38:59.032+0200] {logging_mixin.py:188} INFO - [2026-04-28T20:38:59.031+0200] {dag.py:3096} INFO - Sync 3 DAGs
[2026-04-28T20:38:59.046+0200] {logging_mixin.py:188} INFO - [2026-04-28T20:38:59.046+0200] {dag.py:3954} INFO - Setting next_dagrun for example_subdag_operator to 2022-01-01 00:00:00+00:00, run_after=2022-01-01 00:00:00+00:00
[2026-04-28T20:38:59.049+0200] {logging_mixin.py:188} INFO - [2026-04-28T20:38:59.049+0200] {dag.py:3954} INFO - Setting next_dagrun for example_subdag_operator.section-1 to None, run_after=None
[2026-04-28T20:38:59.049+0200] {logging_mixin.py:188} INFO - [2026-04-28T20:38:59.049+0200] {dag.py:3954} INFO - Setting next_dagrun for example_subdag_operator.section-2 to None, run_after=None
[2026-04-28T20:38:59.052+0200] {logging_mixin.py:188} INFO - [2026-04-28T20:38:59.052+0200] {dag.py:3096} INFO - Sync 2 DAGs
[2026-04-28T20:38:59.054+0200] {logging_mixin.py:188} INFO - [2026-04-28T20:38:59.054+0200] {dag.py:3954} INFO - Setting next_dagrun for example_subdag_operator.section-1 to None, run_after=None
[2026-04-28T20:38:59.054+0200] {logging_mixin.py:188} INFO - [2026-04-28T20:38:59.054+0200] {dag.py:3954} INFO - Setting next_dagrun for example_subdag_operator.section-2 to None, run_after=None
[2026-04-28T20:38:59.059+0200] {processor.py:183} INFO - Processing /Users/pablofrancoherrero/prueba_tecnica/venv/lib/python3.11/site-packages/airflow/example_dags/example_subdag_operator.py took 0.071 seconds
[2026-04-28T20:40:22.466+0200] {processor.py:161} INFO - Started process (PID=56420) to work on /Users/pablofrancoherrero/prueba_tecnica/venv/lib/python3.11/site-packages/airflow/example_dags/example_subdag_operator.py
[2026-04-28T20:40:22.467+0200] {processor.py:830} INFO - Processing file /Users/pablofrancoherrero/prueba_tecnica/venv/lib/python3.11/site-packages/airflow/example_dags/example_subdag_operator.py for tasks to queue
[2026-04-28T20:40:22.467+0200] {logging_mixin.py:188} INFO - [2026-04-28T20:40:22.467+0200] {dagbag.py:540} INFO - Filling up the DagBag from /Users/pablofrancoherrero/prueba_tecnica/venv/lib/python3.11/site-packages/airflow/example_dags/example_subdag_operator.py
[2026-04-28T20:40:22.495+0200] {processor.py:840} INFO - DAG(s) 'example_subdag_operator.section-1', 'example_subdag_operator.section-2', 'example_subdag_operator' retrieved from /Users/pablofrancoherrero/prueba_tecnica/venv/lib/python3.11/site-packages/airflow/example_dags/example_subdag_operator.py
[2026-04-28T20:40:22.506+0200] {logging_mixin.py:188} INFO - [2026-04-28T20:40:22.506+0200] {dag.py:3096} INFO - Sync 3 DAGs
[2026-04-28T20:40:22.511+0200] {logging_mixin.py:188} INFO - [2026-04-28T20:40:22.511+0200] {dag.py:3954} INFO - Setting next_dagrun for example_subdag_operator to 2022-01-01 00:00:00+00:00, run_after=2022-01-01 00:00:00+00:00
[2026-04-28T20:40:22.513+0200] {logging_mixin.py:188} INFO - [2026-04-28T20:40:22.513+0200] {dag.py:3954} INFO - Setting next_dagrun for example_subdag_operator.section-1 to None, run_after=None
[2026-04-28T20:40:22.513+0200] {logging_mixin.py:188} INFO - [2026-04-28T20:40:22.513+0200] {dag.py:3954} INFO - Setting next_dagrun for example_subdag_operator.section-2 to None, run_after=None
[2026-04-28T20:40:22.515+0200] {logging_mixin.py:188} INFO - [2026-04-28T20:40:22.515+0200] {dag.py:3096} INFO - Sync 2 DAGs
[2026-04-28T20:40:22.517+0200] {logging_mixin.py:188} INFO - [2026-04-28T20:40:22.517+0200] {dag.py:3954} INFO - Setting next_dagrun for example_subdag_operator.section-1 to None, run_after=None
[2026-04-28T20:40:22.517+0200] {logging_mixin.py:188} INFO - [2026-04-28T20:40:22.517+0200] {dag.py:3954} INFO - Setting next_dagrun for example_subdag_operator.section-2 to None, run_after=None
[2026-04-28T20:40:22.521+0200] {processor.py:183} INFO - Processing /Users/pablofrancoherrero/prueba_tecnica/venv/lib/python3.11/site-packages/airflow/example_dags/example_subdag_operator.py took 0.056 seconds
[2026-04-28T20:41:44.333+0200] {processor.py:161} INFO - Started process (PID=56528) to work on /Users/pablofrancoherrero/prueba_tecnica/venv/lib/python3.11/site-packages/airflow/example_dags/example_subdag_operator.py
[2026-04-28T20:41:44.334+0200] {processor.py:830} INFO - Processing file /Users/pablofrancoherrero/prueba_tecnica/venv/lib/python3.11/site-packages/airflow/example_dags/example_subdag_operator.py for tasks to queue
[2026-04-28T20:41:44.334+0200] {logging_mixin.py:188} INFO - [2026-04-28T20:41:44.334+0200] {dagbag.py:540} INFO - Filling up the DagBag from /Users/pablofrancoherrero/prueba_tecnica/venv/lib/python3.11/site-packages/airflow/example_dags/example_subdag_operator.py
[2026-04-28T20:41:44.361+0200] {processor.py:840} INFO - DAG(s) 'example_subdag_operator.section-1', 'example_subdag_operator.section-2', 'example_subdag_operator' retrieved from /Users/pablofrancoherrero/prueba_tecnica/venv/lib/python3.11/site-packages/airflow/example_dags/example_subdag_operator.py
[2026-04-28T20:41:44.371+0200] {logging_mixin.py:188} INFO - [2026-04-28T20:41:44.371+0200] {dag.py:3096} INFO - Sync 3 DAGs
[2026-04-28T20:41:44.376+0200] {logging_mixin.py:188} INFO - [2026-04-28T20:41:44.376+0200] {dag.py:3954} INFO - Setting next_dagrun for example_subdag_operator to 2022-01-01 00:00:00+00:00, run_after=2022-01-01 00:00:00+00:00
[2026-04-28T20:41:44.377+0200] {logging_mixin.py:188} INFO - [2026-04-28T20:41:44.377+0200] {dag.py:3954} INFO - Setting next_dagrun for example_subdag_operator.section-1 to None, run_after=None
[2026-04-28T20:41:44.377+0200] {logging_mixin.py:188} INFO - [2026-04-28T20:41:44.377+0200] {dag.py:3954} INFO - Setting next_dagrun for example_subdag_operator.section-2 to None, run_after=None
[2026-04-28T20:41:44.378+0200] {logging_mixin.py:188} INFO - [2026-04-28T20:41:44.378+0200] {dag.py:3096} INFO - Sync 2 DAGs
[2026-04-28T20:41:44.379+0200] {logging_mixin.py:188} INFO - [2026-04-28T20:41:44.379+0200] {dag.py:3954} INFO - Setting next_dagrun for example_subdag_operator.section-1 to None, run_after=None
[2026-04-28T20:41:44.379+0200] {logging_mixin.py:188} INFO - [2026-04-28T20:41:44.379+0200] {dag.py:3954} INFO - Setting next_dagrun for example_subdag_operator.section-2 to None, run_after=None
[2026-04-28T20:41:44.382+0200] {processor.py:183} INFO - Processing /Users/pablofrancoherrero/prueba_tecnica/venv/lib/python3.11/site-packages/airflow/example_dags/example_subdag_operator.py took 0.050 seconds
[2026-04-28T20:43:06.740+0200] {processor.py:161} INFO - Started process (PID=56690) to work on /Users/pablofrancoherrero/prueba_tecnica/venv/lib/python3.11/site-packages/airflow/example_dags/example_subdag_operator.py
[2026-04-28T20:43:06.740+0200] {processor.py:830} INFO - Processing file /Users/pablofrancoherrero/prueba_tecnica/venv/lib/python3.11/site-packages/airflow/example_dags/example_subdag_operator.py for tasks to queue
[2026-04-28T20:43:06.741+0200] {logging_mixin.py:188} INFO - [2026-04-28T20:43:06.741+0200] {dagbag.py:540} INFO - Filling up the DagBag from /Users/pablofrancoherrero/prueba_tecnica/venv/lib/python3.11/site-packages/airflow/example_dags/example_subdag_operator.py
[2026-04-28T20:43:06.770+0200] {processor.py:840} INFO - DAG(s) 'example_subdag_operator.section-1', 'example_subdag_operator.section-2', 'example_subdag_operator' retrieved from /Users/pablofrancoherrero/prueba_tecnica/venv/lib/python3.11/site-packages/airflow/example_dags/example_subdag_operator.py
[2026-04-28T20:43:06.781+0200] {logging_mixin.py:188} INFO - [2026-04-28T20:43:06.781+0200] {dag.py:3096} INFO - Sync 3 DAGs
[2026-04-28T20:43:06.787+0200] {logging_mixin.py:188} INFO - [2026-04-28T20:43:06.787+0200] {dag.py:3954} INFO - Setting next_dagrun for example_subdag_operator to 2022-01-01 00:00:00+00:00, run_after=2022-01-01 00:00:00+00:00
[2026-04-28T20:43:06.787+0200] {logging_mixin.py:188} INFO - [2026-04-28T20:43:06.787+0200] {dag.py:3954} INFO - Setting next_dagrun for example_subdag_operator.section-1 to None, run_after=None
[2026-04-28T20:43:06.788+0200] {logging_mixin.py:188} INFO - [2026-04-28T20:43:06.788+0200] {dag.py:3954} INFO - Setting next_dagrun for example_subdag_operator.section-2 to None, run_after=None
[2026-04-28T20:43:06.789+0200] {logging_mixin.py:188} INFO - [2026-04-28T20:43:06.789+0200] {dag.py:3096} INFO - Sync 2 DAGs
[2026-04-28T20:43:06.790+0200] {logging_mixin.py:188} INFO - [2026-04-28T20:43:06.790+0200] {dag.py:3954} INFO - Setting next_dagrun for example_subdag_operator.section-1 to None, run_after=None
[2026-04-28T20:43:06.790+0200] {logging_mixin.py:188} INFO - [2026-04-28T20:43:06.790+0200] {dag.py:3954} INFO - Setting next_dagrun for example_subdag_operator.section-2 to None, run_after=None
[2026-04-28T20:43:06.794+0200] {processor.py:183} INFO - Processing /Users/pablofrancoherrero/prueba_tecnica/venv/lib/python3.11/site-packages/airflow/example_dags/example_subdag_operator.py took 0.055 seconds
[2026-04-28T20:44:29.614+0200] {processor.py:161} INFO - Started process (PID=56850) to work on /Users/pablofrancoherrero/prueba_tecnica/venv/lib/python3.11/site-packages/airflow/example_dags/example_subdag_operator.py
[2026-04-28T20:44:29.614+0200] {processor.py:830} INFO - Processing file /Users/pablofrancoherrero/prueba_tecnica/venv/lib/python3.11/site-packages/airflow/example_dags/example_subdag_operator.py for tasks to queue
[2026-04-28T20:44:29.614+0200] {logging_mixin.py:188} INFO - [2026-04-28T20:44:29.614+0200] {dagbag.py:540} INFO - Filling up the DagBag from /Users/pablofrancoherrero/prueba_tecnica/venv/lib/python3.11/site-packages/airflow/example_dags/example_subdag_operator.py
[2026-04-28T20:44:29.642+0200] {processor.py:840} INFO - DAG(s) 'example_subdag_operator.section-1', 'example_subdag_operator.section-2', 'example_subdag_operator' retrieved from /Users/pablofrancoherrero/prueba_tecnica/venv/lib/python3.11/site-packages/airflow/example_dags/example_subdag_operator.py
[2026-04-28T20:44:29.656+0200] {logging_mixin.py:188} INFO - [2026-04-28T20:44:29.656+0200] {dag.py:3096} INFO - Sync 3 DAGs
[2026-04-28T20:44:29.661+0200] {logging_mixin.py:188} INFO - [2026-04-28T20:44:29.661+0200] {dag.py:3954} INFO - Setting next_dagrun for example_subdag_operator to 2022-01-01 00:00:00+00:00, run_after=2022-01-01 00:00:00+00:00
[2026-04-28T20:44:29.662+0200] {logging_mixin.py:188} INFO - [2026-04-28T20:44:29.662+0200] {dag.py:3954} INFO - Setting next_dagrun for example_subdag_operator.section-1 to None, run_after=None
[2026-04-28T20:44:29.662+0200] {logging_mixin.py:188} INFO - [2026-04-28T20:44:29.662+0200] {dag.py:3954} INFO - Setting next_dagrun for example_subdag_operator.section-2 to None, run_after=None
[2026-04-28T20:44:29.664+0200] {logging_mixin.py:188} INFO - [2026-04-28T20:44:29.664+0200] {dag.py:3096} INFO - Sync 2 DAGs
[2026-04-28T20:44:29.665+0200] {logging_mixin.py:188} INFO - [2026-04-28T20:44:29.665+0200] {dag.py:3954} INFO - Setting next_dagrun for example_subdag_operator.section-1 to None, run_after=None
[2026-04-28T20:44:29.665+0200] {logging_mixin.py:188} INFO - [2026-04-28T20:44:29.665+0200] {dag.py:3954} INFO - Setting next_dagrun for example_subdag_operator.section-2 to None, run_after=None
[2026-04-28T20:44:29.669+0200] {processor.py:183} INFO - Processing /Users/pablofrancoherrero/prueba_tecnica/venv/lib/python3.11/site-packages/airflow/example_dags/example_subdag_operator.py took 0.057 seconds
[2026-04-28T20:45:52.080+0200] {processor.py:161} INFO - Started process (PID=56974) to work on /Users/pablofrancoherrero/prueba_tecnica/venv/lib/python3.11/site-packages/airflow/example_dags/example_subdag_operator.py
[2026-04-28T20:45:52.081+0200] {processor.py:830} INFO - Processing file /Users/pablofrancoherrero/prueba_tecnica/venv/lib/python3.11/site-packages/airflow/example_dags/example_subdag_operator.py for tasks to queue
[2026-04-28T20:45:52.081+0200] {logging_mixin.py:188} INFO - [2026-04-28T20:45:52.081+0200] {dagbag.py:540} INFO - Filling up the DagBag from /Users/pablofrancoherrero/prueba_tecnica/venv/lib/python3.11/site-packages/airflow/example_dags/example_subdag_operator.py
[2026-04-28T20:45:52.108+0200] {processor.py:840} INFO - DAG(s) 'example_subdag_operator.section-1', 'example_subdag_operator.section-2', 'example_subdag_operator' retrieved from /Users/pablofrancoherrero/prueba_tecnica/venv/lib/python3.11/site-packages/airflow/example_dags/example_subdag_operator.py
[2026-04-28T20:45:52.117+0200] {logging_mixin.py:188} INFO - [2026-04-28T20:45:52.117+0200] {dag.py:3096} INFO - Sync 3 DAGs
[2026-04-28T20:45:52.122+0200] {logging_mixin.py:188} INFO - [2026-04-28T20:45:52.122+0200] {dag.py:3954} INFO - Setting next_dagrun for example_subdag_operator to 2022-01-01 00:00:00+00:00, run_after=2022-01-01 00:00:00+00:00
[2026-04-28T20:45:52.123+0200] {logging_mixin.py:188} INFO - [2026-04-28T20:45:52.123+0200] {dag.py:3954} INFO - Setting next_dagrun for example_subdag_operator.section-1 to None, run_after=None
[2026-04-28T20:45:52.124+0200] {logging_mixin.py:188} INFO - [2026-04-28T20:45:52.124+0200] {dag.py:3954} INFO - Setting next_dagrun for example_subdag_operator.section-2 to None, run_after=None
[2026-04-28T20:45:52.125+0200] {logging_mixin.py:188} INFO - [2026-04-28T20:45:52.125+0200] {dag.py:3096} INFO - Sync 2 DAGs
[2026-04-28T20:45:52.126+0200] {logging_mixin.py:188} INFO - [2026-04-28T20:45:52.126+0200] {dag.py:3954} INFO - Setting next_dagrun for example_subdag_operator.section-1 to None, run_after=None
[2026-04-28T20:45:52.126+0200] {logging_mixin.py:188} INFO - [2026-04-28T20:45:52.126+0200] {dag.py:3954} INFO - Setting next_dagrun for example_subdag_operator.section-2 to None, run_after=None
[2026-04-28T20:45:52.129+0200] {processor.py:183} INFO - Processing /Users/pablofrancoherrero/prueba_tecnica/venv/lib/python3.11/site-packages/airflow/example_dags/example_subdag_operator.py took 0.050 seconds
[2026-04-28T20:54:05.329+0200] {processor.py:161} INFO - Started process (PID=59006) to work on /Users/pablofrancoherrero/prueba_tecnica/venv/lib/python3.11/site-packages/airflow/example_dags/example_subdag_operator.py
[2026-04-28T20:54:05.330+0200] {processor.py:830} INFO - Processing file /Users/pablofrancoherrero/prueba_tecnica/venv/lib/python3.11/site-packages/airflow/example_dags/example_subdag_operator.py for tasks to queue
[2026-04-28T20:54:05.331+0200] {logging_mixin.py:188} INFO - [2026-04-28T20:54:05.331+0200] {dagbag.py:540} INFO - Filling up the DagBag from /Users/pablofrancoherrero/prueba_tecnica/venv/lib/python3.11/site-packages/airflow/example_dags/example_subdag_operator.py
[2026-04-28T20:54:05.358+0200] {processor.py:840} INFO - DAG(s) 'example_subdag_operator.section-1', 'example_subdag_operator.section-2', 'example_subdag_operator' retrieved from /Users/pablofrancoherrero/prueba_tecnica/venv/lib/python3.11/site-packages/airflow/example_dags/example_subdag_operator.py
[2026-04-28T20:54:05.391+0200] {logging_mixin.py:188} INFO - [2026-04-28T20:54:05.390+0200] {dag.py:3096} INFO - Sync 3 DAGs
[2026-04-28T20:54:05.395+0200] {logging_mixin.py:188} INFO - [2026-04-28T20:54:05.395+0200] {dag.py:3954} INFO - Setting next_dagrun for example_subdag_operator to 2022-01-01 00:00:00+00:00, run_after=2022-01-01 00:00:00+00:00
[2026-04-28T20:54:05.396+0200] {logging_mixin.py:188} INFO - [2026-04-28T20:54:05.396+0200] {dag.py:3954} INFO - Setting next_dagrun for example_subdag_operator.section-1 to None, run_after=None
[2026-04-28T20:54:05.396+0200] {logging_mixin.py:188} INFO - [2026-04-28T20:54:05.396+0200] {dag.py:3954} INFO - Setting next_dagrun for example_subdag_operator.section-2 to None, run_after=None
[2026-04-28T20:54:05.398+0200] {logging_mixin.py:188} INFO - [2026-04-28T20:54:05.398+0200] {dag.py:3096} INFO - Sync 2 DAGs
[2026-04-28T20:54:05.399+0200] {logging_mixin.py:188} INFO - [2026-04-28T20:54:05.399+0200] {dag.py:3954} INFO - Setting next_dagrun for example_subdag_operator.section-1 to None, run_after=None
[2026-04-28T20:54:05.399+0200] {logging_mixin.py:188} INFO - [2026-04-28T20:54:05.399+0200] {dag.py:3954} INFO - Setting next_dagrun for example_subdag_operator.section-2 to None, run_after=None
[2026-04-28T20:54:05.402+0200] {processor.py:183} INFO - Processing /Users/pablofrancoherrero/prueba_tecnica/venv/lib/python3.11/site-packages/airflow/example_dags/example_subdag_operator.py took 0.074 seconds
[2026-04-28T20:55:27.446+0200] {processor.py:161} INFO - Started process (PID=59089) to work on /Users/pablofrancoherrero/prueba_tecnica/venv/lib/python3.11/site-packages/airflow/example_dags/example_subdag_operator.py
[2026-04-28T20:55:27.447+0200] {processor.py:830} INFO - Processing file /Users/pablofrancoherrero/prueba_tecnica/venv/lib/python3.11/site-packages/airflow/example_dags/example_subdag_operator.py for tasks to queue
[2026-04-28T20:55:27.447+0200] {logging_mixin.py:188} INFO - [2026-04-28T20:55:27.447+0200] {dagbag.py:540} INFO - Filling up the DagBag from /Users/pablofrancoherrero/prueba_tecnica/venv/lib/python3.11/site-packages/airflow/example_dags/example_subdag_operator.py
[2026-04-28T20:55:27.475+0200] {processor.py:840} INFO - DAG(s) 'example_subdag_operator.section-1', 'example_subdag_operator.section-2', 'example_subdag_operator' retrieved from /Users/pablofrancoherrero/prueba_tecnica/venv/lib/python3.11/site-packages/airflow/example_dags/example_subdag_operator.py
[2026-04-28T20:55:27.484+0200] {logging_mixin.py:188} INFO - [2026-04-28T20:55:27.484+0200] {dag.py:3096} INFO - Sync 3 DAGs
[2026-04-28T20:55:27.489+0200] {logging_mixin.py:188} INFO - [2026-04-28T20:55:27.489+0200] {dag.py:3954} INFO - Setting next_dagrun for example_subdag_operator to 2022-01-01 00:00:00+00:00, run_after=2022-01-01 00:00:00+00:00
[2026-04-28T20:55:27.490+0200] {logging_mixin.py:188} INFO - [2026-04-28T20:55:27.490+0200] {dag.py:3954} INFO - Setting next_dagrun for example_subdag_operator.section-1 to None, run_after=None
[2026-04-28T20:55:27.490+0200] {logging_mixin.py:188} INFO - [2026-04-28T20:55:27.490+0200] {dag.py:3954} INFO - Setting next_dagrun for example_subdag_operator.section-2 to None, run_after=None
[2026-04-28T20:55:27.492+0200] {logging_mixin.py:188} INFO - [2026-04-28T20:55:27.492+0200] {dag.py:3096} INFO - Sync 2 DAGs
[2026-04-28T20:55:27.493+0200] {logging_mixin.py:188} INFO - [2026-04-28T20:55:27.493+0200] {dag.py:3954} INFO - Setting next_dagrun for example_subdag_operator.section-1 to None, run_after=None
[2026-04-28T20:55:27.493+0200] {logging_mixin.py:188} INFO - [2026-04-28T20:55:27.493+0200] {dag.py:3954} INFO - Setting next_dagrun for example_subdag_operator.section-2 to None, run_after=None
[2026-04-28T20:55:27.496+0200] {processor.py:183} INFO - Processing /Users/pablofrancoherrero/prueba_tecnica/venv/lib/python3.11/site-packages/airflow/example_dags/example_subdag_operator.py took 0.051 seconds
[2026-04-28T20:56:50.540+0200] {processor.py:161} INFO - Started process (PID=59193) to work on /Users/pablofrancoherrero/prueba_tecnica/venv/lib/python3.11/site-packages/airflow/example_dags/example_subdag_operator.py
[2026-04-28T20:56:50.541+0200] {processor.py:830} INFO - Processing file /Users/pablofrancoherrero/prueba_tecnica/venv/lib/python3.11/site-packages/airflow/example_dags/example_subdag_operator.py for tasks to queue
[2026-04-28T20:56:50.541+0200] {logging_mixin.py:188} INFO - [2026-04-28T20:56:50.541+0200] {dagbag.py:540} INFO - Filling up the DagBag from /Users/pablofrancoherrero/prueba_tecnica/venv/lib/python3.11/site-packages/airflow/example_dags/example_subdag_operator.py
[2026-04-28T20:56:50.572+0200] {processor.py:840} INFO - DAG(s) 'example_subdag_operator.section-1', 'example_subdag_operator.section-2', 'example_subdag_operator' retrieved from /Users/pablofrancoherrero/prueba_tecnica/venv/lib/python3.11/site-packages/airflow/example_dags/example_subdag_operator.py
[2026-04-28T20:56:50.582+0200] {logging_mixin.py:188} INFO - [2026-04-28T20:56:50.582+0200] {dag.py:3096} INFO - Sync 3 DAGs
[2026-04-28T20:56:50.587+0200] {logging_mixin.py:188} INFO - [2026-04-28T20:56:50.587+0200] {dag.py:3954} INFO - Setting next_dagrun for example_subdag_operator to 2022-01-01 00:00:00+00:00, run_after=2022-01-01 00:00:00+00:00
[2026-04-28T20:56:50.588+0200] {logging_mixin.py:188} INFO - [2026-04-28T20:56:50.588+0200] {dag.py:3954} INFO - Setting next_dagrun for example_subdag_operator.section-1 to None, run_after=None
[2026-04-28T20:56:50.589+0200] {logging_mixin.py:188} INFO - [2026-04-28T20:56:50.589+0200] {dag.py:3954} INFO - Setting next_dagrun for example_subdag_operator.section-2 to None, run_after=None
[2026-04-28T20:56:50.590+0200] {logging_mixin.py:188} INFO - [2026-04-28T20:56:50.590+0200] {dag.py:3096} INFO - Sync 2 DAGs
[2026-04-28T20:56:50.591+0200] {logging_mixin.py:188} INFO - [2026-04-28T20:56:50.591+0200] {dag.py:3954} INFO - Setting next_dagrun for example_subdag_operator.section-1 to None, run_after=None
[2026-04-28T20:56:50.591+0200] {logging_mixin.py:188} INFO - [2026-04-28T20:56:50.591+0200] {dag.py:3954} INFO - Setting next_dagrun for example_subdag_operator.section-2 to None, run_after=None
[2026-04-28T20:56:50.594+0200] {processor.py:183} INFO - Processing /Users/pablofrancoherrero/prueba_tecnica/venv/lib/python3.11/site-packages/airflow/example_dags/example_subdag_operator.py took 0.055 seconds
[2026-04-28T20:58:10.523+0200] {processor.py:161} INFO - Started process (PID=59317) to work on /Users/pablofrancoherrero/prueba_tecnica/venv/lib/python3.11/site-packages/airflow/example_dags/example_subdag_operator.py
[2026-04-28T20:58:10.524+0200] {processor.py:830} INFO - Processing file /Users/pablofrancoherrero/prueba_tecnica/venv/lib/python3.11/site-packages/airflow/example_dags/example_subdag_operator.py for tasks to queue
[2026-04-28T20:58:10.524+0200] {logging_mixin.py:188} INFO - [2026-04-28T20:58:10.524+0200] {dagbag.py:540} INFO - Filling up the DagBag from /Users/pablofrancoherrero/prueba_tecnica/venv/lib/python3.11/site-packages/airflow/example_dags/example_subdag_operator.py
[2026-04-28T20:58:10.550+0200] {processor.py:840} INFO - DAG(s) 'example_subdag_operator.section-1', 'example_subdag_operator.section-2', 'example_subdag_operator' retrieved from /Users/pablofrancoherrero/prueba_tecnica/venv/lib/python3.11/site-packages/airflow/example_dags/example_subdag_operator.py
[2026-04-28T20:58:10.559+0200] {logging_mixin.py:188} INFO - [2026-04-28T20:58:10.559+0200] {dag.py:3096} INFO - Sync 3 DAGs
[2026-04-28T20:58:10.564+0200] {logging_mixin.py:188} INFO - [2026-04-28T20:58:10.564+0200] {dag.py:3954} INFO - Setting next_dagrun for example_subdag_operator to 2022-01-01 00:00:00+00:00, run_after=2022-01-01 00:00:00+00:00
[2026-04-28T20:58:10.565+0200] {logging_mixin.py:188} INFO - [2026-04-28T20:58:10.565+0200] {dag.py:3954} INFO - Setting next_dagrun for example_subdag_operator.section-1 to None, run_after=None
[2026-04-28T20:58:10.565+0200] {logging_mixin.py:188} INFO - [2026-04-28T20:58:10.565+0200] {dag.py:3954} INFO - Setting next_dagrun for example_subdag_operator.section-2 to None, run_after=None
[2026-04-28T20:58:10.567+0200] {logging_mixin.py:188} INFO - [2026-04-28T20:58:10.567+0200] {dag.py:3096} INFO - Sync 2 DAGs
[2026-04-28T20:58:10.568+0200] {logging_mixin.py:188} INFO - [2026-04-28T20:58:10.568+0200] {dag.py:3954} INFO - Setting next_dagrun for example_subdag_operator.section-1 to None, run_after=None
[2026-04-28T20:58:10.568+0200] {logging_mixin.py:188} INFO - [2026-04-28T20:58:10.568+0200] {dag.py:3954} INFO - Setting next_dagrun for example_subdag_operator.section-2 to None, run_after=None
[2026-04-28T20:58:10.571+0200] {processor.py:183} INFO - Processing /Users/pablofrancoherrero/prueba_tecnica/venv/lib/python3.11/site-packages/airflow/example_dags/example_subdag_operator.py took 0.049 seconds
[2026-04-28T20:59:30.938+0200] {processor.py:161} INFO - Started process (PID=59428) to work on /Users/pablofrancoherrero/prueba_tecnica/venv/lib/python3.11/site-packages/airflow/example_dags/example_subdag_operator.py
[2026-04-28T20:59:30.939+0200] {processor.py:830} INFO - Processing file /Users/pablofrancoherrero/prueba_tecnica/venv/lib/python3.11/site-packages/airflow/example_dags/example_subdag_operator.py for tasks to queue
[2026-04-28T20:59:30.939+0200] {logging_mixin.py:188} INFO - [2026-04-28T20:59:30.939+0200] {dagbag.py:540} INFO - Filling up the DagBag from /Users/pablofrancoherrero/prueba_tecnica/venv/lib/python3.11/site-packages/airflow/example_dags/example_subdag_operator.py
[2026-04-28T20:59:30.966+0200] {processor.py:840} INFO - DAG(s) 'example_subdag_operator.section-1', 'example_subdag_operator.section-2', 'example_subdag_operator' retrieved from /Users/pablofrancoherrero/prueba_tecnica/venv/lib/python3.11/site-packages/airflow/example_dags/example_subdag_operator.py
[2026-04-28T20:59:30.975+0200] {logging_mixin.py:188} INFO - [2026-04-28T20:59:30.975+0200] {dag.py:3096} INFO - Sync 3 DAGs
[2026-04-28T20:59:30.980+0200] {logging_mixin.py:188} INFO - [2026-04-28T20:59:30.980+0200] {dag.py:3954} INFO - Setting next_dagrun for example_subdag_operator to 2022-01-01 00:00:00+00:00, run_after=2022-01-01 00:00:00+00:00
[2026-04-28T20:59:30.981+0200] {logging_mixin.py:188} INFO - [2026-04-28T20:59:30.981+0200] {dag.py:3954} INFO - Setting next_dagrun for example_subdag_operator.section-1 to None, run_after=None
[2026-04-28T20:59:30.981+0200] {logging_mixin.py:188} INFO - [2026-04-28T20:59:30.981+0200] {dag.py:3954} INFO - Setting next_dagrun for example_subdag_operator.section-2 to None, run_after=None
[2026-04-28T20:59:30.983+0200] {logging_mixin.py:188} INFO - [2026-04-28T20:59:30.983+0200] {dag.py:3096} INFO - Sync 2 DAGs
[2026-04-28T20:59:30.984+0200] {logging_mixin.py:188} INFO - [2026-04-28T20:59:30.983+0200] {dag.py:3954} INFO - Setting next_dagrun for example_subdag_operator.section-1 to None, run_after=None
[2026-04-28T20:59:30.984+0200] {logging_mixin.py:188} INFO - [2026-04-28T20:59:30.984+0200] {dag.py:3954} INFO - Setting next_dagrun for example_subdag_operator.section-2 to None, run_after=None
[2026-04-28T20:59:30.987+0200] {processor.py:183} INFO - Processing /Users/pablofrancoherrero/prueba_tecnica/venv/lib/python3.11/site-packages/airflow/example_dags/example_subdag_operator.py took 0.050 seconds
[2026-04-28T21:00:54.347+0200] {processor.py:161} INFO - Started process (PID=59512) to work on /Users/pablofrancoherrero/prueba_tecnica/venv/lib/python3.11/site-packages/airflow/example_dags/example_subdag_operator.py
[2026-04-28T21:00:54.348+0200] {processor.py:830} INFO - Processing file /Users/pablofrancoherrero/prueba_tecnica/venv/lib/python3.11/site-packages/airflow/example_dags/example_subdag_operator.py for tasks to queue
[2026-04-28T21:00:54.349+0200] {logging_mixin.py:188} INFO - [2026-04-28T21:00:54.349+0200] {dagbag.py:540} INFO - Filling up the DagBag from /Users/pablofrancoherrero/prueba_tecnica/venv/lib/python3.11/site-packages/airflow/example_dags/example_subdag_operator.py
[2026-04-28T21:00:54.375+0200] {processor.py:840} INFO - DAG(s) 'example_subdag_operator.section-1', 'example_subdag_operator.section-2', 'example_subdag_operator' retrieved from /Users/pablofrancoherrero/prueba_tecnica/venv/lib/python3.11/site-packages/airflow/example_dags/example_subdag_operator.py
[2026-04-28T21:00:54.384+0200] {logging_mixin.py:188} INFO - [2026-04-28T21:00:54.384+0200] {dag.py:3096} INFO - Sync 3 DAGs
[2026-04-28T21:00:54.389+0200] {logging_mixin.py:188} INFO - [2026-04-28T21:00:54.389+0200] {dag.py:3954} INFO - Setting next_dagrun for example_subdag_operator to 2022-01-01 00:00:00+00:00, run_after=2022-01-01 00:00:00+00:00
[2026-04-28T21:00:54.390+0200] {logging_mixin.py:188} INFO - [2026-04-28T21:00:54.390+0200] {dag.py:3954} INFO - Setting next_dagrun for example_subdag_operator.section-1 to None, run_after=None
[2026-04-28T21:00:54.390+0200] {logging_mixin.py:188} INFO - [2026-04-28T21:00:54.390+0200] {dag.py:3954} INFO - Setting next_dagrun for example_subdag_operator.section-2 to None, run_after=None
[2026-04-28T21:00:54.392+0200] {logging_mixin.py:188} INFO - [2026-04-28T21:00:54.392+0200] {dag.py:3096} INFO - Sync 2 DAGs
[2026-04-28T21:00:54.393+0200] {logging_mixin.py:188} INFO - [2026-04-28T21:00:54.393+0200] {dag.py:3954} INFO - Setting next_dagrun for example_subdag_operator.section-1 to None, run_after=None
[2026-04-28T21:00:54.393+0200] {logging_mixin.py:188} INFO - [2026-04-28T21:00:54.393+0200] {dag.py:3954} INFO - Setting next_dagrun for example_subdag_operator.section-2 to None, run_after=None
[2026-04-28T21:00:54.396+0200] {processor.py:183} INFO - Processing /Users/pablofrancoherrero/prueba_tecnica/venv/lib/python3.11/site-packages/airflow/example_dags/example_subdag_operator.py took 0.049 seconds
[2026-04-28T21:02:16.440+0200] {processor.py:161} INFO - Started process (PID=59622) to work on /Users/pablofrancoherrero/prueba_tecnica/venv/lib/python3.11/site-packages/airflow/example_dags/example_subdag_operator.py
[2026-04-28T21:02:16.441+0200] {processor.py:830} INFO - Processing file /Users/pablofrancoherrero/prueba_tecnica/venv/lib/python3.11/site-packages/airflow/example_dags/example_subdag_operator.py for tasks to queue
[2026-04-28T21:02:16.441+0200] {logging_mixin.py:188} INFO - [2026-04-28T21:02:16.441+0200] {dagbag.py:540} INFO - Filling up the DagBag from /Users/pablofrancoherrero/prueba_tecnica/venv/lib/python3.11/site-packages/airflow/example_dags/example_subdag_operator.py
[2026-04-28T21:02:16.467+0200] {processor.py:840} INFO - DAG(s) 'example_subdag_operator.section-1', 'example_subdag_operator.section-2', 'example_subdag_operator' retrieved from /Users/pablofrancoherrero/prueba_tecnica/venv/lib/python3.11/site-packages/airflow/example_dags/example_subdag_operator.py
[2026-04-28T21:02:16.476+0200] {logging_mixin.py:188} INFO - [2026-04-28T21:02:16.476+0200] {dag.py:3096} INFO - Sync 3 DAGs
[2026-04-28T21:02:16.481+0200] {logging_mixin.py:188} INFO - [2026-04-28T21:02:16.480+0200] {dag.py:3954} INFO - Setting next_dagrun for example_subdag_operator to 2022-01-01 00:00:00+00:00, run_after=2022-01-01 00:00:00+00:00
[2026-04-28T21:02:16.481+0200] {logging_mixin.py:188} INFO - [2026-04-28T21:02:16.481+0200] {dag.py:3954} INFO - Setting next_dagrun for example_subdag_operator.section-1 to None, run_after=None
[2026-04-28T21:02:16.482+0200] {logging_mixin.py:188} INFO - [2026-04-28T21:02:16.482+0200] {dag.py:3954} INFO - Setting next_dagrun for example_subdag_operator.section-2 to None, run_after=None
[2026-04-28T21:02:16.483+0200] {logging_mixin.py:188} INFO - [2026-04-28T21:02:16.483+0200] {dag.py:3096} INFO - Sync 2 DAGs
[2026-04-28T21:02:16.484+0200] {logging_mixin.py:188} INFO - [2026-04-28T21:02:16.484+0200] {dag.py:3954} INFO - Setting next_dagrun for example_subdag_operator.section-1 to None, run_after=None
[2026-04-28T21:02:16.484+0200] {logging_mixin.py:188} INFO - [2026-04-28T21:02:16.484+0200] {dag.py:3954} INFO - Setting next_dagrun for example_subdag_operator.section-2 to None, run_after=None
[2026-04-28T21:02:16.487+0200] {processor.py:183} INFO - Processing /Users/pablofrancoherrero/prueba_tecnica/venv/lib/python3.11/site-packages/airflow/example_dags/example_subdag_operator.py took 0.048 seconds
[2026-04-28T21:03:37.023+0200] {processor.py:161} INFO - Started process (PID=59719) to work on /Users/pablofrancoherrero/prueba_tecnica/venv/lib/python3.11/site-packages/airflow/example_dags/example_subdag_operator.py
[2026-04-28T21:03:37.023+0200] {processor.py:830} INFO - Processing file /Users/pablofrancoherrero/prueba_tecnica/venv/lib/python3.11/site-packages/airflow/example_dags/example_subdag_operator.py for tasks to queue
[2026-04-28T21:03:37.024+0200] {logging_mixin.py:188} INFO - [2026-04-28T21:03:37.024+0200] {dagbag.py:540} INFO - Filling up the DagBag from /Users/pablofrancoherrero/prueba_tecnica/venv/lib/python3.11/site-packages/airflow/example_dags/example_subdag_operator.py
[2026-04-28T21:03:37.050+0200] {processor.py:840} INFO - DAG(s) 'example_subdag_operator.section-1', 'example_subdag_operator.section-2', 'example_subdag_operator' retrieved from /Users/pablofrancoherrero/prueba_tecnica/venv/lib/python3.11/site-packages/airflow/example_dags/example_subdag_operator.py
[2026-04-28T21:03:37.059+0200] {logging_mixin.py:188} INFO - [2026-04-28T21:03:37.059+0200] {dag.py:3096} INFO - Sync 3 DAGs
[2026-04-28T21:03:37.064+0200] {logging_mixin.py:188} INFO - [2026-04-28T21:03:37.064+0200] {dag.py:3954} INFO - Setting next_dagrun for example_subdag_operator to 2022-01-01 00:00:00+00:00, run_after=2022-01-01 00:00:00+00:00
[2026-04-28T21:03:37.065+0200] {logging_mixin.py:188} INFO - [2026-04-28T21:03:37.065+0200] {dag.py:3954} INFO - Setting next_dagrun for example_subdag_operator.section-1 to None, run_after=None
[2026-04-28T21:03:37.065+0200] {logging_mixin.py:188} INFO - [2026-04-28T21:03:37.065+0200] {dag.py:3954} INFO - Setting next_dagrun for example_subdag_operator.section-2 to None, run_after=None
[2026-04-28T21:03:37.067+0200] {logging_mixin.py:188} INFO - [2026-04-28T21:03:37.067+0200] {dag.py:3096} INFO - Sync 2 DAGs
[2026-04-28T21:03:37.068+0200] {logging_mixin.py:188} INFO - [2026-04-28T21:03:37.068+0200] {dag.py:3954} INFO - Setting next_dagrun for example_subdag_operator.section-1 to None, run_after=None
[2026-04-28T21:03:37.068+0200] {logging_mixin.py:188} INFO - [2026-04-28T21:03:37.068+0200] {dag.py:3954} INFO - Setting next_dagrun for example_subdag_operator.section-2 to None, run_after=None
[2026-04-28T21:03:37.071+0200] {processor.py:183} INFO - Processing /Users/pablofrancoherrero/prueba_tecnica/venv/lib/python3.11/site-packages/airflow/example_dags/example_subdag_operator.py took 0.049 seconds
[2026-04-28T21:04:59.876+0200] {processor.py:161} INFO - Started process (PID=59813) to work on /Users/pablofrancoherrero/prueba_tecnica/venv/lib/python3.11/site-packages/airflow/example_dags/example_subdag_operator.py
[2026-04-28T21:04:59.877+0200] {processor.py:830} INFO - Processing file /Users/pablofrancoherrero/prueba_tecnica/venv/lib/python3.11/site-packages/airflow/example_dags/example_subdag_operator.py for tasks to queue
[2026-04-28T21:04:59.877+0200] {logging_mixin.py:188} INFO - [2026-04-28T21:04:59.877+0200] {dagbag.py:540} INFO - Filling up the DagBag from /Users/pablofrancoherrero/prueba_tecnica/venv/lib/python3.11/site-packages/airflow/example_dags/example_subdag_operator.py
[2026-04-28T21:04:59.903+0200] {processor.py:840} INFO - DAG(s) 'example_subdag_operator.section-1', 'example_subdag_operator.section-2', 'example_subdag_operator' retrieved from /Users/pablofrancoherrero/prueba_tecnica/venv/lib/python3.11/site-packages/airflow/example_dags/example_subdag_operator.py
[2026-04-28T21:04:59.913+0200] {logging_mixin.py:188} INFO - [2026-04-28T21:04:59.912+0200] {dag.py:3096} INFO - Sync 3 DAGs
[2026-04-28T21:04:59.918+0200] {logging_mixin.py:188} INFO - [2026-04-28T21:04:59.918+0200] {dag.py:3954} INFO - Setting next_dagrun for example_subdag_operator to 2022-01-01 00:00:00+00:00, run_after=2022-01-01 00:00:00+00:00
[2026-04-28T21:04:59.918+0200] {logging_mixin.py:188} INFO - [2026-04-28T21:04:59.918+0200] {dag.py:3954} INFO - Setting next_dagrun for example_subdag_operator.section-1 to None, run_after=None
[2026-04-28T21:04:59.919+0200] {logging_mixin.py:188} INFO - [2026-04-28T21:04:59.919+0200] {dag.py:3954} INFO - Setting next_dagrun for example_subdag_operator.section-2 to None, run_after=None
[2026-04-28T21:04:59.921+0200] {logging_mixin.py:188} INFO - [2026-04-28T21:04:59.921+0200] {dag.py:3096} INFO - Sync 2 DAGs
[2026-04-28T21:04:59.922+0200] {logging_mixin.py:188} INFO - [2026-04-28T21:04:59.922+0200] {dag.py:3954} INFO - Setting next_dagrun for example_subdag_operator.section-1 to None, run_after=None
[2026-04-28T21:04:59.922+0200] {logging_mixin.py:188} INFO - [2026-04-28T21:04:59.922+0200] {dag.py:3954} INFO - Setting next_dagrun for example_subdag_operator.section-2 to None, run_after=None
[2026-04-28T21:04:59.925+0200] {processor.py:183} INFO - Processing /Users/pablofrancoherrero/prueba_tecnica/venv/lib/python3.11/site-packages/airflow/example_dags/example_subdag_operator.py took 0.050 seconds
[2026-04-28T21:06:21.983+0200] {processor.py:161} INFO - Started process (PID=59924) to work on /Users/pablofrancoherrero/prueba_tecnica/venv/lib/python3.11/site-packages/airflow/example_dags/example_subdag_operator.py
[2026-04-28T21:06:21.983+0200] {processor.py:830} INFO - Processing file /Users/pablofrancoherrero/prueba_tecnica/venv/lib/python3.11/site-packages/airflow/example_dags/example_subdag_operator.py for tasks to queue
[2026-04-28T21:06:21.984+0200] {logging_mixin.py:188} INFO - [2026-04-28T21:06:21.984+0200] {dagbag.py:540} INFO - Filling up the DagBag from /Users/pablofrancoherrero/prueba_tecnica/venv/lib/python3.11/site-packages/airflow/example_dags/example_subdag_operator.py
[2026-04-28T21:06:22.011+0200] {processor.py:840} INFO - DAG(s) 'example_subdag_operator.section-1', 'example_subdag_operator.section-2', 'example_subdag_operator' retrieved from /Users/pablofrancoherrero/prueba_tecnica/venv/lib/python3.11/site-packages/airflow/example_dags/example_subdag_operator.py
[2026-04-28T21:06:22.020+0200] {logging_mixin.py:188} INFO - [2026-04-28T21:06:22.020+0200] {dag.py:3096} INFO - Sync 3 DAGs
[2026-04-28T21:06:22.025+0200] {logging_mixin.py:188} INFO - [2026-04-28T21:06:22.025+0200] {dag.py:3954} INFO - Setting next_dagrun for example_subdag_operator to 2022-01-01 00:00:00+00:00, run_after=2022-01-01 00:00:00+00:00
[2026-04-28T21:06:22.026+0200] {logging_mixin.py:188} INFO - [2026-04-28T21:06:22.026+0200] {dag.py:3954} INFO - Setting next_dagrun for example_subdag_operator.section-1 to None, run_after=None
[2026-04-28T21:06:22.026+0200] {logging_mixin.py:188} INFO - [2026-04-28T21:06:22.026+0200] {dag.py:3954} INFO - Setting next_dagrun for example_subdag_operator.section-2 to None, run_after=None
[2026-04-28T21:06:22.028+0200] {logging_mixin.py:188} INFO - [2026-04-28T21:06:22.028+0200] {dag.py:3096} INFO - Sync 2 DAGs
[2026-04-28T21:06:22.029+0200] {logging_mixin.py:188} INFO - [2026-04-28T21:06:22.029+0200] {dag.py:3954} INFO - Setting next_dagrun for example_subdag_operator.section-1 to None, run_after=None
[2026-04-28T21:06:22.029+0200] {logging_mixin.py:188} INFO - [2026-04-28T21:06:22.029+0200] {dag.py:3954} INFO - Setting next_dagrun for example_subdag_operator.section-2 to None, run_after=None
[2026-04-28T21:06:22.032+0200] {processor.py:183} INFO - Processing /Users/pablofrancoherrero/prueba_tecnica/venv/lib/python3.11/site-packages/airflow/example_dags/example_subdag_operator.py took 0.050 seconds
[2026-04-28T21:07:39.792+0200] {processor.py:161} INFO - Started process (PID=60025) to work on /Users/pablofrancoherrero/prueba_tecnica/venv/lib/python3.11/site-packages/airflow/example_dags/example_subdag_operator.py
[2026-04-28T21:07:39.793+0200] {processor.py:830} INFO - Processing file /Users/pablofrancoherrero/prueba_tecnica/venv/lib/python3.11/site-packages/airflow/example_dags/example_subdag_operator.py for tasks to queue
[2026-04-28T21:07:39.793+0200] {logging_mixin.py:188} INFO - [2026-04-28T21:07:39.793+0200] {dagbag.py:540} INFO - Filling up the DagBag from /Users/pablofrancoherrero/prueba_tecnica/venv/lib/python3.11/site-packages/airflow/example_dags/example_subdag_operator.py
[2026-04-28T21:07:39.819+0200] {processor.py:840} INFO - DAG(s) 'example_subdag_operator.section-1', 'example_subdag_operator.section-2', 'example_subdag_operator' retrieved from /Users/pablofrancoherrero/prueba_tecnica/venv/lib/python3.11/site-packages/airflow/example_dags/example_subdag_operator.py
[2026-04-28T21:07:39.828+0200] {logging_mixin.py:188} INFO - [2026-04-28T21:07:39.828+0200] {dag.py:3096} INFO - Sync 3 DAGs
[2026-04-28T21:07:39.832+0200] {logging_mixin.py:188} INFO - [2026-04-28T21:07:39.832+0200] {dag.py:3954} INFO - Setting next_dagrun for example_subdag_operator to 2022-01-01 00:00:00+00:00, run_after=2022-01-01 00:00:00+00:00
[2026-04-28T21:07:39.833+0200] {logging_mixin.py:188} INFO - [2026-04-28T21:07:39.833+0200] {dag.py:3954} INFO - Setting next_dagrun for example_subdag_operator.section-1 to None, run_after=None
[2026-04-28T21:07:39.833+0200] {logging_mixin.py:188} INFO - [2026-04-28T21:07:39.833+0200] {dag.py:3954} INFO - Setting next_dagrun for example_subdag_operator.section-2 to None, run_after=None
[2026-04-28T21:07:39.835+0200] {logging_mixin.py:188} INFO - [2026-04-28T21:07:39.835+0200] {dag.py:3096} INFO - Sync 2 DAGs
[2026-04-28T21:07:39.836+0200] {logging_mixin.py:188} INFO - [2026-04-28T21:07:39.836+0200] {dag.py:3954} INFO - Setting next_dagrun for example_subdag_operator.section-1 to None, run_after=None
[2026-04-28T21:07:39.836+0200] {logging_mixin.py:188} INFO - [2026-04-28T21:07:39.836+0200] {dag.py:3954} INFO - Setting next_dagrun for example_subdag_operator.section-2 to None, run_after=None
[2026-04-28T21:07:39.839+0200] {processor.py:183} INFO - Processing /Users/pablofrancoherrero/prueba_tecnica/venv/lib/python3.11/site-packages/airflow/example_dags/example_subdag_operator.py took 0.048 seconds
[2026-04-28T21:09:05.941+0200] {processor.py:161} INFO - Started process (PID=60141) to work on /Users/pablofrancoherrero/prueba_tecnica/venv/lib/python3.11/site-packages/airflow/example_dags/example_subdag_operator.py
[2026-04-28T21:09:05.942+0200] {processor.py:830} INFO - Processing file /Users/pablofrancoherrero/prueba_tecnica/venv/lib/python3.11/site-packages/airflow/example_dags/example_subdag_operator.py for tasks to queue
[2026-04-28T21:09:05.942+0200] {logging_mixin.py:188} INFO - [2026-04-28T21:09:05.942+0200] {dagbag.py:540} INFO - Filling up the DagBag from /Users/pablofrancoherrero/prueba_tecnica/venv/lib/python3.11/site-packages/airflow/example_dags/example_subdag_operator.py
[2026-04-28T21:09:05.970+0200] {processor.py:840} INFO - DAG(s) 'example_subdag_operator.section-1', 'example_subdag_operator.section-2', 'example_subdag_operator' retrieved from /Users/pablofrancoherrero/prueba_tecnica/venv/lib/python3.11/site-packages/airflow/example_dags/example_subdag_operator.py
[2026-04-28T21:09:05.979+0200] {logging_mixin.py:188} INFO - [2026-04-28T21:09:05.979+0200] {dag.py:3096} INFO - Sync 3 DAGs
[2026-04-28T21:09:05.984+0200] {logging_mixin.py:188} INFO - [2026-04-28T21:09:05.984+0200] {dag.py:3954} INFO - Setting next_dagrun for example_subdag_operator to 2022-01-01 00:00:00+00:00, run_after=2022-01-01 00:00:00+00:00
[2026-04-28T21:09:05.985+0200] {logging_mixin.py:188} INFO - [2026-04-28T21:09:05.985+0200] {dag.py:3954} INFO - Setting next_dagrun for example_subdag_operator.section-1 to None, run_after=None
[2026-04-28T21:09:05.985+0200] {logging_mixin.py:188} INFO - [2026-04-28T21:09:05.985+0200] {dag.py:3954} INFO - Setting next_dagrun for example_subdag_operator.section-2 to None, run_after=None
[2026-04-28T21:09:05.987+0200] {logging_mixin.py:188} INFO - [2026-04-28T21:09:05.987+0200] {dag.py:3096} INFO - Sync 2 DAGs
[2026-04-28T21:09:05.988+0200] {logging_mixin.py:188} INFO - [2026-04-28T21:09:05.988+0200] {dag.py:3954} INFO - Setting next_dagrun for example_subdag_operator.section-1 to None, run_after=None
[2026-04-28T21:09:05.988+0200] {logging_mixin.py:188} INFO - [2026-04-28T21:09:05.988+0200] {dag.py:3954} INFO - Setting next_dagrun for example_subdag_operator.section-2 to None, run_after=None
[2026-04-28T21:09:05.990+0200] {processor.py:183} INFO - Processing /Users/pablofrancoherrero/prueba_tecnica/venv/lib/python3.11/site-packages/airflow/example_dags/example_subdag_operator.py took 0.050 seconds
[2026-04-28T21:10:30.970+0200] {processor.py:161} INFO - Started process (PID=60310) to work on /Users/pablofrancoherrero/prueba_tecnica/venv/lib/python3.11/site-packages/airflow/example_dags/example_subdag_operator.py
[2026-04-28T21:10:30.970+0200] {processor.py:830} INFO - Processing file /Users/pablofrancoherrero/prueba_tecnica/venv/lib/python3.11/site-packages/airflow/example_dags/example_subdag_operator.py for tasks to queue
[2026-04-28T21:10:30.971+0200] {logging_mixin.py:188} INFO - [2026-04-28T21:10:30.971+0200] {dagbag.py:540} INFO - Filling up the DagBag from /Users/pablofrancoherrero/prueba_tecnica/venv/lib/python3.11/site-packages/airflow/example_dags/example_subdag_operator.py
[2026-04-28T21:10:30.997+0200] {processor.py:840} INFO - DAG(s) 'example_subdag_operator.section-1', 'example_subdag_operator.section-2', 'example_subdag_operator' retrieved from /Users/pablofrancoherrero/prueba_tecnica/venv/lib/python3.11/site-packages/airflow/example_dags/example_subdag_operator.py
[2026-04-28T21:10:31.007+0200] {logging_mixin.py:188} INFO - [2026-04-28T21:10:31.006+0200] {dag.py:3096} INFO - Sync 3 DAGs
[2026-04-28T21:10:31.012+0200] {logging_mixin.py:188} INFO - [2026-04-28T21:10:31.012+0200] {dag.py:3954} INFO - Setting next_dagrun for example_subdag_operator to 2022-01-01 00:00:00+00:00, run_after=2022-01-01 00:00:00+00:00
[2026-04-28T21:10:31.012+0200] {logging_mixin.py:188} INFO - [2026-04-28T21:10:31.012+0200] {dag.py:3954} INFO - Setting next_dagrun for example_subdag_operator.section-1 to None, run_after=None
[2026-04-28T21:10:31.013+0200] {logging_mixin.py:188} INFO - [2026-04-28T21:10:31.013+0200] {dag.py:3954} INFO - Setting next_dagrun for example_subdag_operator.section-2 to None, run_after=None
[2026-04-28T21:10:31.014+0200] {logging_mixin.py:188} INFO - [2026-04-28T21:10:31.014+0200] {dag.py:3096} INFO - Sync 2 DAGs
[2026-04-28T21:10:31.015+0200] {logging_mixin.py:188} INFO - [2026-04-28T21:10:31.015+0200] {dag.py:3954} INFO - Setting next_dagrun for example_subdag_operator.section-1 to None, run_after=None
[2026-04-28T21:10:31.015+0200] {logging_mixin.py:188} INFO - [2026-04-28T21:10:31.015+0200] {dag.py:3954} INFO - Setting next_dagrun for example_subdag_operator.section-2 to None, run_after=None
[2026-04-28T21:10:31.018+0200] {processor.py:183} INFO - Processing /Users/pablofrancoherrero/prueba_tecnica/venv/lib/python3.11/site-packages/airflow/example_dags/example_subdag_operator.py took 0.049 seconds
[2026-04-28T21:13:36.343+0200] {processor.py:161} INFO - Started process (PID=60419) to work on /Users/pablofrancoherrero/prueba_tecnica/venv/lib/python3.11/site-packages/airflow/example_dags/example_subdag_operator.py
[2026-04-28T21:13:36.343+0200] {processor.py:830} INFO - Processing file /Users/pablofrancoherrero/prueba_tecnica/venv/lib/python3.11/site-packages/airflow/example_dags/example_subdag_operator.py for tasks to queue
[2026-04-28T21:13:36.344+0200] {logging_mixin.py:188} INFO - [2026-04-28T21:13:36.344+0200] {dagbag.py:540} INFO - Filling up the DagBag from /Users/pablofrancoherrero/prueba_tecnica/venv/lib/python3.11/site-packages/airflow/example_dags/example_subdag_operator.py
[2026-04-28T21:13:36.370+0200] {processor.py:840} INFO - DAG(s) 'example_subdag_operator.section-1', 'example_subdag_operator.section-2', 'example_subdag_operator' retrieved from /Users/pablofrancoherrero/prueba_tecnica/venv/lib/python3.11/site-packages/airflow/example_dags/example_subdag_operator.py
[2026-04-28T21:13:36.379+0200] {logging_mixin.py:188} INFO - [2026-04-28T21:13:36.379+0200] {dag.py:3096} INFO - Sync 3 DAGs
[2026-04-28T21:13:36.387+0200] {logging_mixin.py:188} INFO - [2026-04-28T21:13:36.387+0200] {dag.py:3954} INFO - Setting next_dagrun for example_subdag_operator to 2022-01-01 00:00:00+00:00, run_after=2022-01-01 00:00:00+00:00
[2026-04-28T21:13:36.390+0200] {logging_mixin.py:188} INFO - [2026-04-28T21:13:36.390+0200] {dag.py:3954} INFO - Setting next_dagrun for example_subdag_operator.section-1 to None, run_after=None
[2026-04-28T21:13:36.395+0200] {logging_mixin.py:188} INFO - [2026-04-28T21:13:36.395+0200] {dag.py:3954} INFO - Setting next_dagrun for example_subdag_operator.section-2 to None, run_after=None
[2026-04-28T21:13:36.396+0200] {logging_mixin.py:188} INFO - [2026-04-28T21:13:36.396+0200] {dag.py:3096} INFO - Sync 2 DAGs
[2026-04-28T21:13:36.397+0200] {logging_mixin.py:188} INFO - [2026-04-28T21:13:36.397+0200] {dag.py:3954} INFO - Setting next_dagrun for example_subdag_operator.section-1 to None, run_after=None
[2026-04-28T21:13:36.397+0200] {logging_mixin.py:188} INFO - [2026-04-28T21:13:36.397+0200] {dag.py:3954} INFO - Setting next_dagrun for example_subdag_operator.section-2 to None, run_after=None
[2026-04-28T21:13:36.400+0200] {processor.py:183} INFO - Processing /Users/pablofrancoherrero/prueba_tecnica/venv/lib/python3.11/site-packages/airflow/example_dags/example_subdag_operator.py took 0.058 seconds
[2026-04-28T21:19:07.371+0200] {processor.py:161} INFO - Started process (PID=60526) to work on /Users/pablofrancoherrero/prueba_tecnica/venv/lib/python3.11/site-packages/airflow/example_dags/example_subdag_operator.py
[2026-04-28T21:19:07.372+0200] {processor.py:830} INFO - Processing file /Users/pablofrancoherrero/prueba_tecnica/venv/lib/python3.11/site-packages/airflow/example_dags/example_subdag_operator.py for tasks to queue
[2026-04-28T21:19:07.372+0200] {logging_mixin.py:188} INFO - [2026-04-28T21:19:07.372+0200] {dagbag.py:540} INFO - Filling up the DagBag from /Users/pablofrancoherrero/prueba_tecnica/venv/lib/python3.11/site-packages/airflow/example_dags/example_subdag_operator.py
[2026-04-28T21:19:07.397+0200] {processor.py:840} INFO - DAG(s) 'example_subdag_operator.section-1', 'example_subdag_operator.section-2', 'example_subdag_operator' retrieved from /Users/pablofrancoherrero/prueba_tecnica/venv/lib/python3.11/site-packages/airflow/example_dags/example_subdag_operator.py
[2026-04-28T21:19:07.407+0200] {logging_mixin.py:188} INFO - [2026-04-28T21:19:07.407+0200] {dag.py:3096} INFO - Sync 3 DAGs
[2026-04-28T21:19:07.412+0200] {logging_mixin.py:188} INFO - [2026-04-28T21:19:07.412+0200] {dag.py:3954} INFO - Setting next_dagrun for example_subdag_operator to 2022-01-01 00:00:00+00:00, run_after=2022-01-01 00:00:00+00:00
[2026-04-28T21:19:07.413+0200] {logging_mixin.py:188} INFO - [2026-04-28T21:19:07.413+0200] {dag.py:3954} INFO - Setting next_dagrun for example_subdag_operator.section-1 to None, run_after=None
[2026-04-28T21:19:07.413+0200] {logging_mixin.py:188} INFO - [2026-04-28T21:19:07.413+0200] {dag.py:3954} INFO - Setting next_dagrun for example_subdag_operator.section-2 to None, run_after=None
[2026-04-28T21:19:07.414+0200] {logging_mixin.py:188} INFO - [2026-04-28T21:19:07.414+0200] {dag.py:3096} INFO - Sync 2 DAGs
[2026-04-28T21:19:07.415+0200] {logging_mixin.py:188} INFO - [2026-04-28T21:19:07.415+0200] {dag.py:3954} INFO - Setting next_dagrun for example_subdag_operator.section-1 to None, run_after=None
[2026-04-28T21:19:07.415+0200] {logging_mixin.py:188} INFO - [2026-04-28T21:19:07.415+0200] {dag.py:3954} INFO - Setting next_dagrun for example_subdag_operator.section-2 to None, run_after=None
[2026-04-28T21:19:07.418+0200] {processor.py:183} INFO - Processing /Users/pablofrancoherrero/prueba_tecnica/venv/lib/python3.11/site-packages/airflow/example_dags/example_subdag_operator.py took 0.048 seconds
[2026-04-28T21:21:09.795+0200] {processor.py:161} INFO - Started process (PID=60685) to work on /Users/pablofrancoherrero/prueba_tecnica/venv/lib/python3.11/site-packages/airflow/example_dags/example_subdag_operator.py
[2026-04-28T21:21:09.795+0200] {processor.py:830} INFO - Processing file /Users/pablofrancoherrero/prueba_tecnica/venv/lib/python3.11/site-packages/airflow/example_dags/example_subdag_operator.py for tasks to queue
[2026-04-28T21:21:09.796+0200] {logging_mixin.py:188} INFO - [2026-04-28T21:21:09.796+0200] {dagbag.py:540} INFO - Filling up the DagBag from /Users/pablofrancoherrero/prueba_tecnica/venv/lib/python3.11/site-packages/airflow/example_dags/example_subdag_operator.py
[2026-04-28T21:21:09.826+0200] {processor.py:840} INFO - DAG(s) 'example_subdag_operator.section-1', 'example_subdag_operator.section-2', 'example_subdag_operator' retrieved from /Users/pablofrancoherrero/prueba_tecnica/venv/lib/python3.11/site-packages/airflow/example_dags/example_subdag_operator.py
[2026-04-28T21:21:09.835+0200] {logging_mixin.py:188} INFO - [2026-04-28T21:21:09.835+0200] {dag.py:3096} INFO - Sync 3 DAGs
[2026-04-28T21:21:09.841+0200] {logging_mixin.py:188} INFO - [2026-04-28T21:21:09.840+0200] {dag.py:3954} INFO - Setting next_dagrun for example_subdag_operator to 2022-01-01 00:00:00+00:00, run_after=2022-01-01 00:00:00+00:00
[2026-04-28T21:21:09.841+0200] {logging_mixin.py:188} INFO - [2026-04-28T21:21:09.841+0200] {dag.py:3954} INFO - Setting next_dagrun for example_subdag_operator.section-1 to None, run_after=None
[2026-04-28T21:21:09.842+0200] {logging_mixin.py:188} INFO - [2026-04-28T21:21:09.841+0200] {dag.py:3954} INFO - Setting next_dagrun for example_subdag_operator.section-2 to None, run_after=None
[2026-04-28T21:21:09.843+0200] {logging_mixin.py:188} INFO - [2026-04-28T21:21:09.843+0200] {dag.py:3096} INFO - Sync 2 DAGs
[2026-04-28T21:21:09.844+0200] {logging_mixin.py:188} INFO - [2026-04-28T21:21:09.844+0200] {dag.py:3954} INFO - Setting next_dagrun for example_subdag_operator.section-1 to None, run_after=None
[2026-04-28T21:21:09.844+0200] {logging_mixin.py:188} INFO - [2026-04-28T21:21:09.844+0200] {dag.py:3954} INFO - Setting next_dagrun for example_subdag_operator.section-2 to None, run_after=None
[2026-04-28T21:21:09.848+0200] {processor.py:183} INFO - Processing /Users/pablofrancoherrero/prueba_tecnica/venv/lib/python3.11/site-packages/airflow/example_dags/example_subdag_operator.py took 0.056 seconds
[2026-04-28T21:22:55.625+0200] {processor.py:161} INFO - Started process (PID=60810) to work on /Users/pablofrancoherrero/prueba_tecnica/venv/lib/python3.11/site-packages/airflow/example_dags/example_subdag_operator.py
[2026-04-28T21:22:55.625+0200] {processor.py:830} INFO - Processing file /Users/pablofrancoherrero/prueba_tecnica/venv/lib/python3.11/site-packages/airflow/example_dags/example_subdag_operator.py for tasks to queue
[2026-04-28T21:22:55.626+0200] {logging_mixin.py:188} INFO - [2026-04-28T21:22:55.625+0200] {dagbag.py:540} INFO - Filling up the DagBag from /Users/pablofrancoherrero/prueba_tecnica/venv/lib/python3.11/site-packages/airflow/example_dags/example_subdag_operator.py
[2026-04-28T21:22:55.652+0200] {processor.py:840} INFO - DAG(s) 'example_subdag_operator.section-1', 'example_subdag_operator.section-2', 'example_subdag_operator' retrieved from /Users/pablofrancoherrero/prueba_tecnica/venv/lib/python3.11/site-packages/airflow/example_dags/example_subdag_operator.py
[2026-04-28T21:22:55.661+0200] {logging_mixin.py:188} INFO - [2026-04-28T21:22:55.661+0200] {dag.py:3096} INFO - Sync 3 DAGs
[2026-04-28T21:22:55.666+0200] {logging_mixin.py:188} INFO - [2026-04-28T21:22:55.666+0200] {dag.py:3954} INFO - Setting next_dagrun for example_subdag_operator to 2022-01-01 00:00:00+00:00, run_after=2022-01-01 00:00:00+00:00
[2026-04-28T21:22:55.667+0200] {logging_mixin.py:188} INFO - [2026-04-28T21:22:55.667+0200] {dag.py:3954} INFO - Setting next_dagrun for example_subdag_operator.section-1 to None, run_after=None
[2026-04-28T21:22:55.667+0200] {logging_mixin.py:188} INFO - [2026-04-28T21:22:55.667+0200] {dag.py:3954} INFO - Setting next_dagrun for example_subdag_operator.section-2 to None, run_after=None
[2026-04-28T21:22:55.668+0200] {logging_mixin.py:188} INFO - [2026-04-28T21:22:55.668+0200] {dag.py:3096} INFO - Sync 2 DAGs
[2026-04-28T21:22:55.669+0200] {logging_mixin.py:188} INFO - [2026-04-28T21:22:55.669+0200] {dag.py:3954} INFO - Setting next_dagrun for example_subdag_operator.section-1 to None, run_after=None
[2026-04-28T21:22:55.669+0200] {logging_mixin.py:188} INFO - [2026-04-28T21:22:55.669+0200] {dag.py:3954} INFO - Setting next_dagrun for example_subdag_operator.section-2 to None, run_after=None
[2026-04-28T21:22:55.672+0200] {processor.py:183} INFO - Processing /Users/pablofrancoherrero/prueba_tecnica/venv/lib/python3.11/site-packages/airflow/example_dags/example_subdag_operator.py took 0.048 seconds
[2026-04-28T21:26:38.893+0200] {processor.py:161} INFO - Started process (PID=60876) to work on /Users/pablofrancoherrero/prueba_tecnica/venv/lib/python3.11/site-packages/airflow/example_dags/example_subdag_operator.py
[2026-04-28T21:26:38.894+0200] {processor.py:830} INFO - Processing file /Users/pablofrancoherrero/prueba_tecnica/venv/lib/python3.11/site-packages/airflow/example_dags/example_subdag_operator.py for tasks to queue
[2026-04-28T21:26:38.894+0200] {logging_mixin.py:188} INFO - [2026-04-28T21:26:38.894+0200] {dagbag.py:540} INFO - Filling up the DagBag from /Users/pablofrancoherrero/prueba_tecnica/venv/lib/python3.11/site-packages/airflow/example_dags/example_subdag_operator.py
[2026-04-28T21:26:38.923+0200] {processor.py:840} INFO - DAG(s) 'example_subdag_operator.section-1', 'example_subdag_operator.section-2', 'example_subdag_operator' retrieved from /Users/pablofrancoherrero/prueba_tecnica/venv/lib/python3.11/site-packages/airflow/example_dags/example_subdag_operator.py
[2026-04-28T21:26:38.935+0200] {logging_mixin.py:188} INFO - [2026-04-28T21:26:38.935+0200] {dag.py:3096} INFO - Sync 3 DAGs
[2026-04-28T21:26:38.940+0200] {logging_mixin.py:188} INFO - [2026-04-28T21:26:38.940+0200] {dag.py:3954} INFO - Setting next_dagrun for example_subdag_operator to 2022-01-01 00:00:00+00:00, run_after=2022-01-01 00:00:00+00:00
[2026-04-28T21:26:38.941+0200] {logging_mixin.py:188} INFO - [2026-04-28T21:26:38.941+0200] {dag.py:3954} INFO - Setting next_dagrun for example_subdag_operator.section-1 to None, run_after=None
[2026-04-28T21:26:38.941+0200] {logging_mixin.py:188} INFO - [2026-04-28T21:26:38.941+0200] {dag.py:3954} INFO - Setting next_dagrun for example_subdag_operator.section-2 to None, run_after=None
[2026-04-28T21:26:38.943+0200] {logging_mixin.py:188} INFO - [2026-04-28T21:26:38.943+0200] {dag.py:3096} INFO - Sync 2 DAGs
[2026-04-28T21:26:38.944+0200] {logging_mixin.py:188} INFO - [2026-04-28T21:26:38.944+0200] {dag.py:3954} INFO - Setting next_dagrun for example_subdag_operator.section-1 to None, run_after=None
[2026-04-28T21:26:38.944+0200] {logging_mixin.py:188} INFO - [2026-04-28T21:26:38.944+0200] {dag.py:3954} INFO - Setting next_dagrun for example_subdag_operator.section-2 to None, run_after=None
[2026-04-28T21:26:38.947+0200] {processor.py:183} INFO - Processing /Users/pablofrancoherrero/prueba_tecnica/venv/lib/python3.11/site-packages/airflow/example_dags/example_subdag_operator.py took 0.055 seconds
[2026-04-28T21:28:08.112+0200] {processor.py:161} INFO - Started process (PID=61018) to work on /Users/pablofrancoherrero/prueba_tecnica/venv/lib/python3.11/site-packages/airflow/example_dags/example_subdag_operator.py
[2026-04-28T21:28:08.113+0200] {processor.py:830} INFO - Processing file /Users/pablofrancoherrero/prueba_tecnica/venv/lib/python3.11/site-packages/airflow/example_dags/example_subdag_operator.py for tasks to queue
[2026-04-28T21:28:08.113+0200] {logging_mixin.py:188} INFO - [2026-04-28T21:28:08.113+0200] {dagbag.py:540} INFO - Filling up the DagBag from /Users/pablofrancoherrero/prueba_tecnica/venv/lib/python3.11/site-packages/airflow/example_dags/example_subdag_operator.py
[2026-04-28T21:28:08.139+0200] {processor.py:840} INFO - DAG(s) 'example_subdag_operator.section-1', 'example_subdag_operator.section-2', 'example_subdag_operator' retrieved from /Users/pablofrancoherrero/prueba_tecnica/venv/lib/python3.11/site-packages/airflow/example_dags/example_subdag_operator.py
[2026-04-28T21:28:08.148+0200] {logging_mixin.py:188} INFO - [2026-04-28T21:28:08.148+0200] {dag.py:3096} INFO - Sync 3 DAGs
[2026-04-28T21:28:08.153+0200] {logging_mixin.py:188} INFO - [2026-04-28T21:28:08.152+0200] {dag.py:3954} INFO - Setting next_dagrun for example_subdag_operator to 2022-01-01 00:00:00+00:00, run_after=2022-01-01 00:00:00+00:00
[2026-04-28T21:28:08.153+0200] {logging_mixin.py:188} INFO - [2026-04-28T21:28:08.153+0200] {dag.py:3954} INFO - Setting next_dagrun for example_subdag_operator.section-1 to None, run_after=None
[2026-04-28T21:28:08.154+0200] {logging_mixin.py:188} INFO - [2026-04-28T21:28:08.154+0200] {dag.py:3954} INFO - Setting next_dagrun for example_subdag_operator.section-2 to None, run_after=None
[2026-04-28T21:28:08.155+0200] {logging_mixin.py:188} INFO - [2026-04-28T21:28:08.155+0200] {dag.py:3096} INFO - Sync 2 DAGs
[2026-04-28T21:28:08.156+0200] {logging_mixin.py:188} INFO - [2026-04-28T21:28:08.156+0200] {dag.py:3954} INFO - Setting next_dagrun for example_subdag_operator.section-1 to None, run_after=None
[2026-04-28T21:28:08.156+0200] {logging_mixin.py:188} INFO - [2026-04-28T21:28:08.156+0200] {dag.py:3954} INFO - Setting next_dagrun for example_subdag_operator.section-2 to None, run_after=None
[2026-04-28T21:28:08.159+0200] {processor.py:183} INFO - Processing /Users/pablofrancoherrero/prueba_tecnica/venv/lib/python3.11/site-packages/airflow/example_dags/example_subdag_operator.py took 0.048 seconds
[2026-04-28T21:32:45.382+0200] {processor.py:161} INFO - Started process (PID=61111) to work on /Users/pablofrancoherrero/prueba_tecnica/venv/lib/python3.11/site-packages/airflow/example_dags/example_subdag_operator.py
[2026-04-28T21:32:45.383+0200] {processor.py:830} INFO - Processing file /Users/pablofrancoherrero/prueba_tecnica/venv/lib/python3.11/site-packages/airflow/example_dags/example_subdag_operator.py for tasks to queue
[2026-04-28T21:32:45.383+0200] {logging_mixin.py:188} INFO - [2026-04-28T21:32:45.383+0200] {dagbag.py:540} INFO - Filling up the DagBag from /Users/pablofrancoherrero/prueba_tecnica/venv/lib/python3.11/site-packages/airflow/example_dags/example_subdag_operator.py
[2026-04-28T21:32:45.409+0200] {processor.py:840} INFO - DAG(s) 'example_subdag_operator.section-1', 'example_subdag_operator.section-2', 'example_subdag_operator' retrieved from /Users/pablofrancoherrero/prueba_tecnica/venv/lib/python3.11/site-packages/airflow/example_dags/example_subdag_operator.py
[2026-04-28T21:32:45.418+0200] {logging_mixin.py:188} INFO - [2026-04-28T21:32:45.418+0200] {dag.py:3096} INFO - Sync 3 DAGs
[2026-04-28T21:32:45.423+0200] {logging_mixin.py:188} INFO - [2026-04-28T21:32:45.423+0200] {dag.py:3954} INFO - Setting next_dagrun for example_subdag_operator to 2022-01-01 00:00:00+00:00, run_after=2022-01-01 00:00:00+00:00
[2026-04-28T21:32:45.423+0200] {logging_mixin.py:188} INFO - [2026-04-28T21:32:45.423+0200] {dag.py:3954} INFO - Setting next_dagrun for example_subdag_operator.section-1 to None, run_after=None
[2026-04-28T21:32:45.424+0200] {logging_mixin.py:188} INFO - [2026-04-28T21:32:45.424+0200] {dag.py:3954} INFO - Setting next_dagrun for example_subdag_operator.section-2 to None, run_after=None
[2026-04-28T21:32:45.425+0200] {logging_mixin.py:188} INFO - [2026-04-28T21:32:45.425+0200] {dag.py:3096} INFO - Sync 2 DAGs
[2026-04-28T21:32:45.426+0200] {logging_mixin.py:188} INFO - [2026-04-28T21:32:45.426+0200] {dag.py:3954} INFO - Setting next_dagrun for example_subdag_operator.section-1 to None, run_after=None
[2026-04-28T21:32:45.426+0200] {logging_mixin.py:188} INFO - [2026-04-28T21:32:45.426+0200] {dag.py:3954} INFO - Setting next_dagrun for example_subdag_operator.section-2 to None, run_after=None
[2026-04-28T21:32:45.429+0200] {processor.py:183} INFO - Processing /Users/pablofrancoherrero/prueba_tecnica/venv/lib/python3.11/site-packages/airflow/example_dags/example_subdag_operator.py took 0.048 seconds
[2026-04-28T21:46:56.192+0200] {processor.py:161} INFO - Started process (PID=61298) to work on /Users/pablofrancoherrero/prueba_tecnica/venv/lib/python3.11/site-packages/airflow/example_dags/example_subdag_operator.py
[2026-04-28T21:46:56.192+0200] {processor.py:830} INFO - Processing file /Users/pablofrancoherrero/prueba_tecnica/venv/lib/python3.11/site-packages/airflow/example_dags/example_subdag_operator.py for tasks to queue
[2026-04-28T21:46:56.193+0200] {logging_mixin.py:188} INFO - [2026-04-28T21:46:56.193+0200] {dagbag.py:540} INFO - Filling up the DagBag from /Users/pablofrancoherrero/prueba_tecnica/venv/lib/python3.11/site-packages/airflow/example_dags/example_subdag_operator.py
[2026-04-28T21:46:56.218+0200] {processor.py:840} INFO - DAG(s) 'example_subdag_operator.section-1', 'example_subdag_operator.section-2', 'example_subdag_operator' retrieved from /Users/pablofrancoherrero/prueba_tecnica/venv/lib/python3.11/site-packages/airflow/example_dags/example_subdag_operator.py
[2026-04-28T21:46:56.227+0200] {logging_mixin.py:188} INFO - [2026-04-28T21:46:56.227+0200] {dag.py:3096} INFO - Sync 3 DAGs
[2026-04-28T21:46:56.231+0200] {logging_mixin.py:188} INFO - [2026-04-28T21:46:56.231+0200] {dag.py:3954} INFO - Setting next_dagrun for example_subdag_operator to 2022-01-01 00:00:00+00:00, run_after=2022-01-01 00:00:00+00:00
[2026-04-28T21:46:56.232+0200] {logging_mixin.py:188} INFO - [2026-04-28T21:46:56.232+0200] {dag.py:3954} INFO - Setting next_dagrun for example_subdag_operator.section-1 to None, run_after=None
[2026-04-28T21:46:56.232+0200] {logging_mixin.py:188} INFO - [2026-04-28T21:46:56.232+0200] {dag.py:3954} INFO - Setting next_dagrun for example_subdag_operator.section-2 to None, run_after=None
[2026-04-28T21:46:56.234+0200] {logging_mixin.py:188} INFO - [2026-04-28T21:46:56.234+0200] {dag.py:3096} INFO - Sync 2 DAGs
[2026-04-28T21:46:56.235+0200] {logging_mixin.py:188} INFO - [2026-04-28T21:46:56.234+0200] {dag.py:3954} INFO - Setting next_dagrun for example_subdag_operator.section-1 to None, run_after=None
[2026-04-28T21:46:56.235+0200] {logging_mixin.py:188} INFO - [2026-04-28T21:46:56.235+0200] {dag.py:3954} INFO - Setting next_dagrun for example_subdag_operator.section-2 to None, run_after=None
[2026-04-28T21:46:56.237+0200] {processor.py:183} INFO - Processing /Users/pablofrancoherrero/prueba_tecnica/venv/lib/python3.11/site-packages/airflow/example_dags/example_subdag_operator.py took 0.046 seconds
[2026-04-28T21:51:19.973+0200] {processor.py:161} INFO - Started process (PID=61452) to work on /Users/pablofrancoherrero/prueba_tecnica/venv/lib/python3.11/site-packages/airflow/example_dags/example_subdag_operator.py
[2026-04-28T21:51:19.974+0200] {processor.py:830} INFO - Processing file /Users/pablofrancoherrero/prueba_tecnica/venv/lib/python3.11/site-packages/airflow/example_dags/example_subdag_operator.py for tasks to queue
[2026-04-28T21:51:19.974+0200] {logging_mixin.py:188} INFO - [2026-04-28T21:51:19.974+0200] {dagbag.py:540} INFO - Filling up the DagBag from /Users/pablofrancoherrero/prueba_tecnica/venv/lib/python3.11/site-packages/airflow/example_dags/example_subdag_operator.py
[2026-04-28T21:51:19.999+0200] {processor.py:840} INFO - DAG(s) 'example_subdag_operator.section-1', 'example_subdag_operator.section-2', 'example_subdag_operator' retrieved from /Users/pablofrancoherrero/prueba_tecnica/venv/lib/python3.11/site-packages/airflow/example_dags/example_subdag_operator.py
[2026-04-28T21:51:20.008+0200] {logging_mixin.py:188} INFO - [2026-04-28T21:51:20.008+0200] {dag.py:3096} INFO - Sync 3 DAGs
[2026-04-28T21:51:20.012+0200] {logging_mixin.py:188} INFO - [2026-04-28T21:51:20.012+0200] {dag.py:3954} INFO - Setting next_dagrun for example_subdag_operator to 2022-01-01 00:00:00+00:00, run_after=2022-01-01 00:00:00+00:00
[2026-04-28T21:51:20.013+0200] {logging_mixin.py:188} INFO - [2026-04-28T21:51:20.013+0200] {dag.py:3954} INFO - Setting next_dagrun for example_subdag_operator.section-1 to None, run_after=None
[2026-04-28T21:51:20.013+0200] {logging_mixin.py:188} INFO - [2026-04-28T21:51:20.013+0200] {dag.py:3954} INFO - Setting next_dagrun for example_subdag_operator.section-2 to None, run_after=None
[2026-04-28T21:51:20.015+0200] {logging_mixin.py:188} INFO - [2026-04-28T21:51:20.015+0200] {dag.py:3096} INFO - Sync 2 DAGs
[2026-04-28T21:51:20.015+0200] {logging_mixin.py:188} INFO - [2026-04-28T21:51:20.015+0200] {dag.py:3954} INFO - Setting next_dagrun for example_subdag_operator.section-1 to None, run_after=None
[2026-04-28T21:51:20.016+0200] {logging_mixin.py:188} INFO - [2026-04-28T21:51:20.016+0200] {dag.py:3954} INFO - Setting next_dagrun for example_subdag_operator.section-2 to None, run_after=None
[2026-04-28T21:51:20.018+0200] {processor.py:183} INFO - Processing /Users/pablofrancoherrero/prueba_tecnica/venv/lib/python3.11/site-packages/airflow/example_dags/example_subdag_operator.py took 0.046 seconds
[2026-04-28T21:53:23.815+0200] {processor.py:161} INFO - Started process (PID=61521) to work on /Users/pablofrancoherrero/prueba_tecnica/venv/lib/python3.11/site-packages/airflow/example_dags/example_subdag_operator.py
[2026-04-28T21:53:23.815+0200] {processor.py:830} INFO - Processing file /Users/pablofrancoherrero/prueba_tecnica/venv/lib/python3.11/site-packages/airflow/example_dags/example_subdag_operator.py for tasks to queue
[2026-04-28T21:53:23.815+0200] {logging_mixin.py:188} INFO - [2026-04-28T21:53:23.815+0200] {dagbag.py:540} INFO - Filling up the DagBag from /Users/pablofrancoherrero/prueba_tecnica/venv/lib/python3.11/site-packages/airflow/example_dags/example_subdag_operator.py
[2026-04-28T21:53:23.841+0200] {processor.py:840} INFO - DAG(s) 'example_subdag_operator.section-1', 'example_subdag_operator.section-2', 'example_subdag_operator' retrieved from /Users/pablofrancoherrero/prueba_tecnica/venv/lib/python3.11/site-packages/airflow/example_dags/example_subdag_operator.py
[2026-04-28T21:53:23.850+0200] {logging_mixin.py:188} INFO - [2026-04-28T21:53:23.850+0200] {dag.py:3096} INFO - Sync 3 DAGs
[2026-04-28T21:53:23.855+0200] {logging_mixin.py:188} INFO - [2026-04-28T21:53:23.855+0200] {dag.py:3954} INFO - Setting next_dagrun for example_subdag_operator to 2022-01-01 00:00:00+00:00, run_after=2022-01-01 00:00:00+00:00
[2026-04-28T21:53:23.856+0200] {logging_mixin.py:188} INFO - [2026-04-28T21:53:23.856+0200] {dag.py:3954} INFO - Setting next_dagrun for example_subdag_operator.section-1 to None, run_after=None
[2026-04-28T21:53:23.856+0200] {logging_mixin.py:188} INFO - [2026-04-28T21:53:23.856+0200] {dag.py:3954} INFO - Setting next_dagrun for example_subdag_operator.section-2 to None, run_after=None
[2026-04-28T21:53:23.858+0200] {logging_mixin.py:188} INFO - [2026-04-28T21:53:23.858+0200] {dag.py:3096} INFO - Sync 2 DAGs
[2026-04-28T21:53:23.858+0200] {logging_mixin.py:188} INFO - [2026-04-28T21:53:23.858+0200] {dag.py:3954} INFO - Setting next_dagrun for example_subdag_operator.section-1 to None, run_after=None
[2026-04-28T21:53:23.859+0200] {logging_mixin.py:188} INFO - [2026-04-28T21:53:23.858+0200] {dag.py:3954} INFO - Setting next_dagrun for example_subdag_operator.section-2 to None, run_after=None
[2026-04-28T21:53:23.861+0200] {processor.py:183} INFO - Processing /Users/pablofrancoherrero/prueba_tecnica/venv/lib/python3.11/site-packages/airflow/example_dags/example_subdag_operator.py took 0.049 seconds
[2026-04-28T21:55:38.317+0200] {processor.py:161} INFO - Started process (PID=61651) to work on /Users/pablofrancoherrero/prueba_tecnica/venv/lib/python3.11/site-packages/airflow/example_dags/example_subdag_operator.py
[2026-04-28T21:55:38.318+0200] {processor.py:830} INFO - Processing file /Users/pablofrancoherrero/prueba_tecnica/venv/lib/python3.11/site-packages/airflow/example_dags/example_subdag_operator.py for tasks to queue
[2026-04-28T21:55:38.318+0200] {logging_mixin.py:188} INFO - [2026-04-28T21:55:38.318+0200] {dagbag.py:540} INFO - Filling up the DagBag from /Users/pablofrancoherrero/prueba_tecnica/venv/lib/python3.11/site-packages/airflow/example_dags/example_subdag_operator.py
[2026-04-28T21:55:38.345+0200] {processor.py:840} INFO - DAG(s) 'example_subdag_operator.section-1', 'example_subdag_operator.section-2', 'example_subdag_operator' retrieved from /Users/pablofrancoherrero/prueba_tecnica/venv/lib/python3.11/site-packages/airflow/example_dags/example_subdag_operator.py
[2026-04-28T21:55:38.355+0200] {logging_mixin.py:188} INFO - [2026-04-28T21:55:38.355+0200] {dag.py:3096} INFO - Sync 3 DAGs
[2026-04-28T21:55:38.360+0200] {logging_mixin.py:188} INFO - [2026-04-28T21:55:38.360+0200] {dag.py:3954} INFO - Setting next_dagrun for example_subdag_operator to 2022-01-01 00:00:00+00:00, run_after=2022-01-01 00:00:00+00:00
[2026-04-28T21:55:38.361+0200] {logging_mixin.py:188} INFO - [2026-04-28T21:55:38.361+0200] {dag.py:3954} INFO - Setting next_dagrun for example_subdag_operator.section-1 to None, run_after=None
[2026-04-28T21:55:38.361+0200] {logging_mixin.py:188} INFO - [2026-04-28T21:55:38.361+0200] {dag.py:3954} INFO - Setting next_dagrun for example_subdag_operator.section-2 to None, run_after=None
[2026-04-28T21:55:38.363+0200] {logging_mixin.py:188} INFO - [2026-04-28T21:55:38.363+0200] {dag.py:3096} INFO - Sync 2 DAGs
[2026-04-28T21:55:38.364+0200] {logging_mixin.py:188} INFO - [2026-04-28T21:55:38.364+0200] {dag.py:3954} INFO - Setting next_dagrun for example_subdag_operator.section-1 to None, run_after=None
[2026-04-28T21:55:38.364+0200] {logging_mixin.py:188} INFO - [2026-04-28T21:55:38.364+0200] {dag.py:3954} INFO - Setting next_dagrun for example_subdag_operator.section-2 to None, run_after=None
[2026-04-28T21:55:38.367+0200] {processor.py:183} INFO - Processing /Users/pablofrancoherrero/prueba_tecnica/venv/lib/python3.11/site-packages/airflow/example_dags/example_subdag_operator.py took 0.052 seconds
[2026-04-28T21:57:25.928+0200] {processor.py:161} INFO - Started process (PID=61766) to work on /Users/pablofrancoherrero/prueba_tecnica/venv/lib/python3.11/site-packages/airflow/example_dags/example_subdag_operator.py
[2026-04-28T21:57:25.929+0200] {processor.py:830} INFO - Processing file /Users/pablofrancoherrero/prueba_tecnica/venv/lib/python3.11/site-packages/airflow/example_dags/example_subdag_operator.py for tasks to queue
[2026-04-28T21:57:25.929+0200] {logging_mixin.py:188} INFO - [2026-04-28T21:57:25.929+0200] {dagbag.py:540} INFO - Filling up the DagBag from /Users/pablofrancoherrero/prueba_tecnica/venv/lib/python3.11/site-packages/airflow/example_dags/example_subdag_operator.py
[2026-04-28T21:57:25.955+0200] {processor.py:840} INFO - DAG(s) 'example_subdag_operator.section-1', 'example_subdag_operator.section-2', 'example_subdag_operator' retrieved from /Users/pablofrancoherrero/prueba_tecnica/venv/lib/python3.11/site-packages/airflow/example_dags/example_subdag_operator.py
[2026-04-28T21:57:25.964+0200] {logging_mixin.py:188} INFO - [2026-04-28T21:57:25.964+0200] {dag.py:3096} INFO - Sync 3 DAGs
[2026-04-28T21:57:25.969+0200] {logging_mixin.py:188} INFO - [2026-04-28T21:57:25.969+0200] {dag.py:3954} INFO - Setting next_dagrun for example_subdag_operator to 2022-01-01 00:00:00+00:00, run_after=2022-01-01 00:00:00+00:00
[2026-04-28T21:57:25.970+0200] {logging_mixin.py:188} INFO - [2026-04-28T21:57:25.970+0200] {dag.py:3954} INFO - Setting next_dagrun for example_subdag_operator.section-1 to None, run_after=None
[2026-04-28T21:57:25.970+0200] {logging_mixin.py:188} INFO - [2026-04-28T21:57:25.970+0200] {dag.py:3954} INFO - Setting next_dagrun for example_subdag_operator.section-2 to None, run_after=None
[2026-04-28T21:57:25.971+0200] {logging_mixin.py:188} INFO - [2026-04-28T21:57:25.971+0200] {dag.py:3096} INFO - Sync 2 DAGs
[2026-04-28T21:57:25.972+0200] {logging_mixin.py:188} INFO - [2026-04-28T21:57:25.972+0200] {dag.py:3954} INFO - Setting next_dagrun for example_subdag_operator.section-1 to None, run_after=None
[2026-04-28T21:57:25.972+0200] {logging_mixin.py:188} INFO - [2026-04-28T21:57:25.972+0200] {dag.py:3954} INFO - Setting next_dagrun for example_subdag_operator.section-2 to None, run_after=None
[2026-04-28T21:57:25.975+0200] {processor.py:183} INFO - Processing /Users/pablofrancoherrero/prueba_tecnica/venv/lib/python3.11/site-packages/airflow/example_dags/example_subdag_operator.py took 0.048 seconds
[2026-04-28T21:58:57.554+0200] {processor.py:161} INFO - Started process (PID=61848) to work on /Users/pablofrancoherrero/prueba_tecnica/venv/lib/python3.11/site-packages/airflow/example_dags/example_subdag_operator.py
[2026-04-28T21:58:57.556+0200] {processor.py:830} INFO - Processing file /Users/pablofrancoherrero/prueba_tecnica/venv/lib/python3.11/site-packages/airflow/example_dags/example_subdag_operator.py for tasks to queue
[2026-04-28T21:58:57.556+0200] {logging_mixin.py:188} INFO - [2026-04-28T21:58:57.556+0200] {dagbag.py:540} INFO - Filling up the DagBag from /Users/pablofrancoherrero/prueba_tecnica/venv/lib/python3.11/site-packages/airflow/example_dags/example_subdag_operator.py
[2026-04-28T21:58:57.582+0200] {processor.py:840} INFO - DAG(s) 'example_subdag_operator.section-1', 'example_subdag_operator.section-2', 'example_subdag_operator' retrieved from /Users/pablofrancoherrero/prueba_tecnica/venv/lib/python3.11/site-packages/airflow/example_dags/example_subdag_operator.py
[2026-04-28T21:58:57.591+0200] {logging_mixin.py:188} INFO - [2026-04-28T21:58:57.591+0200] {dag.py:3096} INFO - Sync 3 DAGs
[2026-04-28T21:58:57.596+0200] {logging_mixin.py:188} INFO - [2026-04-28T21:58:57.595+0200] {dag.py:3954} INFO - Setting next_dagrun for example_subdag_operator to 2022-01-01 00:00:00+00:00, run_after=2022-01-01 00:00:00+00:00
[2026-04-28T21:58:57.596+0200] {logging_mixin.py:188} INFO - [2026-04-28T21:58:57.596+0200] {dag.py:3954} INFO - Setting next_dagrun for example_subdag_operator.section-1 to None, run_after=None
[2026-04-28T21:58:57.597+0200] {logging_mixin.py:188} INFO - [2026-04-28T21:58:57.596+0200] {dag.py:3954} INFO - Setting next_dagrun for example_subdag_operator.section-2 to None, run_after=None
[2026-04-28T21:58:57.598+0200] {logging_mixin.py:188} INFO - [2026-04-28T21:58:57.598+0200] {dag.py:3096} INFO - Sync 2 DAGs
[2026-04-28T21:58:57.599+0200] {logging_mixin.py:188} INFO - [2026-04-28T21:58:57.599+0200] {dag.py:3954} INFO - Setting next_dagrun for example_subdag_operator.section-1 to None, run_after=None
[2026-04-28T21:58:57.599+0200] {logging_mixin.py:188} INFO - [2026-04-28T21:58:57.599+0200] {dag.py:3954} INFO - Setting next_dagrun for example_subdag_operator.section-2 to None, run_after=None
[2026-04-28T21:58:57.602+0200] {processor.py:183} INFO - Processing /Users/pablofrancoherrero/prueba_tecnica/venv/lib/python3.11/site-packages/airflow/example_dags/example_subdag_operator.py took 0.048 seconds
[2026-04-28T22:00:43.821+0200] {processor.py:161} INFO - Started process (PID=61947) to work on /Users/pablofrancoherrero/prueba_tecnica/venv/lib/python3.11/site-packages/airflow/example_dags/example_subdag_operator.py
[2026-04-28T22:00:43.821+0200] {processor.py:830} INFO - Processing file /Users/pablofrancoherrero/prueba_tecnica/venv/lib/python3.11/site-packages/airflow/example_dags/example_subdag_operator.py for tasks to queue
[2026-04-28T22:00:43.821+0200] {logging_mixin.py:188} INFO - [2026-04-28T22:00:43.821+0200] {dagbag.py:540} INFO - Filling up the DagBag from /Users/pablofrancoherrero/prueba_tecnica/venv/lib/python3.11/site-packages/airflow/example_dags/example_subdag_operator.py
[2026-04-28T22:00:43.847+0200] {processor.py:840} INFO - DAG(s) 'example_subdag_operator.section-1', 'example_subdag_operator.section-2', 'example_subdag_operator' retrieved from /Users/pablofrancoherrero/prueba_tecnica/venv/lib/python3.11/site-packages/airflow/example_dags/example_subdag_operator.py
[2026-04-28T22:00:43.856+0200] {logging_mixin.py:188} INFO - [2026-04-28T22:00:43.856+0200] {dag.py:3096} INFO - Sync 3 DAGs
[2026-04-28T22:00:43.861+0200] {logging_mixin.py:188} INFO - [2026-04-28T22:00:43.860+0200] {dag.py:3954} INFO - Setting next_dagrun for example_subdag_operator to 2022-01-01 00:00:00+00:00, run_after=2022-01-01 00:00:00+00:00
[2026-04-28T22:00:43.861+0200] {logging_mixin.py:188} INFO - [2026-04-28T22:00:43.861+0200] {dag.py:3954} INFO - Setting next_dagrun for example_subdag_operator.section-1 to None, run_after=None
[2026-04-28T22:00:43.862+0200] {logging_mixin.py:188} INFO - [2026-04-28T22:00:43.861+0200] {dag.py:3954} INFO - Setting next_dagrun for example_subdag_operator.section-2 to None, run_after=None
[2026-04-28T22:00:43.863+0200] {logging_mixin.py:188} INFO - [2026-04-28T22:00:43.863+0200] {dag.py:3096} INFO - Sync 2 DAGs
[2026-04-28T22:00:43.864+0200] {logging_mixin.py:188} INFO - [2026-04-28T22:00:43.864+0200] {dag.py:3954} INFO - Setting next_dagrun for example_subdag_operator.section-1 to None, run_after=None
[2026-04-28T22:00:43.864+0200] {logging_mixin.py:188} INFO - [2026-04-28T22:00:43.864+0200] {dag.py:3954} INFO - Setting next_dagrun for example_subdag_operator.section-2 to None, run_after=None
[2026-04-28T22:00:43.867+0200] {processor.py:183} INFO - Processing /Users/pablofrancoherrero/prueba_tecnica/venv/lib/python3.11/site-packages/airflow/example_dags/example_subdag_operator.py took 0.047 seconds
[2026-04-28T22:05:11.083+0200] {processor.py:161} INFO - Started process (PID=62042) to work on /Users/pablofrancoherrero/prueba_tecnica/venv/lib/python3.11/site-packages/airflow/example_dags/example_subdag_operator.py
[2026-04-28T22:05:11.084+0200] {processor.py:830} INFO - Processing file /Users/pablofrancoherrero/prueba_tecnica/venv/lib/python3.11/site-packages/airflow/example_dags/example_subdag_operator.py for tasks to queue
[2026-04-28T22:05:11.084+0200] {logging_mixin.py:188} INFO - [2026-04-28T22:05:11.084+0200] {dagbag.py:540} INFO - Filling up the DagBag from /Users/pablofrancoherrero/prueba_tecnica/venv/lib/python3.11/site-packages/airflow/example_dags/example_subdag_operator.py
[2026-04-28T22:05:11.109+0200] {processor.py:840} INFO - DAG(s) 'example_subdag_operator.section-1', 'example_subdag_operator.section-2', 'example_subdag_operator' retrieved from /Users/pablofrancoherrero/prueba_tecnica/venv/lib/python3.11/site-packages/airflow/example_dags/example_subdag_operator.py
[2026-04-28T22:05:11.118+0200] {logging_mixin.py:188} INFO - [2026-04-28T22:05:11.118+0200] {dag.py:3096} INFO - Sync 3 DAGs
[2026-04-28T22:05:11.123+0200] {logging_mixin.py:188} INFO - [2026-04-28T22:05:11.122+0200] {dag.py:3954} INFO - Setting next_dagrun for example_subdag_operator to 2022-01-01 00:00:00+00:00, run_after=2022-01-01 00:00:00+00:00
[2026-04-28T22:05:11.123+0200] {logging_mixin.py:188} INFO - [2026-04-28T22:05:11.123+0200] {dag.py:3954} INFO - Setting next_dagrun for example_subdag_operator.section-1 to None, run_after=None
[2026-04-28T22:05:11.123+0200] {logging_mixin.py:188} INFO - [2026-04-28T22:05:11.123+0200] {dag.py:3954} INFO - Setting next_dagrun for example_subdag_operator.section-2 to None, run_after=None
[2026-04-28T22:05:11.125+0200] {logging_mixin.py:188} INFO - [2026-04-28T22:05:11.125+0200] {dag.py:3096} INFO - Sync 2 DAGs
[2026-04-28T22:05:11.126+0200] {logging_mixin.py:188} INFO - [2026-04-28T22:05:11.126+0200] {dag.py:3954} INFO - Setting next_dagrun for example_subdag_operator.section-1 to None, run_after=None
[2026-04-28T22:05:11.126+0200] {logging_mixin.py:188} INFO - [2026-04-28T22:05:11.126+0200] {dag.py:3954} INFO - Setting next_dagrun for example_subdag_operator.section-2 to None, run_after=None
[2026-04-28T22:05:11.129+0200] {processor.py:183} INFO - Processing /Users/pablofrancoherrero/prueba_tecnica/venv/lib/python3.11/site-packages/airflow/example_dags/example_subdag_operator.py took 0.047 seconds
[2026-04-28T22:07:07.009+0200] {processor.py:161} INFO - Started process (PID=62140) to work on /Users/pablofrancoherrero/prueba_tecnica/venv/lib/python3.11/site-packages/airflow/example_dags/example_subdag_operator.py
[2026-04-28T22:07:07.010+0200] {processor.py:830} INFO - Processing file /Users/pablofrancoherrero/prueba_tecnica/venv/lib/python3.11/site-packages/airflow/example_dags/example_subdag_operator.py for tasks to queue
[2026-04-28T22:07:07.010+0200] {logging_mixin.py:188} INFO - [2026-04-28T22:07:07.010+0200] {dagbag.py:540} INFO - Filling up the DagBag from /Users/pablofrancoherrero/prueba_tecnica/venv/lib/python3.11/site-packages/airflow/example_dags/example_subdag_operator.py
[2026-04-28T22:07:07.036+0200] {processor.py:840} INFO - DAG(s) 'example_subdag_operator.section-1', 'example_subdag_operator.section-2', 'example_subdag_operator' retrieved from /Users/pablofrancoherrero/prueba_tecnica/venv/lib/python3.11/site-packages/airflow/example_dags/example_subdag_operator.py
[2026-04-28T22:07:07.045+0200] {logging_mixin.py:188} INFO - [2026-04-28T22:07:07.045+0200] {dag.py:3096} INFO - Sync 3 DAGs
[2026-04-28T22:07:07.050+0200] {logging_mixin.py:188} INFO - [2026-04-28T22:07:07.050+0200] {dag.py:3954} INFO - Setting next_dagrun for example_subdag_operator to 2022-01-01 00:00:00+00:00, run_after=2022-01-01 00:00:00+00:00
[2026-04-28T22:07:07.050+0200] {logging_mixin.py:188} INFO - [2026-04-28T22:07:07.050+0200] {dag.py:3954} INFO - Setting next_dagrun for example_subdag_operator.section-1 to None, run_after=None
[2026-04-28T22:07:07.051+0200] {logging_mixin.py:188} INFO - [2026-04-28T22:07:07.051+0200] {dag.py:3954} INFO - Setting next_dagrun for example_subdag_operator.section-2 to None, run_after=None
[2026-04-28T22:07:07.052+0200] {logging_mixin.py:188} INFO - [2026-04-28T22:07:07.052+0200] {dag.py:3096} INFO - Sync 2 DAGs
[2026-04-28T22:07:07.053+0200] {logging_mixin.py:188} INFO - [2026-04-28T22:07:07.053+0200] {dag.py:3954} INFO - Setting next_dagrun for example_subdag_operator.section-1 to None, run_after=None
[2026-04-28T22:07:07.053+0200] {logging_mixin.py:188} INFO - [2026-04-28T22:07:07.053+0200] {dag.py:3954} INFO - Setting next_dagrun for example_subdag_operator.section-2 to None, run_after=None
[2026-04-28T22:07:07.056+0200] {processor.py:183} INFO - Processing /Users/pablofrancoherrero/prueba_tecnica/venv/lib/python3.11/site-packages/airflow/example_dags/example_subdag_operator.py took 0.048 seconds
[2026-04-28T22:24:50.945+0200] {processor.py:161} INFO - Started process (PID=62245) to work on /Users/pablofrancoherrero/prueba_tecnica/venv/lib/python3.11/site-packages/airflow/example_dags/example_subdag_operator.py
[2026-04-28T22:24:50.946+0200] {processor.py:830} INFO - Processing file /Users/pablofrancoherrero/prueba_tecnica/venv/lib/python3.11/site-packages/airflow/example_dags/example_subdag_operator.py for tasks to queue
[2026-04-28T22:24:50.947+0200] {logging_mixin.py:188} INFO - [2026-04-28T22:24:50.947+0200] {dagbag.py:540} INFO - Filling up the DagBag from /Users/pablofrancoherrero/prueba_tecnica/venv/lib/python3.11/site-packages/airflow/example_dags/example_subdag_operator.py
[2026-04-28T22:24:50.972+0200] {processor.py:840} INFO - DAG(s) 'example_subdag_operator.section-1', 'example_subdag_operator.section-2', 'example_subdag_operator' retrieved from /Users/pablofrancoherrero/prueba_tecnica/venv/lib/python3.11/site-packages/airflow/example_dags/example_subdag_operator.py
[2026-04-28T22:24:50.981+0200] {logging_mixin.py:188} INFO - [2026-04-28T22:24:50.981+0200] {dag.py:3096} INFO - Sync 3 DAGs
[2026-04-28T22:24:50.985+0200] {logging_mixin.py:188} INFO - [2026-04-28T22:24:50.985+0200] {dag.py:3954} INFO - Setting next_dagrun for example_subdag_operator to 2022-01-01 00:00:00+00:00, run_after=2022-01-01 00:00:00+00:00
[2026-04-28T22:24:50.986+0200] {logging_mixin.py:188} INFO - [2026-04-28T22:24:50.986+0200] {dag.py:3954} INFO - Setting next_dagrun for example_subdag_operator.section-1 to None, run_after=None
[2026-04-28T22:24:50.986+0200] {logging_mixin.py:188} INFO - [2026-04-28T22:24:50.986+0200] {dag.py:3954} INFO - Setting next_dagrun for example_subdag_operator.section-2 to None, run_after=None
[2026-04-28T22:24:50.988+0200] {logging_mixin.py:188} INFO - [2026-04-28T22:24:50.988+0200] {dag.py:3096} INFO - Sync 2 DAGs
[2026-04-28T22:24:50.989+0200] {logging_mixin.py:188} INFO - [2026-04-28T22:24:50.989+0200] {dag.py:3954} INFO - Setting next_dagrun for example_subdag_operator.section-1 to None, run_after=None
[2026-04-28T22:24:50.989+0200] {logging_mixin.py:188} INFO - [2026-04-28T22:24:50.989+0200] {dag.py:3954} INFO - Setting next_dagrun for example_subdag_operator.section-2 to None, run_after=None
[2026-04-28T22:24:50.992+0200] {processor.py:183} INFO - Processing /Users/pablofrancoherrero/prueba_tecnica/venv/lib/python3.11/site-packages/airflow/example_dags/example_subdag_operator.py took 0.047 seconds
[2026-04-28T22:43:21.988+0200] {processor.py:161} INFO - Started process (PID=62352) to work on /Users/pablofrancoherrero/prueba_tecnica/venv/lib/python3.11/site-packages/airflow/example_dags/example_subdag_operator.py
[2026-04-28T22:43:21.988+0200] {processor.py:830} INFO - Processing file /Users/pablofrancoherrero/prueba_tecnica/venv/lib/python3.11/site-packages/airflow/example_dags/example_subdag_operator.py for tasks to queue
[2026-04-28T22:43:21.988+0200] {logging_mixin.py:188} INFO - [2026-04-28T22:43:21.988+0200] {dagbag.py:540} INFO - Filling up the DagBag from /Users/pablofrancoherrero/prueba_tecnica/venv/lib/python3.11/site-packages/airflow/example_dags/example_subdag_operator.py
[2026-04-28T22:43:22.014+0200] {processor.py:840} INFO - DAG(s) 'example_subdag_operator.section-1', 'example_subdag_operator.section-2', 'example_subdag_operator' retrieved from /Users/pablofrancoherrero/prueba_tecnica/venv/lib/python3.11/site-packages/airflow/example_dags/example_subdag_operator.py
[2026-04-28T22:43:22.023+0200] {logging_mixin.py:188} INFO - [2026-04-28T22:43:22.023+0200] {dag.py:3096} INFO - Sync 3 DAGs
[2026-04-28T22:43:22.027+0200] {logging_mixin.py:188} INFO - [2026-04-28T22:43:22.027+0200] {dag.py:3954} INFO - Setting next_dagrun for example_subdag_operator to 2022-01-01 00:00:00+00:00, run_after=2022-01-01 00:00:00+00:00
[2026-04-28T22:43:22.028+0200] {logging_mixin.py:188} INFO - [2026-04-28T22:43:22.028+0200] {dag.py:3954} INFO - Setting next_dagrun for example_subdag_operator.section-1 to None, run_after=None
[2026-04-28T22:43:22.028+0200] {logging_mixin.py:188} INFO - [2026-04-28T22:43:22.028+0200] {dag.py:3954} INFO - Setting next_dagrun for example_subdag_operator.section-2 to None, run_after=None
[2026-04-28T22:43:22.030+0200] {logging_mixin.py:188} INFO - [2026-04-28T22:43:22.030+0200] {dag.py:3096} INFO - Sync 2 DAGs
[2026-04-28T22:43:22.031+0200] {logging_mixin.py:188} INFO - [2026-04-28T22:43:22.031+0200] {dag.py:3954} INFO - Setting next_dagrun for example_subdag_operator.section-1 to None, run_after=None
[2026-04-28T22:43:22.031+0200] {logging_mixin.py:188} INFO - [2026-04-28T22:43:22.031+0200] {dag.py:3954} INFO - Setting next_dagrun for example_subdag_operator.section-2 to None, run_after=None
[2026-04-28T22:43:22.034+0200] {processor.py:183} INFO - Processing /Users/pablofrancoherrero/prueba_tecnica/venv/lib/python3.11/site-packages/airflow/example_dags/example_subdag_operator.py took 0.047 seconds
[2026-04-28T23:00:33.893+0200] {processor.py:161} INFO - Started process (PID=62476) to work on /Users/pablofrancoherrero/prueba_tecnica/venv/lib/python3.11/site-packages/airflow/example_dags/example_subdag_operator.py
[2026-04-28T23:00:33.895+0200] {processor.py:830} INFO - Processing file /Users/pablofrancoherrero/prueba_tecnica/venv/lib/python3.11/site-packages/airflow/example_dags/example_subdag_operator.py for tasks to queue
[2026-04-28T23:00:33.896+0200] {logging_mixin.py:188} INFO - [2026-04-28T23:00:33.896+0200] {dagbag.py:540} INFO - Filling up the DagBag from /Users/pablofrancoherrero/prueba_tecnica/venv/lib/python3.11/site-packages/airflow/example_dags/example_subdag_operator.py
[2026-04-28T23:00:33.922+0200] {processor.py:840} INFO - DAG(s) 'example_subdag_operator.section-1', 'example_subdag_operator.section-2', 'example_subdag_operator' retrieved from /Users/pablofrancoherrero/prueba_tecnica/venv/lib/python3.11/site-packages/airflow/example_dags/example_subdag_operator.py
[2026-04-28T23:00:33.930+0200] {logging_mixin.py:188} INFO - [2026-04-28T23:00:33.930+0200] {dag.py:3096} INFO - Sync 3 DAGs
[2026-04-28T23:00:33.935+0200] {logging_mixin.py:188} INFO - [2026-04-28T23:00:33.935+0200] {dag.py:3954} INFO - Setting next_dagrun for example_subdag_operator to 2022-01-01 00:00:00+00:00, run_after=2022-01-01 00:00:00+00:00
[2026-04-28T23:00:33.936+0200] {logging_mixin.py:188} INFO - [2026-04-28T23:00:33.936+0200] {dag.py:3954} INFO - Setting next_dagrun for example_subdag_operator.section-1 to None, run_after=None
[2026-04-28T23:00:33.936+0200] {logging_mixin.py:188} INFO - [2026-04-28T23:00:33.936+0200] {dag.py:3954} INFO - Setting next_dagrun for example_subdag_operator.section-2 to None, run_after=None
[2026-04-28T23:00:33.938+0200] {logging_mixin.py:188} INFO - [2026-04-28T23:00:33.938+0200] {dag.py:3096} INFO - Sync 2 DAGs
[2026-04-28T23:00:33.939+0200] {logging_mixin.py:188} INFO - [2026-04-28T23:00:33.939+0200] {dag.py:3954} INFO - Setting next_dagrun for example_subdag_operator.section-1 to None, run_after=None
[2026-04-28T23:00:33.939+0200] {logging_mixin.py:188} INFO - [2026-04-28T23:00:33.939+0200] {dag.py:3954} INFO - Setting next_dagrun for example_subdag_operator.section-2 to None, run_after=None
[2026-04-28T23:00:33.942+0200] {processor.py:183} INFO - Processing /Users/pablofrancoherrero/prueba_tecnica/venv/lib/python3.11/site-packages/airflow/example_dags/example_subdag_operator.py took 0.050 seconds
[2026-04-28T23:16:59.465+0200] {processor.py:161} INFO - Started process (PID=62592) to work on /Users/pablofrancoherrero/prueba_tecnica/venv/lib/python3.11/site-packages/airflow/example_dags/example_subdag_operator.py
[2026-04-28T23:16:59.466+0200] {processor.py:830} INFO - Processing file /Users/pablofrancoherrero/prueba_tecnica/venv/lib/python3.11/site-packages/airflow/example_dags/example_subdag_operator.py for tasks to queue
[2026-04-28T23:16:59.466+0200] {logging_mixin.py:188} INFO - [2026-04-28T23:16:59.466+0200] {dagbag.py:540} INFO - Filling up the DagBag from /Users/pablofrancoherrero/prueba_tecnica/venv/lib/python3.11/site-packages/airflow/example_dags/example_subdag_operator.py
[2026-04-28T23:16:59.491+0200] {processor.py:840} INFO - DAG(s) 'example_subdag_operator.section-1', 'example_subdag_operator.section-2', 'example_subdag_operator' retrieved from /Users/pablofrancoherrero/prueba_tecnica/venv/lib/python3.11/site-packages/airflow/example_dags/example_subdag_operator.py
[2026-04-28T23:16:59.499+0200] {logging_mixin.py:188} INFO - [2026-04-28T23:16:59.499+0200] {dag.py:3096} INFO - Sync 3 DAGs
[2026-04-28T23:16:59.504+0200] {logging_mixin.py:188} INFO - [2026-04-28T23:16:59.504+0200] {dag.py:3954} INFO - Setting next_dagrun for example_subdag_operator to 2022-01-01 00:00:00+00:00, run_after=2022-01-01 00:00:00+00:00
[2026-04-28T23:16:59.505+0200] {logging_mixin.py:188} INFO - [2026-04-28T23:16:59.505+0200] {dag.py:3954} INFO - Setting next_dagrun for example_subdag_operator.section-1 to None, run_after=None
[2026-04-28T23:16:59.505+0200] {logging_mixin.py:188} INFO - [2026-04-28T23:16:59.505+0200] {dag.py:3954} INFO - Setting next_dagrun for example_subdag_operator.section-2 to None, run_after=None
[2026-04-28T23:16:59.506+0200] {logging_mixin.py:188} INFO - [2026-04-28T23:16:59.506+0200] {dag.py:3096} INFO - Sync 2 DAGs
[2026-04-28T23:16:59.507+0200] {logging_mixin.py:188} INFO - [2026-04-28T23:16:59.507+0200] {dag.py:3954} INFO - Setting next_dagrun for example_subdag_operator.section-1 to None, run_after=None
[2026-04-28T23:16:59.507+0200] {logging_mixin.py:188} INFO - [2026-04-28T23:16:59.507+0200] {dag.py:3954} INFO - Setting next_dagrun for example_subdag_operator.section-2 to None, run_after=None
[2026-04-28T23:16:59.510+0200] {processor.py:183} INFO - Processing /Users/pablofrancoherrero/prueba_tecnica/venv/lib/python3.11/site-packages/airflow/example_dags/example_subdag_operator.py took 0.046 seconds
[2026-04-28T23:18:18.375+0200] {processor.py:161} INFO - Started process (PID=62717) to work on /Users/pablofrancoherrero/prueba_tecnica/venv/lib/python3.11/site-packages/airflow/example_dags/example_subdag_operator.py
[2026-04-28T23:18:18.375+0200] {processor.py:830} INFO - Processing file /Users/pablofrancoherrero/prueba_tecnica/venv/lib/python3.11/site-packages/airflow/example_dags/example_subdag_operator.py for tasks to queue
[2026-04-28T23:18:18.376+0200] {logging_mixin.py:188} INFO - [2026-04-28T23:18:18.376+0200] {dagbag.py:540} INFO - Filling up the DagBag from /Users/pablofrancoherrero/prueba_tecnica/venv/lib/python3.11/site-packages/airflow/example_dags/example_subdag_operator.py
[2026-04-28T23:18:18.402+0200] {processor.py:840} INFO - DAG(s) 'example_subdag_operator.section-1', 'example_subdag_operator.section-2', 'example_subdag_operator' retrieved from /Users/pablofrancoherrero/prueba_tecnica/venv/lib/python3.11/site-packages/airflow/example_dags/example_subdag_operator.py
[2026-04-28T23:18:18.411+0200] {logging_mixin.py:188} INFO - [2026-04-28T23:18:18.411+0200] {dag.py:3096} INFO - Sync 3 DAGs
[2026-04-28T23:18:18.416+0200] {logging_mixin.py:188} INFO - [2026-04-28T23:18:18.416+0200] {dag.py:3954} INFO - Setting next_dagrun for example_subdag_operator to 2022-01-01 00:00:00+00:00, run_after=2022-01-01 00:00:00+00:00
[2026-04-28T23:18:18.417+0200] {logging_mixin.py:188} INFO - [2026-04-28T23:18:18.417+0200] {dag.py:3954} INFO - Setting next_dagrun for example_subdag_operator.section-1 to None, run_after=None
[2026-04-28T23:18:18.417+0200] {logging_mixin.py:188} INFO - [2026-04-28T23:18:18.417+0200] {dag.py:3954} INFO - Setting next_dagrun for example_subdag_operator.section-2 to None, run_after=None
[2026-04-28T23:18:18.418+0200] {logging_mixin.py:188} INFO - [2026-04-28T23:18:18.418+0200] {dag.py:3096} INFO - Sync 2 DAGs
[2026-04-28T23:18:18.419+0200] {logging_mixin.py:188} INFO - [2026-04-28T23:18:18.419+0200] {dag.py:3954} INFO - Setting next_dagrun for example_subdag_operator.section-1 to None, run_after=None
[2026-04-28T23:18:18.419+0200] {logging_mixin.py:188} INFO - [2026-04-28T23:18:18.419+0200] {dag.py:3954} INFO - Setting next_dagrun for example_subdag_operator.section-2 to None, run_after=None
[2026-04-28T23:18:18.422+0200] {processor.py:183} INFO - Processing /Users/pablofrancoherrero/prueba_tecnica/venv/lib/python3.11/site-packages/airflow/example_dags/example_subdag_operator.py took 0.048 seconds
[2026-04-28T23:19:38.728+0200] {processor.py:161} INFO - Started process (PID=62803) to work on /Users/pablofrancoherrero/prueba_tecnica/venv/lib/python3.11/site-packages/airflow/example_dags/example_subdag_operator.py
[2026-04-28T23:19:38.729+0200] {processor.py:830} INFO - Processing file /Users/pablofrancoherrero/prueba_tecnica/venv/lib/python3.11/site-packages/airflow/example_dags/example_subdag_operator.py for tasks to queue
[2026-04-28T23:19:38.729+0200] {logging_mixin.py:188} INFO - [2026-04-28T23:19:38.729+0200] {dagbag.py:540} INFO - Filling up the DagBag from /Users/pablofrancoherrero/prueba_tecnica/venv/lib/python3.11/site-packages/airflow/example_dags/example_subdag_operator.py
[2026-04-28T23:19:38.754+0200] {processor.py:840} INFO - DAG(s) 'example_subdag_operator.section-1', 'example_subdag_operator.section-2', 'example_subdag_operator' retrieved from /Users/pablofrancoherrero/prueba_tecnica/venv/lib/python3.11/site-packages/airflow/example_dags/example_subdag_operator.py
[2026-04-28T23:19:38.763+0200] {logging_mixin.py:188} INFO - [2026-04-28T23:19:38.763+0200] {dag.py:3096} INFO - Sync 3 DAGs
[2026-04-28T23:19:38.768+0200] {logging_mixin.py:188} INFO - [2026-04-28T23:19:38.768+0200] {dag.py:3954} INFO - Setting next_dagrun for example_subdag_operator to 2022-01-01 00:00:00+00:00, run_after=2022-01-01 00:00:00+00:00
[2026-04-28T23:19:38.769+0200] {logging_mixin.py:188} INFO - [2026-04-28T23:19:38.769+0200] {dag.py:3954} INFO - Setting next_dagrun for example_subdag_operator.section-1 to None, run_after=None
[2026-04-28T23:19:38.769+0200] {logging_mixin.py:188} INFO - [2026-04-28T23:19:38.769+0200] {dag.py:3954} INFO - Setting next_dagrun for example_subdag_operator.section-2 to None, run_after=None
[2026-04-28T23:19:38.770+0200] {logging_mixin.py:188} INFO - [2026-04-28T23:19:38.770+0200] {dag.py:3096} INFO - Sync 2 DAGs
[2026-04-28T23:19:38.771+0200] {logging_mixin.py:188} INFO - [2026-04-28T23:19:38.771+0200] {dag.py:3954} INFO - Setting next_dagrun for example_subdag_operator.section-1 to None, run_after=None
[2026-04-28T23:19:38.771+0200] {logging_mixin.py:188} INFO - [2026-04-28T23:19:38.771+0200] {dag.py:3954} INFO - Setting next_dagrun for example_subdag_operator.section-2 to None, run_after=None
[2026-04-28T23:19:38.774+0200] {processor.py:183} INFO - Processing /Users/pablofrancoherrero/prueba_tecnica/venv/lib/python3.11/site-packages/airflow/example_dags/example_subdag_operator.py took 0.047 seconds
[2026-04-28T23:20:56.625+0200] {processor.py:161} INFO - Started process (PID=62891) to work on /Users/pablofrancoherrero/prueba_tecnica/venv/lib/python3.11/site-packages/airflow/example_dags/example_subdag_operator.py
[2026-04-28T23:20:56.626+0200] {processor.py:830} INFO - Processing file /Users/pablofrancoherrero/prueba_tecnica/venv/lib/python3.11/site-packages/airflow/example_dags/example_subdag_operator.py for tasks to queue
[2026-04-28T23:20:56.626+0200] {logging_mixin.py:188} INFO - [2026-04-28T23:20:56.626+0200] {dagbag.py:540} INFO - Filling up the DagBag from /Users/pablofrancoherrero/prueba_tecnica/venv/lib/python3.11/site-packages/airflow/example_dags/example_subdag_operator.py
[2026-04-28T23:20:56.651+0200] {processor.py:840} INFO - DAG(s) 'example_subdag_operator.section-1', 'example_subdag_operator.section-2', 'example_subdag_operator' retrieved from /Users/pablofrancoherrero/prueba_tecnica/venv/lib/python3.11/site-packages/airflow/example_dags/example_subdag_operator.py
[2026-04-28T23:20:56.659+0200] {logging_mixin.py:188} INFO - [2026-04-28T23:20:56.659+0200] {dag.py:3096} INFO - Sync 3 DAGs
[2026-04-28T23:20:56.664+0200] {logging_mixin.py:188} INFO - [2026-04-28T23:20:56.664+0200] {dag.py:3954} INFO - Setting next_dagrun for example_subdag_operator to 2022-01-01 00:00:00+00:00, run_after=2022-01-01 00:00:00+00:00
[2026-04-28T23:20:56.665+0200] {logging_mixin.py:188} INFO - [2026-04-28T23:20:56.665+0200] {dag.py:3954} INFO - Setting next_dagrun for example_subdag_operator.section-1 to None, run_after=None
[2026-04-28T23:20:56.665+0200] {logging_mixin.py:188} INFO - [2026-04-28T23:20:56.665+0200] {dag.py:3954} INFO - Setting next_dagrun for example_subdag_operator.section-2 to None, run_after=None
[2026-04-28T23:20:56.666+0200] {logging_mixin.py:188} INFO - [2026-04-28T23:20:56.666+0200] {dag.py:3096} INFO - Sync 2 DAGs
[2026-04-28T23:20:56.667+0200] {logging_mixin.py:188} INFO - [2026-04-28T23:20:56.667+0200] {dag.py:3954} INFO - Setting next_dagrun for example_subdag_operator.section-1 to None, run_after=None
[2026-04-28T23:20:56.667+0200] {logging_mixin.py:188} INFO - [2026-04-28T23:20:56.667+0200] {dag.py:3954} INFO - Setting next_dagrun for example_subdag_operator.section-2 to None, run_after=None
[2026-04-28T23:20:56.670+0200] {processor.py:183} INFO - Processing /Users/pablofrancoherrero/prueba_tecnica/venv/lib/python3.11/site-packages/airflow/example_dags/example_subdag_operator.py took 0.046 seconds
[2026-04-28T23:22:16.350+0200] {processor.py:161} INFO - Started process (PID=62988) to work on /Users/pablofrancoherrero/prueba_tecnica/venv/lib/python3.11/site-packages/airflow/example_dags/example_subdag_operator.py
[2026-04-28T23:22:16.351+0200] {processor.py:830} INFO - Processing file /Users/pablofrancoherrero/prueba_tecnica/venv/lib/python3.11/site-packages/airflow/example_dags/example_subdag_operator.py for tasks to queue
[2026-04-28T23:22:16.351+0200] {logging_mixin.py:188} INFO - [2026-04-28T23:22:16.351+0200] {dagbag.py:540} INFO - Filling up the DagBag from /Users/pablofrancoherrero/prueba_tecnica/venv/lib/python3.11/site-packages/airflow/example_dags/example_subdag_operator.py
[2026-04-28T23:22:16.377+0200] {processor.py:840} INFO - DAG(s) 'example_subdag_operator.section-1', 'example_subdag_operator.section-2', 'example_subdag_operator' retrieved from /Users/pablofrancoherrero/prueba_tecnica/venv/lib/python3.11/site-packages/airflow/example_dags/example_subdag_operator.py
[2026-04-28T23:22:16.386+0200] {logging_mixin.py:188} INFO - [2026-04-28T23:22:16.386+0200] {dag.py:3096} INFO - Sync 3 DAGs
[2026-04-28T23:22:16.391+0200] {logging_mixin.py:188} INFO - [2026-04-28T23:22:16.391+0200] {dag.py:3954} INFO - Setting next_dagrun for example_subdag_operator to 2022-01-01 00:00:00+00:00, run_after=2022-01-01 00:00:00+00:00
[2026-04-28T23:22:16.392+0200] {logging_mixin.py:188} INFO - [2026-04-28T23:22:16.392+0200] {dag.py:3954} INFO - Setting next_dagrun for example_subdag_operator.section-1 to None, run_after=None
[2026-04-28T23:22:16.392+0200] {logging_mixin.py:188} INFO - [2026-04-28T23:22:16.392+0200] {dag.py:3954} INFO - Setting next_dagrun for example_subdag_operator.section-2 to None, run_after=None
[2026-04-28T23:22:16.393+0200] {logging_mixin.py:188} INFO - [2026-04-28T23:22:16.393+0200] {dag.py:3096} INFO - Sync 2 DAGs
[2026-04-28T23:22:16.394+0200] {logging_mixin.py:188} INFO - [2026-04-28T23:22:16.394+0200] {dag.py:3954} INFO - Setting next_dagrun for example_subdag_operator.section-1 to None, run_after=None
[2026-04-28T23:22:16.394+0200] {logging_mixin.py:188} INFO - [2026-04-28T23:22:16.394+0200] {dag.py:3954} INFO - Setting next_dagrun for example_subdag_operator.section-2 to None, run_after=None
[2026-04-28T23:22:16.397+0200] {processor.py:183} INFO - Processing /Users/pablofrancoherrero/prueba_tecnica/venv/lib/python3.11/site-packages/airflow/example_dags/example_subdag_operator.py took 0.048 seconds
[2026-04-28T23:23:38.245+0200] {processor.py:161} INFO - Started process (PID=63113) to work on /Users/pablofrancoherrero/prueba_tecnica/venv/lib/python3.11/site-packages/airflow/example_dags/example_subdag_operator.py
[2026-04-28T23:23:38.246+0200] {processor.py:830} INFO - Processing file /Users/pablofrancoherrero/prueba_tecnica/venv/lib/python3.11/site-packages/airflow/example_dags/example_subdag_operator.py for tasks to queue
[2026-04-28T23:23:38.246+0200] {logging_mixin.py:188} INFO - [2026-04-28T23:23:38.246+0200] {dagbag.py:540} INFO - Filling up the DagBag from /Users/pablofrancoherrero/prueba_tecnica/venv/lib/python3.11/site-packages/airflow/example_dags/example_subdag_operator.py
[2026-04-28T23:23:38.273+0200] {processor.py:840} INFO - DAG(s) 'example_subdag_operator.section-1', 'example_subdag_operator.section-2', 'example_subdag_operator' retrieved from /Users/pablofrancoherrero/prueba_tecnica/venv/lib/python3.11/site-packages/airflow/example_dags/example_subdag_operator.py
[2026-04-28T23:23:38.282+0200] {logging_mixin.py:188} INFO - [2026-04-28T23:23:38.282+0200] {dag.py:3096} INFO - Sync 3 DAGs
[2026-04-28T23:23:38.287+0200] {logging_mixin.py:188} INFO - [2026-04-28T23:23:38.287+0200] {dag.py:3954} INFO - Setting next_dagrun for example_subdag_operator to 2022-01-01 00:00:00+00:00, run_after=2022-01-01 00:00:00+00:00
[2026-04-28T23:23:38.288+0200] {logging_mixin.py:188} INFO - [2026-04-28T23:23:38.287+0200] {dag.py:3954} INFO - Setting next_dagrun for example_subdag_operator.section-1 to None, run_after=None
[2026-04-28T23:23:38.288+0200] {logging_mixin.py:188} INFO - [2026-04-28T23:23:38.288+0200] {dag.py:3954} INFO - Setting next_dagrun for example_subdag_operator.section-2 to None, run_after=None
[2026-04-28T23:23:38.289+0200] {logging_mixin.py:188} INFO - [2026-04-28T23:23:38.289+0200] {dag.py:3096} INFO - Sync 2 DAGs
[2026-04-28T23:23:38.290+0200] {logging_mixin.py:188} INFO - [2026-04-28T23:23:38.290+0200] {dag.py:3954} INFO - Setting next_dagrun for example_subdag_operator.section-1 to None, run_after=None
[2026-04-28T23:23:38.290+0200] {logging_mixin.py:188} INFO - [2026-04-28T23:23:38.290+0200] {dag.py:3954} INFO - Setting next_dagrun for example_subdag_operator.section-2 to None, run_after=None
[2026-04-28T23:23:38.293+0200] {processor.py:183} INFO - Processing /Users/pablofrancoherrero/prueba_tecnica/venv/lib/python3.11/site-packages/airflow/example_dags/example_subdag_operator.py took 0.048 seconds
[2026-04-28T23:24:58.516+0200] {processor.py:161} INFO - Started process (PID=63203) to work on /Users/pablofrancoherrero/prueba_tecnica/venv/lib/python3.11/site-packages/airflow/example_dags/example_subdag_operator.py
[2026-04-28T23:24:58.517+0200] {processor.py:830} INFO - Processing file /Users/pablofrancoherrero/prueba_tecnica/venv/lib/python3.11/site-packages/airflow/example_dags/example_subdag_operator.py for tasks to queue
[2026-04-28T23:24:58.517+0200] {logging_mixin.py:188} INFO - [2026-04-28T23:24:58.517+0200] {dagbag.py:540} INFO - Filling up the DagBag from /Users/pablofrancoherrero/prueba_tecnica/venv/lib/python3.11/site-packages/airflow/example_dags/example_subdag_operator.py
[2026-04-28T23:24:58.544+0200] {processor.py:840} INFO - DAG(s) 'example_subdag_operator.section-1', 'example_subdag_operator.section-2', 'example_subdag_operator' retrieved from /Users/pablofrancoherrero/prueba_tecnica/venv/lib/python3.11/site-packages/airflow/example_dags/example_subdag_operator.py
[2026-04-28T23:24:58.553+0200] {logging_mixin.py:188} INFO - [2026-04-28T23:24:58.553+0200] {dag.py:3096} INFO - Sync 3 DAGs
[2026-04-28T23:24:58.558+0200] {logging_mixin.py:188} INFO - [2026-04-28T23:24:58.558+0200] {dag.py:3954} INFO - Setting next_dagrun for example_subdag_operator to 2022-01-01 00:00:00+00:00, run_after=2022-01-01 00:00:00+00:00
[2026-04-28T23:24:58.559+0200] {logging_mixin.py:188} INFO - [2026-04-28T23:24:58.559+0200] {dag.py:3954} INFO - Setting next_dagrun for example_subdag_operator.section-1 to None, run_after=None
[2026-04-28T23:24:58.559+0200] {logging_mixin.py:188} INFO - [2026-04-28T23:24:58.559+0200] {dag.py:3954} INFO - Setting next_dagrun for example_subdag_operator.section-2 to None, run_after=None
[2026-04-28T23:24:58.561+0200] {logging_mixin.py:188} INFO - [2026-04-28T23:24:58.561+0200] {dag.py:3096} INFO - Sync 2 DAGs
[2026-04-28T23:24:58.562+0200] {logging_mixin.py:188} INFO - [2026-04-28T23:24:58.562+0200] {dag.py:3954} INFO - Setting next_dagrun for example_subdag_operator.section-1 to None, run_after=None
[2026-04-28T23:24:58.562+0200] {logging_mixin.py:188} INFO - [2026-04-28T23:24:58.562+0200] {dag.py:3954} INFO - Setting next_dagrun for example_subdag_operator.section-2 to None, run_after=None
[2026-04-28T23:24:58.565+0200] {processor.py:183} INFO - Processing /Users/pablofrancoherrero/prueba_tecnica/venv/lib/python3.11/site-packages/airflow/example_dags/example_subdag_operator.py took 0.049 seconds
[2026-04-28T23:26:18.919+0200] {processor.py:161} INFO - Started process (PID=63322) to work on /Users/pablofrancoherrero/prueba_tecnica/venv/lib/python3.11/site-packages/airflow/example_dags/example_subdag_operator.py
[2026-04-28T23:26:18.919+0200] {processor.py:830} INFO - Processing file /Users/pablofrancoherrero/prueba_tecnica/venv/lib/python3.11/site-packages/airflow/example_dags/example_subdag_operator.py for tasks to queue
[2026-04-28T23:26:18.920+0200] {logging_mixin.py:188} INFO - [2026-04-28T23:26:18.920+0200] {dagbag.py:540} INFO - Filling up the DagBag from /Users/pablofrancoherrero/prueba_tecnica/venv/lib/python3.11/site-packages/airflow/example_dags/example_subdag_operator.py
[2026-04-28T23:26:18.944+0200] {processor.py:840} INFO - DAG(s) 'example_subdag_operator.section-1', 'example_subdag_operator.section-2', 'example_subdag_operator' retrieved from /Users/pablofrancoherrero/prueba_tecnica/venv/lib/python3.11/site-packages/airflow/example_dags/example_subdag_operator.py
[2026-04-28T23:26:18.953+0200] {logging_mixin.py:188} INFO - [2026-04-28T23:26:18.953+0200] {dag.py:3096} INFO - Sync 3 DAGs
[2026-04-28T23:26:18.958+0200] {logging_mixin.py:188} INFO - [2026-04-28T23:26:18.958+0200] {dag.py:3954} INFO - Setting next_dagrun for example_subdag_operator to 2022-01-01 00:00:00+00:00, run_after=2022-01-01 00:00:00+00:00
[2026-04-28T23:26:18.959+0200] {logging_mixin.py:188} INFO - [2026-04-28T23:26:18.959+0200] {dag.py:3954} INFO - Setting next_dagrun for example_subdag_operator.section-1 to None, run_after=None
[2026-04-28T23:26:18.959+0200] {logging_mixin.py:188} INFO - [2026-04-28T23:26:18.959+0200] {dag.py:3954} INFO - Setting next_dagrun for example_subdag_operator.section-2 to None, run_after=None
[2026-04-28T23:26:18.961+0200] {logging_mixin.py:188} INFO - [2026-04-28T23:26:18.961+0200] {dag.py:3096} INFO - Sync 2 DAGs
[2026-04-28T23:26:18.962+0200] {logging_mixin.py:188} INFO - [2026-04-28T23:26:18.962+0200] {dag.py:3954} INFO - Setting next_dagrun for example_subdag_operator.section-1 to None, run_after=None
[2026-04-28T23:26:18.962+0200] {logging_mixin.py:188} INFO - [2026-04-28T23:26:18.962+0200] {dag.py:3954} INFO - Setting next_dagrun for example_subdag_operator.section-2 to None, run_after=None
[2026-04-28T23:26:18.965+0200] {processor.py:183} INFO - Processing /Users/pablofrancoherrero/prueba_tecnica/venv/lib/python3.11/site-packages/airflow/example_dags/example_subdag_operator.py took 0.046 seconds
[2026-04-28T23:27:40.083+0200] {processor.py:161} INFO - Started process (PID=63439) to work on /Users/pablofrancoherrero/prueba_tecnica/venv/lib/python3.11/site-packages/airflow/example_dags/example_subdag_operator.py
[2026-04-28T23:27:40.084+0200] {processor.py:830} INFO - Processing file /Users/pablofrancoherrero/prueba_tecnica/venv/lib/python3.11/site-packages/airflow/example_dags/example_subdag_operator.py for tasks to queue
[2026-04-28T23:27:40.085+0200] {logging_mixin.py:188} INFO - [2026-04-28T23:27:40.085+0200] {dagbag.py:540} INFO - Filling up the DagBag from /Users/pablofrancoherrero/prueba_tecnica/venv/lib/python3.11/site-packages/airflow/example_dags/example_subdag_operator.py
[2026-04-28T23:27:40.111+0200] {processor.py:840} INFO - DAG(s) 'example_subdag_operator.section-1', 'example_subdag_operator.section-2', 'example_subdag_operator' retrieved from /Users/pablofrancoherrero/prueba_tecnica/venv/lib/python3.11/site-packages/airflow/example_dags/example_subdag_operator.py
[2026-04-28T23:27:40.120+0200] {logging_mixin.py:188} INFO - [2026-04-28T23:27:40.120+0200] {dag.py:3096} INFO - Sync 3 DAGs
[2026-04-28T23:27:40.124+0200] {logging_mixin.py:188} INFO - [2026-04-28T23:27:40.124+0200] {dag.py:3954} INFO - Setting next_dagrun for example_subdag_operator to 2022-01-01 00:00:00+00:00, run_after=2022-01-01 00:00:00+00:00
[2026-04-28T23:27:40.125+0200] {logging_mixin.py:188} INFO - [2026-04-28T23:27:40.125+0200] {dag.py:3954} INFO - Setting next_dagrun for example_subdag_operator.section-1 to None, run_after=None
[2026-04-28T23:27:40.125+0200] {logging_mixin.py:188} INFO - [2026-04-28T23:27:40.125+0200] {dag.py:3954} INFO - Setting next_dagrun for example_subdag_operator.section-2 to None, run_after=None
[2026-04-28T23:27:40.127+0200] {logging_mixin.py:188} INFO - [2026-04-28T23:27:40.127+0200] {dag.py:3096} INFO - Sync 2 DAGs
[2026-04-28T23:27:40.128+0200] {logging_mixin.py:188} INFO - [2026-04-28T23:27:40.128+0200] {dag.py:3954} INFO - Setting next_dagrun for example_subdag_operator.section-1 to None, run_after=None
[2026-04-28T23:27:40.128+0200] {logging_mixin.py:188} INFO - [2026-04-28T23:27:40.128+0200] {dag.py:3954} INFO - Setting next_dagrun for example_subdag_operator.section-2 to None, run_after=None
[2026-04-28T23:27:40.131+0200] {processor.py:183} INFO - Processing /Users/pablofrancoherrero/prueba_tecnica/venv/lib/python3.11/site-packages/airflow/example_dags/example_subdag_operator.py took 0.048 seconds
[2026-04-28T23:29:01.323+0200] {processor.py:161} INFO - Started process (PID=63539) to work on /Users/pablofrancoherrero/prueba_tecnica/venv/lib/python3.11/site-packages/airflow/example_dags/example_subdag_operator.py
[2026-04-28T23:29:01.323+0200] {processor.py:830} INFO - Processing file /Users/pablofrancoherrero/prueba_tecnica/venv/lib/python3.11/site-packages/airflow/example_dags/example_subdag_operator.py for tasks to queue
[2026-04-28T23:29:01.323+0200] {logging_mixin.py:188} INFO - [2026-04-28T23:29:01.323+0200] {dagbag.py:540} INFO - Filling up the DagBag from /Users/pablofrancoherrero/prueba_tecnica/venv/lib/python3.11/site-packages/airflow/example_dags/example_subdag_operator.py
[2026-04-28T23:29:01.349+0200] {processor.py:840} INFO - DAG(s) 'example_subdag_operator.section-1', 'example_subdag_operator.section-2', 'example_subdag_operator' retrieved from /Users/pablofrancoherrero/prueba_tecnica/venv/lib/python3.11/site-packages/airflow/example_dags/example_subdag_operator.py
[2026-04-28T23:29:01.357+0200] {logging_mixin.py:188} INFO - [2026-04-28T23:29:01.357+0200] {dag.py:3096} INFO - Sync 3 DAGs
[2026-04-28T23:29:01.362+0200] {logging_mixin.py:188} INFO - [2026-04-28T23:29:01.362+0200] {dag.py:3954} INFO - Setting next_dagrun for example_subdag_operator to 2022-01-01 00:00:00+00:00, run_after=2022-01-01 00:00:00+00:00
[2026-04-28T23:29:01.363+0200] {logging_mixin.py:188} INFO - [2026-04-28T23:29:01.363+0200] {dag.py:3954} INFO - Setting next_dagrun for example_subdag_operator.section-1 to None, run_after=None
[2026-04-28T23:29:01.363+0200] {logging_mixin.py:188} INFO - [2026-04-28T23:29:01.363+0200] {dag.py:3954} INFO - Setting next_dagrun for example_subdag_operator.section-2 to None, run_after=None
[2026-04-28T23:29:01.364+0200] {logging_mixin.py:188} INFO - [2026-04-28T23:29:01.364+0200] {dag.py:3096} INFO - Sync 2 DAGs
[2026-04-28T23:29:01.365+0200] {logging_mixin.py:188} INFO - [2026-04-28T23:29:01.365+0200] {dag.py:3954} INFO - Setting next_dagrun for example_subdag_operator.section-1 to None, run_after=None
[2026-04-28T23:29:01.365+0200] {logging_mixin.py:188} INFO - [2026-04-28T23:29:01.365+0200] {dag.py:3954} INFO - Setting next_dagrun for example_subdag_operator.section-2 to None, run_after=None
[2026-04-28T23:29:01.368+0200] {processor.py:183} INFO - Processing /Users/pablofrancoherrero/prueba_tecnica/venv/lib/python3.11/site-packages/airflow/example_dags/example_subdag_operator.py took 0.046 seconds
[2026-04-28T23:30:22.721+0200] {processor.py:161} INFO - Started process (PID=63664) to work on /Users/pablofrancoherrero/prueba_tecnica/venv/lib/python3.11/site-packages/airflow/example_dags/example_subdag_operator.py
[2026-04-28T23:30:22.721+0200] {processor.py:830} INFO - Processing file /Users/pablofrancoherrero/prueba_tecnica/venv/lib/python3.11/site-packages/airflow/example_dags/example_subdag_operator.py for tasks to queue
[2026-04-28T23:30:22.722+0200] {logging_mixin.py:188} INFO - [2026-04-28T23:30:22.722+0200] {dagbag.py:540} INFO - Filling up the DagBag from /Users/pablofrancoherrero/prueba_tecnica/venv/lib/python3.11/site-packages/airflow/example_dags/example_subdag_operator.py
[2026-04-28T23:30:22.748+0200] {processor.py:840} INFO - DAG(s) 'example_subdag_operator.section-1', 'example_subdag_operator.section-2', 'example_subdag_operator' retrieved from /Users/pablofrancoherrero/prueba_tecnica/venv/lib/python3.11/site-packages/airflow/example_dags/example_subdag_operator.py
[2026-04-28T23:30:22.757+0200] {logging_mixin.py:188} INFO - [2026-04-28T23:30:22.757+0200] {dag.py:3096} INFO - Sync 3 DAGs
[2026-04-28T23:30:22.762+0200] {logging_mixin.py:188} INFO - [2026-04-28T23:30:22.762+0200] {dag.py:3954} INFO - Setting next_dagrun for example_subdag_operator to 2022-01-01 00:00:00+00:00, run_after=2022-01-01 00:00:00+00:00
[2026-04-28T23:30:22.763+0200] {logging_mixin.py:188} INFO - [2026-04-28T23:30:22.763+0200] {dag.py:3954} INFO - Setting next_dagrun for example_subdag_operator.section-1 to None, run_after=None
[2026-04-28T23:30:22.763+0200] {logging_mixin.py:188} INFO - [2026-04-28T23:30:22.763+0200] {dag.py:3954} INFO - Setting next_dagrun for example_subdag_operator.section-2 to None, run_after=None
[2026-04-28T23:30:22.765+0200] {logging_mixin.py:188} INFO - [2026-04-28T23:30:22.765+0200] {dag.py:3096} INFO - Sync 2 DAGs
[2026-04-28T23:30:22.766+0200] {logging_mixin.py:188} INFO - [2026-04-28T23:30:22.766+0200] {dag.py:3954} INFO - Setting next_dagrun for example_subdag_operator.section-1 to None, run_after=None
[2026-04-28T23:30:22.766+0200] {logging_mixin.py:188} INFO - [2026-04-28T23:30:22.766+0200] {dag.py:3954} INFO - Setting next_dagrun for example_subdag_operator.section-2 to None, run_after=None
[2026-04-28T23:30:22.769+0200] {processor.py:183} INFO - Processing /Users/pablofrancoherrero/prueba_tecnica/venv/lib/python3.11/site-packages/airflow/example_dags/example_subdag_operator.py took 0.048 seconds
[2026-04-28T23:31:46.993+0200] {processor.py:161} INFO - Started process (PID=63769) to work on /Users/pablofrancoherrero/prueba_tecnica/venv/lib/python3.11/site-packages/airflow/example_dags/example_subdag_operator.py
[2026-04-28T23:31:46.994+0200] {processor.py:830} INFO - Processing file /Users/pablofrancoherrero/prueba_tecnica/venv/lib/python3.11/site-packages/airflow/example_dags/example_subdag_operator.py for tasks to queue
[2026-04-28T23:31:46.994+0200] {logging_mixin.py:188} INFO - [2026-04-28T23:31:46.994+0200] {dagbag.py:540} INFO - Filling up the DagBag from /Users/pablofrancoherrero/prueba_tecnica/venv/lib/python3.11/site-packages/airflow/example_dags/example_subdag_operator.py
[2026-04-28T23:31:47.022+0200] {processor.py:840} INFO - DAG(s) 'example_subdag_operator.section-1', 'example_subdag_operator.section-2', 'example_subdag_operator' retrieved from /Users/pablofrancoherrero/prueba_tecnica/venv/lib/python3.11/site-packages/airflow/example_dags/example_subdag_operator.py
[2026-04-28T23:31:47.031+0200] {logging_mixin.py:188} INFO - [2026-04-28T23:31:47.031+0200] {dag.py:3096} INFO - Sync 3 DAGs
[2026-04-28T23:31:47.036+0200] {logging_mixin.py:188} INFO - [2026-04-28T23:31:47.036+0200] {dag.py:3954} INFO - Setting next_dagrun for example_subdag_operator to 2022-01-01 00:00:00+00:00, run_after=2022-01-01 00:00:00+00:00
[2026-04-28T23:31:47.037+0200] {logging_mixin.py:188} INFO - [2026-04-28T23:31:47.037+0200] {dag.py:3954} INFO - Setting next_dagrun for example_subdag_operator.section-1 to None, run_after=None
[2026-04-28T23:31:47.038+0200] {logging_mixin.py:188} INFO - [2026-04-28T23:31:47.038+0200] {dag.py:3954} INFO - Setting next_dagrun for example_subdag_operator.section-2 to None, run_after=None
[2026-04-28T23:31:47.039+0200] {logging_mixin.py:188} INFO - [2026-04-28T23:31:47.039+0200] {dag.py:3096} INFO - Sync 2 DAGs
[2026-04-28T23:31:47.040+0200] {logging_mixin.py:188} INFO - [2026-04-28T23:31:47.040+0200] {dag.py:3954} INFO - Setting next_dagrun for example_subdag_operator.section-1 to None, run_after=None
[2026-04-28T23:31:47.040+0200] {logging_mixin.py:188} INFO - [2026-04-28T23:31:47.040+0200] {dag.py:3954} INFO - Setting next_dagrun for example_subdag_operator.section-2 to None, run_after=None
[2026-04-28T23:31:47.043+0200] {processor.py:183} INFO - Processing /Users/pablofrancoherrero/prueba_tecnica/venv/lib/python3.11/site-packages/airflow/example_dags/example_subdag_operator.py took 0.051 seconds
[2026-04-28T23:33:06.820+0200] {processor.py:161} INFO - Started process (PID=63878) to work on /Users/pablofrancoherrero/prueba_tecnica/venv/lib/python3.11/site-packages/airflow/example_dags/example_subdag_operator.py
[2026-04-28T23:33:06.821+0200] {processor.py:830} INFO - Processing file /Users/pablofrancoherrero/prueba_tecnica/venv/lib/python3.11/site-packages/airflow/example_dags/example_subdag_operator.py for tasks to queue
[2026-04-28T23:33:06.821+0200] {logging_mixin.py:188} INFO - [2026-04-28T23:33:06.821+0200] {dagbag.py:540} INFO - Filling up the DagBag from /Users/pablofrancoherrero/prueba_tecnica/venv/lib/python3.11/site-packages/airflow/example_dags/example_subdag_operator.py
[2026-04-28T23:33:06.847+0200] {processor.py:840} INFO - DAG(s) 'example_subdag_operator.section-1', 'example_subdag_operator.section-2', 'example_subdag_operator' retrieved from /Users/pablofrancoherrero/prueba_tecnica/venv/lib/python3.11/site-packages/airflow/example_dags/example_subdag_operator.py
[2026-04-28T23:33:06.856+0200] {logging_mixin.py:188} INFO - [2026-04-28T23:33:06.856+0200] {dag.py:3096} INFO - Sync 3 DAGs
[2026-04-28T23:33:06.861+0200] {logging_mixin.py:188} INFO - [2026-04-28T23:33:06.861+0200] {dag.py:3954} INFO - Setting next_dagrun for example_subdag_operator to 2022-01-01 00:00:00+00:00, run_after=2022-01-01 00:00:00+00:00
[2026-04-28T23:33:06.862+0200] {logging_mixin.py:188} INFO - [2026-04-28T23:33:06.862+0200] {dag.py:3954} INFO - Setting next_dagrun for example_subdag_operator.section-1 to None, run_after=None
[2026-04-28T23:33:06.862+0200] {logging_mixin.py:188} INFO - [2026-04-28T23:33:06.862+0200] {dag.py:3954} INFO - Setting next_dagrun for example_subdag_operator.section-2 to None, run_after=None
[2026-04-28T23:33:06.864+0200] {logging_mixin.py:188} INFO - [2026-04-28T23:33:06.864+0200] {dag.py:3096} INFO - Sync 2 DAGs
[2026-04-28T23:33:06.865+0200] {logging_mixin.py:188} INFO - [2026-04-28T23:33:06.865+0200] {dag.py:3954} INFO - Setting next_dagrun for example_subdag_operator.section-1 to None, run_after=None
[2026-04-28T23:33:06.865+0200] {logging_mixin.py:188} INFO - [2026-04-28T23:33:06.865+0200] {dag.py:3954} INFO - Setting next_dagrun for example_subdag_operator.section-2 to None, run_after=None
[2026-04-28T23:33:06.868+0200] {processor.py:183} INFO - Processing /Users/pablofrancoherrero/prueba_tecnica/venv/lib/python3.11/site-packages/airflow/example_dags/example_subdag_operator.py took 0.048 seconds
[2026-04-28T23:34:26.125+0200] {processor.py:161} INFO - Started process (PID=63966) to work on /Users/pablofrancoherrero/prueba_tecnica/venv/lib/python3.11/site-packages/airflow/example_dags/example_subdag_operator.py
[2026-04-28T23:34:26.126+0200] {processor.py:830} INFO - Processing file /Users/pablofrancoherrero/prueba_tecnica/venv/lib/python3.11/site-packages/airflow/example_dags/example_subdag_operator.py for tasks to queue
[2026-04-28T23:34:26.126+0200] {logging_mixin.py:188} INFO - [2026-04-28T23:34:26.126+0200] {dagbag.py:540} INFO - Filling up the DagBag from /Users/pablofrancoherrero/prueba_tecnica/venv/lib/python3.11/site-packages/airflow/example_dags/example_subdag_operator.py
[2026-04-28T23:34:26.152+0200] {processor.py:840} INFO - DAG(s) 'example_subdag_operator.section-1', 'example_subdag_operator.section-2', 'example_subdag_operator' retrieved from /Users/pablofrancoherrero/prueba_tecnica/venv/lib/python3.11/site-packages/airflow/example_dags/example_subdag_operator.py
[2026-04-28T23:34:26.161+0200] {logging_mixin.py:188} INFO - [2026-04-28T23:34:26.161+0200] {dag.py:3096} INFO - Sync 3 DAGs
[2026-04-28T23:34:26.165+0200] {logging_mixin.py:188} INFO - [2026-04-28T23:34:26.165+0200] {dag.py:3954} INFO - Setting next_dagrun for example_subdag_operator to 2022-01-01 00:00:00+00:00, run_after=2022-01-01 00:00:00+00:00
[2026-04-28T23:34:26.166+0200] {logging_mixin.py:188} INFO - [2026-04-28T23:34:26.166+0200] {dag.py:3954} INFO - Setting next_dagrun for example_subdag_operator.section-1 to None, run_after=None
[2026-04-28T23:34:26.166+0200] {logging_mixin.py:188} INFO - [2026-04-28T23:34:26.166+0200] {dag.py:3954} INFO - Setting next_dagrun for example_subdag_operator.section-2 to None, run_after=None
[2026-04-28T23:34:26.168+0200] {logging_mixin.py:188} INFO - [2026-04-28T23:34:26.168+0200] {dag.py:3096} INFO - Sync 2 DAGs
[2026-04-28T23:34:26.169+0200] {logging_mixin.py:188} INFO - [2026-04-28T23:34:26.169+0200] {dag.py:3954} INFO - Setting next_dagrun for example_subdag_operator.section-1 to None, run_after=None
[2026-04-28T23:34:26.169+0200] {logging_mixin.py:188} INFO - [2026-04-28T23:34:26.169+0200] {dag.py:3954} INFO - Setting next_dagrun for example_subdag_operator.section-2 to None, run_after=None
[2026-04-28T23:34:26.172+0200] {processor.py:183} INFO - Processing /Users/pablofrancoherrero/prueba_tecnica/venv/lib/python3.11/site-packages/airflow/example_dags/example_subdag_operator.py took 0.048 seconds
[2026-04-28T23:35:48.704+0200] {processor.py:161} INFO - Started process (PID=64049) to work on /Users/pablofrancoherrero/prueba_tecnica/venv/lib/python3.11/site-packages/airflow/example_dags/example_subdag_operator.py
[2026-04-28T23:35:48.705+0200] {processor.py:830} INFO - Processing file /Users/pablofrancoherrero/prueba_tecnica/venv/lib/python3.11/site-packages/airflow/example_dags/example_subdag_operator.py for tasks to queue
[2026-04-28T23:35:48.706+0200] {logging_mixin.py:188} INFO - [2026-04-28T23:35:48.705+0200] {dagbag.py:540} INFO - Filling up the DagBag from /Users/pablofrancoherrero/prueba_tecnica/venv/lib/python3.11/site-packages/airflow/example_dags/example_subdag_operator.py
[2026-04-28T23:35:48.731+0200] {processor.py:840} INFO - DAG(s) 'example_subdag_operator.section-1', 'example_subdag_operator.section-2', 'example_subdag_operator' retrieved from /Users/pablofrancoherrero/prueba_tecnica/venv/lib/python3.11/site-packages/airflow/example_dags/example_subdag_operator.py
[2026-04-28T23:35:48.739+0200] {logging_mixin.py:188} INFO - [2026-04-28T23:35:48.739+0200] {dag.py:3096} INFO - Sync 3 DAGs
[2026-04-28T23:35:48.744+0200] {logging_mixin.py:188} INFO - [2026-04-28T23:35:48.744+0200] {dag.py:3954} INFO - Setting next_dagrun for example_subdag_operator to 2022-01-01 00:00:00+00:00, run_after=2022-01-01 00:00:00+00:00
[2026-04-28T23:35:48.745+0200] {logging_mixin.py:188} INFO - [2026-04-28T23:35:48.744+0200] {dag.py:3954} INFO - Setting next_dagrun for example_subdag_operator.section-1 to None, run_after=None
[2026-04-28T23:35:48.745+0200] {logging_mixin.py:188} INFO - [2026-04-28T23:35:48.745+0200] {dag.py:3954} INFO - Setting next_dagrun for example_subdag_operator.section-2 to None, run_after=None
[2026-04-28T23:35:48.746+0200] {logging_mixin.py:188} INFO - [2026-04-28T23:35:48.746+0200] {dag.py:3096} INFO - Sync 2 DAGs
[2026-04-28T23:35:48.747+0200] {logging_mixin.py:188} INFO - [2026-04-28T23:35:48.747+0200] {dag.py:3954} INFO - Setting next_dagrun for example_subdag_operator.section-1 to None, run_after=None
[2026-04-28T23:35:48.747+0200] {logging_mixin.py:188} INFO - [2026-04-28T23:35:48.747+0200] {dag.py:3954} INFO - Setting next_dagrun for example_subdag_operator.section-2 to None, run_after=None
[2026-04-28T23:35:48.750+0200] {processor.py:183} INFO - Processing /Users/pablofrancoherrero/prueba_tecnica/venv/lib/python3.11/site-packages/airflow/example_dags/example_subdag_operator.py took 0.047 seconds
[2026-04-28T23:37:10.578+0200] {processor.py:161} INFO - Started process (PID=64135) to work on /Users/pablofrancoherrero/prueba_tecnica/venv/lib/python3.11/site-packages/airflow/example_dags/example_subdag_operator.py
[2026-04-28T23:37:10.579+0200] {processor.py:830} INFO - Processing file /Users/pablofrancoherrero/prueba_tecnica/venv/lib/python3.11/site-packages/airflow/example_dags/example_subdag_operator.py for tasks to queue
[2026-04-28T23:37:10.579+0200] {logging_mixin.py:188} INFO - [2026-04-28T23:37:10.579+0200] {dagbag.py:540} INFO - Filling up the DagBag from /Users/pablofrancoherrero/prueba_tecnica/venv/lib/python3.11/site-packages/airflow/example_dags/example_subdag_operator.py
[2026-04-28T23:37:10.606+0200] {processor.py:840} INFO - DAG(s) 'example_subdag_operator.section-1', 'example_subdag_operator.section-2', 'example_subdag_operator' retrieved from /Users/pablofrancoherrero/prueba_tecnica/venv/lib/python3.11/site-packages/airflow/example_dags/example_subdag_operator.py
[2026-04-28T23:37:10.615+0200] {logging_mixin.py:188} INFO - [2026-04-28T23:37:10.615+0200] {dag.py:3096} INFO - Sync 3 DAGs
[2026-04-28T23:37:10.620+0200] {logging_mixin.py:188} INFO - [2026-04-28T23:37:10.620+0200] {dag.py:3954} INFO - Setting next_dagrun for example_subdag_operator to 2022-01-01 00:00:00+00:00, run_after=2022-01-01 00:00:00+00:00
[2026-04-28T23:37:10.621+0200] {logging_mixin.py:188} INFO - [2026-04-28T23:37:10.621+0200] {dag.py:3954} INFO - Setting next_dagrun for example_subdag_operator.section-1 to None, run_after=None
[2026-04-28T23:37:10.621+0200] {logging_mixin.py:188} INFO - [2026-04-28T23:37:10.621+0200] {dag.py:3954} INFO - Setting next_dagrun for example_subdag_operator.section-2 to None, run_after=None
[2026-04-28T23:37:10.623+0200] {logging_mixin.py:188} INFO - [2026-04-28T23:37:10.622+0200] {dag.py:3096} INFO - Sync 2 DAGs
[2026-04-28T23:37:10.623+0200] {logging_mixin.py:188} INFO - [2026-04-28T23:37:10.623+0200] {dag.py:3954} INFO - Setting next_dagrun for example_subdag_operator.section-1 to None, run_after=None
[2026-04-28T23:37:10.623+0200] {logging_mixin.py:188} INFO - [2026-04-28T23:37:10.623+0200] {dag.py:3954} INFO - Setting next_dagrun for example_subdag_operator.section-2 to None, run_after=None
[2026-04-28T23:37:10.626+0200] {processor.py:183} INFO - Processing /Users/pablofrancoherrero/prueba_tecnica/venv/lib/python3.11/site-packages/airflow/example_dags/example_subdag_operator.py took 0.049 seconds
[2026-04-28T23:38:26.967+0200] {processor.py:161} INFO - Started process (PID=64232) to work on /Users/pablofrancoherrero/prueba_tecnica/venv/lib/python3.11/site-packages/airflow/example_dags/example_subdag_operator.py
[2026-04-28T23:38:26.968+0200] {processor.py:830} INFO - Processing file /Users/pablofrancoherrero/prueba_tecnica/venv/lib/python3.11/site-packages/airflow/example_dags/example_subdag_operator.py for tasks to queue
[2026-04-28T23:38:26.968+0200] {logging_mixin.py:188} INFO - [2026-04-28T23:38:26.968+0200] {dagbag.py:540} INFO - Filling up the DagBag from /Users/pablofrancoherrero/prueba_tecnica/venv/lib/python3.11/site-packages/airflow/example_dags/example_subdag_operator.py
[2026-04-28T23:38:26.994+0200] {processor.py:840} INFO - DAG(s) 'example_subdag_operator.section-1', 'example_subdag_operator.section-2', 'example_subdag_operator' retrieved from /Users/pablofrancoherrero/prueba_tecnica/venv/lib/python3.11/site-packages/airflow/example_dags/example_subdag_operator.py
[2026-04-28T23:38:27.003+0200] {logging_mixin.py:188} INFO - [2026-04-28T23:38:27.003+0200] {dag.py:3096} INFO - Sync 3 DAGs
[2026-04-28T23:38:27.007+0200] {logging_mixin.py:188} INFO - [2026-04-28T23:38:27.007+0200] {dag.py:3954} INFO - Setting next_dagrun for example_subdag_operator to 2022-01-01 00:00:00+00:00, run_after=2022-01-01 00:00:00+00:00
[2026-04-28T23:38:27.008+0200] {logging_mixin.py:188} INFO - [2026-04-28T23:38:27.008+0200] {dag.py:3954} INFO - Setting next_dagrun for example_subdag_operator.section-1 to None, run_after=None
[2026-04-28T23:38:27.008+0200] {logging_mixin.py:188} INFO - [2026-04-28T23:38:27.008+0200] {dag.py:3954} INFO - Setting next_dagrun for example_subdag_operator.section-2 to None, run_after=None
[2026-04-28T23:38:27.010+0200] {logging_mixin.py:188} INFO - [2026-04-28T23:38:27.010+0200] {dag.py:3096} INFO - Sync 2 DAGs
[2026-04-28T23:38:27.011+0200] {logging_mixin.py:188} INFO - [2026-04-28T23:38:27.011+0200] {dag.py:3954} INFO - Setting next_dagrun for example_subdag_operator.section-1 to None, run_after=None
[2026-04-28T23:38:27.011+0200] {logging_mixin.py:188} INFO - [2026-04-28T23:38:27.011+0200] {dag.py:3954} INFO - Setting next_dagrun for example_subdag_operator.section-2 to None, run_after=None
[2026-04-28T23:38:27.014+0200] {processor.py:183} INFO - Processing /Users/pablofrancoherrero/prueba_tecnica/venv/lib/python3.11/site-packages/airflow/example_dags/example_subdag_operator.py took 0.047 seconds
[2026-04-28T23:39:51.204+0200] {processor.py:161} INFO - Started process (PID=64377) to work on /Users/pablofrancoherrero/prueba_tecnica/venv/lib/python3.11/site-packages/airflow/example_dags/example_subdag_operator.py
[2026-04-28T23:39:51.205+0200] {processor.py:830} INFO - Processing file /Users/pablofrancoherrero/prueba_tecnica/venv/lib/python3.11/site-packages/airflow/example_dags/example_subdag_operator.py for tasks to queue
[2026-04-28T23:39:51.205+0200] {logging_mixin.py:188} INFO - [2026-04-28T23:39:51.205+0200] {dagbag.py:540} INFO - Filling up the DagBag from /Users/pablofrancoherrero/prueba_tecnica/venv/lib/python3.11/site-packages/airflow/example_dags/example_subdag_operator.py
[2026-04-28T23:39:51.231+0200] {processor.py:840} INFO - DAG(s) 'example_subdag_operator.section-1', 'example_subdag_operator.section-2', 'example_subdag_operator' retrieved from /Users/pablofrancoherrero/prueba_tecnica/venv/lib/python3.11/site-packages/airflow/example_dags/example_subdag_operator.py
[2026-04-28T23:39:51.240+0200] {logging_mixin.py:188} INFO - [2026-04-28T23:39:51.240+0200] {dag.py:3096} INFO - Sync 3 DAGs
[2026-04-28T23:39:51.245+0200] {logging_mixin.py:188} INFO - [2026-04-28T23:39:51.245+0200] {dag.py:3954} INFO - Setting next_dagrun for example_subdag_operator to 2022-01-01 00:00:00+00:00, run_after=2022-01-01 00:00:00+00:00
[2026-04-28T23:39:51.246+0200] {logging_mixin.py:188} INFO - [2026-04-28T23:39:51.246+0200] {dag.py:3954} INFO - Setting next_dagrun for example_subdag_operator.section-1 to None, run_after=None
[2026-04-28T23:39:51.246+0200] {logging_mixin.py:188} INFO - [2026-04-28T23:39:51.246+0200] {dag.py:3954} INFO - Setting next_dagrun for example_subdag_operator.section-2 to None, run_after=None
[2026-04-28T23:39:51.248+0200] {logging_mixin.py:188} INFO - [2026-04-28T23:39:51.248+0200] {dag.py:3096} INFO - Sync 2 DAGs
[2026-04-28T23:39:51.249+0200] {logging_mixin.py:188} INFO - [2026-04-28T23:39:51.249+0200] {dag.py:3954} INFO - Setting next_dagrun for example_subdag_operator.section-1 to None, run_after=None
[2026-04-28T23:39:51.249+0200] {logging_mixin.py:188} INFO - [2026-04-28T23:39:51.249+0200] {dag.py:3954} INFO - Setting next_dagrun for example_subdag_operator.section-2 to None, run_after=None
[2026-04-28T23:39:51.252+0200] {processor.py:183} INFO - Processing /Users/pablofrancoherrero/prueba_tecnica/venv/lib/python3.11/site-packages/airflow/example_dags/example_subdag_operator.py took 0.048 seconds
[2026-04-28T23:41:09.538+0200] {processor.py:161} INFO - Started process (PID=64515) to work on /Users/pablofrancoherrero/prueba_tecnica/venv/lib/python3.11/site-packages/airflow/example_dags/example_subdag_operator.py
[2026-04-28T23:41:09.539+0200] {processor.py:830} INFO - Processing file /Users/pablofrancoherrero/prueba_tecnica/venv/lib/python3.11/site-packages/airflow/example_dags/example_subdag_operator.py for tasks to queue
[2026-04-28T23:41:09.539+0200] {logging_mixin.py:188} INFO - [2026-04-28T23:41:09.539+0200] {dagbag.py:540} INFO - Filling up the DagBag from /Users/pablofrancoherrero/prueba_tecnica/venv/lib/python3.11/site-packages/airflow/example_dags/example_subdag_operator.py
[2026-04-28T23:41:09.565+0200] {processor.py:840} INFO - DAG(s) 'example_subdag_operator.section-1', 'example_subdag_operator.section-2', 'example_subdag_operator' retrieved from /Users/pablofrancoherrero/prueba_tecnica/venv/lib/python3.11/site-packages/airflow/example_dags/example_subdag_operator.py
[2026-04-28T23:41:09.574+0200] {logging_mixin.py:188} INFO - [2026-04-28T23:41:09.574+0200] {dag.py:3096} INFO - Sync 3 DAGs
[2026-04-28T23:41:09.579+0200] {logging_mixin.py:188} INFO - [2026-04-28T23:41:09.578+0200] {dag.py:3954} INFO - Setting next_dagrun for example_subdag_operator to 2022-01-01 00:00:00+00:00, run_after=2022-01-01 00:00:00+00:00
[2026-04-28T23:41:09.579+0200] {logging_mixin.py:188} INFO - [2026-04-28T23:41:09.579+0200] {dag.py:3954} INFO - Setting next_dagrun for example_subdag_operator.section-1 to None, run_after=None
[2026-04-28T23:41:09.580+0200] {logging_mixin.py:188} INFO - [2026-04-28T23:41:09.580+0200] {dag.py:3954} INFO - Setting next_dagrun for example_subdag_operator.section-2 to None, run_after=None
[2026-04-28T23:41:09.581+0200] {logging_mixin.py:188} INFO - [2026-04-28T23:41:09.581+0200] {dag.py:3096} INFO - Sync 2 DAGs
[2026-04-28T23:41:09.582+0200] {logging_mixin.py:188} INFO - [2026-04-28T23:41:09.582+0200] {dag.py:3954} INFO - Setting next_dagrun for example_subdag_operator.section-1 to None, run_after=None
[2026-04-28T23:41:09.582+0200] {logging_mixin.py:188} INFO - [2026-04-28T23:41:09.582+0200] {dag.py:3954} INFO - Setting next_dagrun for example_subdag_operator.section-2 to None, run_after=None
[2026-04-28T23:41:09.585+0200] {processor.py:183} INFO - Processing /Users/pablofrancoherrero/prueba_tecnica/venv/lib/python3.11/site-packages/airflow/example_dags/example_subdag_operator.py took 0.048 seconds
[2026-04-28T23:42:28.610+0200] {processor.py:161} INFO - Started process (PID=64608) to work on /Users/pablofrancoherrero/prueba_tecnica/venv/lib/python3.11/site-packages/airflow/example_dags/example_subdag_operator.py
[2026-04-28T23:42:28.611+0200] {processor.py:830} INFO - Processing file /Users/pablofrancoherrero/prueba_tecnica/venv/lib/python3.11/site-packages/airflow/example_dags/example_subdag_operator.py for tasks to queue
[2026-04-28T23:42:28.611+0200] {logging_mixin.py:188} INFO - [2026-04-28T23:42:28.611+0200] {dagbag.py:540} INFO - Filling up the DagBag from /Users/pablofrancoherrero/prueba_tecnica/venv/lib/python3.11/site-packages/airflow/example_dags/example_subdag_operator.py
[2026-04-28T23:42:28.637+0200] {processor.py:840} INFO - DAG(s) 'example_subdag_operator.section-1', 'example_subdag_operator.section-2', 'example_subdag_operator' retrieved from /Users/pablofrancoherrero/prueba_tecnica/venv/lib/python3.11/site-packages/airflow/example_dags/example_subdag_operator.py
[2026-04-28T23:42:28.645+0200] {logging_mixin.py:188} INFO - [2026-04-28T23:42:28.645+0200] {dag.py:3096} INFO - Sync 3 DAGs
[2026-04-28T23:42:28.650+0200] {logging_mixin.py:188} INFO - [2026-04-28T23:42:28.650+0200] {dag.py:3954} INFO - Setting next_dagrun for example_subdag_operator to 2022-01-01 00:00:00+00:00, run_after=2022-01-01 00:00:00+00:00
[2026-04-28T23:42:28.650+0200] {logging_mixin.py:188} INFO - [2026-04-28T23:42:28.650+0200] {dag.py:3954} INFO - Setting next_dagrun for example_subdag_operator.section-1 to None, run_after=None
[2026-04-28T23:42:28.651+0200] {logging_mixin.py:188} INFO - [2026-04-28T23:42:28.651+0200] {dag.py:3954} INFO - Setting next_dagrun for example_subdag_operator.section-2 to None, run_after=None
[2026-04-28T23:42:28.652+0200] {logging_mixin.py:188} INFO - [2026-04-28T23:42:28.652+0200] {dag.py:3096} INFO - Sync 2 DAGs
[2026-04-28T23:42:28.653+0200] {logging_mixin.py:188} INFO - [2026-04-28T23:42:28.653+0200] {dag.py:3954} INFO - Setting next_dagrun for example_subdag_operator.section-1 to None, run_after=None
[2026-04-28T23:42:28.653+0200] {logging_mixin.py:188} INFO - [2026-04-28T23:42:28.653+0200] {dag.py:3954} INFO - Setting next_dagrun for example_subdag_operator.section-2 to None, run_after=None
[2026-04-28T23:42:28.656+0200] {processor.py:183} INFO - Processing /Users/pablofrancoherrero/prueba_tecnica/venv/lib/python3.11/site-packages/airflow/example_dags/example_subdag_operator.py took 0.047 seconds
[2026-04-28T23:43:49.518+0200] {processor.py:161} INFO - Started process (PID=64705) to work on /Users/pablofrancoherrero/prueba_tecnica/venv/lib/python3.11/site-packages/airflow/example_dags/example_subdag_operator.py
[2026-04-28T23:43:49.519+0200] {processor.py:830} INFO - Processing file /Users/pablofrancoherrero/prueba_tecnica/venv/lib/python3.11/site-packages/airflow/example_dags/example_subdag_operator.py for tasks to queue
[2026-04-28T23:43:49.519+0200] {logging_mixin.py:188} INFO - [2026-04-28T23:43:49.519+0200] {dagbag.py:540} INFO - Filling up the DagBag from /Users/pablofrancoherrero/prueba_tecnica/venv/lib/python3.11/site-packages/airflow/example_dags/example_subdag_operator.py
[2026-04-28T23:43:49.543+0200] {processor.py:840} INFO - DAG(s) 'example_subdag_operator.section-1', 'example_subdag_operator.section-2', 'example_subdag_operator' retrieved from /Users/pablofrancoherrero/prueba_tecnica/venv/lib/python3.11/site-packages/airflow/example_dags/example_subdag_operator.py
[2026-04-28T23:43:49.552+0200] {logging_mixin.py:188} INFO - [2026-04-28T23:43:49.552+0200] {dag.py:3096} INFO - Sync 3 DAGs
[2026-04-28T23:43:49.557+0200] {logging_mixin.py:188} INFO - [2026-04-28T23:43:49.557+0200] {dag.py:3954} INFO - Setting next_dagrun for example_subdag_operator to 2022-01-01 00:00:00+00:00, run_after=2022-01-01 00:00:00+00:00
[2026-04-28T23:43:49.557+0200] {logging_mixin.py:188} INFO - [2026-04-28T23:43:49.557+0200] {dag.py:3954} INFO - Setting next_dagrun for example_subdag_operator.section-1 to None, run_after=None
[2026-04-28T23:43:49.558+0200] {logging_mixin.py:188} INFO - [2026-04-28T23:43:49.558+0200] {dag.py:3954} INFO - Setting next_dagrun for example_subdag_operator.section-2 to None, run_after=None
[2026-04-28T23:43:49.559+0200] {logging_mixin.py:188} INFO - [2026-04-28T23:43:49.559+0200] {dag.py:3096} INFO - Sync 2 DAGs
[2026-04-28T23:43:49.560+0200] {logging_mixin.py:188} INFO - [2026-04-28T23:43:49.560+0200] {dag.py:3954} INFO - Setting next_dagrun for example_subdag_operator.section-1 to None, run_after=None
[2026-04-28T23:43:49.560+0200] {logging_mixin.py:188} INFO - [2026-04-28T23:43:49.560+0200] {dag.py:3954} INFO - Setting next_dagrun for example_subdag_operator.section-2 to None, run_after=None
[2026-04-28T23:43:49.563+0200] {processor.py:183} INFO - Processing /Users/pablofrancoherrero/prueba_tecnica/venv/lib/python3.11/site-packages/airflow/example_dags/example_subdag_operator.py took 0.046 seconds
[2026-04-28T23:45:08.673+0200] {processor.py:161} INFO - Started process (PID=64791) to work on /Users/pablofrancoherrero/prueba_tecnica/venv/lib/python3.11/site-packages/airflow/example_dags/example_subdag_operator.py
[2026-04-28T23:45:08.674+0200] {processor.py:830} INFO - Processing file /Users/pablofrancoherrero/prueba_tecnica/venv/lib/python3.11/site-packages/airflow/example_dags/example_subdag_operator.py for tasks to queue
[2026-04-28T23:45:08.674+0200] {logging_mixin.py:188} INFO - [2026-04-28T23:45:08.674+0200] {dagbag.py:540} INFO - Filling up the DagBag from /Users/pablofrancoherrero/prueba_tecnica/venv/lib/python3.11/site-packages/airflow/example_dags/example_subdag_operator.py
[2026-04-28T23:45:08.700+0200] {processor.py:840} INFO - DAG(s) 'example_subdag_operator.section-1', 'example_subdag_operator.section-2', 'example_subdag_operator' retrieved from /Users/pablofrancoherrero/prueba_tecnica/venv/lib/python3.11/site-packages/airflow/example_dags/example_subdag_operator.py
[2026-04-28T23:45:08.709+0200] {logging_mixin.py:188} INFO - [2026-04-28T23:45:08.709+0200] {dag.py:3096} INFO - Sync 3 DAGs
[2026-04-28T23:45:08.714+0200] {logging_mixin.py:188} INFO - [2026-04-28T23:45:08.714+0200] {dag.py:3954} INFO - Setting next_dagrun for example_subdag_operator to 2022-01-01 00:00:00+00:00, run_after=2022-01-01 00:00:00+00:00
[2026-04-28T23:45:08.715+0200] {logging_mixin.py:188} INFO - [2026-04-28T23:45:08.715+0200] {dag.py:3954} INFO - Setting next_dagrun for example_subdag_operator.section-1 to None, run_after=None
[2026-04-28T23:45:08.715+0200] {logging_mixin.py:188} INFO - [2026-04-28T23:45:08.715+0200] {dag.py:3954} INFO - Setting next_dagrun for example_subdag_operator.section-2 to None, run_after=None
[2026-04-28T23:45:08.717+0200] {logging_mixin.py:188} INFO - [2026-04-28T23:45:08.717+0200] {dag.py:3096} INFO - Sync 2 DAGs
[2026-04-28T23:45:08.717+0200] {logging_mixin.py:188} INFO - [2026-04-28T23:45:08.717+0200] {dag.py:3954} INFO - Setting next_dagrun for example_subdag_operator.section-1 to None, run_after=None
[2026-04-28T23:45:08.718+0200] {logging_mixin.py:188} INFO - [2026-04-28T23:45:08.718+0200] {dag.py:3954} INFO - Setting next_dagrun for example_subdag_operator.section-2 to None, run_after=None
[2026-04-28T23:45:08.721+0200] {processor.py:183} INFO - Processing /Users/pablofrancoherrero/prueba_tecnica/venv/lib/python3.11/site-packages/airflow/example_dags/example_subdag_operator.py took 0.048 seconds
[2026-04-28T23:46:30.321+0200] {processor.py:161} INFO - Started process (PID=64875) to work on /Users/pablofrancoherrero/prueba_tecnica/venv/lib/python3.11/site-packages/airflow/example_dags/example_subdag_operator.py
[2026-04-28T23:46:30.322+0200] {processor.py:830} INFO - Processing file /Users/pablofrancoherrero/prueba_tecnica/venv/lib/python3.11/site-packages/airflow/example_dags/example_subdag_operator.py for tasks to queue
[2026-04-28T23:46:30.322+0200] {logging_mixin.py:188} INFO - [2026-04-28T23:46:30.322+0200] {dagbag.py:540} INFO - Filling up the DagBag from /Users/pablofrancoherrero/prueba_tecnica/venv/lib/python3.11/site-packages/airflow/example_dags/example_subdag_operator.py
[2026-04-28T23:46:30.347+0200] {processor.py:840} INFO - DAG(s) 'example_subdag_operator.section-1', 'example_subdag_operator.section-2', 'example_subdag_operator' retrieved from /Users/pablofrancoherrero/prueba_tecnica/venv/lib/python3.11/site-packages/airflow/example_dags/example_subdag_operator.py
[2026-04-28T23:46:30.355+0200] {logging_mixin.py:188} INFO - [2026-04-28T23:46:30.355+0200] {dag.py:3096} INFO - Sync 3 DAGs
[2026-04-28T23:46:30.360+0200] {logging_mixin.py:188} INFO - [2026-04-28T23:46:30.360+0200] {dag.py:3954} INFO - Setting next_dagrun for example_subdag_operator to 2022-01-01 00:00:00+00:00, run_after=2022-01-01 00:00:00+00:00
[2026-04-28T23:46:30.360+0200] {logging_mixin.py:188} INFO - [2026-04-28T23:46:30.360+0200] {dag.py:3954} INFO - Setting next_dagrun for example_subdag_operator.section-1 to None, run_after=None
[2026-04-28T23:46:30.361+0200] {logging_mixin.py:188} INFO - [2026-04-28T23:46:30.361+0200] {dag.py:3954} INFO - Setting next_dagrun for example_subdag_operator.section-2 to None, run_after=None
[2026-04-28T23:46:30.362+0200] {logging_mixin.py:188} INFO - [2026-04-28T23:46:30.362+0200] {dag.py:3096} INFO - Sync 2 DAGs
[2026-04-28T23:46:30.363+0200] {logging_mixin.py:188} INFO - [2026-04-28T23:46:30.363+0200] {dag.py:3954} INFO - Setting next_dagrun for example_subdag_operator.section-1 to None, run_after=None
[2026-04-28T23:46:30.363+0200] {logging_mixin.py:188} INFO - [2026-04-28T23:46:30.363+0200] {dag.py:3954} INFO - Setting next_dagrun for example_subdag_operator.section-2 to None, run_after=None
[2026-04-28T23:46:30.366+0200] {processor.py:183} INFO - Processing /Users/pablofrancoherrero/prueba_tecnica/venv/lib/python3.11/site-packages/airflow/example_dags/example_subdag_operator.py took 0.046 seconds
[2026-04-28T23:47:52.199+0200] {processor.py:161} INFO - Started process (PID=64977) to work on /Users/pablofrancoherrero/prueba_tecnica/venv/lib/python3.11/site-packages/airflow/example_dags/example_subdag_operator.py
[2026-04-28T23:47:52.200+0200] {processor.py:830} INFO - Processing file /Users/pablofrancoherrero/prueba_tecnica/venv/lib/python3.11/site-packages/airflow/example_dags/example_subdag_operator.py for tasks to queue
[2026-04-28T23:47:52.201+0200] {logging_mixin.py:188} INFO - [2026-04-28T23:47:52.201+0200] {dagbag.py:540} INFO - Filling up the DagBag from /Users/pablofrancoherrero/prueba_tecnica/venv/lib/python3.11/site-packages/airflow/example_dags/example_subdag_operator.py
[2026-04-28T23:47:52.226+0200] {processor.py:840} INFO - DAG(s) 'example_subdag_operator.section-1', 'example_subdag_operator.section-2', 'example_subdag_operator' retrieved from /Users/pablofrancoherrero/prueba_tecnica/venv/lib/python3.11/site-packages/airflow/example_dags/example_subdag_operator.py
[2026-04-28T23:47:52.234+0200] {logging_mixin.py:188} INFO - [2026-04-28T23:47:52.234+0200] {dag.py:3096} INFO - Sync 3 DAGs
[2026-04-28T23:47:52.239+0200] {logging_mixin.py:188} INFO - [2026-04-28T23:47:52.239+0200] {dag.py:3954} INFO - Setting next_dagrun for example_subdag_operator to 2022-01-01 00:00:00+00:00, run_after=2022-01-01 00:00:00+00:00
[2026-04-28T23:47:52.240+0200] {logging_mixin.py:188} INFO - [2026-04-28T23:47:52.240+0200] {dag.py:3954} INFO - Setting next_dagrun for example_subdag_operator.section-1 to None, run_after=None
[2026-04-28T23:47:52.240+0200] {logging_mixin.py:188} INFO - [2026-04-28T23:47:52.240+0200] {dag.py:3954} INFO - Setting next_dagrun for example_subdag_operator.section-2 to None, run_after=None
[2026-04-28T23:47:52.241+0200] {logging_mixin.py:188} INFO - [2026-04-28T23:47:52.241+0200] {dag.py:3096} INFO - Sync 2 DAGs
[2026-04-28T23:47:52.242+0200] {logging_mixin.py:188} INFO - [2026-04-28T23:47:52.242+0200] {dag.py:3954} INFO - Setting next_dagrun for example_subdag_operator.section-1 to None, run_after=None
[2026-04-28T23:47:52.242+0200] {logging_mixin.py:188} INFO - [2026-04-28T23:47:52.242+0200] {dag.py:3954} INFO - Setting next_dagrun for example_subdag_operator.section-2 to None, run_after=None
[2026-04-28T23:47:52.245+0200] {processor.py:183} INFO - Processing /Users/pablofrancoherrero/prueba_tecnica/venv/lib/python3.11/site-packages/airflow/example_dags/example_subdag_operator.py took 0.047 seconds
[2026-04-28T23:49:10.941+0200] {processor.py:161} INFO - Started process (PID=65071) to work on /Users/pablofrancoherrero/prueba_tecnica/venv/lib/python3.11/site-packages/airflow/example_dags/example_subdag_operator.py
[2026-04-28T23:49:10.942+0200] {processor.py:830} INFO - Processing file /Users/pablofrancoherrero/prueba_tecnica/venv/lib/python3.11/site-packages/airflow/example_dags/example_subdag_operator.py for tasks to queue
[2026-04-28T23:49:10.942+0200] {logging_mixin.py:188} INFO - [2026-04-28T23:49:10.942+0200] {dagbag.py:540} INFO - Filling up the DagBag from /Users/pablofrancoherrero/prueba_tecnica/venv/lib/python3.11/site-packages/airflow/example_dags/example_subdag_operator.py
[2026-04-28T23:49:10.967+0200] {processor.py:840} INFO - DAG(s) 'example_subdag_operator.section-1', 'example_subdag_operator.section-2', 'example_subdag_operator' retrieved from /Users/pablofrancoherrero/prueba_tecnica/venv/lib/python3.11/site-packages/airflow/example_dags/example_subdag_operator.py
[2026-04-28T23:49:10.976+0200] {logging_mixin.py:188} INFO - [2026-04-28T23:49:10.976+0200] {dag.py:3096} INFO - Sync 3 DAGs
[2026-04-28T23:49:10.980+0200] {logging_mixin.py:188} INFO - [2026-04-28T23:49:10.980+0200] {dag.py:3954} INFO - Setting next_dagrun for example_subdag_operator to 2022-01-01 00:00:00+00:00, run_after=2022-01-01 00:00:00+00:00
[2026-04-28T23:49:10.981+0200] {logging_mixin.py:188} INFO - [2026-04-28T23:49:10.981+0200] {dag.py:3954} INFO - Setting next_dagrun for example_subdag_operator.section-1 to None, run_after=None
[2026-04-28T23:49:10.981+0200] {logging_mixin.py:188} INFO - [2026-04-28T23:49:10.981+0200] {dag.py:3954} INFO - Setting next_dagrun for example_subdag_operator.section-2 to None, run_after=None
[2026-04-28T23:49:10.983+0200] {logging_mixin.py:188} INFO - [2026-04-28T23:49:10.983+0200] {dag.py:3096} INFO - Sync 2 DAGs
[2026-04-28T23:49:10.984+0200] {logging_mixin.py:188} INFO - [2026-04-28T23:49:10.984+0200] {dag.py:3954} INFO - Setting next_dagrun for example_subdag_operator.section-1 to None, run_after=None
[2026-04-28T23:49:10.984+0200] {logging_mixin.py:188} INFO - [2026-04-28T23:49:10.984+0200] {dag.py:3954} INFO - Setting next_dagrun for example_subdag_operator.section-2 to None, run_after=None
[2026-04-28T23:49:10.987+0200] {processor.py:183} INFO - Processing /Users/pablofrancoherrero/prueba_tecnica/venv/lib/python3.11/site-packages/airflow/example_dags/example_subdag_operator.py took 0.046 seconds
[2026-04-28T23:50:33.323+0200] {processor.py:161} INFO - Started process (PID=65166) to work on /Users/pablofrancoherrero/prueba_tecnica/venv/lib/python3.11/site-packages/airflow/example_dags/example_subdag_operator.py
[2026-04-28T23:50:33.323+0200] {processor.py:830} INFO - Processing file /Users/pablofrancoherrero/prueba_tecnica/venv/lib/python3.11/site-packages/airflow/example_dags/example_subdag_operator.py for tasks to queue
[2026-04-28T23:50:33.323+0200] {logging_mixin.py:188} INFO - [2026-04-28T23:50:33.323+0200] {dagbag.py:540} INFO - Filling up the DagBag from /Users/pablofrancoherrero/prueba_tecnica/venv/lib/python3.11/site-packages/airflow/example_dags/example_subdag_operator.py
[2026-04-28T23:50:33.349+0200] {processor.py:840} INFO - DAG(s) 'example_subdag_operator.section-1', 'example_subdag_operator.section-2', 'example_subdag_operator' retrieved from /Users/pablofrancoherrero/prueba_tecnica/venv/lib/python3.11/site-packages/airflow/example_dags/example_subdag_operator.py
[2026-04-28T23:50:33.358+0200] {logging_mixin.py:188} INFO - [2026-04-28T23:50:33.358+0200] {dag.py:3096} INFO - Sync 3 DAGs
[2026-04-28T23:50:33.363+0200] {logging_mixin.py:188} INFO - [2026-04-28T23:50:33.363+0200] {dag.py:3954} INFO - Setting next_dagrun for example_subdag_operator to 2022-01-01 00:00:00+00:00, run_after=2022-01-01 00:00:00+00:00
[2026-04-28T23:50:33.364+0200] {logging_mixin.py:188} INFO - [2026-04-28T23:50:33.364+0200] {dag.py:3954} INFO - Setting next_dagrun for example_subdag_operator.section-1 to None, run_after=None
[2026-04-28T23:50:33.364+0200] {logging_mixin.py:188} INFO - [2026-04-28T23:50:33.364+0200] {dag.py:3954} INFO - Setting next_dagrun for example_subdag_operator.section-2 to None, run_after=None
[2026-04-28T23:50:33.365+0200] {logging_mixin.py:188} INFO - [2026-04-28T23:50:33.365+0200] {dag.py:3096} INFO - Sync 2 DAGs
[2026-04-28T23:50:33.366+0200] {logging_mixin.py:188} INFO - [2026-04-28T23:50:33.366+0200] {dag.py:3954} INFO - Setting next_dagrun for example_subdag_operator.section-1 to None, run_after=None
[2026-04-28T23:50:33.366+0200] {logging_mixin.py:188} INFO - [2026-04-28T23:50:33.366+0200] {dag.py:3954} INFO - Setting next_dagrun for example_subdag_operator.section-2 to None, run_after=None
[2026-04-28T23:50:33.369+0200] {processor.py:183} INFO - Processing /Users/pablofrancoherrero/prueba_tecnica/venv/lib/python3.11/site-packages/airflow/example_dags/example_subdag_operator.py took 0.047 seconds
[2026-04-28T23:51:55.026+0200] {processor.py:161} INFO - Started process (PID=65253) to work on /Users/pablofrancoherrero/prueba_tecnica/venv/lib/python3.11/site-packages/airflow/example_dags/example_subdag_operator.py
[2026-04-28T23:51:55.027+0200] {processor.py:830} INFO - Processing file /Users/pablofrancoherrero/prueba_tecnica/venv/lib/python3.11/site-packages/airflow/example_dags/example_subdag_operator.py for tasks to queue
[2026-04-28T23:51:55.027+0200] {logging_mixin.py:188} INFO - [2026-04-28T23:51:55.027+0200] {dagbag.py:540} INFO - Filling up the DagBag from /Users/pablofrancoherrero/prueba_tecnica/venv/lib/python3.11/site-packages/airflow/example_dags/example_subdag_operator.py
[2026-04-28T23:51:55.052+0200] {processor.py:840} INFO - DAG(s) 'example_subdag_operator.section-1', 'example_subdag_operator.section-2', 'example_subdag_operator' retrieved from /Users/pablofrancoherrero/prueba_tecnica/venv/lib/python3.11/site-packages/airflow/example_dags/example_subdag_operator.py
[2026-04-28T23:51:55.061+0200] {logging_mixin.py:188} INFO - [2026-04-28T23:51:55.061+0200] {dag.py:3096} INFO - Sync 3 DAGs
[2026-04-28T23:51:55.065+0200] {logging_mixin.py:188} INFO - [2026-04-28T23:51:55.065+0200] {dag.py:3954} INFO - Setting next_dagrun for example_subdag_operator to 2022-01-01 00:00:00+00:00, run_after=2022-01-01 00:00:00+00:00
[2026-04-28T23:51:55.066+0200] {logging_mixin.py:188} INFO - [2026-04-28T23:51:55.066+0200] {dag.py:3954} INFO - Setting next_dagrun for example_subdag_operator.section-1 to None, run_after=None
[2026-04-28T23:51:55.066+0200] {logging_mixin.py:188} INFO - [2026-04-28T23:51:55.066+0200] {dag.py:3954} INFO - Setting next_dagrun for example_subdag_operator.section-2 to None, run_after=None
[2026-04-28T23:51:55.068+0200] {logging_mixin.py:188} INFO - [2026-04-28T23:51:55.068+0200] {dag.py:3096} INFO - Sync 2 DAGs
[2026-04-28T23:51:55.069+0200] {logging_mixin.py:188} INFO - [2026-04-28T23:51:55.069+0200] {dag.py:3954} INFO - Setting next_dagrun for example_subdag_operator.section-1 to None, run_after=None
[2026-04-28T23:51:55.069+0200] {logging_mixin.py:188} INFO - [2026-04-28T23:51:55.069+0200] {dag.py:3954} INFO - Setting next_dagrun for example_subdag_operator.section-2 to None, run_after=None
[2026-04-28T23:51:55.072+0200] {processor.py:183} INFO - Processing /Users/pablofrancoherrero/prueba_tecnica/venv/lib/python3.11/site-packages/airflow/example_dags/example_subdag_operator.py took 0.047 seconds
[2026-04-28T23:53:14.090+0200] {processor.py:161} INFO - Started process (PID=65346) to work on /Users/pablofrancoherrero/prueba_tecnica/venv/lib/python3.11/site-packages/airflow/example_dags/example_subdag_operator.py
[2026-04-28T23:53:14.091+0200] {processor.py:830} INFO - Processing file /Users/pablofrancoherrero/prueba_tecnica/venv/lib/python3.11/site-packages/airflow/example_dags/example_subdag_operator.py for tasks to queue
[2026-04-28T23:53:14.091+0200] {logging_mixin.py:188} INFO - [2026-04-28T23:53:14.091+0200] {dagbag.py:540} INFO - Filling up the DagBag from /Users/pablofrancoherrero/prueba_tecnica/venv/lib/python3.11/site-packages/airflow/example_dags/example_subdag_operator.py
[2026-04-28T23:53:14.117+0200] {processor.py:840} INFO - DAG(s) 'example_subdag_operator.section-1', 'example_subdag_operator.section-2', 'example_subdag_operator' retrieved from /Users/pablofrancoherrero/prueba_tecnica/venv/lib/python3.11/site-packages/airflow/example_dags/example_subdag_operator.py
[2026-04-28T23:53:14.125+0200] {logging_mixin.py:188} INFO - [2026-04-28T23:53:14.125+0200] {dag.py:3096} INFO - Sync 3 DAGs
[2026-04-28T23:53:14.130+0200] {logging_mixin.py:188} INFO - [2026-04-28T23:53:14.130+0200] {dag.py:3954} INFO - Setting next_dagrun for example_subdag_operator to 2022-01-01 00:00:00+00:00, run_after=2022-01-01 00:00:00+00:00
[2026-04-28T23:53:14.131+0200] {logging_mixin.py:188} INFO - [2026-04-28T23:53:14.131+0200] {dag.py:3954} INFO - Setting next_dagrun for example_subdag_operator.section-1 to None, run_after=None
[2026-04-28T23:53:14.131+0200] {logging_mixin.py:188} INFO - [2026-04-28T23:53:14.131+0200] {dag.py:3954} INFO - Setting next_dagrun for example_subdag_operator.section-2 to None, run_after=None
[2026-04-28T23:53:14.132+0200] {logging_mixin.py:188} INFO - [2026-04-28T23:53:14.132+0200] {dag.py:3096} INFO - Sync 2 DAGs
[2026-04-28T23:53:14.133+0200] {logging_mixin.py:188} INFO - [2026-04-28T23:53:14.133+0200] {dag.py:3954} INFO - Setting next_dagrun for example_subdag_operator.section-1 to None, run_after=None
[2026-04-28T23:53:14.133+0200] {logging_mixin.py:188} INFO - [2026-04-28T23:53:14.133+0200] {dag.py:3954} INFO - Setting next_dagrun for example_subdag_operator.section-2 to None, run_after=None
[2026-04-28T23:53:14.136+0200] {processor.py:183} INFO - Processing /Users/pablofrancoherrero/prueba_tecnica/venv/lib/python3.11/site-packages/airflow/example_dags/example_subdag_operator.py took 0.047 seconds
[2026-04-28T23:54:32.462+0200] {processor.py:161} INFO - Started process (PID=65431) to work on /Users/pablofrancoherrero/prueba_tecnica/venv/lib/python3.11/site-packages/airflow/example_dags/example_subdag_operator.py
[2026-04-28T23:54:32.463+0200] {processor.py:830} INFO - Processing file /Users/pablofrancoherrero/prueba_tecnica/venv/lib/python3.11/site-packages/airflow/example_dags/example_subdag_operator.py for tasks to queue
[2026-04-28T23:54:32.463+0200] {logging_mixin.py:188} INFO - [2026-04-28T23:54:32.463+0200] {dagbag.py:540} INFO - Filling up the DagBag from /Users/pablofrancoherrero/prueba_tecnica/venv/lib/python3.11/site-packages/airflow/example_dags/example_subdag_operator.py
[2026-04-28T23:54:32.490+0200] {processor.py:840} INFO - DAG(s) 'example_subdag_operator.section-1', 'example_subdag_operator.section-2', 'example_subdag_operator' retrieved from /Users/pablofrancoherrero/prueba_tecnica/venv/lib/python3.11/site-packages/airflow/example_dags/example_subdag_operator.py
[2026-04-28T23:54:32.499+0200] {logging_mixin.py:188} INFO - [2026-04-28T23:54:32.499+0200] {dag.py:3096} INFO - Sync 3 DAGs
[2026-04-28T23:54:32.504+0200] {logging_mixin.py:188} INFO - [2026-04-28T23:54:32.503+0200] {dag.py:3954} INFO - Setting next_dagrun for example_subdag_operator to 2022-01-01 00:00:00+00:00, run_after=2022-01-01 00:00:00+00:00
[2026-04-28T23:54:32.504+0200] {logging_mixin.py:188} INFO - [2026-04-28T23:54:32.504+0200] {dag.py:3954} INFO - Setting next_dagrun for example_subdag_operator.section-1 to None, run_after=None
[2026-04-28T23:54:32.505+0200] {logging_mixin.py:188} INFO - [2026-04-28T23:54:32.505+0200] {dag.py:3954} INFO - Setting next_dagrun for example_subdag_operator.section-2 to None, run_after=None
[2026-04-28T23:54:32.506+0200] {logging_mixin.py:188} INFO - [2026-04-28T23:54:32.506+0200] {dag.py:3096} INFO - Sync 2 DAGs
[2026-04-28T23:54:32.507+0200] {logging_mixin.py:188} INFO - [2026-04-28T23:54:32.507+0200] {dag.py:3954} INFO - Setting next_dagrun for example_subdag_operator.section-1 to None, run_after=None
[2026-04-28T23:54:32.507+0200] {logging_mixin.py:188} INFO - [2026-04-28T23:54:32.507+0200] {dag.py:3954} INFO - Setting next_dagrun for example_subdag_operator.section-2 to None, run_after=None
[2026-04-28T23:54:32.510+0200] {processor.py:183} INFO - Processing /Users/pablofrancoherrero/prueba_tecnica/venv/lib/python3.11/site-packages/airflow/example_dags/example_subdag_operator.py took 0.048 seconds
[2026-04-28T23:55:46.512+0200] {processor.py:161} INFO - Started process (PID=65514) to work on /Users/pablofrancoherrero/prueba_tecnica/venv/lib/python3.11/site-packages/airflow/example_dags/example_subdag_operator.py
[2026-04-28T23:55:46.513+0200] {processor.py:830} INFO - Processing file /Users/pablofrancoherrero/prueba_tecnica/venv/lib/python3.11/site-packages/airflow/example_dags/example_subdag_operator.py for tasks to queue
[2026-04-28T23:55:46.513+0200] {logging_mixin.py:188} INFO - [2026-04-28T23:55:46.513+0200] {dagbag.py:540} INFO - Filling up the DagBag from /Users/pablofrancoherrero/prueba_tecnica/venv/lib/python3.11/site-packages/airflow/example_dags/example_subdag_operator.py
[2026-04-28T23:55:46.538+0200] {processor.py:840} INFO - DAG(s) 'example_subdag_operator.section-1', 'example_subdag_operator.section-2', 'example_subdag_operator' retrieved from /Users/pablofrancoherrero/prueba_tecnica/venv/lib/python3.11/site-packages/airflow/example_dags/example_subdag_operator.py
[2026-04-28T23:55:46.546+0200] {logging_mixin.py:188} INFO - [2026-04-28T23:55:46.546+0200] {dag.py:3096} INFO - Sync 3 DAGs
[2026-04-28T23:55:46.551+0200] {logging_mixin.py:188} INFO - [2026-04-28T23:55:46.551+0200] {dag.py:3954} INFO - Setting next_dagrun for example_subdag_operator to 2022-01-01 00:00:00+00:00, run_after=2022-01-01 00:00:00+00:00
[2026-04-28T23:55:46.552+0200] {logging_mixin.py:188} INFO - [2026-04-28T23:55:46.552+0200] {dag.py:3954} INFO - Setting next_dagrun for example_subdag_operator.section-1 to None, run_after=None
[2026-04-28T23:55:46.552+0200] {logging_mixin.py:188} INFO - [2026-04-28T23:55:46.552+0200] {dag.py:3954} INFO - Setting next_dagrun for example_subdag_operator.section-2 to None, run_after=None
[2026-04-28T23:55:46.553+0200] {logging_mixin.py:188} INFO - [2026-04-28T23:55:46.553+0200] {dag.py:3096} INFO - Sync 2 DAGs
[2026-04-28T23:55:46.554+0200] {logging_mixin.py:188} INFO - [2026-04-28T23:55:46.554+0200] {dag.py:3954} INFO - Setting next_dagrun for example_subdag_operator.section-1 to None, run_after=None
[2026-04-28T23:55:46.554+0200] {logging_mixin.py:188} INFO - [2026-04-28T23:55:46.554+0200] {dag.py:3954} INFO - Setting next_dagrun for example_subdag_operator.section-2 to None, run_after=None
[2026-04-28T23:55:46.557+0200] {processor.py:183} INFO - Processing /Users/pablofrancoherrero/prueba_tecnica/venv/lib/python3.11/site-packages/airflow/example_dags/example_subdag_operator.py took 0.046 seconds
[2026-04-28T23:57:07.561+0200] {processor.py:161} INFO - Started process (PID=65607) to work on /Users/pablofrancoherrero/prueba_tecnica/venv/lib/python3.11/site-packages/airflow/example_dags/example_subdag_operator.py
[2026-04-28T23:57:07.562+0200] {processor.py:830} INFO - Processing file /Users/pablofrancoherrero/prueba_tecnica/venv/lib/python3.11/site-packages/airflow/example_dags/example_subdag_operator.py for tasks to queue
[2026-04-28T23:57:07.562+0200] {logging_mixin.py:188} INFO - [2026-04-28T23:57:07.562+0200] {dagbag.py:540} INFO - Filling up the DagBag from /Users/pablofrancoherrero/prueba_tecnica/venv/lib/python3.11/site-packages/airflow/example_dags/example_subdag_operator.py
[2026-04-28T23:57:07.587+0200] {processor.py:840} INFO - DAG(s) 'example_subdag_operator.section-1', 'example_subdag_operator.section-2', 'example_subdag_operator' retrieved from /Users/pablofrancoherrero/prueba_tecnica/venv/lib/python3.11/site-packages/airflow/example_dags/example_subdag_operator.py
[2026-04-28T23:57:07.596+0200] {logging_mixin.py:188} INFO - [2026-04-28T23:57:07.595+0200] {dag.py:3096} INFO - Sync 3 DAGs
[2026-04-28T23:57:07.600+0200] {logging_mixin.py:188} INFO - [2026-04-28T23:57:07.600+0200] {dag.py:3954} INFO - Setting next_dagrun for example_subdag_operator to 2022-01-01 00:00:00+00:00, run_after=2022-01-01 00:00:00+00:00
[2026-04-28T23:57:07.601+0200] {logging_mixin.py:188} INFO - [2026-04-28T23:57:07.601+0200] {dag.py:3954} INFO - Setting next_dagrun for example_subdag_operator.section-1 to None, run_after=None
[2026-04-28T23:57:07.601+0200] {logging_mixin.py:188} INFO - [2026-04-28T23:57:07.601+0200] {dag.py:3954} INFO - Setting next_dagrun for example_subdag_operator.section-2 to None, run_after=None
[2026-04-28T23:57:07.603+0200] {logging_mixin.py:188} INFO - [2026-04-28T23:57:07.603+0200] {dag.py:3096} INFO - Sync 2 DAGs
[2026-04-28T23:57:07.603+0200] {logging_mixin.py:188} INFO - [2026-04-28T23:57:07.603+0200] {dag.py:3954} INFO - Setting next_dagrun for example_subdag_operator.section-1 to None, run_after=None
[2026-04-28T23:57:07.604+0200] {logging_mixin.py:188} INFO - [2026-04-28T23:57:07.604+0200] {dag.py:3954} INFO - Setting next_dagrun for example_subdag_operator.section-2 to None, run_after=None
[2026-04-28T23:57:07.607+0200] {processor.py:183} INFO - Processing /Users/pablofrancoherrero/prueba_tecnica/venv/lib/python3.11/site-packages/airflow/example_dags/example_subdag_operator.py took 0.046 seconds
[2026-04-28T23:58:30.675+0200] {processor.py:161} INFO - Started process (PID=65712) to work on /Users/pablofrancoherrero/prueba_tecnica/venv/lib/python3.11/site-packages/airflow/example_dags/example_subdag_operator.py
[2026-04-28T23:58:30.675+0200] {processor.py:830} INFO - Processing file /Users/pablofrancoherrero/prueba_tecnica/venv/lib/python3.11/site-packages/airflow/example_dags/example_subdag_operator.py for tasks to queue
[2026-04-28T23:58:30.675+0200] {logging_mixin.py:188} INFO - [2026-04-28T23:58:30.675+0200] {dagbag.py:540} INFO - Filling up the DagBag from /Users/pablofrancoherrero/prueba_tecnica/venv/lib/python3.11/site-packages/airflow/example_dags/example_subdag_operator.py
[2026-04-28T23:58:30.701+0200] {processor.py:840} INFO - DAG(s) 'example_subdag_operator.section-1', 'example_subdag_operator.section-2', 'example_subdag_operator' retrieved from /Users/pablofrancoherrero/prueba_tecnica/venv/lib/python3.11/site-packages/airflow/example_dags/example_subdag_operator.py
[2026-04-28T23:58:30.710+0200] {logging_mixin.py:188} INFO - [2026-04-28T23:58:30.710+0200] {dag.py:3096} INFO - Sync 3 DAGs
[2026-04-28T23:58:30.715+0200] {logging_mixin.py:188} INFO - [2026-04-28T23:58:30.714+0200] {dag.py:3954} INFO - Setting next_dagrun for example_subdag_operator to 2022-01-01 00:00:00+00:00, run_after=2022-01-01 00:00:00+00:00
[2026-04-28T23:58:30.715+0200] {logging_mixin.py:188} INFO - [2026-04-28T23:58:30.715+0200] {dag.py:3954} INFO - Setting next_dagrun for example_subdag_operator.section-1 to None, run_after=None
[2026-04-28T23:58:30.716+0200] {logging_mixin.py:188} INFO - [2026-04-28T23:58:30.716+0200] {dag.py:3954} INFO - Setting next_dagrun for example_subdag_operator.section-2 to None, run_after=None
[2026-04-28T23:58:30.717+0200] {logging_mixin.py:188} INFO - [2026-04-28T23:58:30.717+0200] {dag.py:3096} INFO - Sync 2 DAGs
[2026-04-28T23:58:30.718+0200] {logging_mixin.py:188} INFO - [2026-04-28T23:58:30.718+0200] {dag.py:3954} INFO - Setting next_dagrun for example_subdag_operator.section-1 to None, run_after=None
[2026-04-28T23:58:30.718+0200] {logging_mixin.py:188} INFO - [2026-04-28T23:58:30.718+0200] {dag.py:3954} INFO - Setting next_dagrun for example_subdag_operator.section-2 to None, run_after=None
[2026-04-28T23:58:30.721+0200] {processor.py:183} INFO - Processing /Users/pablofrancoherrero/prueba_tecnica/venv/lib/python3.11/site-packages/airflow/example_dags/example_subdag_operator.py took 0.047 seconds
[2026-04-28T23:59:52.354+0200] {processor.py:161} INFO - Started process (PID=65800) to work on /Users/pablofrancoherrero/prueba_tecnica/venv/lib/python3.11/site-packages/airflow/example_dags/example_subdag_operator.py
[2026-04-28T23:59:52.355+0200] {processor.py:830} INFO - Processing file /Users/pablofrancoherrero/prueba_tecnica/venv/lib/python3.11/site-packages/airflow/example_dags/example_subdag_operator.py for tasks to queue
[2026-04-28T23:59:52.355+0200] {logging_mixin.py:188} INFO - [2026-04-28T23:59:52.355+0200] {dagbag.py:540} INFO - Filling up the DagBag from /Users/pablofrancoherrero/prueba_tecnica/venv/lib/python3.11/site-packages/airflow/example_dags/example_subdag_operator.py
[2026-04-28T23:59:52.381+0200] {processor.py:840} INFO - DAG(s) 'example_subdag_operator.section-1', 'example_subdag_operator.section-2', 'example_subdag_operator' retrieved from /Users/pablofrancoherrero/prueba_tecnica/venv/lib/python3.11/site-packages/airflow/example_dags/example_subdag_operator.py
[2026-04-28T23:59:52.390+0200] {logging_mixin.py:188} INFO - [2026-04-28T23:59:52.390+0200] {dag.py:3096} INFO - Sync 3 DAGs
[2026-04-28T23:59:52.395+0200] {logging_mixin.py:188} INFO - [2026-04-28T23:59:52.395+0200] {dag.py:3954} INFO - Setting next_dagrun for example_subdag_operator to 2022-01-01 00:00:00+00:00, run_after=2022-01-01 00:00:00+00:00
[2026-04-28T23:59:52.396+0200] {logging_mixin.py:188} INFO - [2026-04-28T23:59:52.396+0200] {dag.py:3954} INFO - Setting next_dagrun for example_subdag_operator.section-1 to None, run_after=None
[2026-04-28T23:59:52.396+0200] {logging_mixin.py:188} INFO - [2026-04-28T23:59:52.396+0200] {dag.py:3954} INFO - Setting next_dagrun for example_subdag_operator.section-2 to None, run_after=None
[2026-04-28T23:59:52.397+0200] {logging_mixin.py:188} INFO - [2026-04-28T23:59:52.397+0200] {dag.py:3096} INFO - Sync 2 DAGs
[2026-04-28T23:59:52.398+0200] {logging_mixin.py:188} INFO - [2026-04-28T23:59:52.398+0200] {dag.py:3954} INFO - Setting next_dagrun for example_subdag_operator.section-1 to None, run_after=None
[2026-04-28T23:59:52.398+0200] {logging_mixin.py:188} INFO - [2026-04-28T23:59:52.398+0200] {dag.py:3954} INFO - Setting next_dagrun for example_subdag_operator.section-2 to None, run_after=None
[2026-04-28T23:59:52.401+0200] {processor.py:183} INFO - Processing /Users/pablofrancoherrero/prueba_tecnica/venv/lib/python3.11/site-packages/airflow/example_dags/example_subdag_operator.py took 0.048 seconds
[2026-04-29T00:01:12.391+0200] {processor.py:161} INFO - Started process (PID=65921) to work on /Users/pablofrancoherrero/prueba_tecnica/venv/lib/python3.11/site-packages/airflow/example_dags/example_subdag_operator.py
[2026-04-29T00:01:12.392+0200] {processor.py:830} INFO - Processing file /Users/pablofrancoherrero/prueba_tecnica/venv/lib/python3.11/site-packages/airflow/example_dags/example_subdag_operator.py for tasks to queue
[2026-04-29T00:01:12.392+0200] {logging_mixin.py:188} INFO - [2026-04-29T00:01:12.392+0200] {dagbag.py:540} INFO - Filling up the DagBag from /Users/pablofrancoherrero/prueba_tecnica/venv/lib/python3.11/site-packages/airflow/example_dags/example_subdag_operator.py
[2026-04-29T00:01:12.419+0200] {processor.py:840} INFO - DAG(s) 'example_subdag_operator.section-1', 'example_subdag_operator.section-2', 'example_subdag_operator' retrieved from /Users/pablofrancoherrero/prueba_tecnica/venv/lib/python3.11/site-packages/airflow/example_dags/example_subdag_operator.py
[2026-04-29T00:01:12.427+0200] {logging_mixin.py:188} INFO - [2026-04-29T00:01:12.427+0200] {dag.py:3096} INFO - Sync 3 DAGs
[2026-04-29T00:01:12.432+0200] {logging_mixin.py:188} INFO - [2026-04-29T00:01:12.432+0200] {dag.py:3954} INFO - Setting next_dagrun for example_subdag_operator to 2022-01-01 00:00:00+00:00, run_after=2022-01-01 00:00:00+00:00
[2026-04-29T00:01:12.433+0200] {logging_mixin.py:188} INFO - [2026-04-29T00:01:12.433+0200] {dag.py:3954} INFO - Setting next_dagrun for example_subdag_operator.section-1 to None, run_after=None
[2026-04-29T00:01:12.433+0200] {logging_mixin.py:188} INFO - [2026-04-29T00:01:12.433+0200] {dag.py:3954} INFO - Setting next_dagrun for example_subdag_operator.section-2 to None, run_after=None
[2026-04-29T00:01:12.435+0200] {logging_mixin.py:188} INFO - [2026-04-29T00:01:12.435+0200] {dag.py:3096} INFO - Sync 2 DAGs
[2026-04-29T00:01:12.436+0200] {logging_mixin.py:188} INFO - [2026-04-29T00:01:12.436+0200] {dag.py:3954} INFO - Setting next_dagrun for example_subdag_operator.section-1 to None, run_after=None
[2026-04-29T00:01:12.436+0200] {logging_mixin.py:188} INFO - [2026-04-29T00:01:12.436+0200] {dag.py:3954} INFO - Setting next_dagrun for example_subdag_operator.section-2 to None, run_after=None
[2026-04-29T00:01:12.439+0200] {processor.py:183} INFO - Processing /Users/pablofrancoherrero/prueba_tecnica/venv/lib/python3.11/site-packages/airflow/example_dags/example_subdag_operator.py took 0.048 seconds
[2026-04-29T00:02:33.676+0200] {processor.py:161} INFO - Started process (PID=66010) to work on /Users/pablofrancoherrero/prueba_tecnica/venv/lib/python3.11/site-packages/airflow/example_dags/example_subdag_operator.py
[2026-04-29T00:02:33.677+0200] {processor.py:830} INFO - Processing file /Users/pablofrancoherrero/prueba_tecnica/venv/lib/python3.11/site-packages/airflow/example_dags/example_subdag_operator.py for tasks to queue
[2026-04-29T00:02:33.677+0200] {logging_mixin.py:188} INFO - [2026-04-29T00:02:33.677+0200] {dagbag.py:540} INFO - Filling up the DagBag from /Users/pablofrancoherrero/prueba_tecnica/venv/lib/python3.11/site-packages/airflow/example_dags/example_subdag_operator.py
[2026-04-29T00:02:33.702+0200] {processor.py:840} INFO - DAG(s) 'example_subdag_operator.section-1', 'example_subdag_operator.section-2', 'example_subdag_operator' retrieved from /Users/pablofrancoherrero/prueba_tecnica/venv/lib/python3.11/site-packages/airflow/example_dags/example_subdag_operator.py
[2026-04-29T00:02:33.710+0200] {logging_mixin.py:188} INFO - [2026-04-29T00:02:33.710+0200] {dag.py:3096} INFO - Sync 3 DAGs
[2026-04-29T00:02:33.715+0200] {logging_mixin.py:188} INFO - [2026-04-29T00:02:33.715+0200] {dag.py:3954} INFO - Setting next_dagrun for example_subdag_operator to 2022-01-01 00:00:00+00:00, run_after=2022-01-01 00:00:00+00:00
[2026-04-29T00:02:33.716+0200] {logging_mixin.py:188} INFO - [2026-04-29T00:02:33.716+0200] {dag.py:3954} INFO - Setting next_dagrun for example_subdag_operator.section-1 to None, run_after=None
[2026-04-29T00:02:33.716+0200] {logging_mixin.py:188} INFO - [2026-04-29T00:02:33.716+0200] {dag.py:3954} INFO - Setting next_dagrun for example_subdag_operator.section-2 to None, run_after=None
[2026-04-29T00:02:33.717+0200] {logging_mixin.py:188} INFO - [2026-04-29T00:02:33.717+0200] {dag.py:3096} INFO - Sync 2 DAGs
[2026-04-29T00:02:33.718+0200] {logging_mixin.py:188} INFO - [2026-04-29T00:02:33.718+0200] {dag.py:3954} INFO - Setting next_dagrun for example_subdag_operator.section-1 to None, run_after=None
[2026-04-29T00:02:33.718+0200] {logging_mixin.py:188} INFO - [2026-04-29T00:02:33.718+0200] {dag.py:3954} INFO - Setting next_dagrun for example_subdag_operator.section-2 to None, run_after=None
[2026-04-29T00:02:33.721+0200] {processor.py:183} INFO - Processing /Users/pablofrancoherrero/prueba_tecnica/venv/lib/python3.11/site-packages/airflow/example_dags/example_subdag_operator.py took 0.046 seconds
[2026-04-29T00:03:56.816+0200] {processor.py:161} INFO - Started process (PID=66115) to work on /Users/pablofrancoherrero/prueba_tecnica/venv/lib/python3.11/site-packages/airflow/example_dags/example_subdag_operator.py
[2026-04-29T00:03:56.817+0200] {processor.py:830} INFO - Processing file /Users/pablofrancoherrero/prueba_tecnica/venv/lib/python3.11/site-packages/airflow/example_dags/example_subdag_operator.py for tasks to queue
[2026-04-29T00:03:56.818+0200] {logging_mixin.py:188} INFO - [2026-04-29T00:03:56.818+0200] {dagbag.py:540} INFO - Filling up the DagBag from /Users/pablofrancoherrero/prueba_tecnica/venv/lib/python3.11/site-packages/airflow/example_dags/example_subdag_operator.py
[2026-04-29T00:03:56.844+0200] {processor.py:840} INFO - DAG(s) 'example_subdag_operator.section-1', 'example_subdag_operator.section-2', 'example_subdag_operator' retrieved from /Users/pablofrancoherrero/prueba_tecnica/venv/lib/python3.11/site-packages/airflow/example_dags/example_subdag_operator.py
[2026-04-29T00:03:56.853+0200] {logging_mixin.py:188} INFO - [2026-04-29T00:03:56.852+0200] {dag.py:3096} INFO - Sync 3 DAGs
[2026-04-29T00:03:56.857+0200] {logging_mixin.py:188} INFO - [2026-04-29T00:03:56.857+0200] {dag.py:3954} INFO - Setting next_dagrun for example_subdag_operator to 2022-01-01 00:00:00+00:00, run_after=2022-01-01 00:00:00+00:00
[2026-04-29T00:03:56.858+0200] {logging_mixin.py:188} INFO - [2026-04-29T00:03:56.858+0200] {dag.py:3954} INFO - Setting next_dagrun for example_subdag_operator.section-1 to None, run_after=None
[2026-04-29T00:03:56.858+0200] {logging_mixin.py:188} INFO - [2026-04-29T00:03:56.858+0200] {dag.py:3954} INFO - Setting next_dagrun for example_subdag_operator.section-2 to None, run_after=None
[2026-04-29T00:03:56.860+0200] {logging_mixin.py:188} INFO - [2026-04-29T00:03:56.860+0200] {dag.py:3096} INFO - Sync 2 DAGs
[2026-04-29T00:03:56.861+0200] {logging_mixin.py:188} INFO - [2026-04-29T00:03:56.861+0200] {dag.py:3954} INFO - Setting next_dagrun for example_subdag_operator.section-1 to None, run_after=None
[2026-04-29T00:03:56.861+0200] {logging_mixin.py:188} INFO - [2026-04-29T00:03:56.861+0200] {dag.py:3954} INFO - Setting next_dagrun for example_subdag_operator.section-2 to None, run_after=None
[2026-04-29T00:03:56.864+0200] {processor.py:183} INFO - Processing /Users/pablofrancoherrero/prueba_tecnica/venv/lib/python3.11/site-packages/airflow/example_dags/example_subdag_operator.py took 0.048 seconds
[2026-04-29T00:05:16.915+0200] {processor.py:161} INFO - Started process (PID=66199) to work on /Users/pablofrancoherrero/prueba_tecnica/venv/lib/python3.11/site-packages/airflow/example_dags/example_subdag_operator.py
[2026-04-29T00:05:16.916+0200] {processor.py:830} INFO - Processing file /Users/pablofrancoherrero/prueba_tecnica/venv/lib/python3.11/site-packages/airflow/example_dags/example_subdag_operator.py for tasks to queue
[2026-04-29T00:05:16.917+0200] {logging_mixin.py:188} INFO - [2026-04-29T00:05:16.917+0200] {dagbag.py:540} INFO - Filling up the DagBag from /Users/pablofrancoherrero/prueba_tecnica/venv/lib/python3.11/site-packages/airflow/example_dags/example_subdag_operator.py
[2026-04-29T00:05:16.943+0200] {processor.py:840} INFO - DAG(s) 'example_subdag_operator.section-1', 'example_subdag_operator.section-2', 'example_subdag_operator' retrieved from /Users/pablofrancoherrero/prueba_tecnica/venv/lib/python3.11/site-packages/airflow/example_dags/example_subdag_operator.py
[2026-04-29T00:05:16.951+0200] {logging_mixin.py:188} INFO - [2026-04-29T00:05:16.951+0200] {dag.py:3096} INFO - Sync 3 DAGs
[2026-04-29T00:05:16.956+0200] {logging_mixin.py:188} INFO - [2026-04-29T00:05:16.956+0200] {dag.py:3954} INFO - Setting next_dagrun for example_subdag_operator to 2022-01-01 00:00:00+00:00, run_after=2022-01-01 00:00:00+00:00
[2026-04-29T00:05:16.957+0200] {logging_mixin.py:188} INFO - [2026-04-29T00:05:16.957+0200] {dag.py:3954} INFO - Setting next_dagrun for example_subdag_operator.section-1 to None, run_after=None
[2026-04-29T00:05:16.957+0200] {logging_mixin.py:188} INFO - [2026-04-29T00:05:16.957+0200] {dag.py:3954} INFO - Setting next_dagrun for example_subdag_operator.section-2 to None, run_after=None
[2026-04-29T00:05:16.959+0200] {logging_mixin.py:188} INFO - [2026-04-29T00:05:16.959+0200] {dag.py:3096} INFO - Sync 2 DAGs
[2026-04-29T00:05:16.960+0200] {logging_mixin.py:188} INFO - [2026-04-29T00:05:16.960+0200] {dag.py:3954} INFO - Setting next_dagrun for example_subdag_operator.section-1 to None, run_after=None
[2026-04-29T00:05:16.960+0200] {logging_mixin.py:188} INFO - [2026-04-29T00:05:16.960+0200] {dag.py:3954} INFO - Setting next_dagrun for example_subdag_operator.section-2 to None, run_after=None
[2026-04-29T00:05:16.963+0200] {processor.py:183} INFO - Processing /Users/pablofrancoherrero/prueba_tecnica/venv/lib/python3.11/site-packages/airflow/example_dags/example_subdag_operator.py took 0.048 seconds
[2026-04-29T00:06:38.498+0200] {processor.py:161} INFO - Started process (PID=66284) to work on /Users/pablofrancoherrero/prueba_tecnica/venv/lib/python3.11/site-packages/airflow/example_dags/example_subdag_operator.py
[2026-04-29T00:06:38.499+0200] {processor.py:830} INFO - Processing file /Users/pablofrancoherrero/prueba_tecnica/venv/lib/python3.11/site-packages/airflow/example_dags/example_subdag_operator.py for tasks to queue
[2026-04-29T00:06:38.499+0200] {logging_mixin.py:188} INFO - [2026-04-29T00:06:38.499+0200] {dagbag.py:540} INFO - Filling up the DagBag from /Users/pablofrancoherrero/prueba_tecnica/venv/lib/python3.11/site-packages/airflow/example_dags/example_subdag_operator.py
[2026-04-29T00:06:38.523+0200] {processor.py:840} INFO - DAG(s) 'example_subdag_operator.section-1', 'example_subdag_operator.section-2', 'example_subdag_operator' retrieved from /Users/pablofrancoherrero/prueba_tecnica/venv/lib/python3.11/site-packages/airflow/example_dags/example_subdag_operator.py
[2026-04-29T00:06:38.532+0200] {logging_mixin.py:188} INFO - [2026-04-29T00:06:38.532+0200] {dag.py:3096} INFO - Sync 3 DAGs
[2026-04-29T00:06:38.537+0200] {logging_mixin.py:188} INFO - [2026-04-29T00:06:38.537+0200] {dag.py:3954} INFO - Setting next_dagrun for example_subdag_operator to 2022-01-01 00:00:00+00:00, run_after=2022-01-01 00:00:00+00:00
[2026-04-29T00:06:38.537+0200] {logging_mixin.py:188} INFO - [2026-04-29T00:06:38.537+0200] {dag.py:3954} INFO - Setting next_dagrun for example_subdag_operator.section-1 to None, run_after=None
[2026-04-29T00:06:38.538+0200] {logging_mixin.py:188} INFO - [2026-04-29T00:06:38.538+0200] {dag.py:3954} INFO - Setting next_dagrun for example_subdag_operator.section-2 to None, run_after=None
[2026-04-29T00:06:38.539+0200] {logging_mixin.py:188} INFO - [2026-04-29T00:06:38.539+0200] {dag.py:3096} INFO - Sync 2 DAGs
[2026-04-29T00:06:38.540+0200] {logging_mixin.py:188} INFO - [2026-04-29T00:06:38.540+0200] {dag.py:3954} INFO - Setting next_dagrun for example_subdag_operator.section-1 to None, run_after=None
[2026-04-29T00:06:38.540+0200] {logging_mixin.py:188} INFO - [2026-04-29T00:06:38.540+0200] {dag.py:3954} INFO - Setting next_dagrun for example_subdag_operator.section-2 to None, run_after=None
[2026-04-29T00:06:38.543+0200] {processor.py:183} INFO - Processing /Users/pablofrancoherrero/prueba_tecnica/venv/lib/python3.11/site-packages/airflow/example_dags/example_subdag_operator.py took 0.046 seconds
[2026-04-29T00:07:58.921+0200] {processor.py:161} INFO - Started process (PID=66370) to work on /Users/pablofrancoherrero/prueba_tecnica/venv/lib/python3.11/site-packages/airflow/example_dags/example_subdag_operator.py
[2026-04-29T00:07:58.922+0200] {processor.py:830} INFO - Processing file /Users/pablofrancoherrero/prueba_tecnica/venv/lib/python3.11/site-packages/airflow/example_dags/example_subdag_operator.py for tasks to queue
[2026-04-29T00:07:58.922+0200] {logging_mixin.py:188} INFO - [2026-04-29T00:07:58.922+0200] {dagbag.py:540} INFO - Filling up the DagBag from /Users/pablofrancoherrero/prueba_tecnica/venv/lib/python3.11/site-packages/airflow/example_dags/example_subdag_operator.py
[2026-04-29T00:07:58.947+0200] {processor.py:840} INFO - DAG(s) 'example_subdag_operator.section-1', 'example_subdag_operator.section-2', 'example_subdag_operator' retrieved from /Users/pablofrancoherrero/prueba_tecnica/venv/lib/python3.11/site-packages/airflow/example_dags/example_subdag_operator.py
[2026-04-29T00:07:58.956+0200] {logging_mixin.py:188} INFO - [2026-04-29T00:07:58.956+0200] {dag.py:3096} INFO - Sync 3 DAGs
[2026-04-29T00:07:58.961+0200] {logging_mixin.py:188} INFO - [2026-04-29T00:07:58.961+0200] {dag.py:3954} INFO - Setting next_dagrun for example_subdag_operator to 2022-01-01 00:00:00+00:00, run_after=2022-01-01 00:00:00+00:00
[2026-04-29T00:07:58.961+0200] {logging_mixin.py:188} INFO - [2026-04-29T00:07:58.961+0200] {dag.py:3954} INFO - Setting next_dagrun for example_subdag_operator.section-1 to None, run_after=None
[2026-04-29T00:07:58.962+0200] {logging_mixin.py:188} INFO - [2026-04-29T00:07:58.962+0200] {dag.py:3954} INFO - Setting next_dagrun for example_subdag_operator.section-2 to None, run_after=None
[2026-04-29T00:07:58.963+0200] {logging_mixin.py:188} INFO - [2026-04-29T00:07:58.963+0200] {dag.py:3096} INFO - Sync 2 DAGs
[2026-04-29T00:07:58.964+0200] {logging_mixin.py:188} INFO - [2026-04-29T00:07:58.964+0200] {dag.py:3954} INFO - Setting next_dagrun for example_subdag_operator.section-1 to None, run_after=None
[2026-04-29T00:07:58.964+0200] {logging_mixin.py:188} INFO - [2026-04-29T00:07:58.964+0200] {dag.py:3954} INFO - Setting next_dagrun for example_subdag_operator.section-2 to None, run_after=None
[2026-04-29T00:07:58.967+0200] {processor.py:183} INFO - Processing /Users/pablofrancoherrero/prueba_tecnica/venv/lib/python3.11/site-packages/airflow/example_dags/example_subdag_operator.py took 0.047 seconds
[2026-04-29T00:09:17.892+0200] {processor.py:161} INFO - Started process (PID=66465) to work on /Users/pablofrancoherrero/prueba_tecnica/venv/lib/python3.11/site-packages/airflow/example_dags/example_subdag_operator.py
[2026-04-29T00:09:17.892+0200] {processor.py:830} INFO - Processing file /Users/pablofrancoherrero/prueba_tecnica/venv/lib/python3.11/site-packages/airflow/example_dags/example_subdag_operator.py for tasks to queue
[2026-04-29T00:09:17.892+0200] {logging_mixin.py:188} INFO - [2026-04-29T00:09:17.892+0200] {dagbag.py:540} INFO - Filling up the DagBag from /Users/pablofrancoherrero/prueba_tecnica/venv/lib/python3.11/site-packages/airflow/example_dags/example_subdag_operator.py
[2026-04-29T00:09:17.918+0200] {processor.py:840} INFO - DAG(s) 'example_subdag_operator.section-1', 'example_subdag_operator.section-2', 'example_subdag_operator' retrieved from /Users/pablofrancoherrero/prueba_tecnica/venv/lib/python3.11/site-packages/airflow/example_dags/example_subdag_operator.py
[2026-04-29T00:09:17.927+0200] {logging_mixin.py:188} INFO - [2026-04-29T00:09:17.927+0200] {dag.py:3096} INFO - Sync 3 DAGs
[2026-04-29T00:09:17.932+0200] {logging_mixin.py:188} INFO - [2026-04-29T00:09:17.932+0200] {dag.py:3954} INFO - Setting next_dagrun for example_subdag_operator to 2022-01-01 00:00:00+00:00, run_after=2022-01-01 00:00:00+00:00
[2026-04-29T00:09:17.933+0200] {logging_mixin.py:188} INFO - [2026-04-29T00:09:17.933+0200] {dag.py:3954} INFO - Setting next_dagrun for example_subdag_operator.section-1 to None, run_after=None
[2026-04-29T00:09:17.933+0200] {logging_mixin.py:188} INFO - [2026-04-29T00:09:17.933+0200] {dag.py:3954} INFO - Setting next_dagrun for example_subdag_operator.section-2 to None, run_after=None
[2026-04-29T00:09:17.934+0200] {logging_mixin.py:188} INFO - [2026-04-29T00:09:17.934+0200] {dag.py:3096} INFO - Sync 2 DAGs
[2026-04-29T00:09:17.935+0200] {logging_mixin.py:188} INFO - [2026-04-29T00:09:17.935+0200] {dag.py:3954} INFO - Setting next_dagrun for example_subdag_operator.section-1 to None, run_after=None
[2026-04-29T00:09:17.935+0200] {logging_mixin.py:188} INFO - [2026-04-29T00:09:17.935+0200] {dag.py:3954} INFO - Setting next_dagrun for example_subdag_operator.section-2 to None, run_after=None
[2026-04-29T00:09:17.938+0200] {processor.py:183} INFO - Processing /Users/pablofrancoherrero/prueba_tecnica/venv/lib/python3.11/site-packages/airflow/example_dags/example_subdag_operator.py took 0.047 seconds
[2026-04-29T00:10:37.343+0200] {processor.py:161} INFO - Started process (PID=66549) to work on /Users/pablofrancoherrero/prueba_tecnica/venv/lib/python3.11/site-packages/airflow/example_dags/example_subdag_operator.py
[2026-04-29T00:10:37.344+0200] {processor.py:830} INFO - Processing file /Users/pablofrancoherrero/prueba_tecnica/venv/lib/python3.11/site-packages/airflow/example_dags/example_subdag_operator.py for tasks to queue
[2026-04-29T00:10:37.344+0200] {logging_mixin.py:188} INFO - [2026-04-29T00:10:37.344+0200] {dagbag.py:540} INFO - Filling up the DagBag from /Users/pablofrancoherrero/prueba_tecnica/venv/lib/python3.11/site-packages/airflow/example_dags/example_subdag_operator.py
[2026-04-29T00:10:37.369+0200] {processor.py:840} INFO - DAG(s) 'example_subdag_operator.section-1', 'example_subdag_operator.section-2', 'example_subdag_operator' retrieved from /Users/pablofrancoherrero/prueba_tecnica/venv/lib/python3.11/site-packages/airflow/example_dags/example_subdag_operator.py
[2026-04-29T00:10:37.378+0200] {logging_mixin.py:188} INFO - [2026-04-29T00:10:37.378+0200] {dag.py:3096} INFO - Sync 3 DAGs
[2026-04-29T00:10:37.383+0200] {logging_mixin.py:188} INFO - [2026-04-29T00:10:37.383+0200] {dag.py:3954} INFO - Setting next_dagrun for example_subdag_operator to 2022-01-01 00:00:00+00:00, run_after=2022-01-01 00:00:00+00:00
[2026-04-29T00:10:37.384+0200] {logging_mixin.py:188} INFO - [2026-04-29T00:10:37.384+0200] {dag.py:3954} INFO - Setting next_dagrun for example_subdag_operator.section-1 to None, run_after=None
[2026-04-29T00:10:37.384+0200] {logging_mixin.py:188} INFO - [2026-04-29T00:10:37.384+0200] {dag.py:3954} INFO - Setting next_dagrun for example_subdag_operator.section-2 to None, run_after=None
[2026-04-29T00:10:37.385+0200] {logging_mixin.py:188} INFO - [2026-04-29T00:10:37.385+0200] {dag.py:3096} INFO - Sync 2 DAGs
[2026-04-29T00:10:37.386+0200] {logging_mixin.py:188} INFO - [2026-04-29T00:10:37.386+0200] {dag.py:3954} INFO - Setting next_dagrun for example_subdag_operator.section-1 to None, run_after=None
[2026-04-29T00:10:37.386+0200] {logging_mixin.py:188} INFO - [2026-04-29T00:10:37.386+0200] {dag.py:3954} INFO - Setting next_dagrun for example_subdag_operator.section-2 to None, run_after=None
[2026-04-29T00:10:37.389+0200] {processor.py:183} INFO - Processing /Users/pablofrancoherrero/prueba_tecnica/venv/lib/python3.11/site-packages/airflow/example_dags/example_subdag_operator.py took 0.047 seconds
[2026-04-29T00:11:56.045+0200] {processor.py:161} INFO - Started process (PID=66636) to work on /Users/pablofrancoherrero/prueba_tecnica/venv/lib/python3.11/site-packages/airflow/example_dags/example_subdag_operator.py
[2026-04-29T00:11:56.046+0200] {processor.py:830} INFO - Processing file /Users/pablofrancoherrero/prueba_tecnica/venv/lib/python3.11/site-packages/airflow/example_dags/example_subdag_operator.py for tasks to queue
[2026-04-29T00:11:56.046+0200] {logging_mixin.py:188} INFO - [2026-04-29T00:11:56.046+0200] {dagbag.py:540} INFO - Filling up the DagBag from /Users/pablofrancoherrero/prueba_tecnica/venv/lib/python3.11/site-packages/airflow/example_dags/example_subdag_operator.py
[2026-04-29T00:11:56.072+0200] {processor.py:840} INFO - DAG(s) 'example_subdag_operator.section-1', 'example_subdag_operator.section-2', 'example_subdag_operator' retrieved from /Users/pablofrancoherrero/prueba_tecnica/venv/lib/python3.11/site-packages/airflow/example_dags/example_subdag_operator.py
[2026-04-29T00:11:56.081+0200] {logging_mixin.py:188} INFO - [2026-04-29T00:11:56.080+0200] {dag.py:3096} INFO - Sync 3 DAGs
[2026-04-29T00:11:56.085+0200] {logging_mixin.py:188} INFO - [2026-04-29T00:11:56.085+0200] {dag.py:3954} INFO - Setting next_dagrun for example_subdag_operator to 2022-01-01 00:00:00+00:00, run_after=2022-01-01 00:00:00+00:00
[2026-04-29T00:11:56.086+0200] {logging_mixin.py:188} INFO - [2026-04-29T00:11:56.086+0200] {dag.py:3954} INFO - Setting next_dagrun for example_subdag_operator.section-1 to None, run_after=None
[2026-04-29T00:11:56.086+0200] {logging_mixin.py:188} INFO - [2026-04-29T00:11:56.086+0200] {dag.py:3954} INFO - Setting next_dagrun for example_subdag_operator.section-2 to None, run_after=None
[2026-04-29T00:11:56.088+0200] {logging_mixin.py:188} INFO - [2026-04-29T00:11:56.088+0200] {dag.py:3096} INFO - Sync 2 DAGs
[2026-04-29T00:11:56.088+0200] {logging_mixin.py:188} INFO - [2026-04-29T00:11:56.088+0200] {dag.py:3954} INFO - Setting next_dagrun for example_subdag_operator.section-1 to None, run_after=None
[2026-04-29T00:11:56.089+0200] {logging_mixin.py:188} INFO - [2026-04-29T00:11:56.088+0200] {dag.py:3954} INFO - Setting next_dagrun for example_subdag_operator.section-2 to None, run_after=None
[2026-04-29T00:11:56.091+0200] {processor.py:183} INFO - Processing /Users/pablofrancoherrero/prueba_tecnica/venv/lib/python3.11/site-packages/airflow/example_dags/example_subdag_operator.py took 0.047 seconds
[2026-04-29T00:13:17.757+0200] {processor.py:161} INFO - Started process (PID=66720) to work on /Users/pablofrancoherrero/prueba_tecnica/venv/lib/python3.11/site-packages/airflow/example_dags/example_subdag_operator.py
[2026-04-29T00:13:17.758+0200] {processor.py:830} INFO - Processing file /Users/pablofrancoherrero/prueba_tecnica/venv/lib/python3.11/site-packages/airflow/example_dags/example_subdag_operator.py for tasks to queue
[2026-04-29T00:13:17.758+0200] {logging_mixin.py:188} INFO - [2026-04-29T00:13:17.758+0200] {dagbag.py:540} INFO - Filling up the DagBag from /Users/pablofrancoherrero/prueba_tecnica/venv/lib/python3.11/site-packages/airflow/example_dags/example_subdag_operator.py
[2026-04-29T00:13:17.784+0200] {processor.py:840} INFO - DAG(s) 'example_subdag_operator.section-1', 'example_subdag_operator.section-2', 'example_subdag_operator' retrieved from /Users/pablofrancoherrero/prueba_tecnica/venv/lib/python3.11/site-packages/airflow/example_dags/example_subdag_operator.py
[2026-04-29T00:13:17.793+0200] {logging_mixin.py:188} INFO - [2026-04-29T00:13:17.793+0200] {dag.py:3096} INFO - Sync 3 DAGs
[2026-04-29T00:13:17.798+0200] {logging_mixin.py:188} INFO - [2026-04-29T00:13:17.798+0200] {dag.py:3954} INFO - Setting next_dagrun for example_subdag_operator to 2022-01-01 00:00:00+00:00, run_after=2022-01-01 00:00:00+00:00
[2026-04-29T00:13:17.798+0200] {logging_mixin.py:188} INFO - [2026-04-29T00:13:17.798+0200] {dag.py:3954} INFO - Setting next_dagrun for example_subdag_operator.section-1 to None, run_after=None
[2026-04-29T00:13:17.799+0200] {logging_mixin.py:188} INFO - [2026-04-29T00:13:17.799+0200] {dag.py:3954} INFO - Setting next_dagrun for example_subdag_operator.section-2 to None, run_after=None
[2026-04-29T00:13:17.800+0200] {logging_mixin.py:188} INFO - [2026-04-29T00:13:17.800+0200] {dag.py:3096} INFO - Sync 2 DAGs
[2026-04-29T00:13:17.801+0200] {logging_mixin.py:188} INFO - [2026-04-29T00:13:17.801+0200] {dag.py:3954} INFO - Setting next_dagrun for example_subdag_operator.section-1 to None, run_after=None
[2026-04-29T00:13:17.801+0200] {logging_mixin.py:188} INFO - [2026-04-29T00:13:17.801+0200] {dag.py:3954} INFO - Setting next_dagrun for example_subdag_operator.section-2 to None, run_after=None
[2026-04-29T00:13:17.804+0200] {processor.py:183} INFO - Processing /Users/pablofrancoherrero/prueba_tecnica/venv/lib/python3.11/site-packages/airflow/example_dags/example_subdag_operator.py took 0.048 seconds
[2026-04-29T00:14:39.628+0200] {processor.py:161} INFO - Started process (PID=66817) to work on /Users/pablofrancoherrero/prueba_tecnica/venv/lib/python3.11/site-packages/airflow/example_dags/example_subdag_operator.py
[2026-04-29T00:14:39.628+0200] {processor.py:830} INFO - Processing file /Users/pablofrancoherrero/prueba_tecnica/venv/lib/python3.11/site-packages/airflow/example_dags/example_subdag_operator.py for tasks to queue
[2026-04-29T00:14:39.629+0200] {logging_mixin.py:188} INFO - [2026-04-29T00:14:39.628+0200] {dagbag.py:540} INFO - Filling up the DagBag from /Users/pablofrancoherrero/prueba_tecnica/venv/lib/python3.11/site-packages/airflow/example_dags/example_subdag_operator.py
[2026-04-29T00:14:39.664+0200] {processor.py:840} INFO - DAG(s) 'example_subdag_operator.section-1', 'example_subdag_operator.section-2', 'example_subdag_operator' retrieved from /Users/pablofrancoherrero/prueba_tecnica/venv/lib/python3.11/site-packages/airflow/example_dags/example_subdag_operator.py
[2026-04-29T00:14:39.681+0200] {logging_mixin.py:188} INFO - [2026-04-29T00:14:39.680+0200] {dag.py:3096} INFO - Sync 3 DAGs
[2026-04-29T00:14:39.686+0200] {logging_mixin.py:188} INFO - [2026-04-29T00:14:39.686+0200] {dag.py:3954} INFO - Setting next_dagrun for example_subdag_operator to 2022-01-01 00:00:00+00:00, run_after=2022-01-01 00:00:00+00:00
[2026-04-29T00:14:39.686+0200] {logging_mixin.py:188} INFO - [2026-04-29T00:14:39.686+0200] {dag.py:3954} INFO - Setting next_dagrun for example_subdag_operator.section-1 to None, run_after=None
[2026-04-29T00:14:39.687+0200] {logging_mixin.py:188} INFO - [2026-04-29T00:14:39.687+0200] {dag.py:3954} INFO - Setting next_dagrun for example_subdag_operator.section-2 to None, run_after=None
[2026-04-29T00:14:39.688+0200] {logging_mixin.py:188} INFO - [2026-04-29T00:14:39.688+0200] {dag.py:3096} INFO - Sync 2 DAGs
[2026-04-29T00:14:39.689+0200] {logging_mixin.py:188} INFO - [2026-04-29T00:14:39.689+0200] {dag.py:3954} INFO - Setting next_dagrun for example_subdag_operator.section-1 to None, run_after=None
[2026-04-29T00:14:39.690+0200] {logging_mixin.py:188} INFO - [2026-04-29T00:14:39.690+0200] {dag.py:3954} INFO - Setting next_dagrun for example_subdag_operator.section-2 to None, run_after=None
[2026-04-29T00:14:39.695+0200] {processor.py:183} INFO - Processing /Users/pablofrancoherrero/prueba_tecnica/venv/lib/python3.11/site-packages/airflow/example_dags/example_subdag_operator.py took 0.068 seconds
[2026-04-29T00:16:01.620+0200] {processor.py:161} INFO - Started process (PID=66913) to work on /Users/pablofrancoherrero/prueba_tecnica/venv/lib/python3.11/site-packages/airflow/example_dags/example_subdag_operator.py
[2026-04-29T00:16:01.621+0200] {processor.py:830} INFO - Processing file /Users/pablofrancoherrero/prueba_tecnica/venv/lib/python3.11/site-packages/airflow/example_dags/example_subdag_operator.py for tasks to queue
[2026-04-29T00:16:01.621+0200] {logging_mixin.py:188} INFO - [2026-04-29T00:16:01.621+0200] {dagbag.py:540} INFO - Filling up the DagBag from /Users/pablofrancoherrero/prueba_tecnica/venv/lib/python3.11/site-packages/airflow/example_dags/example_subdag_operator.py
[2026-04-29T00:16:01.648+0200] {processor.py:840} INFO - DAG(s) 'example_subdag_operator.section-1', 'example_subdag_operator.section-2', 'example_subdag_operator' retrieved from /Users/pablofrancoherrero/prueba_tecnica/venv/lib/python3.11/site-packages/airflow/example_dags/example_subdag_operator.py
[2026-04-29T00:16:01.656+0200] {logging_mixin.py:188} INFO - [2026-04-29T00:16:01.656+0200] {dag.py:3096} INFO - Sync 3 DAGs
[2026-04-29T00:16:01.661+0200] {logging_mixin.py:188} INFO - [2026-04-29T00:16:01.661+0200] {dag.py:3954} INFO - Setting next_dagrun for example_subdag_operator to 2022-01-01 00:00:00+00:00, run_after=2022-01-01 00:00:00+00:00
[2026-04-29T00:16:01.662+0200] {logging_mixin.py:188} INFO - [2026-04-29T00:16:01.662+0200] {dag.py:3954} INFO - Setting next_dagrun for example_subdag_operator.section-1 to None, run_after=None
[2026-04-29T00:16:01.662+0200] {logging_mixin.py:188} INFO - [2026-04-29T00:16:01.662+0200] {dag.py:3954} INFO - Setting next_dagrun for example_subdag_operator.section-2 to None, run_after=None
[2026-04-29T00:16:01.664+0200] {logging_mixin.py:188} INFO - [2026-04-29T00:16:01.664+0200] {dag.py:3096} INFO - Sync 2 DAGs
[2026-04-29T00:16:01.665+0200] {logging_mixin.py:188} INFO - [2026-04-29T00:16:01.664+0200] {dag.py:3954} INFO - Setting next_dagrun for example_subdag_operator.section-1 to None, run_after=None
[2026-04-29T00:16:01.665+0200] {logging_mixin.py:188} INFO - [2026-04-29T00:16:01.665+0200] {dag.py:3954} INFO - Setting next_dagrun for example_subdag_operator.section-2 to None, run_after=None
[2026-04-29T00:16:01.667+0200] {processor.py:183} INFO - Processing /Users/pablofrancoherrero/prueba_tecnica/venv/lib/python3.11/site-packages/airflow/example_dags/example_subdag_operator.py took 0.048 seconds
[2026-04-29T00:17:24.085+0200] {processor.py:161} INFO - Started process (PID=67018) to work on /Users/pablofrancoherrero/prueba_tecnica/venv/lib/python3.11/site-packages/airflow/example_dags/example_subdag_operator.py
[2026-04-29T00:17:24.086+0200] {processor.py:830} INFO - Processing file /Users/pablofrancoherrero/prueba_tecnica/venv/lib/python3.11/site-packages/airflow/example_dags/example_subdag_operator.py for tasks to queue
[2026-04-29T00:17:24.086+0200] {logging_mixin.py:188} INFO - [2026-04-29T00:17:24.086+0200] {dagbag.py:540} INFO - Filling up the DagBag from /Users/pablofrancoherrero/prueba_tecnica/venv/lib/python3.11/site-packages/airflow/example_dags/example_subdag_operator.py
[2026-04-29T00:17:24.111+0200] {processor.py:840} INFO - DAG(s) 'example_subdag_operator.section-1', 'example_subdag_operator.section-2', 'example_subdag_operator' retrieved from /Users/pablofrancoherrero/prueba_tecnica/venv/lib/python3.11/site-packages/airflow/example_dags/example_subdag_operator.py
[2026-04-29T00:17:24.119+0200] {logging_mixin.py:188} INFO - [2026-04-29T00:17:24.119+0200] {dag.py:3096} INFO - Sync 3 DAGs
[2026-04-29T00:17:24.124+0200] {logging_mixin.py:188} INFO - [2026-04-29T00:17:24.124+0200] {dag.py:3954} INFO - Setting next_dagrun for example_subdag_operator to 2022-01-01 00:00:00+00:00, run_after=2022-01-01 00:00:00+00:00
[2026-04-29T00:17:24.125+0200] {logging_mixin.py:188} INFO - [2026-04-29T00:17:24.125+0200] {dag.py:3954} INFO - Setting next_dagrun for example_subdag_operator.section-1 to None, run_after=None
[2026-04-29T00:17:24.125+0200] {logging_mixin.py:188} INFO - [2026-04-29T00:17:24.125+0200] {dag.py:3954} INFO - Setting next_dagrun for example_subdag_operator.section-2 to None, run_after=None
[2026-04-29T00:17:24.126+0200] {logging_mixin.py:188} INFO - [2026-04-29T00:17:24.126+0200] {dag.py:3096} INFO - Sync 2 DAGs
[2026-04-29T00:17:24.127+0200] {logging_mixin.py:188} INFO - [2026-04-29T00:17:24.127+0200] {dag.py:3954} INFO - Setting next_dagrun for example_subdag_operator.section-1 to None, run_after=None
[2026-04-29T00:17:24.127+0200] {logging_mixin.py:188} INFO - [2026-04-29T00:17:24.127+0200] {dag.py:3954} INFO - Setting next_dagrun for example_subdag_operator.section-2 to None, run_after=None
[2026-04-29T00:17:24.130+0200] {processor.py:183} INFO - Processing /Users/pablofrancoherrero/prueba_tecnica/venv/lib/python3.11/site-packages/airflow/example_dags/example_subdag_operator.py took 0.046 seconds
[2026-04-29T00:18:46.392+0200] {processor.py:161} INFO - Started process (PID=67128) to work on /Users/pablofrancoherrero/prueba_tecnica/venv/lib/python3.11/site-packages/airflow/example_dags/example_subdag_operator.py
[2026-04-29T00:18:46.393+0200] {processor.py:830} INFO - Processing file /Users/pablofrancoherrero/prueba_tecnica/venv/lib/python3.11/site-packages/airflow/example_dags/example_subdag_operator.py for tasks to queue
[2026-04-29T00:18:46.393+0200] {logging_mixin.py:188} INFO - [2026-04-29T00:18:46.393+0200] {dagbag.py:540} INFO - Filling up the DagBag from /Users/pablofrancoherrero/prueba_tecnica/venv/lib/python3.11/site-packages/airflow/example_dags/example_subdag_operator.py
[2026-04-29T00:18:46.419+0200] {processor.py:840} INFO - DAG(s) 'example_subdag_operator.section-1', 'example_subdag_operator.section-2', 'example_subdag_operator' retrieved from /Users/pablofrancoherrero/prueba_tecnica/venv/lib/python3.11/site-packages/airflow/example_dags/example_subdag_operator.py
[2026-04-29T00:18:46.428+0200] {logging_mixin.py:188} INFO - [2026-04-29T00:18:46.428+0200] {dag.py:3096} INFO - Sync 3 DAGs
[2026-04-29T00:18:46.432+0200] {logging_mixin.py:188} INFO - [2026-04-29T00:18:46.432+0200] {dag.py:3954} INFO - Setting next_dagrun for example_subdag_operator to 2022-01-01 00:00:00+00:00, run_after=2022-01-01 00:00:00+00:00
[2026-04-29T00:18:46.433+0200] {logging_mixin.py:188} INFO - [2026-04-29T00:18:46.433+0200] {dag.py:3954} INFO - Setting next_dagrun for example_subdag_operator.section-1 to None, run_after=None
[2026-04-29T00:18:46.433+0200] {logging_mixin.py:188} INFO - [2026-04-29T00:18:46.433+0200] {dag.py:3954} INFO - Setting next_dagrun for example_subdag_operator.section-2 to None, run_after=None
[2026-04-29T00:18:46.435+0200] {logging_mixin.py:188} INFO - [2026-04-29T00:18:46.435+0200] {dag.py:3096} INFO - Sync 2 DAGs
[2026-04-29T00:18:46.436+0200] {logging_mixin.py:188} INFO - [2026-04-29T00:18:46.436+0200] {dag.py:3954} INFO - Setting next_dagrun for example_subdag_operator.section-1 to None, run_after=None
[2026-04-29T00:18:46.436+0200] {logging_mixin.py:188} INFO - [2026-04-29T00:18:46.436+0200] {dag.py:3954} INFO - Setting next_dagrun for example_subdag_operator.section-2 to None, run_after=None
[2026-04-29T00:18:46.439+0200] {processor.py:183} INFO - Processing /Users/pablofrancoherrero/prueba_tecnica/venv/lib/python3.11/site-packages/airflow/example_dags/example_subdag_operator.py took 0.047 seconds
[2026-04-29T00:20:07.048+0200] {processor.py:161} INFO - Started process (PID=67233) to work on /Users/pablofrancoherrero/prueba_tecnica/venv/lib/python3.11/site-packages/airflow/example_dags/example_subdag_operator.py
[2026-04-29T00:20:07.049+0200] {processor.py:830} INFO - Processing file /Users/pablofrancoherrero/prueba_tecnica/venv/lib/python3.11/site-packages/airflow/example_dags/example_subdag_operator.py for tasks to queue
[2026-04-29T00:20:07.050+0200] {logging_mixin.py:188} INFO - [2026-04-29T00:20:07.050+0200] {dagbag.py:540} INFO - Filling up the DagBag from /Users/pablofrancoherrero/prueba_tecnica/venv/lib/python3.11/site-packages/airflow/example_dags/example_subdag_operator.py
[2026-04-29T00:20:07.075+0200] {processor.py:840} INFO - DAG(s) 'example_subdag_operator.section-1', 'example_subdag_operator.section-2', 'example_subdag_operator' retrieved from /Users/pablofrancoherrero/prueba_tecnica/venv/lib/python3.11/site-packages/airflow/example_dags/example_subdag_operator.py
[2026-04-29T00:20:07.084+0200] {logging_mixin.py:188} INFO - [2026-04-29T00:20:07.084+0200] {dag.py:3096} INFO - Sync 3 DAGs
[2026-04-29T00:20:07.089+0200] {logging_mixin.py:188} INFO - [2026-04-29T00:20:07.089+0200] {dag.py:3954} INFO - Setting next_dagrun for example_subdag_operator to 2022-01-01 00:00:00+00:00, run_after=2022-01-01 00:00:00+00:00
[2026-04-29T00:20:07.089+0200] {logging_mixin.py:188} INFO - [2026-04-29T00:20:07.089+0200] {dag.py:3954} INFO - Setting next_dagrun for example_subdag_operator.section-1 to None, run_after=None
[2026-04-29T00:20:07.090+0200] {logging_mixin.py:188} INFO - [2026-04-29T00:20:07.090+0200] {dag.py:3954} INFO - Setting next_dagrun for example_subdag_operator.section-2 to None, run_after=None
[2026-04-29T00:20:07.091+0200] {logging_mixin.py:188} INFO - [2026-04-29T00:20:07.091+0200] {dag.py:3096} INFO - Sync 2 DAGs
[2026-04-29T00:20:07.092+0200] {logging_mixin.py:188} INFO - [2026-04-29T00:20:07.092+0200] {dag.py:3954} INFO - Setting next_dagrun for example_subdag_operator.section-1 to None, run_after=None
[2026-04-29T00:20:07.092+0200] {logging_mixin.py:188} INFO - [2026-04-29T00:20:07.092+0200] {dag.py:3954} INFO - Setting next_dagrun for example_subdag_operator.section-2 to None, run_after=None
[2026-04-29T00:20:07.095+0200] {processor.py:183} INFO - Processing /Users/pablofrancoherrero/prueba_tecnica/venv/lib/python3.11/site-packages/airflow/example_dags/example_subdag_operator.py took 0.047 seconds
[2026-04-29T00:21:23.756+0200] {processor.py:161} INFO - Started process (PID=67314) to work on /Users/pablofrancoherrero/prueba_tecnica/venv/lib/python3.11/site-packages/airflow/example_dags/example_subdag_operator.py
[2026-04-29T00:21:23.757+0200] {processor.py:830} INFO - Processing file /Users/pablofrancoherrero/prueba_tecnica/venv/lib/python3.11/site-packages/airflow/example_dags/example_subdag_operator.py for tasks to queue
[2026-04-29T00:21:23.758+0200] {logging_mixin.py:188} INFO - [2026-04-29T00:21:23.758+0200] {dagbag.py:540} INFO - Filling up the DagBag from /Users/pablofrancoherrero/prueba_tecnica/venv/lib/python3.11/site-packages/airflow/example_dags/example_subdag_operator.py
[2026-04-29T00:21:23.783+0200] {processor.py:840} INFO - DAG(s) 'example_subdag_operator.section-1', 'example_subdag_operator.section-2', 'example_subdag_operator' retrieved from /Users/pablofrancoherrero/prueba_tecnica/venv/lib/python3.11/site-packages/airflow/example_dags/example_subdag_operator.py
[2026-04-29T00:21:23.792+0200] {logging_mixin.py:188} INFO - [2026-04-29T00:21:23.792+0200] {dag.py:3096} INFO - Sync 3 DAGs
[2026-04-29T00:21:23.797+0200] {logging_mixin.py:188} INFO - [2026-04-29T00:21:23.796+0200] {dag.py:3954} INFO - Setting next_dagrun for example_subdag_operator to 2022-01-01 00:00:00+00:00, run_after=2022-01-01 00:00:00+00:00
[2026-04-29T00:21:23.797+0200] {logging_mixin.py:188} INFO - [2026-04-29T00:21:23.797+0200] {dag.py:3954} INFO - Setting next_dagrun for example_subdag_operator.section-1 to None, run_after=None
[2026-04-29T00:21:23.798+0200] {logging_mixin.py:188} INFO - [2026-04-29T00:21:23.798+0200] {dag.py:3954} INFO - Setting next_dagrun for example_subdag_operator.section-2 to None, run_after=None
[2026-04-29T00:21:23.799+0200] {logging_mixin.py:188} INFO - [2026-04-29T00:21:23.799+0200] {dag.py:3096} INFO - Sync 2 DAGs
[2026-04-29T00:21:23.800+0200] {logging_mixin.py:188} INFO - [2026-04-29T00:21:23.800+0200] {dag.py:3954} INFO - Setting next_dagrun for example_subdag_operator.section-1 to None, run_after=None
[2026-04-29T00:21:23.800+0200] {logging_mixin.py:188} INFO - [2026-04-29T00:21:23.800+0200] {dag.py:3954} INFO - Setting next_dagrun for example_subdag_operator.section-2 to None, run_after=None
[2026-04-29T00:21:23.803+0200] {processor.py:183} INFO - Processing /Users/pablofrancoherrero/prueba_tecnica/venv/lib/python3.11/site-packages/airflow/example_dags/example_subdag_operator.py took 0.047 seconds
[2026-04-29T00:22:41.795+0200] {processor.py:161} INFO - Started process (PID=67402) to work on /Users/pablofrancoherrero/prueba_tecnica/venv/lib/python3.11/site-packages/airflow/example_dags/example_subdag_operator.py
[2026-04-29T00:22:41.795+0200] {processor.py:830} INFO - Processing file /Users/pablofrancoherrero/prueba_tecnica/venv/lib/python3.11/site-packages/airflow/example_dags/example_subdag_operator.py for tasks to queue
[2026-04-29T00:22:41.796+0200] {logging_mixin.py:188} INFO - [2026-04-29T00:22:41.796+0200] {dagbag.py:540} INFO - Filling up the DagBag from /Users/pablofrancoherrero/prueba_tecnica/venv/lib/python3.11/site-packages/airflow/example_dags/example_subdag_operator.py
[2026-04-29T00:22:41.821+0200] {processor.py:840} INFO - DAG(s) 'example_subdag_operator.section-1', 'example_subdag_operator.section-2', 'example_subdag_operator' retrieved from /Users/pablofrancoherrero/prueba_tecnica/venv/lib/python3.11/site-packages/airflow/example_dags/example_subdag_operator.py
[2026-04-29T00:22:41.830+0200] {logging_mixin.py:188} INFO - [2026-04-29T00:22:41.830+0200] {dag.py:3096} INFO - Sync 3 DAGs
[2026-04-29T00:22:41.835+0200] {logging_mixin.py:188} INFO - [2026-04-29T00:22:41.835+0200] {dag.py:3954} INFO - Setting next_dagrun for example_subdag_operator to 2022-01-01 00:00:00+00:00, run_after=2022-01-01 00:00:00+00:00
[2026-04-29T00:22:41.836+0200] {logging_mixin.py:188} INFO - [2026-04-29T00:22:41.836+0200] {dag.py:3954} INFO - Setting next_dagrun for example_subdag_operator.section-1 to None, run_after=None
[2026-04-29T00:22:41.836+0200] {logging_mixin.py:188} INFO - [2026-04-29T00:22:41.836+0200] {dag.py:3954} INFO - Setting next_dagrun for example_subdag_operator.section-2 to None, run_after=None
[2026-04-29T00:22:41.837+0200] {logging_mixin.py:188} INFO - [2026-04-29T00:22:41.837+0200] {dag.py:3096} INFO - Sync 2 DAGs
[2026-04-29T00:22:41.838+0200] {logging_mixin.py:188} INFO - [2026-04-29T00:22:41.838+0200] {dag.py:3954} INFO - Setting next_dagrun for example_subdag_operator.section-1 to None, run_after=None
[2026-04-29T00:22:41.838+0200] {logging_mixin.py:188} INFO - [2026-04-29T00:22:41.838+0200] {dag.py:3954} INFO - Setting next_dagrun for example_subdag_operator.section-2 to None, run_after=None
[2026-04-29T00:22:41.841+0200] {processor.py:183} INFO - Processing /Users/pablofrancoherrero/prueba_tecnica/venv/lib/python3.11/site-packages/airflow/example_dags/example_subdag_operator.py took 0.047 seconds
[2026-04-29T00:23:59.155+0200] {processor.py:161} INFO - Started process (PID=67486) to work on /Users/pablofrancoherrero/prueba_tecnica/venv/lib/python3.11/site-packages/airflow/example_dags/example_subdag_operator.py
[2026-04-29T00:23:59.156+0200] {processor.py:830} INFO - Processing file /Users/pablofrancoherrero/prueba_tecnica/venv/lib/python3.11/site-packages/airflow/example_dags/example_subdag_operator.py for tasks to queue
[2026-04-29T00:23:59.156+0200] {logging_mixin.py:188} INFO - [2026-04-29T00:23:59.156+0200] {dagbag.py:540} INFO - Filling up the DagBag from /Users/pablofrancoherrero/prueba_tecnica/venv/lib/python3.11/site-packages/airflow/example_dags/example_subdag_operator.py
[2026-04-29T00:23:59.183+0200] {processor.py:840} INFO - DAG(s) 'example_subdag_operator.section-1', 'example_subdag_operator.section-2', 'example_subdag_operator' retrieved from /Users/pablofrancoherrero/prueba_tecnica/venv/lib/python3.11/site-packages/airflow/example_dags/example_subdag_operator.py
[2026-04-29T00:23:59.192+0200] {logging_mixin.py:188} INFO - [2026-04-29T00:23:59.192+0200] {dag.py:3096} INFO - Sync 3 DAGs
[2026-04-29T00:23:59.197+0200] {logging_mixin.py:188} INFO - [2026-04-29T00:23:59.197+0200] {dag.py:3954} INFO - Setting next_dagrun for example_subdag_operator to 2022-01-01 00:00:00+00:00, run_after=2022-01-01 00:00:00+00:00
[2026-04-29T00:23:59.198+0200] {logging_mixin.py:188} INFO - [2026-04-29T00:23:59.198+0200] {dag.py:3954} INFO - Setting next_dagrun for example_subdag_operator.section-1 to None, run_after=None
[2026-04-29T00:23:59.198+0200] {logging_mixin.py:188} INFO - [2026-04-29T00:23:59.198+0200] {dag.py:3954} INFO - Setting next_dagrun for example_subdag_operator.section-2 to None, run_after=None
[2026-04-29T00:23:59.199+0200] {logging_mixin.py:188} INFO - [2026-04-29T00:23:59.199+0200] {dag.py:3096} INFO - Sync 2 DAGs
[2026-04-29T00:23:59.200+0200] {logging_mixin.py:188} INFO - [2026-04-29T00:23:59.200+0200] {dag.py:3954} INFO - Setting next_dagrun for example_subdag_operator.section-1 to None, run_after=None
[2026-04-29T00:23:59.200+0200] {logging_mixin.py:188} INFO - [2026-04-29T00:23:59.200+0200] {dag.py:3954} INFO - Setting next_dagrun for example_subdag_operator.section-2 to None, run_after=None
[2026-04-29T00:23:59.203+0200] {processor.py:183} INFO - Processing /Users/pablofrancoherrero/prueba_tecnica/venv/lib/python3.11/site-packages/airflow/example_dags/example_subdag_operator.py took 0.049 seconds
[2026-04-29T00:25:16.820+0200] {processor.py:161} INFO - Started process (PID=67571) to work on /Users/pablofrancoherrero/prueba_tecnica/venv/lib/python3.11/site-packages/airflow/example_dags/example_subdag_operator.py
[2026-04-29T00:25:16.821+0200] {processor.py:830} INFO - Processing file /Users/pablofrancoherrero/prueba_tecnica/venv/lib/python3.11/site-packages/airflow/example_dags/example_subdag_operator.py for tasks to queue
[2026-04-29T00:25:16.821+0200] {logging_mixin.py:188} INFO - [2026-04-29T00:25:16.821+0200] {dagbag.py:540} INFO - Filling up the DagBag from /Users/pablofrancoherrero/prueba_tecnica/venv/lib/python3.11/site-packages/airflow/example_dags/example_subdag_operator.py
[2026-04-29T00:25:16.847+0200] {processor.py:840} INFO - DAG(s) 'example_subdag_operator.section-1', 'example_subdag_operator.section-2', 'example_subdag_operator' retrieved from /Users/pablofrancoherrero/prueba_tecnica/venv/lib/python3.11/site-packages/airflow/example_dags/example_subdag_operator.py
[2026-04-29T00:25:16.856+0200] {logging_mixin.py:188} INFO - [2026-04-29T00:25:16.856+0200] {dag.py:3096} INFO - Sync 3 DAGs
[2026-04-29T00:25:16.861+0200] {logging_mixin.py:188} INFO - [2026-04-29T00:25:16.861+0200] {dag.py:3954} INFO - Setting next_dagrun for example_subdag_operator to 2022-01-01 00:00:00+00:00, run_after=2022-01-01 00:00:00+00:00
[2026-04-29T00:25:16.862+0200] {logging_mixin.py:188} INFO - [2026-04-29T00:25:16.862+0200] {dag.py:3954} INFO - Setting next_dagrun for example_subdag_operator.section-1 to None, run_after=None
[2026-04-29T00:25:16.862+0200] {logging_mixin.py:188} INFO - [2026-04-29T00:25:16.862+0200] {dag.py:3954} INFO - Setting next_dagrun for example_subdag_operator.section-2 to None, run_after=None
[2026-04-29T00:25:16.863+0200] {logging_mixin.py:188} INFO - [2026-04-29T00:25:16.863+0200] {dag.py:3096} INFO - Sync 2 DAGs
[2026-04-29T00:25:16.864+0200] {logging_mixin.py:188} INFO - [2026-04-29T00:25:16.864+0200] {dag.py:3954} INFO - Setting next_dagrun for example_subdag_operator.section-1 to None, run_after=None
[2026-04-29T00:25:16.864+0200] {logging_mixin.py:188} INFO - [2026-04-29T00:25:16.864+0200] {dag.py:3954} INFO - Setting next_dagrun for example_subdag_operator.section-2 to None, run_after=None
[2026-04-29T00:25:16.867+0200] {processor.py:183} INFO - Processing /Users/pablofrancoherrero/prueba_tecnica/venv/lib/python3.11/site-packages/airflow/example_dags/example_subdag_operator.py took 0.048 seconds
[2026-04-29T00:26:37.122+0200] {processor.py:161} INFO - Started process (PID=67732) to work on /Users/pablofrancoherrero/prueba_tecnica/venv/lib/python3.11/site-packages/airflow/example_dags/example_subdag_operator.py
[2026-04-29T00:26:37.123+0200] {processor.py:830} INFO - Processing file /Users/pablofrancoherrero/prueba_tecnica/venv/lib/python3.11/site-packages/airflow/example_dags/example_subdag_operator.py for tasks to queue
[2026-04-29T00:26:37.123+0200] {logging_mixin.py:188} INFO - [2026-04-29T00:26:37.123+0200] {dagbag.py:540} INFO - Filling up the DagBag from /Users/pablofrancoherrero/prueba_tecnica/venv/lib/python3.11/site-packages/airflow/example_dags/example_subdag_operator.py
[2026-04-29T00:26:37.147+0200] {processor.py:840} INFO - DAG(s) 'example_subdag_operator.section-1', 'example_subdag_operator.section-2', 'example_subdag_operator' retrieved from /Users/pablofrancoherrero/prueba_tecnica/venv/lib/python3.11/site-packages/airflow/example_dags/example_subdag_operator.py
[2026-04-29T00:26:37.156+0200] {logging_mixin.py:188} INFO - [2026-04-29T00:26:37.156+0200] {dag.py:3096} INFO - Sync 3 DAGs
[2026-04-29T00:26:37.161+0200] {logging_mixin.py:188} INFO - [2026-04-29T00:26:37.161+0200] {dag.py:3954} INFO - Setting next_dagrun for example_subdag_operator to 2022-01-01 00:00:00+00:00, run_after=2022-01-01 00:00:00+00:00
[2026-04-29T00:26:37.161+0200] {logging_mixin.py:188} INFO - [2026-04-29T00:26:37.161+0200] {dag.py:3954} INFO - Setting next_dagrun for example_subdag_operator.section-1 to None, run_after=None
[2026-04-29T00:26:37.162+0200] {logging_mixin.py:188} INFO - [2026-04-29T00:26:37.162+0200] {dag.py:3954} INFO - Setting next_dagrun for example_subdag_operator.section-2 to None, run_after=None
[2026-04-29T00:26:37.163+0200] {logging_mixin.py:188} INFO - [2026-04-29T00:26:37.163+0200] {dag.py:3096} INFO - Sync 2 DAGs
[2026-04-29T00:26:37.164+0200] {logging_mixin.py:188} INFO - [2026-04-29T00:26:37.164+0200] {dag.py:3954} INFO - Setting next_dagrun for example_subdag_operator.section-1 to None, run_after=None
[2026-04-29T00:26:37.164+0200] {logging_mixin.py:188} INFO - [2026-04-29T00:26:37.164+0200] {dag.py:3954} INFO - Setting next_dagrun for example_subdag_operator.section-2 to None, run_after=None
[2026-04-29T00:26:37.167+0200] {processor.py:183} INFO - Processing /Users/pablofrancoherrero/prueba_tecnica/venv/lib/python3.11/site-packages/airflow/example_dags/example_subdag_operator.py took 0.046 seconds
[2026-04-29T00:27:59.878+0200] {processor.py:161} INFO - Started process (PID=67831) to work on /Users/pablofrancoherrero/prueba_tecnica/venv/lib/python3.11/site-packages/airflow/example_dags/example_subdag_operator.py
[2026-04-29T00:27:59.879+0200] {processor.py:830} INFO - Processing file /Users/pablofrancoherrero/prueba_tecnica/venv/lib/python3.11/site-packages/airflow/example_dags/example_subdag_operator.py for tasks to queue
[2026-04-29T00:27:59.879+0200] {logging_mixin.py:188} INFO - [2026-04-29T00:27:59.879+0200] {dagbag.py:540} INFO - Filling up the DagBag from /Users/pablofrancoherrero/prueba_tecnica/venv/lib/python3.11/site-packages/airflow/example_dags/example_subdag_operator.py
[2026-04-29T00:27:59.905+0200] {processor.py:840} INFO - DAG(s) 'example_subdag_operator.section-1', 'example_subdag_operator.section-2', 'example_subdag_operator' retrieved from /Users/pablofrancoherrero/prueba_tecnica/venv/lib/python3.11/site-packages/airflow/example_dags/example_subdag_operator.py
[2026-04-29T00:27:59.914+0200] {logging_mixin.py:188} INFO - [2026-04-29T00:27:59.914+0200] {dag.py:3096} INFO - Sync 3 DAGs
[2026-04-29T00:27:59.919+0200] {logging_mixin.py:188} INFO - [2026-04-29T00:27:59.919+0200] {dag.py:3954} INFO - Setting next_dagrun for example_subdag_operator to 2022-01-01 00:00:00+00:00, run_after=2022-01-01 00:00:00+00:00
[2026-04-29T00:27:59.920+0200] {logging_mixin.py:188} INFO - [2026-04-29T00:27:59.920+0200] {dag.py:3954} INFO - Setting next_dagrun for example_subdag_operator.section-1 to None, run_after=None
[2026-04-29T00:27:59.920+0200] {logging_mixin.py:188} INFO - [2026-04-29T00:27:59.920+0200] {dag.py:3954} INFO - Setting next_dagrun for example_subdag_operator.section-2 to None, run_after=None
[2026-04-29T00:27:59.922+0200] {logging_mixin.py:188} INFO - [2026-04-29T00:27:59.922+0200] {dag.py:3096} INFO - Sync 2 DAGs
[2026-04-29T00:27:59.922+0200] {logging_mixin.py:188} INFO - [2026-04-29T00:27:59.922+0200] {dag.py:3954} INFO - Setting next_dagrun for example_subdag_operator.section-1 to None, run_after=None
[2026-04-29T00:27:59.923+0200] {logging_mixin.py:188} INFO - [2026-04-29T00:27:59.923+0200] {dag.py:3954} INFO - Setting next_dagrun for example_subdag_operator.section-2 to None, run_after=None
[2026-04-29T00:27:59.926+0200] {processor.py:183} INFO - Processing /Users/pablofrancoherrero/prueba_tecnica/venv/lib/python3.11/site-packages/airflow/example_dags/example_subdag_operator.py took 0.049 seconds
[2026-04-29T00:29:19.607+0200] {processor.py:161} INFO - Started process (PID=67934) to work on /Users/pablofrancoherrero/prueba_tecnica/venv/lib/python3.11/site-packages/airflow/example_dags/example_subdag_operator.py
[2026-04-29T00:29:19.608+0200] {processor.py:830} INFO - Processing file /Users/pablofrancoherrero/prueba_tecnica/venv/lib/python3.11/site-packages/airflow/example_dags/example_subdag_operator.py for tasks to queue
[2026-04-29T00:29:19.608+0200] {logging_mixin.py:188} INFO - [2026-04-29T00:29:19.608+0200] {dagbag.py:540} INFO - Filling up the DagBag from /Users/pablofrancoherrero/prueba_tecnica/venv/lib/python3.11/site-packages/airflow/example_dags/example_subdag_operator.py
[2026-04-29T00:29:19.632+0200] {processor.py:840} INFO - DAG(s) 'example_subdag_operator.section-1', 'example_subdag_operator.section-2', 'example_subdag_operator' retrieved from /Users/pablofrancoherrero/prueba_tecnica/venv/lib/python3.11/site-packages/airflow/example_dags/example_subdag_operator.py
[2026-04-29T00:29:19.641+0200] {logging_mixin.py:188} INFO - [2026-04-29T00:29:19.641+0200] {dag.py:3096} INFO - Sync 3 DAGs
[2026-04-29T00:29:19.646+0200] {logging_mixin.py:188} INFO - [2026-04-29T00:29:19.646+0200] {dag.py:3954} INFO - Setting next_dagrun for example_subdag_operator to 2022-01-01 00:00:00+00:00, run_after=2022-01-01 00:00:00+00:00
[2026-04-29T00:29:19.646+0200] {logging_mixin.py:188} INFO - [2026-04-29T00:29:19.646+0200] {dag.py:3954} INFO - Setting next_dagrun for example_subdag_operator.section-1 to None, run_after=None
[2026-04-29T00:29:19.647+0200] {logging_mixin.py:188} INFO - [2026-04-29T00:29:19.647+0200] {dag.py:3954} INFO - Setting next_dagrun for example_subdag_operator.section-2 to None, run_after=None
[2026-04-29T00:29:19.648+0200] {logging_mixin.py:188} INFO - [2026-04-29T00:29:19.648+0200] {dag.py:3096} INFO - Sync 2 DAGs
[2026-04-29T00:29:19.649+0200] {logging_mixin.py:188} INFO - [2026-04-29T00:29:19.649+0200] {dag.py:3954} INFO - Setting next_dagrun for example_subdag_operator.section-1 to None, run_after=None
[2026-04-29T00:29:19.649+0200] {logging_mixin.py:188} INFO - [2026-04-29T00:29:19.649+0200] {dag.py:3954} INFO - Setting next_dagrun for example_subdag_operator.section-2 to None, run_after=None
[2026-04-29T00:29:19.652+0200] {processor.py:183} INFO - Processing /Users/pablofrancoherrero/prueba_tecnica/venv/lib/python3.11/site-packages/airflow/example_dags/example_subdag_operator.py took 0.046 seconds
[2026-04-29T00:30:38.692+0200] {processor.py:161} INFO - Started process (PID=68032) to work on /Users/pablofrancoherrero/prueba_tecnica/venv/lib/python3.11/site-packages/airflow/example_dags/example_subdag_operator.py
[2026-04-29T00:30:38.693+0200] {processor.py:830} INFO - Processing file /Users/pablofrancoherrero/prueba_tecnica/venv/lib/python3.11/site-packages/airflow/example_dags/example_subdag_operator.py for tasks to queue
[2026-04-29T00:30:38.694+0200] {logging_mixin.py:188} INFO - [2026-04-29T00:30:38.693+0200] {dagbag.py:540} INFO - Filling up the DagBag from /Users/pablofrancoherrero/prueba_tecnica/venv/lib/python3.11/site-packages/airflow/example_dags/example_subdag_operator.py
[2026-04-29T00:30:38.719+0200] {processor.py:840} INFO - DAG(s) 'example_subdag_operator.section-1', 'example_subdag_operator.section-2', 'example_subdag_operator' retrieved from /Users/pablofrancoherrero/prueba_tecnica/venv/lib/python3.11/site-packages/airflow/example_dags/example_subdag_operator.py
[2026-04-29T00:30:38.728+0200] {logging_mixin.py:188} INFO - [2026-04-29T00:30:38.728+0200] {dag.py:3096} INFO - Sync 3 DAGs
[2026-04-29T00:30:38.733+0200] {logging_mixin.py:188} INFO - [2026-04-29T00:30:38.732+0200] {dag.py:3954} INFO - Setting next_dagrun for example_subdag_operator to 2022-01-01 00:00:00+00:00, run_after=2022-01-01 00:00:00+00:00
[2026-04-29T00:30:38.733+0200] {logging_mixin.py:188} INFO - [2026-04-29T00:30:38.733+0200] {dag.py:3954} INFO - Setting next_dagrun for example_subdag_operator.section-1 to None, run_after=None
[2026-04-29T00:30:38.734+0200] {logging_mixin.py:188} INFO - [2026-04-29T00:30:38.733+0200] {dag.py:3954} INFO - Setting next_dagrun for example_subdag_operator.section-2 to None, run_after=None
[2026-04-29T00:30:38.735+0200] {logging_mixin.py:188} INFO - [2026-04-29T00:30:38.735+0200] {dag.py:3096} INFO - Sync 2 DAGs
[2026-04-29T00:30:38.736+0200] {logging_mixin.py:188} INFO - [2026-04-29T00:30:38.736+0200] {dag.py:3954} INFO - Setting next_dagrun for example_subdag_operator.section-1 to None, run_after=None
[2026-04-29T00:30:38.736+0200] {logging_mixin.py:188} INFO - [2026-04-29T00:30:38.736+0200] {dag.py:3954} INFO - Setting next_dagrun for example_subdag_operator.section-2 to None, run_after=None
[2026-04-29T00:30:38.739+0200] {processor.py:183} INFO - Processing /Users/pablofrancoherrero/prueba_tecnica/venv/lib/python3.11/site-packages/airflow/example_dags/example_subdag_operator.py took 0.047 seconds
[2026-04-29T00:31:57.706+0200] {processor.py:161} INFO - Started process (PID=68138) to work on /Users/pablofrancoherrero/prueba_tecnica/venv/lib/python3.11/site-packages/airflow/example_dags/example_subdag_operator.py
[2026-04-29T00:31:57.707+0200] {processor.py:830} INFO - Processing file /Users/pablofrancoherrero/prueba_tecnica/venv/lib/python3.11/site-packages/airflow/example_dags/example_subdag_operator.py for tasks to queue
[2026-04-29T00:31:57.708+0200] {logging_mixin.py:188} INFO - [2026-04-29T00:31:57.708+0200] {dagbag.py:540} INFO - Filling up the DagBag from /Users/pablofrancoherrero/prueba_tecnica/venv/lib/python3.11/site-packages/airflow/example_dags/example_subdag_operator.py
[2026-04-29T00:31:57.734+0200] {processor.py:840} INFO - DAG(s) 'example_subdag_operator.section-1', 'example_subdag_operator.section-2', 'example_subdag_operator' retrieved from /Users/pablofrancoherrero/prueba_tecnica/venv/lib/python3.11/site-packages/airflow/example_dags/example_subdag_operator.py
[2026-04-29T00:31:57.743+0200] {logging_mixin.py:188} INFO - [2026-04-29T00:31:57.743+0200] {dag.py:3096} INFO - Sync 3 DAGs
[2026-04-29T00:31:57.748+0200] {logging_mixin.py:188} INFO - [2026-04-29T00:31:57.747+0200] {dag.py:3954} INFO - Setting next_dagrun for example_subdag_operator to 2022-01-01 00:00:00+00:00, run_after=2022-01-01 00:00:00+00:00
[2026-04-29T00:31:57.748+0200] {logging_mixin.py:188} INFO - [2026-04-29T00:31:57.748+0200] {dag.py:3954} INFO - Setting next_dagrun for example_subdag_operator.section-1 to None, run_after=None
[2026-04-29T00:31:57.749+0200] {logging_mixin.py:188} INFO - [2026-04-29T00:31:57.749+0200] {dag.py:3954} INFO - Setting next_dagrun for example_subdag_operator.section-2 to None, run_after=None
[2026-04-29T00:31:57.750+0200] {logging_mixin.py:188} INFO - [2026-04-29T00:31:57.750+0200] {dag.py:3096} INFO - Sync 2 DAGs
[2026-04-29T00:31:57.751+0200] {logging_mixin.py:188} INFO - [2026-04-29T00:31:57.751+0200] {dag.py:3954} INFO - Setting next_dagrun for example_subdag_operator.section-1 to None, run_after=None
[2026-04-29T00:31:57.751+0200] {logging_mixin.py:188} INFO - [2026-04-29T00:31:57.751+0200] {dag.py:3954} INFO - Setting next_dagrun for example_subdag_operator.section-2 to None, run_after=None
[2026-04-29T00:31:57.754+0200] {processor.py:183} INFO - Processing /Users/pablofrancoherrero/prueba_tecnica/venv/lib/python3.11/site-packages/airflow/example_dags/example_subdag_operator.py took 0.048 seconds
[2026-04-29T00:33:18.924+0200] {processor.py:161} INFO - Started process (PID=68225) to work on /Users/pablofrancoherrero/prueba_tecnica/venv/lib/python3.11/site-packages/airflow/example_dags/example_subdag_operator.py
[2026-04-29T00:33:18.925+0200] {processor.py:830} INFO - Processing file /Users/pablofrancoherrero/prueba_tecnica/venv/lib/python3.11/site-packages/airflow/example_dags/example_subdag_operator.py for tasks to queue
[2026-04-29T00:33:18.925+0200] {logging_mixin.py:188} INFO - [2026-04-29T00:33:18.925+0200] {dagbag.py:540} INFO - Filling up the DagBag from /Users/pablofrancoherrero/prueba_tecnica/venv/lib/python3.11/site-packages/airflow/example_dags/example_subdag_operator.py
[2026-04-29T00:33:18.950+0200] {processor.py:840} INFO - DAG(s) 'example_subdag_operator.section-1', 'example_subdag_operator.section-2', 'example_subdag_operator' retrieved from /Users/pablofrancoherrero/prueba_tecnica/venv/lib/python3.11/site-packages/airflow/example_dags/example_subdag_operator.py
[2026-04-29T00:33:18.958+0200] {logging_mixin.py:188} INFO - [2026-04-29T00:33:18.958+0200] {dag.py:3096} INFO - Sync 3 DAGs
[2026-04-29T00:33:18.963+0200] {logging_mixin.py:188} INFO - [2026-04-29T00:33:18.963+0200] {dag.py:3954} INFO - Setting next_dagrun for example_subdag_operator to 2022-01-01 00:00:00+00:00, run_after=2022-01-01 00:00:00+00:00
[2026-04-29T00:33:18.964+0200] {logging_mixin.py:188} INFO - [2026-04-29T00:33:18.964+0200] {dag.py:3954} INFO - Setting next_dagrun for example_subdag_operator.section-1 to None, run_after=None
[2026-04-29T00:33:18.964+0200] {logging_mixin.py:188} INFO - [2026-04-29T00:33:18.964+0200] {dag.py:3954} INFO - Setting next_dagrun for example_subdag_operator.section-2 to None, run_after=None
[2026-04-29T00:33:18.965+0200] {logging_mixin.py:188} INFO - [2026-04-29T00:33:18.965+0200] {dag.py:3096} INFO - Sync 2 DAGs
[2026-04-29T00:33:18.966+0200] {logging_mixin.py:188} INFO - [2026-04-29T00:33:18.966+0200] {dag.py:3954} INFO - Setting next_dagrun for example_subdag_operator.section-1 to None, run_after=None
[2026-04-29T00:33:18.966+0200] {logging_mixin.py:188} INFO - [2026-04-29T00:33:18.966+0200] {dag.py:3954} INFO - Setting next_dagrun for example_subdag_operator.section-2 to None, run_after=None
[2026-04-29T00:33:18.969+0200] {processor.py:183} INFO - Processing /Users/pablofrancoherrero/prueba_tecnica/venv/lib/python3.11/site-packages/airflow/example_dags/example_subdag_operator.py took 0.046 seconds
[2026-04-29T00:34:37.979+0200] {processor.py:161} INFO - Started process (PID=68311) to work on /Users/pablofrancoherrero/prueba_tecnica/venv/lib/python3.11/site-packages/airflow/example_dags/example_subdag_operator.py
[2026-04-29T00:34:37.980+0200] {processor.py:830} INFO - Processing file /Users/pablofrancoherrero/prueba_tecnica/venv/lib/python3.11/site-packages/airflow/example_dags/example_subdag_operator.py for tasks to queue
[2026-04-29T00:34:37.980+0200] {logging_mixin.py:188} INFO - [2026-04-29T00:34:37.980+0200] {dagbag.py:540} INFO - Filling up the DagBag from /Users/pablofrancoherrero/prueba_tecnica/venv/lib/python3.11/site-packages/airflow/example_dags/example_subdag_operator.py
[2026-04-29T00:34:38.006+0200] {processor.py:840} INFO - DAG(s) 'example_subdag_operator.section-1', 'example_subdag_operator.section-2', 'example_subdag_operator' retrieved from /Users/pablofrancoherrero/prueba_tecnica/venv/lib/python3.11/site-packages/airflow/example_dags/example_subdag_operator.py
[2026-04-29T00:34:38.015+0200] {logging_mixin.py:188} INFO - [2026-04-29T00:34:38.015+0200] {dag.py:3096} INFO - Sync 3 DAGs
[2026-04-29T00:34:38.020+0200] {logging_mixin.py:188} INFO - [2026-04-29T00:34:38.020+0200] {dag.py:3954} INFO - Setting next_dagrun for example_subdag_operator to 2022-01-01 00:00:00+00:00, run_after=2022-01-01 00:00:00+00:00
[2026-04-29T00:34:38.021+0200] {logging_mixin.py:188} INFO - [2026-04-29T00:34:38.021+0200] {dag.py:3954} INFO - Setting next_dagrun for example_subdag_operator.section-1 to None, run_after=None
[2026-04-29T00:34:38.021+0200] {logging_mixin.py:188} INFO - [2026-04-29T00:34:38.021+0200] {dag.py:3954} INFO - Setting next_dagrun for example_subdag_operator.section-2 to None, run_after=None
[2026-04-29T00:34:38.022+0200] {logging_mixin.py:188} INFO - [2026-04-29T00:34:38.022+0200] {dag.py:3096} INFO - Sync 2 DAGs
[2026-04-29T00:34:38.023+0200] {logging_mixin.py:188} INFO - [2026-04-29T00:34:38.023+0200] {dag.py:3954} INFO - Setting next_dagrun for example_subdag_operator.section-1 to None, run_after=None
[2026-04-29T00:34:38.023+0200] {logging_mixin.py:188} INFO - [2026-04-29T00:34:38.023+0200] {dag.py:3954} INFO - Setting next_dagrun for example_subdag_operator.section-2 to None, run_after=None
[2026-04-29T00:34:38.026+0200] {processor.py:183} INFO - Processing /Users/pablofrancoherrero/prueba_tecnica/venv/lib/python3.11/site-packages/airflow/example_dags/example_subdag_operator.py took 0.048 seconds
[2026-04-29T00:35:59.259+0200] {processor.py:161} INFO - Started process (PID=68469) to work on /Users/pablofrancoherrero/prueba_tecnica/venv/lib/python3.11/site-packages/airflow/example_dags/example_subdag_operator.py
[2026-04-29T00:35:59.260+0200] {processor.py:830} INFO - Processing file /Users/pablofrancoherrero/prueba_tecnica/venv/lib/python3.11/site-packages/airflow/example_dags/example_subdag_operator.py for tasks to queue
[2026-04-29T00:35:59.260+0200] {logging_mixin.py:188} INFO - [2026-04-29T00:35:59.260+0200] {dagbag.py:540} INFO - Filling up the DagBag from /Users/pablofrancoherrero/prueba_tecnica/venv/lib/python3.11/site-packages/airflow/example_dags/example_subdag_operator.py
[2026-04-29T00:35:59.286+0200] {processor.py:840} INFO - DAG(s) 'example_subdag_operator.section-1', 'example_subdag_operator.section-2', 'example_subdag_operator' retrieved from /Users/pablofrancoherrero/prueba_tecnica/venv/lib/python3.11/site-packages/airflow/example_dags/example_subdag_operator.py
[2026-04-29T00:35:59.296+0200] {logging_mixin.py:188} INFO - [2026-04-29T00:35:59.295+0200] {dag.py:3096} INFO - Sync 3 DAGs
[2026-04-29T00:35:59.300+0200] {logging_mixin.py:188} INFO - [2026-04-29T00:35:59.300+0200] {dag.py:3954} INFO - Setting next_dagrun for example_subdag_operator to 2022-01-01 00:00:00+00:00, run_after=2022-01-01 00:00:00+00:00
[2026-04-29T00:35:59.301+0200] {logging_mixin.py:188} INFO - [2026-04-29T00:35:59.301+0200] {dag.py:3954} INFO - Setting next_dagrun for example_subdag_operator.section-1 to None, run_after=None
[2026-04-29T00:35:59.301+0200] {logging_mixin.py:188} INFO - [2026-04-29T00:35:59.301+0200] {dag.py:3954} INFO - Setting next_dagrun for example_subdag_operator.section-2 to None, run_after=None
[2026-04-29T00:35:59.303+0200] {logging_mixin.py:188} INFO - [2026-04-29T00:35:59.303+0200] {dag.py:3096} INFO - Sync 2 DAGs
[2026-04-29T00:35:59.304+0200] {logging_mixin.py:188} INFO - [2026-04-29T00:35:59.304+0200] {dag.py:3954} INFO - Setting next_dagrun for example_subdag_operator.section-1 to None, run_after=None
[2026-04-29T00:35:59.304+0200] {logging_mixin.py:188} INFO - [2026-04-29T00:35:59.304+0200] {dag.py:3954} INFO - Setting next_dagrun for example_subdag_operator.section-2 to None, run_after=None
[2026-04-29T00:35:59.307+0200] {processor.py:183} INFO - Processing /Users/pablofrancoherrero/prueba_tecnica/venv/lib/python3.11/site-packages/airflow/example_dags/example_subdag_operator.py took 0.049 seconds
[2026-04-29T00:53:39.428+0200] {processor.py:161} INFO - Started process (PID=68605) to work on /Users/pablofrancoherrero/prueba_tecnica/venv/lib/python3.11/site-packages/airflow/example_dags/example_subdag_operator.py
[2026-04-29T00:53:39.429+0200] {processor.py:830} INFO - Processing file /Users/pablofrancoherrero/prueba_tecnica/venv/lib/python3.11/site-packages/airflow/example_dags/example_subdag_operator.py for tasks to queue
[2026-04-29T00:53:39.429+0200] {logging_mixin.py:188} INFO - [2026-04-29T00:53:39.429+0200] {dagbag.py:540} INFO - Filling up the DagBag from /Users/pablofrancoherrero/prueba_tecnica/venv/lib/python3.11/site-packages/airflow/example_dags/example_subdag_operator.py
[2026-04-29T00:53:39.455+0200] {processor.py:840} INFO - DAG(s) 'example_subdag_operator.section-1', 'example_subdag_operator.section-2', 'example_subdag_operator' retrieved from /Users/pablofrancoherrero/prueba_tecnica/venv/lib/python3.11/site-packages/airflow/example_dags/example_subdag_operator.py
[2026-04-29T00:53:39.463+0200] {logging_mixin.py:188} INFO - [2026-04-29T00:53:39.463+0200] {dag.py:3096} INFO - Sync 3 DAGs
[2026-04-29T00:53:39.468+0200] {logging_mixin.py:188} INFO - [2026-04-29T00:53:39.468+0200] {dag.py:3954} INFO - Setting next_dagrun for example_subdag_operator to 2022-01-01 00:00:00+00:00, run_after=2022-01-01 00:00:00+00:00
[2026-04-29T00:53:39.469+0200] {logging_mixin.py:188} INFO - [2026-04-29T00:53:39.469+0200] {dag.py:3954} INFO - Setting next_dagrun for example_subdag_operator.section-1 to None, run_after=None
[2026-04-29T00:53:39.469+0200] {logging_mixin.py:188} INFO - [2026-04-29T00:53:39.469+0200] {dag.py:3954} INFO - Setting next_dagrun for example_subdag_operator.section-2 to None, run_after=None
[2026-04-29T00:53:39.470+0200] {logging_mixin.py:188} INFO - [2026-04-29T00:53:39.470+0200] {dag.py:3096} INFO - Sync 2 DAGs
[2026-04-29T00:53:39.471+0200] {logging_mixin.py:188} INFO - [2026-04-29T00:53:39.471+0200] {dag.py:3954} INFO - Setting next_dagrun for example_subdag_operator.section-1 to None, run_after=None
[2026-04-29T00:53:39.471+0200] {logging_mixin.py:188} INFO - [2026-04-29T00:53:39.471+0200] {dag.py:3954} INFO - Setting next_dagrun for example_subdag_operator.section-2 to None, run_after=None
[2026-04-29T00:53:39.474+0200] {processor.py:183} INFO - Processing /Users/pablofrancoherrero/prueba_tecnica/venv/lib/python3.11/site-packages/airflow/example_dags/example_subdag_operator.py took 0.047 seconds
[2026-04-29T00:54:58.564+0200] {processor.py:161} INFO - Started process (PID=68710) to work on /Users/pablofrancoherrero/prueba_tecnica/venv/lib/python3.11/site-packages/airflow/example_dags/example_subdag_operator.py
[2026-04-29T00:54:58.565+0200] {processor.py:830} INFO - Processing file /Users/pablofrancoherrero/prueba_tecnica/venv/lib/python3.11/site-packages/airflow/example_dags/example_subdag_operator.py for tasks to queue
[2026-04-29T00:54:58.565+0200] {logging_mixin.py:188} INFO - [2026-04-29T00:54:58.565+0200] {dagbag.py:540} INFO - Filling up the DagBag from /Users/pablofrancoherrero/prueba_tecnica/venv/lib/python3.11/site-packages/airflow/example_dags/example_subdag_operator.py
[2026-04-29T00:54:58.592+0200] {processor.py:840} INFO - DAG(s) 'example_subdag_operator.section-1', 'example_subdag_operator.section-2', 'example_subdag_operator' retrieved from /Users/pablofrancoherrero/prueba_tecnica/venv/lib/python3.11/site-packages/airflow/example_dags/example_subdag_operator.py
[2026-04-29T00:54:58.600+0200] {logging_mixin.py:188} INFO - [2026-04-29T00:54:58.600+0200] {dag.py:3096} INFO - Sync 3 DAGs
[2026-04-29T00:54:58.605+0200] {logging_mixin.py:188} INFO - [2026-04-29T00:54:58.605+0200] {dag.py:3954} INFO - Setting next_dagrun for example_subdag_operator to 2022-01-01 00:00:00+00:00, run_after=2022-01-01 00:00:00+00:00
[2026-04-29T00:54:58.606+0200] {logging_mixin.py:188} INFO - [2026-04-29T00:54:58.606+0200] {dag.py:3954} INFO - Setting next_dagrun for example_subdag_operator.section-1 to None, run_after=None
[2026-04-29T00:54:58.606+0200] {logging_mixin.py:188} INFO - [2026-04-29T00:54:58.606+0200] {dag.py:3954} INFO - Setting next_dagrun for example_subdag_operator.section-2 to None, run_after=None
[2026-04-29T00:54:58.607+0200] {logging_mixin.py:188} INFO - [2026-04-29T00:54:58.607+0200] {dag.py:3096} INFO - Sync 2 DAGs
[2026-04-29T00:54:58.608+0200] {logging_mixin.py:188} INFO - [2026-04-29T00:54:58.608+0200] {dag.py:3954} INFO - Setting next_dagrun for example_subdag_operator.section-1 to None, run_after=None
[2026-04-29T00:54:58.608+0200] {logging_mixin.py:188} INFO - [2026-04-29T00:54:58.608+0200] {dag.py:3954} INFO - Setting next_dagrun for example_subdag_operator.section-2 to None, run_after=None
[2026-04-29T00:54:58.611+0200] {processor.py:183} INFO - Processing /Users/pablofrancoherrero/prueba_tecnica/venv/lib/python3.11/site-packages/airflow/example_dags/example_subdag_operator.py took 0.048 seconds
[2026-04-29T01:05:13.032+0200] {processor.py:161} INFO - Started process (PID=68840) to work on /Users/pablofrancoherrero/prueba_tecnica/venv/lib/python3.11/site-packages/airflow/example_dags/example_subdag_operator.py
[2026-04-29T01:05:13.032+0200] {processor.py:830} INFO - Processing file /Users/pablofrancoherrero/prueba_tecnica/venv/lib/python3.11/site-packages/airflow/example_dags/example_subdag_operator.py for tasks to queue
[2026-04-29T01:05:13.033+0200] {logging_mixin.py:188} INFO - [2026-04-29T01:05:13.033+0200] {dagbag.py:540} INFO - Filling up the DagBag from /Users/pablofrancoherrero/prueba_tecnica/venv/lib/python3.11/site-packages/airflow/example_dags/example_subdag_operator.py
[2026-04-29T01:05:13.057+0200] {processor.py:840} INFO - DAG(s) 'example_subdag_operator.section-1', 'example_subdag_operator.section-2', 'example_subdag_operator' retrieved from /Users/pablofrancoherrero/prueba_tecnica/venv/lib/python3.11/site-packages/airflow/example_dags/example_subdag_operator.py
[2026-04-29T01:05:13.066+0200] {logging_mixin.py:188} INFO - [2026-04-29T01:05:13.066+0200] {dag.py:3096} INFO - Sync 3 DAGs
[2026-04-29T01:05:13.070+0200] {logging_mixin.py:188} INFO - [2026-04-29T01:05:13.070+0200] {dag.py:3954} INFO - Setting next_dagrun for example_subdag_operator to 2022-01-01 00:00:00+00:00, run_after=2022-01-01 00:00:00+00:00
[2026-04-29T01:05:13.071+0200] {logging_mixin.py:188} INFO - [2026-04-29T01:05:13.071+0200] {dag.py:3954} INFO - Setting next_dagrun for example_subdag_operator.section-1 to None, run_after=None
[2026-04-29T01:05:13.071+0200] {logging_mixin.py:188} INFO - [2026-04-29T01:05:13.071+0200] {dag.py:3954} INFO - Setting next_dagrun for example_subdag_operator.section-2 to None, run_after=None
[2026-04-29T01:05:13.073+0200] {logging_mixin.py:188} INFO - [2026-04-29T01:05:13.073+0200] {dag.py:3096} INFO - Sync 2 DAGs
[2026-04-29T01:05:13.074+0200] {logging_mixin.py:188} INFO - [2026-04-29T01:05:13.074+0200] {dag.py:3954} INFO - Setting next_dagrun for example_subdag_operator.section-1 to None, run_after=None
[2026-04-29T01:05:13.074+0200] {logging_mixin.py:188} INFO - [2026-04-29T01:05:13.074+0200] {dag.py:3954} INFO - Setting next_dagrun for example_subdag_operator.section-2 to None, run_after=None
[2026-04-29T01:05:13.077+0200] {processor.py:183} INFO - Processing /Users/pablofrancoherrero/prueba_tecnica/venv/lib/python3.11/site-packages/airflow/example_dags/example_subdag_operator.py took 0.046 seconds
[2026-04-29T01:06:33.403+0200] {processor.py:161} INFO - Started process (PID=68933) to work on /Users/pablofrancoherrero/prueba_tecnica/venv/lib/python3.11/site-packages/airflow/example_dags/example_subdag_operator.py
[2026-04-29T01:06:33.404+0200] {processor.py:830} INFO - Processing file /Users/pablofrancoherrero/prueba_tecnica/venv/lib/python3.11/site-packages/airflow/example_dags/example_subdag_operator.py for tasks to queue
[2026-04-29T01:06:33.404+0200] {logging_mixin.py:188} INFO - [2026-04-29T01:06:33.404+0200] {dagbag.py:540} INFO - Filling up the DagBag from /Users/pablofrancoherrero/prueba_tecnica/venv/lib/python3.11/site-packages/airflow/example_dags/example_subdag_operator.py
[2026-04-29T01:06:33.429+0200] {processor.py:840} INFO - DAG(s) 'example_subdag_operator.section-1', 'example_subdag_operator.section-2', 'example_subdag_operator' retrieved from /Users/pablofrancoherrero/prueba_tecnica/venv/lib/python3.11/site-packages/airflow/example_dags/example_subdag_operator.py
[2026-04-29T01:06:33.438+0200] {logging_mixin.py:188} INFO - [2026-04-29T01:06:33.438+0200] {dag.py:3096} INFO - Sync 3 DAGs
[2026-04-29T01:06:33.443+0200] {logging_mixin.py:188} INFO - [2026-04-29T01:06:33.442+0200] {dag.py:3954} INFO - Setting next_dagrun for example_subdag_operator to 2022-01-01 00:00:00+00:00, run_after=2022-01-01 00:00:00+00:00
[2026-04-29T01:06:33.443+0200] {logging_mixin.py:188} INFO - [2026-04-29T01:06:33.443+0200] {dag.py:3954} INFO - Setting next_dagrun for example_subdag_operator.section-1 to None, run_after=None
[2026-04-29T01:06:33.444+0200] {logging_mixin.py:188} INFO - [2026-04-29T01:06:33.443+0200] {dag.py:3954} INFO - Setting next_dagrun for example_subdag_operator.section-2 to None, run_after=None
[2026-04-29T01:06:33.445+0200] {logging_mixin.py:188} INFO - [2026-04-29T01:06:33.445+0200] {dag.py:3096} INFO - Sync 2 DAGs
[2026-04-29T01:06:33.446+0200] {logging_mixin.py:188} INFO - [2026-04-29T01:06:33.446+0200] {dag.py:3954} INFO - Setting next_dagrun for example_subdag_operator.section-1 to None, run_after=None
[2026-04-29T01:06:33.446+0200] {logging_mixin.py:188} INFO - [2026-04-29T01:06:33.446+0200] {dag.py:3954} INFO - Setting next_dagrun for example_subdag_operator.section-2 to None, run_after=None
[2026-04-29T01:06:33.449+0200] {processor.py:183} INFO - Processing /Users/pablofrancoherrero/prueba_tecnica/venv/lib/python3.11/site-packages/airflow/example_dags/example_subdag_operator.py took 0.046 seconds
[2026-04-29T01:24:01.819+0200] {processor.py:161} INFO - Started process (PID=69152) to work on /Users/pablofrancoherrero/prueba_tecnica/venv/lib/python3.11/site-packages/airflow/example_dags/example_subdag_operator.py
[2026-04-29T01:24:01.819+0200] {processor.py:830} INFO - Processing file /Users/pablofrancoherrero/prueba_tecnica/venv/lib/python3.11/site-packages/airflow/example_dags/example_subdag_operator.py for tasks to queue
[2026-04-29T01:24:01.819+0200] {logging_mixin.py:188} INFO - [2026-04-29T01:24:01.819+0200] {dagbag.py:540} INFO - Filling up the DagBag from /Users/pablofrancoherrero/prueba_tecnica/venv/lib/python3.11/site-packages/airflow/example_dags/example_subdag_operator.py
[2026-04-29T01:24:01.845+0200] {processor.py:840} INFO - DAG(s) 'example_subdag_operator.section-1', 'example_subdag_operator.section-2', 'example_subdag_operator' retrieved from /Users/pablofrancoherrero/prueba_tecnica/venv/lib/python3.11/site-packages/airflow/example_dags/example_subdag_operator.py
[2026-04-29T01:24:01.854+0200] {logging_mixin.py:188} INFO - [2026-04-29T01:24:01.854+0200] {dag.py:3096} INFO - Sync 3 DAGs
[2026-04-29T01:24:01.859+0200] {logging_mixin.py:188} INFO - [2026-04-29T01:24:01.859+0200] {dag.py:3954} INFO - Setting next_dagrun for example_subdag_operator to 2022-01-01 00:00:00+00:00, run_after=2022-01-01 00:00:00+00:00
[2026-04-29T01:24:01.859+0200] {logging_mixin.py:188} INFO - [2026-04-29T01:24:01.859+0200] {dag.py:3954} INFO - Setting next_dagrun for example_subdag_operator.section-1 to None, run_after=None
[2026-04-29T01:24:01.860+0200] {logging_mixin.py:188} INFO - [2026-04-29T01:24:01.860+0200] {dag.py:3954} INFO - Setting next_dagrun for example_subdag_operator.section-2 to None, run_after=None
[2026-04-29T01:24:01.861+0200] {logging_mixin.py:188} INFO - [2026-04-29T01:24:01.861+0200] {dag.py:3096} INFO - Sync 2 DAGs
[2026-04-29T01:24:01.862+0200] {logging_mixin.py:188} INFO - [2026-04-29T01:24:01.862+0200] {dag.py:3954} INFO - Setting next_dagrun for example_subdag_operator.section-1 to None, run_after=None
[2026-04-29T01:24:01.862+0200] {logging_mixin.py:188} INFO - [2026-04-29T01:24:01.862+0200] {dag.py:3954} INFO - Setting next_dagrun for example_subdag_operator.section-2 to None, run_after=None
[2026-04-29T01:24:01.865+0200] {processor.py:183} INFO - Processing /Users/pablofrancoherrero/prueba_tecnica/venv/lib/python3.11/site-packages/airflow/example_dags/example_subdag_operator.py took 0.047 seconds
[2026-04-29T01:25:10.404+0200] {processor.py:161} INFO - Started process (PID=69261) to work on /Users/pablofrancoherrero/prueba_tecnica/venv/lib/python3.11/site-packages/airflow/example_dags/example_subdag_operator.py
[2026-04-29T01:25:10.405+0200] {processor.py:830} INFO - Processing file /Users/pablofrancoherrero/prueba_tecnica/venv/lib/python3.11/site-packages/airflow/example_dags/example_subdag_operator.py for tasks to queue
[2026-04-29T01:25:10.405+0200] {logging_mixin.py:188} INFO - [2026-04-29T01:25:10.405+0200] {dagbag.py:540} INFO - Filling up the DagBag from /Users/pablofrancoherrero/prueba_tecnica/venv/lib/python3.11/site-packages/airflow/example_dags/example_subdag_operator.py
[2026-04-29T01:25:10.430+0200] {processor.py:840} INFO - DAG(s) 'example_subdag_operator.section-1', 'example_subdag_operator.section-2', 'example_subdag_operator' retrieved from /Users/pablofrancoherrero/prueba_tecnica/venv/lib/python3.11/site-packages/airflow/example_dags/example_subdag_operator.py
[2026-04-29T01:25:10.439+0200] {logging_mixin.py:188} INFO - [2026-04-29T01:25:10.439+0200] {dag.py:3096} INFO - Sync 3 DAGs
[2026-04-29T01:25:10.444+0200] {logging_mixin.py:188} INFO - [2026-04-29T01:25:10.444+0200] {dag.py:3954} INFO - Setting next_dagrun for example_subdag_operator to 2022-01-01 00:00:00+00:00, run_after=2022-01-01 00:00:00+00:00
[2026-04-29T01:25:10.445+0200] {logging_mixin.py:188} INFO - [2026-04-29T01:25:10.445+0200] {dag.py:3954} INFO - Setting next_dagrun for example_subdag_operator.section-1 to None, run_after=None
[2026-04-29T01:25:10.445+0200] {logging_mixin.py:188} INFO - [2026-04-29T01:25:10.445+0200] {dag.py:3954} INFO - Setting next_dagrun for example_subdag_operator.section-2 to None, run_after=None
[2026-04-29T01:25:10.446+0200] {logging_mixin.py:188} INFO - [2026-04-29T01:25:10.446+0200] {dag.py:3096} INFO - Sync 2 DAGs
[2026-04-29T01:25:10.447+0200] {logging_mixin.py:188} INFO - [2026-04-29T01:25:10.447+0200] {dag.py:3954} INFO - Setting next_dagrun for example_subdag_operator.section-1 to None, run_after=None
[2026-04-29T01:25:10.447+0200] {logging_mixin.py:188} INFO - [2026-04-29T01:25:10.447+0200] {dag.py:3954} INFO - Setting next_dagrun for example_subdag_operator.section-2 to None, run_after=None
[2026-04-29T01:25:10.450+0200] {processor.py:183} INFO - Processing /Users/pablofrancoherrero/prueba_tecnica/venv/lib/python3.11/site-packages/airflow/example_dags/example_subdag_operator.py took 0.047 seconds
[2026-04-29T01:43:27.171+0200] {processor.py:161} INFO - Started process (PID=69399) to work on /Users/pablofrancoherrero/prueba_tecnica/venv/lib/python3.11/site-packages/airflow/example_dags/example_subdag_operator.py
[2026-04-29T01:43:27.172+0200] {processor.py:830} INFO - Processing file /Users/pablofrancoherrero/prueba_tecnica/venv/lib/python3.11/site-packages/airflow/example_dags/example_subdag_operator.py for tasks to queue
[2026-04-29T01:43:27.173+0200] {logging_mixin.py:188} INFO - [2026-04-29T01:43:27.173+0200] {dagbag.py:540} INFO - Filling up the DagBag from /Users/pablofrancoherrero/prueba_tecnica/venv/lib/python3.11/site-packages/airflow/example_dags/example_subdag_operator.py
[2026-04-29T01:43:27.198+0200] {processor.py:840} INFO - DAG(s) 'example_subdag_operator.section-1', 'example_subdag_operator.section-2', 'example_subdag_operator' retrieved from /Users/pablofrancoherrero/prueba_tecnica/venv/lib/python3.11/site-packages/airflow/example_dags/example_subdag_operator.py
[2026-04-29T01:43:27.206+0200] {logging_mixin.py:188} INFO - [2026-04-29T01:43:27.206+0200] {dag.py:3096} INFO - Sync 3 DAGs
[2026-04-29T01:43:27.211+0200] {logging_mixin.py:188} INFO - [2026-04-29T01:43:27.211+0200] {dag.py:3954} INFO - Setting next_dagrun for example_subdag_operator to 2022-01-01 00:00:00+00:00, run_after=2022-01-01 00:00:00+00:00
[2026-04-29T01:43:27.211+0200] {logging_mixin.py:188} INFO - [2026-04-29T01:43:27.211+0200] {dag.py:3954} INFO - Setting next_dagrun for example_subdag_operator.section-1 to None, run_after=None
[2026-04-29T01:43:27.212+0200] {logging_mixin.py:188} INFO - [2026-04-29T01:43:27.212+0200] {dag.py:3954} INFO - Setting next_dagrun for example_subdag_operator.section-2 to None, run_after=None
[2026-04-29T01:43:27.213+0200] {logging_mixin.py:188} INFO - [2026-04-29T01:43:27.213+0200] {dag.py:3096} INFO - Sync 2 DAGs
[2026-04-29T01:43:27.214+0200] {logging_mixin.py:188} INFO - [2026-04-29T01:43:27.214+0200] {dag.py:3954} INFO - Setting next_dagrun for example_subdag_operator.section-1 to None, run_after=None
[2026-04-29T01:43:27.214+0200] {logging_mixin.py:188} INFO - [2026-04-29T01:43:27.214+0200] {dag.py:3954} INFO - Setting next_dagrun for example_subdag_operator.section-2 to None, run_after=None
[2026-04-29T01:43:27.217+0200] {processor.py:183} INFO - Processing /Users/pablofrancoherrero/prueba_tecnica/venv/lib/python3.11/site-packages/airflow/example_dags/example_subdag_operator.py took 0.046 seconds
[2026-04-29T01:44:49.801+0200] {processor.py:161} INFO - Started process (PID=69497) to work on /Users/pablofrancoherrero/prueba_tecnica/venv/lib/python3.11/site-packages/airflow/example_dags/example_subdag_operator.py
[2026-04-29T01:44:49.802+0200] {processor.py:830} INFO - Processing file /Users/pablofrancoherrero/prueba_tecnica/venv/lib/python3.11/site-packages/airflow/example_dags/example_subdag_operator.py for tasks to queue
[2026-04-29T01:44:49.802+0200] {logging_mixin.py:188} INFO - [2026-04-29T01:44:49.802+0200] {dagbag.py:540} INFO - Filling up the DagBag from /Users/pablofrancoherrero/prueba_tecnica/venv/lib/python3.11/site-packages/airflow/example_dags/example_subdag_operator.py
[2026-04-29T01:44:49.827+0200] {processor.py:840} INFO - DAG(s) 'example_subdag_operator.section-1', 'example_subdag_operator.section-2', 'example_subdag_operator' retrieved from /Users/pablofrancoherrero/prueba_tecnica/venv/lib/python3.11/site-packages/airflow/example_dags/example_subdag_operator.py
[2026-04-29T01:44:49.835+0200] {logging_mixin.py:188} INFO - [2026-04-29T01:44:49.835+0200] {dag.py:3096} INFO - Sync 3 DAGs
[2026-04-29T01:44:49.840+0200] {logging_mixin.py:188} INFO - [2026-04-29T01:44:49.840+0200] {dag.py:3954} INFO - Setting next_dagrun for example_subdag_operator to 2022-01-01 00:00:00+00:00, run_after=2022-01-01 00:00:00+00:00
[2026-04-29T01:44:49.841+0200] {logging_mixin.py:188} INFO - [2026-04-29T01:44:49.841+0200] {dag.py:3954} INFO - Setting next_dagrun for example_subdag_operator.section-1 to None, run_after=None
[2026-04-29T01:44:49.841+0200] {logging_mixin.py:188} INFO - [2026-04-29T01:44:49.841+0200] {dag.py:3954} INFO - Setting next_dagrun for example_subdag_operator.section-2 to None, run_after=None
[2026-04-29T01:44:49.842+0200] {logging_mixin.py:188} INFO - [2026-04-29T01:44:49.842+0200] {dag.py:3096} INFO - Sync 2 DAGs
[2026-04-29T01:44:49.843+0200] {logging_mixin.py:188} INFO - [2026-04-29T01:44:49.843+0200] {dag.py:3954} INFO - Setting next_dagrun for example_subdag_operator.section-1 to None, run_after=None
[2026-04-29T01:44:49.843+0200] {logging_mixin.py:188} INFO - [2026-04-29T01:44:49.843+0200] {dag.py:3954} INFO - Setting next_dagrun for example_subdag_operator.section-2 to None, run_after=None
[2026-04-29T01:44:49.846+0200] {processor.py:183} INFO - Processing /Users/pablofrancoherrero/prueba_tecnica/venv/lib/python3.11/site-packages/airflow/example_dags/example_subdag_operator.py took 0.046 seconds
[2026-04-29T01:46:11.955+0200] {processor.py:161} INFO - Started process (PID=69580) to work on /Users/pablofrancoherrero/prueba_tecnica/venv/lib/python3.11/site-packages/airflow/example_dags/example_subdag_operator.py
[2026-04-29T01:46:11.956+0200] {processor.py:830} INFO - Processing file /Users/pablofrancoherrero/prueba_tecnica/venv/lib/python3.11/site-packages/airflow/example_dags/example_subdag_operator.py for tasks to queue
[2026-04-29T01:46:11.957+0200] {logging_mixin.py:188} INFO - [2026-04-29T01:46:11.957+0200] {dagbag.py:540} INFO - Filling up the DagBag from /Users/pablofrancoherrero/prueba_tecnica/venv/lib/python3.11/site-packages/airflow/example_dags/example_subdag_operator.py
[2026-04-29T01:46:11.982+0200] {processor.py:840} INFO - DAG(s) 'example_subdag_operator.section-1', 'example_subdag_operator.section-2', 'example_subdag_operator' retrieved from /Users/pablofrancoherrero/prueba_tecnica/venv/lib/python3.11/site-packages/airflow/example_dags/example_subdag_operator.py
[2026-04-29T01:46:11.990+0200] {logging_mixin.py:188} INFO - [2026-04-29T01:46:11.990+0200] {dag.py:3096} INFO - Sync 3 DAGs
[2026-04-29T01:46:11.995+0200] {logging_mixin.py:188} INFO - [2026-04-29T01:46:11.994+0200] {dag.py:3954} INFO - Setting next_dagrun for example_subdag_operator to 2022-01-01 00:00:00+00:00, run_after=2022-01-01 00:00:00+00:00
[2026-04-29T01:46:11.995+0200] {logging_mixin.py:188} INFO - [2026-04-29T01:46:11.995+0200] {dag.py:3954} INFO - Setting next_dagrun for example_subdag_operator.section-1 to None, run_after=None
[2026-04-29T01:46:11.996+0200] {logging_mixin.py:188} INFO - [2026-04-29T01:46:11.995+0200] {dag.py:3954} INFO - Setting next_dagrun for example_subdag_operator.section-2 to None, run_after=None
[2026-04-29T01:46:11.997+0200] {logging_mixin.py:188} INFO - [2026-04-29T01:46:11.997+0200] {dag.py:3096} INFO - Sync 2 DAGs
[2026-04-29T01:46:11.998+0200] {logging_mixin.py:188} INFO - [2026-04-29T01:46:11.998+0200] {dag.py:3954} INFO - Setting next_dagrun for example_subdag_operator.section-1 to None, run_after=None
[2026-04-29T01:46:11.998+0200] {logging_mixin.py:188} INFO - [2026-04-29T01:46:11.998+0200] {dag.py:3954} INFO - Setting next_dagrun for example_subdag_operator.section-2 to None, run_after=None
[2026-04-29T01:46:12.001+0200] {processor.py:183} INFO - Processing /Users/pablofrancoherrero/prueba_tecnica/venv/lib/python3.11/site-packages/airflow/example_dags/example_subdag_operator.py took 0.046 seconds
[2026-04-29T01:47:34.106+0200] {processor.py:161} INFO - Started process (PID=69678) to work on /Users/pablofrancoherrero/prueba_tecnica/venv/lib/python3.11/site-packages/airflow/example_dags/example_subdag_operator.py
[2026-04-29T01:47:34.113+0200] {processor.py:830} INFO - Processing file /Users/pablofrancoherrero/prueba_tecnica/venv/lib/python3.11/site-packages/airflow/example_dags/example_subdag_operator.py for tasks to queue
[2026-04-29T01:47:34.113+0200] {logging_mixin.py:188} INFO - [2026-04-29T01:47:34.113+0200] {dagbag.py:540} INFO - Filling up the DagBag from /Users/pablofrancoherrero/prueba_tecnica/venv/lib/python3.11/site-packages/airflow/example_dags/example_subdag_operator.py
[2026-04-29T01:47:34.160+0200] {processor.py:840} INFO - DAG(s) 'example_subdag_operator.section-1', 'example_subdag_operator.section-2', 'example_subdag_operator' retrieved from /Users/pablofrancoherrero/prueba_tecnica/venv/lib/python3.11/site-packages/airflow/example_dags/example_subdag_operator.py
[2026-04-29T01:47:34.169+0200] {logging_mixin.py:188} INFO - [2026-04-29T01:47:34.169+0200] {dag.py:3096} INFO - Sync 3 DAGs
[2026-04-29T01:47:34.174+0200] {logging_mixin.py:188} INFO - [2026-04-29T01:47:34.174+0200] {dag.py:3954} INFO - Setting next_dagrun for example_subdag_operator to 2022-01-01 00:00:00+00:00, run_after=2022-01-01 00:00:00+00:00
[2026-04-29T01:47:34.175+0200] {logging_mixin.py:188} INFO - [2026-04-29T01:47:34.175+0200] {dag.py:3954} INFO - Setting next_dagrun for example_subdag_operator.section-1 to None, run_after=None
[2026-04-29T01:47:34.175+0200] {logging_mixin.py:188} INFO - [2026-04-29T01:47:34.175+0200] {dag.py:3954} INFO - Setting next_dagrun for example_subdag_operator.section-2 to None, run_after=None
[2026-04-29T01:47:34.176+0200] {logging_mixin.py:188} INFO - [2026-04-29T01:47:34.176+0200] {dag.py:3096} INFO - Sync 2 DAGs
[2026-04-29T01:47:34.177+0200] {logging_mixin.py:188} INFO - [2026-04-29T01:47:34.177+0200] {dag.py:3954} INFO - Setting next_dagrun for example_subdag_operator.section-1 to None, run_after=None
[2026-04-29T01:47:34.177+0200] {logging_mixin.py:188} INFO - [2026-04-29T01:47:34.177+0200] {dag.py:3954} INFO - Setting next_dagrun for example_subdag_operator.section-2 to None, run_after=None
[2026-04-29T01:47:34.180+0200] {processor.py:183} INFO - Processing /Users/pablofrancoherrero/prueba_tecnica/venv/lib/python3.11/site-packages/airflow/example_dags/example_subdag_operator.py took 0.075 seconds
[2026-04-29T01:48:52.914+0200] {processor.py:161} INFO - Started process (PID=69792) to work on /Users/pablofrancoherrero/prueba_tecnica/venv/lib/python3.11/site-packages/airflow/example_dags/example_subdag_operator.py
[2026-04-29T01:48:52.915+0200] {processor.py:830} INFO - Processing file /Users/pablofrancoherrero/prueba_tecnica/venv/lib/python3.11/site-packages/airflow/example_dags/example_subdag_operator.py for tasks to queue
[2026-04-29T01:48:52.915+0200] {logging_mixin.py:188} INFO - [2026-04-29T01:48:52.915+0200] {dagbag.py:540} INFO - Filling up the DagBag from /Users/pablofrancoherrero/prueba_tecnica/venv/lib/python3.11/site-packages/airflow/example_dags/example_subdag_operator.py
[2026-04-29T01:48:52.940+0200] {processor.py:840} INFO - DAG(s) 'example_subdag_operator.section-1', 'example_subdag_operator.section-2', 'example_subdag_operator' retrieved from /Users/pablofrancoherrero/prueba_tecnica/venv/lib/python3.11/site-packages/airflow/example_dags/example_subdag_operator.py
[2026-04-29T01:48:52.949+0200] {logging_mixin.py:188} INFO - [2026-04-29T01:48:52.949+0200] {dag.py:3096} INFO - Sync 3 DAGs
[2026-04-29T01:48:52.953+0200] {logging_mixin.py:188} INFO - [2026-04-29T01:48:52.953+0200] {dag.py:3954} INFO - Setting next_dagrun for example_subdag_operator to 2022-01-01 00:00:00+00:00, run_after=2022-01-01 00:00:00+00:00
[2026-04-29T01:48:52.954+0200] {logging_mixin.py:188} INFO - [2026-04-29T01:48:52.954+0200] {dag.py:3954} INFO - Setting next_dagrun for example_subdag_operator.section-1 to None, run_after=None
[2026-04-29T01:48:52.954+0200] {logging_mixin.py:188} INFO - [2026-04-29T01:48:52.954+0200] {dag.py:3954} INFO - Setting next_dagrun for example_subdag_operator.section-2 to None, run_after=None
[2026-04-29T01:48:52.956+0200] {logging_mixin.py:188} INFO - [2026-04-29T01:48:52.956+0200] {dag.py:3096} INFO - Sync 2 DAGs
[2026-04-29T01:48:52.956+0200] {logging_mixin.py:188} INFO - [2026-04-29T01:48:52.956+0200] {dag.py:3954} INFO - Setting next_dagrun for example_subdag_operator.section-1 to None, run_after=None
[2026-04-29T01:48:52.957+0200] {logging_mixin.py:188} INFO - [2026-04-29T01:48:52.957+0200] {dag.py:3954} INFO - Setting next_dagrun for example_subdag_operator.section-2 to None, run_after=None
[2026-04-29T01:48:52.959+0200] {processor.py:183} INFO - Processing /Users/pablofrancoherrero/prueba_tecnica/venv/lib/python3.11/site-packages/airflow/example_dags/example_subdag_operator.py took 0.046 seconds
[2026-04-29T01:50:12.931+0200] {processor.py:161} INFO - Started process (PID=69874) to work on /Users/pablofrancoherrero/prueba_tecnica/venv/lib/python3.11/site-packages/airflow/example_dags/example_subdag_operator.py
[2026-04-29T01:50:12.932+0200] {processor.py:830} INFO - Processing file /Users/pablofrancoherrero/prueba_tecnica/venv/lib/python3.11/site-packages/airflow/example_dags/example_subdag_operator.py for tasks to queue
[2026-04-29T01:50:12.932+0200] {logging_mixin.py:188} INFO - [2026-04-29T01:50:12.932+0200] {dagbag.py:540} INFO - Filling up the DagBag from /Users/pablofrancoherrero/prueba_tecnica/venv/lib/python3.11/site-packages/airflow/example_dags/example_subdag_operator.py
[2026-04-29T01:50:12.957+0200] {processor.py:840} INFO - DAG(s) 'example_subdag_operator.section-1', 'example_subdag_operator.section-2', 'example_subdag_operator' retrieved from /Users/pablofrancoherrero/prueba_tecnica/venv/lib/python3.11/site-packages/airflow/example_dags/example_subdag_operator.py
[2026-04-29T01:50:12.965+0200] {logging_mixin.py:188} INFO - [2026-04-29T01:50:12.965+0200] {dag.py:3096} INFO - Sync 3 DAGs
[2026-04-29T01:50:12.970+0200] {logging_mixin.py:188} INFO - [2026-04-29T01:50:12.970+0200] {dag.py:3954} INFO - Setting next_dagrun for example_subdag_operator to 2022-01-01 00:00:00+00:00, run_after=2022-01-01 00:00:00+00:00
[2026-04-29T01:50:12.971+0200] {logging_mixin.py:188} INFO - [2026-04-29T01:50:12.971+0200] {dag.py:3954} INFO - Setting next_dagrun for example_subdag_operator.section-1 to None, run_after=None
[2026-04-29T01:50:12.971+0200] {logging_mixin.py:188} INFO - [2026-04-29T01:50:12.971+0200] {dag.py:3954} INFO - Setting next_dagrun for example_subdag_operator.section-2 to None, run_after=None
[2026-04-29T01:50:12.972+0200] {logging_mixin.py:188} INFO - [2026-04-29T01:50:12.972+0200] {dag.py:3096} INFO - Sync 2 DAGs
[2026-04-29T01:50:12.973+0200] {logging_mixin.py:188} INFO - [2026-04-29T01:50:12.973+0200] {dag.py:3954} INFO - Setting next_dagrun for example_subdag_operator.section-1 to None, run_after=None
[2026-04-29T01:50:12.973+0200] {logging_mixin.py:188} INFO - [2026-04-29T01:50:12.973+0200] {dag.py:3954} INFO - Setting next_dagrun for example_subdag_operator.section-2 to None, run_after=None
[2026-04-29T01:50:12.976+0200] {processor.py:183} INFO - Processing /Users/pablofrancoherrero/prueba_tecnica/venv/lib/python3.11/site-packages/airflow/example_dags/example_subdag_operator.py took 0.046 seconds
[2026-04-29T01:51:30.262+0200] {processor.py:161} INFO - Started process (PID=69954) to work on /Users/pablofrancoherrero/prueba_tecnica/venv/lib/python3.11/site-packages/airflow/example_dags/example_subdag_operator.py
[2026-04-29T01:51:30.263+0200] {processor.py:830} INFO - Processing file /Users/pablofrancoherrero/prueba_tecnica/venv/lib/python3.11/site-packages/airflow/example_dags/example_subdag_operator.py for tasks to queue
[2026-04-29T01:51:30.263+0200] {logging_mixin.py:188} INFO - [2026-04-29T01:51:30.263+0200] {dagbag.py:540} INFO - Filling up the DagBag from /Users/pablofrancoherrero/prueba_tecnica/venv/lib/python3.11/site-packages/airflow/example_dags/example_subdag_operator.py
[2026-04-29T01:51:30.289+0200] {processor.py:840} INFO - DAG(s) 'example_subdag_operator.section-1', 'example_subdag_operator.section-2', 'example_subdag_operator' retrieved from /Users/pablofrancoherrero/prueba_tecnica/venv/lib/python3.11/site-packages/airflow/example_dags/example_subdag_operator.py
[2026-04-29T01:51:30.298+0200] {logging_mixin.py:188} INFO - [2026-04-29T01:51:30.298+0200] {dag.py:3096} INFO - Sync 3 DAGs
[2026-04-29T01:51:30.303+0200] {logging_mixin.py:188} INFO - [2026-04-29T01:51:30.303+0200] {dag.py:3954} INFO - Setting next_dagrun for example_subdag_operator to 2022-01-01 00:00:00+00:00, run_after=2022-01-01 00:00:00+00:00
[2026-04-29T01:51:30.304+0200] {logging_mixin.py:188} INFO - [2026-04-29T01:51:30.304+0200] {dag.py:3954} INFO - Setting next_dagrun for example_subdag_operator.section-1 to None, run_after=None
[2026-04-29T01:51:30.304+0200] {logging_mixin.py:188} INFO - [2026-04-29T01:51:30.304+0200] {dag.py:3954} INFO - Setting next_dagrun for example_subdag_operator.section-2 to None, run_after=None
[2026-04-29T01:51:30.305+0200] {logging_mixin.py:188} INFO - [2026-04-29T01:51:30.305+0200] {dag.py:3096} INFO - Sync 2 DAGs
[2026-04-29T01:51:30.306+0200] {logging_mixin.py:188} INFO - [2026-04-29T01:51:30.306+0200] {dag.py:3954} INFO - Setting next_dagrun for example_subdag_operator.section-1 to None, run_after=None
[2026-04-29T01:51:30.306+0200] {logging_mixin.py:188} INFO - [2026-04-29T01:51:30.306+0200] {dag.py:3954} INFO - Setting next_dagrun for example_subdag_operator.section-2 to None, run_after=None
[2026-04-29T01:51:30.309+0200] {processor.py:183} INFO - Processing /Users/pablofrancoherrero/prueba_tecnica/venv/lib/python3.11/site-packages/airflow/example_dags/example_subdag_operator.py took 0.048 seconds
[2026-04-29T01:52:49.922+0200] {processor.py:161} INFO - Started process (PID=70039) to work on /Users/pablofrancoherrero/prueba_tecnica/venv/lib/python3.11/site-packages/airflow/example_dags/example_subdag_operator.py
[2026-04-29T01:52:49.922+0200] {processor.py:830} INFO - Processing file /Users/pablofrancoherrero/prueba_tecnica/venv/lib/python3.11/site-packages/airflow/example_dags/example_subdag_operator.py for tasks to queue
[2026-04-29T01:52:49.922+0200] {logging_mixin.py:188} INFO - [2026-04-29T01:52:49.922+0200] {dagbag.py:540} INFO - Filling up the DagBag from /Users/pablofrancoherrero/prueba_tecnica/venv/lib/python3.11/site-packages/airflow/example_dags/example_subdag_operator.py
[2026-04-29T01:52:49.948+0200] {processor.py:840} INFO - DAG(s) 'example_subdag_operator.section-1', 'example_subdag_operator.section-2', 'example_subdag_operator' retrieved from /Users/pablofrancoherrero/prueba_tecnica/venv/lib/python3.11/site-packages/airflow/example_dags/example_subdag_operator.py
[2026-04-29T01:52:49.957+0200] {logging_mixin.py:188} INFO - [2026-04-29T01:52:49.957+0200] {dag.py:3096} INFO - Sync 3 DAGs
[2026-04-29T01:52:49.962+0200] {logging_mixin.py:188} INFO - [2026-04-29T01:52:49.962+0200] {dag.py:3954} INFO - Setting next_dagrun for example_subdag_operator to 2022-01-01 00:00:00+00:00, run_after=2022-01-01 00:00:00+00:00
[2026-04-29T01:52:49.963+0200] {logging_mixin.py:188} INFO - [2026-04-29T01:52:49.963+0200] {dag.py:3954} INFO - Setting next_dagrun for example_subdag_operator.section-1 to None, run_after=None
[2026-04-29T01:52:49.963+0200] {logging_mixin.py:188} INFO - [2026-04-29T01:52:49.963+0200] {dag.py:3954} INFO - Setting next_dagrun for example_subdag_operator.section-2 to None, run_after=None
[2026-04-29T01:52:49.964+0200] {logging_mixin.py:188} INFO - [2026-04-29T01:52:49.964+0200] {dag.py:3096} INFO - Sync 2 DAGs
[2026-04-29T01:52:49.965+0200] {logging_mixin.py:188} INFO - [2026-04-29T01:52:49.965+0200] {dag.py:3954} INFO - Setting next_dagrun for example_subdag_operator.section-1 to None, run_after=None
[2026-04-29T01:52:49.965+0200] {logging_mixin.py:188} INFO - [2026-04-29T01:52:49.965+0200] {dag.py:3954} INFO - Setting next_dagrun for example_subdag_operator.section-2 to None, run_after=None
[2026-04-29T01:52:49.968+0200] {processor.py:183} INFO - Processing /Users/pablofrancoherrero/prueba_tecnica/venv/lib/python3.11/site-packages/airflow/example_dags/example_subdag_operator.py took 0.047 seconds
[2026-04-29T01:54:10.879+0200] {processor.py:161} INFO - Started process (PID=70171) to work on /Users/pablofrancoherrero/prueba_tecnica/venv/lib/python3.11/site-packages/airflow/example_dags/example_subdag_operator.py
[2026-04-29T01:54:10.880+0200] {processor.py:830} INFO - Processing file /Users/pablofrancoherrero/prueba_tecnica/venv/lib/python3.11/site-packages/airflow/example_dags/example_subdag_operator.py for tasks to queue
[2026-04-29T01:54:10.880+0200] {logging_mixin.py:188} INFO - [2026-04-29T01:54:10.880+0200] {dagbag.py:540} INFO - Filling up the DagBag from /Users/pablofrancoherrero/prueba_tecnica/venv/lib/python3.11/site-packages/airflow/example_dags/example_subdag_operator.py
[2026-04-29T01:54:10.907+0200] {processor.py:840} INFO - DAG(s) 'example_subdag_operator.section-1', 'example_subdag_operator.section-2', 'example_subdag_operator' retrieved from /Users/pablofrancoherrero/prueba_tecnica/venv/lib/python3.11/site-packages/airflow/example_dags/example_subdag_operator.py
[2026-04-29T01:54:10.916+0200] {logging_mixin.py:188} INFO - [2026-04-29T01:54:10.916+0200] {dag.py:3096} INFO - Sync 3 DAGs
[2026-04-29T01:54:10.921+0200] {logging_mixin.py:188} INFO - [2026-04-29T01:54:10.921+0200] {dag.py:3954} INFO - Setting next_dagrun for example_subdag_operator to 2022-01-01 00:00:00+00:00, run_after=2022-01-01 00:00:00+00:00
[2026-04-29T01:54:10.921+0200] {logging_mixin.py:188} INFO - [2026-04-29T01:54:10.921+0200] {dag.py:3954} INFO - Setting next_dagrun for example_subdag_operator.section-1 to None, run_after=None
[2026-04-29T01:54:10.922+0200] {logging_mixin.py:188} INFO - [2026-04-29T01:54:10.922+0200] {dag.py:3954} INFO - Setting next_dagrun for example_subdag_operator.section-2 to None, run_after=None
[2026-04-29T01:54:10.923+0200] {logging_mixin.py:188} INFO - [2026-04-29T01:54:10.923+0200] {dag.py:3096} INFO - Sync 2 DAGs
[2026-04-29T01:54:10.924+0200] {logging_mixin.py:188} INFO - [2026-04-29T01:54:10.924+0200] {dag.py:3954} INFO - Setting next_dagrun for example_subdag_operator.section-1 to None, run_after=None
[2026-04-29T01:54:10.924+0200] {logging_mixin.py:188} INFO - [2026-04-29T01:54:10.924+0200] {dag.py:3954} INFO - Setting next_dagrun for example_subdag_operator.section-2 to None, run_after=None
[2026-04-29T01:54:10.927+0200] {processor.py:183} INFO - Processing /Users/pablofrancoherrero/prueba_tecnica/venv/lib/python3.11/site-packages/airflow/example_dags/example_subdag_operator.py took 0.049 seconds
[2026-04-29T01:55:32.952+0200] {processor.py:161} INFO - Started process (PID=70290) to work on /Users/pablofrancoherrero/prueba_tecnica/venv/lib/python3.11/site-packages/airflow/example_dags/example_subdag_operator.py
[2026-04-29T01:55:32.953+0200] {processor.py:830} INFO - Processing file /Users/pablofrancoherrero/prueba_tecnica/venv/lib/python3.11/site-packages/airflow/example_dags/example_subdag_operator.py for tasks to queue
[2026-04-29T01:55:32.953+0200] {logging_mixin.py:188} INFO - [2026-04-29T01:55:32.953+0200] {dagbag.py:540} INFO - Filling up the DagBag from /Users/pablofrancoherrero/prueba_tecnica/venv/lib/python3.11/site-packages/airflow/example_dags/example_subdag_operator.py
[2026-04-29T01:55:32.978+0200] {processor.py:840} INFO - DAG(s) 'example_subdag_operator.section-1', 'example_subdag_operator.section-2', 'example_subdag_operator' retrieved from /Users/pablofrancoherrero/prueba_tecnica/venv/lib/python3.11/site-packages/airflow/example_dags/example_subdag_operator.py
[2026-04-29T01:55:32.987+0200] {logging_mixin.py:188} INFO - [2026-04-29T01:55:32.987+0200] {dag.py:3096} INFO - Sync 3 DAGs
[2026-04-29T01:55:32.991+0200] {logging_mixin.py:188} INFO - [2026-04-29T01:55:32.991+0200] {dag.py:3954} INFO - Setting next_dagrun for example_subdag_operator to 2022-01-01 00:00:00+00:00, run_after=2022-01-01 00:00:00+00:00
[2026-04-29T01:55:32.992+0200] {logging_mixin.py:188} INFO - [2026-04-29T01:55:32.992+0200] {dag.py:3954} INFO - Setting next_dagrun for example_subdag_operator.section-1 to None, run_after=None
[2026-04-29T01:55:32.992+0200] {logging_mixin.py:188} INFO - [2026-04-29T01:55:32.992+0200] {dag.py:3954} INFO - Setting next_dagrun for example_subdag_operator.section-2 to None, run_after=None
[2026-04-29T01:55:32.994+0200] {logging_mixin.py:188} INFO - [2026-04-29T01:55:32.994+0200] {dag.py:3096} INFO - Sync 2 DAGs
[2026-04-29T01:55:32.995+0200] {logging_mixin.py:188} INFO - [2026-04-29T01:55:32.995+0200] {dag.py:3954} INFO - Setting next_dagrun for example_subdag_operator.section-1 to None, run_after=None
[2026-04-29T01:55:32.995+0200] {logging_mixin.py:188} INFO - [2026-04-29T01:55:32.995+0200] {dag.py:3954} INFO - Setting next_dagrun for example_subdag_operator.section-2 to None, run_after=None
[2026-04-29T01:55:32.998+0200] {processor.py:183} INFO - Processing /Users/pablofrancoherrero/prueba_tecnica/venv/lib/python3.11/site-packages/airflow/example_dags/example_subdag_operator.py took 0.047 seconds
[2026-04-29T01:56:56.380+0200] {processor.py:161} INFO - Started process (PID=70379) to work on /Users/pablofrancoherrero/prueba_tecnica/venv/lib/python3.11/site-packages/airflow/example_dags/example_subdag_operator.py
[2026-04-29T01:56:56.381+0200] {processor.py:830} INFO - Processing file /Users/pablofrancoherrero/prueba_tecnica/venv/lib/python3.11/site-packages/airflow/example_dags/example_subdag_operator.py for tasks to queue
[2026-04-29T01:56:56.381+0200] {logging_mixin.py:188} INFO - [2026-04-29T01:56:56.381+0200] {dagbag.py:540} INFO - Filling up the DagBag from /Users/pablofrancoherrero/prueba_tecnica/venv/lib/python3.11/site-packages/airflow/example_dags/example_subdag_operator.py
[2026-04-29T01:56:56.406+0200] {processor.py:840} INFO - DAG(s) 'example_subdag_operator.section-1', 'example_subdag_operator.section-2', 'example_subdag_operator' retrieved from /Users/pablofrancoherrero/prueba_tecnica/venv/lib/python3.11/site-packages/airflow/example_dags/example_subdag_operator.py
[2026-04-29T01:56:56.414+0200] {logging_mixin.py:188} INFO - [2026-04-29T01:56:56.414+0200] {dag.py:3096} INFO - Sync 3 DAGs
[2026-04-29T01:56:56.419+0200] {logging_mixin.py:188} INFO - [2026-04-29T01:56:56.419+0200] {dag.py:3954} INFO - Setting next_dagrun for example_subdag_operator to 2022-01-01 00:00:00+00:00, run_after=2022-01-01 00:00:00+00:00
[2026-04-29T01:56:56.420+0200] {logging_mixin.py:188} INFO - [2026-04-29T01:56:56.420+0200] {dag.py:3954} INFO - Setting next_dagrun for example_subdag_operator.section-1 to None, run_after=None
[2026-04-29T01:56:56.420+0200] {logging_mixin.py:188} INFO - [2026-04-29T01:56:56.420+0200] {dag.py:3954} INFO - Setting next_dagrun for example_subdag_operator.section-2 to None, run_after=None
[2026-04-29T01:56:56.421+0200] {logging_mixin.py:188} INFO - [2026-04-29T01:56:56.421+0200] {dag.py:3096} INFO - Sync 2 DAGs
[2026-04-29T01:56:56.422+0200] {logging_mixin.py:188} INFO - [2026-04-29T01:56:56.422+0200] {dag.py:3954} INFO - Setting next_dagrun for example_subdag_operator.section-1 to None, run_after=None
[2026-04-29T01:56:56.422+0200] {logging_mixin.py:188} INFO - [2026-04-29T01:56:56.422+0200] {dag.py:3954} INFO - Setting next_dagrun for example_subdag_operator.section-2 to None, run_after=None
[2026-04-29T01:56:56.425+0200] {processor.py:183} INFO - Processing /Users/pablofrancoherrero/prueba_tecnica/venv/lib/python3.11/site-packages/airflow/example_dags/example_subdag_operator.py took 0.046 seconds
[2026-04-29T01:58:18.522+0200] {processor.py:161} INFO - Started process (PID=70466) to work on /Users/pablofrancoherrero/prueba_tecnica/venv/lib/python3.11/site-packages/airflow/example_dags/example_subdag_operator.py
[2026-04-29T01:58:18.523+0200] {processor.py:830} INFO - Processing file /Users/pablofrancoherrero/prueba_tecnica/venv/lib/python3.11/site-packages/airflow/example_dags/example_subdag_operator.py for tasks to queue
[2026-04-29T01:58:18.523+0200] {logging_mixin.py:188} INFO - [2026-04-29T01:58:18.523+0200] {dagbag.py:540} INFO - Filling up the DagBag from /Users/pablofrancoherrero/prueba_tecnica/venv/lib/python3.11/site-packages/airflow/example_dags/example_subdag_operator.py
[2026-04-29T01:58:18.549+0200] {processor.py:840} INFO - DAG(s) 'example_subdag_operator.section-1', 'example_subdag_operator.section-2', 'example_subdag_operator' retrieved from /Users/pablofrancoherrero/prueba_tecnica/venv/lib/python3.11/site-packages/airflow/example_dags/example_subdag_operator.py
[2026-04-29T01:58:18.558+0200] {logging_mixin.py:188} INFO - [2026-04-29T01:58:18.558+0200] {dag.py:3096} INFO - Sync 3 DAGs
[2026-04-29T01:58:18.563+0200] {logging_mixin.py:188} INFO - [2026-04-29T01:58:18.563+0200] {dag.py:3954} INFO - Setting next_dagrun for example_subdag_operator to 2022-01-01 00:00:00+00:00, run_after=2022-01-01 00:00:00+00:00
[2026-04-29T01:58:18.563+0200] {logging_mixin.py:188} INFO - [2026-04-29T01:58:18.563+0200] {dag.py:3954} INFO - Setting next_dagrun for example_subdag_operator.section-1 to None, run_after=None
[2026-04-29T01:58:18.564+0200] {logging_mixin.py:188} INFO - [2026-04-29T01:58:18.564+0200] {dag.py:3954} INFO - Setting next_dagrun for example_subdag_operator.section-2 to None, run_after=None
[2026-04-29T01:58:18.565+0200] {logging_mixin.py:188} INFO - [2026-04-29T01:58:18.565+0200] {dag.py:3096} INFO - Sync 2 DAGs
[2026-04-29T01:58:18.566+0200] {logging_mixin.py:188} INFO - [2026-04-29T01:58:18.566+0200] {dag.py:3954} INFO - Setting next_dagrun for example_subdag_operator.section-1 to None, run_after=None
[2026-04-29T01:58:18.566+0200] {logging_mixin.py:188} INFO - [2026-04-29T01:58:18.566+0200] {dag.py:3954} INFO - Setting next_dagrun for example_subdag_operator.section-2 to None, run_after=None
[2026-04-29T01:58:18.569+0200] {processor.py:183} INFO - Processing /Users/pablofrancoherrero/prueba_tecnica/venv/lib/python3.11/site-packages/airflow/example_dags/example_subdag_operator.py took 0.048 seconds
[2026-04-29T01:59:40.418+0200] {processor.py:161} INFO - Started process (PID=70583) to work on /Users/pablofrancoherrero/prueba_tecnica/venv/lib/python3.11/site-packages/airflow/example_dags/example_subdag_operator.py
[2026-04-29T01:59:40.419+0200] {processor.py:830} INFO - Processing file /Users/pablofrancoherrero/prueba_tecnica/venv/lib/python3.11/site-packages/airflow/example_dags/example_subdag_operator.py for tasks to queue
[2026-04-29T01:59:40.419+0200] {logging_mixin.py:188} INFO - [2026-04-29T01:59:40.419+0200] {dagbag.py:540} INFO - Filling up the DagBag from /Users/pablofrancoherrero/prueba_tecnica/venv/lib/python3.11/site-packages/airflow/example_dags/example_subdag_operator.py
[2026-04-29T01:59:40.444+0200] {processor.py:840} INFO - DAG(s) 'example_subdag_operator.section-1', 'example_subdag_operator.section-2', 'example_subdag_operator' retrieved from /Users/pablofrancoherrero/prueba_tecnica/venv/lib/python3.11/site-packages/airflow/example_dags/example_subdag_operator.py
[2026-04-29T01:59:40.453+0200] {logging_mixin.py:188} INFO - [2026-04-29T01:59:40.453+0200] {dag.py:3096} INFO - Sync 3 DAGs
[2026-04-29T01:59:40.458+0200] {logging_mixin.py:188} INFO - [2026-04-29T01:59:40.457+0200] {dag.py:3954} INFO - Setting next_dagrun for example_subdag_operator to 2022-01-01 00:00:00+00:00, run_after=2022-01-01 00:00:00+00:00
[2026-04-29T01:59:40.458+0200] {logging_mixin.py:188} INFO - [2026-04-29T01:59:40.458+0200] {dag.py:3954} INFO - Setting next_dagrun for example_subdag_operator.section-1 to None, run_after=None
[2026-04-29T01:59:40.458+0200] {logging_mixin.py:188} INFO - [2026-04-29T01:59:40.458+0200] {dag.py:3954} INFO - Setting next_dagrun for example_subdag_operator.section-2 to None, run_after=None
[2026-04-29T01:59:40.460+0200] {logging_mixin.py:188} INFO - [2026-04-29T01:59:40.460+0200] {dag.py:3096} INFO - Sync 2 DAGs
[2026-04-29T01:59:40.461+0200] {logging_mixin.py:188} INFO - [2026-04-29T01:59:40.461+0200] {dag.py:3954} INFO - Setting next_dagrun for example_subdag_operator.section-1 to None, run_after=None
[2026-04-29T01:59:40.461+0200] {logging_mixin.py:188} INFO - [2026-04-29T01:59:40.461+0200] {dag.py:3954} INFO - Setting next_dagrun for example_subdag_operator.section-2 to None, run_after=None
[2026-04-29T01:59:40.464+0200] {processor.py:183} INFO - Processing /Users/pablofrancoherrero/prueba_tecnica/venv/lib/python3.11/site-packages/airflow/example_dags/example_subdag_operator.py took 0.047 seconds
