[2026-04-28T18:22:27.144+0200] {processor.py:161} INFO - Started process (PID=32954) to work on /Users/pablofrancoherrero/prueba_tecnica/venv/lib/python3.11/site-packages/airflow/example_dags/example_sensor_decorator.py
[2026-04-28T18:22:27.144+0200] {processor.py:830} INFO - Processing file /Users/pablofrancoherrero/prueba_tecnica/venv/lib/python3.11/site-packages/airflow/example_dags/example_sensor_decorator.py for tasks to queue
[2026-04-28T18:22:27.144+0200] {logging_mixin.py:188} INFO - [2026-04-28T18:22:27.144+0200] {dagbag.py:540} INFO - Filling up the DagBag from /Users/pablofrancoherrero/prueba_tecnica/venv/lib/python3.11/site-packages/airflow/example_dags/example_sensor_decorator.py
[2026-04-28T18:22:27.157+0200] {processor.py:840} INFO - DAG(s) 'example_sensor_decorator' retrieved from /Users/pablofrancoherrero/prueba_tecnica/venv/lib/python3.11/site-packages/airflow/example_dags/example_sensor_decorator.py
[2026-04-28T18:22:27.208+0200] {logging_mixin.py:188} INFO - [2026-04-28T18:22:27.208+0200] {override.py:1829} INFO - Created Permission View: can delete on DAG:example_sensor_decorator
[2026-04-28T18:22:27.210+0200] {logging_mixin.py:188} INFO - [2026-04-28T18:22:27.210+0200] {override.py:1829} INFO - Created Permission View: can read on DAG:example_sensor_decorator
[2026-04-28T18:22:27.211+0200] {logging_mixin.py:188} INFO - [2026-04-28T18:22:27.211+0200] {override.py:1829} INFO - Created Permission View: can edit on DAG:example_sensor_decorator
[2026-04-28T18:22:27.212+0200] {logging_mixin.py:188} INFO - [2026-04-28T18:22:27.212+0200] {dag.py:3096} INFO - Sync 1 DAGs
[2026-04-28T18:22:27.215+0200] {logging_mixin.py:188} INFO - [2026-04-28T18:22:27.215+0200] {dag.py:3118} INFO - Creating ORM DAG for example_sensor_decorator
[2026-04-28T18:22:27.215+0200] {logging_mixin.py:188} INFO - [2026-04-28T18:22:27.215+0200] {dag.py:3954} INFO - Setting next_dagrun for example_sensor_decorator to None, run_after=None
[2026-04-28T18:22:27.239+0200] {processor.py:183} INFO - Processing /Users/pablofrancoherrero/prueba_tecnica/venv/lib/python3.11/site-packages/airflow/example_dags/example_sensor_decorator.py took 0.096 seconds
[2026-04-28T18:23:38.261+0200] {processor.py:161} INFO - Started process (PID=33033) to work on /Users/pablofrancoherrero/prueba_tecnica/venv/lib/python3.11/site-packages/airflow/example_dags/example_sensor_decorator.py
[2026-04-28T18:23:38.262+0200] {processor.py:830} INFO - Processing file /Users/pablofrancoherrero/prueba_tecnica/venv/lib/python3.11/site-packages/airflow/example_dags/example_sensor_decorator.py for tasks to queue
[2026-04-28T18:23:38.262+0200] {logging_mixin.py:188} INFO - [2026-04-28T18:23:38.262+0200] {dagbag.py:540} INFO - Filling up the DagBag from /Users/pablofrancoherrero/prueba_tecnica/venv/lib/python3.11/site-packages/airflow/example_dags/example_sensor_decorator.py
[2026-04-28T18:23:38.275+0200] {processor.py:840} INFO - DAG(s) 'example_sensor_decorator' retrieved from /Users/pablofrancoherrero/prueba_tecnica/venv/lib/python3.11/site-packages/airflow/example_dags/example_sensor_decorator.py
[2026-04-28T18:23:38.304+0200] {logging_mixin.py:188} INFO - [2026-04-28T18:23:38.304+0200] {dag.py:3096} INFO - Sync 1 DAGs
[2026-04-28T18:23:38.306+0200] {logging_mixin.py:188} INFO - [2026-04-28T18:23:38.306+0200] {dag.py:3954} INFO - Setting next_dagrun for example_sensor_decorator to None, run_after=None
[2026-04-28T18:23:38.311+0200] {processor.py:183} INFO - Processing /Users/pablofrancoherrero/prueba_tecnica/venv/lib/python3.11/site-packages/airflow/example_dags/example_sensor_decorator.py took 0.051 seconds
[2026-04-28T18:24:59.553+0200] {processor.py:161} INFO - Started process (PID=33141) to work on /Users/pablofrancoherrero/prueba_tecnica/venv/lib/python3.11/site-packages/airflow/example_dags/example_sensor_decorator.py
[2026-04-28T18:24:59.554+0200] {processor.py:830} INFO - Processing file /Users/pablofrancoherrero/prueba_tecnica/venv/lib/python3.11/site-packages/airflow/example_dags/example_sensor_decorator.py for tasks to queue
[2026-04-28T18:24:59.554+0200] {logging_mixin.py:188} INFO - [2026-04-28T18:24:59.554+0200] {dagbag.py:540} INFO - Filling up the DagBag from /Users/pablofrancoherrero/prueba_tecnica/venv/lib/python3.11/site-packages/airflow/example_dags/example_sensor_decorator.py
[2026-04-28T18:24:59.565+0200] {processor.py:840} INFO - DAG(s) 'example_sensor_decorator' retrieved from /Users/pablofrancoherrero/prueba_tecnica/venv/lib/python3.11/site-packages/airflow/example_dags/example_sensor_decorator.py
[2026-04-28T18:24:59.593+0200] {logging_mixin.py:188} INFO - [2026-04-28T18:24:59.593+0200] {dag.py:3096} INFO - Sync 1 DAGs
[2026-04-28T18:24:59.596+0200] {logging_mixin.py:188} INFO - [2026-04-28T18:24:59.595+0200] {dag.py:3954} INFO - Setting next_dagrun for example_sensor_decorator to None, run_after=None
[2026-04-28T18:24:59.600+0200] {processor.py:183} INFO - Processing /Users/pablofrancoherrero/prueba_tecnica/venv/lib/python3.11/site-packages/airflow/example_dags/example_sensor_decorator.py took 0.049 seconds
[2026-04-28T18:26:21.802+0200] {processor.py:161} INFO - Started process (PID=33244) to work on /Users/pablofrancoherrero/prueba_tecnica/venv/lib/python3.11/site-packages/airflow/example_dags/example_sensor_decorator.py
[2026-04-28T18:26:21.802+0200] {processor.py:830} INFO - Processing file /Users/pablofrancoherrero/prueba_tecnica/venv/lib/python3.11/site-packages/airflow/example_dags/example_sensor_decorator.py for tasks to queue
[2026-04-28T18:26:21.802+0200] {logging_mixin.py:188} INFO - [2026-04-28T18:26:21.802+0200] {dagbag.py:540} INFO - Filling up the DagBag from /Users/pablofrancoherrero/prueba_tecnica/venv/lib/python3.11/site-packages/airflow/example_dags/example_sensor_decorator.py
[2026-04-28T18:26:21.814+0200] {processor.py:840} INFO - DAG(s) 'example_sensor_decorator' retrieved from /Users/pablofrancoherrero/prueba_tecnica/venv/lib/python3.11/site-packages/airflow/example_dags/example_sensor_decorator.py
[2026-04-28T18:26:21.843+0200] {logging_mixin.py:188} INFO - [2026-04-28T18:26:21.843+0200] {dag.py:3096} INFO - Sync 1 DAGs
[2026-04-28T18:26:21.846+0200] {logging_mixin.py:188} INFO - [2026-04-28T18:26:21.846+0200] {dag.py:3954} INFO - Setting next_dagrun for example_sensor_decorator to None, run_after=None
[2026-04-28T18:26:21.851+0200] {processor.py:183} INFO - Processing /Users/pablofrancoherrero/prueba_tecnica/venv/lib/python3.11/site-packages/airflow/example_dags/example_sensor_decorator.py took 0.050 seconds
[2026-04-28T18:27:35.995+0200] {processor.py:161} INFO - Started process (PID=33340) to work on /Users/pablofrancoherrero/prueba_tecnica/venv/lib/python3.11/site-packages/airflow/example_dags/example_sensor_decorator.py
[2026-04-28T18:27:35.996+0200] {processor.py:830} INFO - Processing file /Users/pablofrancoherrero/prueba_tecnica/venv/lib/python3.11/site-packages/airflow/example_dags/example_sensor_decorator.py for tasks to queue
[2026-04-28T18:27:35.996+0200] {logging_mixin.py:188} INFO - [2026-04-28T18:27:35.996+0200] {dagbag.py:540} INFO - Filling up the DagBag from /Users/pablofrancoherrero/prueba_tecnica/venv/lib/python3.11/site-packages/airflow/example_dags/example_sensor_decorator.py
[2026-04-28T18:27:36.007+0200] {processor.py:840} INFO - DAG(s) 'example_sensor_decorator' retrieved from /Users/pablofrancoherrero/prueba_tecnica/venv/lib/python3.11/site-packages/airflow/example_dags/example_sensor_decorator.py
[2026-04-28T18:27:36.035+0200] {logging_mixin.py:188} INFO - [2026-04-28T18:27:36.035+0200] {dag.py:3096} INFO - Sync 1 DAGs
[2026-04-28T18:27:36.038+0200] {logging_mixin.py:188} INFO - [2026-04-28T18:27:36.038+0200] {dag.py:3954} INFO - Setting next_dagrun for example_sensor_decorator to None, run_after=None
[2026-04-28T18:27:36.042+0200] {processor.py:183} INFO - Processing /Users/pablofrancoherrero/prueba_tecnica/venv/lib/python3.11/site-packages/airflow/example_dags/example_sensor_decorator.py took 0.048 seconds
[2026-04-28T18:28:55.530+0200] {processor.py:161} INFO - Started process (PID=33427) to work on /Users/pablofrancoherrero/prueba_tecnica/venv/lib/python3.11/site-packages/airflow/example_dags/example_sensor_decorator.py
[2026-04-28T18:28:55.531+0200] {processor.py:830} INFO - Processing file /Users/pablofrancoherrero/prueba_tecnica/venv/lib/python3.11/site-packages/airflow/example_dags/example_sensor_decorator.py for tasks to queue
[2026-04-28T18:28:55.531+0200] {logging_mixin.py:188} INFO - [2026-04-28T18:28:55.531+0200] {dagbag.py:540} INFO - Filling up the DagBag from /Users/pablofrancoherrero/prueba_tecnica/venv/lib/python3.11/site-packages/airflow/example_dags/example_sensor_decorator.py
[2026-04-28T18:28:55.543+0200] {processor.py:840} INFO - DAG(s) 'example_sensor_decorator' retrieved from /Users/pablofrancoherrero/prueba_tecnica/venv/lib/python3.11/site-packages/airflow/example_dags/example_sensor_decorator.py
[2026-04-28T18:28:55.570+0200] {logging_mixin.py:188} INFO - [2026-04-28T18:28:55.570+0200] {dag.py:3096} INFO - Sync 1 DAGs
[2026-04-28T18:28:55.572+0200] {logging_mixin.py:188} INFO - [2026-04-28T18:28:55.572+0200] {dag.py:3954} INFO - Setting next_dagrun for example_sensor_decorator to None, run_after=None
[2026-04-28T18:28:55.577+0200] {processor.py:183} INFO - Processing /Users/pablofrancoherrero/prueba_tecnica/venv/lib/python3.11/site-packages/airflow/example_dags/example_sensor_decorator.py took 0.048 seconds
[2026-04-28T18:30:15.914+0200] {processor.py:161} INFO - Started process (PID=33524) to work on /Users/pablofrancoherrero/prueba_tecnica/venv/lib/python3.11/site-packages/airflow/example_dags/example_sensor_decorator.py
[2026-04-28T18:30:15.915+0200] {processor.py:830} INFO - Processing file /Users/pablofrancoherrero/prueba_tecnica/venv/lib/python3.11/site-packages/airflow/example_dags/example_sensor_decorator.py for tasks to queue
[2026-04-28T18:30:15.915+0200] {logging_mixin.py:188} INFO - [2026-04-28T18:30:15.915+0200] {dagbag.py:540} INFO - Filling up the DagBag from /Users/pablofrancoherrero/prueba_tecnica/venv/lib/python3.11/site-packages/airflow/example_dags/example_sensor_decorator.py
[2026-04-28T18:30:15.926+0200] {processor.py:840} INFO - DAG(s) 'example_sensor_decorator' retrieved from /Users/pablofrancoherrero/prueba_tecnica/venv/lib/python3.11/site-packages/airflow/example_dags/example_sensor_decorator.py
[2026-04-28T18:30:15.953+0200] {logging_mixin.py:188} INFO - [2026-04-28T18:30:15.953+0200] {dag.py:3096} INFO - Sync 1 DAGs
[2026-04-28T18:30:15.956+0200] {logging_mixin.py:188} INFO - [2026-04-28T18:30:15.956+0200] {dag.py:3954} INFO - Setting next_dagrun for example_sensor_decorator to None, run_after=None
[2026-04-28T18:30:15.961+0200] {processor.py:183} INFO - Processing /Users/pablofrancoherrero/prueba_tecnica/venv/lib/python3.11/site-packages/airflow/example_dags/example_sensor_decorator.py took 0.048 seconds
[2026-04-28T18:31:41.036+0200] {processor.py:161} INFO - Started process (PID=33814) to work on /Users/pablofrancoherrero/prueba_tecnica/venv/lib/python3.11/site-packages/airflow/example_dags/example_sensor_decorator.py
[2026-04-28T18:31:41.037+0200] {processor.py:830} INFO - Processing file /Users/pablofrancoherrero/prueba_tecnica/venv/lib/python3.11/site-packages/airflow/example_dags/example_sensor_decorator.py for tasks to queue
[2026-04-28T18:31:41.038+0200] {logging_mixin.py:188} INFO - [2026-04-28T18:31:41.038+0200] {dagbag.py:540} INFO - Filling up the DagBag from /Users/pablofrancoherrero/prueba_tecnica/venv/lib/python3.11/site-packages/airflow/example_dags/example_sensor_decorator.py
[2026-04-28T18:31:41.049+0200] {processor.py:840} INFO - DAG(s) 'example_sensor_decorator' retrieved from /Users/pablofrancoherrero/prueba_tecnica/venv/lib/python3.11/site-packages/airflow/example_dags/example_sensor_decorator.py
[2026-04-28T18:31:41.078+0200] {logging_mixin.py:188} INFO - [2026-04-28T18:31:41.078+0200] {dag.py:3096} INFO - Sync 1 DAGs
[2026-04-28T18:31:41.081+0200] {logging_mixin.py:188} INFO - [2026-04-28T18:31:41.081+0200] {dag.py:3954} INFO - Setting next_dagrun for example_sensor_decorator to None, run_after=None
[2026-04-28T18:31:41.086+0200] {processor.py:183} INFO - Processing /Users/pablofrancoherrero/prueba_tecnica/venv/lib/python3.11/site-packages/airflow/example_dags/example_sensor_decorator.py took 0.050 seconds
[2026-04-28T18:33:00.392+0200] {processor.py:161} INFO - Started process (PID=33896) to work on /Users/pablofrancoherrero/prueba_tecnica/venv/lib/python3.11/site-packages/airflow/example_dags/example_sensor_decorator.py
[2026-04-28T18:33:00.392+0200] {processor.py:830} INFO - Processing file /Users/pablofrancoherrero/prueba_tecnica/venv/lib/python3.11/site-packages/airflow/example_dags/example_sensor_decorator.py for tasks to queue
[2026-04-28T18:33:00.393+0200] {logging_mixin.py:188} INFO - [2026-04-28T18:33:00.392+0200] {dagbag.py:540} INFO - Filling up the DagBag from /Users/pablofrancoherrero/prueba_tecnica/venv/lib/python3.11/site-packages/airflow/example_dags/example_sensor_decorator.py
[2026-04-28T18:33:00.405+0200] {processor.py:840} INFO - DAG(s) 'example_sensor_decorator' retrieved from /Users/pablofrancoherrero/prueba_tecnica/venv/lib/python3.11/site-packages/airflow/example_dags/example_sensor_decorator.py
[2026-04-28T18:33:00.434+0200] {logging_mixin.py:188} INFO - [2026-04-28T18:33:00.434+0200] {dag.py:3096} INFO - Sync 1 DAGs
[2026-04-28T18:33:00.436+0200] {logging_mixin.py:188} INFO - [2026-04-28T18:33:00.436+0200] {dag.py:3954} INFO - Setting next_dagrun for example_sensor_decorator to None, run_after=None
[2026-04-28T18:33:00.441+0200] {processor.py:183} INFO - Processing /Users/pablofrancoherrero/prueba_tecnica/venv/lib/python3.11/site-packages/airflow/example_dags/example_sensor_decorator.py took 0.050 seconds
[2026-04-28T18:34:14.257+0200] {processor.py:161} INFO - Started process (PID=33987) to work on /Users/pablofrancoherrero/prueba_tecnica/venv/lib/python3.11/site-packages/airflow/example_dags/example_sensor_decorator.py
[2026-04-28T18:34:14.258+0200] {processor.py:830} INFO - Processing file /Users/pablofrancoherrero/prueba_tecnica/venv/lib/python3.11/site-packages/airflow/example_dags/example_sensor_decorator.py for tasks to queue
[2026-04-28T18:34:14.259+0200] {logging_mixin.py:188} INFO - [2026-04-28T18:34:14.258+0200] {dagbag.py:540} INFO - Filling up the DagBag from /Users/pablofrancoherrero/prueba_tecnica/venv/lib/python3.11/site-packages/airflow/example_dags/example_sensor_decorator.py
[2026-04-28T18:34:14.271+0200] {processor.py:840} INFO - DAG(s) 'example_sensor_decorator' retrieved from /Users/pablofrancoherrero/prueba_tecnica/venv/lib/python3.11/site-packages/airflow/example_dags/example_sensor_decorator.py
[2026-04-28T18:34:14.300+0200] {logging_mixin.py:188} INFO - [2026-04-28T18:34:14.300+0200] {dag.py:3096} INFO - Sync 1 DAGs
[2026-04-28T18:34:14.303+0200] {logging_mixin.py:188} INFO - [2026-04-28T18:34:14.303+0200] {dag.py:3954} INFO - Setting next_dagrun for example_sensor_decorator to None, run_after=None
[2026-04-28T18:34:14.309+0200] {processor.py:183} INFO - Processing /Users/pablofrancoherrero/prueba_tecnica/venv/lib/python3.11/site-packages/airflow/example_dags/example_sensor_decorator.py took 0.053 seconds
[2026-04-28T18:35:34.683+0200] {processor.py:161} INFO - Started process (PID=34106) to work on /Users/pablofrancoherrero/prueba_tecnica/venv/lib/python3.11/site-packages/airflow/example_dags/example_sensor_decorator.py
[2026-04-28T18:35:34.683+0200] {processor.py:830} INFO - Processing file /Users/pablofrancoherrero/prueba_tecnica/venv/lib/python3.11/site-packages/airflow/example_dags/example_sensor_decorator.py for tasks to queue
[2026-04-28T18:35:34.683+0200] {logging_mixin.py:188} INFO - [2026-04-28T18:35:34.683+0200] {dagbag.py:540} INFO - Filling up the DagBag from /Users/pablofrancoherrero/prueba_tecnica/venv/lib/python3.11/site-packages/airflow/example_dags/example_sensor_decorator.py
[2026-04-28T18:35:34.695+0200] {processor.py:840} INFO - DAG(s) 'example_sensor_decorator' retrieved from /Users/pablofrancoherrero/prueba_tecnica/venv/lib/python3.11/site-packages/airflow/example_dags/example_sensor_decorator.py
[2026-04-28T18:35:34.723+0200] {logging_mixin.py:188} INFO - [2026-04-28T18:35:34.723+0200] {dag.py:3096} INFO - Sync 1 DAGs
[2026-04-28T18:35:34.726+0200] {logging_mixin.py:188} INFO - [2026-04-28T18:35:34.725+0200] {dag.py:3954} INFO - Setting next_dagrun for example_sensor_decorator to None, run_after=None
[2026-04-28T18:35:34.730+0200] {processor.py:183} INFO - Processing /Users/pablofrancoherrero/prueba_tecnica/venv/lib/python3.11/site-packages/airflow/example_dags/example_sensor_decorator.py took 0.049 seconds
[2026-04-28T18:36:55.042+0200] {processor.py:161} INFO - Started process (PID=34221) to work on /Users/pablofrancoherrero/prueba_tecnica/venv/lib/python3.11/site-packages/airflow/example_dags/example_sensor_decorator.py
[2026-04-28T18:36:55.042+0200] {processor.py:830} INFO - Processing file /Users/pablofrancoherrero/prueba_tecnica/venv/lib/python3.11/site-packages/airflow/example_dags/example_sensor_decorator.py for tasks to queue
[2026-04-28T18:36:55.043+0200] {logging_mixin.py:188} INFO - [2026-04-28T18:36:55.042+0200] {dagbag.py:540} INFO - Filling up the DagBag from /Users/pablofrancoherrero/prueba_tecnica/venv/lib/python3.11/site-packages/airflow/example_dags/example_sensor_decorator.py
[2026-04-28T18:36:55.055+0200] {processor.py:840} INFO - DAG(s) 'example_sensor_decorator' retrieved from /Users/pablofrancoherrero/prueba_tecnica/venv/lib/python3.11/site-packages/airflow/example_dags/example_sensor_decorator.py
[2026-04-28T18:36:55.084+0200] {logging_mixin.py:188} INFO - [2026-04-28T18:36:55.084+0200] {dag.py:3096} INFO - Sync 1 DAGs
[2026-04-28T18:36:55.087+0200] {logging_mixin.py:188} INFO - [2026-04-28T18:36:55.087+0200] {dag.py:3954} INFO - Setting next_dagrun for example_sensor_decorator to None, run_after=None
[2026-04-28T18:36:55.092+0200] {processor.py:183} INFO - Processing /Users/pablofrancoherrero/prueba_tecnica/venv/lib/python3.11/site-packages/airflow/example_dags/example_sensor_decorator.py took 0.051 seconds
[2026-04-28T18:38:16.377+0200] {processor.py:161} INFO - Started process (PID=34310) to work on /Users/pablofrancoherrero/prueba_tecnica/venv/lib/python3.11/site-packages/airflow/example_dags/example_sensor_decorator.py
[2026-04-28T18:38:16.377+0200] {processor.py:830} INFO - Processing file /Users/pablofrancoherrero/prueba_tecnica/venv/lib/python3.11/site-packages/airflow/example_dags/example_sensor_decorator.py for tasks to queue
[2026-04-28T18:38:16.377+0200] {logging_mixin.py:188} INFO - [2026-04-28T18:38:16.377+0200] {dagbag.py:540} INFO - Filling up the DagBag from /Users/pablofrancoherrero/prueba_tecnica/venv/lib/python3.11/site-packages/airflow/example_dags/example_sensor_decorator.py
[2026-04-28T18:38:16.390+0200] {processor.py:840} INFO - DAG(s) 'example_sensor_decorator' retrieved from /Users/pablofrancoherrero/prueba_tecnica/venv/lib/python3.11/site-packages/airflow/example_dags/example_sensor_decorator.py
[2026-04-28T18:38:16.419+0200] {logging_mixin.py:188} INFO - [2026-04-28T18:38:16.419+0200] {dag.py:3096} INFO - Sync 1 DAGs
[2026-04-28T18:38:16.422+0200] {logging_mixin.py:188} INFO - [2026-04-28T18:38:16.422+0200] {dag.py:3954} INFO - Setting next_dagrun for example_sensor_decorator to None, run_after=None
[2026-04-28T18:38:16.427+0200] {processor.py:183} INFO - Processing /Users/pablofrancoherrero/prueba_tecnica/venv/lib/python3.11/site-packages/airflow/example_dags/example_sensor_decorator.py took 0.051 seconds
[2026-04-28T18:39:38.766+0200] {processor.py:161} INFO - Started process (PID=34409) to work on /Users/pablofrancoherrero/prueba_tecnica/venv/lib/python3.11/site-packages/airflow/example_dags/example_sensor_decorator.py
[2026-04-28T18:39:38.767+0200] {processor.py:830} INFO - Processing file /Users/pablofrancoherrero/prueba_tecnica/venv/lib/python3.11/site-packages/airflow/example_dags/example_sensor_decorator.py for tasks to queue
[2026-04-28T18:39:38.767+0200] {logging_mixin.py:188} INFO - [2026-04-28T18:39:38.767+0200] {dagbag.py:540} INFO - Filling up the DagBag from /Users/pablofrancoherrero/prueba_tecnica/venv/lib/python3.11/site-packages/airflow/example_dags/example_sensor_decorator.py
[2026-04-28T18:39:38.779+0200] {processor.py:840} INFO - DAG(s) 'example_sensor_decorator' retrieved from /Users/pablofrancoherrero/prueba_tecnica/venv/lib/python3.11/site-packages/airflow/example_dags/example_sensor_decorator.py
[2026-04-28T18:39:38.807+0200] {logging_mixin.py:188} INFO - [2026-04-28T18:39:38.807+0200] {dag.py:3096} INFO - Sync 1 DAGs
[2026-04-28T18:39:38.810+0200] {logging_mixin.py:188} INFO - [2026-04-28T18:39:38.810+0200] {dag.py:3954} INFO - Setting next_dagrun for example_sensor_decorator to None, run_after=None
[2026-04-28T18:39:38.815+0200] {processor.py:183} INFO - Processing /Users/pablofrancoherrero/prueba_tecnica/venv/lib/python3.11/site-packages/airflow/example_dags/example_sensor_decorator.py took 0.049 seconds
[2026-04-28T18:40:56.334+0200] {processor.py:161} INFO - Started process (PID=34511) to work on /Users/pablofrancoherrero/prueba_tecnica/venv/lib/python3.11/site-packages/airflow/example_dags/example_sensor_decorator.py
[2026-04-28T18:40:56.335+0200] {processor.py:830} INFO - Processing file /Users/pablofrancoherrero/prueba_tecnica/venv/lib/python3.11/site-packages/airflow/example_dags/example_sensor_decorator.py for tasks to queue
[2026-04-28T18:40:56.335+0200] {logging_mixin.py:188} INFO - [2026-04-28T18:40:56.335+0200] {dagbag.py:540} INFO - Filling up the DagBag from /Users/pablofrancoherrero/prueba_tecnica/venv/lib/python3.11/site-packages/airflow/example_dags/example_sensor_decorator.py
[2026-04-28T18:40:56.350+0200] {processor.py:840} INFO - DAG(s) 'example_sensor_decorator' retrieved from /Users/pablofrancoherrero/prueba_tecnica/venv/lib/python3.11/site-packages/airflow/example_dags/example_sensor_decorator.py
[2026-04-28T18:40:56.381+0200] {logging_mixin.py:188} INFO - [2026-04-28T18:40:56.381+0200] {dag.py:3096} INFO - Sync 1 DAGs
[2026-04-28T18:40:56.384+0200] {logging_mixin.py:188} INFO - [2026-04-28T18:40:56.384+0200] {dag.py:3954} INFO - Setting next_dagrun for example_sensor_decorator to None, run_after=None
[2026-04-28T18:40:56.389+0200] {processor.py:183} INFO - Processing /Users/pablofrancoherrero/prueba_tecnica/venv/lib/python3.11/site-packages/airflow/example_dags/example_sensor_decorator.py took 0.056 seconds
[2026-04-28T18:42:20.339+0200] {processor.py:161} INFO - Started process (PID=34876) to work on /Users/pablofrancoherrero/prueba_tecnica/venv/lib/python3.11/site-packages/airflow/example_dags/example_sensor_decorator.py
[2026-04-28T18:42:20.340+0200] {processor.py:830} INFO - Processing file /Users/pablofrancoherrero/prueba_tecnica/venv/lib/python3.11/site-packages/airflow/example_dags/example_sensor_decorator.py for tasks to queue
[2026-04-28T18:42:20.341+0200] {logging_mixin.py:188} INFO - [2026-04-28T18:42:20.341+0200] {dagbag.py:540} INFO - Filling up the DagBag from /Users/pablofrancoherrero/prueba_tecnica/venv/lib/python3.11/site-packages/airflow/example_dags/example_sensor_decorator.py
[2026-04-28T18:42:20.352+0200] {processor.py:840} INFO - DAG(s) 'example_sensor_decorator' retrieved from /Users/pablofrancoherrero/prueba_tecnica/venv/lib/python3.11/site-packages/airflow/example_dags/example_sensor_decorator.py
[2026-04-28T18:42:20.380+0200] {logging_mixin.py:188} INFO - [2026-04-28T18:42:20.380+0200] {dag.py:3096} INFO - Sync 1 DAGs
[2026-04-28T18:42:20.383+0200] {logging_mixin.py:188} INFO - [2026-04-28T18:42:20.383+0200] {dag.py:3954} INFO - Setting next_dagrun for example_sensor_decorator to None, run_after=None
[2026-04-28T18:42:20.388+0200] {processor.py:183} INFO - Processing /Users/pablofrancoherrero/prueba_tecnica/venv/lib/python3.11/site-packages/airflow/example_dags/example_sensor_decorator.py took 0.049 seconds
[2026-04-28T18:43:42.047+0200] {processor.py:161} INFO - Started process (PID=34999) to work on /Users/pablofrancoherrero/prueba_tecnica/venv/lib/python3.11/site-packages/airflow/example_dags/example_sensor_decorator.py
[2026-04-28T18:43:42.048+0200] {processor.py:830} INFO - Processing file /Users/pablofrancoherrero/prueba_tecnica/venv/lib/python3.11/site-packages/airflow/example_dags/example_sensor_decorator.py for tasks to queue
[2026-04-28T18:43:42.048+0200] {logging_mixin.py:188} INFO - [2026-04-28T18:43:42.048+0200] {dagbag.py:540} INFO - Filling up the DagBag from /Users/pablofrancoherrero/prueba_tecnica/venv/lib/python3.11/site-packages/airflow/example_dags/example_sensor_decorator.py
[2026-04-28T18:43:42.059+0200] {processor.py:840} INFO - DAG(s) 'example_sensor_decorator' retrieved from /Users/pablofrancoherrero/prueba_tecnica/venv/lib/python3.11/site-packages/airflow/example_dags/example_sensor_decorator.py
[2026-04-28T18:43:42.087+0200] {logging_mixin.py:188} INFO - [2026-04-28T18:43:42.087+0200] {dag.py:3096} INFO - Sync 1 DAGs
[2026-04-28T18:43:42.089+0200] {logging_mixin.py:188} INFO - [2026-04-28T18:43:42.089+0200] {dag.py:3954} INFO - Setting next_dagrun for example_sensor_decorator to None, run_after=None
[2026-04-28T18:43:42.094+0200] {processor.py:183} INFO - Processing /Users/pablofrancoherrero/prueba_tecnica/venv/lib/python3.11/site-packages/airflow/example_dags/example_sensor_decorator.py took 0.048 seconds
[2026-04-28T18:45:04.866+0200] {processor.py:161} INFO - Started process (PID=35081) to work on /Users/pablofrancoherrero/prueba_tecnica/venv/lib/python3.11/site-packages/airflow/example_dags/example_sensor_decorator.py
[2026-04-28T18:45:04.867+0200] {processor.py:830} INFO - Processing file /Users/pablofrancoherrero/prueba_tecnica/venv/lib/python3.11/site-packages/airflow/example_dags/example_sensor_decorator.py for tasks to queue
[2026-04-28T18:45:04.867+0200] {logging_mixin.py:188} INFO - [2026-04-28T18:45:04.867+0200] {dagbag.py:540} INFO - Filling up the DagBag from /Users/pablofrancoherrero/prueba_tecnica/venv/lib/python3.11/site-packages/airflow/example_dags/example_sensor_decorator.py
[2026-04-28T18:45:04.879+0200] {processor.py:840} INFO - DAG(s) 'example_sensor_decorator' retrieved from /Users/pablofrancoherrero/prueba_tecnica/venv/lib/python3.11/site-packages/airflow/example_dags/example_sensor_decorator.py
[2026-04-28T18:45:04.908+0200] {logging_mixin.py:188} INFO - [2026-04-28T18:45:04.908+0200] {dag.py:3096} INFO - Sync 1 DAGs
[2026-04-28T18:45:04.911+0200] {logging_mixin.py:188} INFO - [2026-04-28T18:45:04.911+0200] {dag.py:3954} INFO - Setting next_dagrun for example_sensor_decorator to None, run_after=None
[2026-04-28T18:45:04.916+0200] {processor.py:183} INFO - Processing /Users/pablofrancoherrero/prueba_tecnica/venv/lib/python3.11/site-packages/airflow/example_dags/example_sensor_decorator.py took 0.051 seconds
[2026-04-28T18:46:27.370+0200] {processor.py:161} INFO - Started process (PID=35188) to work on /Users/pablofrancoherrero/prueba_tecnica/venv/lib/python3.11/site-packages/airflow/example_dags/example_sensor_decorator.py
[2026-04-28T18:46:27.371+0200] {processor.py:830} INFO - Processing file /Users/pablofrancoherrero/prueba_tecnica/venv/lib/python3.11/site-packages/airflow/example_dags/example_sensor_decorator.py for tasks to queue
[2026-04-28T18:46:27.371+0200] {logging_mixin.py:188} INFO - [2026-04-28T18:46:27.371+0200] {dagbag.py:540} INFO - Filling up the DagBag from /Users/pablofrancoherrero/prueba_tecnica/venv/lib/python3.11/site-packages/airflow/example_dags/example_sensor_decorator.py
[2026-04-28T18:46:27.383+0200] {processor.py:840} INFO - DAG(s) 'example_sensor_decorator' retrieved from /Users/pablofrancoherrero/prueba_tecnica/venv/lib/python3.11/site-packages/airflow/example_dags/example_sensor_decorator.py
[2026-04-28T18:46:27.411+0200] {logging_mixin.py:188} INFO - [2026-04-28T18:46:27.411+0200] {dag.py:3096} INFO - Sync 1 DAGs
[2026-04-28T18:46:27.414+0200] {logging_mixin.py:188} INFO - [2026-04-28T18:46:27.414+0200] {dag.py:3954} INFO - Setting next_dagrun for example_sensor_decorator to None, run_after=None
[2026-04-28T18:46:27.419+0200] {processor.py:183} INFO - Processing /Users/pablofrancoherrero/prueba_tecnica/venv/lib/python3.11/site-packages/airflow/example_dags/example_sensor_decorator.py took 0.050 seconds
[2026-04-28T18:47:48.617+0200] {processor.py:161} INFO - Started process (PID=35294) to work on /Users/pablofrancoherrero/prueba_tecnica/venv/lib/python3.11/site-packages/airflow/example_dags/example_sensor_decorator.py
[2026-04-28T18:47:48.618+0200] {processor.py:830} INFO - Processing file /Users/pablofrancoherrero/prueba_tecnica/venv/lib/python3.11/site-packages/airflow/example_dags/example_sensor_decorator.py for tasks to queue
[2026-04-28T18:47:48.618+0200] {logging_mixin.py:188} INFO - [2026-04-28T18:47:48.618+0200] {dagbag.py:540} INFO - Filling up the DagBag from /Users/pablofrancoherrero/prueba_tecnica/venv/lib/python3.11/site-packages/airflow/example_dags/example_sensor_decorator.py
[2026-04-28T18:47:48.631+0200] {processor.py:840} INFO - DAG(s) 'example_sensor_decorator' retrieved from /Users/pablofrancoherrero/prueba_tecnica/venv/lib/python3.11/site-packages/airflow/example_dags/example_sensor_decorator.py
[2026-04-28T18:47:48.661+0200] {logging_mixin.py:188} INFO - [2026-04-28T18:47:48.661+0200] {dag.py:3096} INFO - Sync 1 DAGs
[2026-04-28T18:47:48.664+0200] {logging_mixin.py:188} INFO - [2026-04-28T18:47:48.664+0200] {dag.py:3954} INFO - Setting next_dagrun for example_sensor_decorator to None, run_after=None
[2026-04-28T18:47:48.669+0200] {processor.py:183} INFO - Processing /Users/pablofrancoherrero/prueba_tecnica/venv/lib/python3.11/site-packages/airflow/example_dags/example_sensor_decorator.py took 0.053 seconds
[2026-04-28T18:49:11.831+0200] {processor.py:161} INFO - Started process (PID=35407) to work on /Users/pablofrancoherrero/prueba_tecnica/venv/lib/python3.11/site-packages/airflow/example_dags/example_sensor_decorator.py
[2026-04-28T18:49:11.832+0200] {processor.py:830} INFO - Processing file /Users/pablofrancoherrero/prueba_tecnica/venv/lib/python3.11/site-packages/airflow/example_dags/example_sensor_decorator.py for tasks to queue
[2026-04-28T18:49:11.832+0200] {logging_mixin.py:188} INFO - [2026-04-28T18:49:11.832+0200] {dagbag.py:540} INFO - Filling up the DagBag from /Users/pablofrancoherrero/prueba_tecnica/venv/lib/python3.11/site-packages/airflow/example_dags/example_sensor_decorator.py
[2026-04-28T18:49:11.844+0200] {processor.py:840} INFO - DAG(s) 'example_sensor_decorator' retrieved from /Users/pablofrancoherrero/prueba_tecnica/venv/lib/python3.11/site-packages/airflow/example_dags/example_sensor_decorator.py
[2026-04-28T18:49:11.873+0200] {logging_mixin.py:188} INFO - [2026-04-28T18:49:11.873+0200] {dag.py:3096} INFO - Sync 1 DAGs
[2026-04-28T18:49:11.875+0200] {logging_mixin.py:188} INFO - [2026-04-28T18:49:11.875+0200] {dag.py:3954} INFO - Setting next_dagrun for example_sensor_decorator to None, run_after=None
[2026-04-28T18:49:11.880+0200] {processor.py:183} INFO - Processing /Users/pablofrancoherrero/prueba_tecnica/venv/lib/python3.11/site-packages/airflow/example_dags/example_sensor_decorator.py took 0.050 seconds
[2026-04-28T18:50:33.562+0200] {processor.py:161} INFO - Started process (PID=35499) to work on /Users/pablofrancoherrero/prueba_tecnica/venv/lib/python3.11/site-packages/airflow/example_dags/example_sensor_decorator.py
[2026-04-28T18:50:33.562+0200] {processor.py:830} INFO - Processing file /Users/pablofrancoherrero/prueba_tecnica/venv/lib/python3.11/site-packages/airflow/example_dags/example_sensor_decorator.py for tasks to queue
[2026-04-28T18:50:33.563+0200] {logging_mixin.py:188} INFO - [2026-04-28T18:50:33.563+0200] {dagbag.py:540} INFO - Filling up the DagBag from /Users/pablofrancoherrero/prueba_tecnica/venv/lib/python3.11/site-packages/airflow/example_dags/example_sensor_decorator.py
[2026-04-28T18:50:33.574+0200] {processor.py:840} INFO - DAG(s) 'example_sensor_decorator' retrieved from /Users/pablofrancoherrero/prueba_tecnica/venv/lib/python3.11/site-packages/airflow/example_dags/example_sensor_decorator.py
[2026-04-28T18:50:33.603+0200] {logging_mixin.py:188} INFO - [2026-04-28T18:50:33.603+0200] {dag.py:3096} INFO - Sync 1 DAGs
[2026-04-28T18:50:33.605+0200] {logging_mixin.py:188} INFO - [2026-04-28T18:50:33.605+0200] {dag.py:3954} INFO - Setting next_dagrun for example_sensor_decorator to None, run_after=None
[2026-04-28T18:50:33.610+0200] {processor.py:183} INFO - Processing /Users/pablofrancoherrero/prueba_tecnica/venv/lib/python3.11/site-packages/airflow/example_dags/example_sensor_decorator.py took 0.049 seconds
[2026-04-28T18:51:56.952+0200] {processor.py:161} INFO - Started process (PID=35605) to work on /Users/pablofrancoherrero/prueba_tecnica/venv/lib/python3.11/site-packages/airflow/example_dags/example_sensor_decorator.py
[2026-04-28T18:51:56.954+0200] {processor.py:830} INFO - Processing file /Users/pablofrancoherrero/prueba_tecnica/venv/lib/python3.11/site-packages/airflow/example_dags/example_sensor_decorator.py for tasks to queue
[2026-04-28T18:51:56.954+0200] {logging_mixin.py:188} INFO - [2026-04-28T18:51:56.954+0200] {dagbag.py:540} INFO - Filling up the DagBag from /Users/pablofrancoherrero/prueba_tecnica/venv/lib/python3.11/site-packages/airflow/example_dags/example_sensor_decorator.py
[2026-04-28T18:51:56.965+0200] {processor.py:840} INFO - DAG(s) 'example_sensor_decorator' retrieved from /Users/pablofrancoherrero/prueba_tecnica/venv/lib/python3.11/site-packages/airflow/example_dags/example_sensor_decorator.py
[2026-04-28T18:51:56.992+0200] {logging_mixin.py:188} INFO - [2026-04-28T18:51:56.992+0200] {dag.py:3096} INFO - Sync 1 DAGs
[2026-04-28T18:51:56.995+0200] {logging_mixin.py:188} INFO - [2026-04-28T18:51:56.995+0200] {dag.py:3954} INFO - Setting next_dagrun for example_sensor_decorator to None, run_after=None
[2026-04-28T18:51:56.999+0200] {processor.py:183} INFO - Processing /Users/pablofrancoherrero/prueba_tecnica/venv/lib/python3.11/site-packages/airflow/example_dags/example_sensor_decorator.py took 0.048 seconds
[2026-04-28T18:53:19.881+0200] {processor.py:161} INFO - Started process (PID=35707) to work on /Users/pablofrancoherrero/prueba_tecnica/venv/lib/python3.11/site-packages/airflow/example_dags/example_sensor_decorator.py
[2026-04-28T18:53:19.882+0200] {processor.py:830} INFO - Processing file /Users/pablofrancoherrero/prueba_tecnica/venv/lib/python3.11/site-packages/airflow/example_dags/example_sensor_decorator.py for tasks to queue
[2026-04-28T18:53:19.882+0200] {logging_mixin.py:188} INFO - [2026-04-28T18:53:19.882+0200] {dagbag.py:540} INFO - Filling up the DagBag from /Users/pablofrancoherrero/prueba_tecnica/venv/lib/python3.11/site-packages/airflow/example_dags/example_sensor_decorator.py
[2026-04-28T18:53:19.893+0200] {processor.py:840} INFO - DAG(s) 'example_sensor_decorator' retrieved from /Users/pablofrancoherrero/prueba_tecnica/venv/lib/python3.11/site-packages/airflow/example_dags/example_sensor_decorator.py
[2026-04-28T18:53:19.921+0200] {logging_mixin.py:188} INFO - [2026-04-28T18:53:19.921+0200] {dag.py:3096} INFO - Sync 1 DAGs
[2026-04-28T18:53:19.924+0200] {logging_mixin.py:188} INFO - [2026-04-28T18:53:19.924+0200] {dag.py:3954} INFO - Setting next_dagrun for example_sensor_decorator to None, run_after=None
[2026-04-28T18:53:19.929+0200] {processor.py:183} INFO - Processing /Users/pablofrancoherrero/prueba_tecnica/venv/lib/python3.11/site-packages/airflow/example_dags/example_sensor_decorator.py took 0.049 seconds
[2026-04-28T18:54:43.052+0200] {processor.py:161} INFO - Started process (PID=35791) to work on /Users/pablofrancoherrero/prueba_tecnica/venv/lib/python3.11/site-packages/airflow/example_dags/example_sensor_decorator.py
[2026-04-28T18:54:43.052+0200] {processor.py:830} INFO - Processing file /Users/pablofrancoherrero/prueba_tecnica/venv/lib/python3.11/site-packages/airflow/example_dags/example_sensor_decorator.py for tasks to queue
[2026-04-28T18:54:43.052+0200] {logging_mixin.py:188} INFO - [2026-04-28T18:54:43.052+0200] {dagbag.py:540} INFO - Filling up the DagBag from /Users/pablofrancoherrero/prueba_tecnica/venv/lib/python3.11/site-packages/airflow/example_dags/example_sensor_decorator.py
[2026-04-28T18:54:43.064+0200] {processor.py:840} INFO - DAG(s) 'example_sensor_decorator' retrieved from /Users/pablofrancoherrero/prueba_tecnica/venv/lib/python3.11/site-packages/airflow/example_dags/example_sensor_decorator.py
[2026-04-28T18:54:43.093+0200] {logging_mixin.py:188} INFO - [2026-04-28T18:54:43.093+0200] {dag.py:3096} INFO - Sync 1 DAGs
[2026-04-28T18:54:43.095+0200] {logging_mixin.py:188} INFO - [2026-04-28T18:54:43.095+0200] {dag.py:3954} INFO - Setting next_dagrun for example_sensor_decorator to None, run_after=None
[2026-04-28T18:54:43.100+0200] {processor.py:183} INFO - Processing /Users/pablofrancoherrero/prueba_tecnica/venv/lib/python3.11/site-packages/airflow/example_dags/example_sensor_decorator.py took 0.049 seconds
[2026-04-28T18:56:07.354+0200] {processor.py:161} INFO - Started process (PID=35881) to work on /Users/pablofrancoherrero/prueba_tecnica/venv/lib/python3.11/site-packages/airflow/example_dags/example_sensor_decorator.py
[2026-04-28T18:56:07.355+0200] {processor.py:830} INFO - Processing file /Users/pablofrancoherrero/prueba_tecnica/venv/lib/python3.11/site-packages/airflow/example_dags/example_sensor_decorator.py for tasks to queue
[2026-04-28T18:56:07.355+0200] {logging_mixin.py:188} INFO - [2026-04-28T18:56:07.355+0200] {dagbag.py:540} INFO - Filling up the DagBag from /Users/pablofrancoherrero/prueba_tecnica/venv/lib/python3.11/site-packages/airflow/example_dags/example_sensor_decorator.py
[2026-04-28T18:56:07.367+0200] {processor.py:840} INFO - DAG(s) 'example_sensor_decorator' retrieved from /Users/pablofrancoherrero/prueba_tecnica/venv/lib/python3.11/site-packages/airflow/example_dags/example_sensor_decorator.py
[2026-04-28T18:56:07.395+0200] {logging_mixin.py:188} INFO - [2026-04-28T18:56:07.395+0200] {dag.py:3096} INFO - Sync 1 DAGs
[2026-04-28T18:56:07.398+0200] {logging_mixin.py:188} INFO - [2026-04-28T18:56:07.398+0200] {dag.py:3954} INFO - Setting next_dagrun for example_sensor_decorator to None, run_after=None
[2026-04-28T18:56:07.403+0200] {processor.py:183} INFO - Processing /Users/pablofrancoherrero/prueba_tecnica/venv/lib/python3.11/site-packages/airflow/example_dags/example_sensor_decorator.py took 0.050 seconds
[2026-04-28T18:57:27.568+0200] {processor.py:161} INFO - Started process (PID=35963) to work on /Users/pablofrancoherrero/prueba_tecnica/venv/lib/python3.11/site-packages/airflow/example_dags/example_sensor_decorator.py
[2026-04-28T18:57:27.569+0200] {processor.py:830} INFO - Processing file /Users/pablofrancoherrero/prueba_tecnica/venv/lib/python3.11/site-packages/airflow/example_dags/example_sensor_decorator.py for tasks to queue
[2026-04-28T18:57:27.569+0200] {logging_mixin.py:188} INFO - [2026-04-28T18:57:27.569+0200] {dagbag.py:540} INFO - Filling up the DagBag from /Users/pablofrancoherrero/prueba_tecnica/venv/lib/python3.11/site-packages/airflow/example_dags/example_sensor_decorator.py
[2026-04-28T18:57:27.580+0200] {processor.py:840} INFO - DAG(s) 'example_sensor_decorator' retrieved from /Users/pablofrancoherrero/prueba_tecnica/venv/lib/python3.11/site-packages/airflow/example_dags/example_sensor_decorator.py
[2026-04-28T18:57:27.607+0200] {logging_mixin.py:188} INFO - [2026-04-28T18:57:27.607+0200] {dag.py:3096} INFO - Sync 1 DAGs
[2026-04-28T18:57:27.610+0200] {logging_mixin.py:188} INFO - [2026-04-28T18:57:27.610+0200] {dag.py:3954} INFO - Setting next_dagrun for example_sensor_decorator to None, run_after=None
[2026-04-28T18:57:27.615+0200] {processor.py:183} INFO - Processing /Users/pablofrancoherrero/prueba_tecnica/venv/lib/python3.11/site-packages/airflow/example_dags/example_sensor_decorator.py took 0.047 seconds
[2026-04-28T18:58:47.699+0200] {processor.py:161} INFO - Started process (PID=36030) to work on /Users/pablofrancoherrero/prueba_tecnica/venv/lib/python3.11/site-packages/airflow/example_dags/example_sensor_decorator.py
[2026-04-28T18:58:47.700+0200] {processor.py:830} INFO - Processing file /Users/pablofrancoherrero/prueba_tecnica/venv/lib/python3.11/site-packages/airflow/example_dags/example_sensor_decorator.py for tasks to queue
[2026-04-28T18:58:47.700+0200] {logging_mixin.py:188} INFO - [2026-04-28T18:58:47.700+0200] {dagbag.py:540} INFO - Filling up the DagBag from /Users/pablofrancoherrero/prueba_tecnica/venv/lib/python3.11/site-packages/airflow/example_dags/example_sensor_decorator.py
[2026-04-28T18:58:47.711+0200] {processor.py:840} INFO - DAG(s) 'example_sensor_decorator' retrieved from /Users/pablofrancoherrero/prueba_tecnica/venv/lib/python3.11/site-packages/airflow/example_dags/example_sensor_decorator.py
[2026-04-28T18:58:47.740+0200] {logging_mixin.py:188} INFO - [2026-04-28T18:58:47.739+0200] {dag.py:3096} INFO - Sync 1 DAGs
[2026-04-28T18:58:47.742+0200] {logging_mixin.py:188} INFO - [2026-04-28T18:58:47.742+0200] {dag.py:3954} INFO - Setting next_dagrun for example_sensor_decorator to None, run_after=None
[2026-04-28T18:58:47.747+0200] {processor.py:183} INFO - Processing /Users/pablofrancoherrero/prueba_tecnica/venv/lib/python3.11/site-packages/airflow/example_dags/example_sensor_decorator.py took 0.049 seconds
[2026-04-28T19:00:05.900+0200] {processor.py:161} INFO - Started process (PID=36116) to work on /Users/pablofrancoherrero/prueba_tecnica/venv/lib/python3.11/site-packages/airflow/example_dags/example_sensor_decorator.py
[2026-04-28T19:00:05.900+0200] {processor.py:830} INFO - Processing file /Users/pablofrancoherrero/prueba_tecnica/venv/lib/python3.11/site-packages/airflow/example_dags/example_sensor_decorator.py for tasks to queue
[2026-04-28T19:00:05.901+0200] {logging_mixin.py:188} INFO - [2026-04-28T19:00:05.901+0200] {dagbag.py:540} INFO - Filling up the DagBag from /Users/pablofrancoherrero/prueba_tecnica/venv/lib/python3.11/site-packages/airflow/example_dags/example_sensor_decorator.py
[2026-04-28T19:00:05.913+0200] {processor.py:840} INFO - DAG(s) 'example_sensor_decorator' retrieved from /Users/pablofrancoherrero/prueba_tecnica/venv/lib/python3.11/site-packages/airflow/example_dags/example_sensor_decorator.py
[2026-04-28T19:00:05.942+0200] {logging_mixin.py:188} INFO - [2026-04-28T19:00:05.942+0200] {dag.py:3096} INFO - Sync 1 DAGs
[2026-04-28T19:00:05.945+0200] {logging_mixin.py:188} INFO - [2026-04-28T19:00:05.945+0200] {dag.py:3954} INFO - Setting next_dagrun for example_sensor_decorator to None, run_after=None
[2026-04-28T19:00:05.951+0200] {processor.py:183} INFO - Processing /Users/pablofrancoherrero/prueba_tecnica/venv/lib/python3.11/site-packages/airflow/example_dags/example_sensor_decorator.py took 0.052 seconds
[2026-04-28T19:01:28.979+0200] {processor.py:161} INFO - Started process (PID=36202) to work on /Users/pablofrancoherrero/prueba_tecnica/venv/lib/python3.11/site-packages/airflow/example_dags/example_sensor_decorator.py
[2026-04-28T19:01:28.980+0200] {processor.py:830} INFO - Processing file /Users/pablofrancoherrero/prueba_tecnica/venv/lib/python3.11/site-packages/airflow/example_dags/example_sensor_decorator.py for tasks to queue
[2026-04-28T19:01:28.980+0200] {logging_mixin.py:188} INFO - [2026-04-28T19:01:28.980+0200] {dagbag.py:540} INFO - Filling up the DagBag from /Users/pablofrancoherrero/prueba_tecnica/venv/lib/python3.11/site-packages/airflow/example_dags/example_sensor_decorator.py
[2026-04-28T19:01:28.991+0200] {processor.py:840} INFO - DAG(s) 'example_sensor_decorator' retrieved from /Users/pablofrancoherrero/prueba_tecnica/venv/lib/python3.11/site-packages/airflow/example_dags/example_sensor_decorator.py
[2026-04-28T19:01:29.019+0200] {logging_mixin.py:188} INFO - [2026-04-28T19:01:29.019+0200] {dag.py:3096} INFO - Sync 1 DAGs
[2026-04-28T19:01:29.022+0200] {logging_mixin.py:188} INFO - [2026-04-28T19:01:29.021+0200] {dag.py:3954} INFO - Setting next_dagrun for example_sensor_decorator to None, run_after=None
[2026-04-28T19:01:29.027+0200] {processor.py:183} INFO - Processing /Users/pablofrancoherrero/prueba_tecnica/venv/lib/python3.11/site-packages/airflow/example_dags/example_sensor_decorator.py took 0.048 seconds
[2026-04-28T19:02:48.734+0200] {processor.py:161} INFO - Started process (PID=36283) to work on /Users/pablofrancoherrero/prueba_tecnica/venv/lib/python3.11/site-packages/airflow/example_dags/example_sensor_decorator.py
[2026-04-28T19:02:48.734+0200] {processor.py:830} INFO - Processing file /Users/pablofrancoherrero/prueba_tecnica/venv/lib/python3.11/site-packages/airflow/example_dags/example_sensor_decorator.py for tasks to queue
[2026-04-28T19:02:48.735+0200] {logging_mixin.py:188} INFO - [2026-04-28T19:02:48.735+0200] {dagbag.py:540} INFO - Filling up the DagBag from /Users/pablofrancoherrero/prueba_tecnica/venv/lib/python3.11/site-packages/airflow/example_dags/example_sensor_decorator.py
[2026-04-28T19:02:48.746+0200] {processor.py:840} INFO - DAG(s) 'example_sensor_decorator' retrieved from /Users/pablofrancoherrero/prueba_tecnica/venv/lib/python3.11/site-packages/airflow/example_dags/example_sensor_decorator.py
[2026-04-28T19:02:48.774+0200] {logging_mixin.py:188} INFO - [2026-04-28T19:02:48.774+0200] {dag.py:3096} INFO - Sync 1 DAGs
[2026-04-28T19:02:48.777+0200] {logging_mixin.py:188} INFO - [2026-04-28T19:02:48.777+0200] {dag.py:3954} INFO - Setting next_dagrun for example_sensor_decorator to None, run_after=None
[2026-04-28T19:02:48.782+0200] {processor.py:183} INFO - Processing /Users/pablofrancoherrero/prueba_tecnica/venv/lib/python3.11/site-packages/airflow/example_dags/example_sensor_decorator.py took 0.049 seconds
[2026-04-28T19:04:09.489+0200] {processor.py:161} INFO - Started process (PID=36350) to work on /Users/pablofrancoherrero/prueba_tecnica/venv/lib/python3.11/site-packages/airflow/example_dags/example_sensor_decorator.py
[2026-04-28T19:04:09.489+0200] {processor.py:830} INFO - Processing file /Users/pablofrancoherrero/prueba_tecnica/venv/lib/python3.11/site-packages/airflow/example_dags/example_sensor_decorator.py for tasks to queue
[2026-04-28T19:04:09.489+0200] {logging_mixin.py:188} INFO - [2026-04-28T19:04:09.489+0200] {dagbag.py:540} INFO - Filling up the DagBag from /Users/pablofrancoherrero/prueba_tecnica/venv/lib/python3.11/site-packages/airflow/example_dags/example_sensor_decorator.py
[2026-04-28T19:04:09.500+0200] {processor.py:840} INFO - DAG(s) 'example_sensor_decorator' retrieved from /Users/pablofrancoherrero/prueba_tecnica/venv/lib/python3.11/site-packages/airflow/example_dags/example_sensor_decorator.py
[2026-04-28T19:04:09.528+0200] {logging_mixin.py:188} INFO - [2026-04-28T19:04:09.528+0200] {dag.py:3096} INFO - Sync 1 DAGs
[2026-04-28T19:04:09.531+0200] {logging_mixin.py:188} INFO - [2026-04-28T19:04:09.531+0200] {dag.py:3954} INFO - Setting next_dagrun for example_sensor_decorator to None, run_after=None
[2026-04-28T19:04:09.536+0200] {processor.py:183} INFO - Processing /Users/pablofrancoherrero/prueba_tecnica/venv/lib/python3.11/site-packages/airflow/example_dags/example_sensor_decorator.py took 0.048 seconds
[2026-04-28T19:05:28.711+0200] {processor.py:161} INFO - Started process (PID=36481) to work on /Users/pablofrancoherrero/prueba_tecnica/venv/lib/python3.11/site-packages/airflow/example_dags/example_sensor_decorator.py
[2026-04-28T19:05:28.713+0200] {processor.py:830} INFO - Processing file /Users/pablofrancoherrero/prueba_tecnica/venv/lib/python3.11/site-packages/airflow/example_dags/example_sensor_decorator.py for tasks to queue
[2026-04-28T19:05:28.713+0200] {logging_mixin.py:188} INFO - [2026-04-28T19:05:28.713+0200] {dagbag.py:540} INFO - Filling up the DagBag from /Users/pablofrancoherrero/prueba_tecnica/venv/lib/python3.11/site-packages/airflow/example_dags/example_sensor_decorator.py
[2026-04-28T19:05:28.724+0200] {processor.py:840} INFO - DAG(s) 'example_sensor_decorator' retrieved from /Users/pablofrancoherrero/prueba_tecnica/venv/lib/python3.11/site-packages/airflow/example_dags/example_sensor_decorator.py
[2026-04-28T19:05:28.754+0200] {logging_mixin.py:188} INFO - [2026-04-28T19:05:28.754+0200] {dag.py:3096} INFO - Sync 1 DAGs
[2026-04-28T19:05:28.757+0200] {logging_mixin.py:188} INFO - [2026-04-28T19:05:28.757+0200] {dag.py:3954} INFO - Setting next_dagrun for example_sensor_decorator to None, run_after=None
[2026-04-28T19:05:28.762+0200] {processor.py:183} INFO - Processing /Users/pablofrancoherrero/prueba_tecnica/venv/lib/python3.11/site-packages/airflow/example_dags/example_sensor_decorator.py took 0.051 seconds
[2026-04-28T19:06:49.565+0200] {processor.py:161} INFO - Started process (PID=36551) to work on /Users/pablofrancoherrero/prueba_tecnica/venv/lib/python3.11/site-packages/airflow/example_dags/example_sensor_decorator.py
[2026-04-28T19:06:49.565+0200] {processor.py:830} INFO - Processing file /Users/pablofrancoherrero/prueba_tecnica/venv/lib/python3.11/site-packages/airflow/example_dags/example_sensor_decorator.py for tasks to queue
[2026-04-28T19:06:49.565+0200] {logging_mixin.py:188} INFO - [2026-04-28T19:06:49.565+0200] {dagbag.py:540} INFO - Filling up the DagBag from /Users/pablofrancoherrero/prueba_tecnica/venv/lib/python3.11/site-packages/airflow/example_dags/example_sensor_decorator.py
[2026-04-28T19:06:49.576+0200] {processor.py:840} INFO - DAG(s) 'example_sensor_decorator' retrieved from /Users/pablofrancoherrero/prueba_tecnica/venv/lib/python3.11/site-packages/airflow/example_dags/example_sensor_decorator.py
[2026-04-28T19:06:49.604+0200] {logging_mixin.py:188} INFO - [2026-04-28T19:06:49.604+0200] {dag.py:3096} INFO - Sync 1 DAGs
[2026-04-28T19:06:49.607+0200] {logging_mixin.py:188} INFO - [2026-04-28T19:06:49.607+0200] {dag.py:3954} INFO - Setting next_dagrun for example_sensor_decorator to None, run_after=None
[2026-04-28T19:06:49.612+0200] {processor.py:183} INFO - Processing /Users/pablofrancoherrero/prueba_tecnica/venv/lib/python3.11/site-packages/airflow/example_dags/example_sensor_decorator.py took 0.048 seconds
[2026-04-28T19:08:10.697+0200] {processor.py:161} INFO - Started process (PID=36632) to work on /Users/pablofrancoherrero/prueba_tecnica/venv/lib/python3.11/site-packages/airflow/example_dags/example_sensor_decorator.py
[2026-04-28T19:08:10.697+0200] {processor.py:830} INFO - Processing file /Users/pablofrancoherrero/prueba_tecnica/venv/lib/python3.11/site-packages/airflow/example_dags/example_sensor_decorator.py for tasks to queue
[2026-04-28T19:08:10.697+0200] {logging_mixin.py:188} INFO - [2026-04-28T19:08:10.697+0200] {dagbag.py:540} INFO - Filling up the DagBag from /Users/pablofrancoherrero/prueba_tecnica/venv/lib/python3.11/site-packages/airflow/example_dags/example_sensor_decorator.py
[2026-04-28T19:08:10.708+0200] {processor.py:840} INFO - DAG(s) 'example_sensor_decorator' retrieved from /Users/pablofrancoherrero/prueba_tecnica/venv/lib/python3.11/site-packages/airflow/example_dags/example_sensor_decorator.py
[2026-04-28T19:08:10.736+0200] {logging_mixin.py:188} INFO - [2026-04-28T19:08:10.736+0200] {dag.py:3096} INFO - Sync 1 DAGs
[2026-04-28T19:08:10.739+0200] {logging_mixin.py:188} INFO - [2026-04-28T19:08:10.739+0200] {dag.py:3954} INFO - Setting next_dagrun for example_sensor_decorator to None, run_after=None
[2026-04-28T19:08:10.744+0200] {processor.py:183} INFO - Processing /Users/pablofrancoherrero/prueba_tecnica/venv/lib/python3.11/site-packages/airflow/example_dags/example_sensor_decorator.py took 0.048 seconds
[2026-04-28T19:09:31.305+0200] {processor.py:161} INFO - Started process (PID=36719) to work on /Users/pablofrancoherrero/prueba_tecnica/venv/lib/python3.11/site-packages/airflow/example_dags/example_sensor_decorator.py
[2026-04-28T19:09:31.307+0200] {processor.py:830} INFO - Processing file /Users/pablofrancoherrero/prueba_tecnica/venv/lib/python3.11/site-packages/airflow/example_dags/example_sensor_decorator.py for tasks to queue
[2026-04-28T19:09:31.307+0200] {logging_mixin.py:188} INFO - [2026-04-28T19:09:31.307+0200] {dagbag.py:540} INFO - Filling up the DagBag from /Users/pablofrancoherrero/prueba_tecnica/venv/lib/python3.11/site-packages/airflow/example_dags/example_sensor_decorator.py
[2026-04-28T19:09:31.318+0200] {processor.py:840} INFO - DAG(s) 'example_sensor_decorator' retrieved from /Users/pablofrancoherrero/prueba_tecnica/venv/lib/python3.11/site-packages/airflow/example_dags/example_sensor_decorator.py
[2026-04-28T19:09:31.348+0200] {logging_mixin.py:188} INFO - [2026-04-28T19:09:31.348+0200] {dag.py:3096} INFO - Sync 1 DAGs
[2026-04-28T19:09:31.350+0200] {logging_mixin.py:188} INFO - [2026-04-28T19:09:31.350+0200] {dag.py:3954} INFO - Setting next_dagrun for example_sensor_decorator to None, run_after=None
[2026-04-28T19:09:31.356+0200] {processor.py:183} INFO - Processing /Users/pablofrancoherrero/prueba_tecnica/venv/lib/python3.11/site-packages/airflow/example_dags/example_sensor_decorator.py took 0.051 seconds
[2026-04-28T19:10:53.914+0200] {processor.py:161} INFO - Started process (PID=36841) to work on /Users/pablofrancoherrero/prueba_tecnica/venv/lib/python3.11/site-packages/airflow/example_dags/example_sensor_decorator.py
[2026-04-28T19:10:53.915+0200] {processor.py:830} INFO - Processing file /Users/pablofrancoherrero/prueba_tecnica/venv/lib/python3.11/site-packages/airflow/example_dags/example_sensor_decorator.py for tasks to queue
[2026-04-28T19:10:53.915+0200] {logging_mixin.py:188} INFO - [2026-04-28T19:10:53.915+0200] {dagbag.py:540} INFO - Filling up the DagBag from /Users/pablofrancoherrero/prueba_tecnica/venv/lib/python3.11/site-packages/airflow/example_dags/example_sensor_decorator.py
[2026-04-28T19:10:53.927+0200] {processor.py:840} INFO - DAG(s) 'example_sensor_decorator' retrieved from /Users/pablofrancoherrero/prueba_tecnica/venv/lib/python3.11/site-packages/airflow/example_dags/example_sensor_decorator.py
[2026-04-28T19:10:53.956+0200] {logging_mixin.py:188} INFO - [2026-04-28T19:10:53.956+0200] {dag.py:3096} INFO - Sync 1 DAGs
[2026-04-28T19:10:53.959+0200] {logging_mixin.py:188} INFO - [2026-04-28T19:10:53.959+0200] {dag.py:3954} INFO - Setting next_dagrun for example_sensor_decorator to None, run_after=None
[2026-04-28T19:10:53.964+0200] {processor.py:183} INFO - Processing /Users/pablofrancoherrero/prueba_tecnica/venv/lib/python3.11/site-packages/airflow/example_dags/example_sensor_decorator.py took 0.051 seconds
[2026-04-28T19:12:14.735+0200] {processor.py:161} INFO - Started process (PID=36930) to work on /Users/pablofrancoherrero/prueba_tecnica/venv/lib/python3.11/site-packages/airflow/example_dags/example_sensor_decorator.py
[2026-04-28T19:12:14.736+0200] {processor.py:830} INFO - Processing file /Users/pablofrancoherrero/prueba_tecnica/venv/lib/python3.11/site-packages/airflow/example_dags/example_sensor_decorator.py for tasks to queue
[2026-04-28T19:12:14.737+0200] {logging_mixin.py:188} INFO - [2026-04-28T19:12:14.737+0200] {dagbag.py:540} INFO - Filling up the DagBag from /Users/pablofrancoherrero/prueba_tecnica/venv/lib/python3.11/site-packages/airflow/example_dags/example_sensor_decorator.py
[2026-04-28T19:12:14.748+0200] {processor.py:840} INFO - DAG(s) 'example_sensor_decorator' retrieved from /Users/pablofrancoherrero/prueba_tecnica/venv/lib/python3.11/site-packages/airflow/example_dags/example_sensor_decorator.py
[2026-04-28T19:12:14.777+0200] {logging_mixin.py:188} INFO - [2026-04-28T19:12:14.777+0200] {dag.py:3096} INFO - Sync 1 DAGs
[2026-04-28T19:12:14.780+0200] {logging_mixin.py:188} INFO - [2026-04-28T19:12:14.780+0200] {dag.py:3954} INFO - Setting next_dagrun for example_sensor_decorator to None, run_after=None
[2026-04-28T19:12:14.785+0200] {processor.py:183} INFO - Processing /Users/pablofrancoherrero/prueba_tecnica/venv/lib/python3.11/site-packages/airflow/example_dags/example_sensor_decorator.py took 0.050 seconds
[2026-04-28T19:13:37.464+0200] {processor.py:161} INFO - Started process (PID=37021) to work on /Users/pablofrancoherrero/prueba_tecnica/venv/lib/python3.11/site-packages/airflow/example_dags/example_sensor_decorator.py
[2026-04-28T19:13:37.465+0200] {processor.py:830} INFO - Processing file /Users/pablofrancoherrero/prueba_tecnica/venv/lib/python3.11/site-packages/airflow/example_dags/example_sensor_decorator.py for tasks to queue
[2026-04-28T19:13:37.465+0200] {logging_mixin.py:188} INFO - [2026-04-28T19:13:37.465+0200] {dagbag.py:540} INFO - Filling up the DagBag from /Users/pablofrancoherrero/prueba_tecnica/venv/lib/python3.11/site-packages/airflow/example_dags/example_sensor_decorator.py
[2026-04-28T19:13:37.476+0200] {processor.py:840} INFO - DAG(s) 'example_sensor_decorator' retrieved from /Users/pablofrancoherrero/prueba_tecnica/venv/lib/python3.11/site-packages/airflow/example_dags/example_sensor_decorator.py
[2026-04-28T19:13:37.503+0200] {logging_mixin.py:188} INFO - [2026-04-28T19:13:37.503+0200] {dag.py:3096} INFO - Sync 1 DAGs
[2026-04-28T19:13:37.506+0200] {logging_mixin.py:188} INFO - [2026-04-28T19:13:37.506+0200] {dag.py:3954} INFO - Setting next_dagrun for example_sensor_decorator to None, run_after=None
[2026-04-28T19:13:37.511+0200] {processor.py:183} INFO - Processing /Users/pablofrancoherrero/prueba_tecnica/venv/lib/python3.11/site-packages/airflow/example_dags/example_sensor_decorator.py took 0.047 seconds
[2026-04-28T19:14:55.974+0200] {processor.py:161} INFO - Started process (PID=37109) to work on /Users/pablofrancoherrero/prueba_tecnica/venv/lib/python3.11/site-packages/airflow/example_dags/example_sensor_decorator.py
[2026-04-28T19:14:55.975+0200] {processor.py:830} INFO - Processing file /Users/pablofrancoherrero/prueba_tecnica/venv/lib/python3.11/site-packages/airflow/example_dags/example_sensor_decorator.py for tasks to queue
[2026-04-28T19:14:55.975+0200] {logging_mixin.py:188} INFO - [2026-04-28T19:14:55.975+0200] {dagbag.py:540} INFO - Filling up the DagBag from /Users/pablofrancoherrero/prueba_tecnica/venv/lib/python3.11/site-packages/airflow/example_dags/example_sensor_decorator.py
[2026-04-28T19:14:55.986+0200] {processor.py:840} INFO - DAG(s) 'example_sensor_decorator' retrieved from /Users/pablofrancoherrero/prueba_tecnica/venv/lib/python3.11/site-packages/airflow/example_dags/example_sensor_decorator.py
[2026-04-28T19:14:56.015+0200] {logging_mixin.py:188} INFO - [2026-04-28T19:14:56.015+0200] {dag.py:3096} INFO - Sync 1 DAGs
[2026-04-28T19:14:56.017+0200] {logging_mixin.py:188} INFO - [2026-04-28T19:14:56.017+0200] {dag.py:3954} INFO - Setting next_dagrun for example_sensor_decorator to None, run_after=None
[2026-04-28T19:14:56.022+0200] {processor.py:183} INFO - Processing /Users/pablofrancoherrero/prueba_tecnica/venv/lib/python3.11/site-packages/airflow/example_dags/example_sensor_decorator.py took 0.049 seconds
[2026-04-28T19:16:15.268+0200] {processor.py:161} INFO - Started process (PID=37190) to work on /Users/pablofrancoherrero/prueba_tecnica/venv/lib/python3.11/site-packages/airflow/example_dags/example_sensor_decorator.py
[2026-04-28T19:16:15.268+0200] {processor.py:830} INFO - Processing file /Users/pablofrancoherrero/prueba_tecnica/venv/lib/python3.11/site-packages/airflow/example_dags/example_sensor_decorator.py for tasks to queue
[2026-04-28T19:16:15.268+0200] {logging_mixin.py:188} INFO - [2026-04-28T19:16:15.268+0200] {dagbag.py:540} INFO - Filling up the DagBag from /Users/pablofrancoherrero/prueba_tecnica/venv/lib/python3.11/site-packages/airflow/example_dags/example_sensor_decorator.py
[2026-04-28T19:16:15.280+0200] {processor.py:840} INFO - DAG(s) 'example_sensor_decorator' retrieved from /Users/pablofrancoherrero/prueba_tecnica/venv/lib/python3.11/site-packages/airflow/example_dags/example_sensor_decorator.py
[2026-04-28T19:16:15.309+0200] {logging_mixin.py:188} INFO - [2026-04-28T19:16:15.309+0200] {dag.py:3096} INFO - Sync 1 DAGs
[2026-04-28T19:16:15.312+0200] {logging_mixin.py:188} INFO - [2026-04-28T19:16:15.312+0200] {dag.py:3954} INFO - Setting next_dagrun for example_sensor_decorator to None, run_after=None
[2026-04-28T19:16:15.317+0200] {processor.py:183} INFO - Processing /Users/pablofrancoherrero/prueba_tecnica/venv/lib/python3.11/site-packages/airflow/example_dags/example_sensor_decorator.py took 0.050 seconds
[2026-04-28T19:17:34.410+0200] {processor.py:161} INFO - Started process (PID=38828) to work on /Users/pablofrancoherrero/prueba_tecnica/venv/lib/python3.11/site-packages/airflow/example_dags/example_sensor_decorator.py
[2026-04-28T19:17:34.410+0200] {processor.py:830} INFO - Processing file /Users/pablofrancoherrero/prueba_tecnica/venv/lib/python3.11/site-packages/airflow/example_dags/example_sensor_decorator.py for tasks to queue
[2026-04-28T19:17:34.411+0200] {logging_mixin.py:188} INFO - [2026-04-28T19:17:34.410+0200] {dagbag.py:540} INFO - Filling up the DagBag from /Users/pablofrancoherrero/prueba_tecnica/venv/lib/python3.11/site-packages/airflow/example_dags/example_sensor_decorator.py
[2026-04-28T19:17:34.432+0200] {processor.py:840} INFO - DAG(s) 'example_sensor_decorator' retrieved from /Users/pablofrancoherrero/prueba_tecnica/venv/lib/python3.11/site-packages/airflow/example_dags/example_sensor_decorator.py
[2026-04-28T19:17:34.580+0200] {logging_mixin.py:188} INFO - [2026-04-28T19:17:34.580+0200] {dag.py:3096} INFO - Sync 1 DAGs
[2026-04-28T19:17:34.589+0200] {logging_mixin.py:188} INFO - [2026-04-28T19:17:34.589+0200] {dag.py:3954} INFO - Setting next_dagrun for example_sensor_decorator to None, run_after=None
[2026-04-28T19:17:34.606+0200] {processor.py:183} INFO - Processing /Users/pablofrancoherrero/prueba_tecnica/venv/lib/python3.11/site-packages/airflow/example_dags/example_sensor_decorator.py took 0.197 seconds
[2026-04-28T19:19:28.385+0200] {processor.py:161} INFO - Started process (PID=46157) to work on /Users/pablofrancoherrero/prueba_tecnica/venv/lib/python3.11/site-packages/airflow/example_dags/example_sensor_decorator.py
[2026-04-28T19:19:28.386+0200] {processor.py:830} INFO - Processing file /Users/pablofrancoherrero/prueba_tecnica/venv/lib/python3.11/site-packages/airflow/example_dags/example_sensor_decorator.py for tasks to queue
[2026-04-28T19:19:28.386+0200] {logging_mixin.py:188} INFO - [2026-04-28T19:19:28.386+0200] {dagbag.py:540} INFO - Filling up the DagBag from /Users/pablofrancoherrero/prueba_tecnica/venv/lib/python3.11/site-packages/airflow/example_dags/example_sensor_decorator.py
[2026-04-28T19:19:28.401+0200] {processor.py:840} INFO - DAG(s) 'example_sensor_decorator' retrieved from /Users/pablofrancoherrero/prueba_tecnica/venv/lib/python3.11/site-packages/airflow/example_dags/example_sensor_decorator.py
[2026-04-28T19:19:28.435+0200] {logging_mixin.py:188} INFO - [2026-04-28T19:19:28.435+0200] {dag.py:3096} INFO - Sync 1 DAGs
[2026-04-28T19:19:28.438+0200] {logging_mixin.py:188} INFO - [2026-04-28T19:19:28.438+0200] {dag.py:3954} INFO - Setting next_dagrun for example_sensor_decorator to None, run_after=None
[2026-04-28T19:19:28.444+0200] {processor.py:183} INFO - Processing /Users/pablofrancoherrero/prueba_tecnica/venv/lib/python3.11/site-packages/airflow/example_dags/example_sensor_decorator.py took 0.060 seconds
[2026-04-28T19:21:12.133+0200] {processor.py:161} INFO - Started process (PID=50312) to work on /Users/pablofrancoherrero/prueba_tecnica/venv/lib/python3.11/site-packages/airflow/example_dags/example_sensor_decorator.py
[2026-04-28T19:21:12.134+0200] {processor.py:830} INFO - Processing file /Users/pablofrancoherrero/prueba_tecnica/venv/lib/python3.11/site-packages/airflow/example_dags/example_sensor_decorator.py for tasks to queue
[2026-04-28T19:21:12.134+0200] {logging_mixin.py:188} INFO - [2026-04-28T19:21:12.134+0200] {dagbag.py:540} INFO - Filling up the DagBag from /Users/pablofrancoherrero/prueba_tecnica/venv/lib/python3.11/site-packages/airflow/example_dags/example_sensor_decorator.py
[2026-04-28T19:21:12.146+0200] {processor.py:840} INFO - DAG(s) 'example_sensor_decorator' retrieved from /Users/pablofrancoherrero/prueba_tecnica/venv/lib/python3.11/site-packages/airflow/example_dags/example_sensor_decorator.py
[2026-04-28T19:21:12.175+0200] {logging_mixin.py:188} INFO - [2026-04-28T19:21:12.175+0200] {dag.py:3096} INFO - Sync 1 DAGs
[2026-04-28T19:21:12.178+0200] {logging_mixin.py:188} INFO - [2026-04-28T19:21:12.178+0200] {dag.py:3954} INFO - Setting next_dagrun for example_sensor_decorator to None, run_after=None
[2026-04-28T19:21:12.183+0200] {processor.py:183} INFO - Processing /Users/pablofrancoherrero/prueba_tecnica/venv/lib/python3.11/site-packages/airflow/example_dags/example_sensor_decorator.py took 0.051 seconds
[2026-04-28T19:22:33.535+0200] {processor.py:161} INFO - Started process (PID=50411) to work on /Users/pablofrancoherrero/prueba_tecnica/venv/lib/python3.11/site-packages/airflow/example_dags/example_sensor_decorator.py
[2026-04-28T19:22:33.536+0200] {processor.py:830} INFO - Processing file /Users/pablofrancoherrero/prueba_tecnica/venv/lib/python3.11/site-packages/airflow/example_dags/example_sensor_decorator.py for tasks to queue
[2026-04-28T19:22:33.537+0200] {logging_mixin.py:188} INFO - [2026-04-28T19:22:33.536+0200] {dagbag.py:540} INFO - Filling up the DagBag from /Users/pablofrancoherrero/prueba_tecnica/venv/lib/python3.11/site-packages/airflow/example_dags/example_sensor_decorator.py
[2026-04-28T19:22:33.548+0200] {processor.py:840} INFO - DAG(s) 'example_sensor_decorator' retrieved from /Users/pablofrancoherrero/prueba_tecnica/venv/lib/python3.11/site-packages/airflow/example_dags/example_sensor_decorator.py
[2026-04-28T19:22:33.576+0200] {logging_mixin.py:188} INFO - [2026-04-28T19:22:33.576+0200] {dag.py:3096} INFO - Sync 1 DAGs
[2026-04-28T19:22:33.578+0200] {logging_mixin.py:188} INFO - [2026-04-28T19:22:33.578+0200] {dag.py:3954} INFO - Setting next_dagrun for example_sensor_decorator to None, run_after=None
[2026-04-28T19:22:33.583+0200] {processor.py:183} INFO - Processing /Users/pablofrancoherrero/prueba_tecnica/venv/lib/python3.11/site-packages/airflow/example_dags/example_sensor_decorator.py took 0.049 seconds
[2026-04-28T19:23:51.171+0200] {processor.py:161} INFO - Started process (PID=50505) to work on /Users/pablofrancoherrero/prueba_tecnica/venv/lib/python3.11/site-packages/airflow/example_dags/example_sensor_decorator.py
[2026-04-28T19:23:51.172+0200] {processor.py:830} INFO - Processing file /Users/pablofrancoherrero/prueba_tecnica/venv/lib/python3.11/site-packages/airflow/example_dags/example_sensor_decorator.py for tasks to queue
[2026-04-28T19:23:51.172+0200] {logging_mixin.py:188} INFO - [2026-04-28T19:23:51.172+0200] {dagbag.py:540} INFO - Filling up the DagBag from /Users/pablofrancoherrero/prueba_tecnica/venv/lib/python3.11/site-packages/airflow/example_dags/example_sensor_decorator.py
[2026-04-28T19:23:51.183+0200] {processor.py:840} INFO - DAG(s) 'example_sensor_decorator' retrieved from /Users/pablofrancoherrero/prueba_tecnica/venv/lib/python3.11/site-packages/airflow/example_dags/example_sensor_decorator.py
[2026-04-28T19:23:51.211+0200] {logging_mixin.py:188} INFO - [2026-04-28T19:23:51.211+0200] {dag.py:3096} INFO - Sync 1 DAGs
[2026-04-28T19:23:51.214+0200] {logging_mixin.py:188} INFO - [2026-04-28T19:23:51.214+0200] {dag.py:3954} INFO - Setting next_dagrun for example_sensor_decorator to None, run_after=None
[2026-04-28T19:23:51.219+0200] {processor.py:183} INFO - Processing /Users/pablofrancoherrero/prueba_tecnica/venv/lib/python3.11/site-packages/airflow/example_dags/example_sensor_decorator.py took 0.049 seconds
[2026-04-28T19:25:11.684+0200] {processor.py:161} INFO - Started process (PID=50597) to work on /Users/pablofrancoherrero/prueba_tecnica/venv/lib/python3.11/site-packages/airflow/example_dags/example_sensor_decorator.py
[2026-04-28T19:25:11.685+0200] {processor.py:830} INFO - Processing file /Users/pablofrancoherrero/prueba_tecnica/venv/lib/python3.11/site-packages/airflow/example_dags/example_sensor_decorator.py for tasks to queue
[2026-04-28T19:25:11.685+0200] {logging_mixin.py:188} INFO - [2026-04-28T19:25:11.685+0200] {dagbag.py:540} INFO - Filling up the DagBag from /Users/pablofrancoherrero/prueba_tecnica/venv/lib/python3.11/site-packages/airflow/example_dags/example_sensor_decorator.py
[2026-04-28T19:25:11.696+0200] {processor.py:840} INFO - DAG(s) 'example_sensor_decorator' retrieved from /Users/pablofrancoherrero/prueba_tecnica/venv/lib/python3.11/site-packages/airflow/example_dags/example_sensor_decorator.py
[2026-04-28T19:25:11.724+0200] {logging_mixin.py:188} INFO - [2026-04-28T19:25:11.724+0200] {dag.py:3096} INFO - Sync 1 DAGs
[2026-04-28T19:25:11.726+0200] {logging_mixin.py:188} INFO - [2026-04-28T19:25:11.726+0200] {dag.py:3954} INFO - Setting next_dagrun for example_sensor_decorator to None, run_after=None
[2026-04-28T19:25:11.731+0200] {processor.py:183} INFO - Processing /Users/pablofrancoherrero/prueba_tecnica/venv/lib/python3.11/site-packages/airflow/example_dags/example_sensor_decorator.py took 0.048 seconds
[2026-04-28T19:26:31.252+0200] {processor.py:161} INFO - Started process (PID=50698) to work on /Users/pablofrancoherrero/prueba_tecnica/venv/lib/python3.11/site-packages/airflow/example_dags/example_sensor_decorator.py
[2026-04-28T19:26:31.253+0200] {processor.py:830} INFO - Processing file /Users/pablofrancoherrero/prueba_tecnica/venv/lib/python3.11/site-packages/airflow/example_dags/example_sensor_decorator.py for tasks to queue
[2026-04-28T19:26:31.253+0200] {logging_mixin.py:188} INFO - [2026-04-28T19:26:31.253+0200] {dagbag.py:540} INFO - Filling up the DagBag from /Users/pablofrancoherrero/prueba_tecnica/venv/lib/python3.11/site-packages/airflow/example_dags/example_sensor_decorator.py
[2026-04-28T19:26:31.264+0200] {processor.py:840} INFO - DAG(s) 'example_sensor_decorator' retrieved from /Users/pablofrancoherrero/prueba_tecnica/venv/lib/python3.11/site-packages/airflow/example_dags/example_sensor_decorator.py
[2026-04-28T19:26:31.293+0200] {logging_mixin.py:188} INFO - [2026-04-28T19:26:31.293+0200] {dag.py:3096} INFO - Sync 1 DAGs
[2026-04-28T19:26:31.296+0200] {logging_mixin.py:188} INFO - [2026-04-28T19:26:31.295+0200] {dag.py:3954} INFO - Setting next_dagrun for example_sensor_decorator to None, run_after=None
[2026-04-28T19:26:31.300+0200] {processor.py:183} INFO - Processing /Users/pablofrancoherrero/prueba_tecnica/venv/lib/python3.11/site-packages/airflow/example_dags/example_sensor_decorator.py took 0.050 seconds
[2026-04-28T19:27:52.670+0200] {processor.py:161} INFO - Started process (PID=50797) to work on /Users/pablofrancoherrero/prueba_tecnica/venv/lib/python3.11/site-packages/airflow/example_dags/example_sensor_decorator.py
[2026-04-28T19:27:52.670+0200] {processor.py:830} INFO - Processing file /Users/pablofrancoherrero/prueba_tecnica/venv/lib/python3.11/site-packages/airflow/example_dags/example_sensor_decorator.py for tasks to queue
[2026-04-28T19:27:52.671+0200] {logging_mixin.py:188} INFO - [2026-04-28T19:27:52.671+0200] {dagbag.py:540} INFO - Filling up the DagBag from /Users/pablofrancoherrero/prueba_tecnica/venv/lib/python3.11/site-packages/airflow/example_dags/example_sensor_decorator.py
[2026-04-28T19:27:52.682+0200] {processor.py:840} INFO - DAG(s) 'example_sensor_decorator' retrieved from /Users/pablofrancoherrero/prueba_tecnica/venv/lib/python3.11/site-packages/airflow/example_dags/example_sensor_decorator.py
[2026-04-28T19:27:52.711+0200] {logging_mixin.py:188} INFO - [2026-04-28T19:27:52.711+0200] {dag.py:3096} INFO - Sync 1 DAGs
[2026-04-28T19:27:52.714+0200] {logging_mixin.py:188} INFO - [2026-04-28T19:27:52.714+0200] {dag.py:3954} INFO - Setting next_dagrun for example_sensor_decorator to None, run_after=None
[2026-04-28T19:27:52.719+0200] {processor.py:183} INFO - Processing /Users/pablofrancoherrero/prueba_tecnica/venv/lib/python3.11/site-packages/airflow/example_dags/example_sensor_decorator.py took 0.050 seconds
[2026-04-28T19:29:13.009+0200] {processor.py:161} INFO - Started process (PID=50900) to work on /Users/pablofrancoherrero/prueba_tecnica/venv/lib/python3.11/site-packages/airflow/example_dags/example_sensor_decorator.py
[2026-04-28T19:29:13.009+0200] {processor.py:830} INFO - Processing file /Users/pablofrancoherrero/prueba_tecnica/venv/lib/python3.11/site-packages/airflow/example_dags/example_sensor_decorator.py for tasks to queue
[2026-04-28T19:29:13.010+0200] {logging_mixin.py:188} INFO - [2026-04-28T19:29:13.010+0200] {dagbag.py:540} INFO - Filling up the DagBag from /Users/pablofrancoherrero/prueba_tecnica/venv/lib/python3.11/site-packages/airflow/example_dags/example_sensor_decorator.py
[2026-04-28T19:29:13.023+0200] {processor.py:840} INFO - DAG(s) 'example_sensor_decorator' retrieved from /Users/pablofrancoherrero/prueba_tecnica/venv/lib/python3.11/site-packages/airflow/example_dags/example_sensor_decorator.py
[2026-04-28T19:29:13.052+0200] {logging_mixin.py:188} INFO - [2026-04-28T19:29:13.052+0200] {dag.py:3096} INFO - Sync 1 DAGs
[2026-04-28T19:29:13.054+0200] {logging_mixin.py:188} INFO - [2026-04-28T19:29:13.054+0200] {dag.py:3954} INFO - Setting next_dagrun for example_sensor_decorator to None, run_after=None
[2026-04-28T19:29:13.059+0200] {processor.py:183} INFO - Processing /Users/pablofrancoherrero/prueba_tecnica/venv/lib/python3.11/site-packages/airflow/example_dags/example_sensor_decorator.py took 0.051 seconds
[2026-04-28T19:30:36.926+0200] {processor.py:161} INFO - Started process (PID=50995) to work on /Users/pablofrancoherrero/prueba_tecnica/venv/lib/python3.11/site-packages/airflow/example_dags/example_sensor_decorator.py
[2026-04-28T19:30:36.927+0200] {processor.py:830} INFO - Processing file /Users/pablofrancoherrero/prueba_tecnica/venv/lib/python3.11/site-packages/airflow/example_dags/example_sensor_decorator.py for tasks to queue
[2026-04-28T19:30:36.927+0200] {logging_mixin.py:188} INFO - [2026-04-28T19:30:36.927+0200] {dagbag.py:540} INFO - Filling up the DagBag from /Users/pablofrancoherrero/prueba_tecnica/venv/lib/python3.11/site-packages/airflow/example_dags/example_sensor_decorator.py
[2026-04-28T19:30:36.938+0200] {processor.py:840} INFO - DAG(s) 'example_sensor_decorator' retrieved from /Users/pablofrancoherrero/prueba_tecnica/venv/lib/python3.11/site-packages/airflow/example_dags/example_sensor_decorator.py
[2026-04-28T19:30:36.967+0200] {logging_mixin.py:188} INFO - [2026-04-28T19:30:36.967+0200] {dag.py:3096} INFO - Sync 1 DAGs
[2026-04-28T19:30:36.970+0200] {logging_mixin.py:188} INFO - [2026-04-28T19:30:36.970+0200] {dag.py:3954} INFO - Setting next_dagrun for example_sensor_decorator to None, run_after=None
[2026-04-28T19:30:36.975+0200] {processor.py:183} INFO - Processing /Users/pablofrancoherrero/prueba_tecnica/venv/lib/python3.11/site-packages/airflow/example_dags/example_sensor_decorator.py took 0.050 seconds
[2026-04-28T19:31:57.516+0200] {processor.py:161} INFO - Started process (PID=51088) to work on /Users/pablofrancoherrero/prueba_tecnica/venv/lib/python3.11/site-packages/airflow/example_dags/example_sensor_decorator.py
[2026-04-28T19:31:57.517+0200] {processor.py:830} INFO - Processing file /Users/pablofrancoherrero/prueba_tecnica/venv/lib/python3.11/site-packages/airflow/example_dags/example_sensor_decorator.py for tasks to queue
[2026-04-28T19:31:57.517+0200] {logging_mixin.py:188} INFO - [2026-04-28T19:31:57.517+0200] {dagbag.py:540} INFO - Filling up the DagBag from /Users/pablofrancoherrero/prueba_tecnica/venv/lib/python3.11/site-packages/airflow/example_dags/example_sensor_decorator.py
[2026-04-28T19:31:57.528+0200] {processor.py:840} INFO - DAG(s) 'example_sensor_decorator' retrieved from /Users/pablofrancoherrero/prueba_tecnica/venv/lib/python3.11/site-packages/airflow/example_dags/example_sensor_decorator.py
[2026-04-28T19:31:57.556+0200] {logging_mixin.py:188} INFO - [2026-04-28T19:31:57.556+0200] {dag.py:3096} INFO - Sync 1 DAGs
[2026-04-28T19:31:57.559+0200] {logging_mixin.py:188} INFO - [2026-04-28T19:31:57.559+0200] {dag.py:3954} INFO - Setting next_dagrun for example_sensor_decorator to None, run_after=None
[2026-04-28T19:31:57.564+0200] {processor.py:183} INFO - Processing /Users/pablofrancoherrero/prueba_tecnica/venv/lib/python3.11/site-packages/airflow/example_dags/example_sensor_decorator.py took 0.048 seconds
[2026-04-28T19:33:16.764+0200] {processor.py:161} INFO - Started process (PID=51185) to work on /Users/pablofrancoherrero/prueba_tecnica/venv/lib/python3.11/site-packages/airflow/example_dags/example_sensor_decorator.py
[2026-04-28T19:33:16.765+0200] {processor.py:830} INFO - Processing file /Users/pablofrancoherrero/prueba_tecnica/venv/lib/python3.11/site-packages/airflow/example_dags/example_sensor_decorator.py for tasks to queue
[2026-04-28T19:33:16.765+0200] {logging_mixin.py:188} INFO - [2026-04-28T19:33:16.765+0200] {dagbag.py:540} INFO - Filling up the DagBag from /Users/pablofrancoherrero/prueba_tecnica/venv/lib/python3.11/site-packages/airflow/example_dags/example_sensor_decorator.py
[2026-04-28T19:33:16.776+0200] {processor.py:840} INFO - DAG(s) 'example_sensor_decorator' retrieved from /Users/pablofrancoherrero/prueba_tecnica/venv/lib/python3.11/site-packages/airflow/example_dags/example_sensor_decorator.py
[2026-04-28T19:33:16.804+0200] {logging_mixin.py:188} INFO - [2026-04-28T19:33:16.804+0200] {dag.py:3096} INFO - Sync 1 DAGs
[2026-04-28T19:33:16.807+0200] {logging_mixin.py:188} INFO - [2026-04-28T19:33:16.807+0200] {dag.py:3954} INFO - Setting next_dagrun for example_sensor_decorator to None, run_after=None
[2026-04-28T19:33:16.812+0200] {processor.py:183} INFO - Processing /Users/pablofrancoherrero/prueba_tecnica/venv/lib/python3.11/site-packages/airflow/example_dags/example_sensor_decorator.py took 0.049 seconds
[2026-04-28T19:34:40.447+0200] {processor.py:161} INFO - Started process (PID=51291) to work on /Users/pablofrancoherrero/prueba_tecnica/venv/lib/python3.11/site-packages/airflow/example_dags/example_sensor_decorator.py
[2026-04-28T19:34:40.448+0200] {processor.py:830} INFO - Processing file /Users/pablofrancoherrero/prueba_tecnica/venv/lib/python3.11/site-packages/airflow/example_dags/example_sensor_decorator.py for tasks to queue
[2026-04-28T19:34:40.448+0200] {logging_mixin.py:188} INFO - [2026-04-28T19:34:40.448+0200] {dagbag.py:540} INFO - Filling up the DagBag from /Users/pablofrancoherrero/prueba_tecnica/venv/lib/python3.11/site-packages/airflow/example_dags/example_sensor_decorator.py
[2026-04-28T19:34:40.459+0200] {processor.py:840} INFO - DAG(s) 'example_sensor_decorator' retrieved from /Users/pablofrancoherrero/prueba_tecnica/venv/lib/python3.11/site-packages/airflow/example_dags/example_sensor_decorator.py
[2026-04-28T19:34:40.488+0200] {logging_mixin.py:188} INFO - [2026-04-28T19:34:40.488+0200] {dag.py:3096} INFO - Sync 1 DAGs
[2026-04-28T19:34:40.491+0200] {logging_mixin.py:188} INFO - [2026-04-28T19:34:40.491+0200] {dag.py:3954} INFO - Setting next_dagrun for example_sensor_decorator to None, run_after=None
[2026-04-28T19:34:40.495+0200] {processor.py:183} INFO - Processing /Users/pablofrancoherrero/prueba_tecnica/venv/lib/python3.11/site-packages/airflow/example_dags/example_sensor_decorator.py took 0.049 seconds
[2026-04-28T19:36:01.903+0200] {processor.py:161} INFO - Started process (PID=51401) to work on /Users/pablofrancoherrero/prueba_tecnica/venv/lib/python3.11/site-packages/airflow/example_dags/example_sensor_decorator.py
[2026-04-28T19:36:01.903+0200] {processor.py:830} INFO - Processing file /Users/pablofrancoherrero/prueba_tecnica/venv/lib/python3.11/site-packages/airflow/example_dags/example_sensor_decorator.py for tasks to queue
[2026-04-28T19:36:01.904+0200] {logging_mixin.py:188} INFO - [2026-04-28T19:36:01.903+0200] {dagbag.py:540} INFO - Filling up the DagBag from /Users/pablofrancoherrero/prueba_tecnica/venv/lib/python3.11/site-packages/airflow/example_dags/example_sensor_decorator.py
[2026-04-28T19:36:01.915+0200] {processor.py:840} INFO - DAG(s) 'example_sensor_decorator' retrieved from /Users/pablofrancoherrero/prueba_tecnica/venv/lib/python3.11/site-packages/airflow/example_dags/example_sensor_decorator.py
[2026-04-28T19:36:01.945+0200] {logging_mixin.py:188} INFO - [2026-04-28T19:36:01.945+0200] {dag.py:3096} INFO - Sync 1 DAGs
[2026-04-28T19:36:01.948+0200] {logging_mixin.py:188} INFO - [2026-04-28T19:36:01.947+0200] {dag.py:3954} INFO - Setting next_dagrun for example_sensor_decorator to None, run_after=None
[2026-04-28T19:36:01.952+0200] {processor.py:183} INFO - Processing /Users/pablofrancoherrero/prueba_tecnica/venv/lib/python3.11/site-packages/airflow/example_dags/example_sensor_decorator.py took 0.051 seconds
[2026-04-28T19:37:17.948+0200] {processor.py:161} INFO - Started process (PID=51511) to work on /Users/pablofrancoherrero/prueba_tecnica/venv/lib/python3.11/site-packages/airflow/example_dags/example_sensor_decorator.py
[2026-04-28T19:37:17.949+0200] {processor.py:830} INFO - Processing file /Users/pablofrancoherrero/prueba_tecnica/venv/lib/python3.11/site-packages/airflow/example_dags/example_sensor_decorator.py for tasks to queue
[2026-04-28T19:37:17.949+0200] {logging_mixin.py:188} INFO - [2026-04-28T19:37:17.949+0200] {dagbag.py:540} INFO - Filling up the DagBag from /Users/pablofrancoherrero/prueba_tecnica/venv/lib/python3.11/site-packages/airflow/example_dags/example_sensor_decorator.py
[2026-04-28T19:37:17.961+0200] {processor.py:840} INFO - DAG(s) 'example_sensor_decorator' retrieved from /Users/pablofrancoherrero/prueba_tecnica/venv/lib/python3.11/site-packages/airflow/example_dags/example_sensor_decorator.py
[2026-04-28T19:37:17.989+0200] {logging_mixin.py:188} INFO - [2026-04-28T19:37:17.989+0200] {dag.py:3096} INFO - Sync 1 DAGs
[2026-04-28T19:37:17.992+0200] {logging_mixin.py:188} INFO - [2026-04-28T19:37:17.992+0200] {dag.py:3954} INFO - Setting next_dagrun for example_sensor_decorator to None, run_after=None
[2026-04-28T19:37:17.997+0200] {processor.py:183} INFO - Processing /Users/pablofrancoherrero/prueba_tecnica/venv/lib/python3.11/site-packages/airflow/example_dags/example_sensor_decorator.py took 0.049 seconds
[2026-04-28T19:38:42.137+0200] {processor.py:161} INFO - Started process (PID=51599) to work on /Users/pablofrancoherrero/prueba_tecnica/venv/lib/python3.11/site-packages/airflow/example_dags/example_sensor_decorator.py
[2026-04-28T19:38:42.138+0200] {processor.py:830} INFO - Processing file /Users/pablofrancoherrero/prueba_tecnica/venv/lib/python3.11/site-packages/airflow/example_dags/example_sensor_decorator.py for tasks to queue
[2026-04-28T19:38:42.138+0200] {logging_mixin.py:188} INFO - [2026-04-28T19:38:42.138+0200] {dagbag.py:540} INFO - Filling up the DagBag from /Users/pablofrancoherrero/prueba_tecnica/venv/lib/python3.11/site-packages/airflow/example_dags/example_sensor_decorator.py
[2026-04-28T19:38:42.149+0200] {processor.py:840} INFO - DAG(s) 'example_sensor_decorator' retrieved from /Users/pablofrancoherrero/prueba_tecnica/venv/lib/python3.11/site-packages/airflow/example_dags/example_sensor_decorator.py
[2026-04-28T19:38:42.177+0200] {logging_mixin.py:188} INFO - [2026-04-28T19:38:42.177+0200] {dag.py:3096} INFO - Sync 1 DAGs
[2026-04-28T19:38:42.180+0200] {logging_mixin.py:188} INFO - [2026-04-28T19:38:42.180+0200] {dag.py:3954} INFO - Setting next_dagrun for example_sensor_decorator to None, run_after=None
[2026-04-28T19:38:42.185+0200] {processor.py:183} INFO - Processing /Users/pablofrancoherrero/prueba_tecnica/venv/lib/python3.11/site-packages/airflow/example_dags/example_sensor_decorator.py took 0.048 seconds
[2026-04-28T19:40:02.217+0200] {processor.py:161} INFO - Started process (PID=51723) to work on /Users/pablofrancoherrero/prueba_tecnica/venv/lib/python3.11/site-packages/airflow/example_dags/example_sensor_decorator.py
[2026-04-28T19:40:02.218+0200] {processor.py:830} INFO - Processing file /Users/pablofrancoherrero/prueba_tecnica/venv/lib/python3.11/site-packages/airflow/example_dags/example_sensor_decorator.py for tasks to queue
[2026-04-28T19:40:02.219+0200] {logging_mixin.py:188} INFO - [2026-04-28T19:40:02.219+0200] {dagbag.py:540} INFO - Filling up the DagBag from /Users/pablofrancoherrero/prueba_tecnica/venv/lib/python3.11/site-packages/airflow/example_dags/example_sensor_decorator.py
[2026-04-28T19:40:02.230+0200] {processor.py:840} INFO - DAG(s) 'example_sensor_decorator' retrieved from /Users/pablofrancoherrero/prueba_tecnica/venv/lib/python3.11/site-packages/airflow/example_dags/example_sensor_decorator.py
[2026-04-28T19:40:02.258+0200] {logging_mixin.py:188} INFO - [2026-04-28T19:40:02.258+0200] {dag.py:3096} INFO - Sync 1 DAGs
[2026-04-28T19:40:02.260+0200] {logging_mixin.py:188} INFO - [2026-04-28T19:40:02.260+0200] {dag.py:3954} INFO - Setting next_dagrun for example_sensor_decorator to None, run_after=None
[2026-04-28T19:40:02.265+0200] {processor.py:183} INFO - Processing /Users/pablofrancoherrero/prueba_tecnica/venv/lib/python3.11/site-packages/airflow/example_dags/example_sensor_decorator.py took 0.048 seconds
[2026-04-28T19:41:23.167+0200] {processor.py:161} INFO - Started process (PID=51833) to work on /Users/pablofrancoherrero/prueba_tecnica/venv/lib/python3.11/site-packages/airflow/example_dags/example_sensor_decorator.py
[2026-04-28T19:41:23.167+0200] {processor.py:830} INFO - Processing file /Users/pablofrancoherrero/prueba_tecnica/venv/lib/python3.11/site-packages/airflow/example_dags/example_sensor_decorator.py for tasks to queue
[2026-04-28T19:41:23.168+0200] {logging_mixin.py:188} INFO - [2026-04-28T19:41:23.168+0200] {dagbag.py:540} INFO - Filling up the DagBag from /Users/pablofrancoherrero/prueba_tecnica/venv/lib/python3.11/site-packages/airflow/example_dags/example_sensor_decorator.py
[2026-04-28T19:41:23.179+0200] {processor.py:840} INFO - DAG(s) 'example_sensor_decorator' retrieved from /Users/pablofrancoherrero/prueba_tecnica/venv/lib/python3.11/site-packages/airflow/example_dags/example_sensor_decorator.py
[2026-04-28T19:41:23.208+0200] {logging_mixin.py:188} INFO - [2026-04-28T19:41:23.208+0200] {dag.py:3096} INFO - Sync 1 DAGs
[2026-04-28T19:41:23.210+0200] {logging_mixin.py:188} INFO - [2026-04-28T19:41:23.210+0200] {dag.py:3954} INFO - Setting next_dagrun for example_sensor_decorator to None, run_after=None
[2026-04-28T19:41:23.215+0200] {processor.py:183} INFO - Processing /Users/pablofrancoherrero/prueba_tecnica/venv/lib/python3.11/site-packages/airflow/example_dags/example_sensor_decorator.py took 0.049 seconds
[2026-04-28T19:42:45.080+0200] {processor.py:161} INFO - Started process (PID=51906) to work on /Users/pablofrancoherrero/prueba_tecnica/venv/lib/python3.11/site-packages/airflow/example_dags/example_sensor_decorator.py
[2026-04-28T19:42:45.080+0200] {processor.py:830} INFO - Processing file /Users/pablofrancoherrero/prueba_tecnica/venv/lib/python3.11/site-packages/airflow/example_dags/example_sensor_decorator.py for tasks to queue
[2026-04-28T19:42:45.081+0200] {logging_mixin.py:188} INFO - [2026-04-28T19:42:45.081+0200] {dagbag.py:540} INFO - Filling up the DagBag from /Users/pablofrancoherrero/prueba_tecnica/venv/lib/python3.11/site-packages/airflow/example_dags/example_sensor_decorator.py
[2026-04-28T19:42:45.092+0200] {processor.py:840} INFO - DAG(s) 'example_sensor_decorator' retrieved from /Users/pablofrancoherrero/prueba_tecnica/venv/lib/python3.11/site-packages/airflow/example_dags/example_sensor_decorator.py
[2026-04-28T19:42:45.121+0200] {logging_mixin.py:188} INFO - [2026-04-28T19:42:45.120+0200] {dag.py:3096} INFO - Sync 1 DAGs
[2026-04-28T19:42:45.123+0200] {logging_mixin.py:188} INFO - [2026-04-28T19:42:45.123+0200] {dag.py:3954} INFO - Setting next_dagrun for example_sensor_decorator to None, run_after=None
[2026-04-28T19:42:45.128+0200] {processor.py:183} INFO - Processing /Users/pablofrancoherrero/prueba_tecnica/venv/lib/python3.11/site-packages/airflow/example_dags/example_sensor_decorator.py took 0.049 seconds
[2026-04-28T19:44:07.864+0200] {processor.py:161} INFO - Started process (PID=52014) to work on /Users/pablofrancoherrero/prueba_tecnica/venv/lib/python3.11/site-packages/airflow/example_dags/example_sensor_decorator.py
[2026-04-28T19:44:07.865+0200] {processor.py:830} INFO - Processing file /Users/pablofrancoherrero/prueba_tecnica/venv/lib/python3.11/site-packages/airflow/example_dags/example_sensor_decorator.py for tasks to queue
[2026-04-28T19:44:07.865+0200] {logging_mixin.py:188} INFO - [2026-04-28T19:44:07.865+0200] {dagbag.py:540} INFO - Filling up the DagBag from /Users/pablofrancoherrero/prueba_tecnica/venv/lib/python3.11/site-packages/airflow/example_dags/example_sensor_decorator.py
[2026-04-28T19:44:07.877+0200] {processor.py:840} INFO - DAG(s) 'example_sensor_decorator' retrieved from /Users/pablofrancoherrero/prueba_tecnica/venv/lib/python3.11/site-packages/airflow/example_dags/example_sensor_decorator.py
[2026-04-28T19:44:07.907+0200] {logging_mixin.py:188} INFO - [2026-04-28T19:44:07.907+0200] {dag.py:3096} INFO - Sync 1 DAGs
[2026-04-28T19:44:07.909+0200] {logging_mixin.py:188} INFO - [2026-04-28T19:44:07.909+0200] {dag.py:3954} INFO - Setting next_dagrun for example_sensor_decorator to None, run_after=None
[2026-04-28T19:44:07.914+0200] {processor.py:183} INFO - Processing /Users/pablofrancoherrero/prueba_tecnica/venv/lib/python3.11/site-packages/airflow/example_dags/example_sensor_decorator.py took 0.051 seconds
[2026-04-28T19:45:30.813+0200] {processor.py:161} INFO - Started process (PID=52127) to work on /Users/pablofrancoherrero/prueba_tecnica/venv/lib/python3.11/site-packages/airflow/example_dags/example_sensor_decorator.py
[2026-04-28T19:45:30.814+0200] {processor.py:830} INFO - Processing file /Users/pablofrancoherrero/prueba_tecnica/venv/lib/python3.11/site-packages/airflow/example_dags/example_sensor_decorator.py for tasks to queue
[2026-04-28T19:45:30.814+0200] {logging_mixin.py:188} INFO - [2026-04-28T19:45:30.814+0200] {dagbag.py:540} INFO - Filling up the DagBag from /Users/pablofrancoherrero/prueba_tecnica/venv/lib/python3.11/site-packages/airflow/example_dags/example_sensor_decorator.py
[2026-04-28T19:45:30.826+0200] {processor.py:840} INFO - DAG(s) 'example_sensor_decorator' retrieved from /Users/pablofrancoherrero/prueba_tecnica/venv/lib/python3.11/site-packages/airflow/example_dags/example_sensor_decorator.py
[2026-04-28T19:45:30.854+0200] {logging_mixin.py:188} INFO - [2026-04-28T19:45:30.854+0200] {dag.py:3096} INFO - Sync 1 DAGs
[2026-04-28T19:45:30.857+0200] {logging_mixin.py:188} INFO - [2026-04-28T19:45:30.857+0200] {dag.py:3954} INFO - Setting next_dagrun for example_sensor_decorator to None, run_after=None
[2026-04-28T19:45:30.863+0200] {processor.py:183} INFO - Processing /Users/pablofrancoherrero/prueba_tecnica/venv/lib/python3.11/site-packages/airflow/example_dags/example_sensor_decorator.py took 0.050 seconds
[2026-04-28T19:46:49.232+0200] {processor.py:161} INFO - Started process (PID=52247) to work on /Users/pablofrancoherrero/prueba_tecnica/venv/lib/python3.11/site-packages/airflow/example_dags/example_sensor_decorator.py
[2026-04-28T19:46:49.233+0200] {processor.py:830} INFO - Processing file /Users/pablofrancoherrero/prueba_tecnica/venv/lib/python3.11/site-packages/airflow/example_dags/example_sensor_decorator.py for tasks to queue
[2026-04-28T19:46:49.233+0200] {logging_mixin.py:188} INFO - [2026-04-28T19:46:49.233+0200] {dagbag.py:540} INFO - Filling up the DagBag from /Users/pablofrancoherrero/prueba_tecnica/venv/lib/python3.11/site-packages/airflow/example_dags/example_sensor_decorator.py
[2026-04-28T19:46:49.245+0200] {processor.py:840} INFO - DAG(s) 'example_sensor_decorator' retrieved from /Users/pablofrancoherrero/prueba_tecnica/venv/lib/python3.11/site-packages/airflow/example_dags/example_sensor_decorator.py
[2026-04-28T19:46:49.274+0200] {logging_mixin.py:188} INFO - [2026-04-28T19:46:49.274+0200] {dag.py:3096} INFO - Sync 1 DAGs
[2026-04-28T19:46:49.276+0200] {logging_mixin.py:188} INFO - [2026-04-28T19:46:49.276+0200] {dag.py:3954} INFO - Setting next_dagrun for example_sensor_decorator to None, run_after=None
[2026-04-28T19:46:49.281+0200] {processor.py:183} INFO - Processing /Users/pablofrancoherrero/prueba_tecnica/venv/lib/python3.11/site-packages/airflow/example_dags/example_sensor_decorator.py took 0.050 seconds
[2026-04-28T19:48:09.760+0200] {processor.py:161} INFO - Started process (PID=52346) to work on /Users/pablofrancoherrero/prueba_tecnica/venv/lib/python3.11/site-packages/airflow/example_dags/example_sensor_decorator.py
[2026-04-28T19:48:09.760+0200] {processor.py:830} INFO - Processing file /Users/pablofrancoherrero/prueba_tecnica/venv/lib/python3.11/site-packages/airflow/example_dags/example_sensor_decorator.py for tasks to queue
[2026-04-28T19:48:09.760+0200] {logging_mixin.py:188} INFO - [2026-04-28T19:48:09.760+0200] {dagbag.py:540} INFO - Filling up the DagBag from /Users/pablofrancoherrero/prueba_tecnica/venv/lib/python3.11/site-packages/airflow/example_dags/example_sensor_decorator.py
[2026-04-28T19:48:09.772+0200] {processor.py:840} INFO - DAG(s) 'example_sensor_decorator' retrieved from /Users/pablofrancoherrero/prueba_tecnica/venv/lib/python3.11/site-packages/airflow/example_dags/example_sensor_decorator.py
[2026-04-28T19:48:09.801+0200] {logging_mixin.py:188} INFO - [2026-04-28T19:48:09.800+0200] {dag.py:3096} INFO - Sync 1 DAGs
[2026-04-28T19:48:09.803+0200] {logging_mixin.py:188} INFO - [2026-04-28T19:48:09.803+0200] {dag.py:3954} INFO - Setting next_dagrun for example_sensor_decorator to None, run_after=None
[2026-04-28T19:48:09.808+0200] {processor.py:183} INFO - Processing /Users/pablofrancoherrero/prueba_tecnica/venv/lib/python3.11/site-packages/airflow/example_dags/example_sensor_decorator.py took 0.049 seconds
[2026-04-28T19:49:29.503+0200] {processor.py:161} INFO - Started process (PID=52442) to work on /Users/pablofrancoherrero/prueba_tecnica/venv/lib/python3.11/site-packages/airflow/example_dags/example_sensor_decorator.py
[2026-04-28T19:49:29.503+0200] {processor.py:830} INFO - Processing file /Users/pablofrancoherrero/prueba_tecnica/venv/lib/python3.11/site-packages/airflow/example_dags/example_sensor_decorator.py for tasks to queue
[2026-04-28T19:49:29.504+0200] {logging_mixin.py:188} INFO - [2026-04-28T19:49:29.504+0200] {dagbag.py:540} INFO - Filling up the DagBag from /Users/pablofrancoherrero/prueba_tecnica/venv/lib/python3.11/site-packages/airflow/example_dags/example_sensor_decorator.py
[2026-04-28T19:49:29.515+0200] {processor.py:840} INFO - DAG(s) 'example_sensor_decorator' retrieved from /Users/pablofrancoherrero/prueba_tecnica/venv/lib/python3.11/site-packages/airflow/example_dags/example_sensor_decorator.py
[2026-04-28T19:49:29.545+0200] {logging_mixin.py:188} INFO - [2026-04-28T19:49:29.545+0200] {dag.py:3096} INFO - Sync 1 DAGs
[2026-04-28T19:49:29.548+0200] {logging_mixin.py:188} INFO - [2026-04-28T19:49:29.547+0200] {dag.py:3954} INFO - Setting next_dagrun for example_sensor_decorator to None, run_after=None
[2026-04-28T19:49:29.552+0200] {processor.py:183} INFO - Processing /Users/pablofrancoherrero/prueba_tecnica/venv/lib/python3.11/site-packages/airflow/example_dags/example_sensor_decorator.py took 0.051 seconds
[2026-04-28T19:50:52.627+0200] {processor.py:161} INFO - Started process (PID=52552) to work on /Users/pablofrancoherrero/prueba_tecnica/venv/lib/python3.11/site-packages/airflow/example_dags/example_sensor_decorator.py
[2026-04-28T19:50:52.627+0200] {processor.py:830} INFO - Processing file /Users/pablofrancoherrero/prueba_tecnica/venv/lib/python3.11/site-packages/airflow/example_dags/example_sensor_decorator.py for tasks to queue
[2026-04-28T19:50:52.628+0200] {logging_mixin.py:188} INFO - [2026-04-28T19:50:52.628+0200] {dagbag.py:540} INFO - Filling up the DagBag from /Users/pablofrancoherrero/prueba_tecnica/venv/lib/python3.11/site-packages/airflow/example_dags/example_sensor_decorator.py
[2026-04-28T19:50:52.640+0200] {processor.py:840} INFO - DAG(s) 'example_sensor_decorator' retrieved from /Users/pablofrancoherrero/prueba_tecnica/venv/lib/python3.11/site-packages/airflow/example_dags/example_sensor_decorator.py
[2026-04-28T19:50:52.670+0200] {logging_mixin.py:188} INFO - [2026-04-28T19:50:52.670+0200] {dag.py:3096} INFO - Sync 1 DAGs
[2026-04-28T19:50:52.673+0200] {logging_mixin.py:188} INFO - [2026-04-28T19:50:52.673+0200] {dag.py:3954} INFO - Setting next_dagrun for example_sensor_decorator to None, run_after=None
[2026-04-28T19:50:52.678+0200] {processor.py:183} INFO - Processing /Users/pablofrancoherrero/prueba_tecnica/venv/lib/python3.11/site-packages/airflow/example_dags/example_sensor_decorator.py took 0.052 seconds
[2026-04-28T19:52:11.576+0200] {processor.py:161} INFO - Started process (PID=52624) to work on /Users/pablofrancoherrero/prueba_tecnica/venv/lib/python3.11/site-packages/airflow/example_dags/example_sensor_decorator.py
[2026-04-28T19:52:11.577+0200] {processor.py:830} INFO - Processing file /Users/pablofrancoherrero/prueba_tecnica/venv/lib/python3.11/site-packages/airflow/example_dags/example_sensor_decorator.py for tasks to queue
[2026-04-28T19:52:11.577+0200] {logging_mixin.py:188} INFO - [2026-04-28T19:52:11.577+0200] {dagbag.py:540} INFO - Filling up the DagBag from /Users/pablofrancoherrero/prueba_tecnica/venv/lib/python3.11/site-packages/airflow/example_dags/example_sensor_decorator.py
[2026-04-28T19:52:11.588+0200] {processor.py:840} INFO - DAG(s) 'example_sensor_decorator' retrieved from /Users/pablofrancoherrero/prueba_tecnica/venv/lib/python3.11/site-packages/airflow/example_dags/example_sensor_decorator.py
[2026-04-28T19:52:11.616+0200] {logging_mixin.py:188} INFO - [2026-04-28T19:52:11.616+0200] {dag.py:3096} INFO - Sync 1 DAGs
[2026-04-28T19:52:11.619+0200] {logging_mixin.py:188} INFO - [2026-04-28T19:52:11.619+0200] {dag.py:3954} INFO - Setting next_dagrun for example_sensor_decorator to None, run_after=None
[2026-04-28T19:52:11.624+0200] {processor.py:183} INFO - Processing /Users/pablofrancoherrero/prueba_tecnica/venv/lib/python3.11/site-packages/airflow/example_dags/example_sensor_decorator.py took 0.049 seconds
[2026-04-28T19:53:34.141+0200] {processor.py:161} INFO - Started process (PID=52698) to work on /Users/pablofrancoherrero/prueba_tecnica/venv/lib/python3.11/site-packages/airflow/example_dags/example_sensor_decorator.py
[2026-04-28T19:53:34.141+0200] {processor.py:830} INFO - Processing file /Users/pablofrancoherrero/prueba_tecnica/venv/lib/python3.11/site-packages/airflow/example_dags/example_sensor_decorator.py for tasks to queue
[2026-04-28T19:53:34.142+0200] {logging_mixin.py:188} INFO - [2026-04-28T19:53:34.142+0200] {dagbag.py:540} INFO - Filling up the DagBag from /Users/pablofrancoherrero/prueba_tecnica/venv/lib/python3.11/site-packages/airflow/example_dags/example_sensor_decorator.py
[2026-04-28T19:53:34.153+0200] {processor.py:840} INFO - DAG(s) 'example_sensor_decorator' retrieved from /Users/pablofrancoherrero/prueba_tecnica/venv/lib/python3.11/site-packages/airflow/example_dags/example_sensor_decorator.py
[2026-04-28T19:53:34.180+0200] {logging_mixin.py:188} INFO - [2026-04-28T19:53:34.180+0200] {dag.py:3096} INFO - Sync 1 DAGs
[2026-04-28T19:53:34.183+0200] {logging_mixin.py:188} INFO - [2026-04-28T19:53:34.183+0200] {dag.py:3954} INFO - Setting next_dagrun for example_sensor_decorator to None, run_after=None
[2026-04-28T19:53:34.188+0200] {processor.py:183} INFO - Processing /Users/pablofrancoherrero/prueba_tecnica/venv/lib/python3.11/site-packages/airflow/example_dags/example_sensor_decorator.py took 0.048 seconds
[2026-04-28T19:54:51.865+0200] {processor.py:161} INFO - Started process (PID=52768) to work on /Users/pablofrancoherrero/prueba_tecnica/venv/lib/python3.11/site-packages/airflow/example_dags/example_sensor_decorator.py
[2026-04-28T19:54:51.866+0200] {processor.py:830} INFO - Processing file /Users/pablofrancoherrero/prueba_tecnica/venv/lib/python3.11/site-packages/airflow/example_dags/example_sensor_decorator.py for tasks to queue
[2026-04-28T19:54:51.866+0200] {logging_mixin.py:188} INFO - [2026-04-28T19:54:51.866+0200] {dagbag.py:540} INFO - Filling up the DagBag from /Users/pablofrancoherrero/prueba_tecnica/venv/lib/python3.11/site-packages/airflow/example_dags/example_sensor_decorator.py
[2026-04-28T19:54:51.877+0200] {processor.py:840} INFO - DAG(s) 'example_sensor_decorator' retrieved from /Users/pablofrancoherrero/prueba_tecnica/venv/lib/python3.11/site-packages/airflow/example_dags/example_sensor_decorator.py
[2026-04-28T19:54:51.906+0200] {logging_mixin.py:188} INFO - [2026-04-28T19:54:51.906+0200] {dag.py:3096} INFO - Sync 1 DAGs
[2026-04-28T19:54:51.909+0200] {logging_mixin.py:188} INFO - [2026-04-28T19:54:51.909+0200] {dag.py:3954} INFO - Setting next_dagrun for example_sensor_decorator to None, run_after=None
[2026-04-28T19:54:51.914+0200] {processor.py:183} INFO - Processing /Users/pablofrancoherrero/prueba_tecnica/venv/lib/python3.11/site-packages/airflow/example_dags/example_sensor_decorator.py took 0.050 seconds
[2026-04-28T19:56:16.748+0200] {processor.py:161} INFO - Started process (PID=52862) to work on /Users/pablofrancoherrero/prueba_tecnica/venv/lib/python3.11/site-packages/airflow/example_dags/example_sensor_decorator.py
[2026-04-28T19:56:16.749+0200] {processor.py:830} INFO - Processing file /Users/pablofrancoherrero/prueba_tecnica/venv/lib/python3.11/site-packages/airflow/example_dags/example_sensor_decorator.py for tasks to queue
[2026-04-28T19:56:16.749+0200] {logging_mixin.py:188} INFO - [2026-04-28T19:56:16.749+0200] {dagbag.py:540} INFO - Filling up the DagBag from /Users/pablofrancoherrero/prueba_tecnica/venv/lib/python3.11/site-packages/airflow/example_dags/example_sensor_decorator.py
[2026-04-28T19:56:16.761+0200] {processor.py:840} INFO - DAG(s) 'example_sensor_decorator' retrieved from /Users/pablofrancoherrero/prueba_tecnica/venv/lib/python3.11/site-packages/airflow/example_dags/example_sensor_decorator.py
[2026-04-28T19:56:16.789+0200] {logging_mixin.py:188} INFO - [2026-04-28T19:56:16.789+0200] {dag.py:3096} INFO - Sync 1 DAGs
[2026-04-28T19:56:16.791+0200] {logging_mixin.py:188} INFO - [2026-04-28T19:56:16.791+0200] {dag.py:3954} INFO - Setting next_dagrun for example_sensor_decorator to None, run_after=None
[2026-04-28T19:56:16.796+0200] {processor.py:183} INFO - Processing /Users/pablofrancoherrero/prueba_tecnica/venv/lib/python3.11/site-packages/airflow/example_dags/example_sensor_decorator.py took 0.049 seconds
[2026-04-28T19:57:40.028+0200] {processor.py:161} INFO - Started process (PID=52980) to work on /Users/pablofrancoherrero/prueba_tecnica/venv/lib/python3.11/site-packages/airflow/example_dags/example_sensor_decorator.py
[2026-04-28T19:57:40.029+0200] {processor.py:830} INFO - Processing file /Users/pablofrancoherrero/prueba_tecnica/venv/lib/python3.11/site-packages/airflow/example_dags/example_sensor_decorator.py for tasks to queue
[2026-04-28T19:57:40.030+0200] {logging_mixin.py:188} INFO - [2026-04-28T19:57:40.030+0200] {dagbag.py:540} INFO - Filling up the DagBag from /Users/pablofrancoherrero/prueba_tecnica/venv/lib/python3.11/site-packages/airflow/example_dags/example_sensor_decorator.py
[2026-04-28T19:57:40.041+0200] {processor.py:840} INFO - DAG(s) 'example_sensor_decorator' retrieved from /Users/pablofrancoherrero/prueba_tecnica/venv/lib/python3.11/site-packages/airflow/example_dags/example_sensor_decorator.py
[2026-04-28T19:57:40.070+0200] {logging_mixin.py:188} INFO - [2026-04-28T19:57:40.070+0200] {dag.py:3096} INFO - Sync 1 DAGs
[2026-04-28T19:57:40.072+0200] {logging_mixin.py:188} INFO - [2026-04-28T19:57:40.072+0200] {dag.py:3954} INFO - Setting next_dagrun for example_sensor_decorator to None, run_after=None
[2026-04-28T19:57:40.077+0200] {processor.py:183} INFO - Processing /Users/pablofrancoherrero/prueba_tecnica/venv/lib/python3.11/site-packages/airflow/example_dags/example_sensor_decorator.py took 0.050 seconds
[2026-04-28T19:59:01.477+0200] {processor.py:161} INFO - Started process (PID=53076) to work on /Users/pablofrancoherrero/prueba_tecnica/venv/lib/python3.11/site-packages/airflow/example_dags/example_sensor_decorator.py
[2026-04-28T19:59:01.478+0200] {processor.py:830} INFO - Processing file /Users/pablofrancoherrero/prueba_tecnica/venv/lib/python3.11/site-packages/airflow/example_dags/example_sensor_decorator.py for tasks to queue
[2026-04-28T19:59:01.478+0200] {logging_mixin.py:188} INFO - [2026-04-28T19:59:01.478+0200] {dagbag.py:540} INFO - Filling up the DagBag from /Users/pablofrancoherrero/prueba_tecnica/venv/lib/python3.11/site-packages/airflow/example_dags/example_sensor_decorator.py
[2026-04-28T19:59:01.491+0200] {processor.py:840} INFO - DAG(s) 'example_sensor_decorator' retrieved from /Users/pablofrancoherrero/prueba_tecnica/venv/lib/python3.11/site-packages/airflow/example_dags/example_sensor_decorator.py
[2026-04-28T19:59:01.520+0200] {logging_mixin.py:188} INFO - [2026-04-28T19:59:01.519+0200] {dag.py:3096} INFO - Sync 1 DAGs
[2026-04-28T19:59:01.522+0200] {logging_mixin.py:188} INFO - [2026-04-28T19:59:01.522+0200] {dag.py:3954} INFO - Setting next_dagrun for example_sensor_decorator to None, run_after=None
[2026-04-28T19:59:01.527+0200] {processor.py:183} INFO - Processing /Users/pablofrancoherrero/prueba_tecnica/venv/lib/python3.11/site-packages/airflow/example_dags/example_sensor_decorator.py took 0.050 seconds
[2026-04-28T20:00:22.283+0200] {processor.py:161} INFO - Started process (PID=53171) to work on /Users/pablofrancoherrero/prueba_tecnica/venv/lib/python3.11/site-packages/airflow/example_dags/example_sensor_decorator.py
[2026-04-28T20:00:22.284+0200] {processor.py:830} INFO - Processing file /Users/pablofrancoherrero/prueba_tecnica/venv/lib/python3.11/site-packages/airflow/example_dags/example_sensor_decorator.py for tasks to queue
[2026-04-28T20:00:22.284+0200] {logging_mixin.py:188} INFO - [2026-04-28T20:00:22.284+0200] {dagbag.py:540} INFO - Filling up the DagBag from /Users/pablofrancoherrero/prueba_tecnica/venv/lib/python3.11/site-packages/airflow/example_dags/example_sensor_decorator.py
[2026-04-28T20:00:22.295+0200] {processor.py:840} INFO - DAG(s) 'example_sensor_decorator' retrieved from /Users/pablofrancoherrero/prueba_tecnica/venv/lib/python3.11/site-packages/airflow/example_dags/example_sensor_decorator.py
[2026-04-28T20:00:22.324+0200] {logging_mixin.py:188} INFO - [2026-04-28T20:00:22.324+0200] {dag.py:3096} INFO - Sync 1 DAGs
[2026-04-28T20:00:22.327+0200] {logging_mixin.py:188} INFO - [2026-04-28T20:00:22.327+0200] {dag.py:3954} INFO - Setting next_dagrun for example_sensor_decorator to None, run_after=None
[2026-04-28T20:00:22.331+0200] {processor.py:183} INFO - Processing /Users/pablofrancoherrero/prueba_tecnica/venv/lib/python3.11/site-packages/airflow/example_dags/example_sensor_decorator.py took 0.049 seconds
[2026-04-28T20:01:44.902+0200] {processor.py:161} INFO - Started process (PID=53267) to work on /Users/pablofrancoherrero/prueba_tecnica/venv/lib/python3.11/site-packages/airflow/example_dags/example_sensor_decorator.py
[2026-04-28T20:01:44.902+0200] {processor.py:830} INFO - Processing file /Users/pablofrancoherrero/prueba_tecnica/venv/lib/python3.11/site-packages/airflow/example_dags/example_sensor_decorator.py for tasks to queue
[2026-04-28T20:01:44.902+0200] {logging_mixin.py:188} INFO - [2026-04-28T20:01:44.902+0200] {dagbag.py:540} INFO - Filling up the DagBag from /Users/pablofrancoherrero/prueba_tecnica/venv/lib/python3.11/site-packages/airflow/example_dags/example_sensor_decorator.py
[2026-04-28T20:01:44.914+0200] {processor.py:840} INFO - DAG(s) 'example_sensor_decorator' retrieved from /Users/pablofrancoherrero/prueba_tecnica/venv/lib/python3.11/site-packages/airflow/example_dags/example_sensor_decorator.py
[2026-04-28T20:01:44.943+0200] {logging_mixin.py:188} INFO - [2026-04-28T20:01:44.943+0200] {dag.py:3096} INFO - Sync 1 DAGs
[2026-04-28T20:01:44.945+0200] {logging_mixin.py:188} INFO - [2026-04-28T20:01:44.945+0200] {dag.py:3954} INFO - Setting next_dagrun for example_sensor_decorator to None, run_after=None
[2026-04-28T20:01:44.950+0200] {processor.py:183} INFO - Processing /Users/pablofrancoherrero/prueba_tecnica/venv/lib/python3.11/site-packages/airflow/example_dags/example_sensor_decorator.py took 0.049 seconds
[2026-04-28T20:03:07.533+0200] {processor.py:161} INFO - Started process (PID=53370) to work on /Users/pablofrancoherrero/prueba_tecnica/venv/lib/python3.11/site-packages/airflow/example_dags/example_sensor_decorator.py
[2026-04-28T20:03:07.534+0200] {processor.py:830} INFO - Processing file /Users/pablofrancoherrero/prueba_tecnica/venv/lib/python3.11/site-packages/airflow/example_dags/example_sensor_decorator.py for tasks to queue
[2026-04-28T20:03:07.534+0200] {logging_mixin.py:188} INFO - [2026-04-28T20:03:07.534+0200] {dagbag.py:540} INFO - Filling up the DagBag from /Users/pablofrancoherrero/prueba_tecnica/venv/lib/python3.11/site-packages/airflow/example_dags/example_sensor_decorator.py
[2026-04-28T20:03:07.545+0200] {processor.py:840} INFO - DAG(s) 'example_sensor_decorator' retrieved from /Users/pablofrancoherrero/prueba_tecnica/venv/lib/python3.11/site-packages/airflow/example_dags/example_sensor_decorator.py
[2026-04-28T20:03:07.574+0200] {logging_mixin.py:188} INFO - [2026-04-28T20:03:07.574+0200] {dag.py:3096} INFO - Sync 1 DAGs
[2026-04-28T20:03:07.577+0200] {logging_mixin.py:188} INFO - [2026-04-28T20:03:07.577+0200] {dag.py:3954} INFO - Setting next_dagrun for example_sensor_decorator to None, run_after=None
[2026-04-28T20:03:07.582+0200] {processor.py:183} INFO - Processing /Users/pablofrancoherrero/prueba_tecnica/venv/lib/python3.11/site-packages/airflow/example_dags/example_sensor_decorator.py took 0.050 seconds
[2026-04-28T20:04:30.825+0200] {processor.py:161} INFO - Started process (PID=53474) to work on /Users/pablofrancoherrero/prueba_tecnica/venv/lib/python3.11/site-packages/airflow/example_dags/example_sensor_decorator.py
[2026-04-28T20:04:30.826+0200] {processor.py:830} INFO - Processing file /Users/pablofrancoherrero/prueba_tecnica/venv/lib/python3.11/site-packages/airflow/example_dags/example_sensor_decorator.py for tasks to queue
[2026-04-28T20:04:30.826+0200] {logging_mixin.py:188} INFO - [2026-04-28T20:04:30.826+0200] {dagbag.py:540} INFO - Filling up the DagBag from /Users/pablofrancoherrero/prueba_tecnica/venv/lib/python3.11/site-packages/airflow/example_dags/example_sensor_decorator.py
[2026-04-28T20:04:30.839+0200] {processor.py:840} INFO - DAG(s) 'example_sensor_decorator' retrieved from /Users/pablofrancoherrero/prueba_tecnica/venv/lib/python3.11/site-packages/airflow/example_dags/example_sensor_decorator.py
[2026-04-28T20:04:30.867+0200] {logging_mixin.py:188} INFO - [2026-04-28T20:04:30.867+0200] {dag.py:3096} INFO - Sync 1 DAGs
[2026-04-28T20:04:30.869+0200] {logging_mixin.py:188} INFO - [2026-04-28T20:04:30.869+0200] {dag.py:3954} INFO - Setting next_dagrun for example_sensor_decorator to None, run_after=None
[2026-04-28T20:04:30.874+0200] {processor.py:183} INFO - Processing /Users/pablofrancoherrero/prueba_tecnica/venv/lib/python3.11/site-packages/airflow/example_dags/example_sensor_decorator.py took 0.050 seconds
[2026-04-28T20:05:51.808+0200] {processor.py:161} INFO - Started process (PID=53551) to work on /Users/pablofrancoherrero/prueba_tecnica/venv/lib/python3.11/site-packages/airflow/example_dags/example_sensor_decorator.py
[2026-04-28T20:05:51.809+0200] {processor.py:830} INFO - Processing file /Users/pablofrancoherrero/prueba_tecnica/venv/lib/python3.11/site-packages/airflow/example_dags/example_sensor_decorator.py for tasks to queue
[2026-04-28T20:05:51.809+0200] {logging_mixin.py:188} INFO - [2026-04-28T20:05:51.809+0200] {dagbag.py:540} INFO - Filling up the DagBag from /Users/pablofrancoherrero/prueba_tecnica/venv/lib/python3.11/site-packages/airflow/example_dags/example_sensor_decorator.py
[2026-04-28T20:05:51.821+0200] {processor.py:840} INFO - DAG(s) 'example_sensor_decorator' retrieved from /Users/pablofrancoherrero/prueba_tecnica/venv/lib/python3.11/site-packages/airflow/example_dags/example_sensor_decorator.py
[2026-04-28T20:05:51.849+0200] {logging_mixin.py:188} INFO - [2026-04-28T20:05:51.849+0200] {dag.py:3096} INFO - Sync 1 DAGs
[2026-04-28T20:05:51.852+0200] {logging_mixin.py:188} INFO - [2026-04-28T20:05:51.852+0200] {dag.py:3954} INFO - Setting next_dagrun for example_sensor_decorator to None, run_after=None
[2026-04-28T20:05:51.857+0200] {processor.py:183} INFO - Processing /Users/pablofrancoherrero/prueba_tecnica/venv/lib/python3.11/site-packages/airflow/example_dags/example_sensor_decorator.py took 0.049 seconds
[2026-04-28T20:07:13.792+0200] {processor.py:161} INFO - Started process (PID=53629) to work on /Users/pablofrancoherrero/prueba_tecnica/venv/lib/python3.11/site-packages/airflow/example_dags/example_sensor_decorator.py
[2026-04-28T20:07:13.793+0200] {processor.py:830} INFO - Processing file /Users/pablofrancoherrero/prueba_tecnica/venv/lib/python3.11/site-packages/airflow/example_dags/example_sensor_decorator.py for tasks to queue
[2026-04-28T20:07:13.793+0200] {logging_mixin.py:188} INFO - [2026-04-28T20:07:13.793+0200] {dagbag.py:540} INFO - Filling up the DagBag from /Users/pablofrancoherrero/prueba_tecnica/venv/lib/python3.11/site-packages/airflow/example_dags/example_sensor_decorator.py
[2026-04-28T20:07:13.804+0200] {processor.py:840} INFO - DAG(s) 'example_sensor_decorator' retrieved from /Users/pablofrancoherrero/prueba_tecnica/venv/lib/python3.11/site-packages/airflow/example_dags/example_sensor_decorator.py
[2026-04-28T20:07:13.833+0200] {logging_mixin.py:188} INFO - [2026-04-28T20:07:13.833+0200] {dag.py:3096} INFO - Sync 1 DAGs
[2026-04-28T20:07:13.836+0200] {logging_mixin.py:188} INFO - [2026-04-28T20:07:13.836+0200] {dag.py:3954} INFO - Setting next_dagrun for example_sensor_decorator to None, run_after=None
[2026-04-28T20:07:13.841+0200] {processor.py:183} INFO - Processing /Users/pablofrancoherrero/prueba_tecnica/venv/lib/python3.11/site-packages/airflow/example_dags/example_sensor_decorator.py took 0.050 seconds
[2026-04-28T20:08:32.371+0200] {processor.py:161} INFO - Started process (PID=53751) to work on /Users/pablofrancoherrero/prueba_tecnica/venv/lib/python3.11/site-packages/airflow/example_dags/example_sensor_decorator.py
[2026-04-28T20:08:32.372+0200] {processor.py:830} INFO - Processing file /Users/pablofrancoherrero/prueba_tecnica/venv/lib/python3.11/site-packages/airflow/example_dags/example_sensor_decorator.py for tasks to queue
[2026-04-28T20:08:32.372+0200] {logging_mixin.py:188} INFO - [2026-04-28T20:08:32.372+0200] {dagbag.py:540} INFO - Filling up the DagBag from /Users/pablofrancoherrero/prueba_tecnica/venv/lib/python3.11/site-packages/airflow/example_dags/example_sensor_decorator.py
[2026-04-28T20:08:32.386+0200] {processor.py:840} INFO - DAG(s) 'example_sensor_decorator' retrieved from /Users/pablofrancoherrero/prueba_tecnica/venv/lib/python3.11/site-packages/airflow/example_dags/example_sensor_decorator.py
[2026-04-28T20:08:32.416+0200] {logging_mixin.py:188} INFO - [2026-04-28T20:08:32.416+0200] {dag.py:3096} INFO - Sync 1 DAGs
[2026-04-28T20:08:32.418+0200] {logging_mixin.py:188} INFO - [2026-04-28T20:08:32.418+0200] {dag.py:3954} INFO - Setting next_dagrun for example_sensor_decorator to None, run_after=None
[2026-04-28T20:08:32.423+0200] {processor.py:183} INFO - Processing /Users/pablofrancoherrero/prueba_tecnica/venv/lib/python3.11/site-packages/airflow/example_dags/example_sensor_decorator.py took 0.053 seconds
[2026-04-28T20:09:52.645+0200] {processor.py:161} INFO - Started process (PID=53860) to work on /Users/pablofrancoherrero/prueba_tecnica/venv/lib/python3.11/site-packages/airflow/example_dags/example_sensor_decorator.py
[2026-04-28T20:09:52.646+0200] {processor.py:830} INFO - Processing file /Users/pablofrancoherrero/prueba_tecnica/venv/lib/python3.11/site-packages/airflow/example_dags/example_sensor_decorator.py for tasks to queue
[2026-04-28T20:09:52.646+0200] {logging_mixin.py:188} INFO - [2026-04-28T20:09:52.646+0200] {dagbag.py:540} INFO - Filling up the DagBag from /Users/pablofrancoherrero/prueba_tecnica/venv/lib/python3.11/site-packages/airflow/example_dags/example_sensor_decorator.py
[2026-04-28T20:09:52.662+0200] {processor.py:840} INFO - DAG(s) 'example_sensor_decorator' retrieved from /Users/pablofrancoherrero/prueba_tecnica/venv/lib/python3.11/site-packages/airflow/example_dags/example_sensor_decorator.py
[2026-04-28T20:09:52.693+0200] {logging_mixin.py:188} INFO - [2026-04-28T20:09:52.692+0200] {dag.py:3096} INFO - Sync 1 DAGs
[2026-04-28T20:09:52.695+0200] {logging_mixin.py:188} INFO - [2026-04-28T20:09:52.695+0200] {dag.py:3954} INFO - Setting next_dagrun for example_sensor_decorator to None, run_after=None
[2026-04-28T20:09:52.700+0200] {processor.py:183} INFO - Processing /Users/pablofrancoherrero/prueba_tecnica/venv/lib/python3.11/site-packages/airflow/example_dags/example_sensor_decorator.py took 0.056 seconds
[2026-04-28T20:11:15.351+0200] {processor.py:161} INFO - Started process (PID=53976) to work on /Users/pablofrancoherrero/prueba_tecnica/venv/lib/python3.11/site-packages/airflow/example_dags/example_sensor_decorator.py
[2026-04-28T20:11:15.352+0200] {processor.py:830} INFO - Processing file /Users/pablofrancoherrero/prueba_tecnica/venv/lib/python3.11/site-packages/airflow/example_dags/example_sensor_decorator.py for tasks to queue
[2026-04-28T20:11:15.352+0200] {logging_mixin.py:188} INFO - [2026-04-28T20:11:15.352+0200] {dagbag.py:540} INFO - Filling up the DagBag from /Users/pablofrancoherrero/prueba_tecnica/venv/lib/python3.11/site-packages/airflow/example_dags/example_sensor_decorator.py
[2026-04-28T20:11:15.365+0200] {processor.py:840} INFO - DAG(s) 'example_sensor_decorator' retrieved from /Users/pablofrancoherrero/prueba_tecnica/venv/lib/python3.11/site-packages/airflow/example_dags/example_sensor_decorator.py
[2026-04-28T20:11:15.394+0200] {logging_mixin.py:188} INFO - [2026-04-28T20:11:15.394+0200] {dag.py:3096} INFO - Sync 1 DAGs
[2026-04-28T20:11:15.397+0200] {logging_mixin.py:188} INFO - [2026-04-28T20:11:15.397+0200] {dag.py:3954} INFO - Setting next_dagrun for example_sensor_decorator to None, run_after=None
[2026-04-28T20:11:15.403+0200] {processor.py:183} INFO - Processing /Users/pablofrancoherrero/prueba_tecnica/venv/lib/python3.11/site-packages/airflow/example_dags/example_sensor_decorator.py took 0.053 seconds
[2026-04-28T20:12:32.372+0200] {processor.py:161} INFO - Started process (PID=54071) to work on /Users/pablofrancoherrero/prueba_tecnica/venv/lib/python3.11/site-packages/airflow/example_dags/example_sensor_decorator.py
[2026-04-28T20:12:32.373+0200] {processor.py:830} INFO - Processing file /Users/pablofrancoherrero/prueba_tecnica/venv/lib/python3.11/site-packages/airflow/example_dags/example_sensor_decorator.py for tasks to queue
[2026-04-28T20:12:32.373+0200] {logging_mixin.py:188} INFO - [2026-04-28T20:12:32.373+0200] {dagbag.py:540} INFO - Filling up the DagBag from /Users/pablofrancoherrero/prueba_tecnica/venv/lib/python3.11/site-packages/airflow/example_dags/example_sensor_decorator.py
[2026-04-28T20:12:32.385+0200] {processor.py:840} INFO - DAG(s) 'example_sensor_decorator' retrieved from /Users/pablofrancoherrero/prueba_tecnica/venv/lib/python3.11/site-packages/airflow/example_dags/example_sensor_decorator.py
[2026-04-28T20:12:32.414+0200] {logging_mixin.py:188} INFO - [2026-04-28T20:12:32.414+0200] {dag.py:3096} INFO - Sync 1 DAGs
[2026-04-28T20:12:32.417+0200] {logging_mixin.py:188} INFO - [2026-04-28T20:12:32.417+0200] {dag.py:3954} INFO - Setting next_dagrun for example_sensor_decorator to None, run_after=None
[2026-04-28T20:12:32.422+0200] {processor.py:183} INFO - Processing /Users/pablofrancoherrero/prueba_tecnica/venv/lib/python3.11/site-packages/airflow/example_dags/example_sensor_decorator.py took 0.050 seconds
[2026-04-28T20:13:54.667+0200] {processor.py:161} INFO - Started process (PID=54179) to work on /Users/pablofrancoherrero/prueba_tecnica/venv/lib/python3.11/site-packages/airflow/example_dags/example_sensor_decorator.py
[2026-04-28T20:13:54.668+0200] {processor.py:830} INFO - Processing file /Users/pablofrancoherrero/prueba_tecnica/venv/lib/python3.11/site-packages/airflow/example_dags/example_sensor_decorator.py for tasks to queue
[2026-04-28T20:13:54.668+0200] {logging_mixin.py:188} INFO - [2026-04-28T20:13:54.668+0200] {dagbag.py:540} INFO - Filling up the DagBag from /Users/pablofrancoherrero/prueba_tecnica/venv/lib/python3.11/site-packages/airflow/example_dags/example_sensor_decorator.py
[2026-04-28T20:13:54.680+0200] {processor.py:840} INFO - DAG(s) 'example_sensor_decorator' retrieved from /Users/pablofrancoherrero/prueba_tecnica/venv/lib/python3.11/site-packages/airflow/example_dags/example_sensor_decorator.py
[2026-04-28T20:13:54.708+0200] {logging_mixin.py:188} INFO - [2026-04-28T20:13:54.708+0200] {dag.py:3096} INFO - Sync 1 DAGs
[2026-04-28T20:13:54.710+0200] {logging_mixin.py:188} INFO - [2026-04-28T20:13:54.710+0200] {dag.py:3954} INFO - Setting next_dagrun for example_sensor_decorator to None, run_after=None
[2026-04-28T20:13:54.715+0200] {processor.py:183} INFO - Processing /Users/pablofrancoherrero/prueba_tecnica/venv/lib/python3.11/site-packages/airflow/example_dags/example_sensor_decorator.py took 0.049 seconds
[2026-04-28T20:15:23.113+0200] {processor.py:161} INFO - Started process (PID=54293) to work on /Users/pablofrancoherrero/prueba_tecnica/venv/lib/python3.11/site-packages/airflow/example_dags/example_sensor_decorator.py
[2026-04-28T20:15:23.113+0200] {processor.py:830} INFO - Processing file /Users/pablofrancoherrero/prueba_tecnica/venv/lib/python3.11/site-packages/airflow/example_dags/example_sensor_decorator.py for tasks to queue
[2026-04-28T20:15:23.114+0200] {logging_mixin.py:188} INFO - [2026-04-28T20:15:23.113+0200] {dagbag.py:540} INFO - Filling up the DagBag from /Users/pablofrancoherrero/prueba_tecnica/venv/lib/python3.11/site-packages/airflow/example_dags/example_sensor_decorator.py
[2026-04-28T20:15:23.130+0200] {processor.py:840} INFO - DAG(s) 'example_sensor_decorator' retrieved from /Users/pablofrancoherrero/prueba_tecnica/venv/lib/python3.11/site-packages/airflow/example_dags/example_sensor_decorator.py
[2026-04-28T20:15:23.161+0200] {logging_mixin.py:188} INFO - [2026-04-28T20:15:23.161+0200] {dag.py:3096} INFO - Sync 1 DAGs
[2026-04-28T20:15:23.164+0200] {logging_mixin.py:188} INFO - [2026-04-28T20:15:23.163+0200] {dag.py:3954} INFO - Setting next_dagrun for example_sensor_decorator to None, run_after=None
[2026-04-28T20:15:23.169+0200] {processor.py:183} INFO - Processing /Users/pablofrancoherrero/prueba_tecnica/venv/lib/python3.11/site-packages/airflow/example_dags/example_sensor_decorator.py took 0.057 seconds
[2026-04-28T20:16:45.551+0200] {processor.py:161} INFO - Started process (PID=54473) to work on /Users/pablofrancoherrero/prueba_tecnica/venv/lib/python3.11/site-packages/airflow/example_dags/example_sensor_decorator.py
[2026-04-28T20:16:45.552+0200] {processor.py:830} INFO - Processing file /Users/pablofrancoherrero/prueba_tecnica/venv/lib/python3.11/site-packages/airflow/example_dags/example_sensor_decorator.py for tasks to queue
[2026-04-28T20:16:45.552+0200] {logging_mixin.py:188} INFO - [2026-04-28T20:16:45.552+0200] {dagbag.py:540} INFO - Filling up the DagBag from /Users/pablofrancoherrero/prueba_tecnica/venv/lib/python3.11/site-packages/airflow/example_dags/example_sensor_decorator.py
[2026-04-28T20:16:45.563+0200] {processor.py:840} INFO - DAG(s) 'example_sensor_decorator' retrieved from /Users/pablofrancoherrero/prueba_tecnica/venv/lib/python3.11/site-packages/airflow/example_dags/example_sensor_decorator.py
[2026-04-28T20:16:45.591+0200] {logging_mixin.py:188} INFO - [2026-04-28T20:16:45.591+0200] {dag.py:3096} INFO - Sync 1 DAGs
[2026-04-28T20:16:45.594+0200] {logging_mixin.py:188} INFO - [2026-04-28T20:16:45.594+0200] {dag.py:3954} INFO - Setting next_dagrun for example_sensor_decorator to None, run_after=None
[2026-04-28T20:16:45.598+0200] {processor.py:183} INFO - Processing /Users/pablofrancoherrero/prueba_tecnica/venv/lib/python3.11/site-packages/airflow/example_dags/example_sensor_decorator.py took 0.048 seconds
[2026-04-28T20:18:08.203+0200] {processor.py:161} INFO - Started process (PID=54623) to work on /Users/pablofrancoherrero/prueba_tecnica/venv/lib/python3.11/site-packages/airflow/example_dags/example_sensor_decorator.py
[2026-04-28T20:18:08.203+0200] {processor.py:830} INFO - Processing file /Users/pablofrancoherrero/prueba_tecnica/venv/lib/python3.11/site-packages/airflow/example_dags/example_sensor_decorator.py for tasks to queue
[2026-04-28T20:18:08.203+0200] {logging_mixin.py:188} INFO - [2026-04-28T20:18:08.203+0200] {dagbag.py:540} INFO - Filling up the DagBag from /Users/pablofrancoherrero/prueba_tecnica/venv/lib/python3.11/site-packages/airflow/example_dags/example_sensor_decorator.py
[2026-04-28T20:18:08.216+0200] {processor.py:840} INFO - DAG(s) 'example_sensor_decorator' retrieved from /Users/pablofrancoherrero/prueba_tecnica/venv/lib/python3.11/site-packages/airflow/example_dags/example_sensor_decorator.py
[2026-04-28T20:18:08.245+0200] {logging_mixin.py:188} INFO - [2026-04-28T20:18:08.245+0200] {dag.py:3096} INFO - Sync 1 DAGs
[2026-04-28T20:18:08.248+0200] {logging_mixin.py:188} INFO - [2026-04-28T20:18:08.248+0200] {dag.py:3954} INFO - Setting next_dagrun for example_sensor_decorator to None, run_after=None
[2026-04-28T20:18:08.253+0200] {processor.py:183} INFO - Processing /Users/pablofrancoherrero/prueba_tecnica/venv/lib/python3.11/site-packages/airflow/example_dags/example_sensor_decorator.py took 0.051 seconds
[2026-04-28T20:19:28.751+0200] {processor.py:161} INFO - Started process (PID=54727) to work on /Users/pablofrancoherrero/prueba_tecnica/venv/lib/python3.11/site-packages/airflow/example_dags/example_sensor_decorator.py
[2026-04-28T20:19:28.751+0200] {processor.py:830} INFO - Processing file /Users/pablofrancoherrero/prueba_tecnica/venv/lib/python3.11/site-packages/airflow/example_dags/example_sensor_decorator.py for tasks to queue
[2026-04-28T20:19:28.752+0200] {logging_mixin.py:188} INFO - [2026-04-28T20:19:28.752+0200] {dagbag.py:540} INFO - Filling up the DagBag from /Users/pablofrancoherrero/prueba_tecnica/venv/lib/python3.11/site-packages/airflow/example_dags/example_sensor_decorator.py
[2026-04-28T20:19:28.763+0200] {processor.py:840} INFO - DAG(s) 'example_sensor_decorator' retrieved from /Users/pablofrancoherrero/prueba_tecnica/venv/lib/python3.11/site-packages/airflow/example_dags/example_sensor_decorator.py
[2026-04-28T20:19:28.790+0200] {logging_mixin.py:188} INFO - [2026-04-28T20:19:28.790+0200] {dag.py:3096} INFO - Sync 1 DAGs
[2026-04-28T20:19:28.793+0200] {logging_mixin.py:188} INFO - [2026-04-28T20:19:28.793+0200] {dag.py:3954} INFO - Setting next_dagrun for example_sensor_decorator to None, run_after=None
[2026-04-28T20:19:28.797+0200] {processor.py:183} INFO - Processing /Users/pablofrancoherrero/prueba_tecnica/venv/lib/python3.11/site-packages/airflow/example_dags/example_sensor_decorator.py took 0.047 seconds
[2026-04-28T20:20:48.273+0200] {processor.py:161} INFO - Started process (PID=54813) to work on /Users/pablofrancoherrero/prueba_tecnica/venv/lib/python3.11/site-packages/airflow/example_dags/example_sensor_decorator.py
[2026-04-28T20:20:48.274+0200] {processor.py:830} INFO - Processing file /Users/pablofrancoherrero/prueba_tecnica/venv/lib/python3.11/site-packages/airflow/example_dags/example_sensor_decorator.py for tasks to queue
[2026-04-28T20:20:48.276+0200] {logging_mixin.py:188} INFO - [2026-04-28T20:20:48.275+0200] {dagbag.py:540} INFO - Filling up the DagBag from /Users/pablofrancoherrero/prueba_tecnica/venv/lib/python3.11/site-packages/airflow/example_dags/example_sensor_decorator.py
[2026-04-28T20:20:48.293+0200] {processor.py:840} INFO - DAG(s) 'example_sensor_decorator' retrieved from /Users/pablofrancoherrero/prueba_tecnica/venv/lib/python3.11/site-packages/airflow/example_dags/example_sensor_decorator.py
[2026-04-28T20:20:48.322+0200] {logging_mixin.py:188} INFO - [2026-04-28T20:20:48.321+0200] {dag.py:3096} INFO - Sync 1 DAGs
[2026-04-28T20:20:48.324+0200] {logging_mixin.py:188} INFO - [2026-04-28T20:20:48.324+0200] {dag.py:3954} INFO - Setting next_dagrun for example_sensor_decorator to None, run_after=None
[2026-04-28T20:20:48.329+0200] {processor.py:183} INFO - Processing /Users/pablofrancoherrero/prueba_tecnica/venv/lib/python3.11/site-packages/airflow/example_dags/example_sensor_decorator.py took 0.057 seconds
[2026-04-28T20:22:12.322+0200] {processor.py:161} INFO - Started process (PID=54917) to work on /Users/pablofrancoherrero/prueba_tecnica/venv/lib/python3.11/site-packages/airflow/example_dags/example_sensor_decorator.py
[2026-04-28T20:22:12.323+0200] {processor.py:830} INFO - Processing file /Users/pablofrancoherrero/prueba_tecnica/venv/lib/python3.11/site-packages/airflow/example_dags/example_sensor_decorator.py for tasks to queue
[2026-04-28T20:22:12.324+0200] {logging_mixin.py:188} INFO - [2026-04-28T20:22:12.324+0200] {dagbag.py:540} INFO - Filling up the DagBag from /Users/pablofrancoherrero/prueba_tecnica/venv/lib/python3.11/site-packages/airflow/example_dags/example_sensor_decorator.py
[2026-04-28T20:22:12.335+0200] {processor.py:840} INFO - DAG(s) 'example_sensor_decorator' retrieved from /Users/pablofrancoherrero/prueba_tecnica/venv/lib/python3.11/site-packages/airflow/example_dags/example_sensor_decorator.py
[2026-04-28T20:22:12.364+0200] {logging_mixin.py:188} INFO - [2026-04-28T20:22:12.363+0200] {dag.py:3096} INFO - Sync 1 DAGs
[2026-04-28T20:22:12.366+0200] {logging_mixin.py:188} INFO - [2026-04-28T20:22:12.366+0200] {dag.py:3954} INFO - Setting next_dagrun for example_sensor_decorator to None, run_after=None
[2026-04-28T20:22:12.371+0200] {processor.py:183} INFO - Processing /Users/pablofrancoherrero/prueba_tecnica/venv/lib/python3.11/site-packages/airflow/example_dags/example_sensor_decorator.py took 0.049 seconds
[2026-04-28T20:23:30.715+0200] {processor.py:161} INFO - Started process (PID=55057) to work on /Users/pablofrancoherrero/prueba_tecnica/venv/lib/python3.11/site-packages/airflow/example_dags/example_sensor_decorator.py
[2026-04-28T20:23:30.716+0200] {processor.py:830} INFO - Processing file /Users/pablofrancoherrero/prueba_tecnica/venv/lib/python3.11/site-packages/airflow/example_dags/example_sensor_decorator.py for tasks to queue
[2026-04-28T20:23:30.716+0200] {logging_mixin.py:188} INFO - [2026-04-28T20:23:30.716+0200] {dagbag.py:540} INFO - Filling up the DagBag from /Users/pablofrancoherrero/prueba_tecnica/venv/lib/python3.11/site-packages/airflow/example_dags/example_sensor_decorator.py
[2026-04-28T20:23:30.728+0200] {processor.py:840} INFO - DAG(s) 'example_sensor_decorator' retrieved from /Users/pablofrancoherrero/prueba_tecnica/venv/lib/python3.11/site-packages/airflow/example_dags/example_sensor_decorator.py
[2026-04-28T20:23:30.758+0200] {logging_mixin.py:188} INFO - [2026-04-28T20:23:30.757+0200] {dag.py:3096} INFO - Sync 1 DAGs
[2026-04-28T20:23:30.760+0200] {logging_mixin.py:188} INFO - [2026-04-28T20:23:30.760+0200] {dag.py:3954} INFO - Setting next_dagrun for example_sensor_decorator to None, run_after=None
[2026-04-28T20:23:30.765+0200] {processor.py:183} INFO - Processing /Users/pablofrancoherrero/prueba_tecnica/venv/lib/python3.11/site-packages/airflow/example_dags/example_sensor_decorator.py took 0.052 seconds
[2026-04-28T20:24:51.853+0200] {processor.py:161} INFO - Started process (PID=55161) to work on /Users/pablofrancoherrero/prueba_tecnica/venv/lib/python3.11/site-packages/airflow/example_dags/example_sensor_decorator.py
[2026-04-28T20:24:51.853+0200] {processor.py:830} INFO - Processing file /Users/pablofrancoherrero/prueba_tecnica/venv/lib/python3.11/site-packages/airflow/example_dags/example_sensor_decorator.py for tasks to queue
[2026-04-28T20:24:51.854+0200] {logging_mixin.py:188} INFO - [2026-04-28T20:24:51.854+0200] {dagbag.py:540} INFO - Filling up the DagBag from /Users/pablofrancoherrero/prueba_tecnica/venv/lib/python3.11/site-packages/airflow/example_dags/example_sensor_decorator.py
[2026-04-28T20:24:51.865+0200] {processor.py:840} INFO - DAG(s) 'example_sensor_decorator' retrieved from /Users/pablofrancoherrero/prueba_tecnica/venv/lib/python3.11/site-packages/airflow/example_dags/example_sensor_decorator.py
[2026-04-28T20:24:51.894+0200] {logging_mixin.py:188} INFO - [2026-04-28T20:24:51.893+0200] {dag.py:3096} INFO - Sync 1 DAGs
[2026-04-28T20:24:51.896+0200] {logging_mixin.py:188} INFO - [2026-04-28T20:24:51.896+0200] {dag.py:3954} INFO - Setting next_dagrun for example_sensor_decorator to None, run_after=None
[2026-04-28T20:24:51.901+0200] {processor.py:183} INFO - Processing /Users/pablofrancoherrero/prueba_tecnica/venv/lib/python3.11/site-packages/airflow/example_dags/example_sensor_decorator.py took 0.049 seconds
[2026-04-28T20:26:12.803+0200] {processor.py:161} INFO - Started process (PID=55243) to work on /Users/pablofrancoherrero/prueba_tecnica/venv/lib/python3.11/site-packages/airflow/example_dags/example_sensor_decorator.py
[2026-04-28T20:26:12.803+0200] {processor.py:830} INFO - Processing file /Users/pablofrancoherrero/prueba_tecnica/venv/lib/python3.11/site-packages/airflow/example_dags/example_sensor_decorator.py for tasks to queue
[2026-04-28T20:26:12.803+0200] {logging_mixin.py:188} INFO - [2026-04-28T20:26:12.803+0200] {dagbag.py:540} INFO - Filling up the DagBag from /Users/pablofrancoherrero/prueba_tecnica/venv/lib/python3.11/site-packages/airflow/example_dags/example_sensor_decorator.py
[2026-04-28T20:26:12.816+0200] {processor.py:840} INFO - DAG(s) 'example_sensor_decorator' retrieved from /Users/pablofrancoherrero/prueba_tecnica/venv/lib/python3.11/site-packages/airflow/example_dags/example_sensor_decorator.py
[2026-04-28T20:26:12.845+0200] {logging_mixin.py:188} INFO - [2026-04-28T20:26:12.845+0200] {dag.py:3096} INFO - Sync 1 DAGs
[2026-04-28T20:26:12.848+0200] {logging_mixin.py:188} INFO - [2026-04-28T20:26:12.848+0200] {dag.py:3954} INFO - Setting next_dagrun for example_sensor_decorator to None, run_after=None
[2026-04-28T20:26:12.852+0200] {processor.py:183} INFO - Processing /Users/pablofrancoherrero/prueba_tecnica/venv/lib/python3.11/site-packages/airflow/example_dags/example_sensor_decorator.py took 0.050 seconds
[2026-04-28T20:27:35.830+0200] {processor.py:161} INFO - Started process (PID=55376) to work on /Users/pablofrancoherrero/prueba_tecnica/venv/lib/python3.11/site-packages/airflow/example_dags/example_sensor_decorator.py
[2026-04-28T20:27:35.831+0200] {processor.py:830} INFO - Processing file /Users/pablofrancoherrero/prueba_tecnica/venv/lib/python3.11/site-packages/airflow/example_dags/example_sensor_decorator.py for tasks to queue
[2026-04-28T20:27:35.831+0200] {logging_mixin.py:188} INFO - [2026-04-28T20:27:35.831+0200] {dagbag.py:540} INFO - Filling up the DagBag from /Users/pablofrancoherrero/prueba_tecnica/venv/lib/python3.11/site-packages/airflow/example_dags/example_sensor_decorator.py
[2026-04-28T20:27:35.843+0200] {processor.py:840} INFO - DAG(s) 'example_sensor_decorator' retrieved from /Users/pablofrancoherrero/prueba_tecnica/venv/lib/python3.11/site-packages/airflow/example_dags/example_sensor_decorator.py
[2026-04-28T20:27:35.872+0200] {logging_mixin.py:188} INFO - [2026-04-28T20:27:35.872+0200] {dag.py:3096} INFO - Sync 1 DAGs
[2026-04-28T20:27:35.875+0200] {logging_mixin.py:188} INFO - [2026-04-28T20:27:35.875+0200] {dag.py:3954} INFO - Setting next_dagrun for example_sensor_decorator to None, run_after=None
[2026-04-28T20:27:35.880+0200] {processor.py:183} INFO - Processing /Users/pablofrancoherrero/prueba_tecnica/venv/lib/python3.11/site-packages/airflow/example_dags/example_sensor_decorator.py took 0.051 seconds
[2026-04-28T20:28:58.783+0200] {processor.py:161} INFO - Started process (PID=55480) to work on /Users/pablofrancoherrero/prueba_tecnica/venv/lib/python3.11/site-packages/airflow/example_dags/example_sensor_decorator.py
[2026-04-28T20:28:58.783+0200] {processor.py:830} INFO - Processing file /Users/pablofrancoherrero/prueba_tecnica/venv/lib/python3.11/site-packages/airflow/example_dags/example_sensor_decorator.py for tasks to queue
[2026-04-28T20:28:58.784+0200] {logging_mixin.py:188} INFO - [2026-04-28T20:28:58.784+0200] {dagbag.py:540} INFO - Filling up the DagBag from /Users/pablofrancoherrero/prueba_tecnica/venv/lib/python3.11/site-packages/airflow/example_dags/example_sensor_decorator.py
[2026-04-28T20:28:58.796+0200] {processor.py:840} INFO - DAG(s) 'example_sensor_decorator' retrieved from /Users/pablofrancoherrero/prueba_tecnica/venv/lib/python3.11/site-packages/airflow/example_dags/example_sensor_decorator.py
[2026-04-28T20:28:58.826+0200] {logging_mixin.py:188} INFO - [2026-04-28T20:28:58.826+0200] {dag.py:3096} INFO - Sync 1 DAGs
[2026-04-28T20:28:58.829+0200] {logging_mixin.py:188} INFO - [2026-04-28T20:28:58.829+0200] {dag.py:3954} INFO - Setting next_dagrun for example_sensor_decorator to None, run_after=None
[2026-04-28T20:28:58.834+0200] {processor.py:183} INFO - Processing /Users/pablofrancoherrero/prueba_tecnica/venv/lib/python3.11/site-packages/airflow/example_dags/example_sensor_decorator.py took 0.052 seconds
[2026-04-28T20:30:22.416+0200] {processor.py:161} INFO - Started process (PID=55584) to work on /Users/pablofrancoherrero/prueba_tecnica/venv/lib/python3.11/site-packages/airflow/example_dags/example_sensor_decorator.py
[2026-04-28T20:30:22.416+0200] {processor.py:830} INFO - Processing file /Users/pablofrancoherrero/prueba_tecnica/venv/lib/python3.11/site-packages/airflow/example_dags/example_sensor_decorator.py for tasks to queue
[2026-04-28T20:30:22.416+0200] {logging_mixin.py:188} INFO - [2026-04-28T20:30:22.416+0200] {dagbag.py:540} INFO - Filling up the DagBag from /Users/pablofrancoherrero/prueba_tecnica/venv/lib/python3.11/site-packages/airflow/example_dags/example_sensor_decorator.py
[2026-04-28T20:30:22.428+0200] {processor.py:840} INFO - DAG(s) 'example_sensor_decorator' retrieved from /Users/pablofrancoherrero/prueba_tecnica/venv/lib/python3.11/site-packages/airflow/example_dags/example_sensor_decorator.py
[2026-04-28T20:30:22.458+0200] {logging_mixin.py:188} INFO - [2026-04-28T20:30:22.458+0200] {dag.py:3096} INFO - Sync 1 DAGs
[2026-04-28T20:30:22.461+0200] {logging_mixin.py:188} INFO - [2026-04-28T20:30:22.461+0200] {dag.py:3954} INFO - Setting next_dagrun for example_sensor_decorator to None, run_after=None
[2026-04-28T20:30:22.466+0200] {processor.py:183} INFO - Processing /Users/pablofrancoherrero/prueba_tecnica/venv/lib/python3.11/site-packages/airflow/example_dags/example_sensor_decorator.py took 0.051 seconds
[2026-04-28T20:31:41.819+0200] {processor.py:161} INFO - Started process (PID=55713) to work on /Users/pablofrancoherrero/prueba_tecnica/venv/lib/python3.11/site-packages/airflow/example_dags/example_sensor_decorator.py
[2026-04-28T20:31:41.820+0200] {processor.py:830} INFO - Processing file /Users/pablofrancoherrero/prueba_tecnica/venv/lib/python3.11/site-packages/airflow/example_dags/example_sensor_decorator.py for tasks to queue
[2026-04-28T20:31:41.820+0200] {logging_mixin.py:188} INFO - [2026-04-28T20:31:41.820+0200] {dagbag.py:540} INFO - Filling up the DagBag from /Users/pablofrancoherrero/prueba_tecnica/venv/lib/python3.11/site-packages/airflow/example_dags/example_sensor_decorator.py
[2026-04-28T20:31:41.832+0200] {processor.py:840} INFO - DAG(s) 'example_sensor_decorator' retrieved from /Users/pablofrancoherrero/prueba_tecnica/venv/lib/python3.11/site-packages/airflow/example_dags/example_sensor_decorator.py
[2026-04-28T20:31:41.861+0200] {logging_mixin.py:188} INFO - [2026-04-28T20:31:41.861+0200] {dag.py:3096} INFO - Sync 1 DAGs
[2026-04-28T20:31:41.864+0200] {logging_mixin.py:188} INFO - [2026-04-28T20:31:41.863+0200] {dag.py:3954} INFO - Setting next_dagrun for example_sensor_decorator to None, run_after=None
[2026-04-28T20:31:41.868+0200] {processor.py:183} INFO - Processing /Users/pablofrancoherrero/prueba_tecnica/venv/lib/python3.11/site-packages/airflow/example_dags/example_sensor_decorator.py took 0.050 seconds
[2026-04-28T20:33:04.748+0200] {processor.py:161} INFO - Started process (PID=55818) to work on /Users/pablofrancoherrero/prueba_tecnica/venv/lib/python3.11/site-packages/airflow/example_dags/example_sensor_decorator.py
[2026-04-28T20:33:04.748+0200] {processor.py:830} INFO - Processing file /Users/pablofrancoherrero/prueba_tecnica/venv/lib/python3.11/site-packages/airflow/example_dags/example_sensor_decorator.py for tasks to queue
[2026-04-28T20:33:04.748+0200] {logging_mixin.py:188} INFO - [2026-04-28T20:33:04.748+0200] {dagbag.py:540} INFO - Filling up the DagBag from /Users/pablofrancoherrero/prueba_tecnica/venv/lib/python3.11/site-packages/airflow/example_dags/example_sensor_decorator.py
[2026-04-28T20:33:04.760+0200] {processor.py:840} INFO - DAG(s) 'example_sensor_decorator' retrieved from /Users/pablofrancoherrero/prueba_tecnica/venv/lib/python3.11/site-packages/airflow/example_dags/example_sensor_decorator.py
[2026-04-28T20:33:04.789+0200] {logging_mixin.py:188} INFO - [2026-04-28T20:33:04.789+0200] {dag.py:3096} INFO - Sync 1 DAGs
[2026-04-28T20:33:04.792+0200] {logging_mixin.py:188} INFO - [2026-04-28T20:33:04.792+0200] {dag.py:3954} INFO - Setting next_dagrun for example_sensor_decorator to None, run_after=None
[2026-04-28T20:33:04.797+0200] {processor.py:183} INFO - Processing /Users/pablofrancoherrero/prueba_tecnica/venv/lib/python3.11/site-packages/airflow/example_dags/example_sensor_decorator.py took 0.050 seconds
[2026-04-28T20:34:25.323+0200] {processor.py:161} INFO - Started process (PID=55910) to work on /Users/pablofrancoherrero/prueba_tecnica/venv/lib/python3.11/site-packages/airflow/example_dags/example_sensor_decorator.py
[2026-04-28T20:34:25.323+0200] {processor.py:830} INFO - Processing file /Users/pablofrancoherrero/prueba_tecnica/venv/lib/python3.11/site-packages/airflow/example_dags/example_sensor_decorator.py for tasks to queue
[2026-04-28T20:34:25.324+0200] {logging_mixin.py:188} INFO - [2026-04-28T20:34:25.323+0200] {dagbag.py:540} INFO - Filling up the DagBag from /Users/pablofrancoherrero/prueba_tecnica/venv/lib/python3.11/site-packages/airflow/example_dags/example_sensor_decorator.py
[2026-04-28T20:34:25.335+0200] {processor.py:840} INFO - DAG(s) 'example_sensor_decorator' retrieved from /Users/pablofrancoherrero/prueba_tecnica/venv/lib/python3.11/site-packages/airflow/example_dags/example_sensor_decorator.py
[2026-04-28T20:34:25.364+0200] {logging_mixin.py:188} INFO - [2026-04-28T20:34:25.363+0200] {dag.py:3096} INFO - Sync 1 DAGs
[2026-04-28T20:34:25.366+0200] {logging_mixin.py:188} INFO - [2026-04-28T20:34:25.366+0200] {dag.py:3954} INFO - Setting next_dagrun for example_sensor_decorator to None, run_after=None
[2026-04-28T20:34:25.371+0200] {processor.py:183} INFO - Processing /Users/pablofrancoherrero/prueba_tecnica/venv/lib/python3.11/site-packages/airflow/example_dags/example_sensor_decorator.py took 0.049 seconds
[2026-04-28T20:35:48.233+0200] {processor.py:161} INFO - Started process (PID=56015) to work on /Users/pablofrancoherrero/prueba_tecnica/venv/lib/python3.11/site-packages/airflow/example_dags/example_sensor_decorator.py
[2026-04-28T20:35:48.234+0200] {processor.py:830} INFO - Processing file /Users/pablofrancoherrero/prueba_tecnica/venv/lib/python3.11/site-packages/airflow/example_dags/example_sensor_decorator.py for tasks to queue
[2026-04-28T20:35:48.234+0200] {logging_mixin.py:188} INFO - [2026-04-28T20:35:48.234+0200] {dagbag.py:540} INFO - Filling up the DagBag from /Users/pablofrancoherrero/prueba_tecnica/venv/lib/python3.11/site-packages/airflow/example_dags/example_sensor_decorator.py
[2026-04-28T20:35:48.245+0200] {processor.py:840} INFO - DAG(s) 'example_sensor_decorator' retrieved from /Users/pablofrancoherrero/prueba_tecnica/venv/lib/python3.11/site-packages/airflow/example_dags/example_sensor_decorator.py
[2026-04-28T20:35:48.273+0200] {logging_mixin.py:188} INFO - [2026-04-28T20:35:48.273+0200] {dag.py:3096} INFO - Sync 1 DAGs
[2026-04-28T20:35:48.276+0200] {logging_mixin.py:188} INFO - [2026-04-28T20:35:48.276+0200] {dag.py:3954} INFO - Setting next_dagrun for example_sensor_decorator to None, run_after=None
[2026-04-28T20:35:48.281+0200] {processor.py:183} INFO - Processing /Users/pablofrancoherrero/prueba_tecnica/venv/lib/python3.11/site-packages/airflow/example_dags/example_sensor_decorator.py took 0.049 seconds
[2026-04-28T20:37:08.943+0200] {processor.py:161} INFO - Started process (PID=56101) to work on /Users/pablofrancoherrero/prueba_tecnica/venv/lib/python3.11/site-packages/airflow/example_dags/example_sensor_decorator.py
[2026-04-28T20:37:08.944+0200] {processor.py:830} INFO - Processing file /Users/pablofrancoherrero/prueba_tecnica/venv/lib/python3.11/site-packages/airflow/example_dags/example_sensor_decorator.py for tasks to queue
[2026-04-28T20:37:08.944+0200] {logging_mixin.py:188} INFO - [2026-04-28T20:37:08.944+0200] {dagbag.py:540} INFO - Filling up the DagBag from /Users/pablofrancoherrero/prueba_tecnica/venv/lib/python3.11/site-packages/airflow/example_dags/example_sensor_decorator.py
[2026-04-28T20:37:08.955+0200] {processor.py:840} INFO - DAG(s) 'example_sensor_decorator' retrieved from /Users/pablofrancoherrero/prueba_tecnica/venv/lib/python3.11/site-packages/airflow/example_dags/example_sensor_decorator.py
[2026-04-28T20:37:08.984+0200] {logging_mixin.py:188} INFO - [2026-04-28T20:37:08.984+0200] {dag.py:3096} INFO - Sync 1 DAGs
[2026-04-28T20:37:08.987+0200] {logging_mixin.py:188} INFO - [2026-04-28T20:37:08.987+0200] {dag.py:3954} INFO - Setting next_dagrun for example_sensor_decorator to None, run_after=None
[2026-04-28T20:37:08.992+0200] {processor.py:183} INFO - Processing /Users/pablofrancoherrero/prueba_tecnica/venv/lib/python3.11/site-packages/airflow/example_dags/example_sensor_decorator.py took 0.049 seconds
[2026-04-28T20:38:32.135+0200] {processor.py:161} INFO - Started process (PID=56237) to work on /Users/pablofrancoherrero/prueba_tecnica/venv/lib/python3.11/site-packages/airflow/example_dags/example_sensor_decorator.py
[2026-04-28T20:38:32.136+0200] {processor.py:830} INFO - Processing file /Users/pablofrancoherrero/prueba_tecnica/venv/lib/python3.11/site-packages/airflow/example_dags/example_sensor_decorator.py for tasks to queue
[2026-04-28T20:38:32.136+0200] {logging_mixin.py:188} INFO - [2026-04-28T20:38:32.136+0200] {dagbag.py:540} INFO - Filling up the DagBag from /Users/pablofrancoherrero/prueba_tecnica/venv/lib/python3.11/site-packages/airflow/example_dags/example_sensor_decorator.py
[2026-04-28T20:38:32.147+0200] {processor.py:840} INFO - DAG(s) 'example_sensor_decorator' retrieved from /Users/pablofrancoherrero/prueba_tecnica/venv/lib/python3.11/site-packages/airflow/example_dags/example_sensor_decorator.py
[2026-04-28T20:38:32.176+0200] {logging_mixin.py:188} INFO - [2026-04-28T20:38:32.176+0200] {dag.py:3096} INFO - Sync 1 DAGs
[2026-04-28T20:38:32.178+0200] {logging_mixin.py:188} INFO - [2026-04-28T20:38:32.178+0200] {dag.py:3954} INFO - Setting next_dagrun for example_sensor_decorator to None, run_after=None
[2026-04-28T20:38:32.183+0200] {processor.py:183} INFO - Processing /Users/pablofrancoherrero/prueba_tecnica/venv/lib/python3.11/site-packages/airflow/example_dags/example_sensor_decorator.py took 0.049 seconds
[2026-04-28T20:39:52.541+0200] {processor.py:161} INFO - Started process (PID=56378) to work on /Users/pablofrancoherrero/prueba_tecnica/venv/lib/python3.11/site-packages/airflow/example_dags/example_sensor_decorator.py
[2026-04-28T20:39:52.542+0200] {processor.py:830} INFO - Processing file /Users/pablofrancoherrero/prueba_tecnica/venv/lib/python3.11/site-packages/airflow/example_dags/example_sensor_decorator.py for tasks to queue
[2026-04-28T20:39:52.542+0200] {logging_mixin.py:188} INFO - [2026-04-28T20:39:52.542+0200] {dagbag.py:540} INFO - Filling up the DagBag from /Users/pablofrancoherrero/prueba_tecnica/venv/lib/python3.11/site-packages/airflow/example_dags/example_sensor_decorator.py
[2026-04-28T20:39:52.554+0200] {processor.py:840} INFO - DAG(s) 'example_sensor_decorator' retrieved from /Users/pablofrancoherrero/prueba_tecnica/venv/lib/python3.11/site-packages/airflow/example_dags/example_sensor_decorator.py
[2026-04-28T20:39:52.583+0200] {logging_mixin.py:188} INFO - [2026-04-28T20:39:52.583+0200] {dag.py:3096} INFO - Sync 1 DAGs
[2026-04-28T20:39:52.586+0200] {logging_mixin.py:188} INFO - [2026-04-28T20:39:52.586+0200] {dag.py:3954} INFO - Setting next_dagrun for example_sensor_decorator to None, run_after=None
[2026-04-28T20:39:52.590+0200] {processor.py:183} INFO - Processing /Users/pablofrancoherrero/prueba_tecnica/venv/lib/python3.11/site-packages/airflow/example_dags/example_sensor_decorator.py took 0.050 seconds
[2026-04-28T20:41:15.118+0200] {processor.py:161} INFO - Started process (PID=56483) to work on /Users/pablofrancoherrero/prueba_tecnica/venv/lib/python3.11/site-packages/airflow/example_dags/example_sensor_decorator.py
[2026-04-28T20:41:15.118+0200] {processor.py:830} INFO - Processing file /Users/pablofrancoherrero/prueba_tecnica/venv/lib/python3.11/site-packages/airflow/example_dags/example_sensor_decorator.py for tasks to queue
[2026-04-28T20:41:15.119+0200] {logging_mixin.py:188} INFO - [2026-04-28T20:41:15.119+0200] {dagbag.py:540} INFO - Filling up the DagBag from /Users/pablofrancoherrero/prueba_tecnica/venv/lib/python3.11/site-packages/airflow/example_dags/example_sensor_decorator.py
[2026-04-28T20:41:15.131+0200] {processor.py:840} INFO - DAG(s) 'example_sensor_decorator' retrieved from /Users/pablofrancoherrero/prueba_tecnica/venv/lib/python3.11/site-packages/airflow/example_dags/example_sensor_decorator.py
[2026-04-28T20:41:15.161+0200] {logging_mixin.py:188} INFO - [2026-04-28T20:41:15.161+0200] {dag.py:3096} INFO - Sync 1 DAGs
[2026-04-28T20:41:15.164+0200] {logging_mixin.py:188} INFO - [2026-04-28T20:41:15.163+0200] {dag.py:3954} INFO - Setting next_dagrun for example_sensor_decorator to None, run_after=None
[2026-04-28T20:41:15.169+0200] {processor.py:183} INFO - Processing /Users/pablofrancoherrero/prueba_tecnica/venv/lib/python3.11/site-packages/airflow/example_dags/example_sensor_decorator.py took 0.052 seconds
