[2026-04-28T18:22:42.356+0200] {processor.py:161} INFO - Started process (PID=32972) to work on /Users/pablofrancoherrero/prueba_tecnica/venv/lib/python3.11/site-packages/airflow/example_dags/example_external_task_marker_dag.py
[2026-04-28T18:22:42.356+0200] {processor.py:830} INFO - Processing file /Users/pablofrancoherrero/prueba_tecnica/venv/lib/python3.11/site-packages/airflow/example_dags/example_external_task_marker_dag.py for tasks to queue
[2026-04-28T18:22:42.357+0200] {logging_mixin.py:188} INFO - [2026-04-28T18:22:42.357+0200] {dagbag.py:540} INFO - Filling up the DagBag from /Users/pablofrancoherrero/prueba_tecnica/venv/lib/python3.11/site-packages/airflow/example_dags/example_external_task_marker_dag.py
[2026-04-28T18:22:42.361+0200] {processor.py:840} INFO - DAG(s) 'example_external_task_marker_parent', 'example_external_task_marker_child' retrieved from /Users/pablofrancoherrero/prueba_tecnica/venv/lib/python3.11/site-packages/airflow/example_dags/example_external_task_marker_dag.py
[2026-04-28T18:22:42.409+0200] {logging_mixin.py:188} INFO - [2026-04-28T18:22:42.409+0200] {override.py:1829} INFO - Created Permission View: can read on DAG:example_external_task_marker_parent
[2026-04-28T18:22:42.411+0200] {logging_mixin.py:188} INFO - [2026-04-28T18:22:42.411+0200] {override.py:1829} INFO - Created Permission View: can delete on DAG:example_external_task_marker_parent
[2026-04-28T18:22:42.412+0200] {logging_mixin.py:188} INFO - [2026-04-28T18:22:42.412+0200] {override.py:1829} INFO - Created Permission View: can edit on DAG:example_external_task_marker_parent
[2026-04-28T18:22:42.418+0200] {logging_mixin.py:188} INFO - [2026-04-28T18:22:42.418+0200] {override.py:1829} INFO - Created Permission View: can read on DAG:example_external_task_marker_child
[2026-04-28T18:22:42.419+0200] {logging_mixin.py:188} INFO - [2026-04-28T18:22:42.419+0200] {override.py:1829} INFO - Created Permission View: can delete on DAG:example_external_task_marker_child
[2026-04-28T18:22:42.420+0200] {logging_mixin.py:188} INFO - [2026-04-28T18:22:42.420+0200] {override.py:1829} INFO - Created Permission View: can edit on DAG:example_external_task_marker_child
[2026-04-28T18:22:42.420+0200] {logging_mixin.py:188} INFO - [2026-04-28T18:22:42.420+0200] {dag.py:3096} INFO - Sync 2 DAGs
[2026-04-28T18:22:42.423+0200] {logging_mixin.py:188} INFO - [2026-04-28T18:22:42.423+0200] {dag.py:3118} INFO - Creating ORM DAG for example_external_task_marker_child
[2026-04-28T18:22:42.423+0200] {logging_mixin.py:188} INFO - [2026-04-28T18:22:42.423+0200] {dag.py:3118} INFO - Creating ORM DAG for example_external_task_marker_parent
[2026-04-28T18:22:42.423+0200] {logging_mixin.py:188} INFO - [2026-04-28T18:22:42.423+0200] {dag.py:3954} INFO - Setting next_dagrun for example_external_task_marker_child to None, run_after=None
[2026-04-28T18:22:42.423+0200] {logging_mixin.py:188} INFO - [2026-04-28T18:22:42.423+0200] {dag.py:3954} INFO - Setting next_dagrun for example_external_task_marker_parent to None, run_after=None
[2026-04-28T18:22:42.428+0200] {processor.py:183} INFO - Processing /Users/pablofrancoherrero/prueba_tecnica/venv/lib/python3.11/site-packages/airflow/example_dags/example_external_task_marker_dag.py took 0.072 seconds
[2026-04-28T18:24:03.935+0200] {processor.py:161} INFO - Started process (PID=33076) to work on /Users/pablofrancoherrero/prueba_tecnica/venv/lib/python3.11/site-packages/airflow/example_dags/example_external_task_marker_dag.py
[2026-04-28T18:24:03.935+0200] {processor.py:830} INFO - Processing file /Users/pablofrancoherrero/prueba_tecnica/venv/lib/python3.11/site-packages/airflow/example_dags/example_external_task_marker_dag.py for tasks to queue
[2026-04-28T18:24:03.936+0200] {logging_mixin.py:188} INFO - [2026-04-28T18:24:03.936+0200] {dagbag.py:540} INFO - Filling up the DagBag from /Users/pablofrancoherrero/prueba_tecnica/venv/lib/python3.11/site-packages/airflow/example_dags/example_external_task_marker_dag.py
[2026-04-28T18:24:03.940+0200] {processor.py:840} INFO - DAG(s) 'example_external_task_marker_child', 'example_external_task_marker_parent' retrieved from /Users/pablofrancoherrero/prueba_tecnica/venv/lib/python3.11/site-packages/airflow/example_dags/example_external_task_marker_dag.py
[2026-04-28T18:24:03.968+0200] {logging_mixin.py:188} INFO - [2026-04-28T18:24:03.968+0200] {dag.py:3096} INFO - Sync 2 DAGs
[2026-04-28T18:24:03.971+0200] {logging_mixin.py:188} INFO - [2026-04-28T18:24:03.971+0200] {dag.py:3954} INFO - Setting next_dagrun for example_external_task_marker_child to None, run_after=None
[2026-04-28T18:24:03.972+0200] {logging_mixin.py:188} INFO - [2026-04-28T18:24:03.972+0200] {dag.py:3954} INFO - Setting next_dagrun for example_external_task_marker_parent to None, run_after=None
[2026-04-28T18:24:03.976+0200] {processor.py:183} INFO - Processing /Users/pablofrancoherrero/prueba_tecnica/venv/lib/python3.11/site-packages/airflow/example_dags/example_external_task_marker_dag.py took 0.042 seconds
[2026-04-28T18:25:26.227+0200] {processor.py:161} INFO - Started process (PID=33173) to work on /Users/pablofrancoherrero/prueba_tecnica/venv/lib/python3.11/site-packages/airflow/example_dags/example_external_task_marker_dag.py
[2026-04-28T18:25:26.228+0200] {processor.py:830} INFO - Processing file /Users/pablofrancoherrero/prueba_tecnica/venv/lib/python3.11/site-packages/airflow/example_dags/example_external_task_marker_dag.py for tasks to queue
[2026-04-28T18:25:26.229+0200] {logging_mixin.py:188} INFO - [2026-04-28T18:25:26.229+0200] {dagbag.py:540} INFO - Filling up the DagBag from /Users/pablofrancoherrero/prueba_tecnica/venv/lib/python3.11/site-packages/airflow/example_dags/example_external_task_marker_dag.py
[2026-04-28T18:25:26.232+0200] {processor.py:840} INFO - DAG(s) 'example_external_task_marker_parent', 'example_external_task_marker_child' retrieved from /Users/pablofrancoherrero/prueba_tecnica/venv/lib/python3.11/site-packages/airflow/example_dags/example_external_task_marker_dag.py
[2026-04-28T18:25:26.260+0200] {logging_mixin.py:188} INFO - [2026-04-28T18:25:26.260+0200] {dag.py:3096} INFO - Sync 2 DAGs
[2026-04-28T18:25:26.263+0200] {logging_mixin.py:188} INFO - [2026-04-28T18:25:26.262+0200] {dag.py:3954} INFO - Setting next_dagrun for example_external_task_marker_child to None, run_after=None
[2026-04-28T18:25:26.263+0200] {logging_mixin.py:188} INFO - [2026-04-28T18:25:26.263+0200] {dag.py:3954} INFO - Setting next_dagrun for example_external_task_marker_parent to None, run_after=None
[2026-04-28T18:25:26.268+0200] {processor.py:183} INFO - Processing /Users/pablofrancoherrero/prueba_tecnica/venv/lib/python3.11/site-packages/airflow/example_dags/example_external_task_marker_dag.py took 0.041 seconds
[2026-04-28T18:26:47.607+0200] {processor.py:161} INFO - Started process (PID=33283) to work on /Users/pablofrancoherrero/prueba_tecnica/venv/lib/python3.11/site-packages/airflow/example_dags/example_external_task_marker_dag.py
[2026-04-28T18:26:47.608+0200] {processor.py:830} INFO - Processing file /Users/pablofrancoherrero/prueba_tecnica/venv/lib/python3.11/site-packages/airflow/example_dags/example_external_task_marker_dag.py for tasks to queue
[2026-04-28T18:26:47.608+0200] {logging_mixin.py:188} INFO - [2026-04-28T18:26:47.608+0200] {dagbag.py:540} INFO - Filling up the DagBag from /Users/pablofrancoherrero/prueba_tecnica/venv/lib/python3.11/site-packages/airflow/example_dags/example_external_task_marker_dag.py
[2026-04-28T18:26:47.612+0200] {processor.py:840} INFO - DAG(s) 'example_external_task_marker_child', 'example_external_task_marker_parent' retrieved from /Users/pablofrancoherrero/prueba_tecnica/venv/lib/python3.11/site-packages/airflow/example_dags/example_external_task_marker_dag.py
[2026-04-28T18:26:47.639+0200] {logging_mixin.py:188} INFO - [2026-04-28T18:26:47.639+0200] {dag.py:3096} INFO - Sync 2 DAGs
[2026-04-28T18:26:47.641+0200] {logging_mixin.py:188} INFO - [2026-04-28T18:26:47.641+0200] {dag.py:3954} INFO - Setting next_dagrun for example_external_task_marker_child to None, run_after=None
[2026-04-28T18:26:47.642+0200] {logging_mixin.py:188} INFO - [2026-04-28T18:26:47.642+0200] {dag.py:3954} INFO - Setting next_dagrun for example_external_task_marker_parent to None, run_after=None
[2026-04-28T18:26:47.647+0200] {processor.py:183} INFO - Processing /Users/pablofrancoherrero/prueba_tecnica/venv/lib/python3.11/site-packages/airflow/example_dags/example_external_task_marker_dag.py took 0.040 seconds
[2026-04-28T18:28:00.651+0200] {processor.py:161} INFO - Started process (PID=33367) to work on /Users/pablofrancoherrero/prueba_tecnica/venv/lib/python3.11/site-packages/airflow/example_dags/example_external_task_marker_dag.py
[2026-04-28T18:28:00.652+0200] {processor.py:830} INFO - Processing file /Users/pablofrancoherrero/prueba_tecnica/venv/lib/python3.11/site-packages/airflow/example_dags/example_external_task_marker_dag.py for tasks to queue
[2026-04-28T18:28:00.653+0200] {logging_mixin.py:188} INFO - [2026-04-28T18:28:00.653+0200] {dagbag.py:540} INFO - Filling up the DagBag from /Users/pablofrancoherrero/prueba_tecnica/venv/lib/python3.11/site-packages/airflow/example_dags/example_external_task_marker_dag.py
[2026-04-28T18:28:00.656+0200] {processor.py:840} INFO - DAG(s) 'example_external_task_marker_parent', 'example_external_task_marker_child' retrieved from /Users/pablofrancoherrero/prueba_tecnica/venv/lib/python3.11/site-packages/airflow/example_dags/example_external_task_marker_dag.py
[2026-04-28T18:28:00.684+0200] {logging_mixin.py:188} INFO - [2026-04-28T18:28:00.684+0200] {dag.py:3096} INFO - Sync 2 DAGs
[2026-04-28T18:28:00.687+0200] {logging_mixin.py:188} INFO - [2026-04-28T18:28:00.687+0200] {dag.py:3954} INFO - Setting next_dagrun for example_external_task_marker_child to None, run_after=None
[2026-04-28T18:28:00.688+0200] {logging_mixin.py:188} INFO - [2026-04-28T18:28:00.688+0200] {dag.py:3954} INFO - Setting next_dagrun for example_external_task_marker_parent to None, run_after=None
[2026-04-28T18:28:00.692+0200] {processor.py:183} INFO - Processing /Users/pablofrancoherrero/prueba_tecnica/venv/lib/python3.11/site-packages/airflow/example_dags/example_external_task_marker_dag.py took 0.041 seconds
[2026-04-28T18:29:22.446+0200] {processor.py:161} INFO - Started process (PID=33456) to work on /Users/pablofrancoherrero/prueba_tecnica/venv/lib/python3.11/site-packages/airflow/example_dags/example_external_task_marker_dag.py
[2026-04-28T18:29:22.447+0200] {processor.py:830} INFO - Processing file /Users/pablofrancoherrero/prueba_tecnica/venv/lib/python3.11/site-packages/airflow/example_dags/example_external_task_marker_dag.py for tasks to queue
[2026-04-28T18:29:22.447+0200] {logging_mixin.py:188} INFO - [2026-04-28T18:29:22.447+0200] {dagbag.py:540} INFO - Filling up the DagBag from /Users/pablofrancoherrero/prueba_tecnica/venv/lib/python3.11/site-packages/airflow/example_dags/example_external_task_marker_dag.py
[2026-04-28T18:29:22.451+0200] {processor.py:840} INFO - DAG(s) 'example_external_task_marker_child', 'example_external_task_marker_parent' retrieved from /Users/pablofrancoherrero/prueba_tecnica/venv/lib/python3.11/site-packages/airflow/example_dags/example_external_task_marker_dag.py
[2026-04-28T18:29:22.480+0200] {logging_mixin.py:188} INFO - [2026-04-28T18:29:22.480+0200] {dag.py:3096} INFO - Sync 2 DAGs
[2026-04-28T18:29:22.482+0200] {logging_mixin.py:188} INFO - [2026-04-28T18:29:22.482+0200] {dag.py:3954} INFO - Setting next_dagrun for example_external_task_marker_child to None, run_after=None
[2026-04-28T18:29:22.483+0200] {logging_mixin.py:188} INFO - [2026-04-28T18:29:22.483+0200] {dag.py:3954} INFO - Setting next_dagrun for example_external_task_marker_parent to None, run_after=None
[2026-04-28T18:29:22.488+0200] {processor.py:183} INFO - Processing /Users/pablofrancoherrero/prueba_tecnica/venv/lib/python3.11/site-packages/airflow/example_dags/example_external_task_marker_dag.py took 0.042 seconds
[2026-04-28T18:30:43.748+0200] {processor.py:161} INFO - Started process (PID=33584) to work on /Users/pablofrancoherrero/prueba_tecnica/venv/lib/python3.11/site-packages/airflow/example_dags/example_external_task_marker_dag.py
[2026-04-28T18:30:43.749+0200] {processor.py:830} INFO - Processing file /Users/pablofrancoherrero/prueba_tecnica/venv/lib/python3.11/site-packages/airflow/example_dags/example_external_task_marker_dag.py for tasks to queue
[2026-04-28T18:30:43.749+0200] {logging_mixin.py:188} INFO - [2026-04-28T18:30:43.749+0200] {dagbag.py:540} INFO - Filling up the DagBag from /Users/pablofrancoherrero/prueba_tecnica/venv/lib/python3.11/site-packages/airflow/example_dags/example_external_task_marker_dag.py
[2026-04-28T18:30:43.753+0200] {processor.py:840} INFO - DAG(s) 'example_external_task_marker_child', 'example_external_task_marker_parent' retrieved from /Users/pablofrancoherrero/prueba_tecnica/venv/lib/python3.11/site-packages/airflow/example_dags/example_external_task_marker_dag.py
[2026-04-28T18:30:43.783+0200] {logging_mixin.py:188} INFO - [2026-04-28T18:30:43.783+0200] {dag.py:3096} INFO - Sync 2 DAGs
[2026-04-28T18:30:43.786+0200] {logging_mixin.py:188} INFO - [2026-04-28T18:30:43.786+0200] {dag.py:3954} INFO - Setting next_dagrun for example_external_task_marker_child to None, run_after=None
[2026-04-28T18:30:43.787+0200] {logging_mixin.py:188} INFO - [2026-04-28T18:30:43.787+0200] {dag.py:3954} INFO - Setting next_dagrun for example_external_task_marker_parent to None, run_after=None
[2026-04-28T18:30:43.791+0200] {processor.py:183} INFO - Processing /Users/pablofrancoherrero/prueba_tecnica/venv/lib/python3.11/site-packages/airflow/example_dags/example_external_task_marker_dag.py took 0.044 seconds
[2026-04-28T18:32:06.887+0200] {processor.py:161} INFO - Started process (PID=33841) to work on /Users/pablofrancoherrero/prueba_tecnica/venv/lib/python3.11/site-packages/airflow/example_dags/example_external_task_marker_dag.py
[2026-04-28T18:32:06.888+0200] {processor.py:830} INFO - Processing file /Users/pablofrancoherrero/prueba_tecnica/venv/lib/python3.11/site-packages/airflow/example_dags/example_external_task_marker_dag.py for tasks to queue
[2026-04-28T18:32:06.888+0200] {logging_mixin.py:188} INFO - [2026-04-28T18:32:06.888+0200] {dagbag.py:540} INFO - Filling up the DagBag from /Users/pablofrancoherrero/prueba_tecnica/venv/lib/python3.11/site-packages/airflow/example_dags/example_external_task_marker_dag.py
[2026-04-28T18:32:06.892+0200] {processor.py:840} INFO - DAG(s) 'example_external_task_marker_parent', 'example_external_task_marker_child' retrieved from /Users/pablofrancoherrero/prueba_tecnica/venv/lib/python3.11/site-packages/airflow/example_dags/example_external_task_marker_dag.py
[2026-04-28T18:32:06.920+0200] {logging_mixin.py:188} INFO - [2026-04-28T18:32:06.920+0200] {dag.py:3096} INFO - Sync 2 DAGs
[2026-04-28T18:32:06.923+0200] {logging_mixin.py:188} INFO - [2026-04-28T18:32:06.923+0200] {dag.py:3954} INFO - Setting next_dagrun for example_external_task_marker_child to None, run_after=None
[2026-04-28T18:32:06.924+0200] {logging_mixin.py:188} INFO - [2026-04-28T18:32:06.924+0200] {dag.py:3954} INFO - Setting next_dagrun for example_external_task_marker_parent to None, run_after=None
[2026-04-28T18:32:06.928+0200] {processor.py:183} INFO - Processing /Users/pablofrancoherrero/prueba_tecnica/venv/lib/python3.11/site-packages/airflow/example_dags/example_external_task_marker_dag.py took 0.042 seconds
[2026-04-28T18:33:23.894+0200] {processor.py:161} INFO - Started process (PID=33922) to work on /Users/pablofrancoherrero/prueba_tecnica/venv/lib/python3.11/site-packages/airflow/example_dags/example_external_task_marker_dag.py
[2026-04-28T18:33:23.895+0200] {processor.py:830} INFO - Processing file /Users/pablofrancoherrero/prueba_tecnica/venv/lib/python3.11/site-packages/airflow/example_dags/example_external_task_marker_dag.py for tasks to queue
[2026-04-28T18:33:23.895+0200] {logging_mixin.py:188} INFO - [2026-04-28T18:33:23.895+0200] {dagbag.py:540} INFO - Filling up the DagBag from /Users/pablofrancoherrero/prueba_tecnica/venv/lib/python3.11/site-packages/airflow/example_dags/example_external_task_marker_dag.py
[2026-04-28T18:33:23.899+0200] {processor.py:840} INFO - DAG(s) 'example_external_task_marker_child', 'example_external_task_marker_parent' retrieved from /Users/pablofrancoherrero/prueba_tecnica/venv/lib/python3.11/site-packages/airflow/example_dags/example_external_task_marker_dag.py
[2026-04-28T18:33:23.927+0200] {logging_mixin.py:188} INFO - [2026-04-28T18:33:23.927+0200] {dag.py:3096} INFO - Sync 2 DAGs
[2026-04-28T18:33:23.930+0200] {logging_mixin.py:188} INFO - [2026-04-28T18:33:23.930+0200] {dag.py:3954} INFO - Setting next_dagrun for example_external_task_marker_child to None, run_after=None
[2026-04-28T18:33:23.931+0200] {logging_mixin.py:188} INFO - [2026-04-28T18:33:23.931+0200] {dag.py:3954} INFO - Setting next_dagrun for example_external_task_marker_parent to None, run_after=None
[2026-04-28T18:33:23.935+0200] {processor.py:183} INFO - Processing /Users/pablofrancoherrero/prueba_tecnica/venv/lib/python3.11/site-packages/airflow/example_dags/example_external_task_marker_dag.py took 0.042 seconds
[2026-04-28T18:34:40.026+0200] {processor.py:161} INFO - Started process (PID=34026) to work on /Users/pablofrancoherrero/prueba_tecnica/venv/lib/python3.11/site-packages/airflow/example_dags/example_external_task_marker_dag.py
[2026-04-28T18:34:40.027+0200] {processor.py:830} INFO - Processing file /Users/pablofrancoherrero/prueba_tecnica/venv/lib/python3.11/site-packages/airflow/example_dags/example_external_task_marker_dag.py for tasks to queue
[2026-04-28T18:34:40.027+0200] {logging_mixin.py:188} INFO - [2026-04-28T18:34:40.027+0200] {dagbag.py:540} INFO - Filling up the DagBag from /Users/pablofrancoherrero/prueba_tecnica/venv/lib/python3.11/site-packages/airflow/example_dags/example_external_task_marker_dag.py
[2026-04-28T18:34:40.031+0200] {processor.py:840} INFO - DAG(s) 'example_external_task_marker_parent', 'example_external_task_marker_child' retrieved from /Users/pablofrancoherrero/prueba_tecnica/venv/lib/python3.11/site-packages/airflow/example_dags/example_external_task_marker_dag.py
[2026-04-28T18:34:40.060+0200] {logging_mixin.py:188} INFO - [2026-04-28T18:34:40.059+0200] {dag.py:3096} INFO - Sync 2 DAGs
[2026-04-28T18:34:40.062+0200] {logging_mixin.py:188} INFO - [2026-04-28T18:34:40.062+0200] {dag.py:3954} INFO - Setting next_dagrun for example_external_task_marker_child to None, run_after=None
[2026-04-28T18:34:40.063+0200] {logging_mixin.py:188} INFO - [2026-04-28T18:34:40.063+0200] {dag.py:3954} INFO - Setting next_dagrun for example_external_task_marker_parent to None, run_after=None
[2026-04-28T18:34:40.067+0200] {processor.py:183} INFO - Processing /Users/pablofrancoherrero/prueba_tecnica/venv/lib/python3.11/site-packages/airflow/example_dags/example_external_task_marker_dag.py took 0.042 seconds
[2026-04-28T18:36:00.989+0200] {processor.py:161} INFO - Started process (PID=34156) to work on /Users/pablofrancoherrero/prueba_tecnica/venv/lib/python3.11/site-packages/airflow/example_dags/example_external_task_marker_dag.py
[2026-04-28T18:36:00.990+0200] {processor.py:830} INFO - Processing file /Users/pablofrancoherrero/prueba_tecnica/venv/lib/python3.11/site-packages/airflow/example_dags/example_external_task_marker_dag.py for tasks to queue
[2026-04-28T18:36:00.990+0200] {logging_mixin.py:188} INFO - [2026-04-28T18:36:00.990+0200] {dagbag.py:540} INFO - Filling up the DagBag from /Users/pablofrancoherrero/prueba_tecnica/venv/lib/python3.11/site-packages/airflow/example_dags/example_external_task_marker_dag.py
[2026-04-28T18:36:00.994+0200] {processor.py:840} INFO - DAG(s) 'example_external_task_marker_child', 'example_external_task_marker_parent' retrieved from /Users/pablofrancoherrero/prueba_tecnica/venv/lib/python3.11/site-packages/airflow/example_dags/example_external_task_marker_dag.py
[2026-04-28T18:36:01.022+0200] {logging_mixin.py:188} INFO - [2026-04-28T18:36:01.022+0200] {dag.py:3096} INFO - Sync 2 DAGs
[2026-04-28T18:36:01.025+0200] {logging_mixin.py:188} INFO - [2026-04-28T18:36:01.025+0200] {dag.py:3954} INFO - Setting next_dagrun for example_external_task_marker_child to None, run_after=None
[2026-04-28T18:36:01.026+0200] {logging_mixin.py:188} INFO - [2026-04-28T18:36:01.026+0200] {dag.py:3954} INFO - Setting next_dagrun for example_external_task_marker_parent to None, run_after=None
[2026-04-28T18:36:01.030+0200] {processor.py:183} INFO - Processing /Users/pablofrancoherrero/prueba_tecnica/venv/lib/python3.11/site-packages/airflow/example_dags/example_external_task_marker_dag.py took 0.042 seconds
[2026-04-28T18:37:22.540+0200] {processor.py:161} INFO - Started process (PID=34246) to work on /Users/pablofrancoherrero/prueba_tecnica/venv/lib/python3.11/site-packages/airflow/example_dags/example_external_task_marker_dag.py
[2026-04-28T18:37:22.541+0200] {processor.py:830} INFO - Processing file /Users/pablofrancoherrero/prueba_tecnica/venv/lib/python3.11/site-packages/airflow/example_dags/example_external_task_marker_dag.py for tasks to queue
[2026-04-28T18:37:22.541+0200] {logging_mixin.py:188} INFO - [2026-04-28T18:37:22.541+0200] {dagbag.py:540} INFO - Filling up the DagBag from /Users/pablofrancoherrero/prueba_tecnica/venv/lib/python3.11/site-packages/airflow/example_dags/example_external_task_marker_dag.py
[2026-04-28T18:37:22.545+0200] {processor.py:840} INFO - DAG(s) 'example_external_task_marker_parent', 'example_external_task_marker_child' retrieved from /Users/pablofrancoherrero/prueba_tecnica/venv/lib/python3.11/site-packages/airflow/example_dags/example_external_task_marker_dag.py
[2026-04-28T18:37:22.574+0200] {logging_mixin.py:188} INFO - [2026-04-28T18:37:22.574+0200] {dag.py:3096} INFO - Sync 2 DAGs
[2026-04-28T18:37:22.577+0200] {logging_mixin.py:188} INFO - [2026-04-28T18:37:22.577+0200] {dag.py:3954} INFO - Setting next_dagrun for example_external_task_marker_child to None, run_after=None
[2026-04-28T18:37:22.578+0200] {logging_mixin.py:188} INFO - [2026-04-28T18:37:22.578+0200] {dag.py:3954} INFO - Setting next_dagrun for example_external_task_marker_parent to None, run_after=None
[2026-04-28T18:37:22.582+0200] {processor.py:183} INFO - Processing /Users/pablofrancoherrero/prueba_tecnica/venv/lib/python3.11/site-packages/airflow/example_dags/example_external_task_marker_dag.py took 0.043 seconds
[2026-04-28T18:38:42.726+0200] {processor.py:161} INFO - Started process (PID=34342) to work on /Users/pablofrancoherrero/prueba_tecnica/venv/lib/python3.11/site-packages/airflow/example_dags/example_external_task_marker_dag.py
[2026-04-28T18:38:42.727+0200] {processor.py:830} INFO - Processing file /Users/pablofrancoherrero/prueba_tecnica/venv/lib/python3.11/site-packages/airflow/example_dags/example_external_task_marker_dag.py for tasks to queue
[2026-04-28T18:38:42.727+0200] {logging_mixin.py:188} INFO - [2026-04-28T18:38:42.727+0200] {dagbag.py:540} INFO - Filling up the DagBag from /Users/pablofrancoherrero/prueba_tecnica/venv/lib/python3.11/site-packages/airflow/example_dags/example_external_task_marker_dag.py
[2026-04-28T18:38:42.731+0200] {processor.py:840} INFO - DAG(s) 'example_external_task_marker_parent', 'example_external_task_marker_child' retrieved from /Users/pablofrancoherrero/prueba_tecnica/venv/lib/python3.11/site-packages/airflow/example_dags/example_external_task_marker_dag.py
[2026-04-28T18:38:42.760+0200] {logging_mixin.py:188} INFO - [2026-04-28T18:38:42.760+0200] {dag.py:3096} INFO - Sync 2 DAGs
[2026-04-28T18:38:42.762+0200] {logging_mixin.py:188} INFO - [2026-04-28T18:38:42.762+0200] {dag.py:3954} INFO - Setting next_dagrun for example_external_task_marker_child to None, run_after=None
[2026-04-28T18:38:42.763+0200] {logging_mixin.py:188} INFO - [2026-04-28T18:38:42.763+0200] {dag.py:3954} INFO - Setting next_dagrun for example_external_task_marker_parent to None, run_after=None
[2026-04-28T18:38:42.768+0200] {processor.py:183} INFO - Processing /Users/pablofrancoherrero/prueba_tecnica/venv/lib/python3.11/site-packages/airflow/example_dags/example_external_task_marker_dag.py took 0.042 seconds
[2026-04-28T18:40:05.235+0200] {processor.py:161} INFO - Started process (PID=34444) to work on /Users/pablofrancoherrero/prueba_tecnica/venv/lib/python3.11/site-packages/airflow/example_dags/example_external_task_marker_dag.py
[2026-04-28T18:40:05.235+0200] {processor.py:830} INFO - Processing file /Users/pablofrancoherrero/prueba_tecnica/venv/lib/python3.11/site-packages/airflow/example_dags/example_external_task_marker_dag.py for tasks to queue
[2026-04-28T18:40:05.235+0200] {logging_mixin.py:188} INFO - [2026-04-28T18:40:05.235+0200] {dagbag.py:540} INFO - Filling up the DagBag from /Users/pablofrancoherrero/prueba_tecnica/venv/lib/python3.11/site-packages/airflow/example_dags/example_external_task_marker_dag.py
[2026-04-28T18:40:05.239+0200] {processor.py:840} INFO - DAG(s) 'example_external_task_marker_child', 'example_external_task_marker_parent' retrieved from /Users/pablofrancoherrero/prueba_tecnica/venv/lib/python3.11/site-packages/airflow/example_dags/example_external_task_marker_dag.py
[2026-04-28T18:40:05.267+0200] {logging_mixin.py:188} INFO - [2026-04-28T18:40:05.267+0200] {dag.py:3096} INFO - Sync 2 DAGs
[2026-04-28T18:40:05.269+0200] {logging_mixin.py:188} INFO - [2026-04-28T18:40:05.269+0200] {dag.py:3954} INFO - Setting next_dagrun for example_external_task_marker_child to None, run_after=None
[2026-04-28T18:40:05.270+0200] {logging_mixin.py:188} INFO - [2026-04-28T18:40:05.270+0200] {dag.py:3954} INFO - Setting next_dagrun for example_external_task_marker_parent to None, run_after=None
[2026-04-28T18:40:05.274+0200] {processor.py:183} INFO - Processing /Users/pablofrancoherrero/prueba_tecnica/venv/lib/python3.11/site-packages/airflow/example_dags/example_external_task_marker_dag.py took 0.040 seconds
[2026-04-28T18:41:21.756+0200] {processor.py:161} INFO - Started process (PID=34556) to work on /Users/pablofrancoherrero/prueba_tecnica/venv/lib/python3.11/site-packages/airflow/example_dags/example_external_task_marker_dag.py
[2026-04-28T18:41:21.756+0200] {processor.py:830} INFO - Processing file /Users/pablofrancoherrero/prueba_tecnica/venv/lib/python3.11/site-packages/airflow/example_dags/example_external_task_marker_dag.py for tasks to queue
[2026-04-28T18:41:21.757+0200] {logging_mixin.py:188} INFO - [2026-04-28T18:41:21.757+0200] {dagbag.py:540} INFO - Filling up the DagBag from /Users/pablofrancoherrero/prueba_tecnica/venv/lib/python3.11/site-packages/airflow/example_dags/example_external_task_marker_dag.py
[2026-04-28T18:41:21.762+0200] {processor.py:840} INFO - DAG(s) 'example_external_task_marker_parent', 'example_external_task_marker_child' retrieved from /Users/pablofrancoherrero/prueba_tecnica/venv/lib/python3.11/site-packages/airflow/example_dags/example_external_task_marker_dag.py
[2026-04-28T18:41:21.821+0200] {logging_mixin.py:188} INFO - [2026-04-28T18:41:21.821+0200] {dag.py:3096} INFO - Sync 2 DAGs
[2026-04-28T18:41:21.826+0200] {logging_mixin.py:188} INFO - [2026-04-28T18:41:21.826+0200] {dag.py:3954} INFO - Setting next_dagrun for example_external_task_marker_child to None, run_after=None
[2026-04-28T18:41:21.828+0200] {logging_mixin.py:188} INFO - [2026-04-28T18:41:21.828+0200] {dag.py:3954} INFO - Setting next_dagrun for example_external_task_marker_parent to None, run_after=None
[2026-04-28T18:41:21.840+0200] {processor.py:183} INFO - Processing /Users/pablofrancoherrero/prueba_tecnica/venv/lib/python3.11/site-packages/airflow/example_dags/example_external_task_marker_dag.py took 0.085 seconds
[2026-04-28T18:42:49.556+0200] {processor.py:161} INFO - Started process (PID=34915) to work on /Users/pablofrancoherrero/prueba_tecnica/venv/lib/python3.11/site-packages/airflow/example_dags/example_external_task_marker_dag.py
[2026-04-28T18:42:49.557+0200] {processor.py:830} INFO - Processing file /Users/pablofrancoherrero/prueba_tecnica/venv/lib/python3.11/site-packages/airflow/example_dags/example_external_task_marker_dag.py for tasks to queue
[2026-04-28T18:42:49.557+0200] {logging_mixin.py:188} INFO - [2026-04-28T18:42:49.557+0200] {dagbag.py:540} INFO - Filling up the DagBag from /Users/pablofrancoherrero/prueba_tecnica/venv/lib/python3.11/site-packages/airflow/example_dags/example_external_task_marker_dag.py
[2026-04-28T18:42:49.561+0200] {processor.py:840} INFO - DAG(s) 'example_external_task_marker_child', 'example_external_task_marker_parent' retrieved from /Users/pablofrancoherrero/prueba_tecnica/venv/lib/python3.11/site-packages/airflow/example_dags/example_external_task_marker_dag.py
[2026-04-28T18:42:49.588+0200] {logging_mixin.py:188} INFO - [2026-04-28T18:42:49.588+0200] {dag.py:3096} INFO - Sync 2 DAGs
[2026-04-28T18:42:49.591+0200] {logging_mixin.py:188} INFO - [2026-04-28T18:42:49.591+0200] {dag.py:3954} INFO - Setting next_dagrun for example_external_task_marker_child to None, run_after=None
[2026-04-28T18:42:49.591+0200] {logging_mixin.py:188} INFO - [2026-04-28T18:42:49.591+0200] {dag.py:3954} INFO - Setting next_dagrun for example_external_task_marker_parent to None, run_after=None
[2026-04-28T18:42:49.596+0200] {processor.py:183} INFO - Processing /Users/pablofrancoherrero/prueba_tecnica/venv/lib/python3.11/site-packages/airflow/example_dags/example_external_task_marker_dag.py took 0.041 seconds
[2026-04-28T18:44:12.096+0200] {processor.py:161} INFO - Started process (PID=35031) to work on /Users/pablofrancoherrero/prueba_tecnica/venv/lib/python3.11/site-packages/airflow/example_dags/example_external_task_marker_dag.py
[2026-04-28T18:44:12.097+0200] {processor.py:830} INFO - Processing file /Users/pablofrancoherrero/prueba_tecnica/venv/lib/python3.11/site-packages/airflow/example_dags/example_external_task_marker_dag.py for tasks to queue
[2026-04-28T18:44:12.097+0200] {logging_mixin.py:188} INFO - [2026-04-28T18:44:12.097+0200] {dagbag.py:540} INFO - Filling up the DagBag from /Users/pablofrancoherrero/prueba_tecnica/venv/lib/python3.11/site-packages/airflow/example_dags/example_external_task_marker_dag.py
[2026-04-28T18:44:12.101+0200] {processor.py:840} INFO - DAG(s) 'example_external_task_marker_child', 'example_external_task_marker_parent' retrieved from /Users/pablofrancoherrero/prueba_tecnica/venv/lib/python3.11/site-packages/airflow/example_dags/example_external_task_marker_dag.py
[2026-04-28T18:44:12.128+0200] {logging_mixin.py:188} INFO - [2026-04-28T18:44:12.128+0200] {dag.py:3096} INFO - Sync 2 DAGs
[2026-04-28T18:44:12.131+0200] {logging_mixin.py:188} INFO - [2026-04-28T18:44:12.131+0200] {dag.py:3954} INFO - Setting next_dagrun for example_external_task_marker_child to None, run_after=None
[2026-04-28T18:44:12.132+0200] {logging_mixin.py:188} INFO - [2026-04-28T18:44:12.132+0200] {dag.py:3954} INFO - Setting next_dagrun for example_external_task_marker_parent to None, run_after=None
[2026-04-28T18:44:12.136+0200] {processor.py:183} INFO - Processing /Users/pablofrancoherrero/prueba_tecnica/venv/lib/python3.11/site-packages/airflow/example_dags/example_external_task_marker_dag.py took 0.041 seconds
[2026-04-28T18:45:35.884+0200] {processor.py:161} INFO - Started process (PID=35117) to work on /Users/pablofrancoherrero/prueba_tecnica/venv/lib/python3.11/site-packages/airflow/example_dags/example_external_task_marker_dag.py
[2026-04-28T18:45:35.886+0200] {processor.py:830} INFO - Processing file /Users/pablofrancoherrero/prueba_tecnica/venv/lib/python3.11/site-packages/airflow/example_dags/example_external_task_marker_dag.py for tasks to queue
[2026-04-28T18:45:35.886+0200] {logging_mixin.py:188} INFO - [2026-04-28T18:45:35.886+0200] {dagbag.py:540} INFO - Filling up the DagBag from /Users/pablofrancoherrero/prueba_tecnica/venv/lib/python3.11/site-packages/airflow/example_dags/example_external_task_marker_dag.py
[2026-04-28T18:45:35.889+0200] {processor.py:840} INFO - DAG(s) 'example_external_task_marker_child', 'example_external_task_marker_parent' retrieved from /Users/pablofrancoherrero/prueba_tecnica/venv/lib/python3.11/site-packages/airflow/example_dags/example_external_task_marker_dag.py
[2026-04-28T18:45:35.917+0200] {logging_mixin.py:188} INFO - [2026-04-28T18:45:35.917+0200] {dag.py:3096} INFO - Sync 2 DAGs
[2026-04-28T18:45:35.920+0200] {logging_mixin.py:188} INFO - [2026-04-28T18:45:35.920+0200] {dag.py:3954} INFO - Setting next_dagrun for example_external_task_marker_child to None, run_after=None
[2026-04-28T18:45:35.920+0200] {logging_mixin.py:188} INFO - [2026-04-28T18:45:35.920+0200] {dag.py:3954} INFO - Setting next_dagrun for example_external_task_marker_parent to None, run_after=None
[2026-04-28T18:45:35.925+0200] {processor.py:183} INFO - Processing /Users/pablofrancoherrero/prueba_tecnica/venv/lib/python3.11/site-packages/airflow/example_dags/example_external_task_marker_dag.py took 0.041 seconds
[2026-04-28T18:46:57.570+0200] {processor.py:161} INFO - Started process (PID=35228) to work on /Users/pablofrancoherrero/prueba_tecnica/venv/lib/python3.11/site-packages/airflow/example_dags/example_external_task_marker_dag.py
[2026-04-28T18:46:57.571+0200] {processor.py:830} INFO - Processing file /Users/pablofrancoherrero/prueba_tecnica/venv/lib/python3.11/site-packages/airflow/example_dags/example_external_task_marker_dag.py for tasks to queue
[2026-04-28T18:46:57.571+0200] {logging_mixin.py:188} INFO - [2026-04-28T18:46:57.571+0200] {dagbag.py:540} INFO - Filling up the DagBag from /Users/pablofrancoherrero/prueba_tecnica/venv/lib/python3.11/site-packages/airflow/example_dags/example_external_task_marker_dag.py
[2026-04-28T18:46:57.575+0200] {processor.py:840} INFO - DAG(s) 'example_external_task_marker_parent', 'example_external_task_marker_child' retrieved from /Users/pablofrancoherrero/prueba_tecnica/venv/lib/python3.11/site-packages/airflow/example_dags/example_external_task_marker_dag.py
[2026-04-28T18:46:57.602+0200] {logging_mixin.py:188} INFO - [2026-04-28T18:46:57.602+0200] {dag.py:3096} INFO - Sync 2 DAGs
[2026-04-28T18:46:57.605+0200] {logging_mixin.py:188} INFO - [2026-04-28T18:46:57.605+0200] {dag.py:3954} INFO - Setting next_dagrun for example_external_task_marker_child to None, run_after=None
[2026-04-28T18:46:57.606+0200] {logging_mixin.py:188} INFO - [2026-04-28T18:46:57.605+0200] {dag.py:3954} INFO - Setting next_dagrun for example_external_task_marker_parent to None, run_after=None
[2026-04-28T18:46:57.610+0200] {processor.py:183} INFO - Processing /Users/pablofrancoherrero/prueba_tecnica/venv/lib/python3.11/site-packages/airflow/example_dags/example_external_task_marker_dag.py took 0.041 seconds
[2026-04-28T18:48:18.068+0200] {processor.py:161} INFO - Started process (PID=35329) to work on /Users/pablofrancoherrero/prueba_tecnica/venv/lib/python3.11/site-packages/airflow/example_dags/example_external_task_marker_dag.py
[2026-04-28T18:48:18.069+0200] {processor.py:830} INFO - Processing file /Users/pablofrancoherrero/prueba_tecnica/venv/lib/python3.11/site-packages/airflow/example_dags/example_external_task_marker_dag.py for tasks to queue
[2026-04-28T18:48:18.069+0200] {logging_mixin.py:188} INFO - [2026-04-28T18:48:18.069+0200] {dagbag.py:540} INFO - Filling up the DagBag from /Users/pablofrancoherrero/prueba_tecnica/venv/lib/python3.11/site-packages/airflow/example_dags/example_external_task_marker_dag.py
[2026-04-28T18:48:18.073+0200] {processor.py:840} INFO - DAG(s) 'example_external_task_marker_child', 'example_external_task_marker_parent' retrieved from /Users/pablofrancoherrero/prueba_tecnica/venv/lib/python3.11/site-packages/airflow/example_dags/example_external_task_marker_dag.py
[2026-04-28T18:48:18.101+0200] {logging_mixin.py:188} INFO - [2026-04-28T18:48:18.101+0200] {dag.py:3096} INFO - Sync 2 DAGs
[2026-04-28T18:48:18.103+0200] {logging_mixin.py:188} INFO - [2026-04-28T18:48:18.103+0200] {dag.py:3954} INFO - Setting next_dagrun for example_external_task_marker_child to None, run_after=None
[2026-04-28T18:48:18.104+0200] {logging_mixin.py:188} INFO - [2026-04-28T18:48:18.104+0200] {dag.py:3954} INFO - Setting next_dagrun for example_external_task_marker_parent to None, run_after=None
[2026-04-28T18:48:18.108+0200] {processor.py:183} INFO - Processing /Users/pablofrancoherrero/prueba_tecnica/venv/lib/python3.11/site-packages/airflow/example_dags/example_external_task_marker_dag.py took 0.042 seconds
[2026-04-28T18:49:42.000+0200] {processor.py:161} INFO - Started process (PID=35438) to work on /Users/pablofrancoherrero/prueba_tecnica/venv/lib/python3.11/site-packages/airflow/example_dags/example_external_task_marker_dag.py
[2026-04-28T18:49:42.001+0200] {processor.py:830} INFO - Processing file /Users/pablofrancoherrero/prueba_tecnica/venv/lib/python3.11/site-packages/airflow/example_dags/example_external_task_marker_dag.py for tasks to queue
[2026-04-28T18:49:42.001+0200] {logging_mixin.py:188} INFO - [2026-04-28T18:49:42.001+0200] {dagbag.py:540} INFO - Filling up the DagBag from /Users/pablofrancoherrero/prueba_tecnica/venv/lib/python3.11/site-packages/airflow/example_dags/example_external_task_marker_dag.py
[2026-04-28T18:49:42.005+0200] {processor.py:840} INFO - DAG(s) 'example_external_task_marker_child', 'example_external_task_marker_parent' retrieved from /Users/pablofrancoherrero/prueba_tecnica/venv/lib/python3.11/site-packages/airflow/example_dags/example_external_task_marker_dag.py
[2026-04-28T18:49:42.034+0200] {logging_mixin.py:188} INFO - [2026-04-28T18:49:42.034+0200] {dag.py:3096} INFO - Sync 2 DAGs
[2026-04-28T18:49:42.037+0200] {logging_mixin.py:188} INFO - [2026-04-28T18:49:42.037+0200] {dag.py:3954} INFO - Setting next_dagrun for example_external_task_marker_child to None, run_after=None
[2026-04-28T18:49:42.038+0200] {logging_mixin.py:188} INFO - [2026-04-28T18:49:42.038+0200] {dag.py:3954} INFO - Setting next_dagrun for example_external_task_marker_parent to None, run_after=None
[2026-04-28T18:49:42.042+0200] {processor.py:183} INFO - Processing /Users/pablofrancoherrero/prueba_tecnica/venv/lib/python3.11/site-packages/airflow/example_dags/example_external_task_marker_dag.py took 0.044 seconds
[2026-04-28T18:51:03.378+0200] {processor.py:161} INFO - Started process (PID=35532) to work on /Users/pablofrancoherrero/prueba_tecnica/venv/lib/python3.11/site-packages/airflow/example_dags/example_external_task_marker_dag.py
[2026-04-28T18:51:03.379+0200] {processor.py:830} INFO - Processing file /Users/pablofrancoherrero/prueba_tecnica/venv/lib/python3.11/site-packages/airflow/example_dags/example_external_task_marker_dag.py for tasks to queue
[2026-04-28T18:51:03.380+0200] {logging_mixin.py:188} INFO - [2026-04-28T18:51:03.379+0200] {dagbag.py:540} INFO - Filling up the DagBag from /Users/pablofrancoherrero/prueba_tecnica/venv/lib/python3.11/site-packages/airflow/example_dags/example_external_task_marker_dag.py
[2026-04-28T18:51:03.383+0200] {processor.py:840} INFO - DAG(s) 'example_external_task_marker_child', 'example_external_task_marker_parent' retrieved from /Users/pablofrancoherrero/prueba_tecnica/venv/lib/python3.11/site-packages/airflow/example_dags/example_external_task_marker_dag.py
[2026-04-28T18:51:03.411+0200] {logging_mixin.py:188} INFO - [2026-04-28T18:51:03.411+0200] {dag.py:3096} INFO - Sync 2 DAGs
[2026-04-28T18:51:03.414+0200] {logging_mixin.py:188} INFO - [2026-04-28T18:51:03.414+0200] {dag.py:3954} INFO - Setting next_dagrun for example_external_task_marker_child to None, run_after=None
[2026-04-28T18:51:03.414+0200] {logging_mixin.py:188} INFO - [2026-04-28T18:51:03.414+0200] {dag.py:3954} INFO - Setting next_dagrun for example_external_task_marker_parent to None, run_after=None
[2026-04-28T18:51:03.419+0200] {processor.py:183} INFO - Processing /Users/pablofrancoherrero/prueba_tecnica/venv/lib/python3.11/site-packages/airflow/example_dags/example_external_task_marker_dag.py took 0.041 seconds
[2026-04-28T18:52:26.259+0200] {processor.py:161} INFO - Started process (PID=35638) to work on /Users/pablofrancoherrero/prueba_tecnica/venv/lib/python3.11/site-packages/airflow/example_dags/example_external_task_marker_dag.py
[2026-04-28T18:52:26.260+0200] {processor.py:830} INFO - Processing file /Users/pablofrancoherrero/prueba_tecnica/venv/lib/python3.11/site-packages/airflow/example_dags/example_external_task_marker_dag.py for tasks to queue
[2026-04-28T18:52:26.260+0200] {logging_mixin.py:188} INFO - [2026-04-28T18:52:26.260+0200] {dagbag.py:540} INFO - Filling up the DagBag from /Users/pablofrancoherrero/prueba_tecnica/venv/lib/python3.11/site-packages/airflow/example_dags/example_external_task_marker_dag.py
[2026-04-28T18:52:26.264+0200] {processor.py:840} INFO - DAG(s) 'example_external_task_marker_parent', 'example_external_task_marker_child' retrieved from /Users/pablofrancoherrero/prueba_tecnica/venv/lib/python3.11/site-packages/airflow/example_dags/example_external_task_marker_dag.py
[2026-04-28T18:52:26.292+0200] {logging_mixin.py:188} INFO - [2026-04-28T18:52:26.292+0200] {dag.py:3096} INFO - Sync 2 DAGs
[2026-04-28T18:52:26.295+0200] {logging_mixin.py:188} INFO - [2026-04-28T18:52:26.295+0200] {dag.py:3954} INFO - Setting next_dagrun for example_external_task_marker_child to None, run_after=None
[2026-04-28T18:52:26.296+0200] {logging_mixin.py:188} INFO - [2026-04-28T18:52:26.296+0200] {dag.py:3954} INFO - Setting next_dagrun for example_external_task_marker_parent to None, run_after=None
[2026-04-28T18:52:26.300+0200] {processor.py:183} INFO - Processing /Users/pablofrancoherrero/prueba_tecnica/venv/lib/python3.11/site-packages/airflow/example_dags/example_external_task_marker_dag.py took 0.042 seconds
[2026-04-28T18:53:49.705+0200] {processor.py:161} INFO - Started process (PID=35735) to work on /Users/pablofrancoherrero/prueba_tecnica/venv/lib/python3.11/site-packages/airflow/example_dags/example_external_task_marker_dag.py
[2026-04-28T18:53:49.706+0200] {processor.py:830} INFO - Processing file /Users/pablofrancoherrero/prueba_tecnica/venv/lib/python3.11/site-packages/airflow/example_dags/example_external_task_marker_dag.py for tasks to queue
[2026-04-28T18:53:49.706+0200] {logging_mixin.py:188} INFO - [2026-04-28T18:53:49.706+0200] {dagbag.py:540} INFO - Filling up the DagBag from /Users/pablofrancoherrero/prueba_tecnica/venv/lib/python3.11/site-packages/airflow/example_dags/example_external_task_marker_dag.py
[2026-04-28T18:53:49.711+0200] {processor.py:840} INFO - DAG(s) 'example_external_task_marker_child', 'example_external_task_marker_parent' retrieved from /Users/pablofrancoherrero/prueba_tecnica/venv/lib/python3.11/site-packages/airflow/example_dags/example_external_task_marker_dag.py
[2026-04-28T18:53:49.739+0200] {logging_mixin.py:188} INFO - [2026-04-28T18:53:49.739+0200] {dag.py:3096} INFO - Sync 2 DAGs
[2026-04-28T18:53:49.742+0200] {logging_mixin.py:188} INFO - [2026-04-28T18:53:49.742+0200] {dag.py:3954} INFO - Setting next_dagrun for example_external_task_marker_child to None, run_after=None
[2026-04-28T18:53:49.743+0200] {logging_mixin.py:188} INFO - [2026-04-28T18:53:49.743+0200] {dag.py:3954} INFO - Setting next_dagrun for example_external_task_marker_parent to None, run_after=None
[2026-04-28T18:53:49.747+0200] {processor.py:183} INFO - Processing /Users/pablofrancoherrero/prueba_tecnica/venv/lib/python3.11/site-packages/airflow/example_dags/example_external_task_marker_dag.py took 0.043 seconds
[2026-04-28T18:55:13.381+0200] {processor.py:161} INFO - Started process (PID=35827) to work on /Users/pablofrancoherrero/prueba_tecnica/venv/lib/python3.11/site-packages/airflow/example_dags/example_external_task_marker_dag.py
[2026-04-28T18:55:13.382+0200] {processor.py:830} INFO - Processing file /Users/pablofrancoherrero/prueba_tecnica/venv/lib/python3.11/site-packages/airflow/example_dags/example_external_task_marker_dag.py for tasks to queue
[2026-04-28T18:55:13.382+0200] {logging_mixin.py:188} INFO - [2026-04-28T18:55:13.382+0200] {dagbag.py:540} INFO - Filling up the DagBag from /Users/pablofrancoherrero/prueba_tecnica/venv/lib/python3.11/site-packages/airflow/example_dags/example_external_task_marker_dag.py
[2026-04-28T18:55:13.386+0200] {processor.py:840} INFO - DAG(s) 'example_external_task_marker_parent', 'example_external_task_marker_child' retrieved from /Users/pablofrancoherrero/prueba_tecnica/venv/lib/python3.11/site-packages/airflow/example_dags/example_external_task_marker_dag.py
[2026-04-28T18:55:13.414+0200] {logging_mixin.py:188} INFO - [2026-04-28T18:55:13.414+0200] {dag.py:3096} INFO - Sync 2 DAGs
[2026-04-28T18:55:13.417+0200] {logging_mixin.py:188} INFO - [2026-04-28T18:55:13.417+0200] {dag.py:3954} INFO - Setting next_dagrun for example_external_task_marker_child to None, run_after=None
[2026-04-28T18:55:13.417+0200] {logging_mixin.py:188} INFO - [2026-04-28T18:55:13.417+0200] {dag.py:3954} INFO - Setting next_dagrun for example_external_task_marker_parent to None, run_after=None
[2026-04-28T18:55:13.422+0200] {processor.py:183} INFO - Processing /Users/pablofrancoherrero/prueba_tecnica/venv/lib/python3.11/site-packages/airflow/example_dags/example_external_task_marker_dag.py took 0.041 seconds
[2026-04-28T18:56:37.522+0200] {processor.py:161} INFO - Started process (PID=35908) to work on /Users/pablofrancoherrero/prueba_tecnica/venv/lib/python3.11/site-packages/airflow/example_dags/example_external_task_marker_dag.py
[2026-04-28T18:56:37.523+0200] {processor.py:830} INFO - Processing file /Users/pablofrancoherrero/prueba_tecnica/venv/lib/python3.11/site-packages/airflow/example_dags/example_external_task_marker_dag.py for tasks to queue
[2026-04-28T18:56:37.524+0200] {logging_mixin.py:188} INFO - [2026-04-28T18:56:37.524+0200] {dagbag.py:540} INFO - Filling up the DagBag from /Users/pablofrancoherrero/prueba_tecnica/venv/lib/python3.11/site-packages/airflow/example_dags/example_external_task_marker_dag.py
[2026-04-28T18:56:37.528+0200] {processor.py:840} INFO - DAG(s) 'example_external_task_marker_parent', 'example_external_task_marker_child' retrieved from /Users/pablofrancoherrero/prueba_tecnica/venv/lib/python3.11/site-packages/airflow/example_dags/example_external_task_marker_dag.py
[2026-04-28T18:56:37.556+0200] {logging_mixin.py:188} INFO - [2026-04-28T18:56:37.556+0200] {dag.py:3096} INFO - Sync 2 DAGs
[2026-04-28T18:56:37.560+0200] {logging_mixin.py:188} INFO - [2026-04-28T18:56:37.559+0200] {dag.py:3954} INFO - Setting next_dagrun for example_external_task_marker_child to None, run_after=None
[2026-04-28T18:56:37.560+0200] {logging_mixin.py:188} INFO - [2026-04-28T18:56:37.560+0200] {dag.py:3954} INFO - Setting next_dagrun for example_external_task_marker_parent to None, run_after=None
[2026-04-28T18:56:37.567+0200] {processor.py:183} INFO - Processing /Users/pablofrancoherrero/prueba_tecnica/venv/lib/python3.11/site-packages/airflow/example_dags/example_external_task_marker_dag.py took 0.046 seconds
[2026-04-28T18:57:56.915+0200] {processor.py:161} INFO - Started process (PID=35988) to work on /Users/pablofrancoherrero/prueba_tecnica/venv/lib/python3.11/site-packages/airflow/example_dags/example_external_task_marker_dag.py
[2026-04-28T18:57:56.917+0200] {processor.py:830} INFO - Processing file /Users/pablofrancoherrero/prueba_tecnica/venv/lib/python3.11/site-packages/airflow/example_dags/example_external_task_marker_dag.py for tasks to queue
[2026-04-28T18:57:56.917+0200] {logging_mixin.py:188} INFO - [2026-04-28T18:57:56.917+0200] {dagbag.py:540} INFO - Filling up the DagBag from /Users/pablofrancoherrero/prueba_tecnica/venv/lib/python3.11/site-packages/airflow/example_dags/example_external_task_marker_dag.py
[2026-04-28T18:57:56.920+0200] {processor.py:840} INFO - DAG(s) 'example_external_task_marker_parent', 'example_external_task_marker_child' retrieved from /Users/pablofrancoherrero/prueba_tecnica/venv/lib/python3.11/site-packages/airflow/example_dags/example_external_task_marker_dag.py
[2026-04-28T18:57:56.947+0200] {logging_mixin.py:188} INFO - [2026-04-28T18:57:56.947+0200] {dag.py:3096} INFO - Sync 2 DAGs
[2026-04-28T18:57:56.950+0200] {logging_mixin.py:188} INFO - [2026-04-28T18:57:56.950+0200] {dag.py:3954} INFO - Setting next_dagrun for example_external_task_marker_child to None, run_after=None
[2026-04-28T18:57:56.951+0200] {logging_mixin.py:188} INFO - [2026-04-28T18:57:56.951+0200] {dag.py:3954} INFO - Setting next_dagrun for example_external_task_marker_parent to None, run_after=None
[2026-04-28T18:57:56.955+0200] {processor.py:183} INFO - Processing /Users/pablofrancoherrero/prueba_tecnica/venv/lib/python3.11/site-packages/airflow/example_dags/example_external_task_marker_dag.py took 0.040 seconds
[2026-04-28T18:59:15.938+0200] {processor.py:161} INFO - Started process (PID=36054) to work on /Users/pablofrancoherrero/prueba_tecnica/venv/lib/python3.11/site-packages/airflow/example_dags/example_external_task_marker_dag.py
[2026-04-28T18:59:15.938+0200] {processor.py:830} INFO - Processing file /Users/pablofrancoherrero/prueba_tecnica/venv/lib/python3.11/site-packages/airflow/example_dags/example_external_task_marker_dag.py for tasks to queue
[2026-04-28T18:59:15.939+0200] {logging_mixin.py:188} INFO - [2026-04-28T18:59:15.939+0200] {dagbag.py:540} INFO - Filling up the DagBag from /Users/pablofrancoherrero/prueba_tecnica/venv/lib/python3.11/site-packages/airflow/example_dags/example_external_task_marker_dag.py
[2026-04-28T18:59:15.943+0200] {processor.py:840} INFO - DAG(s) 'example_external_task_marker_parent', 'example_external_task_marker_child' retrieved from /Users/pablofrancoherrero/prueba_tecnica/venv/lib/python3.11/site-packages/airflow/example_dags/example_external_task_marker_dag.py
[2026-04-28T18:59:15.969+0200] {logging_mixin.py:188} INFO - [2026-04-28T18:59:15.969+0200] {dag.py:3096} INFO - Sync 2 DAGs
[2026-04-28T18:59:15.972+0200] {logging_mixin.py:188} INFO - [2026-04-28T18:59:15.972+0200] {dag.py:3954} INFO - Setting next_dagrun for example_external_task_marker_child to None, run_after=None
[2026-04-28T18:59:15.973+0200] {logging_mixin.py:188} INFO - [2026-04-28T18:59:15.973+0200] {dag.py:3954} INFO - Setting next_dagrun for example_external_task_marker_parent to None, run_after=None
[2026-04-28T18:59:15.977+0200] {processor.py:183} INFO - Processing /Users/pablofrancoherrero/prueba_tecnica/venv/lib/python3.11/site-packages/airflow/example_dags/example_external_task_marker_dag.py took 0.040 seconds
[2026-04-28T19:00:36.514+0200] {processor.py:161} INFO - Started process (PID=36152) to work on /Users/pablofrancoherrero/prueba_tecnica/venv/lib/python3.11/site-packages/airflow/example_dags/example_external_task_marker_dag.py
[2026-04-28T19:00:36.515+0200] {processor.py:830} INFO - Processing file /Users/pablofrancoherrero/prueba_tecnica/venv/lib/python3.11/site-packages/airflow/example_dags/example_external_task_marker_dag.py for tasks to queue
[2026-04-28T19:00:36.515+0200] {logging_mixin.py:188} INFO - [2026-04-28T19:00:36.515+0200] {dagbag.py:540} INFO - Filling up the DagBag from /Users/pablofrancoherrero/prueba_tecnica/venv/lib/python3.11/site-packages/airflow/example_dags/example_external_task_marker_dag.py
[2026-04-28T19:00:36.519+0200] {processor.py:840} INFO - DAG(s) 'example_external_task_marker_parent', 'example_external_task_marker_child' retrieved from /Users/pablofrancoherrero/prueba_tecnica/venv/lib/python3.11/site-packages/airflow/example_dags/example_external_task_marker_dag.py
[2026-04-28T19:00:36.556+0200] {logging_mixin.py:188} INFO - [2026-04-28T19:00:36.556+0200] {dag.py:3096} INFO - Sync 2 DAGs
[2026-04-28T19:00:36.559+0200] {logging_mixin.py:188} INFO - [2026-04-28T19:00:36.559+0200] {dag.py:3954} INFO - Setting next_dagrun for example_external_task_marker_child to None, run_after=None
[2026-04-28T19:00:36.560+0200] {logging_mixin.py:188} INFO - [2026-04-28T19:00:36.560+0200] {dag.py:3954} INFO - Setting next_dagrun for example_external_task_marker_parent to None, run_after=None
[2026-04-28T19:00:36.574+0200] {processor.py:183} INFO - Processing /Users/pablofrancoherrero/prueba_tecnica/venv/lib/python3.11/site-packages/airflow/example_dags/example_external_task_marker_dag.py took 0.060 seconds
[2026-04-28T19:01:57.264+0200] {processor.py:161} INFO - Started process (PID=36235) to work on /Users/pablofrancoherrero/prueba_tecnica/venv/lib/python3.11/site-packages/airflow/example_dags/example_external_task_marker_dag.py
[2026-04-28T19:01:57.265+0200] {processor.py:830} INFO - Processing file /Users/pablofrancoherrero/prueba_tecnica/venv/lib/python3.11/site-packages/airflow/example_dags/example_external_task_marker_dag.py for tasks to queue
[2026-04-28T19:01:57.265+0200] {logging_mixin.py:188} INFO - [2026-04-28T19:01:57.265+0200] {dagbag.py:540} INFO - Filling up the DagBag from /Users/pablofrancoherrero/prueba_tecnica/venv/lib/python3.11/site-packages/airflow/example_dags/example_external_task_marker_dag.py
[2026-04-28T19:01:57.268+0200] {processor.py:840} INFO - DAG(s) 'example_external_task_marker_parent', 'example_external_task_marker_child' retrieved from /Users/pablofrancoherrero/prueba_tecnica/venv/lib/python3.11/site-packages/airflow/example_dags/example_external_task_marker_dag.py
[2026-04-28T19:01:57.295+0200] {logging_mixin.py:188} INFO - [2026-04-28T19:01:57.295+0200] {dag.py:3096} INFO - Sync 2 DAGs
[2026-04-28T19:01:57.298+0200] {logging_mixin.py:188} INFO - [2026-04-28T19:01:57.298+0200] {dag.py:3954} INFO - Setting next_dagrun for example_external_task_marker_child to None, run_after=None
[2026-04-28T19:01:57.299+0200] {logging_mixin.py:188} INFO - [2026-04-28T19:01:57.298+0200] {dag.py:3954} INFO - Setting next_dagrun for example_external_task_marker_parent to None, run_after=None
[2026-04-28T19:01:57.303+0200] {processor.py:183} INFO - Processing /Users/pablofrancoherrero/prueba_tecnica/venv/lib/python3.11/site-packages/airflow/example_dags/example_external_task_marker_dag.py took 0.039 seconds
[2026-04-28T19:03:18.415+0200] {processor.py:161} INFO - Started process (PID=36308) to work on /Users/pablofrancoherrero/prueba_tecnica/venv/lib/python3.11/site-packages/airflow/example_dags/example_external_task_marker_dag.py
[2026-04-28T19:03:18.415+0200] {processor.py:830} INFO - Processing file /Users/pablofrancoherrero/prueba_tecnica/venv/lib/python3.11/site-packages/airflow/example_dags/example_external_task_marker_dag.py for tasks to queue
[2026-04-28T19:03:18.415+0200] {logging_mixin.py:188} INFO - [2026-04-28T19:03:18.415+0200] {dagbag.py:540} INFO - Filling up the DagBag from /Users/pablofrancoherrero/prueba_tecnica/venv/lib/python3.11/site-packages/airflow/example_dags/example_external_task_marker_dag.py
[2026-04-28T19:03:18.419+0200] {processor.py:840} INFO - DAG(s) 'example_external_task_marker_parent', 'example_external_task_marker_child' retrieved from /Users/pablofrancoherrero/prueba_tecnica/venv/lib/python3.11/site-packages/airflow/example_dags/example_external_task_marker_dag.py
[2026-04-28T19:03:18.445+0200] {logging_mixin.py:188} INFO - [2026-04-28T19:03:18.445+0200] {dag.py:3096} INFO - Sync 2 DAGs
[2026-04-28T19:03:18.448+0200] {logging_mixin.py:188} INFO - [2026-04-28T19:03:18.448+0200] {dag.py:3954} INFO - Setting next_dagrun for example_external_task_marker_child to None, run_after=None
[2026-04-28T19:03:18.449+0200] {logging_mixin.py:188} INFO - [2026-04-28T19:03:18.449+0200] {dag.py:3954} INFO - Setting next_dagrun for example_external_task_marker_parent to None, run_after=None
[2026-04-28T19:03:18.453+0200] {processor.py:183} INFO - Processing /Users/pablofrancoherrero/prueba_tecnica/venv/lib/python3.11/site-packages/airflow/example_dags/example_external_task_marker_dag.py took 0.039 seconds
[2026-04-28T19:04:38.454+0200] {processor.py:161} INFO - Started process (PID=36379) to work on /Users/pablofrancoherrero/prueba_tecnica/venv/lib/python3.11/site-packages/airflow/example_dags/example_external_task_marker_dag.py
[2026-04-28T19:04:38.455+0200] {processor.py:830} INFO - Processing file /Users/pablofrancoherrero/prueba_tecnica/venv/lib/python3.11/site-packages/airflow/example_dags/example_external_task_marker_dag.py for tasks to queue
[2026-04-28T19:04:38.455+0200] {logging_mixin.py:188} INFO - [2026-04-28T19:04:38.455+0200] {dagbag.py:540} INFO - Filling up the DagBag from /Users/pablofrancoherrero/prueba_tecnica/venv/lib/python3.11/site-packages/airflow/example_dags/example_external_task_marker_dag.py
[2026-04-28T19:04:38.458+0200] {processor.py:840} INFO - DAG(s) 'example_external_task_marker_parent', 'example_external_task_marker_child' retrieved from /Users/pablofrancoherrero/prueba_tecnica/venv/lib/python3.11/site-packages/airflow/example_dags/example_external_task_marker_dag.py
[2026-04-28T19:04:38.486+0200] {logging_mixin.py:188} INFO - [2026-04-28T19:04:38.486+0200] {dag.py:3096} INFO - Sync 2 DAGs
[2026-04-28T19:04:38.488+0200] {logging_mixin.py:188} INFO - [2026-04-28T19:04:38.488+0200] {dag.py:3954} INFO - Setting next_dagrun for example_external_task_marker_child to None, run_after=None
[2026-04-28T19:04:38.489+0200] {logging_mixin.py:188} INFO - [2026-04-28T19:04:38.489+0200] {dag.py:3954} INFO - Setting next_dagrun for example_external_task_marker_parent to None, run_after=None
[2026-04-28T19:04:38.493+0200] {processor.py:183} INFO - Processing /Users/pablofrancoherrero/prueba_tecnica/venv/lib/python3.11/site-packages/airflow/example_dags/example_external_task_marker_dag.py took 0.040 seconds
[2026-04-28T19:05:58.076+0200] {processor.py:161} INFO - Started process (PID=36506) to work on /Users/pablofrancoherrero/prueba_tecnica/venv/lib/python3.11/site-packages/airflow/example_dags/example_external_task_marker_dag.py
[2026-04-28T19:05:58.077+0200] {processor.py:830} INFO - Processing file /Users/pablofrancoherrero/prueba_tecnica/venv/lib/python3.11/site-packages/airflow/example_dags/example_external_task_marker_dag.py for tasks to queue
[2026-04-28T19:05:58.077+0200] {logging_mixin.py:188} INFO - [2026-04-28T19:05:58.077+0200] {dagbag.py:540} INFO - Filling up the DagBag from /Users/pablofrancoherrero/prueba_tecnica/venv/lib/python3.11/site-packages/airflow/example_dags/example_external_task_marker_dag.py
[2026-04-28T19:05:58.081+0200] {processor.py:840} INFO - DAG(s) 'example_external_task_marker_child', 'example_external_task_marker_parent' retrieved from /Users/pablofrancoherrero/prueba_tecnica/venv/lib/python3.11/site-packages/airflow/example_dags/example_external_task_marker_dag.py
[2026-04-28T19:05:58.109+0200] {logging_mixin.py:188} INFO - [2026-04-28T19:05:58.109+0200] {dag.py:3096} INFO - Sync 2 DAGs
[2026-04-28T19:05:58.111+0200] {logging_mixin.py:188} INFO - [2026-04-28T19:05:58.111+0200] {dag.py:3954} INFO - Setting next_dagrun for example_external_task_marker_child to None, run_after=None
[2026-04-28T19:05:58.112+0200] {logging_mixin.py:188} INFO - [2026-04-28T19:05:58.112+0200] {dag.py:3954} INFO - Setting next_dagrun for example_external_task_marker_parent to None, run_after=None
[2026-04-28T19:05:58.117+0200] {processor.py:183} INFO - Processing /Users/pablofrancoherrero/prueba_tecnica/venv/lib/python3.11/site-packages/airflow/example_dags/example_external_task_marker_dag.py took 0.041 seconds
[2026-04-28T19:07:19.742+0200] {processor.py:161} INFO - Started process (PID=36578) to work on /Users/pablofrancoherrero/prueba_tecnica/venv/lib/python3.11/site-packages/airflow/example_dags/example_external_task_marker_dag.py
[2026-04-28T19:07:19.743+0200] {processor.py:830} INFO - Processing file /Users/pablofrancoherrero/prueba_tecnica/venv/lib/python3.11/site-packages/airflow/example_dags/example_external_task_marker_dag.py for tasks to queue
[2026-04-28T19:07:19.743+0200] {logging_mixin.py:188} INFO - [2026-04-28T19:07:19.743+0200] {dagbag.py:540} INFO - Filling up the DagBag from /Users/pablofrancoherrero/prueba_tecnica/venv/lib/python3.11/site-packages/airflow/example_dags/example_external_task_marker_dag.py
[2026-04-28T19:07:19.746+0200] {processor.py:840} INFO - DAG(s) 'example_external_task_marker_child', 'example_external_task_marker_parent' retrieved from /Users/pablofrancoherrero/prueba_tecnica/venv/lib/python3.11/site-packages/airflow/example_dags/example_external_task_marker_dag.py
[2026-04-28T19:07:19.774+0200] {logging_mixin.py:188} INFO - [2026-04-28T19:07:19.774+0200] {dag.py:3096} INFO - Sync 2 DAGs
[2026-04-28T19:07:19.777+0200] {logging_mixin.py:188} INFO - [2026-04-28T19:07:19.777+0200] {dag.py:3954} INFO - Setting next_dagrun for example_external_task_marker_child to None, run_after=None
[2026-04-28T19:07:19.778+0200] {logging_mixin.py:188} INFO - [2026-04-28T19:07:19.778+0200] {dag.py:3954} INFO - Setting next_dagrun for example_external_task_marker_parent to None, run_after=None
[2026-04-28T19:07:19.782+0200] {processor.py:183} INFO - Processing /Users/pablofrancoherrero/prueba_tecnica/venv/lib/python3.11/site-packages/airflow/example_dags/example_external_task_marker_dag.py took 0.041 seconds
[2026-04-28T19:08:40.645+0200] {processor.py:161} INFO - Started process (PID=36656) to work on /Users/pablofrancoherrero/prueba_tecnica/venv/lib/python3.11/site-packages/airflow/example_dags/example_external_task_marker_dag.py
[2026-04-28T19:08:40.645+0200] {processor.py:830} INFO - Processing file /Users/pablofrancoherrero/prueba_tecnica/venv/lib/python3.11/site-packages/airflow/example_dags/example_external_task_marker_dag.py for tasks to queue
[2026-04-28T19:08:40.646+0200] {logging_mixin.py:188} INFO - [2026-04-28T19:08:40.645+0200] {dagbag.py:540} INFO - Filling up the DagBag from /Users/pablofrancoherrero/prueba_tecnica/venv/lib/python3.11/site-packages/airflow/example_dags/example_external_task_marker_dag.py
[2026-04-28T19:08:40.650+0200] {processor.py:840} INFO - DAG(s) 'example_external_task_marker_parent', 'example_external_task_marker_child' retrieved from /Users/pablofrancoherrero/prueba_tecnica/venv/lib/python3.11/site-packages/airflow/example_dags/example_external_task_marker_dag.py
[2026-04-28T19:08:40.684+0200] {logging_mixin.py:188} INFO - [2026-04-28T19:08:40.684+0200] {dag.py:3096} INFO - Sync 2 DAGs
[2026-04-28T19:08:40.687+0200] {logging_mixin.py:188} INFO - [2026-04-28T19:08:40.687+0200] {dag.py:3954} INFO - Setting next_dagrun for example_external_task_marker_child to None, run_after=None
[2026-04-28T19:08:40.688+0200] {logging_mixin.py:188} INFO - [2026-04-28T19:08:40.688+0200] {dag.py:3954} INFO - Setting next_dagrun for example_external_task_marker_parent to None, run_after=None
[2026-04-28T19:08:40.693+0200] {processor.py:183} INFO - Processing /Users/pablofrancoherrero/prueba_tecnica/venv/lib/python3.11/site-packages/airflow/example_dags/example_external_task_marker_dag.py took 0.050 seconds
[2026-04-28T19:10:01.698+0200] {processor.py:161} INFO - Started process (PID=36767) to work on /Users/pablofrancoherrero/prueba_tecnica/venv/lib/python3.11/site-packages/airflow/example_dags/example_external_task_marker_dag.py
[2026-04-28T19:10:01.699+0200] {processor.py:830} INFO - Processing file /Users/pablofrancoherrero/prueba_tecnica/venv/lib/python3.11/site-packages/airflow/example_dags/example_external_task_marker_dag.py for tasks to queue
[2026-04-28T19:10:01.699+0200] {logging_mixin.py:188} INFO - [2026-04-28T19:10:01.699+0200] {dagbag.py:540} INFO - Filling up the DagBag from /Users/pablofrancoherrero/prueba_tecnica/venv/lib/python3.11/site-packages/airflow/example_dags/example_external_task_marker_dag.py
[2026-04-28T19:10:01.703+0200] {processor.py:840} INFO - DAG(s) 'example_external_task_marker_parent', 'example_external_task_marker_child' retrieved from /Users/pablofrancoherrero/prueba_tecnica/venv/lib/python3.11/site-packages/airflow/example_dags/example_external_task_marker_dag.py
[2026-04-28T19:10:01.731+0200] {logging_mixin.py:188} INFO - [2026-04-28T19:10:01.731+0200] {dag.py:3096} INFO - Sync 2 DAGs
[2026-04-28T19:10:01.733+0200] {logging_mixin.py:188} INFO - [2026-04-28T19:10:01.733+0200] {dag.py:3954} INFO - Setting next_dagrun for example_external_task_marker_child to None, run_after=None
[2026-04-28T19:10:01.734+0200] {logging_mixin.py:188} INFO - [2026-04-28T19:10:01.734+0200] {dag.py:3954} INFO - Setting next_dagrun for example_external_task_marker_parent to None, run_after=None
[2026-04-28T19:10:01.739+0200] {processor.py:183} INFO - Processing /Users/pablofrancoherrero/prueba_tecnica/venv/lib/python3.11/site-packages/airflow/example_dags/example_external_task_marker_dag.py took 0.042 seconds
[2026-04-28T19:11:24.095+0200] {processor.py:161} INFO - Started process (PID=36872) to work on /Users/pablofrancoherrero/prueba_tecnica/venv/lib/python3.11/site-packages/airflow/example_dags/example_external_task_marker_dag.py
[2026-04-28T19:11:24.096+0200] {processor.py:830} INFO - Processing file /Users/pablofrancoherrero/prueba_tecnica/venv/lib/python3.11/site-packages/airflow/example_dags/example_external_task_marker_dag.py for tasks to queue
[2026-04-28T19:11:24.096+0200] {logging_mixin.py:188} INFO - [2026-04-28T19:11:24.096+0200] {dagbag.py:540} INFO - Filling up the DagBag from /Users/pablofrancoherrero/prueba_tecnica/venv/lib/python3.11/site-packages/airflow/example_dags/example_external_task_marker_dag.py
[2026-04-28T19:11:24.100+0200] {processor.py:840} INFO - DAG(s) 'example_external_task_marker_parent', 'example_external_task_marker_child' retrieved from /Users/pablofrancoherrero/prueba_tecnica/venv/lib/python3.11/site-packages/airflow/example_dags/example_external_task_marker_dag.py
[2026-04-28T19:11:24.128+0200] {logging_mixin.py:188} INFO - [2026-04-28T19:11:24.128+0200] {dag.py:3096} INFO - Sync 2 DAGs
[2026-04-28T19:11:24.131+0200] {logging_mixin.py:188} INFO - [2026-04-28T19:11:24.131+0200] {dag.py:3954} INFO - Setting next_dagrun for example_external_task_marker_child to None, run_after=None
[2026-04-28T19:11:24.132+0200] {logging_mixin.py:188} INFO - [2026-04-28T19:11:24.132+0200] {dag.py:3954} INFO - Setting next_dagrun for example_external_task_marker_parent to None, run_after=None
[2026-04-28T19:11:24.136+0200] {processor.py:183} INFO - Processing /Users/pablofrancoherrero/prueba_tecnica/venv/lib/python3.11/site-packages/airflow/example_dags/example_external_task_marker_dag.py took 0.043 seconds
[2026-04-28T19:12:44.334+0200] {processor.py:161} INFO - Started process (PID=36963) to work on /Users/pablofrancoherrero/prueba_tecnica/venv/lib/python3.11/site-packages/airflow/example_dags/example_external_task_marker_dag.py
[2026-04-28T19:12:44.335+0200] {processor.py:830} INFO - Processing file /Users/pablofrancoherrero/prueba_tecnica/venv/lib/python3.11/site-packages/airflow/example_dags/example_external_task_marker_dag.py for tasks to queue
[2026-04-28T19:12:44.335+0200] {logging_mixin.py:188} INFO - [2026-04-28T19:12:44.335+0200] {dagbag.py:540} INFO - Filling up the DagBag from /Users/pablofrancoherrero/prueba_tecnica/venv/lib/python3.11/site-packages/airflow/example_dags/example_external_task_marker_dag.py
[2026-04-28T19:12:44.341+0200] {processor.py:840} INFO - DAG(s) 'example_external_task_marker_child', 'example_external_task_marker_parent' retrieved from /Users/pablofrancoherrero/prueba_tecnica/venv/lib/python3.11/site-packages/airflow/example_dags/example_external_task_marker_dag.py
[2026-04-28T19:12:44.372+0200] {logging_mixin.py:188} INFO - [2026-04-28T19:12:44.372+0200] {dag.py:3096} INFO - Sync 2 DAGs
[2026-04-28T19:12:44.375+0200] {logging_mixin.py:188} INFO - [2026-04-28T19:12:44.375+0200] {dag.py:3954} INFO - Setting next_dagrun for example_external_task_marker_child to None, run_after=None
[2026-04-28T19:12:44.376+0200] {logging_mixin.py:188} INFO - [2026-04-28T19:12:44.376+0200] {dag.py:3954} INFO - Setting next_dagrun for example_external_task_marker_parent to None, run_after=None
[2026-04-28T19:12:44.382+0200] {processor.py:183} INFO - Processing /Users/pablofrancoherrero/prueba_tecnica/venv/lib/python3.11/site-packages/airflow/example_dags/example_external_task_marker_dag.py took 0.049 seconds
[2026-04-28T19:14:06.744+0200] {processor.py:161} INFO - Started process (PID=37051) to work on /Users/pablofrancoherrero/prueba_tecnica/venv/lib/python3.11/site-packages/airflow/example_dags/example_external_task_marker_dag.py
[2026-04-28T19:14:06.745+0200] {processor.py:830} INFO - Processing file /Users/pablofrancoherrero/prueba_tecnica/venv/lib/python3.11/site-packages/airflow/example_dags/example_external_task_marker_dag.py for tasks to queue
[2026-04-28T19:14:06.745+0200] {logging_mixin.py:188} INFO - [2026-04-28T19:14:06.745+0200] {dagbag.py:540} INFO - Filling up the DagBag from /Users/pablofrancoherrero/prueba_tecnica/venv/lib/python3.11/site-packages/airflow/example_dags/example_external_task_marker_dag.py
[2026-04-28T19:14:06.749+0200] {processor.py:840} INFO - DAG(s) 'example_external_task_marker_parent', 'example_external_task_marker_child' retrieved from /Users/pablofrancoherrero/prueba_tecnica/venv/lib/python3.11/site-packages/airflow/example_dags/example_external_task_marker_dag.py
[2026-04-28T19:14:06.778+0200] {logging_mixin.py:188} INFO - [2026-04-28T19:14:06.777+0200] {dag.py:3096} INFO - Sync 2 DAGs
[2026-04-28T19:14:06.780+0200] {logging_mixin.py:188} INFO - [2026-04-28T19:14:06.780+0200] {dag.py:3954} INFO - Setting next_dagrun for example_external_task_marker_child to None, run_after=None
[2026-04-28T19:14:06.781+0200] {logging_mixin.py:188} INFO - [2026-04-28T19:14:06.781+0200] {dag.py:3954} INFO - Setting next_dagrun for example_external_task_marker_parent to None, run_after=None
[2026-04-28T19:14:06.786+0200] {processor.py:183} INFO - Processing /Users/pablofrancoherrero/prueba_tecnica/venv/lib/python3.11/site-packages/airflow/example_dags/example_external_task_marker_dag.py took 0.043 seconds
[2026-04-28T19:15:25.012+0200] {processor.py:161} INFO - Started process (PID=37136) to work on /Users/pablofrancoherrero/prueba_tecnica/venv/lib/python3.11/site-packages/airflow/example_dags/example_external_task_marker_dag.py
[2026-04-28T19:15:25.013+0200] {processor.py:830} INFO - Processing file /Users/pablofrancoherrero/prueba_tecnica/venv/lib/python3.11/site-packages/airflow/example_dags/example_external_task_marker_dag.py for tasks to queue
[2026-04-28T19:15:25.013+0200] {logging_mixin.py:188} INFO - [2026-04-28T19:15:25.013+0200] {dagbag.py:540} INFO - Filling up the DagBag from /Users/pablofrancoherrero/prueba_tecnica/venv/lib/python3.11/site-packages/airflow/example_dags/example_external_task_marker_dag.py
[2026-04-28T19:15:25.017+0200] {processor.py:840} INFO - DAG(s) 'example_external_task_marker_child', 'example_external_task_marker_parent' retrieved from /Users/pablofrancoherrero/prueba_tecnica/venv/lib/python3.11/site-packages/airflow/example_dags/example_external_task_marker_dag.py
[2026-04-28T19:15:25.045+0200] {logging_mixin.py:188} INFO - [2026-04-28T19:15:25.045+0200] {dag.py:3096} INFO - Sync 2 DAGs
[2026-04-28T19:15:25.048+0200] {logging_mixin.py:188} INFO - [2026-04-28T19:15:25.048+0200] {dag.py:3954} INFO - Setting next_dagrun for example_external_task_marker_child to None, run_after=None
[2026-04-28T19:15:25.049+0200] {logging_mixin.py:188} INFO - [2026-04-28T19:15:25.049+0200] {dag.py:3954} INFO - Setting next_dagrun for example_external_task_marker_parent to None, run_after=None
[2026-04-28T19:15:25.053+0200] {processor.py:183} INFO - Processing /Users/pablofrancoherrero/prueba_tecnica/venv/lib/python3.11/site-packages/airflow/example_dags/example_external_task_marker_dag.py took 0.042 seconds
[2026-04-28T19:16:42.102+0200] {processor.py:161} INFO - Started process (PID=37220) to work on /Users/pablofrancoherrero/prueba_tecnica/venv/lib/python3.11/site-packages/airflow/example_dags/example_external_task_marker_dag.py
[2026-04-28T19:16:42.103+0200] {processor.py:830} INFO - Processing file /Users/pablofrancoherrero/prueba_tecnica/venv/lib/python3.11/site-packages/airflow/example_dags/example_external_task_marker_dag.py for tasks to queue
[2026-04-28T19:16:42.103+0200] {logging_mixin.py:188} INFO - [2026-04-28T19:16:42.103+0200] {dagbag.py:540} INFO - Filling up the DagBag from /Users/pablofrancoherrero/prueba_tecnica/venv/lib/python3.11/site-packages/airflow/example_dags/example_external_task_marker_dag.py
[2026-04-28T19:16:42.107+0200] {processor.py:840} INFO - DAG(s) 'example_external_task_marker_parent', 'example_external_task_marker_child' retrieved from /Users/pablofrancoherrero/prueba_tecnica/venv/lib/python3.11/site-packages/airflow/example_dags/example_external_task_marker_dag.py
[2026-04-28T19:16:42.135+0200] {logging_mixin.py:188} INFO - [2026-04-28T19:16:42.134+0200] {dag.py:3096} INFO - Sync 2 DAGs
[2026-04-28T19:16:42.137+0200] {logging_mixin.py:188} INFO - [2026-04-28T19:16:42.137+0200] {dag.py:3954} INFO - Setting next_dagrun for example_external_task_marker_child to None, run_after=None
[2026-04-28T19:16:42.138+0200] {logging_mixin.py:188} INFO - [2026-04-28T19:16:42.138+0200] {dag.py:3954} INFO - Setting next_dagrun for example_external_task_marker_parent to None, run_after=None
[2026-04-28T19:16:42.142+0200] {processor.py:183} INFO - Processing /Users/pablofrancoherrero/prueba_tecnica/venv/lib/python3.11/site-packages/airflow/example_dags/example_external_task_marker_dag.py took 0.041 seconds
[2026-04-28T19:18:16.983+0200] {processor.py:161} INFO - Started process (PID=41391) to work on /Users/pablofrancoherrero/prueba_tecnica/venv/lib/python3.11/site-packages/airflow/example_dags/example_external_task_marker_dag.py
[2026-04-28T19:18:16.984+0200] {processor.py:830} INFO - Processing file /Users/pablofrancoherrero/prueba_tecnica/venv/lib/python3.11/site-packages/airflow/example_dags/example_external_task_marker_dag.py for tasks to queue
[2026-04-28T19:18:16.984+0200] {logging_mixin.py:188} INFO - [2026-04-28T19:18:16.984+0200] {dagbag.py:540} INFO - Filling up the DagBag from /Users/pablofrancoherrero/prueba_tecnica/venv/lib/python3.11/site-packages/airflow/example_dags/example_external_task_marker_dag.py
[2026-04-28T19:18:16.997+0200] {processor.py:840} INFO - DAG(s) 'example_external_task_marker_parent', 'example_external_task_marker_child' retrieved from /Users/pablofrancoherrero/prueba_tecnica/venv/lib/python3.11/site-packages/airflow/example_dags/example_external_task_marker_dag.py
[2026-04-28T19:18:17.076+0200] {logging_mixin.py:188} INFO - [2026-04-28T19:18:17.075+0200] {dag.py:3096} INFO - Sync 2 DAGs
[2026-04-28T19:18:17.083+0200] {logging_mixin.py:188} INFO - [2026-04-28T19:18:17.083+0200] {dag.py:3954} INFO - Setting next_dagrun for example_external_task_marker_child to None, run_after=None
[2026-04-28T19:18:17.085+0200] {logging_mixin.py:188} INFO - [2026-04-28T19:18:17.085+0200] {dag.py:3954} INFO - Setting next_dagrun for example_external_task_marker_parent to None, run_after=None
[2026-04-28T19:18:17.094+0200] {processor.py:183} INFO - Processing /Users/pablofrancoherrero/prueba_tecnica/venv/lib/python3.11/site-packages/airflow/example_dags/example_external_task_marker_dag.py took 0.113 seconds
[2026-04-28T19:20:19.920+0200] {processor.py:161} INFO - Started process (PID=50251) to work on /Users/pablofrancoherrero/prueba_tecnica/venv/lib/python3.11/site-packages/airflow/example_dags/example_external_task_marker_dag.py
[2026-04-28T19:20:19.921+0200] {processor.py:830} INFO - Processing file /Users/pablofrancoherrero/prueba_tecnica/venv/lib/python3.11/site-packages/airflow/example_dags/example_external_task_marker_dag.py for tasks to queue
[2026-04-28T19:20:19.921+0200] {logging_mixin.py:188} INFO - [2026-04-28T19:20:19.921+0200] {dagbag.py:540} INFO - Filling up the DagBag from /Users/pablofrancoherrero/prueba_tecnica/venv/lib/python3.11/site-packages/airflow/example_dags/example_external_task_marker_dag.py
[2026-04-28T19:20:19.933+0200] {processor.py:840} INFO - DAG(s) 'example_external_task_marker_parent', 'example_external_task_marker_child' retrieved from /Users/pablofrancoherrero/prueba_tecnica/venv/lib/python3.11/site-packages/airflow/example_dags/example_external_task_marker_dag.py
[2026-04-28T19:20:19.964+0200] {logging_mixin.py:188} INFO - [2026-04-28T19:20:19.964+0200] {dag.py:3096} INFO - Sync 2 DAGs
[2026-04-28T19:20:19.967+0200] {logging_mixin.py:188} INFO - [2026-04-28T19:20:19.967+0200] {dag.py:3954} INFO - Setting next_dagrun for example_external_task_marker_child to None, run_after=None
[2026-04-28T19:20:19.968+0200] {logging_mixin.py:188} INFO - [2026-04-28T19:20:19.968+0200] {dag.py:3954} INFO - Setting next_dagrun for example_external_task_marker_parent to None, run_after=None
[2026-04-28T19:20:19.973+0200] {processor.py:183} INFO - Processing /Users/pablofrancoherrero/prueba_tecnica/venv/lib/python3.11/site-packages/airflow/example_dags/example_external_task_marker_dag.py took 0.054 seconds
[2026-04-28T19:21:43.418+0200] {processor.py:161} INFO - Started process (PID=50351) to work on /Users/pablofrancoherrero/prueba_tecnica/venv/lib/python3.11/site-packages/airflow/example_dags/example_external_task_marker_dag.py
[2026-04-28T19:21:43.418+0200] {processor.py:830} INFO - Processing file /Users/pablofrancoherrero/prueba_tecnica/venv/lib/python3.11/site-packages/airflow/example_dags/example_external_task_marker_dag.py for tasks to queue
[2026-04-28T19:21:43.419+0200] {logging_mixin.py:188} INFO - [2026-04-28T19:21:43.419+0200] {dagbag.py:540} INFO - Filling up the DagBag from /Users/pablofrancoherrero/prueba_tecnica/venv/lib/python3.11/site-packages/airflow/example_dags/example_external_task_marker_dag.py
[2026-04-28T19:21:43.423+0200] {processor.py:840} INFO - DAG(s) 'example_external_task_marker_child', 'example_external_task_marker_parent' retrieved from /Users/pablofrancoherrero/prueba_tecnica/venv/lib/python3.11/site-packages/airflow/example_dags/example_external_task_marker_dag.py
[2026-04-28T19:21:43.451+0200] {logging_mixin.py:188} INFO - [2026-04-28T19:21:43.451+0200] {dag.py:3096} INFO - Sync 2 DAGs
[2026-04-28T19:21:43.454+0200] {logging_mixin.py:188} INFO - [2026-04-28T19:21:43.454+0200] {dag.py:3954} INFO - Setting next_dagrun for example_external_task_marker_child to None, run_after=None
[2026-04-28T19:21:43.455+0200] {logging_mixin.py:188} INFO - [2026-04-28T19:21:43.455+0200] {dag.py:3954} INFO - Setting next_dagrun for example_external_task_marker_parent to None, run_after=None
[2026-04-28T19:21:43.460+0200] {processor.py:183} INFO - Processing /Users/pablofrancoherrero/prueba_tecnica/venv/lib/python3.11/site-packages/airflow/example_dags/example_external_task_marker_dag.py took 0.043 seconds
[2026-04-28T19:23:05.156+0200] {processor.py:161} INFO - Started process (PID=50446) to work on /Users/pablofrancoherrero/prueba_tecnica/venv/lib/python3.11/site-packages/airflow/example_dags/example_external_task_marker_dag.py
[2026-04-28T19:23:05.158+0200] {processor.py:830} INFO - Processing file /Users/pablofrancoherrero/prueba_tecnica/venv/lib/python3.11/site-packages/airflow/example_dags/example_external_task_marker_dag.py for tasks to queue
[2026-04-28T19:23:05.158+0200] {logging_mixin.py:188} INFO - [2026-04-28T19:23:05.158+0200] {dagbag.py:540} INFO - Filling up the DagBag from /Users/pablofrancoherrero/prueba_tecnica/venv/lib/python3.11/site-packages/airflow/example_dags/example_external_task_marker_dag.py
[2026-04-28T19:23:05.162+0200] {processor.py:840} INFO - DAG(s) 'example_external_task_marker_parent', 'example_external_task_marker_child' retrieved from /Users/pablofrancoherrero/prueba_tecnica/venv/lib/python3.11/site-packages/airflow/example_dags/example_external_task_marker_dag.py
[2026-04-28T19:23:05.190+0200] {logging_mixin.py:188} INFO - [2026-04-28T19:23:05.190+0200] {dag.py:3096} INFO - Sync 2 DAGs
[2026-04-28T19:23:05.193+0200] {logging_mixin.py:188} INFO - [2026-04-28T19:23:05.193+0200] {dag.py:3954} INFO - Setting next_dagrun for example_external_task_marker_child to None, run_after=None
[2026-04-28T19:23:05.193+0200] {logging_mixin.py:188} INFO - [2026-04-28T19:23:05.193+0200] {dag.py:3954} INFO - Setting next_dagrun for example_external_task_marker_parent to None, run_after=None
[2026-04-28T19:23:05.198+0200] {processor.py:183} INFO - Processing /Users/pablofrancoherrero/prueba_tecnica/venv/lib/python3.11/site-packages/airflow/example_dags/example_external_task_marker_dag.py took 0.042 seconds
[2026-04-28T19:24:23.491+0200] {processor.py:161} INFO - Started process (PID=50541) to work on /Users/pablofrancoherrero/prueba_tecnica/venv/lib/python3.11/site-packages/airflow/example_dags/example_external_task_marker_dag.py
[2026-04-28T19:24:23.491+0200] {processor.py:830} INFO - Processing file /Users/pablofrancoherrero/prueba_tecnica/venv/lib/python3.11/site-packages/airflow/example_dags/example_external_task_marker_dag.py for tasks to queue
[2026-04-28T19:24:23.492+0200] {logging_mixin.py:188} INFO - [2026-04-28T19:24:23.491+0200] {dagbag.py:540} INFO - Filling up the DagBag from /Users/pablofrancoherrero/prueba_tecnica/venv/lib/python3.11/site-packages/airflow/example_dags/example_external_task_marker_dag.py
[2026-04-28T19:24:23.495+0200] {processor.py:840} INFO - DAG(s) 'example_external_task_marker_parent', 'example_external_task_marker_child' retrieved from /Users/pablofrancoherrero/prueba_tecnica/venv/lib/python3.11/site-packages/airflow/example_dags/example_external_task_marker_dag.py
[2026-04-28T19:24:23.523+0200] {logging_mixin.py:188} INFO - [2026-04-28T19:24:23.523+0200] {dag.py:3096} INFO - Sync 2 DAGs
[2026-04-28T19:24:23.526+0200] {logging_mixin.py:188} INFO - [2026-04-28T19:24:23.526+0200] {dag.py:3954} INFO - Setting next_dagrun for example_external_task_marker_child to None, run_after=None
[2026-04-28T19:24:23.526+0200] {logging_mixin.py:188} INFO - [2026-04-28T19:24:23.526+0200] {dag.py:3954} INFO - Setting next_dagrun for example_external_task_marker_parent to None, run_after=None
[2026-04-28T19:24:23.531+0200] {processor.py:183} INFO - Processing /Users/pablofrancoherrero/prueba_tecnica/venv/lib/python3.11/site-packages/airflow/example_dags/example_external_task_marker_dag.py took 0.041 seconds
[2026-04-28T19:25:43.838+0200] {processor.py:161} INFO - Started process (PID=50643) to work on /Users/pablofrancoherrero/prueba_tecnica/venv/lib/python3.11/site-packages/airflow/example_dags/example_external_task_marker_dag.py
[2026-04-28T19:25:43.839+0200] {processor.py:830} INFO - Processing file /Users/pablofrancoherrero/prueba_tecnica/venv/lib/python3.11/site-packages/airflow/example_dags/example_external_task_marker_dag.py for tasks to queue
[2026-04-28T19:25:43.839+0200] {logging_mixin.py:188} INFO - [2026-04-28T19:25:43.839+0200] {dagbag.py:540} INFO - Filling up the DagBag from /Users/pablofrancoherrero/prueba_tecnica/venv/lib/python3.11/site-packages/airflow/example_dags/example_external_task_marker_dag.py
[2026-04-28T19:25:43.843+0200] {processor.py:840} INFO - DAG(s) 'example_external_task_marker_parent', 'example_external_task_marker_child' retrieved from /Users/pablofrancoherrero/prueba_tecnica/venv/lib/python3.11/site-packages/airflow/example_dags/example_external_task_marker_dag.py
[2026-04-28T19:25:43.871+0200] {logging_mixin.py:188} INFO - [2026-04-28T19:25:43.871+0200] {dag.py:3096} INFO - Sync 2 DAGs
[2026-04-28T19:25:43.874+0200] {logging_mixin.py:188} INFO - [2026-04-28T19:25:43.874+0200] {dag.py:3954} INFO - Setting next_dagrun for example_external_task_marker_child to None, run_after=None
[2026-04-28T19:25:43.875+0200] {logging_mixin.py:188} INFO - [2026-04-28T19:25:43.874+0200] {dag.py:3954} INFO - Setting next_dagrun for example_external_task_marker_parent to None, run_after=None
[2026-04-28T19:25:43.879+0200] {processor.py:183} INFO - Processing /Users/pablofrancoherrero/prueba_tecnica/venv/lib/python3.11/site-packages/airflow/example_dags/example_external_task_marker_dag.py took 0.042 seconds
[2026-04-28T19:27:04.313+0200] {processor.py:161} INFO - Started process (PID=50742) to work on /Users/pablofrancoherrero/prueba_tecnica/venv/lib/python3.11/site-packages/airflow/example_dags/example_external_task_marker_dag.py
[2026-04-28T19:27:04.314+0200] {processor.py:830} INFO - Processing file /Users/pablofrancoherrero/prueba_tecnica/venv/lib/python3.11/site-packages/airflow/example_dags/example_external_task_marker_dag.py for tasks to queue
[2026-04-28T19:27:04.314+0200] {logging_mixin.py:188} INFO - [2026-04-28T19:27:04.314+0200] {dagbag.py:540} INFO - Filling up the DagBag from /Users/pablofrancoherrero/prueba_tecnica/venv/lib/python3.11/site-packages/airflow/example_dags/example_external_task_marker_dag.py
[2026-04-28T19:27:04.318+0200] {processor.py:840} INFO - DAG(s) 'example_external_task_marker_child', 'example_external_task_marker_parent' retrieved from /Users/pablofrancoherrero/prueba_tecnica/venv/lib/python3.11/site-packages/airflow/example_dags/example_external_task_marker_dag.py
[2026-04-28T19:27:04.345+0200] {logging_mixin.py:188} INFO - [2026-04-28T19:27:04.345+0200] {dag.py:3096} INFO - Sync 2 DAGs
[2026-04-28T19:27:04.347+0200] {logging_mixin.py:188} INFO - [2026-04-28T19:27:04.347+0200] {dag.py:3954} INFO - Setting next_dagrun for example_external_task_marker_child to None, run_after=None
[2026-04-28T19:27:04.348+0200] {logging_mixin.py:188} INFO - [2026-04-28T19:27:04.348+0200] {dag.py:3954} INFO - Setting next_dagrun for example_external_task_marker_parent to None, run_after=None
[2026-04-28T19:27:04.353+0200] {processor.py:183} INFO - Processing /Users/pablofrancoherrero/prueba_tecnica/venv/lib/python3.11/site-packages/airflow/example_dags/example_external_task_marker_dag.py took 0.041 seconds
[2026-04-28T19:28:24.385+0200] {processor.py:161} INFO - Started process (PID=50840) to work on /Users/pablofrancoherrero/prueba_tecnica/venv/lib/python3.11/site-packages/airflow/example_dags/example_external_task_marker_dag.py
[2026-04-28T19:28:24.385+0200] {processor.py:830} INFO - Processing file /Users/pablofrancoherrero/prueba_tecnica/venv/lib/python3.11/site-packages/airflow/example_dags/example_external_task_marker_dag.py for tasks to queue
[2026-04-28T19:28:24.385+0200] {logging_mixin.py:188} INFO - [2026-04-28T19:28:24.385+0200] {dagbag.py:540} INFO - Filling up the DagBag from /Users/pablofrancoherrero/prueba_tecnica/venv/lib/python3.11/site-packages/airflow/example_dags/example_external_task_marker_dag.py
[2026-04-28T19:28:24.389+0200] {processor.py:840} INFO - DAG(s) 'example_external_task_marker_parent', 'example_external_task_marker_child' retrieved from /Users/pablofrancoherrero/prueba_tecnica/venv/lib/python3.11/site-packages/airflow/example_dags/example_external_task_marker_dag.py
[2026-04-28T19:28:24.417+0200] {logging_mixin.py:188} INFO - [2026-04-28T19:28:24.417+0200] {dag.py:3096} INFO - Sync 2 DAGs
[2026-04-28T19:28:24.420+0200] {logging_mixin.py:188} INFO - [2026-04-28T19:28:24.419+0200] {dag.py:3954} INFO - Setting next_dagrun for example_external_task_marker_child to None, run_after=None
[2026-04-28T19:28:24.420+0200] {logging_mixin.py:188} INFO - [2026-04-28T19:28:24.420+0200] {dag.py:3954} INFO - Setting next_dagrun for example_external_task_marker_parent to None, run_after=None
[2026-04-28T19:28:24.425+0200] {processor.py:183} INFO - Processing /Users/pablofrancoherrero/prueba_tecnica/venv/lib/python3.11/site-packages/airflow/example_dags/example_external_task_marker_dag.py took 0.041 seconds
[2026-04-28T19:29:47.472+0200] {processor.py:161} INFO - Started process (PID=50936) to work on /Users/pablofrancoherrero/prueba_tecnica/venv/lib/python3.11/site-packages/airflow/example_dags/example_external_task_marker_dag.py
[2026-04-28T19:29:47.472+0200] {processor.py:830} INFO - Processing file /Users/pablofrancoherrero/prueba_tecnica/venv/lib/python3.11/site-packages/airflow/example_dags/example_external_task_marker_dag.py for tasks to queue
[2026-04-28T19:29:47.472+0200] {logging_mixin.py:188} INFO - [2026-04-28T19:29:47.472+0200] {dagbag.py:540} INFO - Filling up the DagBag from /Users/pablofrancoherrero/prueba_tecnica/venv/lib/python3.11/site-packages/airflow/example_dags/example_external_task_marker_dag.py
[2026-04-28T19:29:47.476+0200] {processor.py:840} INFO - DAG(s) 'example_external_task_marker_parent', 'example_external_task_marker_child' retrieved from /Users/pablofrancoherrero/prueba_tecnica/venv/lib/python3.11/site-packages/airflow/example_dags/example_external_task_marker_dag.py
[2026-04-28T19:29:47.504+0200] {logging_mixin.py:188} INFO - [2026-04-28T19:29:47.504+0200] {dag.py:3096} INFO - Sync 2 DAGs
[2026-04-28T19:29:47.507+0200] {logging_mixin.py:188} INFO - [2026-04-28T19:29:47.507+0200] {dag.py:3954} INFO - Setting next_dagrun for example_external_task_marker_child to None, run_after=None
[2026-04-28T19:29:47.508+0200] {logging_mixin.py:188} INFO - [2026-04-28T19:29:47.508+0200] {dag.py:3954} INFO - Setting next_dagrun for example_external_task_marker_parent to None, run_after=None
[2026-04-28T19:29:47.512+0200] {processor.py:183} INFO - Processing /Users/pablofrancoherrero/prueba_tecnica/venv/lib/python3.11/site-packages/airflow/example_dags/example_external_task_marker_dag.py took 0.042 seconds
[2026-04-28T19:31:10.177+0200] {processor.py:161} INFO - Started process (PID=51034) to work on /Users/pablofrancoherrero/prueba_tecnica/venv/lib/python3.11/site-packages/airflow/example_dags/example_external_task_marker_dag.py
[2026-04-28T19:31:10.178+0200] {processor.py:830} INFO - Processing file /Users/pablofrancoherrero/prueba_tecnica/venv/lib/python3.11/site-packages/airflow/example_dags/example_external_task_marker_dag.py for tasks to queue
[2026-04-28T19:31:10.178+0200] {logging_mixin.py:188} INFO - [2026-04-28T19:31:10.178+0200] {dagbag.py:540} INFO - Filling up the DagBag from /Users/pablofrancoherrero/prueba_tecnica/venv/lib/python3.11/site-packages/airflow/example_dags/example_external_task_marker_dag.py
[2026-04-28T19:31:10.182+0200] {processor.py:840} INFO - DAG(s) 'example_external_task_marker_parent', 'example_external_task_marker_child' retrieved from /Users/pablofrancoherrero/prueba_tecnica/venv/lib/python3.11/site-packages/airflow/example_dags/example_external_task_marker_dag.py
[2026-04-28T19:31:10.212+0200] {logging_mixin.py:188} INFO - [2026-04-28T19:31:10.212+0200] {dag.py:3096} INFO - Sync 2 DAGs
[2026-04-28T19:31:10.215+0200] {logging_mixin.py:188} INFO - [2026-04-28T19:31:10.215+0200] {dag.py:3954} INFO - Setting next_dagrun for example_external_task_marker_child to None, run_after=None
[2026-04-28T19:31:10.216+0200] {logging_mixin.py:188} INFO - [2026-04-28T19:31:10.216+0200] {dag.py:3954} INFO - Setting next_dagrun for example_external_task_marker_parent to None, run_after=None
[2026-04-28T19:31:10.221+0200] {processor.py:183} INFO - Processing /Users/pablofrancoherrero/prueba_tecnica/venv/lib/python3.11/site-packages/airflow/example_dags/example_external_task_marker_dag.py took 0.044 seconds
[2026-04-28T19:32:26.357+0200] {processor.py:161} INFO - Started process (PID=51121) to work on /Users/pablofrancoherrero/prueba_tecnica/venv/lib/python3.11/site-packages/airflow/example_dags/example_external_task_marker_dag.py
[2026-04-28T19:32:26.357+0200] {processor.py:830} INFO - Processing file /Users/pablofrancoherrero/prueba_tecnica/venv/lib/python3.11/site-packages/airflow/example_dags/example_external_task_marker_dag.py for tasks to queue
[2026-04-28T19:32:26.357+0200] {logging_mixin.py:188} INFO - [2026-04-28T19:32:26.357+0200] {dagbag.py:540} INFO - Filling up the DagBag from /Users/pablofrancoherrero/prueba_tecnica/venv/lib/python3.11/site-packages/airflow/example_dags/example_external_task_marker_dag.py
[2026-04-28T19:32:26.361+0200] {processor.py:840} INFO - DAG(s) 'example_external_task_marker_child', 'example_external_task_marker_parent' retrieved from /Users/pablofrancoherrero/prueba_tecnica/venv/lib/python3.11/site-packages/airflow/example_dags/example_external_task_marker_dag.py
[2026-04-28T19:32:26.390+0200] {logging_mixin.py:188} INFO - [2026-04-28T19:32:26.390+0200] {dag.py:3096} INFO - Sync 2 DAGs
[2026-04-28T19:32:26.393+0200] {logging_mixin.py:188} INFO - [2026-04-28T19:32:26.393+0200] {dag.py:3954} INFO - Setting next_dagrun for example_external_task_marker_child to None, run_after=None
[2026-04-28T19:32:26.394+0200] {logging_mixin.py:188} INFO - [2026-04-28T19:32:26.394+0200] {dag.py:3954} INFO - Setting next_dagrun for example_external_task_marker_parent to None, run_after=None
[2026-04-28T19:32:26.399+0200] {processor.py:183} INFO - Processing /Users/pablofrancoherrero/prueba_tecnica/venv/lib/python3.11/site-packages/airflow/example_dags/example_external_task_marker_dag.py took 0.044 seconds
[2026-04-28T19:33:50.661+0200] {processor.py:161} INFO - Started process (PID=51227) to work on /Users/pablofrancoherrero/prueba_tecnica/venv/lib/python3.11/site-packages/airflow/example_dags/example_external_task_marker_dag.py
[2026-04-28T19:33:50.663+0200] {processor.py:830} INFO - Processing file /Users/pablofrancoherrero/prueba_tecnica/venv/lib/python3.11/site-packages/airflow/example_dags/example_external_task_marker_dag.py for tasks to queue
[2026-04-28T19:33:50.663+0200] {logging_mixin.py:188} INFO - [2026-04-28T19:33:50.663+0200] {dagbag.py:540} INFO - Filling up the DagBag from /Users/pablofrancoherrero/prueba_tecnica/venv/lib/python3.11/site-packages/airflow/example_dags/example_external_task_marker_dag.py
[2026-04-28T19:33:50.667+0200] {processor.py:840} INFO - DAG(s) 'example_external_task_marker_child', 'example_external_task_marker_parent' retrieved from /Users/pablofrancoherrero/prueba_tecnica/venv/lib/python3.11/site-packages/airflow/example_dags/example_external_task_marker_dag.py
[2026-04-28T19:33:50.695+0200] {logging_mixin.py:188} INFO - [2026-04-28T19:33:50.695+0200] {dag.py:3096} INFO - Sync 2 DAGs
[2026-04-28T19:33:50.698+0200] {logging_mixin.py:188} INFO - [2026-04-28T19:33:50.698+0200] {dag.py:3954} INFO - Setting next_dagrun for example_external_task_marker_child to None, run_after=None
[2026-04-28T19:33:50.699+0200] {logging_mixin.py:188} INFO - [2026-04-28T19:33:50.699+0200] {dag.py:3954} INFO - Setting next_dagrun for example_external_task_marker_parent to None, run_after=None
[2026-04-28T19:33:50.704+0200] {processor.py:183} INFO - Processing /Users/pablofrancoherrero/prueba_tecnica/venv/lib/python3.11/site-packages/airflow/example_dags/example_external_task_marker_dag.py took 0.043 seconds
[2026-04-28T19:35:13.496+0200] {processor.py:161} INFO - Started process (PID=51335) to work on /Users/pablofrancoherrero/prueba_tecnica/venv/lib/python3.11/site-packages/airflow/example_dags/example_external_task_marker_dag.py
[2026-04-28T19:35:13.497+0200] {processor.py:830} INFO - Processing file /Users/pablofrancoherrero/prueba_tecnica/venv/lib/python3.11/site-packages/airflow/example_dags/example_external_task_marker_dag.py for tasks to queue
[2026-04-28T19:35:13.497+0200] {logging_mixin.py:188} INFO - [2026-04-28T19:35:13.497+0200] {dagbag.py:540} INFO - Filling up the DagBag from /Users/pablofrancoherrero/prueba_tecnica/venv/lib/python3.11/site-packages/airflow/example_dags/example_external_task_marker_dag.py
[2026-04-28T19:35:13.501+0200] {processor.py:840} INFO - DAG(s) 'example_external_task_marker_child', 'example_external_task_marker_parent' retrieved from /Users/pablofrancoherrero/prueba_tecnica/venv/lib/python3.11/site-packages/airflow/example_dags/example_external_task_marker_dag.py
[2026-04-28T19:35:13.529+0200] {logging_mixin.py:188} INFO - [2026-04-28T19:35:13.529+0200] {dag.py:3096} INFO - Sync 2 DAGs
[2026-04-28T19:35:13.531+0200] {logging_mixin.py:188} INFO - [2026-04-28T19:35:13.531+0200] {dag.py:3954} INFO - Setting next_dagrun for example_external_task_marker_child to None, run_after=None
[2026-04-28T19:35:13.532+0200] {logging_mixin.py:188} INFO - [2026-04-28T19:35:13.532+0200] {dag.py:3954} INFO - Setting next_dagrun for example_external_task_marker_parent to None, run_after=None
[2026-04-28T19:35:13.537+0200] {processor.py:183} INFO - Processing /Users/pablofrancoherrero/prueba_tecnica/venv/lib/python3.11/site-packages/airflow/example_dags/example_external_task_marker_dag.py took 0.042 seconds
[2026-04-28T19:36:29.808+0200] {processor.py:161} INFO - Started process (PID=51439) to work on /Users/pablofrancoherrero/prueba_tecnica/venv/lib/python3.11/site-packages/airflow/example_dags/example_external_task_marker_dag.py
[2026-04-28T19:36:29.809+0200] {processor.py:830} INFO - Processing file /Users/pablofrancoherrero/prueba_tecnica/venv/lib/python3.11/site-packages/airflow/example_dags/example_external_task_marker_dag.py for tasks to queue
[2026-04-28T19:36:29.809+0200] {logging_mixin.py:188} INFO - [2026-04-28T19:36:29.809+0200] {dagbag.py:540} INFO - Filling up the DagBag from /Users/pablofrancoherrero/prueba_tecnica/venv/lib/python3.11/site-packages/airflow/example_dags/example_external_task_marker_dag.py
[2026-04-28T19:36:29.813+0200] {processor.py:840} INFO - DAG(s) 'example_external_task_marker_parent', 'example_external_task_marker_child' retrieved from /Users/pablofrancoherrero/prueba_tecnica/venv/lib/python3.11/site-packages/airflow/example_dags/example_external_task_marker_dag.py
[2026-04-28T19:36:29.841+0200] {logging_mixin.py:188} INFO - [2026-04-28T19:36:29.841+0200] {dag.py:3096} INFO - Sync 2 DAGs
[2026-04-28T19:36:29.844+0200] {logging_mixin.py:188} INFO - [2026-04-28T19:36:29.844+0200] {dag.py:3954} INFO - Setting next_dagrun for example_external_task_marker_child to None, run_after=None
[2026-04-28T19:36:29.845+0200] {logging_mixin.py:188} INFO - [2026-04-28T19:36:29.845+0200] {dag.py:3954} INFO - Setting next_dagrun for example_external_task_marker_parent to None, run_after=None
[2026-04-28T19:36:29.850+0200] {processor.py:183} INFO - Processing /Users/pablofrancoherrero/prueba_tecnica/venv/lib/python3.11/site-packages/airflow/example_dags/example_external_task_marker_dag.py took 0.043 seconds
[2026-04-28T19:37:51.883+0200] {processor.py:161} INFO - Started process (PID=51549) to work on /Users/pablofrancoherrero/prueba_tecnica/venv/lib/python3.11/site-packages/airflow/example_dags/example_external_task_marker_dag.py
[2026-04-28T19:37:51.884+0200] {processor.py:830} INFO - Processing file /Users/pablofrancoherrero/prueba_tecnica/venv/lib/python3.11/site-packages/airflow/example_dags/example_external_task_marker_dag.py for tasks to queue
[2026-04-28T19:37:51.884+0200] {logging_mixin.py:188} INFO - [2026-04-28T19:37:51.884+0200] {dagbag.py:540} INFO - Filling up the DagBag from /Users/pablofrancoherrero/prueba_tecnica/venv/lib/python3.11/site-packages/airflow/example_dags/example_external_task_marker_dag.py
[2026-04-28T19:37:51.888+0200] {processor.py:840} INFO - DAG(s) 'example_external_task_marker_parent', 'example_external_task_marker_child' retrieved from /Users/pablofrancoherrero/prueba_tecnica/venv/lib/python3.11/site-packages/airflow/example_dags/example_external_task_marker_dag.py
[2026-04-28T19:37:51.917+0200] {logging_mixin.py:188} INFO - [2026-04-28T19:37:51.917+0200] {dag.py:3096} INFO - Sync 2 DAGs
[2026-04-28T19:37:51.920+0200] {logging_mixin.py:188} INFO - [2026-04-28T19:37:51.920+0200] {dag.py:3954} INFO - Setting next_dagrun for example_external_task_marker_child to None, run_after=None
[2026-04-28T19:37:51.921+0200] {logging_mixin.py:188} INFO - [2026-04-28T19:37:51.921+0200] {dag.py:3954} INFO - Setting next_dagrun for example_external_task_marker_parent to None, run_after=None
[2026-04-28T19:37:51.926+0200] {processor.py:183} INFO - Processing /Users/pablofrancoherrero/prueba_tecnica/venv/lib/python3.11/site-packages/airflow/example_dags/example_external_task_marker_dag.py took 0.044 seconds
[2026-04-28T19:39:15.222+0200] {processor.py:161} INFO - Started process (PID=51633) to work on /Users/pablofrancoherrero/prueba_tecnica/venv/lib/python3.11/site-packages/airflow/example_dags/example_external_task_marker_dag.py
[2026-04-28T19:39:15.223+0200] {processor.py:830} INFO - Processing file /Users/pablofrancoherrero/prueba_tecnica/venv/lib/python3.11/site-packages/airflow/example_dags/example_external_task_marker_dag.py for tasks to queue
[2026-04-28T19:39:15.223+0200] {logging_mixin.py:188} INFO - [2026-04-28T19:39:15.223+0200] {dagbag.py:540} INFO - Filling up the DagBag from /Users/pablofrancoherrero/prueba_tecnica/venv/lib/python3.11/site-packages/airflow/example_dags/example_external_task_marker_dag.py
[2026-04-28T19:39:15.227+0200] {processor.py:840} INFO - DAG(s) 'example_external_task_marker_child', 'example_external_task_marker_parent' retrieved from /Users/pablofrancoherrero/prueba_tecnica/venv/lib/python3.11/site-packages/airflow/example_dags/example_external_task_marker_dag.py
[2026-04-28T19:39:15.255+0200] {logging_mixin.py:188} INFO - [2026-04-28T19:39:15.255+0200] {dag.py:3096} INFO - Sync 2 DAGs
[2026-04-28T19:39:15.258+0200] {logging_mixin.py:188} INFO - [2026-04-28T19:39:15.258+0200] {dag.py:3954} INFO - Setting next_dagrun for example_external_task_marker_child to None, run_after=None
[2026-04-28T19:39:15.259+0200] {logging_mixin.py:188} INFO - [2026-04-28T19:39:15.259+0200] {dag.py:3954} INFO - Setting next_dagrun for example_external_task_marker_parent to None, run_after=None
[2026-04-28T19:39:15.264+0200] {processor.py:183} INFO - Processing /Users/pablofrancoherrero/prueba_tecnica/venv/lib/python3.11/site-packages/airflow/example_dags/example_external_task_marker_dag.py took 0.043 seconds
[2026-04-28T19:40:33.787+0200] {processor.py:161} INFO - Started process (PID=51771) to work on /Users/pablofrancoherrero/prueba_tecnica/venv/lib/python3.11/site-packages/airflow/example_dags/example_external_task_marker_dag.py
[2026-04-28T19:40:33.787+0200] {processor.py:830} INFO - Processing file /Users/pablofrancoherrero/prueba_tecnica/venv/lib/python3.11/site-packages/airflow/example_dags/example_external_task_marker_dag.py for tasks to queue
[2026-04-28T19:40:33.787+0200] {logging_mixin.py:188} INFO - [2026-04-28T19:40:33.787+0200] {dagbag.py:540} INFO - Filling up the DagBag from /Users/pablofrancoherrero/prueba_tecnica/venv/lib/python3.11/site-packages/airflow/example_dags/example_external_task_marker_dag.py
[2026-04-28T19:40:33.791+0200] {processor.py:840} INFO - DAG(s) 'example_external_task_marker_child', 'example_external_task_marker_parent' retrieved from /Users/pablofrancoherrero/prueba_tecnica/venv/lib/python3.11/site-packages/airflow/example_dags/example_external_task_marker_dag.py
[2026-04-28T19:40:33.819+0200] {logging_mixin.py:188} INFO - [2026-04-28T19:40:33.819+0200] {dag.py:3096} INFO - Sync 2 DAGs
[2026-04-28T19:40:33.822+0200] {logging_mixin.py:188} INFO - [2026-04-28T19:40:33.822+0200] {dag.py:3954} INFO - Setting next_dagrun for example_external_task_marker_child to None, run_after=None
[2026-04-28T19:40:33.823+0200] {logging_mixin.py:188} INFO - [2026-04-28T19:40:33.823+0200] {dag.py:3954} INFO - Setting next_dagrun for example_external_task_marker_parent to None, run_after=None
[2026-04-28T19:40:33.827+0200] {processor.py:183} INFO - Processing /Users/pablofrancoherrero/prueba_tecnica/venv/lib/python3.11/site-packages/airflow/example_dags/example_external_task_marker_dag.py took 0.041 seconds
[2026-04-28T19:41:56.590+0200] {processor.py:161} INFO - Started process (PID=51863) to work on /Users/pablofrancoherrero/prueba_tecnica/venv/lib/python3.11/site-packages/airflow/example_dags/example_external_task_marker_dag.py
[2026-04-28T19:41:56.591+0200] {processor.py:830} INFO - Processing file /Users/pablofrancoherrero/prueba_tecnica/venv/lib/python3.11/site-packages/airflow/example_dags/example_external_task_marker_dag.py for tasks to queue
[2026-04-28T19:41:56.591+0200] {logging_mixin.py:188} INFO - [2026-04-28T19:41:56.591+0200] {dagbag.py:540} INFO - Filling up the DagBag from /Users/pablofrancoherrero/prueba_tecnica/venv/lib/python3.11/site-packages/airflow/example_dags/example_external_task_marker_dag.py
[2026-04-28T19:41:56.595+0200] {processor.py:840} INFO - DAG(s) 'example_external_task_marker_child', 'example_external_task_marker_parent' retrieved from /Users/pablofrancoherrero/prueba_tecnica/venv/lib/python3.11/site-packages/airflow/example_dags/example_external_task_marker_dag.py
[2026-04-28T19:41:56.623+0200] {logging_mixin.py:188} INFO - [2026-04-28T19:41:56.622+0200] {dag.py:3096} INFO - Sync 2 DAGs
[2026-04-28T19:41:56.625+0200] {logging_mixin.py:188} INFO - [2026-04-28T19:41:56.625+0200] {dag.py:3954} INFO - Setting next_dagrun for example_external_task_marker_child to None, run_after=None
[2026-04-28T19:41:56.626+0200] {logging_mixin.py:188} INFO - [2026-04-28T19:41:56.626+0200] {dag.py:3954} INFO - Setting next_dagrun for example_external_task_marker_parent to None, run_after=None
[2026-04-28T19:41:56.631+0200] {processor.py:183} INFO - Processing /Users/pablofrancoherrero/prueba_tecnica/venv/lib/python3.11/site-packages/airflow/example_dags/example_external_task_marker_dag.py took 0.041 seconds
[2026-04-28T19:43:18.382+0200] {processor.py:161} INFO - Started process (PID=51942) to work on /Users/pablofrancoherrero/prueba_tecnica/venv/lib/python3.11/site-packages/airflow/example_dags/example_external_task_marker_dag.py
[2026-04-28T19:43:18.382+0200] {processor.py:830} INFO - Processing file /Users/pablofrancoherrero/prueba_tecnica/venv/lib/python3.11/site-packages/airflow/example_dags/example_external_task_marker_dag.py for tasks to queue
[2026-04-28T19:43:18.383+0200] {logging_mixin.py:188} INFO - [2026-04-28T19:43:18.383+0200] {dagbag.py:540} INFO - Filling up the DagBag from /Users/pablofrancoherrero/prueba_tecnica/venv/lib/python3.11/site-packages/airflow/example_dags/example_external_task_marker_dag.py
[2026-04-28T19:43:18.387+0200] {processor.py:840} INFO - DAG(s) 'example_external_task_marker_parent', 'example_external_task_marker_child' retrieved from /Users/pablofrancoherrero/prueba_tecnica/venv/lib/python3.11/site-packages/airflow/example_dags/example_external_task_marker_dag.py
[2026-04-28T19:43:18.415+0200] {logging_mixin.py:188} INFO - [2026-04-28T19:43:18.415+0200] {dag.py:3096} INFO - Sync 2 DAGs
[2026-04-28T19:43:18.417+0200] {logging_mixin.py:188} INFO - [2026-04-28T19:43:18.417+0200] {dag.py:3954} INFO - Setting next_dagrun for example_external_task_marker_child to None, run_after=None
[2026-04-28T19:43:18.418+0200] {logging_mixin.py:188} INFO - [2026-04-28T19:43:18.418+0200] {dag.py:3954} INFO - Setting next_dagrun for example_external_task_marker_parent to None, run_after=None
[2026-04-28T19:43:18.423+0200] {processor.py:183} INFO - Processing /Users/pablofrancoherrero/prueba_tecnica/venv/lib/python3.11/site-packages/airflow/example_dags/example_external_task_marker_dag.py took 0.042 seconds
[2026-04-28T19:44:42.096+0200] {processor.py:161} INFO - Started process (PID=52054) to work on /Users/pablofrancoherrero/prueba_tecnica/venv/lib/python3.11/site-packages/airflow/example_dags/example_external_task_marker_dag.py
[2026-04-28T19:44:42.097+0200] {processor.py:830} INFO - Processing file /Users/pablofrancoherrero/prueba_tecnica/venv/lib/python3.11/site-packages/airflow/example_dags/example_external_task_marker_dag.py for tasks to queue
[2026-04-28T19:44:42.097+0200] {logging_mixin.py:188} INFO - [2026-04-28T19:44:42.097+0200] {dagbag.py:540} INFO - Filling up the DagBag from /Users/pablofrancoherrero/prueba_tecnica/venv/lib/python3.11/site-packages/airflow/example_dags/example_external_task_marker_dag.py
[2026-04-28T19:44:42.101+0200] {processor.py:840} INFO - DAG(s) 'example_external_task_marker_parent', 'example_external_task_marker_child' retrieved from /Users/pablofrancoherrero/prueba_tecnica/venv/lib/python3.11/site-packages/airflow/example_dags/example_external_task_marker_dag.py
[2026-04-28T19:44:42.129+0200] {logging_mixin.py:188} INFO - [2026-04-28T19:44:42.129+0200] {dag.py:3096} INFO - Sync 2 DAGs
[2026-04-28T19:44:42.132+0200] {logging_mixin.py:188} INFO - [2026-04-28T19:44:42.132+0200] {dag.py:3954} INFO - Setting next_dagrun for example_external_task_marker_child to None, run_after=None
[2026-04-28T19:44:42.132+0200] {logging_mixin.py:188} INFO - [2026-04-28T19:44:42.132+0200] {dag.py:3954} INFO - Setting next_dagrun for example_external_task_marker_parent to None, run_after=None
[2026-04-28T19:44:42.138+0200] {processor.py:183} INFO - Processing /Users/pablofrancoherrero/prueba_tecnica/venv/lib/python3.11/site-packages/airflow/example_dags/example_external_task_marker_dag.py took 0.043 seconds
[2026-04-28T19:46:01.324+0200] {processor.py:161} INFO - Started process (PID=52174) to work on /Users/pablofrancoherrero/prueba_tecnica/venv/lib/python3.11/site-packages/airflow/example_dags/example_external_task_marker_dag.py
[2026-04-28T19:46:01.325+0200] {processor.py:830} INFO - Processing file /Users/pablofrancoherrero/prueba_tecnica/venv/lib/python3.11/site-packages/airflow/example_dags/example_external_task_marker_dag.py for tasks to queue
[2026-04-28T19:46:01.325+0200] {logging_mixin.py:188} INFO - [2026-04-28T19:46:01.325+0200] {dagbag.py:540} INFO - Filling up the DagBag from /Users/pablofrancoherrero/prueba_tecnica/venv/lib/python3.11/site-packages/airflow/example_dags/example_external_task_marker_dag.py
[2026-04-28T19:46:01.329+0200] {processor.py:840} INFO - DAG(s) 'example_external_task_marker_parent', 'example_external_task_marker_child' retrieved from /Users/pablofrancoherrero/prueba_tecnica/venv/lib/python3.11/site-packages/airflow/example_dags/example_external_task_marker_dag.py
[2026-04-28T19:46:01.358+0200] {logging_mixin.py:188} INFO - [2026-04-28T19:46:01.358+0200] {dag.py:3096} INFO - Sync 2 DAGs
[2026-04-28T19:46:01.360+0200] {logging_mixin.py:188} INFO - [2026-04-28T19:46:01.360+0200] {dag.py:3954} INFO - Setting next_dagrun for example_external_task_marker_child to None, run_after=None
[2026-04-28T19:46:01.361+0200] {logging_mixin.py:188} INFO - [2026-04-28T19:46:01.361+0200] {dag.py:3954} INFO - Setting next_dagrun for example_external_task_marker_parent to None, run_after=None
[2026-04-28T19:46:01.366+0200] {processor.py:183} INFO - Processing /Users/pablofrancoherrero/prueba_tecnica/venv/lib/python3.11/site-packages/airflow/example_dags/example_external_task_marker_dag.py took 0.043 seconds
[2026-04-28T19:47:22.853+0200] {processor.py:161} INFO - Started process (PID=52291) to work on /Users/pablofrancoherrero/prueba_tecnica/venv/lib/python3.11/site-packages/airflow/example_dags/example_external_task_marker_dag.py
[2026-04-28T19:47:22.853+0200] {processor.py:830} INFO - Processing file /Users/pablofrancoherrero/prueba_tecnica/venv/lib/python3.11/site-packages/airflow/example_dags/example_external_task_marker_dag.py for tasks to queue
[2026-04-28T19:47:22.853+0200] {logging_mixin.py:188} INFO - [2026-04-28T19:47:22.853+0200] {dagbag.py:540} INFO - Filling up the DagBag from /Users/pablofrancoherrero/prueba_tecnica/venv/lib/python3.11/site-packages/airflow/example_dags/example_external_task_marker_dag.py
[2026-04-28T19:47:22.857+0200] {processor.py:840} INFO - DAG(s) 'example_external_task_marker_child', 'example_external_task_marker_parent' retrieved from /Users/pablofrancoherrero/prueba_tecnica/venv/lib/python3.11/site-packages/airflow/example_dags/example_external_task_marker_dag.py
[2026-04-28T19:47:22.886+0200] {logging_mixin.py:188} INFO - [2026-04-28T19:47:22.886+0200] {dag.py:3096} INFO - Sync 2 DAGs
[2026-04-28T19:47:22.889+0200] {logging_mixin.py:188} INFO - [2026-04-28T19:47:22.889+0200] {dag.py:3954} INFO - Setting next_dagrun for example_external_task_marker_child to None, run_after=None
[2026-04-28T19:47:22.890+0200] {logging_mixin.py:188} INFO - [2026-04-28T19:47:22.890+0200] {dag.py:3954} INFO - Setting next_dagrun for example_external_task_marker_parent to None, run_after=None
[2026-04-28T19:47:22.895+0200] {processor.py:183} INFO - Processing /Users/pablofrancoherrero/prueba_tecnica/venv/lib/python3.11/site-packages/airflow/example_dags/example_external_task_marker_dag.py took 0.043 seconds
[2026-04-28T19:48:39.833+0200] {processor.py:161} INFO - Started process (PID=52380) to work on /Users/pablofrancoherrero/prueba_tecnica/venv/lib/python3.11/site-packages/airflow/example_dags/example_external_task_marker_dag.py
[2026-04-28T19:48:39.834+0200] {processor.py:830} INFO - Processing file /Users/pablofrancoherrero/prueba_tecnica/venv/lib/python3.11/site-packages/airflow/example_dags/example_external_task_marker_dag.py for tasks to queue
[2026-04-28T19:48:39.834+0200] {logging_mixin.py:188} INFO - [2026-04-28T19:48:39.834+0200] {dagbag.py:540} INFO - Filling up the DagBag from /Users/pablofrancoherrero/prueba_tecnica/venv/lib/python3.11/site-packages/airflow/example_dags/example_external_task_marker_dag.py
[2026-04-28T19:48:39.837+0200] {processor.py:840} INFO - DAG(s) 'example_external_task_marker_parent', 'example_external_task_marker_child' retrieved from /Users/pablofrancoherrero/prueba_tecnica/venv/lib/python3.11/site-packages/airflow/example_dags/example_external_task_marker_dag.py
[2026-04-28T19:48:39.865+0200] {logging_mixin.py:188} INFO - [2026-04-28T19:48:39.865+0200] {dag.py:3096} INFO - Sync 2 DAGs
[2026-04-28T19:48:39.867+0200] {logging_mixin.py:188} INFO - [2026-04-28T19:48:39.867+0200] {dag.py:3954} INFO - Setting next_dagrun for example_external_task_marker_child to None, run_after=None
[2026-04-28T19:48:39.868+0200] {logging_mixin.py:188} INFO - [2026-04-28T19:48:39.868+0200] {dag.py:3954} INFO - Setting next_dagrun for example_external_task_marker_parent to None, run_after=None
[2026-04-28T19:48:39.873+0200] {processor.py:183} INFO - Processing /Users/pablofrancoherrero/prueba_tecnica/venv/lib/python3.11/site-packages/airflow/example_dags/example_external_task_marker_dag.py took 0.041 seconds
[2026-04-28T19:50:02.835+0200] {processor.py:161} INFO - Started process (PID=52483) to work on /Users/pablofrancoherrero/prueba_tecnica/venv/lib/python3.11/site-packages/airflow/example_dags/example_external_task_marker_dag.py
[2026-04-28T19:50:02.835+0200] {processor.py:830} INFO - Processing file /Users/pablofrancoherrero/prueba_tecnica/venv/lib/python3.11/site-packages/airflow/example_dags/example_external_task_marker_dag.py for tasks to queue
[2026-04-28T19:50:02.836+0200] {logging_mixin.py:188} INFO - [2026-04-28T19:50:02.836+0200] {dagbag.py:540} INFO - Filling up the DagBag from /Users/pablofrancoherrero/prueba_tecnica/venv/lib/python3.11/site-packages/airflow/example_dags/example_external_task_marker_dag.py
[2026-04-28T19:50:02.840+0200] {processor.py:840} INFO - DAG(s) 'example_external_task_marker_parent', 'example_external_task_marker_child' retrieved from /Users/pablofrancoherrero/prueba_tecnica/venv/lib/python3.11/site-packages/airflow/example_dags/example_external_task_marker_dag.py
[2026-04-28T19:50:02.868+0200] {logging_mixin.py:188} INFO - [2026-04-28T19:50:02.868+0200] {dag.py:3096} INFO - Sync 2 DAGs
[2026-04-28T19:50:02.871+0200] {logging_mixin.py:188} INFO - [2026-04-28T19:50:02.871+0200] {dag.py:3954} INFO - Setting next_dagrun for example_external_task_marker_child to None, run_after=None
[2026-04-28T19:50:02.872+0200] {logging_mixin.py:188} INFO - [2026-04-28T19:50:02.872+0200] {dag.py:3954} INFO - Setting next_dagrun for example_external_task_marker_parent to None, run_after=None
[2026-04-28T19:50:02.877+0200] {processor.py:183} INFO - Processing /Users/pablofrancoherrero/prueba_tecnica/venv/lib/python3.11/site-packages/airflow/example_dags/example_external_task_marker_dag.py took 0.043 seconds
[2026-04-28T19:51:24.338+0200] {processor.py:161} INFO - Started process (PID=52582) to work on /Users/pablofrancoherrero/prueba_tecnica/venv/lib/python3.11/site-packages/airflow/example_dags/example_external_task_marker_dag.py
[2026-04-28T19:51:24.339+0200] {processor.py:830} INFO - Processing file /Users/pablofrancoherrero/prueba_tecnica/venv/lib/python3.11/site-packages/airflow/example_dags/example_external_task_marker_dag.py for tasks to queue
[2026-04-28T19:51:24.339+0200] {logging_mixin.py:188} INFO - [2026-04-28T19:51:24.339+0200] {dagbag.py:540} INFO - Filling up the DagBag from /Users/pablofrancoherrero/prueba_tecnica/venv/lib/python3.11/site-packages/airflow/example_dags/example_external_task_marker_dag.py
[2026-04-28T19:51:24.343+0200] {processor.py:840} INFO - DAG(s) 'example_external_task_marker_parent', 'example_external_task_marker_child' retrieved from /Users/pablofrancoherrero/prueba_tecnica/venv/lib/python3.11/site-packages/airflow/example_dags/example_external_task_marker_dag.py
[2026-04-28T19:51:24.371+0200] {logging_mixin.py:188} INFO - [2026-04-28T19:51:24.371+0200] {dag.py:3096} INFO - Sync 2 DAGs
[2026-04-28T19:51:24.373+0200] {logging_mixin.py:188} INFO - [2026-04-28T19:51:24.373+0200] {dag.py:3954} INFO - Setting next_dagrun for example_external_task_marker_child to None, run_after=None
[2026-04-28T19:51:24.374+0200] {logging_mixin.py:188} INFO - [2026-04-28T19:51:24.374+0200] {dag.py:3954} INFO - Setting next_dagrun for example_external_task_marker_parent to None, run_after=None
[2026-04-28T19:51:24.379+0200] {processor.py:183} INFO - Processing /Users/pablofrancoherrero/prueba_tecnica/venv/lib/python3.11/site-packages/airflow/example_dags/example_external_task_marker_dag.py took 0.042 seconds
[2026-04-28T19:52:43.996+0200] {processor.py:161} INFO - Started process (PID=52650) to work on /Users/pablofrancoherrero/prueba_tecnica/venv/lib/python3.11/site-packages/airflow/example_dags/example_external_task_marker_dag.py
[2026-04-28T19:52:43.997+0200] {processor.py:830} INFO - Processing file /Users/pablofrancoherrero/prueba_tecnica/venv/lib/python3.11/site-packages/airflow/example_dags/example_external_task_marker_dag.py for tasks to queue
[2026-04-28T19:52:43.998+0200] {logging_mixin.py:188} INFO - [2026-04-28T19:52:43.998+0200] {dagbag.py:540} INFO - Filling up the DagBag from /Users/pablofrancoherrero/prueba_tecnica/venv/lib/python3.11/site-packages/airflow/example_dags/example_external_task_marker_dag.py
[2026-04-28T19:52:44.001+0200] {processor.py:840} INFO - DAG(s) 'example_external_task_marker_child', 'example_external_task_marker_parent' retrieved from /Users/pablofrancoherrero/prueba_tecnica/venv/lib/python3.11/site-packages/airflow/example_dags/example_external_task_marker_dag.py
[2026-04-28T19:52:44.029+0200] {logging_mixin.py:188} INFO - [2026-04-28T19:52:44.029+0200] {dag.py:3096} INFO - Sync 2 DAGs
[2026-04-28T19:52:44.031+0200] {logging_mixin.py:188} INFO - [2026-04-28T19:52:44.031+0200] {dag.py:3954} INFO - Setting next_dagrun for example_external_task_marker_child to None, run_after=None
[2026-04-28T19:52:44.032+0200] {logging_mixin.py:188} INFO - [2026-04-28T19:52:44.032+0200] {dag.py:3954} INFO - Setting next_dagrun for example_external_task_marker_parent to None, run_after=None
[2026-04-28T19:52:44.036+0200] {processor.py:183} INFO - Processing /Users/pablofrancoherrero/prueba_tecnica/venv/lib/python3.11/site-packages/airflow/example_dags/example_external_task_marker_dag.py took 0.041 seconds
[2026-04-28T19:54:04.463+0200] {processor.py:161} INFO - Started process (PID=52723) to work on /Users/pablofrancoherrero/prueba_tecnica/venv/lib/python3.11/site-packages/airflow/example_dags/example_external_task_marker_dag.py
[2026-04-28T19:54:04.464+0200] {processor.py:830} INFO - Processing file /Users/pablofrancoherrero/prueba_tecnica/venv/lib/python3.11/site-packages/airflow/example_dags/example_external_task_marker_dag.py for tasks to queue
[2026-04-28T19:54:04.464+0200] {logging_mixin.py:188} INFO - [2026-04-28T19:54:04.464+0200] {dagbag.py:540} INFO - Filling up the DagBag from /Users/pablofrancoherrero/prueba_tecnica/venv/lib/python3.11/site-packages/airflow/example_dags/example_external_task_marker_dag.py
[2026-04-28T19:54:04.468+0200] {processor.py:840} INFO - DAG(s) 'example_external_task_marker_child', 'example_external_task_marker_parent' retrieved from /Users/pablofrancoherrero/prueba_tecnica/venv/lib/python3.11/site-packages/airflow/example_dags/example_external_task_marker_dag.py
[2026-04-28T19:54:04.496+0200] {logging_mixin.py:188} INFO - [2026-04-28T19:54:04.496+0200] {dag.py:3096} INFO - Sync 2 DAGs
[2026-04-28T19:54:04.499+0200] {logging_mixin.py:188} INFO - [2026-04-28T19:54:04.499+0200] {dag.py:3954} INFO - Setting next_dagrun for example_external_task_marker_child to None, run_after=None
[2026-04-28T19:54:04.500+0200] {logging_mixin.py:188} INFO - [2026-04-28T19:54:04.500+0200] {dag.py:3954} INFO - Setting next_dagrun for example_external_task_marker_parent to None, run_after=None
[2026-04-28T19:54:04.504+0200] {processor.py:183} INFO - Processing /Users/pablofrancoherrero/prueba_tecnica/venv/lib/python3.11/site-packages/airflow/example_dags/example_external_task_marker_dag.py took 0.042 seconds
[2026-04-28T19:55:26.149+0200] {processor.py:161} INFO - Started process (PID=52806) to work on /Users/pablofrancoherrero/prueba_tecnica/venv/lib/python3.11/site-packages/airflow/example_dags/example_external_task_marker_dag.py
[2026-04-28T19:55:26.150+0200] {processor.py:830} INFO - Processing file /Users/pablofrancoherrero/prueba_tecnica/venv/lib/python3.11/site-packages/airflow/example_dags/example_external_task_marker_dag.py for tasks to queue
[2026-04-28T19:55:26.150+0200] {logging_mixin.py:188} INFO - [2026-04-28T19:55:26.150+0200] {dagbag.py:540} INFO - Filling up the DagBag from /Users/pablofrancoherrero/prueba_tecnica/venv/lib/python3.11/site-packages/airflow/example_dags/example_external_task_marker_dag.py
[2026-04-28T19:55:26.154+0200] {processor.py:840} INFO - DAG(s) 'example_external_task_marker_parent', 'example_external_task_marker_child' retrieved from /Users/pablofrancoherrero/prueba_tecnica/venv/lib/python3.11/site-packages/airflow/example_dags/example_external_task_marker_dag.py
[2026-04-28T19:55:26.182+0200] {logging_mixin.py:188} INFO - [2026-04-28T19:55:26.182+0200] {dag.py:3096} INFO - Sync 2 DAGs
[2026-04-28T19:55:26.185+0200] {logging_mixin.py:188} INFO - [2026-04-28T19:55:26.185+0200] {dag.py:3954} INFO - Setting next_dagrun for example_external_task_marker_child to None, run_after=None
[2026-04-28T19:55:26.185+0200] {logging_mixin.py:188} INFO - [2026-04-28T19:55:26.185+0200] {dag.py:3954} INFO - Setting next_dagrun for example_external_task_marker_parent to None, run_after=None
[2026-04-28T19:55:26.190+0200] {processor.py:183} INFO - Processing /Users/pablofrancoherrero/prueba_tecnica/venv/lib/python3.11/site-packages/airflow/example_dags/example_external_task_marker_dag.py took 0.042 seconds
[2026-04-28T19:56:49.576+0200] {processor.py:161} INFO - Started process (PID=52912) to work on /Users/pablofrancoherrero/prueba_tecnica/venv/lib/python3.11/site-packages/airflow/example_dags/example_external_task_marker_dag.py
[2026-04-28T19:56:49.577+0200] {processor.py:830} INFO - Processing file /Users/pablofrancoherrero/prueba_tecnica/venv/lib/python3.11/site-packages/airflow/example_dags/example_external_task_marker_dag.py for tasks to queue
[2026-04-28T19:56:49.578+0200] {logging_mixin.py:188} INFO - [2026-04-28T19:56:49.578+0200] {dagbag.py:540} INFO - Filling up the DagBag from /Users/pablofrancoherrero/prueba_tecnica/venv/lib/python3.11/site-packages/airflow/example_dags/example_external_task_marker_dag.py
[2026-04-28T19:56:49.581+0200] {processor.py:840} INFO - DAG(s) 'example_external_task_marker_child', 'example_external_task_marker_parent' retrieved from /Users/pablofrancoherrero/prueba_tecnica/venv/lib/python3.11/site-packages/airflow/example_dags/example_external_task_marker_dag.py
[2026-04-28T19:56:49.610+0200] {logging_mixin.py:188} INFO - [2026-04-28T19:56:49.610+0200] {dag.py:3096} INFO - Sync 2 DAGs
[2026-04-28T19:56:49.613+0200] {logging_mixin.py:188} INFO - [2026-04-28T19:56:49.613+0200] {dag.py:3954} INFO - Setting next_dagrun for example_external_task_marker_child to None, run_after=None
[2026-04-28T19:56:49.613+0200] {logging_mixin.py:188} INFO - [2026-04-28T19:56:49.613+0200] {dag.py:3954} INFO - Setting next_dagrun for example_external_task_marker_parent to None, run_after=None
[2026-04-28T19:56:49.618+0200] {processor.py:183} INFO - Processing /Users/pablofrancoherrero/prueba_tecnica/venv/lib/python3.11/site-packages/airflow/example_dags/example_external_task_marker_dag.py took 0.042 seconds
[2026-04-28T19:58:12.857+0200] {processor.py:161} INFO - Started process (PID=53019) to work on /Users/pablofrancoherrero/prueba_tecnica/venv/lib/python3.11/site-packages/airflow/example_dags/example_external_task_marker_dag.py
[2026-04-28T19:58:12.858+0200] {processor.py:830} INFO - Processing file /Users/pablofrancoherrero/prueba_tecnica/venv/lib/python3.11/site-packages/airflow/example_dags/example_external_task_marker_dag.py for tasks to queue
[2026-04-28T19:58:12.858+0200] {logging_mixin.py:188} INFO - [2026-04-28T19:58:12.858+0200] {dagbag.py:540} INFO - Filling up the DagBag from /Users/pablofrancoherrero/prueba_tecnica/venv/lib/python3.11/site-packages/airflow/example_dags/example_external_task_marker_dag.py
[2026-04-28T19:58:12.862+0200] {processor.py:840} INFO - DAG(s) 'example_external_task_marker_child', 'example_external_task_marker_parent' retrieved from /Users/pablofrancoherrero/prueba_tecnica/venv/lib/python3.11/site-packages/airflow/example_dags/example_external_task_marker_dag.py
[2026-04-28T19:58:12.889+0200] {logging_mixin.py:188} INFO - [2026-04-28T19:58:12.889+0200] {dag.py:3096} INFO - Sync 2 DAGs
[2026-04-28T19:58:12.892+0200] {logging_mixin.py:188} INFO - [2026-04-28T19:58:12.892+0200] {dag.py:3954} INFO - Setting next_dagrun for example_external_task_marker_child to None, run_after=None
[2026-04-28T19:58:12.892+0200] {logging_mixin.py:188} INFO - [2026-04-28T19:58:12.892+0200] {dag.py:3954} INFO - Setting next_dagrun for example_external_task_marker_parent to None, run_after=None
[2026-04-28T19:58:12.897+0200] {processor.py:183} INFO - Processing /Users/pablofrancoherrero/prueba_tecnica/venv/lib/python3.11/site-packages/airflow/example_dags/example_external_task_marker_dag.py took 0.041 seconds
[2026-04-28T19:59:34.471+0200] {processor.py:161} INFO - Started process (PID=53119) to work on /Users/pablofrancoherrero/prueba_tecnica/venv/lib/python3.11/site-packages/airflow/example_dags/example_external_task_marker_dag.py
[2026-04-28T19:59:34.472+0200] {processor.py:830} INFO - Processing file /Users/pablofrancoherrero/prueba_tecnica/venv/lib/python3.11/site-packages/airflow/example_dags/example_external_task_marker_dag.py for tasks to queue
[2026-04-28T19:59:34.472+0200] {logging_mixin.py:188} INFO - [2026-04-28T19:59:34.472+0200] {dagbag.py:540} INFO - Filling up the DagBag from /Users/pablofrancoherrero/prueba_tecnica/venv/lib/python3.11/site-packages/airflow/example_dags/example_external_task_marker_dag.py
[2026-04-28T19:59:34.476+0200] {processor.py:840} INFO - DAG(s) 'example_external_task_marker_child', 'example_external_task_marker_parent' retrieved from /Users/pablofrancoherrero/prueba_tecnica/venv/lib/python3.11/site-packages/airflow/example_dags/example_external_task_marker_dag.py
[2026-04-28T19:59:34.505+0200] {logging_mixin.py:188} INFO - [2026-04-28T19:59:34.504+0200] {dag.py:3096} INFO - Sync 2 DAGs
[2026-04-28T19:59:34.507+0200] {logging_mixin.py:188} INFO - [2026-04-28T19:59:34.507+0200] {dag.py:3954} INFO - Setting next_dagrun for example_external_task_marker_child to None, run_after=None
[2026-04-28T19:59:34.508+0200] {logging_mixin.py:188} INFO - [2026-04-28T19:59:34.508+0200] {dag.py:3954} INFO - Setting next_dagrun for example_external_task_marker_parent to None, run_after=None
[2026-04-28T19:59:34.513+0200] {processor.py:183} INFO - Processing /Users/pablofrancoherrero/prueba_tecnica/venv/lib/python3.11/site-packages/airflow/example_dags/example_external_task_marker_dag.py took 0.043 seconds
[2026-04-28T20:00:54.121+0200] {processor.py:161} INFO - Started process (PID=53206) to work on /Users/pablofrancoherrero/prueba_tecnica/venv/lib/python3.11/site-packages/airflow/example_dags/example_external_task_marker_dag.py
[2026-04-28T20:00:54.122+0200] {processor.py:830} INFO - Processing file /Users/pablofrancoherrero/prueba_tecnica/venv/lib/python3.11/site-packages/airflow/example_dags/example_external_task_marker_dag.py for tasks to queue
[2026-04-28T20:00:54.122+0200] {logging_mixin.py:188} INFO - [2026-04-28T20:00:54.122+0200] {dagbag.py:540} INFO - Filling up the DagBag from /Users/pablofrancoherrero/prueba_tecnica/venv/lib/python3.11/site-packages/airflow/example_dags/example_external_task_marker_dag.py
[2026-04-28T20:00:54.126+0200] {processor.py:840} INFO - DAG(s) 'example_external_task_marker_parent', 'example_external_task_marker_child' retrieved from /Users/pablofrancoherrero/prueba_tecnica/venv/lib/python3.11/site-packages/airflow/example_dags/example_external_task_marker_dag.py
[2026-04-28T20:00:54.154+0200] {logging_mixin.py:188} INFO - [2026-04-28T20:00:54.154+0200] {dag.py:3096} INFO - Sync 2 DAGs
[2026-04-28T20:00:54.157+0200] {logging_mixin.py:188} INFO - [2026-04-28T20:00:54.157+0200] {dag.py:3954} INFO - Setting next_dagrun for example_external_task_marker_child to None, run_after=None
[2026-04-28T20:00:54.158+0200] {logging_mixin.py:188} INFO - [2026-04-28T20:00:54.158+0200] {dag.py:3954} INFO - Setting next_dagrun for example_external_task_marker_parent to None, run_after=None
[2026-04-28T20:00:54.163+0200] {processor.py:183} INFO - Processing /Users/pablofrancoherrero/prueba_tecnica/venv/lib/python3.11/site-packages/airflow/example_dags/example_external_task_marker_dag.py took 0.043 seconds
[2026-04-28T20:02:17.226+0200] {processor.py:161} INFO - Started process (PID=53311) to work on /Users/pablofrancoherrero/prueba_tecnica/venv/lib/python3.11/site-packages/airflow/example_dags/example_external_task_marker_dag.py
[2026-04-28T20:02:17.226+0200] {processor.py:830} INFO - Processing file /Users/pablofrancoherrero/prueba_tecnica/venv/lib/python3.11/site-packages/airflow/example_dags/example_external_task_marker_dag.py for tasks to queue
[2026-04-28T20:02:17.226+0200] {logging_mixin.py:188} INFO - [2026-04-28T20:02:17.226+0200] {dagbag.py:540} INFO - Filling up the DagBag from /Users/pablofrancoherrero/prueba_tecnica/venv/lib/python3.11/site-packages/airflow/example_dags/example_external_task_marker_dag.py
[2026-04-28T20:02:17.230+0200] {processor.py:840} INFO - DAG(s) 'example_external_task_marker_parent', 'example_external_task_marker_child' retrieved from /Users/pablofrancoherrero/prueba_tecnica/venv/lib/python3.11/site-packages/airflow/example_dags/example_external_task_marker_dag.py
[2026-04-28T20:02:17.258+0200] {logging_mixin.py:188} INFO - [2026-04-28T20:02:17.258+0200] {dag.py:3096} INFO - Sync 2 DAGs
[2026-04-28T20:02:17.261+0200] {logging_mixin.py:188} INFO - [2026-04-28T20:02:17.261+0200] {dag.py:3954} INFO - Setting next_dagrun for example_external_task_marker_child to None, run_after=None
[2026-04-28T20:02:17.262+0200] {logging_mixin.py:188} INFO - [2026-04-28T20:02:17.262+0200] {dag.py:3954} INFO - Setting next_dagrun for example_external_task_marker_parent to None, run_after=None
[2026-04-28T20:02:17.268+0200] {processor.py:183} INFO - Processing /Users/pablofrancoherrero/prueba_tecnica/venv/lib/python3.11/site-packages/airflow/example_dags/example_external_task_marker_dag.py took 0.043 seconds
[2026-04-28T20:03:40.365+0200] {processor.py:161} INFO - Started process (PID=53401) to work on /Users/pablofrancoherrero/prueba_tecnica/venv/lib/python3.11/site-packages/airflow/example_dags/example_external_task_marker_dag.py
[2026-04-28T20:03:40.367+0200] {processor.py:830} INFO - Processing file /Users/pablofrancoherrero/prueba_tecnica/venv/lib/python3.11/site-packages/airflow/example_dags/example_external_task_marker_dag.py for tasks to queue
[2026-04-28T20:03:40.367+0200] {logging_mixin.py:188} INFO - [2026-04-28T20:03:40.367+0200] {dagbag.py:540} INFO - Filling up the DagBag from /Users/pablofrancoherrero/prueba_tecnica/venv/lib/python3.11/site-packages/airflow/example_dags/example_external_task_marker_dag.py
[2026-04-28T20:03:40.370+0200] {processor.py:840} INFO - DAG(s) 'example_external_task_marker_child', 'example_external_task_marker_parent' retrieved from /Users/pablofrancoherrero/prueba_tecnica/venv/lib/python3.11/site-packages/airflow/example_dags/example_external_task_marker_dag.py
[2026-04-28T20:03:40.398+0200] {logging_mixin.py:188} INFO - [2026-04-28T20:03:40.398+0200] {dag.py:3096} INFO - Sync 2 DAGs
[2026-04-28T20:03:40.401+0200] {logging_mixin.py:188} INFO - [2026-04-28T20:03:40.401+0200] {dag.py:3954} INFO - Setting next_dagrun for example_external_task_marker_child to None, run_after=None
[2026-04-28T20:03:40.402+0200] {logging_mixin.py:188} INFO - [2026-04-28T20:03:40.402+0200] {dag.py:3954} INFO - Setting next_dagrun for example_external_task_marker_parent to None, run_after=None
[2026-04-28T20:03:40.406+0200] {processor.py:183} INFO - Processing /Users/pablofrancoherrero/prueba_tecnica/venv/lib/python3.11/site-packages/airflow/example_dags/example_external_task_marker_dag.py took 0.042 seconds
[2026-04-28T20:05:02.578+0200] {processor.py:161} INFO - Started process (PID=53505) to work on /Users/pablofrancoherrero/prueba_tecnica/venv/lib/python3.11/site-packages/airflow/example_dags/example_external_task_marker_dag.py
[2026-04-28T20:05:02.579+0200] {processor.py:830} INFO - Processing file /Users/pablofrancoherrero/prueba_tecnica/venv/lib/python3.11/site-packages/airflow/example_dags/example_external_task_marker_dag.py for tasks to queue
[2026-04-28T20:05:02.579+0200] {logging_mixin.py:188} INFO - [2026-04-28T20:05:02.579+0200] {dagbag.py:540} INFO - Filling up the DagBag from /Users/pablofrancoherrero/prueba_tecnica/venv/lib/python3.11/site-packages/airflow/example_dags/example_external_task_marker_dag.py
[2026-04-28T20:05:02.583+0200] {processor.py:840} INFO - DAG(s) 'example_external_task_marker_parent', 'example_external_task_marker_child' retrieved from /Users/pablofrancoherrero/prueba_tecnica/venv/lib/python3.11/site-packages/airflow/example_dags/example_external_task_marker_dag.py
[2026-04-28T20:05:02.611+0200] {logging_mixin.py:188} INFO - [2026-04-28T20:05:02.611+0200] {dag.py:3096} INFO - Sync 2 DAGs
[2026-04-28T20:05:02.614+0200] {logging_mixin.py:188} INFO - [2026-04-28T20:05:02.614+0200] {dag.py:3954} INFO - Setting next_dagrun for example_external_task_marker_child to None, run_after=None
[2026-04-28T20:05:02.615+0200] {logging_mixin.py:188} INFO - [2026-04-28T20:05:02.615+0200] {dag.py:3954} INFO - Setting next_dagrun for example_external_task_marker_parent to None, run_after=None
[2026-04-28T20:05:02.620+0200] {processor.py:183} INFO - Processing /Users/pablofrancoherrero/prueba_tecnica/venv/lib/python3.11/site-packages/airflow/example_dags/example_external_task_marker_dag.py took 0.043 seconds
[2026-04-28T20:06:25.061+0200] {processor.py:161} INFO - Started process (PID=53579) to work on /Users/pablofrancoherrero/prueba_tecnica/venv/lib/python3.11/site-packages/airflow/example_dags/example_external_task_marker_dag.py
[2026-04-28T20:06:25.062+0200] {processor.py:830} INFO - Processing file /Users/pablofrancoherrero/prueba_tecnica/venv/lib/python3.11/site-packages/airflow/example_dags/example_external_task_marker_dag.py for tasks to queue
[2026-04-28T20:06:25.062+0200] {logging_mixin.py:188} INFO - [2026-04-28T20:06:25.062+0200] {dagbag.py:540} INFO - Filling up the DagBag from /Users/pablofrancoherrero/prueba_tecnica/venv/lib/python3.11/site-packages/airflow/example_dags/example_external_task_marker_dag.py
[2026-04-28T20:06:25.066+0200] {processor.py:840} INFO - DAG(s) 'example_external_task_marker_child', 'example_external_task_marker_parent' retrieved from /Users/pablofrancoherrero/prueba_tecnica/venv/lib/python3.11/site-packages/airflow/example_dags/example_external_task_marker_dag.py
[2026-04-28T20:06:25.093+0200] {logging_mixin.py:188} INFO - [2026-04-28T20:06:25.093+0200] {dag.py:3096} INFO - Sync 2 DAGs
[2026-04-28T20:06:25.096+0200] {logging_mixin.py:188} INFO - [2026-04-28T20:06:25.096+0200] {dag.py:3954} INFO - Setting next_dagrun for example_external_task_marker_child to None, run_after=None
[2026-04-28T20:06:25.096+0200] {logging_mixin.py:188} INFO - [2026-04-28T20:06:25.096+0200] {dag.py:3954} INFO - Setting next_dagrun for example_external_task_marker_parent to None, run_after=None
[2026-04-28T20:06:25.101+0200] {processor.py:183} INFO - Processing /Users/pablofrancoherrero/prueba_tecnica/venv/lib/python3.11/site-packages/airflow/example_dags/example_external_task_marker_dag.py took 0.041 seconds
[2026-04-28T20:07:47.140+0200] {processor.py:161} INFO - Started process (PID=53689) to work on /Users/pablofrancoherrero/prueba_tecnica/venv/lib/python3.11/site-packages/airflow/example_dags/example_external_task_marker_dag.py
[2026-04-28T20:07:47.141+0200] {processor.py:830} INFO - Processing file /Users/pablofrancoherrero/prueba_tecnica/venv/lib/python3.11/site-packages/airflow/example_dags/example_external_task_marker_dag.py for tasks to queue
[2026-04-28T20:07:47.141+0200] {logging_mixin.py:188} INFO - [2026-04-28T20:07:47.141+0200] {dagbag.py:540} INFO - Filling up the DagBag from /Users/pablofrancoherrero/prueba_tecnica/venv/lib/python3.11/site-packages/airflow/example_dags/example_external_task_marker_dag.py
[2026-04-28T20:07:47.145+0200] {processor.py:840} INFO - DAG(s) 'example_external_task_marker_parent', 'example_external_task_marker_child' retrieved from /Users/pablofrancoherrero/prueba_tecnica/venv/lib/python3.11/site-packages/airflow/example_dags/example_external_task_marker_dag.py
[2026-04-28T20:07:47.175+0200] {logging_mixin.py:188} INFO - [2026-04-28T20:07:47.175+0200] {dag.py:3096} INFO - Sync 2 DAGs
[2026-04-28T20:07:47.178+0200] {logging_mixin.py:188} INFO - [2026-04-28T20:07:47.177+0200] {dag.py:3954} INFO - Setting next_dagrun for example_external_task_marker_child to None, run_after=None
[2026-04-28T20:07:47.178+0200] {logging_mixin.py:188} INFO - [2026-04-28T20:07:47.178+0200] {dag.py:3954} INFO - Setting next_dagrun for example_external_task_marker_parent to None, run_after=None
[2026-04-28T20:07:47.183+0200] {processor.py:183} INFO - Processing /Users/pablofrancoherrero/prueba_tecnica/venv/lib/python3.11/site-packages/airflow/example_dags/example_external_task_marker_dag.py took 0.044 seconds
[2026-04-28T20:09:05.133+0200] {processor.py:161} INFO - Started process (PID=53798) to work on /Users/pablofrancoherrero/prueba_tecnica/venv/lib/python3.11/site-packages/airflow/example_dags/example_external_task_marker_dag.py
[2026-04-28T20:09:05.134+0200] {processor.py:830} INFO - Processing file /Users/pablofrancoherrero/prueba_tecnica/venv/lib/python3.11/site-packages/airflow/example_dags/example_external_task_marker_dag.py for tasks to queue
[2026-04-28T20:09:05.134+0200] {logging_mixin.py:188} INFO - [2026-04-28T20:09:05.134+0200] {dagbag.py:540} INFO - Filling up the DagBag from /Users/pablofrancoherrero/prueba_tecnica/venv/lib/python3.11/site-packages/airflow/example_dags/example_external_task_marker_dag.py
[2026-04-28T20:09:05.138+0200] {processor.py:840} INFO - DAG(s) 'example_external_task_marker_child', 'example_external_task_marker_parent' retrieved from /Users/pablofrancoherrero/prueba_tecnica/venv/lib/python3.11/site-packages/airflow/example_dags/example_external_task_marker_dag.py
[2026-04-28T20:09:05.167+0200] {logging_mixin.py:188} INFO - [2026-04-28T20:09:05.167+0200] {dag.py:3096} INFO - Sync 2 DAGs
[2026-04-28T20:09:05.170+0200] {logging_mixin.py:188} INFO - [2026-04-28T20:09:05.170+0200] {dag.py:3954} INFO - Setting next_dagrun for example_external_task_marker_child to None, run_after=None
[2026-04-28T20:09:05.171+0200] {logging_mixin.py:188} INFO - [2026-04-28T20:09:05.171+0200] {dag.py:3954} INFO - Setting next_dagrun for example_external_task_marker_parent to None, run_after=None
[2026-04-28T20:09:05.176+0200] {processor.py:183} INFO - Processing /Users/pablofrancoherrero/prueba_tecnica/venv/lib/python3.11/site-packages/airflow/example_dags/example_external_task_marker_dag.py took 0.044 seconds
[2026-04-28T20:10:25.913+0200] {processor.py:161} INFO - Started process (PID=53915) to work on /Users/pablofrancoherrero/prueba_tecnica/venv/lib/python3.11/site-packages/airflow/example_dags/example_external_task_marker_dag.py
[2026-04-28T20:10:25.913+0200] {processor.py:830} INFO - Processing file /Users/pablofrancoherrero/prueba_tecnica/venv/lib/python3.11/site-packages/airflow/example_dags/example_external_task_marker_dag.py for tasks to queue
[2026-04-28T20:10:25.914+0200] {logging_mixin.py:188} INFO - [2026-04-28T20:10:25.914+0200] {dagbag.py:540} INFO - Filling up the DagBag from /Users/pablofrancoherrero/prueba_tecnica/venv/lib/python3.11/site-packages/airflow/example_dags/example_external_task_marker_dag.py
[2026-04-28T20:10:25.917+0200] {processor.py:840} INFO - DAG(s) 'example_external_task_marker_parent', 'example_external_task_marker_child' retrieved from /Users/pablofrancoherrero/prueba_tecnica/venv/lib/python3.11/site-packages/airflow/example_dags/example_external_task_marker_dag.py
[2026-04-28T20:10:25.946+0200] {logging_mixin.py:188} INFO - [2026-04-28T20:10:25.946+0200] {dag.py:3096} INFO - Sync 2 DAGs
[2026-04-28T20:10:25.948+0200] {logging_mixin.py:188} INFO - [2026-04-28T20:10:25.948+0200] {dag.py:3954} INFO - Setting next_dagrun for example_external_task_marker_child to None, run_after=None
[2026-04-28T20:10:25.949+0200] {logging_mixin.py:188} INFO - [2026-04-28T20:10:25.949+0200] {dag.py:3954} INFO - Setting next_dagrun for example_external_task_marker_parent to None, run_after=None
[2026-04-28T20:10:25.954+0200] {processor.py:183} INFO - Processing /Users/pablofrancoherrero/prueba_tecnica/venv/lib/python3.11/site-packages/airflow/example_dags/example_external_task_marker_dag.py took 0.042 seconds
[2026-04-28T20:11:46.069+0200] {processor.py:161} INFO - Started process (PID=54022) to work on /Users/pablofrancoherrero/prueba_tecnica/venv/lib/python3.11/site-packages/airflow/example_dags/example_external_task_marker_dag.py
[2026-04-28T20:11:46.071+0200] {processor.py:830} INFO - Processing file /Users/pablofrancoherrero/prueba_tecnica/venv/lib/python3.11/site-packages/airflow/example_dags/example_external_task_marker_dag.py for tasks to queue
[2026-04-28T20:11:46.071+0200] {logging_mixin.py:188} INFO - [2026-04-28T20:11:46.071+0200] {dagbag.py:540} INFO - Filling up the DagBag from /Users/pablofrancoherrero/prueba_tecnica/venv/lib/python3.11/site-packages/airflow/example_dags/example_external_task_marker_dag.py
[2026-04-28T20:11:46.074+0200] {processor.py:840} INFO - DAG(s) 'example_external_task_marker_parent', 'example_external_task_marker_child' retrieved from /Users/pablofrancoherrero/prueba_tecnica/venv/lib/python3.11/site-packages/airflow/example_dags/example_external_task_marker_dag.py
[2026-04-28T20:11:46.103+0200] {logging_mixin.py:188} INFO - [2026-04-28T20:11:46.103+0200] {dag.py:3096} INFO - Sync 2 DAGs
[2026-04-28T20:11:46.106+0200] {logging_mixin.py:188} INFO - [2026-04-28T20:11:46.106+0200] {dag.py:3954} INFO - Setting next_dagrun for example_external_task_marker_child to None, run_after=None
[2026-04-28T20:11:46.107+0200] {logging_mixin.py:188} INFO - [2026-04-28T20:11:46.107+0200] {dag.py:3954} INFO - Setting next_dagrun for example_external_task_marker_parent to None, run_after=None
[2026-04-28T20:11:46.111+0200] {processor.py:183} INFO - Processing /Users/pablofrancoherrero/prueba_tecnica/venv/lib/python3.11/site-packages/airflow/example_dags/example_external_task_marker_dag.py took 0.043 seconds
[2026-04-28T20:13:05.247+0200] {processor.py:161} INFO - Started process (PID=54113) to work on /Users/pablofrancoherrero/prueba_tecnica/venv/lib/python3.11/site-packages/airflow/example_dags/example_external_task_marker_dag.py
[2026-04-28T20:13:05.248+0200] {processor.py:830} INFO - Processing file /Users/pablofrancoherrero/prueba_tecnica/venv/lib/python3.11/site-packages/airflow/example_dags/example_external_task_marker_dag.py for tasks to queue
[2026-04-28T20:13:05.249+0200] {logging_mixin.py:188} INFO - [2026-04-28T20:13:05.248+0200] {dagbag.py:540} INFO - Filling up the DagBag from /Users/pablofrancoherrero/prueba_tecnica/venv/lib/python3.11/site-packages/airflow/example_dags/example_external_task_marker_dag.py
[2026-04-28T20:13:05.253+0200] {processor.py:840} INFO - DAG(s) 'example_external_task_marker_child', 'example_external_task_marker_parent' retrieved from /Users/pablofrancoherrero/prueba_tecnica/venv/lib/python3.11/site-packages/airflow/example_dags/example_external_task_marker_dag.py
[2026-04-28T20:13:05.283+0200] {logging_mixin.py:188} INFO - [2026-04-28T20:13:05.282+0200] {dag.py:3096} INFO - Sync 2 DAGs
[2026-04-28T20:13:05.285+0200] {logging_mixin.py:188} INFO - [2026-04-28T20:13:05.285+0200] {dag.py:3954} INFO - Setting next_dagrun for example_external_task_marker_child to None, run_after=None
[2026-04-28T20:13:05.286+0200] {logging_mixin.py:188} INFO - [2026-04-28T20:13:05.286+0200] {dag.py:3954} INFO - Setting next_dagrun for example_external_task_marker_parent to None, run_after=None
[2026-04-28T20:13:05.291+0200] {processor.py:183} INFO - Processing /Users/pablofrancoherrero/prueba_tecnica/venv/lib/python3.11/site-packages/airflow/example_dags/example_external_task_marker_dag.py took 0.045 seconds
[2026-04-28T20:14:29.492+0200] {processor.py:161} INFO - Started process (PID=54226) to work on /Users/pablofrancoherrero/prueba_tecnica/venv/lib/python3.11/site-packages/airflow/example_dags/example_external_task_marker_dag.py
[2026-04-28T20:14:29.492+0200] {processor.py:830} INFO - Processing file /Users/pablofrancoherrero/prueba_tecnica/venv/lib/python3.11/site-packages/airflow/example_dags/example_external_task_marker_dag.py for tasks to queue
[2026-04-28T20:14:29.492+0200] {logging_mixin.py:188} INFO - [2026-04-28T20:14:29.492+0200] {dagbag.py:540} INFO - Filling up the DagBag from /Users/pablofrancoherrero/prueba_tecnica/venv/lib/python3.11/site-packages/airflow/example_dags/example_external_task_marker_dag.py
[2026-04-28T20:14:29.496+0200] {processor.py:840} INFO - DAG(s) 'example_external_task_marker_parent', 'example_external_task_marker_child' retrieved from /Users/pablofrancoherrero/prueba_tecnica/venv/lib/python3.11/site-packages/airflow/example_dags/example_external_task_marker_dag.py
[2026-04-28T20:14:29.526+0200] {logging_mixin.py:188} INFO - [2026-04-28T20:14:29.525+0200] {dag.py:3096} INFO - Sync 2 DAGs
[2026-04-28T20:14:29.528+0200] {logging_mixin.py:188} INFO - [2026-04-28T20:14:29.528+0200] {dag.py:3954} INFO - Setting next_dagrun for example_external_task_marker_child to None, run_after=None
[2026-04-28T20:14:29.529+0200] {logging_mixin.py:188} INFO - [2026-04-28T20:14:29.529+0200] {dag.py:3954} INFO - Setting next_dagrun for example_external_task_marker_parent to None, run_after=None
[2026-04-28T20:14:29.534+0200] {processor.py:183} INFO - Processing /Users/pablofrancoherrero/prueba_tecnica/venv/lib/python3.11/site-packages/airflow/example_dags/example_external_task_marker_dag.py took 0.044 seconds
[2026-04-28T20:15:55.967+0200] {processor.py:161} INFO - Started process (PID=54335) to work on /Users/pablofrancoherrero/prueba_tecnica/venv/lib/python3.11/site-packages/airflow/example_dags/example_external_task_marker_dag.py
[2026-04-28T20:15:55.968+0200] {processor.py:830} INFO - Processing file /Users/pablofrancoherrero/prueba_tecnica/venv/lib/python3.11/site-packages/airflow/example_dags/example_external_task_marker_dag.py for tasks to queue
[2026-04-28T20:15:55.969+0200] {logging_mixin.py:188} INFO - [2026-04-28T20:15:55.968+0200] {dagbag.py:540} INFO - Filling up the DagBag from /Users/pablofrancoherrero/prueba_tecnica/venv/lib/python3.11/site-packages/airflow/example_dags/example_external_task_marker_dag.py
[2026-04-28T20:15:55.972+0200] {processor.py:840} INFO - DAG(s) 'example_external_task_marker_child', 'example_external_task_marker_parent' retrieved from /Users/pablofrancoherrero/prueba_tecnica/venv/lib/python3.11/site-packages/airflow/example_dags/example_external_task_marker_dag.py
[2026-04-28T20:15:56.002+0200] {logging_mixin.py:188} INFO - [2026-04-28T20:15:56.002+0200] {dag.py:3096} INFO - Sync 2 DAGs
[2026-04-28T20:15:56.004+0200] {logging_mixin.py:188} INFO - [2026-04-28T20:15:56.004+0200] {dag.py:3954} INFO - Setting next_dagrun for example_external_task_marker_child to None, run_after=None
[2026-04-28T20:15:56.005+0200] {logging_mixin.py:188} INFO - [2026-04-28T20:15:56.005+0200] {dag.py:3954} INFO - Setting next_dagrun for example_external_task_marker_parent to None, run_after=None
[2026-04-28T20:15:56.010+0200] {processor.py:183} INFO - Processing /Users/pablofrancoherrero/prueba_tecnica/venv/lib/python3.11/site-packages/airflow/example_dags/example_external_task_marker_dag.py took 0.044 seconds
[2026-04-28T20:17:19.507+0200] {processor.py:161} INFO - Started process (PID=54546) to work on /Users/pablofrancoherrero/prueba_tecnica/venv/lib/python3.11/site-packages/airflow/example_dags/example_external_task_marker_dag.py
[2026-04-28T20:17:19.508+0200] {processor.py:830} INFO - Processing file /Users/pablofrancoherrero/prueba_tecnica/venv/lib/python3.11/site-packages/airflow/example_dags/example_external_task_marker_dag.py for tasks to queue
[2026-04-28T20:17:19.508+0200] {logging_mixin.py:188} INFO - [2026-04-28T20:17:19.508+0200] {dagbag.py:540} INFO - Filling up the DagBag from /Users/pablofrancoherrero/prueba_tecnica/venv/lib/python3.11/site-packages/airflow/example_dags/example_external_task_marker_dag.py
[2026-04-28T20:17:19.512+0200] {processor.py:840} INFO - DAG(s) 'example_external_task_marker_child', 'example_external_task_marker_parent' retrieved from /Users/pablofrancoherrero/prueba_tecnica/venv/lib/python3.11/site-packages/airflow/example_dags/example_external_task_marker_dag.py
[2026-04-28T20:17:19.539+0200] {logging_mixin.py:188} INFO - [2026-04-28T20:17:19.539+0200] {dag.py:3096} INFO - Sync 2 DAGs
[2026-04-28T20:17:19.542+0200] {logging_mixin.py:188} INFO - [2026-04-28T20:17:19.542+0200] {dag.py:3954} INFO - Setting next_dagrun for example_external_task_marker_child to None, run_after=None
[2026-04-28T20:17:19.543+0200] {logging_mixin.py:188} INFO - [2026-04-28T20:17:19.543+0200] {dag.py:3954} INFO - Setting next_dagrun for example_external_task_marker_parent to None, run_after=None
[2026-04-28T20:17:19.548+0200] {processor.py:183} INFO - Processing /Users/pablofrancoherrero/prueba_tecnica/venv/lib/python3.11/site-packages/airflow/example_dags/example_external_task_marker_dag.py took 0.041 seconds
[2026-04-28T20:18:40.389+0200] {processor.py:161} INFO - Started process (PID=54665) to work on /Users/pablofrancoherrero/prueba_tecnica/venv/lib/python3.11/site-packages/airflow/example_dags/example_external_task_marker_dag.py
[2026-04-28T20:18:40.390+0200] {processor.py:830} INFO - Processing file /Users/pablofrancoherrero/prueba_tecnica/venv/lib/python3.11/site-packages/airflow/example_dags/example_external_task_marker_dag.py for tasks to queue
[2026-04-28T20:18:40.390+0200] {logging_mixin.py:188} INFO - [2026-04-28T20:18:40.390+0200] {dagbag.py:540} INFO - Filling up the DagBag from /Users/pablofrancoherrero/prueba_tecnica/venv/lib/python3.11/site-packages/airflow/example_dags/example_external_task_marker_dag.py
[2026-04-28T20:18:40.394+0200] {processor.py:840} INFO - DAG(s) 'example_external_task_marker_child', 'example_external_task_marker_parent' retrieved from /Users/pablofrancoherrero/prueba_tecnica/venv/lib/python3.11/site-packages/airflow/example_dags/example_external_task_marker_dag.py
[2026-04-28T20:18:40.422+0200] {logging_mixin.py:188} INFO - [2026-04-28T20:18:40.422+0200] {dag.py:3096} INFO - Sync 2 DAGs
[2026-04-28T20:18:40.425+0200] {logging_mixin.py:188} INFO - [2026-04-28T20:18:40.425+0200] {dag.py:3954} INFO - Setting next_dagrun for example_external_task_marker_child to None, run_after=None
[2026-04-28T20:18:40.426+0200] {logging_mixin.py:188} INFO - [2026-04-28T20:18:40.426+0200] {dag.py:3954} INFO - Setting next_dagrun for example_external_task_marker_parent to None, run_after=None
[2026-04-28T20:18:40.430+0200] {processor.py:183} INFO - Processing /Users/pablofrancoherrero/prueba_tecnica/venv/lib/python3.11/site-packages/airflow/example_dags/example_external_task_marker_dag.py took 0.042 seconds
[2026-04-28T20:20:00.981+0200] {processor.py:161} INFO - Started process (PID=54761) to work on /Users/pablofrancoherrero/prueba_tecnica/venv/lib/python3.11/site-packages/airflow/example_dags/example_external_task_marker_dag.py
[2026-04-28T20:20:00.982+0200] {processor.py:830} INFO - Processing file /Users/pablofrancoherrero/prueba_tecnica/venv/lib/python3.11/site-packages/airflow/example_dags/example_external_task_marker_dag.py for tasks to queue
[2026-04-28T20:20:00.982+0200] {logging_mixin.py:188} INFO - [2026-04-28T20:20:00.982+0200] {dagbag.py:540} INFO - Filling up the DagBag from /Users/pablofrancoherrero/prueba_tecnica/venv/lib/python3.11/site-packages/airflow/example_dags/example_external_task_marker_dag.py
[2026-04-28T20:20:00.986+0200] {processor.py:840} INFO - DAG(s) 'example_external_task_marker_parent', 'example_external_task_marker_child' retrieved from /Users/pablofrancoherrero/prueba_tecnica/venv/lib/python3.11/site-packages/airflow/example_dags/example_external_task_marker_dag.py
[2026-04-28T20:20:01.013+0200] {logging_mixin.py:188} INFO - [2026-04-28T20:20:01.013+0200] {dag.py:3096} INFO - Sync 2 DAGs
[2026-04-28T20:20:01.015+0200] {logging_mixin.py:188} INFO - [2026-04-28T20:20:01.015+0200] {dag.py:3954} INFO - Setting next_dagrun for example_external_task_marker_child to None, run_after=None
[2026-04-28T20:20:01.016+0200] {logging_mixin.py:188} INFO - [2026-04-28T20:20:01.016+0200] {dag.py:3954} INFO - Setting next_dagrun for example_external_task_marker_parent to None, run_after=None
[2026-04-28T20:20:01.021+0200] {processor.py:183} INFO - Processing /Users/pablofrancoherrero/prueba_tecnica/venv/lib/python3.11/site-packages/airflow/example_dags/example_external_task_marker_dag.py took 0.041 seconds
[2026-04-28T20:21:22.311+0200] {processor.py:161} INFO - Started process (PID=54870) to work on /Users/pablofrancoherrero/prueba_tecnica/venv/lib/python3.11/site-packages/airflow/example_dags/example_external_task_marker_dag.py
[2026-04-28T20:21:22.312+0200] {processor.py:830} INFO - Processing file /Users/pablofrancoherrero/prueba_tecnica/venv/lib/python3.11/site-packages/airflow/example_dags/example_external_task_marker_dag.py for tasks to queue
[2026-04-28T20:21:22.313+0200] {logging_mixin.py:188} INFO - [2026-04-28T20:21:22.313+0200] {dagbag.py:540} INFO - Filling up the DagBag from /Users/pablofrancoherrero/prueba_tecnica/venv/lib/python3.11/site-packages/airflow/example_dags/example_external_task_marker_dag.py
[2026-04-28T20:21:22.319+0200] {processor.py:840} INFO - DAG(s) 'example_external_task_marker_child', 'example_external_task_marker_parent' retrieved from /Users/pablofrancoherrero/prueba_tecnica/venv/lib/python3.11/site-packages/airflow/example_dags/example_external_task_marker_dag.py
[2026-04-28T20:21:22.349+0200] {logging_mixin.py:188} INFO - [2026-04-28T20:21:22.349+0200] {dag.py:3096} INFO - Sync 2 DAGs
[2026-04-28T20:21:22.352+0200] {logging_mixin.py:188} INFO - [2026-04-28T20:21:22.352+0200] {dag.py:3954} INFO - Setting next_dagrun for example_external_task_marker_child to None, run_after=None
[2026-04-28T20:21:22.352+0200] {logging_mixin.py:188} INFO - [2026-04-28T20:21:22.352+0200] {dag.py:3954} INFO - Setting next_dagrun for example_external_task_marker_parent to None, run_after=None
[2026-04-28T20:21:22.357+0200] {processor.py:183} INFO - Processing /Users/pablofrancoherrero/prueba_tecnica/venv/lib/python3.11/site-packages/airflow/example_dags/example_external_task_marker_dag.py took 0.047 seconds
[2026-04-28T20:22:43.971+0200] {processor.py:161} INFO - Started process (PID=54957) to work on /Users/pablofrancoherrero/prueba_tecnica/venv/lib/python3.11/site-packages/airflow/example_dags/example_external_task_marker_dag.py
[2026-04-28T20:22:43.971+0200] {processor.py:830} INFO - Processing file /Users/pablofrancoherrero/prueba_tecnica/venv/lib/python3.11/site-packages/airflow/example_dags/example_external_task_marker_dag.py for tasks to queue
[2026-04-28T20:22:43.971+0200] {logging_mixin.py:188} INFO - [2026-04-28T20:22:43.971+0200] {dagbag.py:540} INFO - Filling up the DagBag from /Users/pablofrancoherrero/prueba_tecnica/venv/lib/python3.11/site-packages/airflow/example_dags/example_external_task_marker_dag.py
[2026-04-28T20:22:43.975+0200] {processor.py:840} INFO - DAG(s) 'example_external_task_marker_child', 'example_external_task_marker_parent' retrieved from /Users/pablofrancoherrero/prueba_tecnica/venv/lib/python3.11/site-packages/airflow/example_dags/example_external_task_marker_dag.py
[2026-04-28T20:22:44.004+0200] {logging_mixin.py:188} INFO - [2026-04-28T20:22:44.003+0200] {dag.py:3096} INFO - Sync 2 DAGs
[2026-04-28T20:22:44.006+0200] {logging_mixin.py:188} INFO - [2026-04-28T20:22:44.006+0200] {dag.py:3954} INFO - Setting next_dagrun for example_external_task_marker_child to None, run_after=None
[2026-04-28T20:22:44.007+0200] {logging_mixin.py:188} INFO - [2026-04-28T20:22:44.007+0200] {dag.py:3954} INFO - Setting next_dagrun for example_external_task_marker_parent to None, run_after=None
[2026-04-28T20:22:44.012+0200] {processor.py:183} INFO - Processing /Users/pablofrancoherrero/prueba_tecnica/venv/lib/python3.11/site-packages/airflow/example_dags/example_external_task_marker_dag.py took 0.042 seconds
[2026-04-28T20:24:03.221+0200] {processor.py:161} INFO - Started process (PID=55099) to work on /Users/pablofrancoherrero/prueba_tecnica/venv/lib/python3.11/site-packages/airflow/example_dags/example_external_task_marker_dag.py
[2026-04-28T20:24:03.222+0200] {processor.py:830} INFO - Processing file /Users/pablofrancoherrero/prueba_tecnica/venv/lib/python3.11/site-packages/airflow/example_dags/example_external_task_marker_dag.py for tasks to queue
[2026-04-28T20:24:03.223+0200] {logging_mixin.py:188} INFO - [2026-04-28T20:24:03.222+0200] {dagbag.py:540} INFO - Filling up the DagBag from /Users/pablofrancoherrero/prueba_tecnica/venv/lib/python3.11/site-packages/airflow/example_dags/example_external_task_marker_dag.py
[2026-04-28T20:24:03.226+0200] {processor.py:840} INFO - DAG(s) 'example_external_task_marker_child', 'example_external_task_marker_parent' retrieved from /Users/pablofrancoherrero/prueba_tecnica/venv/lib/python3.11/site-packages/airflow/example_dags/example_external_task_marker_dag.py
[2026-04-28T20:24:03.256+0200] {logging_mixin.py:188} INFO - [2026-04-28T20:24:03.255+0200] {dag.py:3096} INFO - Sync 2 DAGs
[2026-04-28T20:24:03.258+0200] {logging_mixin.py:188} INFO - [2026-04-28T20:24:03.258+0200] {dag.py:3954} INFO - Setting next_dagrun for example_external_task_marker_child to None, run_after=None
[2026-04-28T20:24:03.259+0200] {logging_mixin.py:188} INFO - [2026-04-28T20:24:03.259+0200] {dag.py:3954} INFO - Setting next_dagrun for example_external_task_marker_parent to None, run_after=None
[2026-04-28T20:24:03.265+0200] {processor.py:183} INFO - Processing /Users/pablofrancoherrero/prueba_tecnica/venv/lib/python3.11/site-packages/airflow/example_dags/example_external_task_marker_dag.py took 0.044 seconds
[2026-04-28T20:25:25.800+0200] {processor.py:161} INFO - Started process (PID=55191) to work on /Users/pablofrancoherrero/prueba_tecnica/venv/lib/python3.11/site-packages/airflow/example_dags/example_external_task_marker_dag.py
[2026-04-28T20:25:25.801+0200] {processor.py:830} INFO - Processing file /Users/pablofrancoherrero/prueba_tecnica/venv/lib/python3.11/site-packages/airflow/example_dags/example_external_task_marker_dag.py for tasks to queue
[2026-04-28T20:25:25.801+0200] {logging_mixin.py:188} INFO - [2026-04-28T20:25:25.801+0200] {dagbag.py:540} INFO - Filling up the DagBag from /Users/pablofrancoherrero/prueba_tecnica/venv/lib/python3.11/site-packages/airflow/example_dags/example_external_task_marker_dag.py
[2026-04-28T20:25:25.805+0200] {processor.py:840} INFO - DAG(s) 'example_external_task_marker_child', 'example_external_task_marker_parent' retrieved from /Users/pablofrancoherrero/prueba_tecnica/venv/lib/python3.11/site-packages/airflow/example_dags/example_external_task_marker_dag.py
[2026-04-28T20:25:25.833+0200] {logging_mixin.py:188} INFO - [2026-04-28T20:25:25.833+0200] {dag.py:3096} INFO - Sync 2 DAGs
[2026-04-28T20:25:25.836+0200] {logging_mixin.py:188} INFO - [2026-04-28T20:25:25.836+0200] {dag.py:3954} INFO - Setting next_dagrun for example_external_task_marker_child to None, run_after=None
[2026-04-28T20:25:25.837+0200] {logging_mixin.py:188} INFO - [2026-04-28T20:25:25.837+0200] {dag.py:3954} INFO - Setting next_dagrun for example_external_task_marker_parent to None, run_after=None
[2026-04-28T20:25:25.841+0200] {processor.py:183} INFO - Processing /Users/pablofrancoherrero/prueba_tecnica/venv/lib/python3.11/site-packages/airflow/example_dags/example_external_task_marker_dag.py took 0.042 seconds
[2026-04-28T20:26:45.236+0200] {processor.py:161} INFO - Started process (PID=55296) to work on /Users/pablofrancoherrero/prueba_tecnica/venv/lib/python3.11/site-packages/airflow/example_dags/example_external_task_marker_dag.py
[2026-04-28T20:26:45.238+0200] {processor.py:830} INFO - Processing file /Users/pablofrancoherrero/prueba_tecnica/venv/lib/python3.11/site-packages/airflow/example_dags/example_external_task_marker_dag.py for tasks to queue
[2026-04-28T20:26:45.238+0200] {logging_mixin.py:188} INFO - [2026-04-28T20:26:45.238+0200] {dagbag.py:540} INFO - Filling up the DagBag from /Users/pablofrancoherrero/prueba_tecnica/venv/lib/python3.11/site-packages/airflow/example_dags/example_external_task_marker_dag.py
[2026-04-28T20:26:45.241+0200] {processor.py:840} INFO - DAG(s) 'example_external_task_marker_parent', 'example_external_task_marker_child' retrieved from /Users/pablofrancoherrero/prueba_tecnica/venv/lib/python3.11/site-packages/airflow/example_dags/example_external_task_marker_dag.py
[2026-04-28T20:26:45.269+0200] {logging_mixin.py:188} INFO - [2026-04-28T20:26:45.269+0200] {dag.py:3096} INFO - Sync 2 DAGs
[2026-04-28T20:26:45.272+0200] {logging_mixin.py:188} INFO - [2026-04-28T20:26:45.272+0200] {dag.py:3954} INFO - Setting next_dagrun for example_external_task_marker_child to None, run_after=None
[2026-04-28T20:26:45.273+0200] {logging_mixin.py:188} INFO - [2026-04-28T20:26:45.273+0200] {dag.py:3954} INFO - Setting next_dagrun for example_external_task_marker_parent to None, run_after=None
[2026-04-28T20:26:45.277+0200] {processor.py:183} INFO - Processing /Users/pablofrancoherrero/prueba_tecnica/venv/lib/python3.11/site-packages/airflow/example_dags/example_external_task_marker_dag.py took 0.042 seconds
[2026-04-28T20:28:08.077+0200] {processor.py:161} INFO - Started process (PID=55413) to work on /Users/pablofrancoherrero/prueba_tecnica/venv/lib/python3.11/site-packages/airflow/example_dags/example_external_task_marker_dag.py
[2026-04-28T20:28:08.078+0200] {processor.py:830} INFO - Processing file /Users/pablofrancoherrero/prueba_tecnica/venv/lib/python3.11/site-packages/airflow/example_dags/example_external_task_marker_dag.py for tasks to queue
[2026-04-28T20:28:08.078+0200] {logging_mixin.py:188} INFO - [2026-04-28T20:28:08.078+0200] {dagbag.py:540} INFO - Filling up the DagBag from /Users/pablofrancoherrero/prueba_tecnica/venv/lib/python3.11/site-packages/airflow/example_dags/example_external_task_marker_dag.py
[2026-04-28T20:28:08.081+0200] {processor.py:840} INFO - DAG(s) 'example_external_task_marker_parent', 'example_external_task_marker_child' retrieved from /Users/pablofrancoherrero/prueba_tecnica/venv/lib/python3.11/site-packages/airflow/example_dags/example_external_task_marker_dag.py
[2026-04-28T20:28:08.109+0200] {logging_mixin.py:188} INFO - [2026-04-28T20:28:08.109+0200] {dag.py:3096} INFO - Sync 2 DAGs
[2026-04-28T20:28:08.112+0200] {logging_mixin.py:188} INFO - [2026-04-28T20:28:08.111+0200] {dag.py:3954} INFO - Setting next_dagrun for example_external_task_marker_child to None, run_after=None
[2026-04-28T20:28:08.112+0200] {logging_mixin.py:188} INFO - [2026-04-28T20:28:08.112+0200] {dag.py:3954} INFO - Setting next_dagrun for example_external_task_marker_parent to None, run_after=None
[2026-04-28T20:28:08.117+0200] {processor.py:183} INFO - Processing /Users/pablofrancoherrero/prueba_tecnica/venv/lib/python3.11/site-packages/airflow/example_dags/example_external_task_marker_dag.py took 0.041 seconds
[2026-04-28T20:29:33.211+0200] {processor.py:161} INFO - Started process (PID=55514) to work on /Users/pablofrancoherrero/prueba_tecnica/venv/lib/python3.11/site-packages/airflow/example_dags/example_external_task_marker_dag.py
[2026-04-28T20:29:33.212+0200] {processor.py:830} INFO - Processing file /Users/pablofrancoherrero/prueba_tecnica/venv/lib/python3.11/site-packages/airflow/example_dags/example_external_task_marker_dag.py for tasks to queue
[2026-04-28T20:29:33.212+0200] {logging_mixin.py:188} INFO - [2026-04-28T20:29:33.212+0200] {dagbag.py:540} INFO - Filling up the DagBag from /Users/pablofrancoherrero/prueba_tecnica/venv/lib/python3.11/site-packages/airflow/example_dags/example_external_task_marker_dag.py
[2026-04-28T20:29:33.216+0200] {processor.py:840} INFO - DAG(s) 'example_external_task_marker_child', 'example_external_task_marker_parent' retrieved from /Users/pablofrancoherrero/prueba_tecnica/venv/lib/python3.11/site-packages/airflow/example_dags/example_external_task_marker_dag.py
[2026-04-28T20:29:33.244+0200] {logging_mixin.py:188} INFO - [2026-04-28T20:29:33.244+0200] {dag.py:3096} INFO - Sync 2 DAGs
[2026-04-28T20:29:33.247+0200] {logging_mixin.py:188} INFO - [2026-04-28T20:29:33.247+0200] {dag.py:3954} INFO - Setting next_dagrun for example_external_task_marker_child to None, run_after=None
[2026-04-28T20:29:33.248+0200] {logging_mixin.py:188} INFO - [2026-04-28T20:29:33.248+0200] {dag.py:3954} INFO - Setting next_dagrun for example_external_task_marker_parent to None, run_after=None
[2026-04-28T20:29:33.252+0200] {processor.py:183} INFO - Processing /Users/pablofrancoherrero/prueba_tecnica/venv/lib/python3.11/site-packages/airflow/example_dags/example_external_task_marker_dag.py took 0.042 seconds
[2026-04-28T20:30:53.663+0200] {processor.py:161} INFO - Started process (PID=55634) to work on /Users/pablofrancoherrero/prueba_tecnica/venv/lib/python3.11/site-packages/airflow/example_dags/example_external_task_marker_dag.py
[2026-04-28T20:30:53.664+0200] {processor.py:830} INFO - Processing file /Users/pablofrancoherrero/prueba_tecnica/venv/lib/python3.11/site-packages/airflow/example_dags/example_external_task_marker_dag.py for tasks to queue
[2026-04-28T20:30:53.664+0200] {logging_mixin.py:188} INFO - [2026-04-28T20:30:53.664+0200] {dagbag.py:540} INFO - Filling up the DagBag from /Users/pablofrancoherrero/prueba_tecnica/venv/lib/python3.11/site-packages/airflow/example_dags/example_external_task_marker_dag.py
[2026-04-28T20:30:53.668+0200] {processor.py:840} INFO - DAG(s) 'example_external_task_marker_child', 'example_external_task_marker_parent' retrieved from /Users/pablofrancoherrero/prueba_tecnica/venv/lib/python3.11/site-packages/airflow/example_dags/example_external_task_marker_dag.py
[2026-04-28T20:30:53.696+0200] {logging_mixin.py:188} INFO - [2026-04-28T20:30:53.695+0200] {dag.py:3096} INFO - Sync 2 DAGs
[2026-04-28T20:30:53.698+0200] {logging_mixin.py:188} INFO - [2026-04-28T20:30:53.698+0200] {dag.py:3954} INFO - Setting next_dagrun for example_external_task_marker_child to None, run_after=None
[2026-04-28T20:30:53.699+0200] {logging_mixin.py:188} INFO - [2026-04-28T20:30:53.699+0200] {dag.py:3954} INFO - Setting next_dagrun for example_external_task_marker_parent to None, run_after=None
[2026-04-28T20:30:53.704+0200] {processor.py:183} INFO - Processing /Users/pablofrancoherrero/prueba_tecnica/venv/lib/python3.11/site-packages/airflow/example_dags/example_external_task_marker_dag.py took 0.042 seconds
[2026-04-28T20:32:14.020+0200] {processor.py:161} INFO - Started process (PID=55760) to work on /Users/pablofrancoherrero/prueba_tecnica/venv/lib/python3.11/site-packages/airflow/example_dags/example_external_task_marker_dag.py
[2026-04-28T20:32:14.021+0200] {processor.py:830} INFO - Processing file /Users/pablofrancoherrero/prueba_tecnica/venv/lib/python3.11/site-packages/airflow/example_dags/example_external_task_marker_dag.py for tasks to queue
[2026-04-28T20:32:14.021+0200] {logging_mixin.py:188} INFO - [2026-04-28T20:32:14.021+0200] {dagbag.py:540} INFO - Filling up the DagBag from /Users/pablofrancoherrero/prueba_tecnica/venv/lib/python3.11/site-packages/airflow/example_dags/example_external_task_marker_dag.py
[2026-04-28T20:32:14.025+0200] {processor.py:840} INFO - DAG(s) 'example_external_task_marker_parent', 'example_external_task_marker_child' retrieved from /Users/pablofrancoherrero/prueba_tecnica/venv/lib/python3.11/site-packages/airflow/example_dags/example_external_task_marker_dag.py
[2026-04-28T20:32:14.053+0200] {logging_mixin.py:188} INFO - [2026-04-28T20:32:14.053+0200] {dag.py:3096} INFO - Sync 2 DAGs
[2026-04-28T20:32:14.056+0200] {logging_mixin.py:188} INFO - [2026-04-28T20:32:14.056+0200] {dag.py:3954} INFO - Setting next_dagrun for example_external_task_marker_child to None, run_after=None
[2026-04-28T20:32:14.057+0200] {logging_mixin.py:188} INFO - [2026-04-28T20:32:14.057+0200] {dag.py:3954} INFO - Setting next_dagrun for example_external_task_marker_parent to None, run_after=None
[2026-04-28T20:32:14.062+0200] {processor.py:183} INFO - Processing /Users/pablofrancoherrero/prueba_tecnica/venv/lib/python3.11/site-packages/airflow/example_dags/example_external_task_marker_dag.py took 0.043 seconds
[2026-04-28T20:33:36.841+0200] {processor.py:161} INFO - Started process (PID=55849) to work on /Users/pablofrancoherrero/prueba_tecnica/venv/lib/python3.11/site-packages/airflow/example_dags/example_external_task_marker_dag.py
[2026-04-28T20:33:36.843+0200] {processor.py:830} INFO - Processing file /Users/pablofrancoherrero/prueba_tecnica/venv/lib/python3.11/site-packages/airflow/example_dags/example_external_task_marker_dag.py for tasks to queue
[2026-04-28T20:33:36.843+0200] {logging_mixin.py:188} INFO - [2026-04-28T20:33:36.843+0200] {dagbag.py:540} INFO - Filling up the DagBag from /Users/pablofrancoherrero/prueba_tecnica/venv/lib/python3.11/site-packages/airflow/example_dags/example_external_task_marker_dag.py
[2026-04-28T20:33:36.847+0200] {processor.py:840} INFO - DAG(s) 'example_external_task_marker_parent', 'example_external_task_marker_child' retrieved from /Users/pablofrancoherrero/prueba_tecnica/venv/lib/python3.11/site-packages/airflow/example_dags/example_external_task_marker_dag.py
[2026-04-28T20:33:36.876+0200] {logging_mixin.py:188} INFO - [2026-04-28T20:33:36.876+0200] {dag.py:3096} INFO - Sync 2 DAGs
[2026-04-28T20:33:36.879+0200] {logging_mixin.py:188} INFO - [2026-04-28T20:33:36.879+0200] {dag.py:3954} INFO - Setting next_dagrun for example_external_task_marker_child to None, run_after=None
[2026-04-28T20:33:36.880+0200] {logging_mixin.py:188} INFO - [2026-04-28T20:33:36.880+0200] {dag.py:3954} INFO - Setting next_dagrun for example_external_task_marker_parent to None, run_after=None
[2026-04-28T20:33:36.885+0200] {processor.py:183} INFO - Processing /Users/pablofrancoherrero/prueba_tecnica/venv/lib/python3.11/site-packages/airflow/example_dags/example_external_task_marker_dag.py took 0.044 seconds
[2026-04-28T20:34:56.969+0200] {processor.py:161} INFO - Started process (PID=55956) to work on /Users/pablofrancoherrero/prueba_tecnica/venv/lib/python3.11/site-packages/airflow/example_dags/example_external_task_marker_dag.py
[2026-04-28T20:34:56.970+0200] {processor.py:830} INFO - Processing file /Users/pablofrancoherrero/prueba_tecnica/venv/lib/python3.11/site-packages/airflow/example_dags/example_external_task_marker_dag.py for tasks to queue
[2026-04-28T20:34:56.970+0200] {logging_mixin.py:188} INFO - [2026-04-28T20:34:56.970+0200] {dagbag.py:540} INFO - Filling up the DagBag from /Users/pablofrancoherrero/prueba_tecnica/venv/lib/python3.11/site-packages/airflow/example_dags/example_external_task_marker_dag.py
[2026-04-28T20:34:56.974+0200] {processor.py:840} INFO - DAG(s) 'example_external_task_marker_child', 'example_external_task_marker_parent' retrieved from /Users/pablofrancoherrero/prueba_tecnica/venv/lib/python3.11/site-packages/airflow/example_dags/example_external_task_marker_dag.py
[2026-04-28T20:34:57.003+0200] {logging_mixin.py:188} INFO - [2026-04-28T20:34:57.003+0200] {dag.py:3096} INFO - Sync 2 DAGs
[2026-04-28T20:34:57.006+0200] {logging_mixin.py:188} INFO - [2026-04-28T20:34:57.006+0200] {dag.py:3954} INFO - Setting next_dagrun for example_external_task_marker_child to None, run_after=None
[2026-04-28T20:34:57.007+0200] {logging_mixin.py:188} INFO - [2026-04-28T20:34:57.007+0200] {dag.py:3954} INFO - Setting next_dagrun for example_external_task_marker_parent to None, run_after=None
[2026-04-28T20:34:57.012+0200] {processor.py:183} INFO - Processing /Users/pablofrancoherrero/prueba_tecnica/venv/lib/python3.11/site-packages/airflow/example_dags/example_external_task_marker_dag.py took 0.043 seconds
[2026-04-28T20:36:20.721+0200] {processor.py:161} INFO - Started process (PID=56050) to work on /Users/pablofrancoherrero/prueba_tecnica/venv/lib/python3.11/site-packages/airflow/example_dags/example_external_task_marker_dag.py
[2026-04-28T20:36:20.722+0200] {processor.py:830} INFO - Processing file /Users/pablofrancoherrero/prueba_tecnica/venv/lib/python3.11/site-packages/airflow/example_dags/example_external_task_marker_dag.py for tasks to queue
[2026-04-28T20:36:20.722+0200] {logging_mixin.py:188} INFO - [2026-04-28T20:36:20.722+0200] {dagbag.py:540} INFO - Filling up the DagBag from /Users/pablofrancoherrero/prueba_tecnica/venv/lib/python3.11/site-packages/airflow/example_dags/example_external_task_marker_dag.py
[2026-04-28T20:36:20.726+0200] {processor.py:840} INFO - DAG(s) 'example_external_task_marker_child', 'example_external_task_marker_parent' retrieved from /Users/pablofrancoherrero/prueba_tecnica/venv/lib/python3.11/site-packages/airflow/example_dags/example_external_task_marker_dag.py
[2026-04-28T20:36:20.753+0200] {logging_mixin.py:188} INFO - [2026-04-28T20:36:20.753+0200] {dag.py:3096} INFO - Sync 2 DAGs
[2026-04-28T20:36:20.756+0200] {logging_mixin.py:188} INFO - [2026-04-28T20:36:20.756+0200] {dag.py:3954} INFO - Setting next_dagrun for example_external_task_marker_child to None, run_after=None
[2026-04-28T20:36:20.757+0200] {logging_mixin.py:188} INFO - [2026-04-28T20:36:20.757+0200] {dag.py:3954} INFO - Setting next_dagrun for example_external_task_marker_parent to None, run_after=None
[2026-04-28T20:36:20.761+0200] {processor.py:183} INFO - Processing /Users/pablofrancoherrero/prueba_tecnica/venv/lib/python3.11/site-packages/airflow/example_dags/example_external_task_marker_dag.py took 0.041 seconds
[2026-04-28T20:37:41.447+0200] {processor.py:161} INFO - Started process (PID=56158) to work on /Users/pablofrancoherrero/prueba_tecnica/venv/lib/python3.11/site-packages/airflow/example_dags/example_external_task_marker_dag.py
[2026-04-28T20:37:41.448+0200] {processor.py:830} INFO - Processing file /Users/pablofrancoherrero/prueba_tecnica/venv/lib/python3.11/site-packages/airflow/example_dags/example_external_task_marker_dag.py for tasks to queue
[2026-04-28T20:37:41.448+0200] {logging_mixin.py:188} INFO - [2026-04-28T20:37:41.448+0200] {dagbag.py:540} INFO - Filling up the DagBag from /Users/pablofrancoherrero/prueba_tecnica/venv/lib/python3.11/site-packages/airflow/example_dags/example_external_task_marker_dag.py
[2026-04-28T20:37:41.452+0200] {processor.py:840} INFO - DAG(s) 'example_external_task_marker_parent', 'example_external_task_marker_child' retrieved from /Users/pablofrancoherrero/prueba_tecnica/venv/lib/python3.11/site-packages/airflow/example_dags/example_external_task_marker_dag.py
[2026-04-28T20:37:41.483+0200] {logging_mixin.py:188} INFO - [2026-04-28T20:37:41.483+0200] {dag.py:3096} INFO - Sync 2 DAGs
[2026-04-28T20:37:41.486+0200] {logging_mixin.py:188} INFO - [2026-04-28T20:37:41.486+0200] {dag.py:3954} INFO - Setting next_dagrun for example_external_task_marker_child to None, run_after=None
[2026-04-28T20:37:41.487+0200] {logging_mixin.py:188} INFO - [2026-04-28T20:37:41.487+0200] {dag.py:3954} INFO - Setting next_dagrun for example_external_task_marker_parent to None, run_after=None
[2026-04-28T20:37:41.492+0200] {processor.py:183} INFO - Processing /Users/pablofrancoherrero/prueba_tecnica/venv/lib/python3.11/site-packages/airflow/example_dags/example_external_task_marker_dag.py took 0.046 seconds
[2026-04-28T20:39:03.794+0200] {processor.py:161} INFO - Started process (PID=56305) to work on /Users/pablofrancoherrero/prueba_tecnica/venv/lib/python3.11/site-packages/airflow/example_dags/example_external_task_marker_dag.py
[2026-04-28T20:39:03.795+0200] {processor.py:830} INFO - Processing file /Users/pablofrancoherrero/prueba_tecnica/venv/lib/python3.11/site-packages/airflow/example_dags/example_external_task_marker_dag.py for tasks to queue
[2026-04-28T20:39:03.796+0200] {logging_mixin.py:188} INFO - [2026-04-28T20:39:03.796+0200] {dagbag.py:540} INFO - Filling up the DagBag from /Users/pablofrancoherrero/prueba_tecnica/venv/lib/python3.11/site-packages/airflow/example_dags/example_external_task_marker_dag.py
[2026-04-28T20:39:03.799+0200] {processor.py:840} INFO - DAG(s) 'example_external_task_marker_child', 'example_external_task_marker_parent' retrieved from /Users/pablofrancoherrero/prueba_tecnica/venv/lib/python3.11/site-packages/airflow/example_dags/example_external_task_marker_dag.py
[2026-04-28T20:39:03.827+0200] {logging_mixin.py:188} INFO - [2026-04-28T20:39:03.827+0200] {dag.py:3096} INFO - Sync 2 DAGs
[2026-04-28T20:39:03.830+0200] {logging_mixin.py:188} INFO - [2026-04-28T20:39:03.830+0200] {dag.py:3954} INFO - Setting next_dagrun for example_external_task_marker_child to None, run_after=None
[2026-04-28T20:39:03.830+0200] {logging_mixin.py:188} INFO - [2026-04-28T20:39:03.830+0200] {dag.py:3954} INFO - Setting next_dagrun for example_external_task_marker_parent to None, run_after=None
[2026-04-28T20:39:03.835+0200] {processor.py:183} INFO - Processing /Users/pablofrancoherrero/prueba_tecnica/venv/lib/python3.11/site-packages/airflow/example_dags/example_external_task_marker_dag.py took 0.042 seconds
[2026-04-28T20:40:26.441+0200] {processor.py:161} INFO - Started process (PID=56424) to work on /Users/pablofrancoherrero/prueba_tecnica/venv/lib/python3.11/site-packages/airflow/example_dags/example_external_task_marker_dag.py
[2026-04-28T20:40:26.442+0200] {processor.py:830} INFO - Processing file /Users/pablofrancoherrero/prueba_tecnica/venv/lib/python3.11/site-packages/airflow/example_dags/example_external_task_marker_dag.py for tasks to queue
[2026-04-28T20:40:26.442+0200] {logging_mixin.py:188} INFO - [2026-04-28T20:40:26.442+0200] {dagbag.py:540} INFO - Filling up the DagBag from /Users/pablofrancoherrero/prueba_tecnica/venv/lib/python3.11/site-packages/airflow/example_dags/example_external_task_marker_dag.py
[2026-04-28T20:40:26.446+0200] {processor.py:840} INFO - DAG(s) 'example_external_task_marker_parent', 'example_external_task_marker_child' retrieved from /Users/pablofrancoherrero/prueba_tecnica/venv/lib/python3.11/site-packages/airflow/example_dags/example_external_task_marker_dag.py
[2026-04-28T20:40:26.473+0200] {logging_mixin.py:188} INFO - [2026-04-28T20:40:26.473+0200] {dag.py:3096} INFO - Sync 2 DAGs
[2026-04-28T20:40:26.476+0200] {logging_mixin.py:188} INFO - [2026-04-28T20:40:26.476+0200] {dag.py:3954} INFO - Setting next_dagrun for example_external_task_marker_child to None, run_after=None
[2026-04-28T20:40:26.477+0200] {logging_mixin.py:188} INFO - [2026-04-28T20:40:26.477+0200] {dag.py:3954} INFO - Setting next_dagrun for example_external_task_marker_parent to None, run_after=None
[2026-04-28T20:40:26.481+0200] {processor.py:183} INFO - Processing /Users/pablofrancoherrero/prueba_tecnica/venv/lib/python3.11/site-packages/airflow/example_dags/example_external_task_marker_dag.py took 0.042 seconds
[2026-04-28T20:41:49.428+0200] {processor.py:161} INFO - Started process (PID=56537) to work on /Users/pablofrancoherrero/prueba_tecnica/venv/lib/python3.11/site-packages/airflow/example_dags/example_external_task_marker_dag.py
[2026-04-28T20:41:49.429+0200] {processor.py:830} INFO - Processing file /Users/pablofrancoherrero/prueba_tecnica/venv/lib/python3.11/site-packages/airflow/example_dags/example_external_task_marker_dag.py for tasks to queue
[2026-04-28T20:41:49.430+0200] {logging_mixin.py:188} INFO - [2026-04-28T20:41:49.430+0200] {dagbag.py:540} INFO - Filling up the DagBag from /Users/pablofrancoherrero/prueba_tecnica/venv/lib/python3.11/site-packages/airflow/example_dags/example_external_task_marker_dag.py
[2026-04-28T20:41:49.435+0200] {processor.py:840} INFO - DAG(s) 'example_external_task_marker_parent', 'example_external_task_marker_child' retrieved from /Users/pablofrancoherrero/prueba_tecnica/venv/lib/python3.11/site-packages/airflow/example_dags/example_external_task_marker_dag.py
[2026-04-28T20:41:49.471+0200] {logging_mixin.py:188} INFO - [2026-04-28T20:41:49.471+0200] {dag.py:3096} INFO - Sync 2 DAGs
[2026-04-28T20:41:49.474+0200] {logging_mixin.py:188} INFO - [2026-04-28T20:41:49.474+0200] {dag.py:3954} INFO - Setting next_dagrun for example_external_task_marker_child to None, run_after=None
[2026-04-28T20:41:49.475+0200] {logging_mixin.py:188} INFO - [2026-04-28T20:41:49.475+0200] {dag.py:3954} INFO - Setting next_dagrun for example_external_task_marker_parent to None, run_after=None
[2026-04-28T20:41:49.480+0200] {processor.py:183} INFO - Processing /Users/pablofrancoherrero/prueba_tecnica/venv/lib/python3.11/site-packages/airflow/example_dags/example_external_task_marker_dag.py took 0.053 seconds
[2026-04-28T20:43:11.515+0200] {processor.py:161} INFO - Started process (PID=56739) to work on /Users/pablofrancoherrero/prueba_tecnica/venv/lib/python3.11/site-packages/airflow/example_dags/example_external_task_marker_dag.py
[2026-04-28T20:43:11.516+0200] {processor.py:830} INFO - Processing file /Users/pablofrancoherrero/prueba_tecnica/venv/lib/python3.11/site-packages/airflow/example_dags/example_external_task_marker_dag.py for tasks to queue
[2026-04-28T20:43:11.516+0200] {logging_mixin.py:188} INFO - [2026-04-28T20:43:11.516+0200] {dagbag.py:540} INFO - Filling up the DagBag from /Users/pablofrancoherrero/prueba_tecnica/venv/lib/python3.11/site-packages/airflow/example_dags/example_external_task_marker_dag.py
[2026-04-28T20:43:11.520+0200] {processor.py:840} INFO - DAG(s) 'example_external_task_marker_parent', 'example_external_task_marker_child' retrieved from /Users/pablofrancoherrero/prueba_tecnica/venv/lib/python3.11/site-packages/airflow/example_dags/example_external_task_marker_dag.py
[2026-04-28T20:43:11.550+0200] {logging_mixin.py:188} INFO - [2026-04-28T20:43:11.550+0200] {dag.py:3096} INFO - Sync 2 DAGs
[2026-04-28T20:43:11.553+0200] {logging_mixin.py:188} INFO - [2026-04-28T20:43:11.553+0200] {dag.py:3954} INFO - Setting next_dagrun for example_external_task_marker_child to None, run_after=None
[2026-04-28T20:43:11.554+0200] {logging_mixin.py:188} INFO - [2026-04-28T20:43:11.554+0200] {dag.py:3954} INFO - Setting next_dagrun for example_external_task_marker_parent to None, run_after=None
[2026-04-28T20:43:11.560+0200] {processor.py:183} INFO - Processing /Users/pablofrancoherrero/prueba_tecnica/venv/lib/python3.11/site-packages/airflow/example_dags/example_external_task_marker_dag.py took 0.045 seconds
[2026-04-28T20:44:33.651+0200] {processor.py:161} INFO - Started process (PID=56865) to work on /Users/pablofrancoherrero/prueba_tecnica/venv/lib/python3.11/site-packages/airflow/example_dags/example_external_task_marker_dag.py
[2026-04-28T20:44:33.651+0200] {processor.py:830} INFO - Processing file /Users/pablofrancoherrero/prueba_tecnica/venv/lib/python3.11/site-packages/airflow/example_dags/example_external_task_marker_dag.py for tasks to queue
[2026-04-28T20:44:33.651+0200] {logging_mixin.py:188} INFO - [2026-04-28T20:44:33.651+0200] {dagbag.py:540} INFO - Filling up the DagBag from /Users/pablofrancoherrero/prueba_tecnica/venv/lib/python3.11/site-packages/airflow/example_dags/example_external_task_marker_dag.py
[2026-04-28T20:44:33.655+0200] {processor.py:840} INFO - DAG(s) 'example_external_task_marker_child', 'example_external_task_marker_parent' retrieved from /Users/pablofrancoherrero/prueba_tecnica/venv/lib/python3.11/site-packages/airflow/example_dags/example_external_task_marker_dag.py
[2026-04-28T20:44:33.684+0200] {logging_mixin.py:188} INFO - [2026-04-28T20:44:33.684+0200] {dag.py:3096} INFO - Sync 2 DAGs
[2026-04-28T20:44:33.687+0200] {logging_mixin.py:188} INFO - [2026-04-28T20:44:33.687+0200] {dag.py:3954} INFO - Setting next_dagrun for example_external_task_marker_child to None, run_after=None
[2026-04-28T20:44:33.688+0200] {logging_mixin.py:188} INFO - [2026-04-28T20:44:33.688+0200] {dag.py:3954} INFO - Setting next_dagrun for example_external_task_marker_parent to None, run_after=None
[2026-04-28T20:44:33.692+0200] {processor.py:183} INFO - Processing /Users/pablofrancoherrero/prueba_tecnica/venv/lib/python3.11/site-packages/airflow/example_dags/example_external_task_marker_dag.py took 0.043 seconds
[2026-04-28T20:45:56.105+0200] {processor.py:161} INFO - Started process (PID=56983) to work on /Users/pablofrancoherrero/prueba_tecnica/venv/lib/python3.11/site-packages/airflow/example_dags/example_external_task_marker_dag.py
[2026-04-28T20:45:56.106+0200] {processor.py:830} INFO - Processing file /Users/pablofrancoherrero/prueba_tecnica/venv/lib/python3.11/site-packages/airflow/example_dags/example_external_task_marker_dag.py for tasks to queue
[2026-04-28T20:45:56.107+0200] {logging_mixin.py:188} INFO - [2026-04-28T20:45:56.107+0200] {dagbag.py:540} INFO - Filling up the DagBag from /Users/pablofrancoherrero/prueba_tecnica/venv/lib/python3.11/site-packages/airflow/example_dags/example_external_task_marker_dag.py
[2026-04-28T20:45:56.111+0200] {processor.py:840} INFO - DAG(s) 'example_external_task_marker_child', 'example_external_task_marker_parent' retrieved from /Users/pablofrancoherrero/prueba_tecnica/venv/lib/python3.11/site-packages/airflow/example_dags/example_external_task_marker_dag.py
[2026-04-28T20:45:56.138+0200] {logging_mixin.py:188} INFO - [2026-04-28T20:45:56.138+0200] {dag.py:3096} INFO - Sync 2 DAGs
[2026-04-28T20:45:56.141+0200] {logging_mixin.py:188} INFO - [2026-04-28T20:45:56.141+0200] {dag.py:3954} INFO - Setting next_dagrun for example_external_task_marker_child to None, run_after=None
[2026-04-28T20:45:56.142+0200] {logging_mixin.py:188} INFO - [2026-04-28T20:45:56.142+0200] {dag.py:3954} INFO - Setting next_dagrun for example_external_task_marker_parent to None, run_after=None
[2026-04-28T20:45:56.147+0200] {processor.py:183} INFO - Processing /Users/pablofrancoherrero/prueba_tecnica/venv/lib/python3.11/site-packages/airflow/example_dags/example_external_task_marker_dag.py took 0.042 seconds
[2026-04-28T20:54:09.132+0200] {processor.py:161} INFO - Started process (PID=59009) to work on /Users/pablofrancoherrero/prueba_tecnica/venv/lib/python3.11/site-packages/airflow/example_dags/example_external_task_marker_dag.py
[2026-04-28T20:54:09.132+0200] {processor.py:830} INFO - Processing file /Users/pablofrancoherrero/prueba_tecnica/venv/lib/python3.11/site-packages/airflow/example_dags/example_external_task_marker_dag.py for tasks to queue
[2026-04-28T20:54:09.133+0200] {logging_mixin.py:188} INFO - [2026-04-28T20:54:09.133+0200] {dagbag.py:540} INFO - Filling up the DagBag from /Users/pablofrancoherrero/prueba_tecnica/venv/lib/python3.11/site-packages/airflow/example_dags/example_external_task_marker_dag.py
[2026-04-28T20:54:09.136+0200] {processor.py:840} INFO - DAG(s) 'example_external_task_marker_parent', 'example_external_task_marker_child' retrieved from /Users/pablofrancoherrero/prueba_tecnica/venv/lib/python3.11/site-packages/airflow/example_dags/example_external_task_marker_dag.py
[2026-04-28T20:54:09.189+0200] {logging_mixin.py:188} INFO - [2026-04-28T20:54:09.189+0200] {dag.py:3096} INFO - Sync 2 DAGs
[2026-04-28T20:54:09.192+0200] {logging_mixin.py:188} INFO - [2026-04-28T20:54:09.192+0200] {dag.py:3954} INFO - Setting next_dagrun for example_external_task_marker_child to None, run_after=None
[2026-04-28T20:54:09.193+0200] {logging_mixin.py:188} INFO - [2026-04-28T20:54:09.193+0200] {dag.py:3954} INFO - Setting next_dagrun for example_external_task_marker_parent to None, run_after=None
[2026-04-28T20:54:09.198+0200] {processor.py:183} INFO - Processing /Users/pablofrancoherrero/prueba_tecnica/venv/lib/python3.11/site-packages/airflow/example_dags/example_external_task_marker_dag.py took 0.067 seconds
[2026-04-28T20:55:32.155+0200] {processor.py:161} INFO - Started process (PID=59092) to work on /Users/pablofrancoherrero/prueba_tecnica/venv/lib/python3.11/site-packages/airflow/example_dags/example_external_task_marker_dag.py
[2026-04-28T20:55:32.155+0200] {processor.py:830} INFO - Processing file /Users/pablofrancoherrero/prueba_tecnica/venv/lib/python3.11/site-packages/airflow/example_dags/example_external_task_marker_dag.py for tasks to queue
[2026-04-28T20:55:32.156+0200] {logging_mixin.py:188} INFO - [2026-04-28T20:55:32.156+0200] {dagbag.py:540} INFO - Filling up the DagBag from /Users/pablofrancoherrero/prueba_tecnica/venv/lib/python3.11/site-packages/airflow/example_dags/example_external_task_marker_dag.py
[2026-04-28T20:55:32.162+0200] {processor.py:840} INFO - DAG(s) 'example_external_task_marker_parent', 'example_external_task_marker_child' retrieved from /Users/pablofrancoherrero/prueba_tecnica/venv/lib/python3.11/site-packages/airflow/example_dags/example_external_task_marker_dag.py
[2026-04-28T20:55:32.191+0200] {logging_mixin.py:188} INFO - [2026-04-28T20:55:32.191+0200] {dag.py:3096} INFO - Sync 2 DAGs
[2026-04-28T20:55:32.194+0200] {logging_mixin.py:188} INFO - [2026-04-28T20:55:32.194+0200] {dag.py:3954} INFO - Setting next_dagrun for example_external_task_marker_child to None, run_after=None
[2026-04-28T20:55:32.195+0200] {logging_mixin.py:188} INFO - [2026-04-28T20:55:32.195+0200] {dag.py:3954} INFO - Setting next_dagrun for example_external_task_marker_parent to None, run_after=None
[2026-04-28T20:55:32.199+0200] {processor.py:183} INFO - Processing /Users/pablofrancoherrero/prueba_tecnica/venv/lib/python3.11/site-packages/airflow/example_dags/example_external_task_marker_dag.py took 0.045 seconds
[2026-04-28T20:56:54.716+0200] {processor.py:161} INFO - Started process (PID=59203) to work on /Users/pablofrancoherrero/prueba_tecnica/venv/lib/python3.11/site-packages/airflow/example_dags/example_external_task_marker_dag.py
[2026-04-28T20:56:54.717+0200] {processor.py:830} INFO - Processing file /Users/pablofrancoherrero/prueba_tecnica/venv/lib/python3.11/site-packages/airflow/example_dags/example_external_task_marker_dag.py for tasks to queue
[2026-04-28T20:56:54.717+0200] {logging_mixin.py:188} INFO - [2026-04-28T20:56:54.717+0200] {dagbag.py:540} INFO - Filling up the DagBag from /Users/pablofrancoherrero/prueba_tecnica/venv/lib/python3.11/site-packages/airflow/example_dags/example_external_task_marker_dag.py
[2026-04-28T20:56:54.721+0200] {processor.py:840} INFO - DAG(s) 'example_external_task_marker_child', 'example_external_task_marker_parent' retrieved from /Users/pablofrancoherrero/prueba_tecnica/venv/lib/python3.11/site-packages/airflow/example_dags/example_external_task_marker_dag.py
[2026-04-28T20:56:54.750+0200] {logging_mixin.py:188} INFO - [2026-04-28T20:56:54.750+0200] {dag.py:3096} INFO - Sync 2 DAGs
[2026-04-28T20:56:54.753+0200] {logging_mixin.py:188} INFO - [2026-04-28T20:56:54.753+0200] {dag.py:3954} INFO - Setting next_dagrun for example_external_task_marker_child to None, run_after=None
[2026-04-28T20:56:54.754+0200] {logging_mixin.py:188} INFO - [2026-04-28T20:56:54.754+0200] {dag.py:3954} INFO - Setting next_dagrun for example_external_task_marker_parent to None, run_after=None
[2026-04-28T20:56:54.758+0200] {processor.py:183} INFO - Processing /Users/pablofrancoherrero/prueba_tecnica/venv/lib/python3.11/site-packages/airflow/example_dags/example_external_task_marker_dag.py took 0.043 seconds
[2026-04-28T20:58:13.962+0200] {processor.py:161} INFO - Started process (PID=59329) to work on /Users/pablofrancoherrero/prueba_tecnica/venv/lib/python3.11/site-packages/airflow/example_dags/example_external_task_marker_dag.py
[2026-04-28T20:58:13.962+0200] {processor.py:830} INFO - Processing file /Users/pablofrancoherrero/prueba_tecnica/venv/lib/python3.11/site-packages/airflow/example_dags/example_external_task_marker_dag.py for tasks to queue
[2026-04-28T20:58:13.962+0200] {logging_mixin.py:188} INFO - [2026-04-28T20:58:13.962+0200] {dagbag.py:540} INFO - Filling up the DagBag from /Users/pablofrancoherrero/prueba_tecnica/venv/lib/python3.11/site-packages/airflow/example_dags/example_external_task_marker_dag.py
[2026-04-28T20:58:13.966+0200] {processor.py:840} INFO - DAG(s) 'example_external_task_marker_parent', 'example_external_task_marker_child' retrieved from /Users/pablofrancoherrero/prueba_tecnica/venv/lib/python3.11/site-packages/airflow/example_dags/example_external_task_marker_dag.py
[2026-04-28T20:58:13.994+0200] {logging_mixin.py:188} INFO - [2026-04-28T20:58:13.994+0200] {dag.py:3096} INFO - Sync 2 DAGs
[2026-04-28T20:58:13.997+0200] {logging_mixin.py:188} INFO - [2026-04-28T20:58:13.997+0200] {dag.py:3954} INFO - Setting next_dagrun for example_external_task_marker_child to None, run_after=None
[2026-04-28T20:58:13.998+0200] {logging_mixin.py:188} INFO - [2026-04-28T20:58:13.998+0200] {dag.py:3954} INFO - Setting next_dagrun for example_external_task_marker_parent to None, run_after=None
[2026-04-28T20:58:14.003+0200] {processor.py:183} INFO - Processing /Users/pablofrancoherrero/prueba_tecnica/venv/lib/python3.11/site-packages/airflow/example_dags/example_external_task_marker_dag.py took 0.042 seconds
[2026-04-28T20:59:35.360+0200] {processor.py:161} INFO - Started process (PID=59431) to work on /Users/pablofrancoherrero/prueba_tecnica/venv/lib/python3.11/site-packages/airflow/example_dags/example_external_task_marker_dag.py
[2026-04-28T20:59:35.361+0200] {processor.py:830} INFO - Processing file /Users/pablofrancoherrero/prueba_tecnica/venv/lib/python3.11/site-packages/airflow/example_dags/example_external_task_marker_dag.py for tasks to queue
[2026-04-28T20:59:35.362+0200] {logging_mixin.py:188} INFO - [2026-04-28T20:59:35.362+0200] {dagbag.py:540} INFO - Filling up the DagBag from /Users/pablofrancoherrero/prueba_tecnica/venv/lib/python3.11/site-packages/airflow/example_dags/example_external_task_marker_dag.py
[2026-04-28T20:59:35.365+0200] {processor.py:840} INFO - DAG(s) 'example_external_task_marker_child', 'example_external_task_marker_parent' retrieved from /Users/pablofrancoherrero/prueba_tecnica/venv/lib/python3.11/site-packages/airflow/example_dags/example_external_task_marker_dag.py
[2026-04-28T20:59:35.393+0200] {logging_mixin.py:188} INFO - [2026-04-28T20:59:35.393+0200] {dag.py:3096} INFO - Sync 2 DAGs
[2026-04-28T20:59:35.396+0200] {logging_mixin.py:188} INFO - [2026-04-28T20:59:35.396+0200] {dag.py:3954} INFO - Setting next_dagrun for example_external_task_marker_child to None, run_after=None
[2026-04-28T20:59:35.397+0200] {logging_mixin.py:188} INFO - [2026-04-28T20:59:35.397+0200] {dag.py:3954} INFO - Setting next_dagrun for example_external_task_marker_parent to None, run_after=None
[2026-04-28T20:59:35.402+0200] {processor.py:183} INFO - Processing /Users/pablofrancoherrero/prueba_tecnica/venv/lib/python3.11/site-packages/airflow/example_dags/example_external_task_marker_dag.py took 0.042 seconds
[2026-04-28T21:00:59.022+0200] {processor.py:161} INFO - Started process (PID=59515) to work on /Users/pablofrancoherrero/prueba_tecnica/venv/lib/python3.11/site-packages/airflow/example_dags/example_external_task_marker_dag.py
[2026-04-28T21:00:59.022+0200] {processor.py:830} INFO - Processing file /Users/pablofrancoherrero/prueba_tecnica/venv/lib/python3.11/site-packages/airflow/example_dags/example_external_task_marker_dag.py for tasks to queue
[2026-04-28T21:00:59.022+0200] {logging_mixin.py:188} INFO - [2026-04-28T21:00:59.022+0200] {dagbag.py:540} INFO - Filling up the DagBag from /Users/pablofrancoherrero/prueba_tecnica/venv/lib/python3.11/site-packages/airflow/example_dags/example_external_task_marker_dag.py
[2026-04-28T21:00:59.026+0200] {processor.py:840} INFO - DAG(s) 'example_external_task_marker_parent', 'example_external_task_marker_child' retrieved from /Users/pablofrancoherrero/prueba_tecnica/venv/lib/python3.11/site-packages/airflow/example_dags/example_external_task_marker_dag.py
[2026-04-28T21:00:59.055+0200] {logging_mixin.py:188} INFO - [2026-04-28T21:00:59.055+0200] {dag.py:3096} INFO - Sync 2 DAGs
[2026-04-28T21:00:59.057+0200] {logging_mixin.py:188} INFO - [2026-04-28T21:00:59.057+0200] {dag.py:3954} INFO - Setting next_dagrun for example_external_task_marker_child to None, run_after=None
[2026-04-28T21:00:59.058+0200] {logging_mixin.py:188} INFO - [2026-04-28T21:00:59.058+0200] {dag.py:3954} INFO - Setting next_dagrun for example_external_task_marker_parent to None, run_after=None
[2026-04-28T21:00:59.063+0200] {processor.py:183} INFO - Processing /Users/pablofrancoherrero/prueba_tecnica/venv/lib/python3.11/site-packages/airflow/example_dags/example_external_task_marker_dag.py took 0.042 seconds
[2026-04-28T21:02:20.387+0200] {processor.py:161} INFO - Started process (PID=59625) to work on /Users/pablofrancoherrero/prueba_tecnica/venv/lib/python3.11/site-packages/airflow/example_dags/example_external_task_marker_dag.py
[2026-04-28T21:02:20.388+0200] {processor.py:830} INFO - Processing file /Users/pablofrancoherrero/prueba_tecnica/venv/lib/python3.11/site-packages/airflow/example_dags/example_external_task_marker_dag.py for tasks to queue
[2026-04-28T21:02:20.388+0200] {logging_mixin.py:188} INFO - [2026-04-28T21:02:20.388+0200] {dagbag.py:540} INFO - Filling up the DagBag from /Users/pablofrancoherrero/prueba_tecnica/venv/lib/python3.11/site-packages/airflow/example_dags/example_external_task_marker_dag.py
[2026-04-28T21:02:20.392+0200] {processor.py:840} INFO - DAG(s) 'example_external_task_marker_parent', 'example_external_task_marker_child' retrieved from /Users/pablofrancoherrero/prueba_tecnica/venv/lib/python3.11/site-packages/airflow/example_dags/example_external_task_marker_dag.py
[2026-04-28T21:02:20.420+0200] {logging_mixin.py:188} INFO - [2026-04-28T21:02:20.420+0200] {dag.py:3096} INFO - Sync 2 DAGs
[2026-04-28T21:02:20.423+0200] {logging_mixin.py:188} INFO - [2026-04-28T21:02:20.423+0200] {dag.py:3954} INFO - Setting next_dagrun for example_external_task_marker_child to None, run_after=None
[2026-04-28T21:02:20.424+0200] {logging_mixin.py:188} INFO - [2026-04-28T21:02:20.424+0200] {dag.py:3954} INFO - Setting next_dagrun for example_external_task_marker_parent to None, run_after=None
[2026-04-28T21:02:20.428+0200] {processor.py:183} INFO - Processing /Users/pablofrancoherrero/prueba_tecnica/venv/lib/python3.11/site-packages/airflow/example_dags/example_external_task_marker_dag.py took 0.042 seconds
[2026-04-28T21:03:40.840+0200] {processor.py:161} INFO - Started process (PID=59722) to work on /Users/pablofrancoherrero/prueba_tecnica/venv/lib/python3.11/site-packages/airflow/example_dags/example_external_task_marker_dag.py
[2026-04-28T21:03:40.841+0200] {processor.py:830} INFO - Processing file /Users/pablofrancoherrero/prueba_tecnica/venv/lib/python3.11/site-packages/airflow/example_dags/example_external_task_marker_dag.py for tasks to queue
[2026-04-28T21:03:40.841+0200] {logging_mixin.py:188} INFO - [2026-04-28T21:03:40.841+0200] {dagbag.py:540} INFO - Filling up the DagBag from /Users/pablofrancoherrero/prueba_tecnica/venv/lib/python3.11/site-packages/airflow/example_dags/example_external_task_marker_dag.py
[2026-04-28T21:03:40.845+0200] {processor.py:840} INFO - DAG(s) 'example_external_task_marker_child', 'example_external_task_marker_parent' retrieved from /Users/pablofrancoherrero/prueba_tecnica/venv/lib/python3.11/site-packages/airflow/example_dags/example_external_task_marker_dag.py
[2026-04-28T21:03:40.883+0200] {logging_mixin.py:188} INFO - [2026-04-28T21:03:40.883+0200] {dag.py:3096} INFO - Sync 2 DAGs
[2026-04-28T21:03:40.886+0200] {logging_mixin.py:188} INFO - [2026-04-28T21:03:40.886+0200] {dag.py:3954} INFO - Setting next_dagrun for example_external_task_marker_child to None, run_after=None
[2026-04-28T21:03:40.887+0200] {logging_mixin.py:188} INFO - [2026-04-28T21:03:40.887+0200] {dag.py:3954} INFO - Setting next_dagrun for example_external_task_marker_parent to None, run_after=None
[2026-04-28T21:03:40.893+0200] {processor.py:183} INFO - Processing /Users/pablofrancoherrero/prueba_tecnica/venv/lib/python3.11/site-packages/airflow/example_dags/example_external_task_marker_dag.py took 0.054 seconds
[2026-04-28T21:05:03.982+0200] {processor.py:161} INFO - Started process (PID=59820) to work on /Users/pablofrancoherrero/prueba_tecnica/venv/lib/python3.11/site-packages/airflow/example_dags/example_external_task_marker_dag.py
[2026-04-28T21:05:03.983+0200] {processor.py:830} INFO - Processing file /Users/pablofrancoherrero/prueba_tecnica/venv/lib/python3.11/site-packages/airflow/example_dags/example_external_task_marker_dag.py for tasks to queue
[2026-04-28T21:05:03.983+0200] {logging_mixin.py:188} INFO - [2026-04-28T21:05:03.983+0200] {dagbag.py:540} INFO - Filling up the DagBag from /Users/pablofrancoherrero/prueba_tecnica/venv/lib/python3.11/site-packages/airflow/example_dags/example_external_task_marker_dag.py
[2026-04-28T21:05:03.987+0200] {processor.py:840} INFO - DAG(s) 'example_external_task_marker_child', 'example_external_task_marker_parent' retrieved from /Users/pablofrancoherrero/prueba_tecnica/venv/lib/python3.11/site-packages/airflow/example_dags/example_external_task_marker_dag.py
[2026-04-28T21:05:04.014+0200] {logging_mixin.py:188} INFO - [2026-04-28T21:05:04.014+0200] {dag.py:3096} INFO - Sync 2 DAGs
[2026-04-28T21:05:04.016+0200] {logging_mixin.py:188} INFO - [2026-04-28T21:05:04.016+0200] {dag.py:3954} INFO - Setting next_dagrun for example_external_task_marker_child to None, run_after=None
[2026-04-28T21:05:04.017+0200] {logging_mixin.py:188} INFO - [2026-04-28T21:05:04.017+0200] {dag.py:3954} INFO - Setting next_dagrun for example_external_task_marker_parent to None, run_after=None
[2026-04-28T21:05:04.022+0200] {processor.py:183} INFO - Processing /Users/pablofrancoherrero/prueba_tecnica/venv/lib/python3.11/site-packages/airflow/example_dags/example_external_task_marker_dag.py took 0.041 seconds
[2026-04-28T21:06:26.000+0200] {processor.py:161} INFO - Started process (PID=59928) to work on /Users/pablofrancoherrero/prueba_tecnica/venv/lib/python3.11/site-packages/airflow/example_dags/example_external_task_marker_dag.py
[2026-04-28T21:06:26.000+0200] {processor.py:830} INFO - Processing file /Users/pablofrancoherrero/prueba_tecnica/venv/lib/python3.11/site-packages/airflow/example_dags/example_external_task_marker_dag.py for tasks to queue
[2026-04-28T21:06:26.001+0200] {logging_mixin.py:188} INFO - [2026-04-28T21:06:26.001+0200] {dagbag.py:540} INFO - Filling up the DagBag from /Users/pablofrancoherrero/prueba_tecnica/venv/lib/python3.11/site-packages/airflow/example_dags/example_external_task_marker_dag.py
[2026-04-28T21:06:26.005+0200] {processor.py:840} INFO - DAG(s) 'example_external_task_marker_child', 'example_external_task_marker_parent' retrieved from /Users/pablofrancoherrero/prueba_tecnica/venv/lib/python3.11/site-packages/airflow/example_dags/example_external_task_marker_dag.py
[2026-04-28T21:06:26.034+0200] {logging_mixin.py:188} INFO - [2026-04-28T21:06:26.033+0200] {dag.py:3096} INFO - Sync 2 DAGs
[2026-04-28T21:06:26.036+0200] {logging_mixin.py:188} INFO - [2026-04-28T21:06:26.036+0200] {dag.py:3954} INFO - Setting next_dagrun for example_external_task_marker_child to None, run_after=None
[2026-04-28T21:06:26.037+0200] {logging_mixin.py:188} INFO - [2026-04-28T21:06:26.037+0200] {dag.py:3954} INFO - Setting next_dagrun for example_external_task_marker_parent to None, run_after=None
[2026-04-28T21:06:26.042+0200] {processor.py:183} INFO - Processing /Users/pablofrancoherrero/prueba_tecnica/venv/lib/python3.11/site-packages/airflow/example_dags/example_external_task_marker_dag.py took 0.043 seconds
[2026-04-28T21:07:44.463+0200] {processor.py:161} INFO - Started process (PID=60037) to work on /Users/pablofrancoherrero/prueba_tecnica/venv/lib/python3.11/site-packages/airflow/example_dags/example_external_task_marker_dag.py
[2026-04-28T21:07:44.464+0200] {processor.py:830} INFO - Processing file /Users/pablofrancoherrero/prueba_tecnica/venv/lib/python3.11/site-packages/airflow/example_dags/example_external_task_marker_dag.py for tasks to queue
[2026-04-28T21:07:44.465+0200] {logging_mixin.py:188} INFO - [2026-04-28T21:07:44.465+0200] {dagbag.py:540} INFO - Filling up the DagBag from /Users/pablofrancoherrero/prueba_tecnica/venv/lib/python3.11/site-packages/airflow/example_dags/example_external_task_marker_dag.py
[2026-04-28T21:07:44.469+0200] {processor.py:840} INFO - DAG(s) 'example_external_task_marker_parent', 'example_external_task_marker_child' retrieved from /Users/pablofrancoherrero/prueba_tecnica/venv/lib/python3.11/site-packages/airflow/example_dags/example_external_task_marker_dag.py
[2026-04-28T21:07:44.497+0200] {logging_mixin.py:188} INFO - [2026-04-28T21:07:44.497+0200] {dag.py:3096} INFO - Sync 2 DAGs
[2026-04-28T21:07:44.500+0200] {logging_mixin.py:188} INFO - [2026-04-28T21:07:44.499+0200] {dag.py:3954} INFO - Setting next_dagrun for example_external_task_marker_child to None, run_after=None
[2026-04-28T21:07:44.500+0200] {logging_mixin.py:188} INFO - [2026-04-28T21:07:44.500+0200] {dag.py:3954} INFO - Setting next_dagrun for example_external_task_marker_parent to None, run_after=None
[2026-04-28T21:07:44.505+0200] {processor.py:183} INFO - Processing /Users/pablofrancoherrero/prueba_tecnica/venv/lib/python3.11/site-packages/airflow/example_dags/example_external_task_marker_dag.py took 0.043 seconds
[2026-04-28T21:09:10.546+0200] {processor.py:161} INFO - Started process (PID=60146) to work on /Users/pablofrancoherrero/prueba_tecnica/venv/lib/python3.11/site-packages/airflow/example_dags/example_external_task_marker_dag.py
[2026-04-28T21:09:10.547+0200] {processor.py:830} INFO - Processing file /Users/pablofrancoherrero/prueba_tecnica/venv/lib/python3.11/site-packages/airflow/example_dags/example_external_task_marker_dag.py for tasks to queue
[2026-04-28T21:09:10.548+0200] {logging_mixin.py:188} INFO - [2026-04-28T21:09:10.547+0200] {dagbag.py:540} INFO - Filling up the DagBag from /Users/pablofrancoherrero/prueba_tecnica/venv/lib/python3.11/site-packages/airflow/example_dags/example_external_task_marker_dag.py
[2026-04-28T21:09:10.551+0200] {processor.py:840} INFO - DAG(s) 'example_external_task_marker_child', 'example_external_task_marker_parent' retrieved from /Users/pablofrancoherrero/prueba_tecnica/venv/lib/python3.11/site-packages/airflow/example_dags/example_external_task_marker_dag.py
[2026-04-28T21:09:10.583+0200] {logging_mixin.py:188} INFO - [2026-04-28T21:09:10.583+0200] {dag.py:3096} INFO - Sync 2 DAGs
[2026-04-28T21:09:10.586+0200] {logging_mixin.py:188} INFO - [2026-04-28T21:09:10.586+0200] {dag.py:3954} INFO - Setting next_dagrun for example_external_task_marker_child to None, run_after=None
[2026-04-28T21:09:10.587+0200] {logging_mixin.py:188} INFO - [2026-04-28T21:09:10.587+0200] {dag.py:3954} INFO - Setting next_dagrun for example_external_task_marker_parent to None, run_after=None
[2026-04-28T21:09:10.592+0200] {processor.py:183} INFO - Processing /Users/pablofrancoherrero/prueba_tecnica/venv/lib/python3.11/site-packages/airflow/example_dags/example_external_task_marker_dag.py took 0.046 seconds
[2026-04-28T21:10:35.506+0200] {processor.py:161} INFO - Started process (PID=60313) to work on /Users/pablofrancoherrero/prueba_tecnica/venv/lib/python3.11/site-packages/airflow/example_dags/example_external_task_marker_dag.py
[2026-04-28T21:10:35.506+0200] {processor.py:830} INFO - Processing file /Users/pablofrancoherrero/prueba_tecnica/venv/lib/python3.11/site-packages/airflow/example_dags/example_external_task_marker_dag.py for tasks to queue
[2026-04-28T21:10:35.507+0200] {logging_mixin.py:188} INFO - [2026-04-28T21:10:35.507+0200] {dagbag.py:540} INFO - Filling up the DagBag from /Users/pablofrancoherrero/prueba_tecnica/venv/lib/python3.11/site-packages/airflow/example_dags/example_external_task_marker_dag.py
[2026-04-28T21:10:35.510+0200] {processor.py:840} INFO - DAG(s) 'example_external_task_marker_parent', 'example_external_task_marker_child' retrieved from /Users/pablofrancoherrero/prueba_tecnica/venv/lib/python3.11/site-packages/airflow/example_dags/example_external_task_marker_dag.py
[2026-04-28T21:10:35.539+0200] {logging_mixin.py:188} INFO - [2026-04-28T21:10:35.538+0200] {dag.py:3096} INFO - Sync 2 DAGs
[2026-04-28T21:10:35.541+0200] {logging_mixin.py:188} INFO - [2026-04-28T21:10:35.541+0200] {dag.py:3954} INFO - Setting next_dagrun for example_external_task_marker_child to None, run_after=None
[2026-04-28T21:10:35.542+0200] {logging_mixin.py:188} INFO - [2026-04-28T21:10:35.542+0200] {dag.py:3954} INFO - Setting next_dagrun for example_external_task_marker_parent to None, run_after=None
[2026-04-28T21:10:35.547+0200] {processor.py:183} INFO - Processing /Users/pablofrancoherrero/prueba_tecnica/venv/lib/python3.11/site-packages/airflow/example_dags/example_external_task_marker_dag.py took 0.041 seconds
[2026-04-28T21:14:03.795+0200] {processor.py:161} INFO - Started process (PID=60453) to work on /Users/pablofrancoherrero/prueba_tecnica/venv/lib/python3.11/site-packages/airflow/example_dags/example_external_task_marker_dag.py
[2026-04-28T21:14:03.796+0200] {processor.py:830} INFO - Processing file /Users/pablofrancoherrero/prueba_tecnica/venv/lib/python3.11/site-packages/airflow/example_dags/example_external_task_marker_dag.py for tasks to queue
[2026-04-28T21:14:03.796+0200] {logging_mixin.py:188} INFO - [2026-04-28T21:14:03.796+0200] {dagbag.py:540} INFO - Filling up the DagBag from /Users/pablofrancoherrero/prueba_tecnica/venv/lib/python3.11/site-packages/airflow/example_dags/example_external_task_marker_dag.py
[2026-04-28T21:14:03.800+0200] {processor.py:840} INFO - DAG(s) 'example_external_task_marker_child', 'example_external_task_marker_parent' retrieved from /Users/pablofrancoherrero/prueba_tecnica/venv/lib/python3.11/site-packages/airflow/example_dags/example_external_task_marker_dag.py
[2026-04-28T21:14:03.826+0200] {logging_mixin.py:188} INFO - [2026-04-28T21:14:03.826+0200] {dag.py:3096} INFO - Sync 2 DAGs
[2026-04-28T21:14:03.829+0200] {logging_mixin.py:188} INFO - [2026-04-28T21:14:03.829+0200] {dag.py:3954} INFO - Setting next_dagrun for example_external_task_marker_child to None, run_after=None
[2026-04-28T21:14:03.830+0200] {logging_mixin.py:188} INFO - [2026-04-28T21:14:03.830+0200] {dag.py:3954} INFO - Setting next_dagrun for example_external_task_marker_parent to None, run_after=None
[2026-04-28T21:14:03.834+0200] {processor.py:183} INFO - Processing /Users/pablofrancoherrero/prueba_tecnica/venv/lib/python3.11/site-packages/airflow/example_dags/example_external_task_marker_dag.py took 0.040 seconds
[2026-04-28T21:20:26.378+0200] {processor.py:161} INFO - Started process (PID=60631) to work on /Users/pablofrancoherrero/prueba_tecnica/venv/lib/python3.11/site-packages/airflow/example_dags/example_external_task_marker_dag.py
[2026-04-28T21:20:26.379+0200] {processor.py:830} INFO - Processing file /Users/pablofrancoherrero/prueba_tecnica/venv/lib/python3.11/site-packages/airflow/example_dags/example_external_task_marker_dag.py for tasks to queue
[2026-04-28T21:20:26.379+0200] {logging_mixin.py:188} INFO - [2026-04-28T21:20:26.379+0200] {dagbag.py:540} INFO - Filling up the DagBag from /Users/pablofrancoherrero/prueba_tecnica/venv/lib/python3.11/site-packages/airflow/example_dags/example_external_task_marker_dag.py
[2026-04-28T21:20:26.383+0200] {processor.py:840} INFO - DAG(s) 'example_external_task_marker_parent', 'example_external_task_marker_child' retrieved from /Users/pablofrancoherrero/prueba_tecnica/venv/lib/python3.11/site-packages/airflow/example_dags/example_external_task_marker_dag.py
[2026-04-28T21:20:26.409+0200] {logging_mixin.py:188} INFO - [2026-04-28T21:20:26.409+0200] {dag.py:3096} INFO - Sync 2 DAGs
[2026-04-28T21:20:26.412+0200] {logging_mixin.py:188} INFO - [2026-04-28T21:20:26.412+0200] {dag.py:3954} INFO - Setting next_dagrun for example_external_task_marker_child to None, run_after=None
[2026-04-28T21:20:26.413+0200] {logging_mixin.py:188} INFO - [2026-04-28T21:20:26.413+0200] {dag.py:3954} INFO - Setting next_dagrun for example_external_task_marker_parent to None, run_after=None
[2026-04-28T21:20:26.417+0200] {processor.py:183} INFO - Processing /Users/pablofrancoherrero/prueba_tecnica/venv/lib/python3.11/site-packages/airflow/example_dags/example_external_task_marker_dag.py took 0.040 seconds
[2026-04-28T21:22:16.744+0200] {processor.py:161} INFO - Started process (PID=60759) to work on /Users/pablofrancoherrero/prueba_tecnica/venv/lib/python3.11/site-packages/airflow/example_dags/example_external_task_marker_dag.py
[2026-04-28T21:22:16.745+0200] {processor.py:830} INFO - Processing file /Users/pablofrancoherrero/prueba_tecnica/venv/lib/python3.11/site-packages/airflow/example_dags/example_external_task_marker_dag.py for tasks to queue
[2026-04-28T21:22:16.745+0200] {logging_mixin.py:188} INFO - [2026-04-28T21:22:16.745+0200] {dagbag.py:540} INFO - Filling up the DagBag from /Users/pablofrancoherrero/prueba_tecnica/venv/lib/python3.11/site-packages/airflow/example_dags/example_external_task_marker_dag.py
[2026-04-28T21:22:16.749+0200] {processor.py:840} INFO - DAG(s) 'example_external_task_marker_parent', 'example_external_task_marker_child' retrieved from /Users/pablofrancoherrero/prueba_tecnica/venv/lib/python3.11/site-packages/airflow/example_dags/example_external_task_marker_dag.py
[2026-04-28T21:22:16.777+0200] {logging_mixin.py:188} INFO - [2026-04-28T21:22:16.777+0200] {dag.py:3096} INFO - Sync 2 DAGs
[2026-04-28T21:22:16.779+0200] {logging_mixin.py:188} INFO - [2026-04-28T21:22:16.779+0200] {dag.py:3954} INFO - Setting next_dagrun for example_external_task_marker_child to None, run_after=None
[2026-04-28T21:22:16.780+0200] {logging_mixin.py:188} INFO - [2026-04-28T21:22:16.780+0200] {dag.py:3954} INFO - Setting next_dagrun for example_external_task_marker_parent to None, run_after=None
[2026-04-28T21:22:16.785+0200] {processor.py:183} INFO - Processing /Users/pablofrancoherrero/prueba_tecnica/venv/lib/python3.11/site-packages/airflow/example_dags/example_external_task_marker_dag.py took 0.041 seconds
[2026-04-28T21:26:46.024+0200] {processor.py:161} INFO - Started process (PID=60882) to work on /Users/pablofrancoherrero/prueba_tecnica/venv/lib/python3.11/site-packages/airflow/example_dags/example_external_task_marker_dag.py
[2026-04-28T21:26:46.025+0200] {processor.py:830} INFO - Processing file /Users/pablofrancoherrero/prueba_tecnica/venv/lib/python3.11/site-packages/airflow/example_dags/example_external_task_marker_dag.py for tasks to queue
[2026-04-28T21:26:46.026+0200] {logging_mixin.py:188} INFO - [2026-04-28T21:26:46.026+0200] {dagbag.py:540} INFO - Filling up the DagBag from /Users/pablofrancoherrero/prueba_tecnica/venv/lib/python3.11/site-packages/airflow/example_dags/example_external_task_marker_dag.py
[2026-04-28T21:26:46.029+0200] {processor.py:840} INFO - DAG(s) 'example_external_task_marker_parent', 'example_external_task_marker_child' retrieved from /Users/pablofrancoherrero/prueba_tecnica/venv/lib/python3.11/site-packages/airflow/example_dags/example_external_task_marker_dag.py
[2026-04-28T21:26:46.056+0200] {logging_mixin.py:188} INFO - [2026-04-28T21:26:46.056+0200] {dag.py:3096} INFO - Sync 2 DAGs
[2026-04-28T21:26:46.059+0200] {logging_mixin.py:188} INFO - [2026-04-28T21:26:46.059+0200] {dag.py:3954} INFO - Setting next_dagrun for example_external_task_marker_child to None, run_after=None
[2026-04-28T21:26:46.060+0200] {logging_mixin.py:188} INFO - [2026-04-28T21:26:46.060+0200] {dag.py:3954} INFO - Setting next_dagrun for example_external_task_marker_parent to None, run_after=None
[2026-04-28T21:26:46.064+0200] {processor.py:183} INFO - Processing /Users/pablofrancoherrero/prueba_tecnica/venv/lib/python3.11/site-packages/airflow/example_dags/example_external_task_marker_dag.py took 0.041 seconds
[2026-04-28T21:32:06.642+0200] {processor.py:161} INFO - Started process (PID=61041) to work on /Users/pablofrancoherrero/prueba_tecnica/venv/lib/python3.11/site-packages/airflow/example_dags/example_external_task_marker_dag.py
[2026-04-28T21:32:06.643+0200] {processor.py:830} INFO - Processing file /Users/pablofrancoherrero/prueba_tecnica/venv/lib/python3.11/site-packages/airflow/example_dags/example_external_task_marker_dag.py for tasks to queue
[2026-04-28T21:32:06.643+0200] {logging_mixin.py:188} INFO - [2026-04-28T21:32:06.643+0200] {dagbag.py:540} INFO - Filling up the DagBag from /Users/pablofrancoherrero/prueba_tecnica/venv/lib/python3.11/site-packages/airflow/example_dags/example_external_task_marker_dag.py
[2026-04-28T21:32:06.648+0200] {processor.py:840} INFO - DAG(s) 'example_external_task_marker_child', 'example_external_task_marker_parent' retrieved from /Users/pablofrancoherrero/prueba_tecnica/venv/lib/python3.11/site-packages/airflow/example_dags/example_external_task_marker_dag.py
[2026-04-28T21:32:06.680+0200] {logging_mixin.py:188} INFO - [2026-04-28T21:32:06.680+0200] {dag.py:3096} INFO - Sync 2 DAGs
[2026-04-28T21:32:06.688+0200] {logging_mixin.py:188} INFO - [2026-04-28T21:32:06.688+0200] {dag.py:3954} INFO - Setting next_dagrun for example_external_task_marker_child to None, run_after=None
[2026-04-28T21:32:06.689+0200] {logging_mixin.py:188} INFO - [2026-04-28T21:32:06.689+0200] {dag.py:3954} INFO - Setting next_dagrun for example_external_task_marker_parent to None, run_after=None
[2026-04-28T21:32:06.700+0200] {processor.py:183} INFO - Processing /Users/pablofrancoherrero/prueba_tecnica/venv/lib/python3.11/site-packages/airflow/example_dags/example_external_task_marker_dag.py took 0.059 seconds
[2026-04-28T21:46:16.220+0200] {processor.py:161} INFO - Started process (PID=61183) to work on /Users/pablofrancoherrero/prueba_tecnica/venv/lib/python3.11/site-packages/airflow/example_dags/example_external_task_marker_dag.py
[2026-04-28T21:46:16.220+0200] {processor.py:830} INFO - Processing file /Users/pablofrancoherrero/prueba_tecnica/venv/lib/python3.11/site-packages/airflow/example_dags/example_external_task_marker_dag.py for tasks to queue
[2026-04-28T21:46:16.220+0200] {logging_mixin.py:188} INFO - [2026-04-28T21:46:16.220+0200] {dagbag.py:540} INFO - Filling up the DagBag from /Users/pablofrancoherrero/prueba_tecnica/venv/lib/python3.11/site-packages/airflow/example_dags/example_external_task_marker_dag.py
[2026-04-28T21:46:16.224+0200] {processor.py:840} INFO - DAG(s) 'example_external_task_marker_child', 'example_external_task_marker_parent' retrieved from /Users/pablofrancoherrero/prueba_tecnica/venv/lib/python3.11/site-packages/airflow/example_dags/example_external_task_marker_dag.py
[2026-04-28T21:46:16.251+0200] {logging_mixin.py:188} INFO - [2026-04-28T21:46:16.251+0200] {dag.py:3096} INFO - Sync 2 DAGs
[2026-04-28T21:46:16.254+0200] {logging_mixin.py:188} INFO - [2026-04-28T21:46:16.254+0200] {dag.py:3954} INFO - Setting next_dagrun for example_external_task_marker_child to None, run_after=None
[2026-04-28T21:46:16.255+0200] {logging_mixin.py:188} INFO - [2026-04-28T21:46:16.255+0200] {dag.py:3954} INFO - Setting next_dagrun for example_external_task_marker_parent to None, run_after=None
[2026-04-28T21:46:16.259+0200] {processor.py:183} INFO - Processing /Users/pablofrancoherrero/prueba_tecnica/venv/lib/python3.11/site-packages/airflow/example_dags/example_external_task_marker_dag.py took 0.040 seconds
[2026-04-28T21:47:45.365+0200] {processor.py:161} INFO - Started process (PID=61366) to work on /Users/pablofrancoherrero/prueba_tecnica/venv/lib/python3.11/site-packages/airflow/example_dags/example_external_task_marker_dag.py
[2026-04-28T21:47:45.366+0200] {processor.py:830} INFO - Processing file /Users/pablofrancoherrero/prueba_tecnica/venv/lib/python3.11/site-packages/airflow/example_dags/example_external_task_marker_dag.py for tasks to queue
[2026-04-28T21:47:45.366+0200] {logging_mixin.py:188} INFO - [2026-04-28T21:47:45.366+0200] {dagbag.py:540} INFO - Filling up the DagBag from /Users/pablofrancoherrero/prueba_tecnica/venv/lib/python3.11/site-packages/airflow/example_dags/example_external_task_marker_dag.py
[2026-04-28T21:47:45.370+0200] {processor.py:840} INFO - DAG(s) 'example_external_task_marker_child', 'example_external_task_marker_parent' retrieved from /Users/pablofrancoherrero/prueba_tecnica/venv/lib/python3.11/site-packages/airflow/example_dags/example_external_task_marker_dag.py
[2026-04-28T21:47:45.397+0200] {logging_mixin.py:188} INFO - [2026-04-28T21:47:45.396+0200] {dag.py:3096} INFO - Sync 2 DAGs
[2026-04-28T21:47:45.399+0200] {logging_mixin.py:188} INFO - [2026-04-28T21:47:45.399+0200] {dag.py:3954} INFO - Setting next_dagrun for example_external_task_marker_child to None, run_after=None
[2026-04-28T21:47:45.400+0200] {logging_mixin.py:188} INFO - [2026-04-28T21:47:45.400+0200] {dag.py:3954} INFO - Setting next_dagrun for example_external_task_marker_parent to None, run_after=None
[2026-04-28T21:47:45.405+0200] {processor.py:183} INFO - Processing /Users/pablofrancoherrero/prueba_tecnica/venv/lib/python3.11/site-packages/airflow/example_dags/example_external_task_marker_dag.py took 0.040 seconds
[2026-04-28T21:51:46.825+0200] {processor.py:161} INFO - Started process (PID=61488) to work on /Users/pablofrancoherrero/prueba_tecnica/venv/lib/python3.11/site-packages/airflow/example_dags/example_external_task_marker_dag.py
[2026-04-28T21:51:46.826+0200] {processor.py:830} INFO - Processing file /Users/pablofrancoherrero/prueba_tecnica/venv/lib/python3.11/site-packages/airflow/example_dags/example_external_task_marker_dag.py for tasks to queue
[2026-04-28T21:51:46.826+0200] {logging_mixin.py:188} INFO - [2026-04-28T21:51:46.826+0200] {dagbag.py:540} INFO - Filling up the DagBag from /Users/pablofrancoherrero/prueba_tecnica/venv/lib/python3.11/site-packages/airflow/example_dags/example_external_task_marker_dag.py
[2026-04-28T21:51:46.830+0200] {processor.py:840} INFO - DAG(s) 'example_external_task_marker_parent', 'example_external_task_marker_child' retrieved from /Users/pablofrancoherrero/prueba_tecnica/venv/lib/python3.11/site-packages/airflow/example_dags/example_external_task_marker_dag.py
[2026-04-28T21:51:46.856+0200] {logging_mixin.py:188} INFO - [2026-04-28T21:51:46.856+0200] {dag.py:3096} INFO - Sync 2 DAGs
[2026-04-28T21:51:46.858+0200] {logging_mixin.py:188} INFO - [2026-04-28T21:51:46.858+0200] {dag.py:3954} INFO - Setting next_dagrun for example_external_task_marker_child to None, run_after=None
[2026-04-28T21:51:46.859+0200] {logging_mixin.py:188} INFO - [2026-04-28T21:51:46.859+0200] {dag.py:3954} INFO - Setting next_dagrun for example_external_task_marker_parent to None, run_after=None
[2026-04-28T21:51:46.864+0200] {processor.py:183} INFO - Processing /Users/pablofrancoherrero/prueba_tecnica/venv/lib/python3.11/site-packages/airflow/example_dags/example_external_task_marker_dag.py took 0.039 seconds
[2026-04-28T21:54:28.420+0200] {processor.py:161} INFO - Started process (PID=61618) to work on /Users/pablofrancoherrero/prueba_tecnica/venv/lib/python3.11/site-packages/airflow/example_dags/example_external_task_marker_dag.py
[2026-04-28T21:54:28.421+0200] {processor.py:830} INFO - Processing file /Users/pablofrancoherrero/prueba_tecnica/venv/lib/python3.11/site-packages/airflow/example_dags/example_external_task_marker_dag.py for tasks to queue
[2026-04-28T21:54:28.421+0200] {logging_mixin.py:188} INFO - [2026-04-28T21:54:28.421+0200] {dagbag.py:540} INFO - Filling up the DagBag from /Users/pablofrancoherrero/prueba_tecnica/venv/lib/python3.11/site-packages/airflow/example_dags/example_external_task_marker_dag.py
[2026-04-28T21:54:28.425+0200] {processor.py:840} INFO - DAG(s) 'example_external_task_marker_child', 'example_external_task_marker_parent' retrieved from /Users/pablofrancoherrero/prueba_tecnica/venv/lib/python3.11/site-packages/airflow/example_dags/example_external_task_marker_dag.py
[2026-04-28T21:54:28.452+0200] {logging_mixin.py:188} INFO - [2026-04-28T21:54:28.452+0200] {dag.py:3096} INFO - Sync 2 DAGs
[2026-04-28T21:54:28.455+0200] {logging_mixin.py:188} INFO - [2026-04-28T21:54:28.455+0200] {dag.py:3954} INFO - Setting next_dagrun for example_external_task_marker_child to None, run_after=None
[2026-04-28T21:54:28.455+0200] {logging_mixin.py:188} INFO - [2026-04-28T21:54:28.455+0200] {dag.py:3954} INFO - Setting next_dagrun for example_external_task_marker_parent to None, run_after=None
[2026-04-28T21:54:28.460+0200] {processor.py:183} INFO - Processing /Users/pablofrancoherrero/prueba_tecnica/venv/lib/python3.11/site-packages/airflow/example_dags/example_external_task_marker_dag.py took 0.041 seconds
[2026-04-28T21:56:55.925+0200] {processor.py:161} INFO - Started process (PID=61734) to work on /Users/pablofrancoherrero/prueba_tecnica/venv/lib/python3.11/site-packages/airflow/example_dags/example_external_task_marker_dag.py
[2026-04-28T21:56:55.926+0200] {processor.py:830} INFO - Processing file /Users/pablofrancoherrero/prueba_tecnica/venv/lib/python3.11/site-packages/airflow/example_dags/example_external_task_marker_dag.py for tasks to queue
[2026-04-28T21:56:55.927+0200] {logging_mixin.py:188} INFO - [2026-04-28T21:56:55.927+0200] {dagbag.py:540} INFO - Filling up the DagBag from /Users/pablofrancoherrero/prueba_tecnica/venv/lib/python3.11/site-packages/airflow/example_dags/example_external_task_marker_dag.py
[2026-04-28T21:56:55.931+0200] {processor.py:840} INFO - DAG(s) 'example_external_task_marker_child', 'example_external_task_marker_parent' retrieved from /Users/pablofrancoherrero/prueba_tecnica/venv/lib/python3.11/site-packages/airflow/example_dags/example_external_task_marker_dag.py
[2026-04-28T21:56:55.958+0200] {logging_mixin.py:188} INFO - [2026-04-28T21:56:55.958+0200] {dag.py:3096} INFO - Sync 2 DAGs
[2026-04-28T21:56:55.960+0200] {logging_mixin.py:188} INFO - [2026-04-28T21:56:55.960+0200] {dag.py:3954} INFO - Setting next_dagrun for example_external_task_marker_child to None, run_after=None
[2026-04-28T21:56:55.961+0200] {logging_mixin.py:188} INFO - [2026-04-28T21:56:55.961+0200] {dag.py:3954} INFO - Setting next_dagrun for example_external_task_marker_parent to None, run_after=None
[2026-04-28T21:56:55.966+0200] {processor.py:183} INFO - Processing /Users/pablofrancoherrero/prueba_tecnica/venv/lib/python3.11/site-packages/airflow/example_dags/example_external_task_marker_dag.py took 0.041 seconds
[2026-04-28T21:59:14.191+0200] {processor.py:161} INFO - Started process (PID=61866) to work on /Users/pablofrancoherrero/prueba_tecnica/venv/lib/python3.11/site-packages/airflow/example_dags/example_external_task_marker_dag.py
[2026-04-28T21:59:14.192+0200] {processor.py:830} INFO - Processing file /Users/pablofrancoherrero/prueba_tecnica/venv/lib/python3.11/site-packages/airflow/example_dags/example_external_task_marker_dag.py for tasks to queue
[2026-04-28T21:59:14.192+0200] {logging_mixin.py:188} INFO - [2026-04-28T21:59:14.192+0200] {dagbag.py:540} INFO - Filling up the DagBag from /Users/pablofrancoherrero/prueba_tecnica/venv/lib/python3.11/site-packages/airflow/example_dags/example_external_task_marker_dag.py
[2026-04-28T21:59:14.196+0200] {processor.py:840} INFO - DAG(s) 'example_external_task_marker_child', 'example_external_task_marker_parent' retrieved from /Users/pablofrancoherrero/prueba_tecnica/venv/lib/python3.11/site-packages/airflow/example_dags/example_external_task_marker_dag.py
[2026-04-28T21:59:14.223+0200] {logging_mixin.py:188} INFO - [2026-04-28T21:59:14.222+0200] {dag.py:3096} INFO - Sync 2 DAGs
[2026-04-28T21:59:14.225+0200] {logging_mixin.py:188} INFO - [2026-04-28T21:59:14.225+0200] {dag.py:3954} INFO - Setting next_dagrun for example_external_task_marker_child to None, run_after=None
[2026-04-28T21:59:14.226+0200] {logging_mixin.py:188} INFO - [2026-04-28T21:59:14.226+0200] {dag.py:3954} INFO - Setting next_dagrun for example_external_task_marker_parent to None, run_after=None
[2026-04-28T21:59:14.230+0200] {processor.py:183} INFO - Processing /Users/pablofrancoherrero/prueba_tecnica/venv/lib/python3.11/site-packages/airflow/example_dags/example_external_task_marker_dag.py took 0.040 seconds
[2026-04-28T22:04:11.133+0200] {processor.py:161} INFO - Started process (PID=62002) to work on /Users/pablofrancoherrero/prueba_tecnica/venv/lib/python3.11/site-packages/airflow/example_dags/example_external_task_marker_dag.py
[2026-04-28T22:04:11.134+0200] {processor.py:830} INFO - Processing file /Users/pablofrancoherrero/prueba_tecnica/venv/lib/python3.11/site-packages/airflow/example_dags/example_external_task_marker_dag.py for tasks to queue
[2026-04-28T22:04:11.134+0200] {logging_mixin.py:188} INFO - [2026-04-28T22:04:11.134+0200] {dagbag.py:540} INFO - Filling up the DagBag from /Users/pablofrancoherrero/prueba_tecnica/venv/lib/python3.11/site-packages/airflow/example_dags/example_external_task_marker_dag.py
[2026-04-28T22:04:11.138+0200] {processor.py:840} INFO - DAG(s) 'example_external_task_marker_child', 'example_external_task_marker_parent' retrieved from /Users/pablofrancoherrero/prueba_tecnica/venv/lib/python3.11/site-packages/airflow/example_dags/example_external_task_marker_dag.py
[2026-04-28T22:04:11.165+0200] {logging_mixin.py:188} INFO - [2026-04-28T22:04:11.164+0200] {dag.py:3096} INFO - Sync 2 DAGs
[2026-04-28T22:04:11.167+0200] {logging_mixin.py:188} INFO - [2026-04-28T22:04:11.167+0200] {dag.py:3954} INFO - Setting next_dagrun for example_external_task_marker_child to None, run_after=None
[2026-04-28T22:04:11.168+0200] {logging_mixin.py:188} INFO - [2026-04-28T22:04:11.168+0200] {dag.py:3954} INFO - Setting next_dagrun for example_external_task_marker_parent to None, run_after=None
[2026-04-28T22:04:11.172+0200] {processor.py:183} INFO - Processing /Users/pablofrancoherrero/prueba_tecnica/venv/lib/python3.11/site-packages/airflow/example_dags/example_external_task_marker_dag.py took 0.040 seconds
[2026-04-28T22:06:36.809+0200] {processor.py:161} INFO - Started process (PID=62108) to work on /Users/pablofrancoherrero/prueba_tecnica/venv/lib/python3.11/site-packages/airflow/example_dags/example_external_task_marker_dag.py
[2026-04-28T22:06:36.810+0200] {processor.py:830} INFO - Processing file /Users/pablofrancoherrero/prueba_tecnica/venv/lib/python3.11/site-packages/airflow/example_dags/example_external_task_marker_dag.py for tasks to queue
[2026-04-28T22:06:36.811+0200] {logging_mixin.py:188} INFO - [2026-04-28T22:06:36.811+0200] {dagbag.py:540} INFO - Filling up the DagBag from /Users/pablofrancoherrero/prueba_tecnica/venv/lib/python3.11/site-packages/airflow/example_dags/example_external_task_marker_dag.py
[2026-04-28T22:06:36.815+0200] {processor.py:840} INFO - DAG(s) 'example_external_task_marker_parent', 'example_external_task_marker_child' retrieved from /Users/pablofrancoherrero/prueba_tecnica/venv/lib/python3.11/site-packages/airflow/example_dags/example_external_task_marker_dag.py
[2026-04-28T22:06:36.841+0200] {logging_mixin.py:188} INFO - [2026-04-28T22:06:36.841+0200] {dag.py:3096} INFO - Sync 2 DAGs
[2026-04-28T22:06:36.844+0200] {logging_mixin.py:188} INFO - [2026-04-28T22:06:36.844+0200] {dag.py:3954} INFO - Setting next_dagrun for example_external_task_marker_child to None, run_after=None
[2026-04-28T22:06:36.844+0200] {logging_mixin.py:188} INFO - [2026-04-28T22:06:36.844+0200] {dag.py:3954} INFO - Setting next_dagrun for example_external_task_marker_parent to None, run_after=None
[2026-04-28T22:06:36.849+0200] {processor.py:183} INFO - Processing /Users/pablofrancoherrero/prueba_tecnica/venv/lib/python3.11/site-packages/airflow/example_dags/example_external_task_marker_dag.py took 0.040 seconds
[2026-04-28T22:42:51.551+0200] {processor.py:161} INFO - Started process (PID=62283) to work on /Users/pablofrancoherrero/prueba_tecnica/venv/lib/python3.11/site-packages/airflow/example_dags/example_external_task_marker_dag.py
[2026-04-28T22:42:51.551+0200] {processor.py:830} INFO - Processing file /Users/pablofrancoherrero/prueba_tecnica/venv/lib/python3.11/site-packages/airflow/example_dags/example_external_task_marker_dag.py for tasks to queue
[2026-04-28T22:42:51.552+0200] {logging_mixin.py:188} INFO - [2026-04-28T22:42:51.552+0200] {dagbag.py:540} INFO - Filling up the DagBag from /Users/pablofrancoherrero/prueba_tecnica/venv/lib/python3.11/site-packages/airflow/example_dags/example_external_task_marker_dag.py
[2026-04-28T22:42:51.555+0200] {processor.py:840} INFO - DAG(s) 'example_external_task_marker_parent', 'example_external_task_marker_child' retrieved from /Users/pablofrancoherrero/prueba_tecnica/venv/lib/python3.11/site-packages/airflow/example_dags/example_external_task_marker_dag.py
[2026-04-28T22:42:51.582+0200] {logging_mixin.py:188} INFO - [2026-04-28T22:42:51.582+0200] {dag.py:3096} INFO - Sync 2 DAGs
[2026-04-28T22:42:51.585+0200] {logging_mixin.py:188} INFO - [2026-04-28T22:42:51.585+0200] {dag.py:3954} INFO - Setting next_dagrun for example_external_task_marker_child to None, run_after=None
[2026-04-28T22:42:51.585+0200] {logging_mixin.py:188} INFO - [2026-04-28T22:42:51.585+0200] {dag.py:3954} INFO - Setting next_dagrun for example_external_task_marker_parent to None, run_after=None
[2026-04-28T22:42:51.590+0200] {processor.py:183} INFO - Processing /Users/pablofrancoherrero/prueba_tecnica/venv/lib/python3.11/site-packages/airflow/example_dags/example_external_task_marker_dag.py took 0.040 seconds
[2026-04-28T23:16:21.375+0200] {processor.py:161} INFO - Started process (PID=62543) to work on /Users/pablofrancoherrero/prueba_tecnica/venv/lib/python3.11/site-packages/airflow/example_dags/example_external_task_marker_dag.py
[2026-04-28T23:16:21.376+0200] {processor.py:830} INFO - Processing file /Users/pablofrancoherrero/prueba_tecnica/venv/lib/python3.11/site-packages/airflow/example_dags/example_external_task_marker_dag.py for tasks to queue
[2026-04-28T23:16:21.376+0200] {logging_mixin.py:188} INFO - [2026-04-28T23:16:21.376+0200] {dagbag.py:540} INFO - Filling up the DagBag from /Users/pablofrancoherrero/prueba_tecnica/venv/lib/python3.11/site-packages/airflow/example_dags/example_external_task_marker_dag.py
[2026-04-28T23:16:21.380+0200] {processor.py:840} INFO - DAG(s) 'example_external_task_marker_child', 'example_external_task_marker_parent' retrieved from /Users/pablofrancoherrero/prueba_tecnica/venv/lib/python3.11/site-packages/airflow/example_dags/example_external_task_marker_dag.py
[2026-04-28T23:16:21.407+0200] {logging_mixin.py:188} INFO - [2026-04-28T23:16:21.407+0200] {dag.py:3096} INFO - Sync 2 DAGs
[2026-04-28T23:16:21.409+0200] {logging_mixin.py:188} INFO - [2026-04-28T23:16:21.409+0200] {dag.py:3954} INFO - Setting next_dagrun for example_external_task_marker_child to None, run_after=None
[2026-04-28T23:16:21.410+0200] {logging_mixin.py:188} INFO - [2026-04-28T23:16:21.410+0200] {dag.py:3954} INFO - Setting next_dagrun for example_external_task_marker_parent to None, run_after=None
[2026-04-28T23:16:21.415+0200] {processor.py:183} INFO - Processing /Users/pablofrancoherrero/prueba_tecnica/venv/lib/python3.11/site-packages/airflow/example_dags/example_external_task_marker_dag.py took 0.040 seconds
[2026-04-28T23:17:51.016+0200] {processor.py:161} INFO - Started process (PID=62686) to work on /Users/pablofrancoherrero/prueba_tecnica/venv/lib/python3.11/site-packages/airflow/example_dags/example_external_task_marker_dag.py
[2026-04-28T23:17:51.016+0200] {processor.py:830} INFO - Processing file /Users/pablofrancoherrero/prueba_tecnica/venv/lib/python3.11/site-packages/airflow/example_dags/example_external_task_marker_dag.py for tasks to queue
[2026-04-28T23:17:51.016+0200] {logging_mixin.py:188} INFO - [2026-04-28T23:17:51.016+0200] {dagbag.py:540} INFO - Filling up the DagBag from /Users/pablofrancoherrero/prueba_tecnica/venv/lib/python3.11/site-packages/airflow/example_dags/example_external_task_marker_dag.py
[2026-04-28T23:17:51.020+0200] {processor.py:840} INFO - DAG(s) 'example_external_task_marker_child', 'example_external_task_marker_parent' retrieved from /Users/pablofrancoherrero/prueba_tecnica/venv/lib/python3.11/site-packages/airflow/example_dags/example_external_task_marker_dag.py
[2026-04-28T23:17:51.048+0200] {logging_mixin.py:188} INFO - [2026-04-28T23:17:51.048+0200] {dag.py:3096} INFO - Sync 2 DAGs
[2026-04-28T23:17:51.050+0200] {logging_mixin.py:188} INFO - [2026-04-28T23:17:51.050+0200] {dag.py:3954} INFO - Setting next_dagrun for example_external_task_marker_child to None, run_after=None
[2026-04-28T23:17:51.051+0200] {logging_mixin.py:188} INFO - [2026-04-28T23:17:51.051+0200] {dag.py:3954} INFO - Setting next_dagrun for example_external_task_marker_parent to None, run_after=None
[2026-04-28T23:17:51.055+0200] {processor.py:183} INFO - Processing /Users/pablofrancoherrero/prueba_tecnica/venv/lib/python3.11/site-packages/airflow/example_dags/example_external_task_marker_dag.py took 0.041 seconds
[2026-04-28T23:19:11.868+0200] {processor.py:161} INFO - Started process (PID=62774) to work on /Users/pablofrancoherrero/prueba_tecnica/venv/lib/python3.11/site-packages/airflow/example_dags/example_external_task_marker_dag.py
[2026-04-28T23:19:11.869+0200] {processor.py:830} INFO - Processing file /Users/pablofrancoherrero/prueba_tecnica/venv/lib/python3.11/site-packages/airflow/example_dags/example_external_task_marker_dag.py for tasks to queue
[2026-04-28T23:19:11.869+0200] {logging_mixin.py:188} INFO - [2026-04-28T23:19:11.869+0200] {dagbag.py:540} INFO - Filling up the DagBag from /Users/pablofrancoherrero/prueba_tecnica/venv/lib/python3.11/site-packages/airflow/example_dags/example_external_task_marker_dag.py
[2026-04-28T23:19:11.873+0200] {processor.py:840} INFO - DAG(s) 'example_external_task_marker_child', 'example_external_task_marker_parent' retrieved from /Users/pablofrancoherrero/prueba_tecnica/venv/lib/python3.11/site-packages/airflow/example_dags/example_external_task_marker_dag.py
[2026-04-28T23:19:11.899+0200] {logging_mixin.py:188} INFO - [2026-04-28T23:19:11.899+0200] {dag.py:3096} INFO - Sync 2 DAGs
[2026-04-28T23:19:11.902+0200] {logging_mixin.py:188} INFO - [2026-04-28T23:19:11.902+0200] {dag.py:3954} INFO - Setting next_dagrun for example_external_task_marker_child to None, run_after=None
[2026-04-28T23:19:11.903+0200] {logging_mixin.py:188} INFO - [2026-04-28T23:19:11.903+0200] {dag.py:3954} INFO - Setting next_dagrun for example_external_task_marker_parent to None, run_after=None
[2026-04-28T23:19:11.907+0200] {processor.py:183} INFO - Processing /Users/pablofrancoherrero/prueba_tecnica/venv/lib/python3.11/site-packages/airflow/example_dags/example_external_task_marker_dag.py took 0.040 seconds
[2026-04-28T23:20:30.778+0200] {processor.py:161} INFO - Started process (PID=62862) to work on /Users/pablofrancoherrero/prueba_tecnica/venv/lib/python3.11/site-packages/airflow/example_dags/example_external_task_marker_dag.py
[2026-04-28T23:20:30.780+0200] {processor.py:830} INFO - Processing file /Users/pablofrancoherrero/prueba_tecnica/venv/lib/python3.11/site-packages/airflow/example_dags/example_external_task_marker_dag.py for tasks to queue
[2026-04-28T23:20:30.780+0200] {logging_mixin.py:188} INFO - [2026-04-28T23:20:30.780+0200] {dagbag.py:540} INFO - Filling up the DagBag from /Users/pablofrancoherrero/prueba_tecnica/venv/lib/python3.11/site-packages/airflow/example_dags/example_external_task_marker_dag.py
[2026-04-28T23:20:30.783+0200] {processor.py:840} INFO - DAG(s) 'example_external_task_marker_child', 'example_external_task_marker_parent' retrieved from /Users/pablofrancoherrero/prueba_tecnica/venv/lib/python3.11/site-packages/airflow/example_dags/example_external_task_marker_dag.py
[2026-04-28T23:20:30.810+0200] {logging_mixin.py:188} INFO - [2026-04-28T23:20:30.810+0200] {dag.py:3096} INFO - Sync 2 DAGs
[2026-04-28T23:20:30.812+0200] {logging_mixin.py:188} INFO - [2026-04-28T23:20:30.812+0200] {dag.py:3954} INFO - Setting next_dagrun for example_external_task_marker_child to None, run_after=None
[2026-04-28T23:20:30.813+0200] {logging_mixin.py:188} INFO - [2026-04-28T23:20:30.813+0200] {dag.py:3954} INFO - Setting next_dagrun for example_external_task_marker_parent to None, run_after=None
[2026-04-28T23:20:30.818+0200] {processor.py:183} INFO - Processing /Users/pablofrancoherrero/prueba_tecnica/venv/lib/python3.11/site-packages/airflow/example_dags/example_external_task_marker_dag.py took 0.040 seconds
[2026-04-28T23:21:50.072+0200] {processor.py:161} INFO - Started process (PID=62955) to work on /Users/pablofrancoherrero/prueba_tecnica/venv/lib/python3.11/site-packages/airflow/example_dags/example_external_task_marker_dag.py
[2026-04-28T23:21:50.073+0200] {processor.py:830} INFO - Processing file /Users/pablofrancoherrero/prueba_tecnica/venv/lib/python3.11/site-packages/airflow/example_dags/example_external_task_marker_dag.py for tasks to queue
[2026-04-28T23:21:50.074+0200] {logging_mixin.py:188} INFO - [2026-04-28T23:21:50.074+0200] {dagbag.py:540} INFO - Filling up the DagBag from /Users/pablofrancoherrero/prueba_tecnica/venv/lib/python3.11/site-packages/airflow/example_dags/example_external_task_marker_dag.py
[2026-04-28T23:21:50.077+0200] {processor.py:840} INFO - DAG(s) 'example_external_task_marker_child', 'example_external_task_marker_parent' retrieved from /Users/pablofrancoherrero/prueba_tecnica/venv/lib/python3.11/site-packages/airflow/example_dags/example_external_task_marker_dag.py
[2026-04-28T23:21:50.104+0200] {logging_mixin.py:188} INFO - [2026-04-28T23:21:50.104+0200] {dag.py:3096} INFO - Sync 2 DAGs
[2026-04-28T23:21:50.107+0200] {logging_mixin.py:188} INFO - [2026-04-28T23:21:50.107+0200] {dag.py:3954} INFO - Setting next_dagrun for example_external_task_marker_child to None, run_after=None
[2026-04-28T23:21:50.108+0200] {logging_mixin.py:188} INFO - [2026-04-28T23:21:50.108+0200] {dag.py:3954} INFO - Setting next_dagrun for example_external_task_marker_parent to None, run_after=None
[2026-04-28T23:21:50.112+0200] {processor.py:183} INFO - Processing /Users/pablofrancoherrero/prueba_tecnica/venv/lib/python3.11/site-packages/airflow/example_dags/example_external_task_marker_dag.py took 0.041 seconds
[2026-04-28T23:23:10.258+0200] {processor.py:161} INFO - Started process (PID=63059) to work on /Users/pablofrancoherrero/prueba_tecnica/venv/lib/python3.11/site-packages/airflow/example_dags/example_external_task_marker_dag.py
[2026-04-28T23:23:10.259+0200] {processor.py:830} INFO - Processing file /Users/pablofrancoherrero/prueba_tecnica/venv/lib/python3.11/site-packages/airflow/example_dags/example_external_task_marker_dag.py for tasks to queue
[2026-04-28T23:23:10.259+0200] {logging_mixin.py:188} INFO - [2026-04-28T23:23:10.259+0200] {dagbag.py:540} INFO - Filling up the DagBag from /Users/pablofrancoherrero/prueba_tecnica/venv/lib/python3.11/site-packages/airflow/example_dags/example_external_task_marker_dag.py
[2026-04-28T23:23:10.263+0200] {processor.py:840} INFO - DAG(s) 'example_external_task_marker_parent', 'example_external_task_marker_child' retrieved from /Users/pablofrancoherrero/prueba_tecnica/venv/lib/python3.11/site-packages/airflow/example_dags/example_external_task_marker_dag.py
[2026-04-28T23:23:10.291+0200] {logging_mixin.py:188} INFO - [2026-04-28T23:23:10.290+0200] {dag.py:3096} INFO - Sync 2 DAGs
[2026-04-28T23:23:10.293+0200] {logging_mixin.py:188} INFO - [2026-04-28T23:23:10.293+0200] {dag.py:3954} INFO - Setting next_dagrun for example_external_task_marker_child to None, run_after=None
[2026-04-28T23:23:10.294+0200] {logging_mixin.py:188} INFO - [2026-04-28T23:23:10.294+0200] {dag.py:3954} INFO - Setting next_dagrun for example_external_task_marker_parent to None, run_after=None
[2026-04-28T23:23:10.298+0200] {processor.py:183} INFO - Processing /Users/pablofrancoherrero/prueba_tecnica/venv/lib/python3.11/site-packages/airflow/example_dags/example_external_task_marker_dag.py took 0.041 seconds
[2026-04-28T23:24:31.997+0200] {processor.py:161} INFO - Started process (PID=63174) to work on /Users/pablofrancoherrero/prueba_tecnica/venv/lib/python3.11/site-packages/airflow/example_dags/example_external_task_marker_dag.py
[2026-04-28T23:24:31.998+0200] {processor.py:830} INFO - Processing file /Users/pablofrancoherrero/prueba_tecnica/venv/lib/python3.11/site-packages/airflow/example_dags/example_external_task_marker_dag.py for tasks to queue
[2026-04-28T23:24:31.998+0200] {logging_mixin.py:188} INFO - [2026-04-28T23:24:31.998+0200] {dagbag.py:540} INFO - Filling up the DagBag from /Users/pablofrancoherrero/prueba_tecnica/venv/lib/python3.11/site-packages/airflow/example_dags/example_external_task_marker_dag.py
[2026-04-28T23:24:32.002+0200] {processor.py:840} INFO - DAG(s) 'example_external_task_marker_parent', 'example_external_task_marker_child' retrieved from /Users/pablofrancoherrero/prueba_tecnica/venv/lib/python3.11/site-packages/airflow/example_dags/example_external_task_marker_dag.py
[2026-04-28T23:24:32.030+0200] {logging_mixin.py:188} INFO - [2026-04-28T23:24:32.030+0200] {dag.py:3096} INFO - Sync 2 DAGs
[2026-04-28T23:24:32.033+0200] {logging_mixin.py:188} INFO - [2026-04-28T23:24:32.033+0200] {dag.py:3954} INFO - Setting next_dagrun for example_external_task_marker_child to None, run_after=None
[2026-04-28T23:24:32.034+0200] {logging_mixin.py:188} INFO - [2026-04-28T23:24:32.034+0200] {dag.py:3954} INFO - Setting next_dagrun for example_external_task_marker_parent to None, run_after=None
[2026-04-28T23:24:32.039+0200] {processor.py:183} INFO - Processing /Users/pablofrancoherrero/prueba_tecnica/venv/lib/python3.11/site-packages/airflow/example_dags/example_external_task_marker_dag.py took 0.043 seconds
[2026-04-28T23:25:53.443+0200] {processor.py:161} INFO - Started process (PID=63269) to work on /Users/pablofrancoherrero/prueba_tecnica/venv/lib/python3.11/site-packages/airflow/example_dags/example_external_task_marker_dag.py
[2026-04-28T23:25:53.444+0200] {processor.py:830} INFO - Processing file /Users/pablofrancoherrero/prueba_tecnica/venv/lib/python3.11/site-packages/airflow/example_dags/example_external_task_marker_dag.py for tasks to queue
[2026-04-28T23:25:53.444+0200] {logging_mixin.py:188} INFO - [2026-04-28T23:25:53.444+0200] {dagbag.py:540} INFO - Filling up the DagBag from /Users/pablofrancoherrero/prueba_tecnica/venv/lib/python3.11/site-packages/airflow/example_dags/example_external_task_marker_dag.py
[2026-04-28T23:25:53.448+0200] {processor.py:840} INFO - DAG(s) 'example_external_task_marker_parent', 'example_external_task_marker_child' retrieved from /Users/pablofrancoherrero/prueba_tecnica/venv/lib/python3.11/site-packages/airflow/example_dags/example_external_task_marker_dag.py
[2026-04-28T23:25:53.475+0200] {logging_mixin.py:188} INFO - [2026-04-28T23:25:53.475+0200] {dag.py:3096} INFO - Sync 2 DAGs
[2026-04-28T23:25:53.477+0200] {logging_mixin.py:188} INFO - [2026-04-28T23:25:53.477+0200] {dag.py:3954} INFO - Setting next_dagrun for example_external_task_marker_child to None, run_after=None
[2026-04-28T23:25:53.478+0200] {logging_mixin.py:188} INFO - [2026-04-28T23:25:53.478+0200] {dag.py:3954} INFO - Setting next_dagrun for example_external_task_marker_parent to None, run_after=None
[2026-04-28T23:25:53.483+0200] {processor.py:183} INFO - Processing /Users/pablofrancoherrero/prueba_tecnica/venv/lib/python3.11/site-packages/airflow/example_dags/example_external_task_marker_dag.py took 0.041 seconds
[2026-04-28T23:27:12.786+0200] {processor.py:161} INFO - Started process (PID=63405) to work on /Users/pablofrancoherrero/prueba_tecnica/venv/lib/python3.11/site-packages/airflow/example_dags/example_external_task_marker_dag.py
[2026-04-28T23:27:12.787+0200] {processor.py:830} INFO - Processing file /Users/pablofrancoherrero/prueba_tecnica/venv/lib/python3.11/site-packages/airflow/example_dags/example_external_task_marker_dag.py for tasks to queue
[2026-04-28T23:27:12.787+0200] {logging_mixin.py:188} INFO - [2026-04-28T23:27:12.787+0200] {dagbag.py:540} INFO - Filling up the DagBag from /Users/pablofrancoherrero/prueba_tecnica/venv/lib/python3.11/site-packages/airflow/example_dags/example_external_task_marker_dag.py
[2026-04-28T23:27:12.791+0200] {processor.py:840} INFO - DAG(s) 'example_external_task_marker_child', 'example_external_task_marker_parent' retrieved from /Users/pablofrancoherrero/prueba_tecnica/venv/lib/python3.11/site-packages/airflow/example_dags/example_external_task_marker_dag.py
[2026-04-28T23:27:12.818+0200] {logging_mixin.py:188} INFO - [2026-04-28T23:27:12.817+0200] {dag.py:3096} INFO - Sync 2 DAGs
[2026-04-28T23:27:12.820+0200] {logging_mixin.py:188} INFO - [2026-04-28T23:27:12.820+0200] {dag.py:3954} INFO - Setting next_dagrun for example_external_task_marker_child to None, run_after=None
[2026-04-28T23:27:12.821+0200] {logging_mixin.py:188} INFO - [2026-04-28T23:27:12.821+0200] {dag.py:3954} INFO - Setting next_dagrun for example_external_task_marker_parent to None, run_after=None
[2026-04-28T23:27:12.825+0200] {processor.py:183} INFO - Processing /Users/pablofrancoherrero/prueba_tecnica/venv/lib/python3.11/site-packages/airflow/example_dags/example_external_task_marker_dag.py took 0.040 seconds
[2026-04-28T23:28:33.578+0200] {processor.py:161} INFO - Started process (PID=63508) to work on /Users/pablofrancoherrero/prueba_tecnica/venv/lib/python3.11/site-packages/airflow/example_dags/example_external_task_marker_dag.py
[2026-04-28T23:28:33.579+0200] {processor.py:830} INFO - Processing file /Users/pablofrancoherrero/prueba_tecnica/venv/lib/python3.11/site-packages/airflow/example_dags/example_external_task_marker_dag.py for tasks to queue
[2026-04-28T23:28:33.579+0200] {logging_mixin.py:188} INFO - [2026-04-28T23:28:33.579+0200] {dagbag.py:540} INFO - Filling up the DagBag from /Users/pablofrancoherrero/prueba_tecnica/venv/lib/python3.11/site-packages/airflow/example_dags/example_external_task_marker_dag.py
[2026-04-28T23:28:33.583+0200] {processor.py:840} INFO - DAG(s) 'example_external_task_marker_parent', 'example_external_task_marker_child' retrieved from /Users/pablofrancoherrero/prueba_tecnica/venv/lib/python3.11/site-packages/airflow/example_dags/example_external_task_marker_dag.py
[2026-04-28T23:28:33.610+0200] {logging_mixin.py:188} INFO - [2026-04-28T23:28:33.610+0200] {dag.py:3096} INFO - Sync 2 DAGs
[2026-04-28T23:28:33.612+0200] {logging_mixin.py:188} INFO - [2026-04-28T23:28:33.612+0200] {dag.py:3954} INFO - Setting next_dagrun for example_external_task_marker_child to None, run_after=None
[2026-04-28T23:28:33.613+0200] {logging_mixin.py:188} INFO - [2026-04-28T23:28:33.613+0200] {dag.py:3954} INFO - Setting next_dagrun for example_external_task_marker_parent to None, run_after=None
[2026-04-28T23:28:33.618+0200] {processor.py:183} INFO - Processing /Users/pablofrancoherrero/prueba_tecnica/venv/lib/python3.11/site-packages/airflow/example_dags/example_external_task_marker_dag.py took 0.040 seconds
[2026-04-28T23:29:54.672+0200] {processor.py:161} INFO - Started process (PID=63621) to work on /Users/pablofrancoherrero/prueba_tecnica/venv/lib/python3.11/site-packages/airflow/example_dags/example_external_task_marker_dag.py
[2026-04-28T23:29:54.673+0200] {processor.py:830} INFO - Processing file /Users/pablofrancoherrero/prueba_tecnica/venv/lib/python3.11/site-packages/airflow/example_dags/example_external_task_marker_dag.py for tasks to queue
[2026-04-28T23:29:54.673+0200] {logging_mixin.py:188} INFO - [2026-04-28T23:29:54.673+0200] {dagbag.py:540} INFO - Filling up the DagBag from /Users/pablofrancoherrero/prueba_tecnica/venv/lib/python3.11/site-packages/airflow/example_dags/example_external_task_marker_dag.py
[2026-04-28T23:29:54.676+0200] {processor.py:840} INFO - DAG(s) 'example_external_task_marker_parent', 'example_external_task_marker_child' retrieved from /Users/pablofrancoherrero/prueba_tecnica/venv/lib/python3.11/site-packages/airflow/example_dags/example_external_task_marker_dag.py
[2026-04-28T23:29:54.703+0200] {logging_mixin.py:188} INFO - [2026-04-28T23:29:54.703+0200] {dag.py:3096} INFO - Sync 2 DAGs
[2026-04-28T23:29:54.706+0200] {logging_mixin.py:188} INFO - [2026-04-28T23:29:54.706+0200] {dag.py:3954} INFO - Setting next_dagrun for example_external_task_marker_child to None, run_after=None
[2026-04-28T23:29:54.706+0200] {logging_mixin.py:188} INFO - [2026-04-28T23:29:54.706+0200] {dag.py:3954} INFO - Setting next_dagrun for example_external_task_marker_parent to None, run_after=None
[2026-04-28T23:29:54.711+0200] {processor.py:183} INFO - Processing /Users/pablofrancoherrero/prueba_tecnica/venv/lib/python3.11/site-packages/airflow/example_dags/example_external_task_marker_dag.py took 0.039 seconds
[2026-04-28T23:31:18.675+0200] {processor.py:161} INFO - Started process (PID=63741) to work on /Users/pablofrancoherrero/prueba_tecnica/venv/lib/python3.11/site-packages/airflow/example_dags/example_external_task_marker_dag.py
[2026-04-28T23:31:18.675+0200] {processor.py:830} INFO - Processing file /Users/pablofrancoherrero/prueba_tecnica/venv/lib/python3.11/site-packages/airflow/example_dags/example_external_task_marker_dag.py for tasks to queue
[2026-04-28T23:31:18.675+0200] {logging_mixin.py:188} INFO - [2026-04-28T23:31:18.675+0200] {dagbag.py:540} INFO - Filling up the DagBag from /Users/pablofrancoherrero/prueba_tecnica/venv/lib/python3.11/site-packages/airflow/example_dags/example_external_task_marker_dag.py
[2026-04-28T23:31:18.679+0200] {processor.py:840} INFO - DAG(s) 'example_external_task_marker_child', 'example_external_task_marker_parent' retrieved from /Users/pablofrancoherrero/prueba_tecnica/venv/lib/python3.11/site-packages/airflow/example_dags/example_external_task_marker_dag.py
[2026-04-28T23:31:18.708+0200] {logging_mixin.py:188} INFO - [2026-04-28T23:31:18.708+0200] {dag.py:3096} INFO - Sync 2 DAGs
[2026-04-28T23:31:18.710+0200] {logging_mixin.py:188} INFO - [2026-04-28T23:31:18.710+0200] {dag.py:3954} INFO - Setting next_dagrun for example_external_task_marker_child to None, run_after=None
[2026-04-28T23:31:18.711+0200] {logging_mixin.py:188} INFO - [2026-04-28T23:31:18.711+0200] {dag.py:3954} INFO - Setting next_dagrun for example_external_task_marker_parent to None, run_after=None
[2026-04-28T23:31:18.716+0200] {processor.py:183} INFO - Processing /Users/pablofrancoherrero/prueba_tecnica/venv/lib/python3.11/site-packages/airflow/example_dags/example_external_task_marker_dag.py took 0.042 seconds
[2026-04-28T23:32:41.971+0200] {processor.py:161} INFO - Started process (PID=63853) to work on /Users/pablofrancoherrero/prueba_tecnica/venv/lib/python3.11/site-packages/airflow/example_dags/example_external_task_marker_dag.py
[2026-04-28T23:32:41.972+0200] {processor.py:830} INFO - Processing file /Users/pablofrancoherrero/prueba_tecnica/venv/lib/python3.11/site-packages/airflow/example_dags/example_external_task_marker_dag.py for tasks to queue
[2026-04-28T23:32:41.972+0200] {logging_mixin.py:188} INFO - [2026-04-28T23:32:41.972+0200] {dagbag.py:540} INFO - Filling up the DagBag from /Users/pablofrancoherrero/prueba_tecnica/venv/lib/python3.11/site-packages/airflow/example_dags/example_external_task_marker_dag.py
[2026-04-28T23:32:41.976+0200] {processor.py:840} INFO - DAG(s) 'example_external_task_marker_child', 'example_external_task_marker_parent' retrieved from /Users/pablofrancoherrero/prueba_tecnica/venv/lib/python3.11/site-packages/airflow/example_dags/example_external_task_marker_dag.py
[2026-04-28T23:32:42.005+0200] {logging_mixin.py:188} INFO - [2026-04-28T23:32:42.005+0200] {dag.py:3096} INFO - Sync 2 DAGs
[2026-04-28T23:32:42.008+0200] {logging_mixin.py:188} INFO - [2026-04-28T23:32:42.008+0200] {dag.py:3954} INFO - Setting next_dagrun for example_external_task_marker_child to None, run_after=None
[2026-04-28T23:32:42.008+0200] {logging_mixin.py:188} INFO - [2026-04-28T23:32:42.008+0200] {dag.py:3954} INFO - Setting next_dagrun for example_external_task_marker_parent to None, run_after=None
[2026-04-28T23:32:42.013+0200] {processor.py:183} INFO - Processing /Users/pablofrancoherrero/prueba_tecnica/venv/lib/python3.11/site-packages/airflow/example_dags/example_external_task_marker_dag.py took 0.043 seconds
[2026-04-28T23:33:59.521+0200] {processor.py:161} INFO - Started process (PID=63936) to work on /Users/pablofrancoherrero/prueba_tecnica/venv/lib/python3.11/site-packages/airflow/example_dags/example_external_task_marker_dag.py
[2026-04-28T23:33:59.521+0200] {processor.py:830} INFO - Processing file /Users/pablofrancoherrero/prueba_tecnica/venv/lib/python3.11/site-packages/airflow/example_dags/example_external_task_marker_dag.py for tasks to queue
[2026-04-28T23:33:59.522+0200] {logging_mixin.py:188} INFO - [2026-04-28T23:33:59.522+0200] {dagbag.py:540} INFO - Filling up the DagBag from /Users/pablofrancoherrero/prueba_tecnica/venv/lib/python3.11/site-packages/airflow/example_dags/example_external_task_marker_dag.py
[2026-04-28T23:33:59.525+0200] {processor.py:840} INFO - DAG(s) 'example_external_task_marker_parent', 'example_external_task_marker_child' retrieved from /Users/pablofrancoherrero/prueba_tecnica/venv/lib/python3.11/site-packages/airflow/example_dags/example_external_task_marker_dag.py
[2026-04-28T23:33:59.553+0200] {logging_mixin.py:188} INFO - [2026-04-28T23:33:59.553+0200] {dag.py:3096} INFO - Sync 2 DAGs
[2026-04-28T23:33:59.556+0200] {logging_mixin.py:188} INFO - [2026-04-28T23:33:59.556+0200] {dag.py:3954} INFO - Setting next_dagrun for example_external_task_marker_child to None, run_after=None
[2026-04-28T23:33:59.557+0200] {logging_mixin.py:188} INFO - [2026-04-28T23:33:59.557+0200] {dag.py:3954} INFO - Setting next_dagrun for example_external_task_marker_parent to None, run_after=None
[2026-04-28T23:33:59.561+0200] {processor.py:183} INFO - Processing /Users/pablofrancoherrero/prueba_tecnica/venv/lib/python3.11/site-packages/airflow/example_dags/example_external_task_marker_dag.py took 0.041 seconds
[2026-04-28T23:35:19.756+0200] {processor.py:161} INFO - Started process (PID=64020) to work on /Users/pablofrancoherrero/prueba_tecnica/venv/lib/python3.11/site-packages/airflow/example_dags/example_external_task_marker_dag.py
[2026-04-28T23:35:19.757+0200] {processor.py:830} INFO - Processing file /Users/pablofrancoherrero/prueba_tecnica/venv/lib/python3.11/site-packages/airflow/example_dags/example_external_task_marker_dag.py for tasks to queue
[2026-04-28T23:35:19.757+0200] {logging_mixin.py:188} INFO - [2026-04-28T23:35:19.757+0200] {dagbag.py:540} INFO - Filling up the DagBag from /Users/pablofrancoherrero/prueba_tecnica/venv/lib/python3.11/site-packages/airflow/example_dags/example_external_task_marker_dag.py
[2026-04-28T23:35:19.761+0200] {processor.py:840} INFO - DAG(s) 'example_external_task_marker_parent', 'example_external_task_marker_child' retrieved from /Users/pablofrancoherrero/prueba_tecnica/venv/lib/python3.11/site-packages/airflow/example_dags/example_external_task_marker_dag.py
[2026-04-28T23:35:19.788+0200] {logging_mixin.py:188} INFO - [2026-04-28T23:35:19.788+0200] {dag.py:3096} INFO - Sync 2 DAGs
[2026-04-28T23:35:19.791+0200] {logging_mixin.py:188} INFO - [2026-04-28T23:35:19.790+0200] {dag.py:3954} INFO - Setting next_dagrun for example_external_task_marker_child to None, run_after=None
[2026-04-28T23:35:19.791+0200] {logging_mixin.py:188} INFO - [2026-04-28T23:35:19.791+0200] {dag.py:3954} INFO - Setting next_dagrun for example_external_task_marker_parent to None, run_after=None
[2026-04-28T23:35:19.796+0200] {processor.py:183} INFO - Processing /Users/pablofrancoherrero/prueba_tecnica/venv/lib/python3.11/site-packages/airflow/example_dags/example_external_task_marker_dag.py took 0.041 seconds
[2026-04-28T23:36:42.669+0200] {processor.py:161} INFO - Started process (PID=64107) to work on /Users/pablofrancoherrero/prueba_tecnica/venv/lib/python3.11/site-packages/airflow/example_dags/example_external_task_marker_dag.py
[2026-04-28T23:36:42.670+0200] {processor.py:830} INFO - Processing file /Users/pablofrancoherrero/prueba_tecnica/venv/lib/python3.11/site-packages/airflow/example_dags/example_external_task_marker_dag.py for tasks to queue
[2026-04-28T23:36:42.670+0200] {logging_mixin.py:188} INFO - [2026-04-28T23:36:42.670+0200] {dagbag.py:540} INFO - Filling up the DagBag from /Users/pablofrancoherrero/prueba_tecnica/venv/lib/python3.11/site-packages/airflow/example_dags/example_external_task_marker_dag.py
[2026-04-28T23:36:42.674+0200] {processor.py:840} INFO - DAG(s) 'example_external_task_marker_parent', 'example_external_task_marker_child' retrieved from /Users/pablofrancoherrero/prueba_tecnica/venv/lib/python3.11/site-packages/airflow/example_dags/example_external_task_marker_dag.py
[2026-04-28T23:36:42.701+0200] {logging_mixin.py:188} INFO - [2026-04-28T23:36:42.701+0200] {dag.py:3096} INFO - Sync 2 DAGs
[2026-04-28T23:36:42.704+0200] {logging_mixin.py:188} INFO - [2026-04-28T23:36:42.704+0200] {dag.py:3954} INFO - Setting next_dagrun for example_external_task_marker_child to None, run_after=None
[2026-04-28T23:36:42.705+0200] {logging_mixin.py:188} INFO - [2026-04-28T23:36:42.705+0200] {dag.py:3954} INFO - Setting next_dagrun for example_external_task_marker_parent to None, run_after=None
[2026-04-28T23:36:42.709+0200] {processor.py:183} INFO - Processing /Users/pablofrancoherrero/prueba_tecnica/venv/lib/python3.11/site-packages/airflow/example_dags/example_external_task_marker_dag.py took 0.041 seconds
[2026-04-28T23:38:00.974+0200] {processor.py:161} INFO - Started process (PID=64203) to work on /Users/pablofrancoherrero/prueba_tecnica/venv/lib/python3.11/site-packages/airflow/example_dags/example_external_task_marker_dag.py
[2026-04-28T23:38:00.975+0200] {processor.py:830} INFO - Processing file /Users/pablofrancoherrero/prueba_tecnica/venv/lib/python3.11/site-packages/airflow/example_dags/example_external_task_marker_dag.py for tasks to queue
[2026-04-28T23:38:00.975+0200] {logging_mixin.py:188} INFO - [2026-04-28T23:38:00.975+0200] {dagbag.py:540} INFO - Filling up the DagBag from /Users/pablofrancoherrero/prueba_tecnica/venv/lib/python3.11/site-packages/airflow/example_dags/example_external_task_marker_dag.py
[2026-04-28T23:38:00.979+0200] {processor.py:840} INFO - DAG(s) 'example_external_task_marker_parent', 'example_external_task_marker_child' retrieved from /Users/pablofrancoherrero/prueba_tecnica/venv/lib/python3.11/site-packages/airflow/example_dags/example_external_task_marker_dag.py
[2026-04-28T23:38:01.006+0200] {logging_mixin.py:188} INFO - [2026-04-28T23:38:01.006+0200] {dag.py:3096} INFO - Sync 2 DAGs
[2026-04-28T23:38:01.008+0200] {logging_mixin.py:188} INFO - [2026-04-28T23:38:01.008+0200] {dag.py:3954} INFO - Setting next_dagrun for example_external_task_marker_child to None, run_after=None
[2026-04-28T23:38:01.009+0200] {logging_mixin.py:188} INFO - [2026-04-28T23:38:01.009+0200] {dag.py:3954} INFO - Setting next_dagrun for example_external_task_marker_parent to None, run_after=None
[2026-04-28T23:38:01.014+0200] {processor.py:183} INFO - Processing /Users/pablofrancoherrero/prueba_tecnica/venv/lib/python3.11/site-packages/airflow/example_dags/example_external_task_marker_dag.py took 0.041 seconds
[2026-04-28T23:39:23.260+0200] {processor.py:161} INFO - Started process (PID=64295) to work on /Users/pablofrancoherrero/prueba_tecnica/venv/lib/python3.11/site-packages/airflow/example_dags/example_external_task_marker_dag.py
[2026-04-28T23:39:23.260+0200] {processor.py:830} INFO - Processing file /Users/pablofrancoherrero/prueba_tecnica/venv/lib/python3.11/site-packages/airflow/example_dags/example_external_task_marker_dag.py for tasks to queue
[2026-04-28T23:39:23.261+0200] {logging_mixin.py:188} INFO - [2026-04-28T23:39:23.260+0200] {dagbag.py:540} INFO - Filling up the DagBag from /Users/pablofrancoherrero/prueba_tecnica/venv/lib/python3.11/site-packages/airflow/example_dags/example_external_task_marker_dag.py
[2026-04-28T23:39:23.264+0200] {processor.py:840} INFO - DAG(s) 'example_external_task_marker_child', 'example_external_task_marker_parent' retrieved from /Users/pablofrancoherrero/prueba_tecnica/venv/lib/python3.11/site-packages/airflow/example_dags/example_external_task_marker_dag.py
[2026-04-28T23:39:23.292+0200] {logging_mixin.py:188} INFO - [2026-04-28T23:39:23.292+0200] {dag.py:3096} INFO - Sync 2 DAGs
[2026-04-28T23:39:23.294+0200] {logging_mixin.py:188} INFO - [2026-04-28T23:39:23.294+0200] {dag.py:3954} INFO - Setting next_dagrun for example_external_task_marker_child to None, run_after=None
[2026-04-28T23:39:23.295+0200] {logging_mixin.py:188} INFO - [2026-04-28T23:39:23.295+0200] {dag.py:3954} INFO - Setting next_dagrun for example_external_task_marker_parent to None, run_after=None
[2026-04-28T23:39:23.300+0200] {processor.py:183} INFO - Processing /Users/pablofrancoherrero/prueba_tecnica/venv/lib/python3.11/site-packages/airflow/example_dags/example_external_task_marker_dag.py took 0.041 seconds
[2026-04-28T23:40:44.924+0200] {processor.py:161} INFO - Started process (PID=64488) to work on /Users/pablofrancoherrero/prueba_tecnica/venv/lib/python3.11/site-packages/airflow/example_dags/example_external_task_marker_dag.py
[2026-04-28T23:40:44.925+0200] {processor.py:830} INFO - Processing file /Users/pablofrancoherrero/prueba_tecnica/venv/lib/python3.11/site-packages/airflow/example_dags/example_external_task_marker_dag.py for tasks to queue
[2026-04-28T23:40:44.925+0200] {logging_mixin.py:188} INFO - [2026-04-28T23:40:44.925+0200] {dagbag.py:540} INFO - Filling up the DagBag from /Users/pablofrancoherrero/prueba_tecnica/venv/lib/python3.11/site-packages/airflow/example_dags/example_external_task_marker_dag.py
[2026-04-28T23:40:44.929+0200] {processor.py:840} INFO - DAG(s) 'example_external_task_marker_child', 'example_external_task_marker_parent' retrieved from /Users/pablofrancoherrero/prueba_tecnica/venv/lib/python3.11/site-packages/airflow/example_dags/example_external_task_marker_dag.py
[2026-04-28T23:40:44.955+0200] {logging_mixin.py:188} INFO - [2026-04-28T23:40:44.955+0200] {dag.py:3096} INFO - Sync 2 DAGs
[2026-04-28T23:40:44.958+0200] {logging_mixin.py:188} INFO - [2026-04-28T23:40:44.958+0200] {dag.py:3954} INFO - Setting next_dagrun for example_external_task_marker_child to None, run_after=None
[2026-04-28T23:40:44.959+0200] {logging_mixin.py:188} INFO - [2026-04-28T23:40:44.959+0200] {dag.py:3954} INFO - Setting next_dagrun for example_external_task_marker_parent to None, run_after=None
[2026-04-28T23:40:44.963+0200] {processor.py:183} INFO - Processing /Users/pablofrancoherrero/prueba_tecnica/venv/lib/python3.11/site-packages/airflow/example_dags/example_external_task_marker_dag.py took 0.040 seconds
[2026-04-28T23:42:00.526+0200] {processor.py:161} INFO - Started process (PID=64575) to work on /Users/pablofrancoherrero/prueba_tecnica/venv/lib/python3.11/site-packages/airflow/example_dags/example_external_task_marker_dag.py
[2026-04-28T23:42:00.527+0200] {processor.py:830} INFO - Processing file /Users/pablofrancoherrero/prueba_tecnica/venv/lib/python3.11/site-packages/airflow/example_dags/example_external_task_marker_dag.py for tasks to queue
[2026-04-28T23:42:00.527+0200] {logging_mixin.py:188} INFO - [2026-04-28T23:42:00.527+0200] {dagbag.py:540} INFO - Filling up the DagBag from /Users/pablofrancoherrero/prueba_tecnica/venv/lib/python3.11/site-packages/airflow/example_dags/example_external_task_marker_dag.py
[2026-04-28T23:42:00.531+0200] {processor.py:840} INFO - DAG(s) 'example_external_task_marker_child', 'example_external_task_marker_parent' retrieved from /Users/pablofrancoherrero/prueba_tecnica/venv/lib/python3.11/site-packages/airflow/example_dags/example_external_task_marker_dag.py
[2026-04-28T23:42:00.562+0200] {logging_mixin.py:188} INFO - [2026-04-28T23:42:00.562+0200] {dag.py:3096} INFO - Sync 2 DAGs
[2026-04-28T23:42:00.565+0200] {logging_mixin.py:188} INFO - [2026-04-28T23:42:00.565+0200] {dag.py:3954} INFO - Setting next_dagrun for example_external_task_marker_child to None, run_after=None
[2026-04-28T23:42:00.565+0200] {logging_mixin.py:188} INFO - [2026-04-28T23:42:00.565+0200] {dag.py:3954} INFO - Setting next_dagrun for example_external_task_marker_parent to None, run_after=None
[2026-04-28T23:42:00.570+0200] {processor.py:183} INFO - Processing /Users/pablofrancoherrero/prueba_tecnica/venv/lib/python3.11/site-packages/airflow/example_dags/example_external_task_marker_dag.py took 0.045 seconds
[2026-04-28T23:43:22.545+0200] {processor.py:161} INFO - Started process (PID=64676) to work on /Users/pablofrancoherrero/prueba_tecnica/venv/lib/python3.11/site-packages/airflow/example_dags/example_external_task_marker_dag.py
[2026-04-28T23:43:22.545+0200] {processor.py:830} INFO - Processing file /Users/pablofrancoherrero/prueba_tecnica/venv/lib/python3.11/site-packages/airflow/example_dags/example_external_task_marker_dag.py for tasks to queue
[2026-04-28T23:43:22.545+0200] {logging_mixin.py:188} INFO - [2026-04-28T23:43:22.545+0200] {dagbag.py:540} INFO - Filling up the DagBag from /Users/pablofrancoherrero/prueba_tecnica/venv/lib/python3.11/site-packages/airflow/example_dags/example_external_task_marker_dag.py
[2026-04-28T23:43:22.549+0200] {processor.py:840} INFO - DAG(s) 'example_external_task_marker_parent', 'example_external_task_marker_child' retrieved from /Users/pablofrancoherrero/prueba_tecnica/venv/lib/python3.11/site-packages/airflow/example_dags/example_external_task_marker_dag.py
[2026-04-28T23:43:22.578+0200] {logging_mixin.py:188} INFO - [2026-04-28T23:43:22.578+0200] {dag.py:3096} INFO - Sync 2 DAGs
[2026-04-28T23:43:22.580+0200] {logging_mixin.py:188} INFO - [2026-04-28T23:43:22.580+0200] {dag.py:3954} INFO - Setting next_dagrun for example_external_task_marker_child to None, run_after=None
[2026-04-28T23:43:22.581+0200] {logging_mixin.py:188} INFO - [2026-04-28T23:43:22.581+0200] {dag.py:3954} INFO - Setting next_dagrun for example_external_task_marker_parent to None, run_after=None
[2026-04-28T23:43:22.591+0200] {processor.py:183} INFO - Processing /Users/pablofrancoherrero/prueba_tecnica/venv/lib/python3.11/site-packages/airflow/example_dags/example_external_task_marker_dag.py took 0.047 seconds
[2026-04-28T23:44:42.068+0200] {processor.py:161} INFO - Started process (PID=64763) to work on /Users/pablofrancoherrero/prueba_tecnica/venv/lib/python3.11/site-packages/airflow/example_dags/example_external_task_marker_dag.py
[2026-04-28T23:44:42.069+0200] {processor.py:830} INFO - Processing file /Users/pablofrancoherrero/prueba_tecnica/venv/lib/python3.11/site-packages/airflow/example_dags/example_external_task_marker_dag.py for tasks to queue
[2026-04-28T23:44:42.069+0200] {logging_mixin.py:188} INFO - [2026-04-28T23:44:42.069+0200] {dagbag.py:540} INFO - Filling up the DagBag from /Users/pablofrancoherrero/prueba_tecnica/venv/lib/python3.11/site-packages/airflow/example_dags/example_external_task_marker_dag.py
[2026-04-28T23:44:42.073+0200] {processor.py:840} INFO - DAG(s) 'example_external_task_marker_parent', 'example_external_task_marker_child' retrieved from /Users/pablofrancoherrero/prueba_tecnica/venv/lib/python3.11/site-packages/airflow/example_dags/example_external_task_marker_dag.py
[2026-04-28T23:44:42.100+0200] {logging_mixin.py:188} INFO - [2026-04-28T23:44:42.100+0200] {dag.py:3096} INFO - Sync 2 DAGs
[2026-04-28T23:44:42.103+0200] {logging_mixin.py:188} INFO - [2026-04-28T23:44:42.103+0200] {dag.py:3954} INFO - Setting next_dagrun for example_external_task_marker_child to None, run_after=None
[2026-04-28T23:44:42.104+0200] {logging_mixin.py:188} INFO - [2026-04-28T23:44:42.104+0200] {dag.py:3954} INFO - Setting next_dagrun for example_external_task_marker_parent to None, run_after=None
[2026-04-28T23:44:42.108+0200] {processor.py:183} INFO - Processing /Users/pablofrancoherrero/prueba_tecnica/venv/lib/python3.11/site-packages/airflow/example_dags/example_external_task_marker_dag.py took 0.041 seconds
[2026-04-28T23:46:04.085+0200] {processor.py:161} INFO - Started process (PID=64846) to work on /Users/pablofrancoherrero/prueba_tecnica/venv/lib/python3.11/site-packages/airflow/example_dags/example_external_task_marker_dag.py
[2026-04-28T23:46:04.086+0200] {processor.py:830} INFO - Processing file /Users/pablofrancoherrero/prueba_tecnica/venv/lib/python3.11/site-packages/airflow/example_dags/example_external_task_marker_dag.py for tasks to queue
[2026-04-28T23:46:04.086+0200] {logging_mixin.py:188} INFO - [2026-04-28T23:46:04.086+0200] {dagbag.py:540} INFO - Filling up the DagBag from /Users/pablofrancoherrero/prueba_tecnica/venv/lib/python3.11/site-packages/airflow/example_dags/example_external_task_marker_dag.py
[2026-04-28T23:46:04.090+0200] {processor.py:840} INFO - DAG(s) 'example_external_task_marker_child', 'example_external_task_marker_parent' retrieved from /Users/pablofrancoherrero/prueba_tecnica/venv/lib/python3.11/site-packages/airflow/example_dags/example_external_task_marker_dag.py
[2026-04-28T23:46:04.119+0200] {logging_mixin.py:188} INFO - [2026-04-28T23:46:04.119+0200] {dag.py:3096} INFO - Sync 2 DAGs
[2026-04-28T23:46:04.122+0200] {logging_mixin.py:188} INFO - [2026-04-28T23:46:04.122+0200] {dag.py:3954} INFO - Setting next_dagrun for example_external_task_marker_child to None, run_after=None
[2026-04-28T23:46:04.122+0200] {logging_mixin.py:188} INFO - [2026-04-28T23:46:04.122+0200] {dag.py:3954} INFO - Setting next_dagrun for example_external_task_marker_parent to None, run_after=None
[2026-04-28T23:46:04.127+0200] {processor.py:183} INFO - Processing /Users/pablofrancoherrero/prueba_tecnica/venv/lib/python3.11/site-packages/airflow/example_dags/example_external_task_marker_dag.py took 0.043 seconds
[2026-04-28T23:47:23.785+0200] {processor.py:161} INFO - Started process (PID=64937) to work on /Users/pablofrancoherrero/prueba_tecnica/venv/lib/python3.11/site-packages/airflow/example_dags/example_external_task_marker_dag.py
[2026-04-28T23:47:23.786+0200] {processor.py:830} INFO - Processing file /Users/pablofrancoherrero/prueba_tecnica/venv/lib/python3.11/site-packages/airflow/example_dags/example_external_task_marker_dag.py for tasks to queue
[2026-04-28T23:47:23.786+0200] {logging_mixin.py:188} INFO - [2026-04-28T23:47:23.786+0200] {dagbag.py:540} INFO - Filling up the DagBag from /Users/pablofrancoherrero/prueba_tecnica/venv/lib/python3.11/site-packages/airflow/example_dags/example_external_task_marker_dag.py
[2026-04-28T23:47:23.790+0200] {processor.py:840} INFO - DAG(s) 'example_external_task_marker_parent', 'example_external_task_marker_child' retrieved from /Users/pablofrancoherrero/prueba_tecnica/venv/lib/python3.11/site-packages/airflow/example_dags/example_external_task_marker_dag.py
[2026-04-28T23:47:23.817+0200] {logging_mixin.py:188} INFO - [2026-04-28T23:47:23.817+0200] {dag.py:3096} INFO - Sync 2 DAGs
[2026-04-28T23:47:23.820+0200] {logging_mixin.py:188} INFO - [2026-04-28T23:47:23.820+0200] {dag.py:3954} INFO - Setting next_dagrun for example_external_task_marker_child to None, run_after=None
[2026-04-28T23:47:23.821+0200] {logging_mixin.py:188} INFO - [2026-04-28T23:47:23.821+0200] {dag.py:3954} INFO - Setting next_dagrun for example_external_task_marker_parent to None, run_after=None
[2026-04-28T23:47:23.826+0200] {processor.py:183} INFO - Processing /Users/pablofrancoherrero/prueba_tecnica/venv/lib/python3.11/site-packages/airflow/example_dags/example_external_task_marker_dag.py took 0.042 seconds
[2026-04-28T23:48:45.512+0200] {processor.py:161} INFO - Started process (PID=65043) to work on /Users/pablofrancoherrero/prueba_tecnica/venv/lib/python3.11/site-packages/airflow/example_dags/example_external_task_marker_dag.py
[2026-04-28T23:48:45.513+0200] {processor.py:830} INFO - Processing file /Users/pablofrancoherrero/prueba_tecnica/venv/lib/python3.11/site-packages/airflow/example_dags/example_external_task_marker_dag.py for tasks to queue
[2026-04-28T23:48:45.513+0200] {logging_mixin.py:188} INFO - [2026-04-28T23:48:45.513+0200] {dagbag.py:540} INFO - Filling up the DagBag from /Users/pablofrancoherrero/prueba_tecnica/venv/lib/python3.11/site-packages/airflow/example_dags/example_external_task_marker_dag.py
[2026-04-28T23:48:45.517+0200] {processor.py:840} INFO - DAG(s) 'example_external_task_marker_parent', 'example_external_task_marker_child' retrieved from /Users/pablofrancoherrero/prueba_tecnica/venv/lib/python3.11/site-packages/airflow/example_dags/example_external_task_marker_dag.py
[2026-04-28T23:48:45.543+0200] {logging_mixin.py:188} INFO - [2026-04-28T23:48:45.543+0200] {dag.py:3096} INFO - Sync 2 DAGs
[2026-04-28T23:48:45.546+0200] {logging_mixin.py:188} INFO - [2026-04-28T23:48:45.546+0200] {dag.py:3954} INFO - Setting next_dagrun for example_external_task_marker_child to None, run_after=None
[2026-04-28T23:48:45.547+0200] {logging_mixin.py:188} INFO - [2026-04-28T23:48:45.547+0200] {dag.py:3954} INFO - Setting next_dagrun for example_external_task_marker_parent to None, run_after=None
[2026-04-28T23:48:45.551+0200] {processor.py:183} INFO - Processing /Users/pablofrancoherrero/prueba_tecnica/venv/lib/python3.11/site-packages/airflow/example_dags/example_external_task_marker_dag.py took 0.040 seconds
[2026-04-28T23:50:05.295+0200] {processor.py:161} INFO - Started process (PID=65137) to work on /Users/pablofrancoherrero/prueba_tecnica/venv/lib/python3.11/site-packages/airflow/example_dags/example_external_task_marker_dag.py
[2026-04-28T23:50:05.296+0200] {processor.py:830} INFO - Processing file /Users/pablofrancoherrero/prueba_tecnica/venv/lib/python3.11/site-packages/airflow/example_dags/example_external_task_marker_dag.py for tasks to queue
[2026-04-28T23:50:05.297+0200] {logging_mixin.py:188} INFO - [2026-04-28T23:50:05.297+0200] {dagbag.py:540} INFO - Filling up the DagBag from /Users/pablofrancoherrero/prueba_tecnica/venv/lib/python3.11/site-packages/airflow/example_dags/example_external_task_marker_dag.py
[2026-04-28T23:50:05.301+0200] {processor.py:840} INFO - DAG(s) 'example_external_task_marker_parent', 'example_external_task_marker_child' retrieved from /Users/pablofrancoherrero/prueba_tecnica/venv/lib/python3.11/site-packages/airflow/example_dags/example_external_task_marker_dag.py
[2026-04-28T23:50:05.328+0200] {logging_mixin.py:188} INFO - [2026-04-28T23:50:05.328+0200] {dag.py:3096} INFO - Sync 2 DAGs
[2026-04-28T23:50:05.331+0200] {logging_mixin.py:188} INFO - [2026-04-28T23:50:05.331+0200] {dag.py:3954} INFO - Setting next_dagrun for example_external_task_marker_child to None, run_after=None
[2026-04-28T23:50:05.332+0200] {logging_mixin.py:188} INFO - [2026-04-28T23:50:05.332+0200] {dag.py:3954} INFO - Setting next_dagrun for example_external_task_marker_parent to None, run_after=None
[2026-04-28T23:50:05.336+0200] {processor.py:183} INFO - Processing /Users/pablofrancoherrero/prueba_tecnica/venv/lib/python3.11/site-packages/airflow/example_dags/example_external_task_marker_dag.py took 0.042 seconds
[2026-04-28T23:51:27.213+0200] {processor.py:161} INFO - Started process (PID=65223) to work on /Users/pablofrancoherrero/prueba_tecnica/venv/lib/python3.11/site-packages/airflow/example_dags/example_external_task_marker_dag.py
[2026-04-28T23:51:27.214+0200] {processor.py:830} INFO - Processing file /Users/pablofrancoherrero/prueba_tecnica/venv/lib/python3.11/site-packages/airflow/example_dags/example_external_task_marker_dag.py for tasks to queue
[2026-04-28T23:51:27.214+0200] {logging_mixin.py:188} INFO - [2026-04-28T23:51:27.214+0200] {dagbag.py:540} INFO - Filling up the DagBag from /Users/pablofrancoherrero/prueba_tecnica/venv/lib/python3.11/site-packages/airflow/example_dags/example_external_task_marker_dag.py
[2026-04-28T23:51:27.217+0200] {processor.py:840} INFO - DAG(s) 'example_external_task_marker_parent', 'example_external_task_marker_child' retrieved from /Users/pablofrancoherrero/prueba_tecnica/venv/lib/python3.11/site-packages/airflow/example_dags/example_external_task_marker_dag.py
[2026-04-28T23:51:27.244+0200] {logging_mixin.py:188} INFO - [2026-04-28T23:51:27.244+0200] {dag.py:3096} INFO - Sync 2 DAGs
[2026-04-28T23:51:27.247+0200] {logging_mixin.py:188} INFO - [2026-04-28T23:51:27.247+0200] {dag.py:3954} INFO - Setting next_dagrun for example_external_task_marker_child to None, run_after=None
[2026-04-28T23:51:27.247+0200] {logging_mixin.py:188} INFO - [2026-04-28T23:51:27.247+0200] {dag.py:3954} INFO - Setting next_dagrun for example_external_task_marker_parent to None, run_after=None
[2026-04-28T23:51:27.252+0200] {processor.py:183} INFO - Processing /Users/pablofrancoherrero/prueba_tecnica/venv/lib/python3.11/site-packages/airflow/example_dags/example_external_task_marker_dag.py took 0.040 seconds
[2026-04-28T23:52:47.979+0200] {processor.py:161} INFO - Started process (PID=65307) to work on /Users/pablofrancoherrero/prueba_tecnica/venv/lib/python3.11/site-packages/airflow/example_dags/example_external_task_marker_dag.py
[2026-04-28T23:52:47.980+0200] {processor.py:830} INFO - Processing file /Users/pablofrancoherrero/prueba_tecnica/venv/lib/python3.11/site-packages/airflow/example_dags/example_external_task_marker_dag.py for tasks to queue
[2026-04-28T23:52:47.980+0200] {logging_mixin.py:188} INFO - [2026-04-28T23:52:47.980+0200] {dagbag.py:540} INFO - Filling up the DagBag from /Users/pablofrancoherrero/prueba_tecnica/venv/lib/python3.11/site-packages/airflow/example_dags/example_external_task_marker_dag.py
[2026-04-28T23:52:47.984+0200] {processor.py:840} INFO - DAG(s) 'example_external_task_marker_parent', 'example_external_task_marker_child' retrieved from /Users/pablofrancoherrero/prueba_tecnica/venv/lib/python3.11/site-packages/airflow/example_dags/example_external_task_marker_dag.py
[2026-04-28T23:52:48.010+0200] {logging_mixin.py:188} INFO - [2026-04-28T23:52:48.010+0200] {dag.py:3096} INFO - Sync 2 DAGs
[2026-04-28T23:52:48.012+0200] {logging_mixin.py:188} INFO - [2026-04-28T23:52:48.012+0200] {dag.py:3954} INFO - Setting next_dagrun for example_external_task_marker_child to None, run_after=None
[2026-04-28T23:52:48.013+0200] {logging_mixin.py:188} INFO - [2026-04-28T23:52:48.013+0200] {dag.py:3954} INFO - Setting next_dagrun for example_external_task_marker_parent to None, run_after=None
[2026-04-28T23:52:48.017+0200] {processor.py:183} INFO - Processing /Users/pablofrancoherrero/prueba_tecnica/venv/lib/python3.11/site-packages/airflow/example_dags/example_external_task_marker_dag.py took 0.039 seconds
[2026-04-28T23:54:04.404+0200] {processor.py:161} INFO - Started process (PID=65401) to work on /Users/pablofrancoherrero/prueba_tecnica/venv/lib/python3.11/site-packages/airflow/example_dags/example_external_task_marker_dag.py
[2026-04-28T23:54:04.405+0200] {processor.py:830} INFO - Processing file /Users/pablofrancoherrero/prueba_tecnica/venv/lib/python3.11/site-packages/airflow/example_dags/example_external_task_marker_dag.py for tasks to queue
[2026-04-28T23:54:04.406+0200] {logging_mixin.py:188} INFO - [2026-04-28T23:54:04.406+0200] {dagbag.py:540} INFO - Filling up the DagBag from /Users/pablofrancoherrero/prueba_tecnica/venv/lib/python3.11/site-packages/airflow/example_dags/example_external_task_marker_dag.py
[2026-04-28T23:54:04.409+0200] {processor.py:840} INFO - DAG(s) 'example_external_task_marker_child', 'example_external_task_marker_parent' retrieved from /Users/pablofrancoherrero/prueba_tecnica/venv/lib/python3.11/site-packages/airflow/example_dags/example_external_task_marker_dag.py
[2026-04-28T23:54:04.436+0200] {logging_mixin.py:188} INFO - [2026-04-28T23:54:04.436+0200] {dag.py:3096} INFO - Sync 2 DAGs
[2026-04-28T23:54:04.439+0200] {logging_mixin.py:188} INFO - [2026-04-28T23:54:04.438+0200] {dag.py:3954} INFO - Setting next_dagrun for example_external_task_marker_child to None, run_after=None
[2026-04-28T23:54:04.439+0200] {logging_mixin.py:188} INFO - [2026-04-28T23:54:04.439+0200] {dag.py:3954} INFO - Setting next_dagrun for example_external_task_marker_parent to None, run_after=None
[2026-04-28T23:54:04.444+0200] {processor.py:183} INFO - Processing /Users/pablofrancoherrero/prueba_tecnica/venv/lib/python3.11/site-packages/airflow/example_dags/example_external_task_marker_dag.py took 0.040 seconds
[2026-04-28T23:55:26.422+0200] {processor.py:161} INFO - Started process (PID=65491) to work on /Users/pablofrancoherrero/prueba_tecnica/venv/lib/python3.11/site-packages/airflow/example_dags/example_external_task_marker_dag.py
[2026-04-28T23:55:26.422+0200] {processor.py:830} INFO - Processing file /Users/pablofrancoherrero/prueba_tecnica/venv/lib/python3.11/site-packages/airflow/example_dags/example_external_task_marker_dag.py for tasks to queue
[2026-04-28T23:55:26.422+0200] {logging_mixin.py:188} INFO - [2026-04-28T23:55:26.422+0200] {dagbag.py:540} INFO - Filling up the DagBag from /Users/pablofrancoherrero/prueba_tecnica/venv/lib/python3.11/site-packages/airflow/example_dags/example_external_task_marker_dag.py
[2026-04-28T23:55:26.426+0200] {processor.py:840} INFO - DAG(s) 'example_external_task_marker_child', 'example_external_task_marker_parent' retrieved from /Users/pablofrancoherrero/prueba_tecnica/venv/lib/python3.11/site-packages/airflow/example_dags/example_external_task_marker_dag.py
[2026-04-28T23:55:26.454+0200] {logging_mixin.py:188} INFO - [2026-04-28T23:55:26.454+0200] {dag.py:3096} INFO - Sync 2 DAGs
[2026-04-28T23:55:26.456+0200] {logging_mixin.py:188} INFO - [2026-04-28T23:55:26.456+0200] {dag.py:3954} INFO - Setting next_dagrun for example_external_task_marker_child to None, run_after=None
[2026-04-28T23:55:26.457+0200] {logging_mixin.py:188} INFO - [2026-04-28T23:55:26.457+0200] {dag.py:3954} INFO - Setting next_dagrun for example_external_task_marker_parent to None, run_after=None
[2026-04-28T23:55:26.462+0200] {processor.py:183} INFO - Processing /Users/pablofrancoherrero/prueba_tecnica/venv/lib/python3.11/site-packages/airflow/example_dags/example_external_task_marker_dag.py took 0.041 seconds
[2026-04-28T23:56:41.475+0200] {processor.py:161} INFO - Started process (PID=65578) to work on /Users/pablofrancoherrero/prueba_tecnica/venv/lib/python3.11/site-packages/airflow/example_dags/example_external_task_marker_dag.py
[2026-04-28T23:56:41.476+0200] {processor.py:830} INFO - Processing file /Users/pablofrancoherrero/prueba_tecnica/venv/lib/python3.11/site-packages/airflow/example_dags/example_external_task_marker_dag.py for tasks to queue
[2026-04-28T23:56:41.476+0200] {logging_mixin.py:188} INFO - [2026-04-28T23:56:41.476+0200] {dagbag.py:540} INFO - Filling up the DagBag from /Users/pablofrancoherrero/prueba_tecnica/venv/lib/python3.11/site-packages/airflow/example_dags/example_external_task_marker_dag.py
[2026-04-28T23:56:41.479+0200] {processor.py:840} INFO - DAG(s) 'example_external_task_marker_child', 'example_external_task_marker_parent' retrieved from /Users/pablofrancoherrero/prueba_tecnica/venv/lib/python3.11/site-packages/airflow/example_dags/example_external_task_marker_dag.py
[2026-04-28T23:56:41.506+0200] {logging_mixin.py:188} INFO - [2026-04-28T23:56:41.506+0200] {dag.py:3096} INFO - Sync 2 DAGs
[2026-04-28T23:56:41.508+0200] {logging_mixin.py:188} INFO - [2026-04-28T23:56:41.508+0200] {dag.py:3954} INFO - Setting next_dagrun for example_external_task_marker_child to None, run_after=None
[2026-04-28T23:56:41.509+0200] {logging_mixin.py:188} INFO - [2026-04-28T23:56:41.509+0200] {dag.py:3954} INFO - Setting next_dagrun for example_external_task_marker_parent to None, run_after=None
[2026-04-28T23:56:41.513+0200] {processor.py:183} INFO - Processing /Users/pablofrancoherrero/prueba_tecnica/venv/lib/python3.11/site-packages/airflow/example_dags/example_external_task_marker_dag.py took 0.039 seconds
[2026-04-28T23:58:02.640+0200] {processor.py:161} INFO - Started process (PID=65664) to work on /Users/pablofrancoherrero/prueba_tecnica/venv/lib/python3.11/site-packages/airflow/example_dags/example_external_task_marker_dag.py
[2026-04-28T23:58:02.641+0200] {processor.py:830} INFO - Processing file /Users/pablofrancoherrero/prueba_tecnica/venv/lib/python3.11/site-packages/airflow/example_dags/example_external_task_marker_dag.py for tasks to queue
[2026-04-28T23:58:02.641+0200] {logging_mixin.py:188} INFO - [2026-04-28T23:58:02.641+0200] {dagbag.py:540} INFO - Filling up the DagBag from /Users/pablofrancoherrero/prueba_tecnica/venv/lib/python3.11/site-packages/airflow/example_dags/example_external_task_marker_dag.py
[2026-04-28T23:58:02.645+0200] {processor.py:840} INFO - DAG(s) 'example_external_task_marker_child', 'example_external_task_marker_parent' retrieved from /Users/pablofrancoherrero/prueba_tecnica/venv/lib/python3.11/site-packages/airflow/example_dags/example_external_task_marker_dag.py
[2026-04-28T23:58:02.672+0200] {logging_mixin.py:188} INFO - [2026-04-28T23:58:02.672+0200] {dag.py:3096} INFO - Sync 2 DAGs
[2026-04-28T23:58:02.674+0200] {logging_mixin.py:188} INFO - [2026-04-28T23:58:02.674+0200] {dag.py:3954} INFO - Setting next_dagrun for example_external_task_marker_child to None, run_after=None
[2026-04-28T23:58:02.675+0200] {logging_mixin.py:188} INFO - [2026-04-28T23:58:02.675+0200] {dag.py:3954} INFO - Setting next_dagrun for example_external_task_marker_parent to None, run_after=None
[2026-04-28T23:58:02.680+0200] {processor.py:183} INFO - Processing /Users/pablofrancoherrero/prueba_tecnica/venv/lib/python3.11/site-packages/airflow/example_dags/example_external_task_marker_dag.py took 0.040 seconds
[2026-04-28T23:59:24.022+0200] {processor.py:161} INFO - Started process (PID=65769) to work on /Users/pablofrancoherrero/prueba_tecnica/venv/lib/python3.11/site-packages/airflow/example_dags/example_external_task_marker_dag.py
[2026-04-28T23:59:24.022+0200] {processor.py:830} INFO - Processing file /Users/pablofrancoherrero/prueba_tecnica/venv/lib/python3.11/site-packages/airflow/example_dags/example_external_task_marker_dag.py for tasks to queue
[2026-04-28T23:59:24.023+0200] {logging_mixin.py:188} INFO - [2026-04-28T23:59:24.023+0200] {dagbag.py:540} INFO - Filling up the DagBag from /Users/pablofrancoherrero/prueba_tecnica/venv/lib/python3.11/site-packages/airflow/example_dags/example_external_task_marker_dag.py
[2026-04-28T23:59:24.026+0200] {processor.py:840} INFO - DAG(s) 'example_external_task_marker_child', 'example_external_task_marker_parent' retrieved from /Users/pablofrancoherrero/prueba_tecnica/venv/lib/python3.11/site-packages/airflow/example_dags/example_external_task_marker_dag.py
[2026-04-28T23:59:24.053+0200] {logging_mixin.py:188} INFO - [2026-04-28T23:59:24.053+0200] {dag.py:3096} INFO - Sync 2 DAGs
[2026-04-28T23:59:24.055+0200] {logging_mixin.py:188} INFO - [2026-04-28T23:59:24.055+0200] {dag.py:3954} INFO - Setting next_dagrun for example_external_task_marker_child to None, run_after=None
[2026-04-28T23:59:24.056+0200] {logging_mixin.py:188} INFO - [2026-04-28T23:59:24.056+0200] {dag.py:3954} INFO - Setting next_dagrun for example_external_task_marker_parent to None, run_after=None
[2026-04-28T23:59:24.061+0200] {processor.py:183} INFO - Processing /Users/pablofrancoherrero/prueba_tecnica/venv/lib/python3.11/site-packages/airflow/example_dags/example_external_task_marker_dag.py took 0.040 seconds
[2026-04-29T00:00:46.051+0200] {processor.py:161} INFO - Started process (PID=65892) to work on /Users/pablofrancoherrero/prueba_tecnica/venv/lib/python3.11/site-packages/airflow/example_dags/example_external_task_marker_dag.py
[2026-04-29T00:00:46.052+0200] {processor.py:830} INFO - Processing file /Users/pablofrancoherrero/prueba_tecnica/venv/lib/python3.11/site-packages/airflow/example_dags/example_external_task_marker_dag.py for tasks to queue
[2026-04-29T00:00:46.052+0200] {logging_mixin.py:188} INFO - [2026-04-29T00:00:46.052+0200] {dagbag.py:540} INFO - Filling up the DagBag from /Users/pablofrancoherrero/prueba_tecnica/venv/lib/python3.11/site-packages/airflow/example_dags/example_external_task_marker_dag.py
[2026-04-29T00:00:46.055+0200] {processor.py:840} INFO - DAG(s) 'example_external_task_marker_child', 'example_external_task_marker_parent' retrieved from /Users/pablofrancoherrero/prueba_tecnica/venv/lib/python3.11/site-packages/airflow/example_dags/example_external_task_marker_dag.py
[2026-04-29T00:00:46.082+0200] {logging_mixin.py:188} INFO - [2026-04-29T00:00:46.081+0200] {dag.py:3096} INFO - Sync 2 DAGs
[2026-04-29T00:00:46.084+0200] {logging_mixin.py:188} INFO - [2026-04-29T00:00:46.084+0200] {dag.py:3954} INFO - Setting next_dagrun for example_external_task_marker_child to None, run_after=None
[2026-04-29T00:00:46.085+0200] {logging_mixin.py:188} INFO - [2026-04-29T00:00:46.085+0200] {dag.py:3954} INFO - Setting next_dagrun for example_external_task_marker_parent to None, run_after=None
[2026-04-29T00:00:46.089+0200] {processor.py:183} INFO - Processing /Users/pablofrancoherrero/prueba_tecnica/venv/lib/python3.11/site-packages/airflow/example_dags/example_external_task_marker_dag.py took 0.039 seconds
[2026-04-29T00:02:05.822+0200] {processor.py:161} INFO - Started process (PID=65980) to work on /Users/pablofrancoherrero/prueba_tecnica/venv/lib/python3.11/site-packages/airflow/example_dags/example_external_task_marker_dag.py
[2026-04-29T00:02:05.823+0200] {processor.py:830} INFO - Processing file /Users/pablofrancoherrero/prueba_tecnica/venv/lib/python3.11/site-packages/airflow/example_dags/example_external_task_marker_dag.py for tasks to queue
[2026-04-29T00:02:05.823+0200] {logging_mixin.py:188} INFO - [2026-04-29T00:02:05.823+0200] {dagbag.py:540} INFO - Filling up the DagBag from /Users/pablofrancoherrero/prueba_tecnica/venv/lib/python3.11/site-packages/airflow/example_dags/example_external_task_marker_dag.py
[2026-04-29T00:02:05.827+0200] {processor.py:840} INFO - DAG(s) 'example_external_task_marker_child', 'example_external_task_marker_parent' retrieved from /Users/pablofrancoherrero/prueba_tecnica/venv/lib/python3.11/site-packages/airflow/example_dags/example_external_task_marker_dag.py
[2026-04-29T00:02:05.853+0200] {logging_mixin.py:188} INFO - [2026-04-29T00:02:05.853+0200] {dag.py:3096} INFO - Sync 2 DAGs
[2026-04-29T00:02:05.856+0200] {logging_mixin.py:188} INFO - [2026-04-29T00:02:05.856+0200] {dag.py:3954} INFO - Setting next_dagrun for example_external_task_marker_child to None, run_after=None
[2026-04-29T00:02:05.857+0200] {logging_mixin.py:188} INFO - [2026-04-29T00:02:05.857+0200] {dag.py:3954} INFO - Setting next_dagrun for example_external_task_marker_parent to None, run_after=None
[2026-04-29T00:02:05.861+0200] {processor.py:183} INFO - Processing /Users/pablofrancoherrero/prueba_tecnica/venv/lib/python3.11/site-packages/airflow/example_dags/example_external_task_marker_dag.py took 0.040 seconds
[2026-04-29T00:03:28.479+0200] {processor.py:161} INFO - Started process (PID=66070) to work on /Users/pablofrancoherrero/prueba_tecnica/venv/lib/python3.11/site-packages/airflow/example_dags/example_external_task_marker_dag.py
[2026-04-29T00:03:28.480+0200] {processor.py:830} INFO - Processing file /Users/pablofrancoherrero/prueba_tecnica/venv/lib/python3.11/site-packages/airflow/example_dags/example_external_task_marker_dag.py for tasks to queue
[2026-04-29T00:03:28.480+0200] {logging_mixin.py:188} INFO - [2026-04-29T00:03:28.480+0200] {dagbag.py:540} INFO - Filling up the DagBag from /Users/pablofrancoherrero/prueba_tecnica/venv/lib/python3.11/site-packages/airflow/example_dags/example_external_task_marker_dag.py
[2026-04-29T00:03:28.484+0200] {processor.py:840} INFO - DAG(s) 'example_external_task_marker_parent', 'example_external_task_marker_child' retrieved from /Users/pablofrancoherrero/prueba_tecnica/venv/lib/python3.11/site-packages/airflow/example_dags/example_external_task_marker_dag.py
[2026-04-29T00:03:28.511+0200] {logging_mixin.py:188} INFO - [2026-04-29T00:03:28.511+0200] {dag.py:3096} INFO - Sync 2 DAGs
[2026-04-29T00:03:28.514+0200] {logging_mixin.py:188} INFO - [2026-04-29T00:03:28.513+0200] {dag.py:3954} INFO - Setting next_dagrun for example_external_task_marker_child to None, run_after=None
[2026-04-29T00:03:28.514+0200] {logging_mixin.py:188} INFO - [2026-04-29T00:03:28.514+0200] {dag.py:3954} INFO - Setting next_dagrun for example_external_task_marker_parent to None, run_after=None
[2026-04-29T00:03:28.519+0200] {processor.py:183} INFO - Processing /Users/pablofrancoherrero/prueba_tecnica/venv/lib/python3.11/site-packages/airflow/example_dags/example_external_task_marker_dag.py took 0.041 seconds
[2026-04-29T00:04:50.262+0200] {processor.py:161} INFO - Started process (PID=66170) to work on /Users/pablofrancoherrero/prueba_tecnica/venv/lib/python3.11/site-packages/airflow/example_dags/example_external_task_marker_dag.py
[2026-04-29T00:04:50.263+0200] {processor.py:830} INFO - Processing file /Users/pablofrancoherrero/prueba_tecnica/venv/lib/python3.11/site-packages/airflow/example_dags/example_external_task_marker_dag.py for tasks to queue
[2026-04-29T00:04:50.264+0200] {logging_mixin.py:188} INFO - [2026-04-29T00:04:50.264+0200] {dagbag.py:540} INFO - Filling up the DagBag from /Users/pablofrancoherrero/prueba_tecnica/venv/lib/python3.11/site-packages/airflow/example_dags/example_external_task_marker_dag.py
[2026-04-29T00:04:50.267+0200] {processor.py:840} INFO - DAG(s) 'example_external_task_marker_parent', 'example_external_task_marker_child' retrieved from /Users/pablofrancoherrero/prueba_tecnica/venv/lib/python3.11/site-packages/airflow/example_dags/example_external_task_marker_dag.py
[2026-04-29T00:04:50.294+0200] {logging_mixin.py:188} INFO - [2026-04-29T00:04:50.294+0200] {dag.py:3096} INFO - Sync 2 DAGs
[2026-04-29T00:04:50.296+0200] {logging_mixin.py:188} INFO - [2026-04-29T00:04:50.296+0200] {dag.py:3954} INFO - Setting next_dagrun for example_external_task_marker_child to None, run_after=None
[2026-04-29T00:04:50.297+0200] {logging_mixin.py:188} INFO - [2026-04-29T00:04:50.297+0200] {dag.py:3954} INFO - Setting next_dagrun for example_external_task_marker_parent to None, run_after=None
[2026-04-29T00:04:50.301+0200] {processor.py:183} INFO - Processing /Users/pablofrancoherrero/prueba_tecnica/venv/lib/python3.11/site-packages/airflow/example_dags/example_external_task_marker_dag.py took 0.040 seconds
[2026-04-29T00:06:12.077+0200] {processor.py:161} INFO - Started process (PID=66259) to work on /Users/pablofrancoherrero/prueba_tecnica/venv/lib/python3.11/site-packages/airflow/example_dags/example_external_task_marker_dag.py
[2026-04-29T00:06:12.078+0200] {processor.py:830} INFO - Processing file /Users/pablofrancoherrero/prueba_tecnica/venv/lib/python3.11/site-packages/airflow/example_dags/example_external_task_marker_dag.py for tasks to queue
[2026-04-29T00:06:12.078+0200] {logging_mixin.py:188} INFO - [2026-04-29T00:06:12.078+0200] {dagbag.py:540} INFO - Filling up the DagBag from /Users/pablofrancoherrero/prueba_tecnica/venv/lib/python3.11/site-packages/airflow/example_dags/example_external_task_marker_dag.py
[2026-04-29T00:06:12.082+0200] {processor.py:840} INFO - DAG(s) 'example_external_task_marker_child', 'example_external_task_marker_parent' retrieved from /Users/pablofrancoherrero/prueba_tecnica/venv/lib/python3.11/site-packages/airflow/example_dags/example_external_task_marker_dag.py
[2026-04-29T00:06:12.110+0200] {logging_mixin.py:188} INFO - [2026-04-29T00:06:12.110+0200] {dag.py:3096} INFO - Sync 2 DAGs
[2026-04-29T00:06:12.112+0200] {logging_mixin.py:188} INFO - [2026-04-29T00:06:12.112+0200] {dag.py:3954} INFO - Setting next_dagrun for example_external_task_marker_child to None, run_after=None
[2026-04-29T00:06:12.113+0200] {logging_mixin.py:188} INFO - [2026-04-29T00:06:12.113+0200] {dag.py:3954} INFO - Setting next_dagrun for example_external_task_marker_parent to None, run_after=None
[2026-04-29T00:06:12.118+0200] {processor.py:183} INFO - Processing /Users/pablofrancoherrero/prueba_tecnica/venv/lib/python3.11/site-packages/airflow/example_dags/example_external_task_marker_dag.py took 0.041 seconds
[2026-04-29T00:07:33.201+0200] {processor.py:161} INFO - Started process (PID=66342) to work on /Users/pablofrancoherrero/prueba_tecnica/venv/lib/python3.11/site-packages/airflow/example_dags/example_external_task_marker_dag.py
[2026-04-29T00:07:33.202+0200] {processor.py:830} INFO - Processing file /Users/pablofrancoherrero/prueba_tecnica/venv/lib/python3.11/site-packages/airflow/example_dags/example_external_task_marker_dag.py for tasks to queue
[2026-04-29T00:07:33.202+0200] {logging_mixin.py:188} INFO - [2026-04-29T00:07:33.202+0200] {dagbag.py:540} INFO - Filling up the DagBag from /Users/pablofrancoherrero/prueba_tecnica/venv/lib/python3.11/site-packages/airflow/example_dags/example_external_task_marker_dag.py
[2026-04-29T00:07:33.206+0200] {processor.py:840} INFO - DAG(s) 'example_external_task_marker_parent', 'example_external_task_marker_child' retrieved from /Users/pablofrancoherrero/prueba_tecnica/venv/lib/python3.11/site-packages/airflow/example_dags/example_external_task_marker_dag.py
[2026-04-29T00:07:33.233+0200] {logging_mixin.py:188} INFO - [2026-04-29T00:07:33.233+0200] {dag.py:3096} INFO - Sync 2 DAGs
[2026-04-29T00:07:33.236+0200] {logging_mixin.py:188} INFO - [2026-04-29T00:07:33.236+0200] {dag.py:3954} INFO - Setting next_dagrun for example_external_task_marker_child to None, run_after=None
[2026-04-29T00:07:33.237+0200] {logging_mixin.py:188} INFO - [2026-04-29T00:07:33.237+0200] {dag.py:3954} INFO - Setting next_dagrun for example_external_task_marker_parent to None, run_after=None
[2026-04-29T00:07:33.241+0200] {processor.py:183} INFO - Processing /Users/pablofrancoherrero/prueba_tecnica/venv/lib/python3.11/site-packages/airflow/example_dags/example_external_task_marker_dag.py took 0.041 seconds
[2026-04-29T00:08:51.763+0200] {processor.py:161} INFO - Started process (PID=66424) to work on /Users/pablofrancoherrero/prueba_tecnica/venv/lib/python3.11/site-packages/airflow/example_dags/example_external_task_marker_dag.py
[2026-04-29T00:08:51.764+0200] {processor.py:830} INFO - Processing file /Users/pablofrancoherrero/prueba_tecnica/venv/lib/python3.11/site-packages/airflow/example_dags/example_external_task_marker_dag.py for tasks to queue
[2026-04-29T00:08:51.764+0200] {logging_mixin.py:188} INFO - [2026-04-29T00:08:51.764+0200] {dagbag.py:540} INFO - Filling up the DagBag from /Users/pablofrancoherrero/prueba_tecnica/venv/lib/python3.11/site-packages/airflow/example_dags/example_external_task_marker_dag.py
[2026-04-29T00:08:51.768+0200] {processor.py:840} INFO - DAG(s) 'example_external_task_marker_parent', 'example_external_task_marker_child' retrieved from /Users/pablofrancoherrero/prueba_tecnica/venv/lib/python3.11/site-packages/airflow/example_dags/example_external_task_marker_dag.py
[2026-04-29T00:08:51.794+0200] {logging_mixin.py:188} INFO - [2026-04-29T00:08:51.794+0200] {dag.py:3096} INFO - Sync 2 DAGs
[2026-04-29T00:08:51.797+0200] {logging_mixin.py:188} INFO - [2026-04-29T00:08:51.797+0200] {dag.py:3954} INFO - Setting next_dagrun for example_external_task_marker_child to None, run_after=None
[2026-04-29T00:08:51.798+0200] {logging_mixin.py:188} INFO - [2026-04-29T00:08:51.798+0200] {dag.py:3954} INFO - Setting next_dagrun for example_external_task_marker_parent to None, run_after=None
[2026-04-29T00:08:51.802+0200] {processor.py:183} INFO - Processing /Users/pablofrancoherrero/prueba_tecnica/venv/lib/python3.11/site-packages/airflow/example_dags/example_external_task_marker_dag.py took 0.040 seconds
[2026-04-29T00:10:10.676+0200] {processor.py:161} INFO - Started process (PID=66524) to work on /Users/pablofrancoherrero/prueba_tecnica/venv/lib/python3.11/site-packages/airflow/example_dags/example_external_task_marker_dag.py
[2026-04-29T00:10:10.676+0200] {processor.py:830} INFO - Processing file /Users/pablofrancoherrero/prueba_tecnica/venv/lib/python3.11/site-packages/airflow/example_dags/example_external_task_marker_dag.py for tasks to queue
[2026-04-29T00:10:10.676+0200] {logging_mixin.py:188} INFO - [2026-04-29T00:10:10.676+0200] {dagbag.py:540} INFO - Filling up the DagBag from /Users/pablofrancoherrero/prueba_tecnica/venv/lib/python3.11/site-packages/airflow/example_dags/example_external_task_marker_dag.py
[2026-04-29T00:10:10.680+0200] {processor.py:840} INFO - DAG(s) 'example_external_task_marker_parent', 'example_external_task_marker_child' retrieved from /Users/pablofrancoherrero/prueba_tecnica/venv/lib/python3.11/site-packages/airflow/example_dags/example_external_task_marker_dag.py
[2026-04-29T00:10:10.708+0200] {logging_mixin.py:188} INFO - [2026-04-29T00:10:10.708+0200] {dag.py:3096} INFO - Sync 2 DAGs
[2026-04-29T00:10:10.711+0200] {logging_mixin.py:188} INFO - [2026-04-29T00:10:10.711+0200] {dag.py:3954} INFO - Setting next_dagrun for example_external_task_marker_child to None, run_after=None
[2026-04-29T00:10:10.711+0200] {logging_mixin.py:188} INFO - [2026-04-29T00:10:10.711+0200] {dag.py:3954} INFO - Setting next_dagrun for example_external_task_marker_parent to None, run_after=None
[2026-04-29T00:10:10.716+0200] {processor.py:183} INFO - Processing /Users/pablofrancoherrero/prueba_tecnica/venv/lib/python3.11/site-packages/airflow/example_dags/example_external_task_marker_dag.py took 0.041 seconds
[2026-04-29T00:11:31.047+0200] {processor.py:161} INFO - Started process (PID=66608) to work on /Users/pablofrancoherrero/prueba_tecnica/venv/lib/python3.11/site-packages/airflow/example_dags/example_external_task_marker_dag.py
[2026-04-29T00:11:31.048+0200] {processor.py:830} INFO - Processing file /Users/pablofrancoherrero/prueba_tecnica/venv/lib/python3.11/site-packages/airflow/example_dags/example_external_task_marker_dag.py for tasks to queue
[2026-04-29T00:11:31.049+0200] {logging_mixin.py:188} INFO - [2026-04-29T00:11:31.049+0200] {dagbag.py:540} INFO - Filling up the DagBag from /Users/pablofrancoherrero/prueba_tecnica/venv/lib/python3.11/site-packages/airflow/example_dags/example_external_task_marker_dag.py
[2026-04-29T00:11:31.052+0200] {processor.py:840} INFO - DAG(s) 'example_external_task_marker_child', 'example_external_task_marker_parent' retrieved from /Users/pablofrancoherrero/prueba_tecnica/venv/lib/python3.11/site-packages/airflow/example_dags/example_external_task_marker_dag.py
[2026-04-29T00:11:31.080+0200] {logging_mixin.py:188} INFO - [2026-04-29T00:11:31.080+0200] {dag.py:3096} INFO - Sync 2 DAGs
[2026-04-29T00:11:31.082+0200] {logging_mixin.py:188} INFO - [2026-04-29T00:11:31.082+0200] {dag.py:3954} INFO - Setting next_dagrun for example_external_task_marker_child to None, run_after=None
[2026-04-29T00:11:31.083+0200] {logging_mixin.py:188} INFO - [2026-04-29T00:11:31.083+0200] {dag.py:3954} INFO - Setting next_dagrun for example_external_task_marker_parent to None, run_after=None
[2026-04-29T00:11:31.088+0200] {processor.py:183} INFO - Processing /Users/pablofrancoherrero/prueba_tecnica/venv/lib/python3.11/site-packages/airflow/example_dags/example_external_task_marker_dag.py took 0.041 seconds
[2026-04-29T00:12:50.394+0200] {processor.py:161} INFO - Started process (PID=66690) to work on /Users/pablofrancoherrero/prueba_tecnica/venv/lib/python3.11/site-packages/airflow/example_dags/example_external_task_marker_dag.py
[2026-04-29T00:12:50.395+0200] {processor.py:830} INFO - Processing file /Users/pablofrancoherrero/prueba_tecnica/venv/lib/python3.11/site-packages/airflow/example_dags/example_external_task_marker_dag.py for tasks to queue
[2026-04-29T00:12:50.395+0200] {logging_mixin.py:188} INFO - [2026-04-29T00:12:50.395+0200] {dagbag.py:540} INFO - Filling up the DagBag from /Users/pablofrancoherrero/prueba_tecnica/venv/lib/python3.11/site-packages/airflow/example_dags/example_external_task_marker_dag.py
[2026-04-29T00:12:50.399+0200] {processor.py:840} INFO - DAG(s) 'example_external_task_marker_child', 'example_external_task_marker_parent' retrieved from /Users/pablofrancoherrero/prueba_tecnica/venv/lib/python3.11/site-packages/airflow/example_dags/example_external_task_marker_dag.py
[2026-04-29T00:12:50.425+0200] {logging_mixin.py:188} INFO - [2026-04-29T00:12:50.425+0200] {dag.py:3096} INFO - Sync 2 DAGs
[2026-04-29T00:12:50.427+0200] {logging_mixin.py:188} INFO - [2026-04-29T00:12:50.427+0200] {dag.py:3954} INFO - Setting next_dagrun for example_external_task_marker_child to None, run_after=None
[2026-04-29T00:12:50.428+0200] {logging_mixin.py:188} INFO - [2026-04-29T00:12:50.428+0200] {dag.py:3954} INFO - Setting next_dagrun for example_external_task_marker_parent to None, run_after=None
[2026-04-29T00:12:50.433+0200] {processor.py:183} INFO - Processing /Users/pablofrancoherrero/prueba_tecnica/venv/lib/python3.11/site-packages/airflow/example_dags/example_external_task_marker_dag.py took 0.040 seconds
[2026-04-29T00:14:14.244+0200] {processor.py:161} INFO - Started process (PID=66786) to work on /Users/pablofrancoherrero/prueba_tecnica/venv/lib/python3.11/site-packages/airflow/example_dags/example_external_task_marker_dag.py
[2026-04-29T00:14:14.245+0200] {processor.py:830} INFO - Processing file /Users/pablofrancoherrero/prueba_tecnica/venv/lib/python3.11/site-packages/airflow/example_dags/example_external_task_marker_dag.py for tasks to queue
[2026-04-29T00:14:14.246+0200] {logging_mixin.py:188} INFO - [2026-04-29T00:14:14.246+0200] {dagbag.py:540} INFO - Filling up the DagBag from /Users/pablofrancoherrero/prueba_tecnica/venv/lib/python3.11/site-packages/airflow/example_dags/example_external_task_marker_dag.py
[2026-04-29T00:14:14.249+0200] {processor.py:840} INFO - DAG(s) 'example_external_task_marker_child', 'example_external_task_marker_parent' retrieved from /Users/pablofrancoherrero/prueba_tecnica/venv/lib/python3.11/site-packages/airflow/example_dags/example_external_task_marker_dag.py
[2026-04-29T00:14:14.277+0200] {logging_mixin.py:188} INFO - [2026-04-29T00:14:14.277+0200] {dag.py:3096} INFO - Sync 2 DAGs
[2026-04-29T00:14:14.279+0200] {logging_mixin.py:188} INFO - [2026-04-29T00:14:14.279+0200] {dag.py:3954} INFO - Setting next_dagrun for example_external_task_marker_child to None, run_after=None
[2026-04-29T00:14:14.280+0200] {logging_mixin.py:188} INFO - [2026-04-29T00:14:14.280+0200] {dag.py:3954} INFO - Setting next_dagrun for example_external_task_marker_parent to None, run_after=None
[2026-04-29T00:14:14.285+0200] {processor.py:183} INFO - Processing /Users/pablofrancoherrero/prueba_tecnica/venv/lib/python3.11/site-packages/airflow/example_dags/example_external_task_marker_dag.py took 0.041 seconds
[2026-04-29T00:15:35.708+0200] {processor.py:161} INFO - Started process (PID=66886) to work on /Users/pablofrancoherrero/prueba_tecnica/venv/lib/python3.11/site-packages/airflow/example_dags/example_external_task_marker_dag.py
[2026-04-29T00:15:35.709+0200] {processor.py:830} INFO - Processing file /Users/pablofrancoherrero/prueba_tecnica/venv/lib/python3.11/site-packages/airflow/example_dags/example_external_task_marker_dag.py for tasks to queue
[2026-04-29T00:15:35.709+0200] {logging_mixin.py:188} INFO - [2026-04-29T00:15:35.709+0200] {dagbag.py:540} INFO - Filling up the DagBag from /Users/pablofrancoherrero/prueba_tecnica/venv/lib/python3.11/site-packages/airflow/example_dags/example_external_task_marker_dag.py
[2026-04-29T00:15:35.713+0200] {processor.py:840} INFO - DAG(s) 'example_external_task_marker_parent', 'example_external_task_marker_child' retrieved from /Users/pablofrancoherrero/prueba_tecnica/venv/lib/python3.11/site-packages/airflow/example_dags/example_external_task_marker_dag.py
[2026-04-29T00:15:35.740+0200] {logging_mixin.py:188} INFO - [2026-04-29T00:15:35.740+0200] {dag.py:3096} INFO - Sync 2 DAGs
[2026-04-29T00:15:35.743+0200] {logging_mixin.py:188} INFO - [2026-04-29T00:15:35.743+0200] {dag.py:3954} INFO - Setting next_dagrun for example_external_task_marker_child to None, run_after=None
[2026-04-29T00:15:35.744+0200] {logging_mixin.py:188} INFO - [2026-04-29T00:15:35.744+0200] {dag.py:3954} INFO - Setting next_dagrun for example_external_task_marker_parent to None, run_after=None
[2026-04-29T00:15:35.748+0200] {processor.py:183} INFO - Processing /Users/pablofrancoherrero/prueba_tecnica/venv/lib/python3.11/site-packages/airflow/example_dags/example_external_task_marker_dag.py took 0.041 seconds
[2026-04-29T00:16:55.201+0200] {processor.py:161} INFO - Started process (PID=66976) to work on /Users/pablofrancoherrero/prueba_tecnica/venv/lib/python3.11/site-packages/airflow/example_dags/example_external_task_marker_dag.py
[2026-04-29T00:16:55.201+0200] {processor.py:830} INFO - Processing file /Users/pablofrancoherrero/prueba_tecnica/venv/lib/python3.11/site-packages/airflow/example_dags/example_external_task_marker_dag.py for tasks to queue
[2026-04-29T00:16:55.202+0200] {logging_mixin.py:188} INFO - [2026-04-29T00:16:55.202+0200] {dagbag.py:540} INFO - Filling up the DagBag from /Users/pablofrancoherrero/prueba_tecnica/venv/lib/python3.11/site-packages/airflow/example_dags/example_external_task_marker_dag.py
[2026-04-29T00:16:55.206+0200] {processor.py:840} INFO - DAG(s) 'example_external_task_marker_child', 'example_external_task_marker_parent' retrieved from /Users/pablofrancoherrero/prueba_tecnica/venv/lib/python3.11/site-packages/airflow/example_dags/example_external_task_marker_dag.py
[2026-04-29T00:16:55.233+0200] {logging_mixin.py:188} INFO - [2026-04-29T00:16:55.233+0200] {dag.py:3096} INFO - Sync 2 DAGs
[2026-04-29T00:16:55.235+0200] {logging_mixin.py:188} INFO - [2026-04-29T00:16:55.235+0200] {dag.py:3954} INFO - Setting next_dagrun for example_external_task_marker_child to None, run_after=None
[2026-04-29T00:16:55.236+0200] {logging_mixin.py:188} INFO - [2026-04-29T00:16:55.236+0200] {dag.py:3954} INFO - Setting next_dagrun for example_external_task_marker_parent to None, run_after=None
[2026-04-29T00:16:55.241+0200] {processor.py:183} INFO - Processing /Users/pablofrancoherrero/prueba_tecnica/venv/lib/python3.11/site-packages/airflow/example_dags/example_external_task_marker_dag.py took 0.041 seconds
[2026-04-29T00:18:17.611+0200] {processor.py:161} INFO - Started process (PID=67094) to work on /Users/pablofrancoherrero/prueba_tecnica/venv/lib/python3.11/site-packages/airflow/example_dags/example_external_task_marker_dag.py
[2026-04-29T00:18:17.612+0200] {processor.py:830} INFO - Processing file /Users/pablofrancoherrero/prueba_tecnica/venv/lib/python3.11/site-packages/airflow/example_dags/example_external_task_marker_dag.py for tasks to queue
[2026-04-29T00:18:17.612+0200] {logging_mixin.py:188} INFO - [2026-04-29T00:18:17.612+0200] {dagbag.py:540} INFO - Filling up the DagBag from /Users/pablofrancoherrero/prueba_tecnica/venv/lib/python3.11/site-packages/airflow/example_dags/example_external_task_marker_dag.py
[2026-04-29T00:18:17.616+0200] {processor.py:840} INFO - DAG(s) 'example_external_task_marker_child', 'example_external_task_marker_parent' retrieved from /Users/pablofrancoherrero/prueba_tecnica/venv/lib/python3.11/site-packages/airflow/example_dags/example_external_task_marker_dag.py
[2026-04-29T00:18:17.643+0200] {logging_mixin.py:188} INFO - [2026-04-29T00:18:17.643+0200] {dag.py:3096} INFO - Sync 2 DAGs
[2026-04-29T00:18:17.646+0200] {logging_mixin.py:188} INFO - [2026-04-29T00:18:17.646+0200] {dag.py:3954} INFO - Setting next_dagrun for example_external_task_marker_child to None, run_after=None
[2026-04-29T00:18:17.647+0200] {logging_mixin.py:188} INFO - [2026-04-29T00:18:17.647+0200] {dag.py:3954} INFO - Setting next_dagrun for example_external_task_marker_parent to None, run_after=None
[2026-04-29T00:18:17.651+0200] {processor.py:183} INFO - Processing /Users/pablofrancoherrero/prueba_tecnica/venv/lib/python3.11/site-packages/airflow/example_dags/example_external_task_marker_dag.py took 0.041 seconds
[2026-04-29T00:19:39.866+0200] {processor.py:161} INFO - Started process (PID=67196) to work on /Users/pablofrancoherrero/prueba_tecnica/venv/lib/python3.11/site-packages/airflow/example_dags/example_external_task_marker_dag.py
[2026-04-29T00:19:39.867+0200] {processor.py:830} INFO - Processing file /Users/pablofrancoherrero/prueba_tecnica/venv/lib/python3.11/site-packages/airflow/example_dags/example_external_task_marker_dag.py for tasks to queue
[2026-04-29T00:19:39.868+0200] {logging_mixin.py:188} INFO - [2026-04-29T00:19:39.868+0200] {dagbag.py:540} INFO - Filling up the DagBag from /Users/pablofrancoherrero/prueba_tecnica/venv/lib/python3.11/site-packages/airflow/example_dags/example_external_task_marker_dag.py
[2026-04-29T00:19:39.871+0200] {processor.py:840} INFO - DAG(s) 'example_external_task_marker_child', 'example_external_task_marker_parent' retrieved from /Users/pablofrancoherrero/prueba_tecnica/venv/lib/python3.11/site-packages/airflow/example_dags/example_external_task_marker_dag.py
[2026-04-29T00:19:39.899+0200] {logging_mixin.py:188} INFO - [2026-04-29T00:19:39.899+0200] {dag.py:3096} INFO - Sync 2 DAGs
[2026-04-29T00:19:39.902+0200] {logging_mixin.py:188} INFO - [2026-04-29T00:19:39.902+0200] {dag.py:3954} INFO - Setting next_dagrun for example_external_task_marker_child to None, run_after=None
[2026-04-29T00:19:39.902+0200] {logging_mixin.py:188} INFO - [2026-04-29T00:19:39.902+0200] {dag.py:3954} INFO - Setting next_dagrun for example_external_task_marker_parent to None, run_after=None
[2026-04-29T00:19:39.907+0200] {processor.py:183} INFO - Processing /Users/pablofrancoherrero/prueba_tecnica/venv/lib/python3.11/site-packages/airflow/example_dags/example_external_task_marker_dag.py took 0.041 seconds
[2026-04-29T00:21:01.674+0200] {processor.py:161} INFO - Started process (PID=67292) to work on /Users/pablofrancoherrero/prueba_tecnica/venv/lib/python3.11/site-packages/airflow/example_dags/example_external_task_marker_dag.py
[2026-04-29T00:21:01.675+0200] {processor.py:830} INFO - Processing file /Users/pablofrancoherrero/prueba_tecnica/venv/lib/python3.11/site-packages/airflow/example_dags/example_external_task_marker_dag.py for tasks to queue
[2026-04-29T00:21:01.675+0200] {logging_mixin.py:188} INFO - [2026-04-29T00:21:01.675+0200] {dagbag.py:540} INFO - Filling up the DagBag from /Users/pablofrancoherrero/prueba_tecnica/venv/lib/python3.11/site-packages/airflow/example_dags/example_external_task_marker_dag.py
[2026-04-29T00:21:01.679+0200] {processor.py:840} INFO - DAG(s) 'example_external_task_marker_parent', 'example_external_task_marker_child' retrieved from /Users/pablofrancoherrero/prueba_tecnica/venv/lib/python3.11/site-packages/airflow/example_dags/example_external_task_marker_dag.py
[2026-04-29T00:21:01.706+0200] {logging_mixin.py:188} INFO - [2026-04-29T00:21:01.706+0200] {dag.py:3096} INFO - Sync 2 DAGs
[2026-04-29T00:21:01.709+0200] {logging_mixin.py:188} INFO - [2026-04-29T00:21:01.709+0200] {dag.py:3954} INFO - Setting next_dagrun for example_external_task_marker_child to None, run_after=None
[2026-04-29T00:21:01.709+0200] {logging_mixin.py:188} INFO - [2026-04-29T00:21:01.709+0200] {dag.py:3954} INFO - Setting next_dagrun for example_external_task_marker_parent to None, run_after=None
[2026-04-29T00:21:01.714+0200] {processor.py:183} INFO - Processing /Users/pablofrancoherrero/prueba_tecnica/venv/lib/python3.11/site-packages/airflow/example_dags/example_external_task_marker_dag.py took 0.041 seconds
[2026-04-29T00:22:17.606+0200] {processor.py:161} INFO - Started process (PID=67372) to work on /Users/pablofrancoherrero/prueba_tecnica/venv/lib/python3.11/site-packages/airflow/example_dags/example_external_task_marker_dag.py
[2026-04-29T00:22:17.607+0200] {processor.py:830} INFO - Processing file /Users/pablofrancoherrero/prueba_tecnica/venv/lib/python3.11/site-packages/airflow/example_dags/example_external_task_marker_dag.py for tasks to queue
[2026-04-29T00:22:17.608+0200] {logging_mixin.py:188} INFO - [2026-04-29T00:22:17.608+0200] {dagbag.py:540} INFO - Filling up the DagBag from /Users/pablofrancoherrero/prueba_tecnica/venv/lib/python3.11/site-packages/airflow/example_dags/example_external_task_marker_dag.py
[2026-04-29T00:22:17.611+0200] {processor.py:840} INFO - DAG(s) 'example_external_task_marker_child', 'example_external_task_marker_parent' retrieved from /Users/pablofrancoherrero/prueba_tecnica/venv/lib/python3.11/site-packages/airflow/example_dags/example_external_task_marker_dag.py
[2026-04-29T00:22:17.638+0200] {logging_mixin.py:188} INFO - [2026-04-29T00:22:17.638+0200] {dag.py:3096} INFO - Sync 2 DAGs
[2026-04-29T00:22:17.640+0200] {logging_mixin.py:188} INFO - [2026-04-29T00:22:17.640+0200] {dag.py:3954} INFO - Setting next_dagrun for example_external_task_marker_child to None, run_after=None
[2026-04-29T00:22:17.641+0200] {logging_mixin.py:188} INFO - [2026-04-29T00:22:17.641+0200] {dag.py:3954} INFO - Setting next_dagrun for example_external_task_marker_parent to None, run_after=None
[2026-04-29T00:22:17.646+0200] {processor.py:183} INFO - Processing /Users/pablofrancoherrero/prueba_tecnica/venv/lib/python3.11/site-packages/airflow/example_dags/example_external_task_marker_dag.py took 0.040 seconds
[2026-04-29T00:23:34.774+0200] {processor.py:161} INFO - Started process (PID=67460) to work on /Users/pablofrancoherrero/prueba_tecnica/venv/lib/python3.11/site-packages/airflow/example_dags/example_external_task_marker_dag.py
[2026-04-29T00:23:34.775+0200] {processor.py:830} INFO - Processing file /Users/pablofrancoherrero/prueba_tecnica/venv/lib/python3.11/site-packages/airflow/example_dags/example_external_task_marker_dag.py for tasks to queue
[2026-04-29T00:23:34.775+0200] {logging_mixin.py:188} INFO - [2026-04-29T00:23:34.775+0200] {dagbag.py:540} INFO - Filling up the DagBag from /Users/pablofrancoherrero/prueba_tecnica/venv/lib/python3.11/site-packages/airflow/example_dags/example_external_task_marker_dag.py
[2026-04-29T00:23:34.779+0200] {processor.py:840} INFO - DAG(s) 'example_external_task_marker_parent', 'example_external_task_marker_child' retrieved from /Users/pablofrancoherrero/prueba_tecnica/venv/lib/python3.11/site-packages/airflow/example_dags/example_external_task_marker_dag.py
[2026-04-29T00:23:34.806+0200] {logging_mixin.py:188} INFO - [2026-04-29T00:23:34.806+0200] {dag.py:3096} INFO - Sync 2 DAGs
[2026-04-29T00:23:34.809+0200] {logging_mixin.py:188} INFO - [2026-04-29T00:23:34.809+0200] {dag.py:3954} INFO - Setting next_dagrun for example_external_task_marker_child to None, run_after=None
[2026-04-29T00:23:34.809+0200] {logging_mixin.py:188} INFO - [2026-04-29T00:23:34.809+0200] {dag.py:3954} INFO - Setting next_dagrun for example_external_task_marker_parent to None, run_after=None
[2026-04-29T00:23:34.814+0200] {processor.py:183} INFO - Processing /Users/pablofrancoherrero/prueba_tecnica/venv/lib/python3.11/site-packages/airflow/example_dags/example_external_task_marker_dag.py took 0.040 seconds
[2026-04-29T00:24:52.136+0200] {processor.py:161} INFO - Started process (PID=67543) to work on /Users/pablofrancoherrero/prueba_tecnica/venv/lib/python3.11/site-packages/airflow/example_dags/example_external_task_marker_dag.py
[2026-04-29T00:24:52.137+0200] {processor.py:830} INFO - Processing file /Users/pablofrancoherrero/prueba_tecnica/venv/lib/python3.11/site-packages/airflow/example_dags/example_external_task_marker_dag.py for tasks to queue
[2026-04-29T00:24:52.137+0200] {logging_mixin.py:188} INFO - [2026-04-29T00:24:52.137+0200] {dagbag.py:540} INFO - Filling up the DagBag from /Users/pablofrancoherrero/prueba_tecnica/venv/lib/python3.11/site-packages/airflow/example_dags/example_external_task_marker_dag.py
[2026-04-29T00:24:52.141+0200] {processor.py:840} INFO - DAG(s) 'example_external_task_marker_child', 'example_external_task_marker_parent' retrieved from /Users/pablofrancoherrero/prueba_tecnica/venv/lib/python3.11/site-packages/airflow/example_dags/example_external_task_marker_dag.py
[2026-04-29T00:24:52.168+0200] {logging_mixin.py:188} INFO - [2026-04-29T00:24:52.168+0200] {dag.py:3096} INFO - Sync 2 DAGs
[2026-04-29T00:24:52.171+0200] {logging_mixin.py:188} INFO - [2026-04-29T00:24:52.171+0200] {dag.py:3954} INFO - Setting next_dagrun for example_external_task_marker_child to None, run_after=None
[2026-04-29T00:24:52.172+0200] {logging_mixin.py:188} INFO - [2026-04-29T00:24:52.172+0200] {dag.py:3954} INFO - Setting next_dagrun for example_external_task_marker_parent to None, run_after=None
[2026-04-29T00:24:52.176+0200] {processor.py:183} INFO - Processing /Users/pablofrancoherrero/prueba_tecnica/venv/lib/python3.11/site-packages/airflow/example_dags/example_external_task_marker_dag.py took 0.041 seconds
[2026-04-29T00:26:10.793+0200] {processor.py:161} INFO - Started process (PID=67668) to work on /Users/pablofrancoherrero/prueba_tecnica/venv/lib/python3.11/site-packages/airflow/example_dags/example_external_task_marker_dag.py
[2026-04-29T00:26:10.794+0200] {processor.py:830} INFO - Processing file /Users/pablofrancoherrero/prueba_tecnica/venv/lib/python3.11/site-packages/airflow/example_dags/example_external_task_marker_dag.py for tasks to queue
[2026-04-29T00:26:10.794+0200] {logging_mixin.py:188} INFO - [2026-04-29T00:26:10.794+0200] {dagbag.py:540} INFO - Filling up the DagBag from /Users/pablofrancoherrero/prueba_tecnica/venv/lib/python3.11/site-packages/airflow/example_dags/example_external_task_marker_dag.py
[2026-04-29T00:26:10.797+0200] {processor.py:840} INFO - DAG(s) 'example_external_task_marker_parent', 'example_external_task_marker_child' retrieved from /Users/pablofrancoherrero/prueba_tecnica/venv/lib/python3.11/site-packages/airflow/example_dags/example_external_task_marker_dag.py
[2026-04-29T00:26:10.825+0200] {logging_mixin.py:188} INFO - [2026-04-29T00:26:10.825+0200] {dag.py:3096} INFO - Sync 2 DAGs
[2026-04-29T00:26:10.827+0200] {logging_mixin.py:188} INFO - [2026-04-29T00:26:10.827+0200] {dag.py:3954} INFO - Setting next_dagrun for example_external_task_marker_child to None, run_after=None
[2026-04-29T00:26:10.828+0200] {logging_mixin.py:188} INFO - [2026-04-29T00:26:10.828+0200] {dag.py:3954} INFO - Setting next_dagrun for example_external_task_marker_parent to None, run_after=None
[2026-04-29T00:26:10.833+0200] {processor.py:183} INFO - Processing /Users/pablofrancoherrero/prueba_tecnica/venv/lib/python3.11/site-packages/airflow/example_dags/example_external_task_marker_dag.py took 0.041 seconds
[2026-04-29T00:27:33.711+0200] {processor.py:161} INFO - Started process (PID=67804) to work on /Users/pablofrancoherrero/prueba_tecnica/venv/lib/python3.11/site-packages/airflow/example_dags/example_external_task_marker_dag.py
[2026-04-29T00:27:33.712+0200] {processor.py:830} INFO - Processing file /Users/pablofrancoherrero/prueba_tecnica/venv/lib/python3.11/site-packages/airflow/example_dags/example_external_task_marker_dag.py for tasks to queue
[2026-04-29T00:27:33.713+0200] {logging_mixin.py:188} INFO - [2026-04-29T00:27:33.713+0200] {dagbag.py:540} INFO - Filling up the DagBag from /Users/pablofrancoherrero/prueba_tecnica/venv/lib/python3.11/site-packages/airflow/example_dags/example_external_task_marker_dag.py
[2026-04-29T00:27:33.716+0200] {processor.py:840} INFO - DAG(s) 'example_external_task_marker_parent', 'example_external_task_marker_child' retrieved from /Users/pablofrancoherrero/prueba_tecnica/venv/lib/python3.11/site-packages/airflow/example_dags/example_external_task_marker_dag.py
[2026-04-29T00:27:33.744+0200] {logging_mixin.py:188} INFO - [2026-04-29T00:27:33.744+0200] {dag.py:3096} INFO - Sync 2 DAGs
[2026-04-29T00:27:33.746+0200] {logging_mixin.py:188} INFO - [2026-04-29T00:27:33.746+0200] {dag.py:3954} INFO - Setting next_dagrun for example_external_task_marker_child to None, run_after=None
[2026-04-29T00:27:33.747+0200] {logging_mixin.py:188} INFO - [2026-04-29T00:27:33.747+0200] {dag.py:3954} INFO - Setting next_dagrun for example_external_task_marker_parent to None, run_after=None
[2026-04-29T00:27:33.752+0200] {processor.py:183} INFO - Processing /Users/pablofrancoherrero/prueba_tecnica/venv/lib/python3.11/site-packages/airflow/example_dags/example_external_task_marker_dag.py took 0.041 seconds
[2026-04-29T00:28:55.124+0200] {processor.py:161} INFO - Started process (PID=67903) to work on /Users/pablofrancoherrero/prueba_tecnica/venv/lib/python3.11/site-packages/airflow/example_dags/example_external_task_marker_dag.py
[2026-04-29T00:28:55.125+0200] {processor.py:830} INFO - Processing file /Users/pablofrancoherrero/prueba_tecnica/venv/lib/python3.11/site-packages/airflow/example_dags/example_external_task_marker_dag.py for tasks to queue
[2026-04-29T00:28:55.125+0200] {logging_mixin.py:188} INFO - [2026-04-29T00:28:55.125+0200] {dagbag.py:540} INFO - Filling up the DagBag from /Users/pablofrancoherrero/prueba_tecnica/venv/lib/python3.11/site-packages/airflow/example_dags/example_external_task_marker_dag.py
[2026-04-29T00:28:55.129+0200] {processor.py:840} INFO - DAG(s) 'example_external_task_marker_parent', 'example_external_task_marker_child' retrieved from /Users/pablofrancoherrero/prueba_tecnica/venv/lib/python3.11/site-packages/airflow/example_dags/example_external_task_marker_dag.py
[2026-04-29T00:28:55.155+0200] {logging_mixin.py:188} INFO - [2026-04-29T00:28:55.155+0200] {dag.py:3096} INFO - Sync 2 DAGs
[2026-04-29T00:28:55.158+0200] {logging_mixin.py:188} INFO - [2026-04-29T00:28:55.157+0200] {dag.py:3954} INFO - Setting next_dagrun for example_external_task_marker_child to None, run_after=None
[2026-04-29T00:28:55.158+0200] {logging_mixin.py:188} INFO - [2026-04-29T00:28:55.158+0200] {dag.py:3954} INFO - Setting next_dagrun for example_external_task_marker_parent to None, run_after=None
[2026-04-29T00:28:55.163+0200] {processor.py:183} INFO - Processing /Users/pablofrancoherrero/prueba_tecnica/venv/lib/python3.11/site-packages/airflow/example_dags/example_external_task_marker_dag.py took 0.040 seconds
[2026-04-29T00:30:10.914+0200] {processor.py:161} INFO - Started process (PID=67992) to work on /Users/pablofrancoherrero/prueba_tecnica/venv/lib/python3.11/site-packages/airflow/example_dags/example_external_task_marker_dag.py
[2026-04-29T00:30:10.914+0200] {processor.py:830} INFO - Processing file /Users/pablofrancoherrero/prueba_tecnica/venv/lib/python3.11/site-packages/airflow/example_dags/example_external_task_marker_dag.py for tasks to queue
[2026-04-29T00:30:10.914+0200] {logging_mixin.py:188} INFO - [2026-04-29T00:30:10.914+0200] {dagbag.py:540} INFO - Filling up the DagBag from /Users/pablofrancoherrero/prueba_tecnica/venv/lib/python3.11/site-packages/airflow/example_dags/example_external_task_marker_dag.py
[2026-04-29T00:30:10.918+0200] {processor.py:840} INFO - DAG(s) 'example_external_task_marker_child', 'example_external_task_marker_parent' retrieved from /Users/pablofrancoherrero/prueba_tecnica/venv/lib/python3.11/site-packages/airflow/example_dags/example_external_task_marker_dag.py
[2026-04-29T00:30:10.945+0200] {logging_mixin.py:188} INFO - [2026-04-29T00:30:10.945+0200] {dag.py:3096} INFO - Sync 2 DAGs
[2026-04-29T00:30:10.948+0200] {logging_mixin.py:188} INFO - [2026-04-29T00:30:10.948+0200] {dag.py:3954} INFO - Setting next_dagrun for example_external_task_marker_child to None, run_after=None
[2026-04-29T00:30:10.949+0200] {logging_mixin.py:188} INFO - [2026-04-29T00:30:10.949+0200] {dag.py:3954} INFO - Setting next_dagrun for example_external_task_marker_parent to None, run_after=None
[2026-04-29T00:30:10.953+0200] {processor.py:183} INFO - Processing /Users/pablofrancoherrero/prueba_tecnica/venv/lib/python3.11/site-packages/airflow/example_dags/example_external_task_marker_dag.py took 0.041 seconds
[2026-04-29T00:31:32.316+0200] {processor.py:161} INFO - Started process (PID=68109) to work on /Users/pablofrancoherrero/prueba_tecnica/venv/lib/python3.11/site-packages/airflow/example_dags/example_external_task_marker_dag.py
[2026-04-29T00:31:32.316+0200] {processor.py:830} INFO - Processing file /Users/pablofrancoherrero/prueba_tecnica/venv/lib/python3.11/site-packages/airflow/example_dags/example_external_task_marker_dag.py for tasks to queue
[2026-04-29T00:31:32.317+0200] {logging_mixin.py:188} INFO - [2026-04-29T00:31:32.317+0200] {dagbag.py:540} INFO - Filling up the DagBag from /Users/pablofrancoherrero/prueba_tecnica/venv/lib/python3.11/site-packages/airflow/example_dags/example_external_task_marker_dag.py
[2026-04-29T00:31:32.320+0200] {processor.py:840} INFO - DAG(s) 'example_external_task_marker_parent', 'example_external_task_marker_child' retrieved from /Users/pablofrancoherrero/prueba_tecnica/venv/lib/python3.11/site-packages/airflow/example_dags/example_external_task_marker_dag.py
[2026-04-29T00:31:32.347+0200] {logging_mixin.py:188} INFO - [2026-04-29T00:31:32.347+0200] {dag.py:3096} INFO - Sync 2 DAGs
[2026-04-29T00:31:32.349+0200] {logging_mixin.py:188} INFO - [2026-04-29T00:31:32.349+0200] {dag.py:3954} INFO - Setting next_dagrun for example_external_task_marker_child to None, run_after=None
[2026-04-29T00:31:32.350+0200] {logging_mixin.py:188} INFO - [2026-04-29T00:31:32.350+0200] {dag.py:3954} INFO - Setting next_dagrun for example_external_task_marker_parent to None, run_after=None
[2026-04-29T00:31:32.354+0200] {processor.py:183} INFO - Processing /Users/pablofrancoherrero/prueba_tecnica/venv/lib/python3.11/site-packages/airflow/example_dags/example_external_task_marker_dag.py took 0.039 seconds
[2026-04-29T00:32:53.264+0200] {processor.py:161} INFO - Started process (PID=68197) to work on /Users/pablofrancoherrero/prueba_tecnica/venv/lib/python3.11/site-packages/airflow/example_dags/example_external_task_marker_dag.py
[2026-04-29T00:32:53.265+0200] {processor.py:830} INFO - Processing file /Users/pablofrancoherrero/prueba_tecnica/venv/lib/python3.11/site-packages/airflow/example_dags/example_external_task_marker_dag.py for tasks to queue
[2026-04-29T00:32:53.265+0200] {logging_mixin.py:188} INFO - [2026-04-29T00:32:53.265+0200] {dagbag.py:540} INFO - Filling up the DagBag from /Users/pablofrancoherrero/prueba_tecnica/venv/lib/python3.11/site-packages/airflow/example_dags/example_external_task_marker_dag.py
[2026-04-29T00:32:53.269+0200] {processor.py:840} INFO - DAG(s) 'example_external_task_marker_child', 'example_external_task_marker_parent' retrieved from /Users/pablofrancoherrero/prueba_tecnica/venv/lib/python3.11/site-packages/airflow/example_dags/example_external_task_marker_dag.py
[2026-04-29T00:32:53.299+0200] {logging_mixin.py:188} INFO - [2026-04-29T00:32:53.299+0200] {dag.py:3096} INFO - Sync 2 DAGs
[2026-04-29T00:32:53.302+0200] {logging_mixin.py:188} INFO - [2026-04-29T00:32:53.302+0200] {dag.py:3954} INFO - Setting next_dagrun for example_external_task_marker_child to None, run_after=None
[2026-04-29T00:32:53.303+0200] {logging_mixin.py:188} INFO - [2026-04-29T00:32:53.303+0200] {dag.py:3954} INFO - Setting next_dagrun for example_external_task_marker_parent to None, run_after=None
[2026-04-29T00:32:53.308+0200] {processor.py:183} INFO - Processing /Users/pablofrancoherrero/prueba_tecnica/venv/lib/python3.11/site-packages/airflow/example_dags/example_external_task_marker_dag.py took 0.045 seconds
[2026-04-29T00:34:11.837+0200] {processor.py:161} INFO - Started process (PID=68283) to work on /Users/pablofrancoherrero/prueba_tecnica/venv/lib/python3.11/site-packages/airflow/example_dags/example_external_task_marker_dag.py
[2026-04-29T00:34:11.837+0200] {processor.py:830} INFO - Processing file /Users/pablofrancoherrero/prueba_tecnica/venv/lib/python3.11/site-packages/airflow/example_dags/example_external_task_marker_dag.py for tasks to queue
[2026-04-29T00:34:11.837+0200] {logging_mixin.py:188} INFO - [2026-04-29T00:34:11.837+0200] {dagbag.py:540} INFO - Filling up the DagBag from /Users/pablofrancoherrero/prueba_tecnica/venv/lib/python3.11/site-packages/airflow/example_dags/example_external_task_marker_dag.py
[2026-04-29T00:34:11.841+0200] {processor.py:840} INFO - DAG(s) 'example_external_task_marker_parent', 'example_external_task_marker_child' retrieved from /Users/pablofrancoherrero/prueba_tecnica/venv/lib/python3.11/site-packages/airflow/example_dags/example_external_task_marker_dag.py
[2026-04-29T00:34:11.869+0200] {logging_mixin.py:188} INFO - [2026-04-29T00:34:11.869+0200] {dag.py:3096} INFO - Sync 2 DAGs
[2026-04-29T00:34:11.872+0200] {logging_mixin.py:188} INFO - [2026-04-29T00:34:11.872+0200] {dag.py:3954} INFO - Setting next_dagrun for example_external_task_marker_child to None, run_after=None
[2026-04-29T00:34:11.873+0200] {logging_mixin.py:188} INFO - [2026-04-29T00:34:11.873+0200] {dag.py:3954} INFO - Setting next_dagrun for example_external_task_marker_parent to None, run_after=None
[2026-04-29T00:34:11.879+0200] {processor.py:183} INFO - Processing /Users/pablofrancoherrero/prueba_tecnica/venv/lib/python3.11/site-packages/airflow/example_dags/example_external_task_marker_dag.py took 0.043 seconds
[2026-04-29T00:35:33.691+0200] {processor.py:161} INFO - Started process (PID=68421) to work on /Users/pablofrancoherrero/prueba_tecnica/venv/lib/python3.11/site-packages/airflow/example_dags/example_external_task_marker_dag.py
[2026-04-29T00:35:33.692+0200] {processor.py:830} INFO - Processing file /Users/pablofrancoherrero/prueba_tecnica/venv/lib/python3.11/site-packages/airflow/example_dags/example_external_task_marker_dag.py for tasks to queue
[2026-04-29T00:35:33.693+0200] {logging_mixin.py:188} INFO - [2026-04-29T00:35:33.693+0200] {dagbag.py:540} INFO - Filling up the DagBag from /Users/pablofrancoherrero/prueba_tecnica/venv/lib/python3.11/site-packages/airflow/example_dags/example_external_task_marker_dag.py
[2026-04-29T00:35:33.696+0200] {processor.py:840} INFO - DAG(s) 'example_external_task_marker_parent', 'example_external_task_marker_child' retrieved from /Users/pablofrancoherrero/prueba_tecnica/venv/lib/python3.11/site-packages/airflow/example_dags/example_external_task_marker_dag.py
[2026-04-29T00:35:33.724+0200] {logging_mixin.py:188} INFO - [2026-04-29T00:35:33.724+0200] {dag.py:3096} INFO - Sync 2 DAGs
[2026-04-29T00:35:33.726+0200] {logging_mixin.py:188} INFO - [2026-04-29T00:35:33.726+0200] {dag.py:3954} INFO - Setting next_dagrun for example_external_task_marker_child to None, run_after=None
[2026-04-29T00:35:33.727+0200] {logging_mixin.py:188} INFO - [2026-04-29T00:35:33.727+0200] {dag.py:3954} INFO - Setting next_dagrun for example_external_task_marker_parent to None, run_after=None
[2026-04-29T00:35:33.732+0200] {processor.py:183} INFO - Processing /Users/pablofrancoherrero/prueba_tecnica/venv/lib/python3.11/site-packages/airflow/example_dags/example_external_task_marker_dag.py took 0.041 seconds
[2026-04-29T00:53:12.164+0200] {processor.py:161} INFO - Started process (PID=68561) to work on /Users/pablofrancoherrero/prueba_tecnica/venv/lib/python3.11/site-packages/airflow/example_dags/example_external_task_marker_dag.py
[2026-04-29T00:53:12.165+0200] {processor.py:830} INFO - Processing file /Users/pablofrancoherrero/prueba_tecnica/venv/lib/python3.11/site-packages/airflow/example_dags/example_external_task_marker_dag.py for tasks to queue
[2026-04-29T00:53:12.165+0200] {logging_mixin.py:188} INFO - [2026-04-29T00:53:12.165+0200] {dagbag.py:540} INFO - Filling up the DagBag from /Users/pablofrancoherrero/prueba_tecnica/venv/lib/python3.11/site-packages/airflow/example_dags/example_external_task_marker_dag.py
[2026-04-29T00:53:12.169+0200] {processor.py:840} INFO - DAG(s) 'example_external_task_marker_parent', 'example_external_task_marker_child' retrieved from /Users/pablofrancoherrero/prueba_tecnica/venv/lib/python3.11/site-packages/airflow/example_dags/example_external_task_marker_dag.py
[2026-04-29T00:53:12.198+0200] {logging_mixin.py:188} INFO - [2026-04-29T00:53:12.198+0200] {dag.py:3096} INFO - Sync 2 DAGs
[2026-04-29T00:53:12.201+0200] {logging_mixin.py:188} INFO - [2026-04-29T00:53:12.201+0200] {dag.py:3954} INFO - Setting next_dagrun for example_external_task_marker_child to None, run_after=None
[2026-04-29T00:53:12.202+0200] {logging_mixin.py:188} INFO - [2026-04-29T00:53:12.202+0200] {dag.py:3954} INFO - Setting next_dagrun for example_external_task_marker_parent to None, run_after=None
[2026-04-29T00:53:12.208+0200] {processor.py:183} INFO - Processing /Users/pablofrancoherrero/prueba_tecnica/venv/lib/python3.11/site-packages/airflow/example_dags/example_external_task_marker_dag.py took 0.044 seconds
[2026-04-29T00:54:34.021+0200] {processor.py:161} INFO - Started process (PID=68677) to work on /Users/pablofrancoherrero/prueba_tecnica/venv/lib/python3.11/site-packages/airflow/example_dags/example_external_task_marker_dag.py
[2026-04-29T00:54:34.022+0200] {processor.py:830} INFO - Processing file /Users/pablofrancoherrero/prueba_tecnica/venv/lib/python3.11/site-packages/airflow/example_dags/example_external_task_marker_dag.py for tasks to queue
[2026-04-29T00:54:34.022+0200] {logging_mixin.py:188} INFO - [2026-04-29T00:54:34.022+0200] {dagbag.py:540} INFO - Filling up the DagBag from /Users/pablofrancoherrero/prueba_tecnica/venv/lib/python3.11/site-packages/airflow/example_dags/example_external_task_marker_dag.py
[2026-04-29T00:54:34.026+0200] {processor.py:840} INFO - DAG(s) 'example_external_task_marker_parent', 'example_external_task_marker_child' retrieved from /Users/pablofrancoherrero/prueba_tecnica/venv/lib/python3.11/site-packages/airflow/example_dags/example_external_task_marker_dag.py
[2026-04-29T00:54:34.052+0200] {logging_mixin.py:188} INFO - [2026-04-29T00:54:34.052+0200] {dag.py:3096} INFO - Sync 2 DAGs
[2026-04-29T00:54:34.055+0200] {logging_mixin.py:188} INFO - [2026-04-29T00:54:34.055+0200] {dag.py:3954} INFO - Setting next_dagrun for example_external_task_marker_child to None, run_after=None
[2026-04-29T00:54:34.056+0200] {logging_mixin.py:188} INFO - [2026-04-29T00:54:34.056+0200] {dag.py:3954} INFO - Setting next_dagrun for example_external_task_marker_parent to None, run_after=None
[2026-04-29T00:54:34.060+0200] {processor.py:183} INFO - Processing /Users/pablofrancoherrero/prueba_tecnica/venv/lib/python3.11/site-packages/airflow/example_dags/example_external_task_marker_dag.py took 0.040 seconds
[2026-04-29T00:55:53.377+0200] {processor.py:161} INFO - Started process (PID=68776) to work on /Users/pablofrancoherrero/prueba_tecnica/venv/lib/python3.11/site-packages/airflow/example_dags/example_external_task_marker_dag.py
[2026-04-29T00:55:53.378+0200] {processor.py:830} INFO - Processing file /Users/pablofrancoherrero/prueba_tecnica/venv/lib/python3.11/site-packages/airflow/example_dags/example_external_task_marker_dag.py for tasks to queue
[2026-04-29T00:55:53.378+0200] {logging_mixin.py:188} INFO - [2026-04-29T00:55:53.378+0200] {dagbag.py:540} INFO - Filling up the DagBag from /Users/pablofrancoherrero/prueba_tecnica/venv/lib/python3.11/site-packages/airflow/example_dags/example_external_task_marker_dag.py
[2026-04-29T00:55:53.382+0200] {processor.py:840} INFO - DAG(s) 'example_external_task_marker_parent', 'example_external_task_marker_child' retrieved from /Users/pablofrancoherrero/prueba_tecnica/venv/lib/python3.11/site-packages/airflow/example_dags/example_external_task_marker_dag.py
[2026-04-29T00:55:53.408+0200] {logging_mixin.py:188} INFO - [2026-04-29T00:55:53.408+0200] {dag.py:3096} INFO - Sync 2 DAGs
[2026-04-29T00:55:53.411+0200] {logging_mixin.py:188} INFO - [2026-04-29T00:55:53.411+0200] {dag.py:3954} INFO - Setting next_dagrun for example_external_task_marker_child to None, run_after=None
[2026-04-29T00:55:53.412+0200] {logging_mixin.py:188} INFO - [2026-04-29T00:55:53.412+0200] {dag.py:3954} INFO - Setting next_dagrun for example_external_task_marker_parent to None, run_after=None
[2026-04-29T00:55:53.416+0200] {processor.py:183} INFO - Processing /Users/pablofrancoherrero/prueba_tecnica/venv/lib/python3.11/site-packages/airflow/example_dags/example_external_task_marker_dag.py took 0.040 seconds
[2026-04-29T01:06:06.211+0200] {processor.py:161} INFO - Started process (PID=68901) to work on /Users/pablofrancoherrero/prueba_tecnica/venv/lib/python3.11/site-packages/airflow/example_dags/example_external_task_marker_dag.py
[2026-04-29T01:06:06.212+0200] {processor.py:830} INFO - Processing file /Users/pablofrancoherrero/prueba_tecnica/venv/lib/python3.11/site-packages/airflow/example_dags/example_external_task_marker_dag.py for tasks to queue
[2026-04-29T01:06:06.212+0200] {logging_mixin.py:188} INFO - [2026-04-29T01:06:06.212+0200] {dagbag.py:540} INFO - Filling up the DagBag from /Users/pablofrancoherrero/prueba_tecnica/venv/lib/python3.11/site-packages/airflow/example_dags/example_external_task_marker_dag.py
[2026-04-29T01:06:06.216+0200] {processor.py:840} INFO - DAG(s) 'example_external_task_marker_parent', 'example_external_task_marker_child' retrieved from /Users/pablofrancoherrero/prueba_tecnica/venv/lib/python3.11/site-packages/airflow/example_dags/example_external_task_marker_dag.py
[2026-04-29T01:06:06.242+0200] {logging_mixin.py:188} INFO - [2026-04-29T01:06:06.242+0200] {dag.py:3096} INFO - Sync 2 DAGs
[2026-04-29T01:06:06.244+0200] {logging_mixin.py:188} INFO - [2026-04-29T01:06:06.244+0200] {dag.py:3954} INFO - Setting next_dagrun for example_external_task_marker_child to None, run_after=None
[2026-04-29T01:06:06.245+0200] {logging_mixin.py:188} INFO - [2026-04-29T01:06:06.245+0200] {dag.py:3954} INFO - Setting next_dagrun for example_external_task_marker_parent to None, run_after=None
[2026-04-29T01:06:06.250+0200] {processor.py:183} INFO - Processing /Users/pablofrancoherrero/prueba_tecnica/venv/lib/python3.11/site-packages/airflow/example_dags/example_external_task_marker_dag.py took 0.039 seconds
[2026-04-29T01:07:28.420+0200] {processor.py:161} INFO - Started process (PID=68993) to work on /Users/pablofrancoherrero/prueba_tecnica/venv/lib/python3.11/site-packages/airflow/example_dags/example_external_task_marker_dag.py
[2026-04-29T01:07:28.421+0200] {processor.py:830} INFO - Processing file /Users/pablofrancoherrero/prueba_tecnica/venv/lib/python3.11/site-packages/airflow/example_dags/example_external_task_marker_dag.py for tasks to queue
[2026-04-29T01:07:28.421+0200] {logging_mixin.py:188} INFO - [2026-04-29T01:07:28.421+0200] {dagbag.py:540} INFO - Filling up the DagBag from /Users/pablofrancoherrero/prueba_tecnica/venv/lib/python3.11/site-packages/airflow/example_dags/example_external_task_marker_dag.py
[2026-04-29T01:07:28.425+0200] {processor.py:840} INFO - DAG(s) 'example_external_task_marker_child', 'example_external_task_marker_parent' retrieved from /Users/pablofrancoherrero/prueba_tecnica/venv/lib/python3.11/site-packages/airflow/example_dags/example_external_task_marker_dag.py
[2026-04-29T01:07:28.452+0200] {logging_mixin.py:188} INFO - [2026-04-29T01:07:28.451+0200] {dag.py:3096} INFO - Sync 2 DAGs
[2026-04-29T01:07:28.454+0200] {logging_mixin.py:188} INFO - [2026-04-29T01:07:28.454+0200] {dag.py:3954} INFO - Setting next_dagrun for example_external_task_marker_child to None, run_after=None
[2026-04-29T01:07:28.455+0200] {logging_mixin.py:188} INFO - [2026-04-29T01:07:28.455+0200] {dag.py:3954} INFO - Setting next_dagrun for example_external_task_marker_parent to None, run_after=None
[2026-04-29T01:07:28.459+0200] {processor.py:183} INFO - Processing /Users/pablofrancoherrero/prueba_tecnica/venv/lib/python3.11/site-packages/airflow/example_dags/example_external_task_marker_dag.py took 0.040 seconds
[2026-04-29T01:24:27.482+0200] {processor.py:161} INFO - Started process (PID=69202) to work on /Users/pablofrancoherrero/prueba_tecnica/venv/lib/python3.11/site-packages/airflow/example_dags/example_external_task_marker_dag.py
[2026-04-29T01:24:27.482+0200] {processor.py:830} INFO - Processing file /Users/pablofrancoherrero/prueba_tecnica/venv/lib/python3.11/site-packages/airflow/example_dags/example_external_task_marker_dag.py for tasks to queue
[2026-04-29T01:24:27.482+0200] {logging_mixin.py:188} INFO - [2026-04-29T01:24:27.482+0200] {dagbag.py:540} INFO - Filling up the DagBag from /Users/pablofrancoherrero/prueba_tecnica/venv/lib/python3.11/site-packages/airflow/example_dags/example_external_task_marker_dag.py
[2026-04-29T01:24:27.486+0200] {processor.py:840} INFO - DAG(s) 'example_external_task_marker_parent', 'example_external_task_marker_child' retrieved from /Users/pablofrancoherrero/prueba_tecnica/venv/lib/python3.11/site-packages/airflow/example_dags/example_external_task_marker_dag.py
[2026-04-29T01:24:27.514+0200] {logging_mixin.py:188} INFO - [2026-04-29T01:24:27.513+0200] {dag.py:3096} INFO - Sync 2 DAGs
[2026-04-29T01:24:27.516+0200] {logging_mixin.py:188} INFO - [2026-04-29T01:24:27.516+0200] {dag.py:3954} INFO - Setting next_dagrun for example_external_task_marker_child to None, run_after=None
[2026-04-29T01:24:27.517+0200] {logging_mixin.py:188} INFO - [2026-04-29T01:24:27.517+0200] {dag.py:3954} INFO - Setting next_dagrun for example_external_task_marker_parent to None, run_after=None
[2026-04-29T01:24:27.521+0200] {processor.py:183} INFO - Processing /Users/pablofrancoherrero/prueba_tecnica/venv/lib/python3.11/site-packages/airflow/example_dags/example_external_task_marker_dag.py took 0.041 seconds
[2026-04-29T01:42:35.822+0200] {processor.py:161} INFO - Started process (PID=69341) to work on /Users/pablofrancoherrero/prueba_tecnica/venv/lib/python3.11/site-packages/airflow/example_dags/example_external_task_marker_dag.py
[2026-04-29T01:42:35.823+0200] {processor.py:830} INFO - Processing file /Users/pablofrancoherrero/prueba_tecnica/venv/lib/python3.11/site-packages/airflow/example_dags/example_external_task_marker_dag.py for tasks to queue
[2026-04-29T01:42:35.823+0200] {logging_mixin.py:188} INFO - [2026-04-29T01:42:35.823+0200] {dagbag.py:540} INFO - Filling up the DagBag from /Users/pablofrancoherrero/prueba_tecnica/venv/lib/python3.11/site-packages/airflow/example_dags/example_external_task_marker_dag.py
[2026-04-29T01:42:35.827+0200] {processor.py:840} INFO - DAG(s) 'example_external_task_marker_parent', 'example_external_task_marker_child' retrieved from /Users/pablofrancoherrero/prueba_tecnica/venv/lib/python3.11/site-packages/airflow/example_dags/example_external_task_marker_dag.py
[2026-04-29T01:42:35.853+0200] {logging_mixin.py:188} INFO - [2026-04-29T01:42:35.853+0200] {dag.py:3096} INFO - Sync 2 DAGs
[2026-04-29T01:42:35.855+0200] {logging_mixin.py:188} INFO - [2026-04-29T01:42:35.855+0200] {dag.py:3954} INFO - Setting next_dagrun for example_external_task_marker_child to None, run_after=None
[2026-04-29T01:42:35.856+0200] {logging_mixin.py:188} INFO - [2026-04-29T01:42:35.856+0200] {dag.py:3954} INFO - Setting next_dagrun for example_external_task_marker_parent to None, run_after=None
[2026-04-29T01:42:35.860+0200] {processor.py:183} INFO - Processing /Users/pablofrancoherrero/prueba_tecnica/venv/lib/python3.11/site-packages/airflow/example_dags/example_external_task_marker_dag.py took 0.039 seconds
[2026-04-29T01:44:04.964+0200] {processor.py:161} INFO - Started process (PID=69448) to work on /Users/pablofrancoherrero/prueba_tecnica/venv/lib/python3.11/site-packages/airflow/example_dags/example_external_task_marker_dag.py
[2026-04-29T01:44:04.964+0200] {processor.py:830} INFO - Processing file /Users/pablofrancoherrero/prueba_tecnica/venv/lib/python3.11/site-packages/airflow/example_dags/example_external_task_marker_dag.py for tasks to queue
[2026-04-29T01:44:04.964+0200] {logging_mixin.py:188} INFO - [2026-04-29T01:44:04.964+0200] {dagbag.py:540} INFO - Filling up the DagBag from /Users/pablofrancoherrero/prueba_tecnica/venv/lib/python3.11/site-packages/airflow/example_dags/example_external_task_marker_dag.py
[2026-04-29T01:44:04.968+0200] {processor.py:840} INFO - DAG(s) 'example_external_task_marker_parent', 'example_external_task_marker_child' retrieved from /Users/pablofrancoherrero/prueba_tecnica/venv/lib/python3.11/site-packages/airflow/example_dags/example_external_task_marker_dag.py
[2026-04-29T01:44:04.995+0200] {logging_mixin.py:188} INFO - [2026-04-29T01:44:04.995+0200] {dag.py:3096} INFO - Sync 2 DAGs
[2026-04-29T01:44:04.997+0200] {logging_mixin.py:188} INFO - [2026-04-29T01:44:04.997+0200] {dag.py:3954} INFO - Setting next_dagrun for example_external_task_marker_child to None, run_after=None
[2026-04-29T01:44:04.998+0200] {logging_mixin.py:188} INFO - [2026-04-29T01:44:04.998+0200] {dag.py:3954} INFO - Setting next_dagrun for example_external_task_marker_parent to None, run_after=None
[2026-04-29T01:44:05.003+0200] {processor.py:183} INFO - Processing /Users/pablofrancoherrero/prueba_tecnica/venv/lib/python3.11/site-packages/airflow/example_dags/example_external_task_marker_dag.py took 0.040 seconds
[2026-04-29T01:45:27.673+0200] {processor.py:161} INFO - Started process (PID=69535) to work on /Users/pablofrancoherrero/prueba_tecnica/venv/lib/python3.11/site-packages/airflow/example_dags/example_external_task_marker_dag.py
[2026-04-29T01:45:27.674+0200] {processor.py:830} INFO - Processing file /Users/pablofrancoherrero/prueba_tecnica/venv/lib/python3.11/site-packages/airflow/example_dags/example_external_task_marker_dag.py for tasks to queue
[2026-04-29T01:45:27.675+0200] {logging_mixin.py:188} INFO - [2026-04-29T01:45:27.675+0200] {dagbag.py:540} INFO - Filling up the DagBag from /Users/pablofrancoherrero/prueba_tecnica/venv/lib/python3.11/site-packages/airflow/example_dags/example_external_task_marker_dag.py
[2026-04-29T01:45:27.678+0200] {processor.py:840} INFO - DAG(s) 'example_external_task_marker_child', 'example_external_task_marker_parent' retrieved from /Users/pablofrancoherrero/prueba_tecnica/venv/lib/python3.11/site-packages/airflow/example_dags/example_external_task_marker_dag.py
[2026-04-29T01:45:27.705+0200] {logging_mixin.py:188} INFO - [2026-04-29T01:45:27.705+0200] {dag.py:3096} INFO - Sync 2 DAGs
[2026-04-29T01:45:27.707+0200] {logging_mixin.py:188} INFO - [2026-04-29T01:45:27.707+0200] {dag.py:3954} INFO - Setting next_dagrun for example_external_task_marker_child to None, run_after=None
[2026-04-29T01:45:27.708+0200] {logging_mixin.py:188} INFO - [2026-04-29T01:45:27.708+0200] {dag.py:3954} INFO - Setting next_dagrun for example_external_task_marker_parent to None, run_after=None
[2026-04-29T01:45:27.713+0200] {processor.py:183} INFO - Processing /Users/pablofrancoherrero/prueba_tecnica/venv/lib/python3.11/site-packages/airflow/example_dags/example_external_task_marker_dag.py took 0.040 seconds
[2026-04-29T01:46:48.714+0200] {processor.py:161} INFO - Started process (PID=69619) to work on /Users/pablofrancoherrero/prueba_tecnica/venv/lib/python3.11/site-packages/airflow/example_dags/example_external_task_marker_dag.py
[2026-04-29T01:46:48.715+0200] {processor.py:830} INFO - Processing file /Users/pablofrancoherrero/prueba_tecnica/venv/lib/python3.11/site-packages/airflow/example_dags/example_external_task_marker_dag.py for tasks to queue
[2026-04-29T01:46:48.715+0200] {logging_mixin.py:188} INFO - [2026-04-29T01:46:48.715+0200] {dagbag.py:540} INFO - Filling up the DagBag from /Users/pablofrancoherrero/prueba_tecnica/venv/lib/python3.11/site-packages/airflow/example_dags/example_external_task_marker_dag.py
[2026-04-29T01:46:48.719+0200] {processor.py:840} INFO - DAG(s) 'example_external_task_marker_child', 'example_external_task_marker_parent' retrieved from /Users/pablofrancoherrero/prueba_tecnica/venv/lib/python3.11/site-packages/airflow/example_dags/example_external_task_marker_dag.py
[2026-04-29T01:46:48.746+0200] {logging_mixin.py:188} INFO - [2026-04-29T01:46:48.746+0200] {dag.py:3096} INFO - Sync 2 DAGs
[2026-04-29T01:46:48.754+0200] {logging_mixin.py:188} INFO - [2026-04-29T01:46:48.754+0200] {dag.py:3954} INFO - Setting next_dagrun for example_external_task_marker_child to None, run_after=None
[2026-04-29T01:46:48.756+0200] {logging_mixin.py:188} INFO - [2026-04-29T01:46:48.756+0200] {dag.py:3954} INFO - Setting next_dagrun for example_external_task_marker_parent to None, run_after=None
[2026-04-29T01:46:48.763+0200] {processor.py:183} INFO - Processing /Users/pablofrancoherrero/prueba_tecnica/venv/lib/python3.11/site-packages/airflow/example_dags/example_external_task_marker_dag.py took 0.050 seconds
[2026-04-29T01:48:12.886+0200] {processor.py:161} INFO - Started process (PID=69738) to work on /Users/pablofrancoherrero/prueba_tecnica/venv/lib/python3.11/site-packages/airflow/example_dags/example_external_task_marker_dag.py
[2026-04-29T01:48:12.886+0200] {processor.py:830} INFO - Processing file /Users/pablofrancoherrero/prueba_tecnica/venv/lib/python3.11/site-packages/airflow/example_dags/example_external_task_marker_dag.py for tasks to queue
[2026-04-29T01:48:12.886+0200] {logging_mixin.py:188} INFO - [2026-04-29T01:48:12.886+0200] {dagbag.py:540} INFO - Filling up the DagBag from /Users/pablofrancoherrero/prueba_tecnica/venv/lib/python3.11/site-packages/airflow/example_dags/example_external_task_marker_dag.py
[2026-04-29T01:48:12.890+0200] {processor.py:840} INFO - DAG(s) 'example_external_task_marker_child', 'example_external_task_marker_parent' retrieved from /Users/pablofrancoherrero/prueba_tecnica/venv/lib/python3.11/site-packages/airflow/example_dags/example_external_task_marker_dag.py
[2026-04-29T01:48:12.917+0200] {logging_mixin.py:188} INFO - [2026-04-29T01:48:12.917+0200] {dag.py:3096} INFO - Sync 2 DAGs
[2026-04-29T01:48:12.919+0200] {logging_mixin.py:188} INFO - [2026-04-29T01:48:12.919+0200] {dag.py:3954} INFO - Setting next_dagrun for example_external_task_marker_child to None, run_after=None
[2026-04-29T01:48:12.920+0200] {logging_mixin.py:188} INFO - [2026-04-29T01:48:12.920+0200] {dag.py:3954} INFO - Setting next_dagrun for example_external_task_marker_parent to None, run_after=None
[2026-04-29T01:48:12.924+0200] {processor.py:183} INFO - Processing /Users/pablofrancoherrero/prueba_tecnica/venv/lib/python3.11/site-packages/airflow/example_dags/example_external_task_marker_dag.py took 0.040 seconds
[2026-04-29T01:49:30.022+0200] {processor.py:161} INFO - Started process (PID=69829) to work on /Users/pablofrancoherrero/prueba_tecnica/venv/lib/python3.11/site-packages/airflow/example_dags/example_external_task_marker_dag.py
[2026-04-29T01:49:30.023+0200] {processor.py:830} INFO - Processing file /Users/pablofrancoherrero/prueba_tecnica/venv/lib/python3.11/site-packages/airflow/example_dags/example_external_task_marker_dag.py for tasks to queue
[2026-04-29T01:49:30.023+0200] {logging_mixin.py:188} INFO - [2026-04-29T01:49:30.023+0200] {dagbag.py:540} INFO - Filling up the DagBag from /Users/pablofrancoherrero/prueba_tecnica/venv/lib/python3.11/site-packages/airflow/example_dags/example_external_task_marker_dag.py
[2026-04-29T01:49:30.027+0200] {processor.py:840} INFO - DAG(s) 'example_external_task_marker_parent', 'example_external_task_marker_child' retrieved from /Users/pablofrancoherrero/prueba_tecnica/venv/lib/python3.11/site-packages/airflow/example_dags/example_external_task_marker_dag.py
[2026-04-29T01:49:30.053+0200] {logging_mixin.py:188} INFO - [2026-04-29T01:49:30.053+0200] {dag.py:3096} INFO - Sync 2 DAGs
[2026-04-29T01:49:30.056+0200] {logging_mixin.py:188} INFO - [2026-04-29T01:49:30.056+0200] {dag.py:3954} INFO - Setting next_dagrun for example_external_task_marker_child to None, run_after=None
[2026-04-29T01:49:30.056+0200] {logging_mixin.py:188} INFO - [2026-04-29T01:49:30.056+0200] {dag.py:3954} INFO - Setting next_dagrun for example_external_task_marker_parent to None, run_after=None
[2026-04-29T01:49:30.061+0200] {processor.py:183} INFO - Processing /Users/pablofrancoherrero/prueba_tecnica/venv/lib/python3.11/site-packages/airflow/example_dags/example_external_task_marker_dag.py took 0.040 seconds
[2026-04-29T01:50:47.861+0200] {processor.py:161} INFO - Started process (PID=69909) to work on /Users/pablofrancoherrero/prueba_tecnica/venv/lib/python3.11/site-packages/airflow/example_dags/example_external_task_marker_dag.py
[2026-04-29T01:50:47.862+0200] {processor.py:830} INFO - Processing file /Users/pablofrancoherrero/prueba_tecnica/venv/lib/python3.11/site-packages/airflow/example_dags/example_external_task_marker_dag.py for tasks to queue
[2026-04-29T01:50:47.862+0200] {logging_mixin.py:188} INFO - [2026-04-29T01:50:47.862+0200] {dagbag.py:540} INFO - Filling up the DagBag from /Users/pablofrancoherrero/prueba_tecnica/venv/lib/python3.11/site-packages/airflow/example_dags/example_external_task_marker_dag.py
[2026-04-29T01:50:47.866+0200] {processor.py:840} INFO - DAG(s) 'example_external_task_marker_child', 'example_external_task_marker_parent' retrieved from /Users/pablofrancoherrero/prueba_tecnica/venv/lib/python3.11/site-packages/airflow/example_dags/example_external_task_marker_dag.py
[2026-04-29T01:50:47.892+0200] {logging_mixin.py:188} INFO - [2026-04-29T01:50:47.892+0200] {dag.py:3096} INFO - Sync 2 DAGs
[2026-04-29T01:50:47.894+0200] {logging_mixin.py:188} INFO - [2026-04-29T01:50:47.894+0200] {dag.py:3954} INFO - Setting next_dagrun for example_external_task_marker_child to None, run_after=None
[2026-04-29T01:50:47.895+0200] {logging_mixin.py:188} INFO - [2026-04-29T01:50:47.895+0200] {dag.py:3954} INFO - Setting next_dagrun for example_external_task_marker_parent to None, run_after=None
[2026-04-29T01:50:47.899+0200] {processor.py:183} INFO - Processing /Users/pablofrancoherrero/prueba_tecnica/venv/lib/python3.11/site-packages/airflow/example_dags/example_external_task_marker_dag.py took 0.039 seconds
[2026-04-29T01:52:07.959+0200] {processor.py:161} INFO - Started process (PID=69995) to work on /Users/pablofrancoherrero/prueba_tecnica/venv/lib/python3.11/site-packages/airflow/example_dags/example_external_task_marker_dag.py
[2026-04-29T01:52:07.960+0200] {processor.py:830} INFO - Processing file /Users/pablofrancoherrero/prueba_tecnica/venv/lib/python3.11/site-packages/airflow/example_dags/example_external_task_marker_dag.py for tasks to queue
[2026-04-29T01:52:07.960+0200] {logging_mixin.py:188} INFO - [2026-04-29T01:52:07.960+0200] {dagbag.py:540} INFO - Filling up the DagBag from /Users/pablofrancoherrero/prueba_tecnica/venv/lib/python3.11/site-packages/airflow/example_dags/example_external_task_marker_dag.py
[2026-04-29T01:52:07.964+0200] {processor.py:840} INFO - DAG(s) 'example_external_task_marker_parent', 'example_external_task_marker_child' retrieved from /Users/pablofrancoherrero/prueba_tecnica/venv/lib/python3.11/site-packages/airflow/example_dags/example_external_task_marker_dag.py
[2026-04-29T01:52:07.991+0200] {logging_mixin.py:188} INFO - [2026-04-29T01:52:07.991+0200] {dag.py:3096} INFO - Sync 2 DAGs
[2026-04-29T01:52:07.993+0200] {logging_mixin.py:188} INFO - [2026-04-29T01:52:07.993+0200] {dag.py:3954} INFO - Setting next_dagrun for example_external_task_marker_child to None, run_after=None
[2026-04-29T01:52:07.994+0200] {logging_mixin.py:188} INFO - [2026-04-29T01:52:07.994+0200] {dag.py:3954} INFO - Setting next_dagrun for example_external_task_marker_parent to None, run_after=None
[2026-04-29T01:52:07.999+0200] {processor.py:183} INFO - Processing /Users/pablofrancoherrero/prueba_tecnica/venv/lib/python3.11/site-packages/airflow/example_dags/example_external_task_marker_dag.py took 0.040 seconds
[2026-04-29T01:53:28.032+0200] {processor.py:161} INFO - Started process (PID=70093) to work on /Users/pablofrancoherrero/prueba_tecnica/venv/lib/python3.11/site-packages/airflow/example_dags/example_external_task_marker_dag.py
[2026-04-29T01:53:28.033+0200] {processor.py:830} INFO - Processing file /Users/pablofrancoherrero/prueba_tecnica/venv/lib/python3.11/site-packages/airflow/example_dags/example_external_task_marker_dag.py for tasks to queue
[2026-04-29T01:53:28.033+0200] {logging_mixin.py:188} INFO - [2026-04-29T01:53:28.033+0200] {dagbag.py:540} INFO - Filling up the DagBag from /Users/pablofrancoherrero/prueba_tecnica/venv/lib/python3.11/site-packages/airflow/example_dags/example_external_task_marker_dag.py
[2026-04-29T01:53:28.037+0200] {processor.py:840} INFO - DAG(s) 'example_external_task_marker_parent', 'example_external_task_marker_child' retrieved from /Users/pablofrancoherrero/prueba_tecnica/venv/lib/python3.11/site-packages/airflow/example_dags/example_external_task_marker_dag.py
[2026-04-29T01:53:28.063+0200] {logging_mixin.py:188} INFO - [2026-04-29T01:53:28.063+0200] {dag.py:3096} INFO - Sync 2 DAGs
[2026-04-29T01:53:28.065+0200] {logging_mixin.py:188} INFO - [2026-04-29T01:53:28.065+0200] {dag.py:3954} INFO - Setting next_dagrun for example_external_task_marker_child to None, run_after=None
[2026-04-29T01:53:28.066+0200] {logging_mixin.py:188} INFO - [2026-04-29T01:53:28.066+0200] {dag.py:3954} INFO - Setting next_dagrun for example_external_task_marker_parent to None, run_after=None
[2026-04-29T01:53:28.071+0200] {processor.py:183} INFO - Processing /Users/pablofrancoherrero/prueba_tecnica/venv/lib/python3.11/site-packages/airflow/example_dags/example_external_task_marker_dag.py took 0.040 seconds
[2026-04-29T01:54:47.975+0200] {processor.py:161} INFO - Started process (PID=70233) to work on /Users/pablofrancoherrero/prueba_tecnica/venv/lib/python3.11/site-packages/airflow/example_dags/example_external_task_marker_dag.py
[2026-04-29T01:54:47.976+0200] {processor.py:830} INFO - Processing file /Users/pablofrancoherrero/prueba_tecnica/venv/lib/python3.11/site-packages/airflow/example_dags/example_external_task_marker_dag.py for tasks to queue
[2026-04-29T01:54:47.976+0200] {logging_mixin.py:188} INFO - [2026-04-29T01:54:47.976+0200] {dagbag.py:540} INFO - Filling up the DagBag from /Users/pablofrancoherrero/prueba_tecnica/venv/lib/python3.11/site-packages/airflow/example_dags/example_external_task_marker_dag.py
[2026-04-29T01:54:47.980+0200] {processor.py:840} INFO - DAG(s) 'example_external_task_marker_child', 'example_external_task_marker_parent' retrieved from /Users/pablofrancoherrero/prueba_tecnica/venv/lib/python3.11/site-packages/airflow/example_dags/example_external_task_marker_dag.py
[2026-04-29T01:54:48.006+0200] {logging_mixin.py:188} INFO - [2026-04-29T01:54:48.006+0200] {dag.py:3096} INFO - Sync 2 DAGs
[2026-04-29T01:54:48.008+0200] {logging_mixin.py:188} INFO - [2026-04-29T01:54:48.008+0200] {dag.py:3954} INFO - Setting next_dagrun for example_external_task_marker_child to None, run_after=None
[2026-04-29T01:54:48.009+0200] {logging_mixin.py:188} INFO - [2026-04-29T01:54:48.009+0200] {dag.py:3954} INFO - Setting next_dagrun for example_external_task_marker_parent to None, run_after=None
[2026-04-29T01:54:48.013+0200] {processor.py:183} INFO - Processing /Users/pablofrancoherrero/prueba_tecnica/venv/lib/python3.11/site-packages/airflow/example_dags/example_external_task_marker_dag.py took 0.039 seconds
[2026-04-29T01:56:11.917+0200] {processor.py:161} INFO - Started process (PID=70332) to work on /Users/pablofrancoherrero/prueba_tecnica/venv/lib/python3.11/site-packages/airflow/example_dags/example_external_task_marker_dag.py
[2026-04-29T01:56:11.918+0200] {processor.py:830} INFO - Processing file /Users/pablofrancoherrero/prueba_tecnica/venv/lib/python3.11/site-packages/airflow/example_dags/example_external_task_marker_dag.py for tasks to queue
[2026-04-29T01:56:11.918+0200] {logging_mixin.py:188} INFO - [2026-04-29T01:56:11.918+0200] {dagbag.py:540} INFO - Filling up the DagBag from /Users/pablofrancoherrero/prueba_tecnica/venv/lib/python3.11/site-packages/airflow/example_dags/example_external_task_marker_dag.py
[2026-04-29T01:56:11.922+0200] {processor.py:840} INFO - DAG(s) 'example_external_task_marker_child', 'example_external_task_marker_parent' retrieved from /Users/pablofrancoherrero/prueba_tecnica/venv/lib/python3.11/site-packages/airflow/example_dags/example_external_task_marker_dag.py
[2026-04-29T01:56:11.948+0200] {logging_mixin.py:188} INFO - [2026-04-29T01:56:11.948+0200] {dag.py:3096} INFO - Sync 2 DAGs
[2026-04-29T01:56:11.950+0200] {logging_mixin.py:188} INFO - [2026-04-29T01:56:11.950+0200] {dag.py:3954} INFO - Setting next_dagrun for example_external_task_marker_child to None, run_after=None
[2026-04-29T01:56:11.951+0200] {logging_mixin.py:188} INFO - [2026-04-29T01:56:11.951+0200] {dag.py:3954} INFO - Setting next_dagrun for example_external_task_marker_parent to None, run_after=None
[2026-04-29T01:56:11.956+0200] {processor.py:183} INFO - Processing /Users/pablofrancoherrero/prueba_tecnica/venv/lib/python3.11/site-packages/airflow/example_dags/example_external_task_marker_dag.py took 0.040 seconds
[2026-04-29T01:57:33.288+0200] {processor.py:161} INFO - Started process (PID=70420) to work on /Users/pablofrancoherrero/prueba_tecnica/venv/lib/python3.11/site-packages/airflow/example_dags/example_external_task_marker_dag.py
[2026-04-29T01:57:33.289+0200] {processor.py:830} INFO - Processing file /Users/pablofrancoherrero/prueba_tecnica/venv/lib/python3.11/site-packages/airflow/example_dags/example_external_task_marker_dag.py for tasks to queue
[2026-04-29T01:57:33.289+0200] {logging_mixin.py:188} INFO - [2026-04-29T01:57:33.289+0200] {dagbag.py:540} INFO - Filling up the DagBag from /Users/pablofrancoherrero/prueba_tecnica/venv/lib/python3.11/site-packages/airflow/example_dags/example_external_task_marker_dag.py
[2026-04-29T01:57:33.293+0200] {processor.py:840} INFO - DAG(s) 'example_external_task_marker_child', 'example_external_task_marker_parent' retrieved from /Users/pablofrancoherrero/prueba_tecnica/venv/lib/python3.11/site-packages/airflow/example_dags/example_external_task_marker_dag.py
[2026-04-29T01:57:33.320+0200] {logging_mixin.py:188} INFO - [2026-04-29T01:57:33.320+0200] {dag.py:3096} INFO - Sync 2 DAGs
[2026-04-29T01:57:33.323+0200] {logging_mixin.py:188} INFO - [2026-04-29T01:57:33.323+0200] {dag.py:3954} INFO - Setting next_dagrun for example_external_task_marker_child to None, run_after=None
[2026-04-29T01:57:33.323+0200] {logging_mixin.py:188} INFO - [2026-04-29T01:57:33.323+0200] {dag.py:3954} INFO - Setting next_dagrun for example_external_task_marker_parent to None, run_after=None
[2026-04-29T01:57:33.328+0200] {processor.py:183} INFO - Processing /Users/pablofrancoherrero/prueba_tecnica/venv/lib/python3.11/site-packages/airflow/example_dags/example_external_task_marker_dag.py took 0.041 seconds
[2026-04-29T01:58:55.378+0200] {processor.py:161} INFO - Started process (PID=70534) to work on /Users/pablofrancoherrero/prueba_tecnica/venv/lib/python3.11/site-packages/airflow/example_dags/example_external_task_marker_dag.py
[2026-04-29T01:58:55.378+0200] {processor.py:830} INFO - Processing file /Users/pablofrancoherrero/prueba_tecnica/venv/lib/python3.11/site-packages/airflow/example_dags/example_external_task_marker_dag.py for tasks to queue
[2026-04-29T01:58:55.379+0200] {logging_mixin.py:188} INFO - [2026-04-29T01:58:55.379+0200] {dagbag.py:540} INFO - Filling up the DagBag from /Users/pablofrancoherrero/prueba_tecnica/venv/lib/python3.11/site-packages/airflow/example_dags/example_external_task_marker_dag.py
[2026-04-29T01:58:55.382+0200] {processor.py:840} INFO - DAG(s) 'example_external_task_marker_child', 'example_external_task_marker_parent' retrieved from /Users/pablofrancoherrero/prueba_tecnica/venv/lib/python3.11/site-packages/airflow/example_dags/example_external_task_marker_dag.py
[2026-04-29T01:58:55.409+0200] {logging_mixin.py:188} INFO - [2026-04-29T01:58:55.409+0200] {dag.py:3096} INFO - Sync 2 DAGs
[2026-04-29T01:58:55.411+0200] {logging_mixin.py:188} INFO - [2026-04-29T01:58:55.411+0200] {dag.py:3954} INFO - Setting next_dagrun for example_external_task_marker_child to None, run_after=None
[2026-04-29T01:58:55.412+0200] {logging_mixin.py:188} INFO - [2026-04-29T01:58:55.412+0200] {dag.py:3954} INFO - Setting next_dagrun for example_external_task_marker_parent to None, run_after=None
[2026-04-29T01:58:55.417+0200] {processor.py:183} INFO - Processing /Users/pablofrancoherrero/prueba_tecnica/venv/lib/python3.11/site-packages/airflow/example_dags/example_external_task_marker_dag.py took 0.039 seconds
