[2026-04-29T02:01:02.550+0200] {processor.py:161} INFO - Started process (PID=70671) to work on /Users/pablofrancoherrero/prueba_tecnica/venv/lib/python3.11/site-packages/airflow/example_dags/example_skip_dag.py
[2026-04-29T02:01:02.550+0200] {processor.py:830} INFO - Processing file /Users/pablofrancoherrero/prueba_tecnica/venv/lib/python3.11/site-packages/airflow/example_dags/example_skip_dag.py for tasks to queue
[2026-04-29T02:01:02.550+0200] {logging_mixin.py:188} INFO - [2026-04-29T02:01:02.550+0200] {dagbag.py:540} INFO - Filling up the DagBag from /Users/pablofrancoherrero/prueba_tecnica/venv/lib/python3.11/site-packages/airflow/example_dags/example_skip_dag.py
[2026-04-29T02:01:02.552+0200] {processor.py:840} INFO - DAG(s) 'example_skip_dag' retrieved from /Users/pablofrancoherrero/prueba_tecnica/venv/lib/python3.11/site-packages/airflow/example_dags/example_skip_dag.py
[2026-04-29T02:01:02.579+0200] {logging_mixin.py:188} INFO - [2026-04-29T02:01:02.579+0200] {dag.py:3096} INFO - Sync 1 DAGs
[2026-04-29T02:01:02.583+0200] {logging_mixin.py:188} INFO - [2026-04-29T02:01:02.583+0200] {dag.py:3954} INFO - Setting next_dagrun for example_skip_dag to 2026-04-28 00:00:00+00:00, run_after=2026-04-29 00:00:00+00:00
[2026-04-29T02:01:02.588+0200] {processor.py:183} INFO - Processing /Users/pablofrancoherrero/prueba_tecnica/venv/lib/python3.11/site-packages/airflow/example_dags/example_skip_dag.py took 0.039 seconds
[2026-04-29T02:02:25.788+0200] {processor.py:161} INFO - Started process (PID=70770) to work on /Users/pablofrancoherrero/prueba_tecnica/venv/lib/python3.11/site-packages/airflow/example_dags/example_skip_dag.py
[2026-04-29T02:02:25.789+0200] {processor.py:830} INFO - Processing file /Users/pablofrancoherrero/prueba_tecnica/venv/lib/python3.11/site-packages/airflow/example_dags/example_skip_dag.py for tasks to queue
[2026-04-29T02:02:25.789+0200] {logging_mixin.py:188} INFO - [2026-04-29T02:02:25.789+0200] {dagbag.py:540} INFO - Filling up the DagBag from /Users/pablofrancoherrero/prueba_tecnica/venv/lib/python3.11/site-packages/airflow/example_dags/example_skip_dag.py
[2026-04-29T02:02:25.791+0200] {processor.py:840} INFO - DAG(s) 'example_skip_dag' retrieved from /Users/pablofrancoherrero/prueba_tecnica/venv/lib/python3.11/site-packages/airflow/example_dags/example_skip_dag.py
[2026-04-29T02:02:25.817+0200] {logging_mixin.py:188} INFO - [2026-04-29T02:02:25.817+0200] {dag.py:3096} INFO - Sync 1 DAGs
[2026-04-29T02:02:25.821+0200] {logging_mixin.py:188} INFO - [2026-04-29T02:02:25.821+0200] {dag.py:3954} INFO - Setting next_dagrun for example_skip_dag to 2026-04-28 00:00:00+00:00, run_after=2026-04-29 00:00:00+00:00
[2026-04-29T02:02:25.826+0200] {processor.py:183} INFO - Processing /Users/pablofrancoherrero/prueba_tecnica/venv/lib/python3.11/site-packages/airflow/example_dags/example_skip_dag.py took 0.039 seconds
[2026-04-29T02:03:44.671+0200] {processor.py:161} INFO - Started process (PID=70853) to work on /Users/pablofrancoherrero/prueba_tecnica/venv/lib/python3.11/site-packages/airflow/example_dags/example_skip_dag.py
[2026-04-29T02:03:44.672+0200] {processor.py:830} INFO - Processing file /Users/pablofrancoherrero/prueba_tecnica/venv/lib/python3.11/site-packages/airflow/example_dags/example_skip_dag.py for tasks to queue
[2026-04-29T02:03:44.673+0200] {logging_mixin.py:188} INFO - [2026-04-29T02:03:44.673+0200] {dagbag.py:540} INFO - Filling up the DagBag from /Users/pablofrancoherrero/prueba_tecnica/venv/lib/python3.11/site-packages/airflow/example_dags/example_skip_dag.py
[2026-04-29T02:03:44.675+0200] {processor.py:840} INFO - DAG(s) 'example_skip_dag' retrieved from /Users/pablofrancoherrero/prueba_tecnica/venv/lib/python3.11/site-packages/airflow/example_dags/example_skip_dag.py
[2026-04-29T02:03:44.701+0200] {logging_mixin.py:188} INFO - [2026-04-29T02:03:44.701+0200] {dag.py:3096} INFO - Sync 1 DAGs
[2026-04-29T02:03:44.705+0200] {logging_mixin.py:188} INFO - [2026-04-29T02:03:44.705+0200] {dag.py:3954} INFO - Setting next_dagrun for example_skip_dag to 2026-04-28 00:00:00+00:00, run_after=2026-04-29 00:00:00+00:00
[2026-04-29T02:03:44.710+0200] {processor.py:183} INFO - Processing /Users/pablofrancoherrero/prueba_tecnica/venv/lib/python3.11/site-packages/airflow/example_dags/example_skip_dag.py took 0.040 seconds
[2026-04-29T02:05:02.632+0200] {processor.py:161} INFO - Started process (PID=70954) to work on /Users/pablofrancoherrero/prueba_tecnica/venv/lib/python3.11/site-packages/airflow/example_dags/example_skip_dag.py
[2026-04-29T02:05:02.633+0200] {processor.py:830} INFO - Processing file /Users/pablofrancoherrero/prueba_tecnica/venv/lib/python3.11/site-packages/airflow/example_dags/example_skip_dag.py for tasks to queue
[2026-04-29T02:05:02.633+0200] {logging_mixin.py:188} INFO - [2026-04-29T02:05:02.633+0200] {dagbag.py:540} INFO - Filling up the DagBag from /Users/pablofrancoherrero/prueba_tecnica/venv/lib/python3.11/site-packages/airflow/example_dags/example_skip_dag.py
[2026-04-29T02:05:02.636+0200] {processor.py:840} INFO - DAG(s) 'example_skip_dag' retrieved from /Users/pablofrancoherrero/prueba_tecnica/venv/lib/python3.11/site-packages/airflow/example_dags/example_skip_dag.py
[2026-04-29T02:05:02.661+0200] {logging_mixin.py:188} INFO - [2026-04-29T02:05:02.661+0200] {dag.py:3096} INFO - Sync 1 DAGs
[2026-04-29T02:05:02.665+0200] {logging_mixin.py:188} INFO - [2026-04-29T02:05:02.665+0200] {dag.py:3954} INFO - Setting next_dagrun for example_skip_dag to 2026-04-28 00:00:00+00:00, run_after=2026-04-29 00:00:00+00:00
[2026-04-29T02:05:02.670+0200] {processor.py:183} INFO - Processing /Users/pablofrancoherrero/prueba_tecnica/venv/lib/python3.11/site-packages/airflow/example_dags/example_skip_dag.py took 0.038 seconds
[2026-04-29T02:06:24.135+0200] {processor.py:161} INFO - Started process (PID=71041) to work on /Users/pablofrancoherrero/prueba_tecnica/venv/lib/python3.11/site-packages/airflow/example_dags/example_skip_dag.py
[2026-04-29T02:06:24.136+0200] {processor.py:830} INFO - Processing file /Users/pablofrancoherrero/prueba_tecnica/venv/lib/python3.11/site-packages/airflow/example_dags/example_skip_dag.py for tasks to queue
[2026-04-29T02:06:24.136+0200] {logging_mixin.py:188} INFO - [2026-04-29T02:06:24.136+0200] {dagbag.py:540} INFO - Filling up the DagBag from /Users/pablofrancoherrero/prueba_tecnica/venv/lib/python3.11/site-packages/airflow/example_dags/example_skip_dag.py
[2026-04-29T02:06:24.138+0200] {processor.py:840} INFO - DAG(s) 'example_skip_dag' retrieved from /Users/pablofrancoherrero/prueba_tecnica/venv/lib/python3.11/site-packages/airflow/example_dags/example_skip_dag.py
[2026-04-29T02:06:24.164+0200] {logging_mixin.py:188} INFO - [2026-04-29T02:06:24.164+0200] {dag.py:3096} INFO - Sync 1 DAGs
[2026-04-29T02:06:24.168+0200] {logging_mixin.py:188} INFO - [2026-04-29T02:06:24.168+0200] {dag.py:3954} INFO - Setting next_dagrun for example_skip_dag to 2026-04-28 00:00:00+00:00, run_after=2026-04-29 00:00:00+00:00
[2026-04-29T02:06:24.173+0200] {processor.py:183} INFO - Processing /Users/pablofrancoherrero/prueba_tecnica/venv/lib/python3.11/site-packages/airflow/example_dags/example_skip_dag.py took 0.039 seconds
[2026-04-29T02:07:44.719+0200] {processor.py:161} INFO - Started process (PID=71128) to work on /Users/pablofrancoherrero/prueba_tecnica/venv/lib/python3.11/site-packages/airflow/example_dags/example_skip_dag.py
[2026-04-29T02:07:44.720+0200] {processor.py:830} INFO - Processing file /Users/pablofrancoherrero/prueba_tecnica/venv/lib/python3.11/site-packages/airflow/example_dags/example_skip_dag.py for tasks to queue
[2026-04-29T02:07:44.720+0200] {logging_mixin.py:188} INFO - [2026-04-29T02:07:44.720+0200] {dagbag.py:540} INFO - Filling up the DagBag from /Users/pablofrancoherrero/prueba_tecnica/venv/lib/python3.11/site-packages/airflow/example_dags/example_skip_dag.py
[2026-04-29T02:07:44.722+0200] {processor.py:840} INFO - DAG(s) 'example_skip_dag' retrieved from /Users/pablofrancoherrero/prueba_tecnica/venv/lib/python3.11/site-packages/airflow/example_dags/example_skip_dag.py
[2026-04-29T02:07:44.747+0200] {logging_mixin.py:188} INFO - [2026-04-29T02:07:44.747+0200] {dag.py:3096} INFO - Sync 1 DAGs
[2026-04-29T02:07:44.752+0200] {logging_mixin.py:188} INFO - [2026-04-29T02:07:44.752+0200] {dag.py:3954} INFO - Setting next_dagrun for example_skip_dag to 2026-04-28 00:00:00+00:00, run_after=2026-04-29 00:00:00+00:00
[2026-04-29T02:07:44.756+0200] {processor.py:183} INFO - Processing /Users/pablofrancoherrero/prueba_tecnica/venv/lib/python3.11/site-packages/airflow/example_dags/example_skip_dag.py took 0.038 seconds
[2026-04-29T02:09:04.633+0200] {processor.py:161} INFO - Started process (PID=71212) to work on /Users/pablofrancoherrero/prueba_tecnica/venv/lib/python3.11/site-packages/airflow/example_dags/example_skip_dag.py
[2026-04-29T02:09:04.634+0200] {processor.py:830} INFO - Processing file /Users/pablofrancoherrero/prueba_tecnica/venv/lib/python3.11/site-packages/airflow/example_dags/example_skip_dag.py for tasks to queue
[2026-04-29T02:09:04.634+0200] {logging_mixin.py:188} INFO - [2026-04-29T02:09:04.634+0200] {dagbag.py:540} INFO - Filling up the DagBag from /Users/pablofrancoherrero/prueba_tecnica/venv/lib/python3.11/site-packages/airflow/example_dags/example_skip_dag.py
[2026-04-29T02:09:04.637+0200] {processor.py:840} INFO - DAG(s) 'example_skip_dag' retrieved from /Users/pablofrancoherrero/prueba_tecnica/venv/lib/python3.11/site-packages/airflow/example_dags/example_skip_dag.py
[2026-04-29T02:09:04.662+0200] {logging_mixin.py:188} INFO - [2026-04-29T02:09:04.662+0200] {dag.py:3096} INFO - Sync 1 DAGs
[2026-04-29T02:09:04.666+0200] {logging_mixin.py:188} INFO - [2026-04-29T02:09:04.666+0200] {dag.py:3954} INFO - Setting next_dagrun for example_skip_dag to 2026-04-28 00:00:00+00:00, run_after=2026-04-29 00:00:00+00:00
[2026-04-29T02:09:04.671+0200] {processor.py:183} INFO - Processing /Users/pablofrancoherrero/prueba_tecnica/venv/lib/python3.11/site-packages/airflow/example_dags/example_skip_dag.py took 0.039 seconds
[2026-04-29T02:10:27.394+0200] {processor.py:161} INFO - Started process (PID=71313) to work on /Users/pablofrancoherrero/prueba_tecnica/venv/lib/python3.11/site-packages/airflow/example_dags/example_skip_dag.py
[2026-04-29T02:10:27.395+0200] {processor.py:830} INFO - Processing file /Users/pablofrancoherrero/prueba_tecnica/venv/lib/python3.11/site-packages/airflow/example_dags/example_skip_dag.py for tasks to queue
[2026-04-29T02:10:27.395+0200] {logging_mixin.py:188} INFO - [2026-04-29T02:10:27.395+0200] {dagbag.py:540} INFO - Filling up the DagBag from /Users/pablofrancoherrero/prueba_tecnica/venv/lib/python3.11/site-packages/airflow/example_dags/example_skip_dag.py
[2026-04-29T02:10:27.397+0200] {processor.py:840} INFO - DAG(s) 'example_skip_dag' retrieved from /Users/pablofrancoherrero/prueba_tecnica/venv/lib/python3.11/site-packages/airflow/example_dags/example_skip_dag.py
[2026-04-29T02:10:27.423+0200] {logging_mixin.py:188} INFO - [2026-04-29T02:10:27.422+0200] {dag.py:3096} INFO - Sync 1 DAGs
[2026-04-29T02:10:27.427+0200] {logging_mixin.py:188} INFO - [2026-04-29T02:10:27.427+0200] {dag.py:3954} INFO - Setting next_dagrun for example_skip_dag to 2026-04-28 00:00:00+00:00, run_after=2026-04-29 00:00:00+00:00
[2026-04-29T02:10:27.432+0200] {processor.py:183} INFO - Processing /Users/pablofrancoherrero/prueba_tecnica/venv/lib/python3.11/site-packages/airflow/example_dags/example_skip_dag.py took 0.039 seconds
[2026-04-29T02:11:51.599+0200] {processor.py:161} INFO - Started process (PID=71400) to work on /Users/pablofrancoherrero/prueba_tecnica/venv/lib/python3.11/site-packages/airflow/example_dags/example_skip_dag.py
[2026-04-29T02:11:51.599+0200] {processor.py:830} INFO - Processing file /Users/pablofrancoherrero/prueba_tecnica/venv/lib/python3.11/site-packages/airflow/example_dags/example_skip_dag.py for tasks to queue
[2026-04-29T02:11:51.600+0200] {logging_mixin.py:188} INFO - [2026-04-29T02:11:51.600+0200] {dagbag.py:540} INFO - Filling up the DagBag from /Users/pablofrancoherrero/prueba_tecnica/venv/lib/python3.11/site-packages/airflow/example_dags/example_skip_dag.py
[2026-04-29T02:11:51.602+0200] {processor.py:840} INFO - DAG(s) 'example_skip_dag' retrieved from /Users/pablofrancoherrero/prueba_tecnica/venv/lib/python3.11/site-packages/airflow/example_dags/example_skip_dag.py
[2026-04-29T02:11:51.627+0200] {logging_mixin.py:188} INFO - [2026-04-29T02:11:51.627+0200] {dag.py:3096} INFO - Sync 1 DAGs
[2026-04-29T02:11:51.631+0200] {logging_mixin.py:188} INFO - [2026-04-29T02:11:51.631+0200] {dag.py:3954} INFO - Setting next_dagrun for example_skip_dag to 2026-04-28 00:00:00+00:00, run_after=2026-04-29 00:00:00+00:00
[2026-04-29T02:11:51.637+0200] {processor.py:183} INFO - Processing /Users/pablofrancoherrero/prueba_tecnica/venv/lib/python3.11/site-packages/airflow/example_dags/example_skip_dag.py took 0.038 seconds
[2026-04-29T02:13:13.150+0200] {processor.py:161} INFO - Started process (PID=71484) to work on /Users/pablofrancoherrero/prueba_tecnica/venv/lib/python3.11/site-packages/airflow/example_dags/example_skip_dag.py
[2026-04-29T02:13:13.151+0200] {processor.py:830} INFO - Processing file /Users/pablofrancoherrero/prueba_tecnica/venv/lib/python3.11/site-packages/airflow/example_dags/example_skip_dag.py for tasks to queue
[2026-04-29T02:13:13.151+0200] {logging_mixin.py:188} INFO - [2026-04-29T02:13:13.151+0200] {dagbag.py:540} INFO - Filling up the DagBag from /Users/pablofrancoherrero/prueba_tecnica/venv/lib/python3.11/site-packages/airflow/example_dags/example_skip_dag.py
[2026-04-29T02:13:13.153+0200] {processor.py:840} INFO - DAG(s) 'example_skip_dag' retrieved from /Users/pablofrancoherrero/prueba_tecnica/venv/lib/python3.11/site-packages/airflow/example_dags/example_skip_dag.py
[2026-04-29T02:13:13.179+0200] {logging_mixin.py:188} INFO - [2026-04-29T02:13:13.179+0200] {dag.py:3096} INFO - Sync 1 DAGs
[2026-04-29T02:13:13.183+0200] {logging_mixin.py:188} INFO - [2026-04-29T02:13:13.183+0200] {dag.py:3954} INFO - Setting next_dagrun for example_skip_dag to 2026-04-28 00:00:00+00:00, run_after=2026-04-29 00:00:00+00:00
[2026-04-29T02:13:13.188+0200] {processor.py:183} INFO - Processing /Users/pablofrancoherrero/prueba_tecnica/venv/lib/python3.11/site-packages/airflow/example_dags/example_skip_dag.py took 0.039 seconds
[2026-04-29T02:14:30.871+0200] {processor.py:161} INFO - Started process (PID=71566) to work on /Users/pablofrancoherrero/prueba_tecnica/venv/lib/python3.11/site-packages/airflow/example_dags/example_skip_dag.py
[2026-04-29T02:14:30.872+0200] {processor.py:830} INFO - Processing file /Users/pablofrancoherrero/prueba_tecnica/venv/lib/python3.11/site-packages/airflow/example_dags/example_skip_dag.py for tasks to queue
[2026-04-29T02:14:30.872+0200] {logging_mixin.py:188} INFO - [2026-04-29T02:14:30.872+0200] {dagbag.py:540} INFO - Filling up the DagBag from /Users/pablofrancoherrero/prueba_tecnica/venv/lib/python3.11/site-packages/airflow/example_dags/example_skip_dag.py
[2026-04-29T02:14:30.875+0200] {processor.py:840} INFO - DAG(s) 'example_skip_dag' retrieved from /Users/pablofrancoherrero/prueba_tecnica/venv/lib/python3.11/site-packages/airflow/example_dags/example_skip_dag.py
[2026-04-29T02:14:30.901+0200] {logging_mixin.py:188} INFO - [2026-04-29T02:14:30.901+0200] {dag.py:3096} INFO - Sync 1 DAGs
[2026-04-29T02:14:30.905+0200] {logging_mixin.py:188} INFO - [2026-04-29T02:14:30.905+0200] {dag.py:3954} INFO - Setting next_dagrun for example_skip_dag to 2026-04-28 00:00:00+00:00, run_after=2026-04-29 00:00:00+00:00
[2026-04-29T02:14:30.910+0200] {processor.py:183} INFO - Processing /Users/pablofrancoherrero/prueba_tecnica/venv/lib/python3.11/site-packages/airflow/example_dags/example_skip_dag.py took 0.040 seconds
[2026-04-29T02:15:54.538+0200] {processor.py:161} INFO - Started process (PID=71668) to work on /Users/pablofrancoherrero/prueba_tecnica/venv/lib/python3.11/site-packages/airflow/example_dags/example_skip_dag.py
[2026-04-29T02:15:54.539+0200] {processor.py:830} INFO - Processing file /Users/pablofrancoherrero/prueba_tecnica/venv/lib/python3.11/site-packages/airflow/example_dags/example_skip_dag.py for tasks to queue
[2026-04-29T02:15:54.539+0200] {logging_mixin.py:188} INFO - [2026-04-29T02:15:54.539+0200] {dagbag.py:540} INFO - Filling up the DagBag from /Users/pablofrancoherrero/prueba_tecnica/venv/lib/python3.11/site-packages/airflow/example_dags/example_skip_dag.py
[2026-04-29T02:15:54.542+0200] {processor.py:840} INFO - DAG(s) 'example_skip_dag' retrieved from /Users/pablofrancoherrero/prueba_tecnica/venv/lib/python3.11/site-packages/airflow/example_dags/example_skip_dag.py
[2026-04-29T02:15:54.568+0200] {logging_mixin.py:188} INFO - [2026-04-29T02:15:54.568+0200] {dag.py:3096} INFO - Sync 1 DAGs
[2026-04-29T02:15:54.572+0200] {logging_mixin.py:188} INFO - [2026-04-29T02:15:54.572+0200] {dag.py:3954} INFO - Setting next_dagrun for example_skip_dag to 2026-04-28 00:00:00+00:00, run_after=2026-04-29 00:00:00+00:00
[2026-04-29T02:15:54.577+0200] {processor.py:183} INFO - Processing /Users/pablofrancoherrero/prueba_tecnica/venv/lib/python3.11/site-packages/airflow/example_dags/example_skip_dag.py took 0.040 seconds
[2026-04-29T02:17:13.407+0200] {processor.py:161} INFO - Started process (PID=71765) to work on /Users/pablofrancoherrero/prueba_tecnica/venv/lib/python3.11/site-packages/airflow/example_dags/example_skip_dag.py
[2026-04-29T02:17:13.407+0200] {processor.py:830} INFO - Processing file /Users/pablofrancoherrero/prueba_tecnica/venv/lib/python3.11/site-packages/airflow/example_dags/example_skip_dag.py for tasks to queue
[2026-04-29T02:17:13.408+0200] {logging_mixin.py:188} INFO - [2026-04-29T02:17:13.408+0200] {dagbag.py:540} INFO - Filling up the DagBag from /Users/pablofrancoherrero/prueba_tecnica/venv/lib/python3.11/site-packages/airflow/example_dags/example_skip_dag.py
[2026-04-29T02:17:13.410+0200] {processor.py:840} INFO - DAG(s) 'example_skip_dag' retrieved from /Users/pablofrancoherrero/prueba_tecnica/venv/lib/python3.11/site-packages/airflow/example_dags/example_skip_dag.py
[2026-04-29T02:17:13.436+0200] {logging_mixin.py:188} INFO - [2026-04-29T02:17:13.435+0200] {dag.py:3096} INFO - Sync 1 DAGs
[2026-04-29T02:17:13.440+0200] {logging_mixin.py:188} INFO - [2026-04-29T02:17:13.440+0200] {dag.py:3954} INFO - Setting next_dagrun for example_skip_dag to 2026-04-28 00:00:00+00:00, run_after=2026-04-29 00:00:00+00:00
[2026-04-29T02:17:13.445+0200] {processor.py:183} INFO - Processing /Users/pablofrancoherrero/prueba_tecnica/venv/lib/python3.11/site-packages/airflow/example_dags/example_skip_dag.py took 0.039 seconds
[2026-04-29T02:34:16.837+0200] {processor.py:161} INFO - Started process (PID=71893) to work on /Users/pablofrancoherrero/prueba_tecnica/venv/lib/python3.11/site-packages/airflow/example_dags/example_skip_dag.py
[2026-04-29T02:34:16.838+0200] {processor.py:830} INFO - Processing file /Users/pablofrancoherrero/prueba_tecnica/venv/lib/python3.11/site-packages/airflow/example_dags/example_skip_dag.py for tasks to queue
[2026-04-29T02:34:16.838+0200] {logging_mixin.py:188} INFO - [2026-04-29T02:34:16.838+0200] {dagbag.py:540} INFO - Filling up the DagBag from /Users/pablofrancoherrero/prueba_tecnica/venv/lib/python3.11/site-packages/airflow/example_dags/example_skip_dag.py
[2026-04-29T02:34:16.840+0200] {processor.py:840} INFO - DAG(s) 'example_skip_dag' retrieved from /Users/pablofrancoherrero/prueba_tecnica/venv/lib/python3.11/site-packages/airflow/example_dags/example_skip_dag.py
[2026-04-29T02:34:16.865+0200] {logging_mixin.py:188} INFO - [2026-04-29T02:34:16.865+0200] {dag.py:3096} INFO - Sync 1 DAGs
[2026-04-29T02:34:16.869+0200] {logging_mixin.py:188} INFO - [2026-04-29T02:34:16.869+0200] {dag.py:3954} INFO - Setting next_dagrun for example_skip_dag to 2026-04-28 00:00:00+00:00, run_after=2026-04-29 00:00:00+00:00
[2026-04-29T02:34:16.874+0200] {processor.py:183} INFO - Processing /Users/pablofrancoherrero/prueba_tecnica/venv/lib/python3.11/site-packages/airflow/example_dags/example_skip_dag.py took 0.038 seconds
[2026-04-29T02:52:12.705+0200] {processor.py:161} INFO - Started process (PID=71993) to work on /Users/pablofrancoherrero/prueba_tecnica/venv/lib/python3.11/site-packages/airflow/example_dags/example_skip_dag.py
[2026-04-29T02:52:12.705+0200] {processor.py:830} INFO - Processing file /Users/pablofrancoherrero/prueba_tecnica/venv/lib/python3.11/site-packages/airflow/example_dags/example_skip_dag.py for tasks to queue
[2026-04-29T02:52:12.705+0200] {logging_mixin.py:188} INFO - [2026-04-29T02:52:12.705+0200] {dagbag.py:540} INFO - Filling up the DagBag from /Users/pablofrancoherrero/prueba_tecnica/venv/lib/python3.11/site-packages/airflow/example_dags/example_skip_dag.py
[2026-04-29T02:52:12.708+0200] {processor.py:840} INFO - DAG(s) 'example_skip_dag' retrieved from /Users/pablofrancoherrero/prueba_tecnica/venv/lib/python3.11/site-packages/airflow/example_dags/example_skip_dag.py
[2026-04-29T02:52:12.733+0200] {logging_mixin.py:188} INFO - [2026-04-29T02:52:12.733+0200] {dag.py:3096} INFO - Sync 1 DAGs
[2026-04-29T02:52:12.737+0200] {logging_mixin.py:188} INFO - [2026-04-29T02:52:12.737+0200] {dag.py:3954} INFO - Setting next_dagrun for example_skip_dag to 2026-04-28 00:00:00+00:00, run_after=2026-04-29 00:00:00+00:00
[2026-04-29T02:52:12.743+0200] {processor.py:183} INFO - Processing /Users/pablofrancoherrero/prueba_tecnica/venv/lib/python3.11/site-packages/airflow/example_dags/example_skip_dag.py took 0.039 seconds
[2026-04-29T03:09:51.358+0200] {processor.py:161} INFO - Started process (PID=72125) to work on /Users/pablofrancoherrero/prueba_tecnica/venv/lib/python3.11/site-packages/airflow/example_dags/example_skip_dag.py
[2026-04-29T03:09:51.359+0200] {processor.py:830} INFO - Processing file /Users/pablofrancoherrero/prueba_tecnica/venv/lib/python3.11/site-packages/airflow/example_dags/example_skip_dag.py for tasks to queue
[2026-04-29T03:09:51.359+0200] {logging_mixin.py:188} INFO - [2026-04-29T03:09:51.359+0200] {dagbag.py:540} INFO - Filling up the DagBag from /Users/pablofrancoherrero/prueba_tecnica/venv/lib/python3.11/site-packages/airflow/example_dags/example_skip_dag.py
[2026-04-29T03:09:51.362+0200] {processor.py:840} INFO - DAG(s) 'example_skip_dag' retrieved from /Users/pablofrancoherrero/prueba_tecnica/venv/lib/python3.11/site-packages/airflow/example_dags/example_skip_dag.py
[2026-04-29T03:09:51.394+0200] {logging_mixin.py:188} INFO - [2026-04-29T03:09:51.394+0200] {dag.py:3096} INFO - Sync 1 DAGs
[2026-04-29T03:09:51.398+0200] {logging_mixin.py:188} INFO - [2026-04-29T03:09:51.398+0200] {dag.py:3954} INFO - Setting next_dagrun for example_skip_dag to 2026-04-28 00:00:00+00:00, run_after=2026-04-29 00:00:00+00:00
[2026-04-29T03:09:51.403+0200] {processor.py:183} INFO - Processing /Users/pablofrancoherrero/prueba_tecnica/venv/lib/python3.11/site-packages/airflow/example_dags/example_skip_dag.py took 0.046 seconds
[2026-04-29T03:26:11.195+0200] {processor.py:161} INFO - Started process (PID=72288) to work on /Users/pablofrancoherrero/prueba_tecnica/venv/lib/python3.11/site-packages/airflow/example_dags/example_skip_dag.py
[2026-04-29T03:26:11.196+0200] {processor.py:830} INFO - Processing file /Users/pablofrancoherrero/prueba_tecnica/venv/lib/python3.11/site-packages/airflow/example_dags/example_skip_dag.py for tasks to queue
[2026-04-29T03:26:11.196+0200] {logging_mixin.py:188} INFO - [2026-04-29T03:26:11.196+0200] {dagbag.py:540} INFO - Filling up the DagBag from /Users/pablofrancoherrero/prueba_tecnica/venv/lib/python3.11/site-packages/airflow/example_dags/example_skip_dag.py
[2026-04-29T03:26:11.198+0200] {processor.py:840} INFO - DAG(s) 'example_skip_dag' retrieved from /Users/pablofrancoherrero/prueba_tecnica/venv/lib/python3.11/site-packages/airflow/example_dags/example_skip_dag.py
[2026-04-29T03:26:11.223+0200] {logging_mixin.py:188} INFO - [2026-04-29T03:26:11.223+0200] {dag.py:3096} INFO - Sync 1 DAGs
[2026-04-29T03:26:11.227+0200] {logging_mixin.py:188} INFO - [2026-04-29T03:26:11.227+0200] {dag.py:3954} INFO - Setting next_dagrun for example_skip_dag to 2026-04-28 00:00:00+00:00, run_after=2026-04-29 00:00:00+00:00
[2026-04-29T03:26:11.232+0200] {processor.py:183} INFO - Processing /Users/pablofrancoherrero/prueba_tecnica/venv/lib/python3.11/site-packages/airflow/example_dags/example_skip_dag.py took 0.037 seconds
[2026-04-29T03:53:08.875+0200] {processor.py:161} INFO - Started process (PID=72416) to work on /Users/pablofrancoherrero/prueba_tecnica/venv/lib/python3.11/site-packages/airflow/example_dags/example_skip_dag.py
[2026-04-29T03:53:08.876+0200] {processor.py:830} INFO - Processing file /Users/pablofrancoherrero/prueba_tecnica/venv/lib/python3.11/site-packages/airflow/example_dags/example_skip_dag.py for tasks to queue
[2026-04-29T03:53:08.876+0200] {logging_mixin.py:188} INFO - [2026-04-29T03:53:08.876+0200] {dagbag.py:540} INFO - Filling up the DagBag from /Users/pablofrancoherrero/prueba_tecnica/venv/lib/python3.11/site-packages/airflow/example_dags/example_skip_dag.py
[2026-04-29T03:53:08.878+0200] {processor.py:840} INFO - DAG(s) 'example_skip_dag' retrieved from /Users/pablofrancoherrero/prueba_tecnica/venv/lib/python3.11/site-packages/airflow/example_dags/example_skip_dag.py
[2026-04-29T03:53:08.903+0200] {logging_mixin.py:188} INFO - [2026-04-29T03:53:08.903+0200] {dag.py:3096} INFO - Sync 1 DAGs
[2026-04-29T03:53:08.907+0200] {logging_mixin.py:188} INFO - [2026-04-29T03:53:08.907+0200] {dag.py:3954} INFO - Setting next_dagrun for example_skip_dag to 2026-04-28 00:00:00+00:00, run_after=2026-04-29 00:00:00+00:00
[2026-04-29T03:53:08.912+0200] {processor.py:183} INFO - Processing /Users/pablofrancoherrero/prueba_tecnica/venv/lib/python3.11/site-packages/airflow/example_dags/example_skip_dag.py took 0.038 seconds
[2026-04-29T04:25:46.455+0200] {processor.py:161} INFO - Started process (PID=72574) to work on /Users/pablofrancoherrero/prueba_tecnica/venv/lib/python3.11/site-packages/airflow/example_dags/example_skip_dag.py
[2026-04-29T04:25:46.455+0200] {processor.py:830} INFO - Processing file /Users/pablofrancoherrero/prueba_tecnica/venv/lib/python3.11/site-packages/airflow/example_dags/example_skip_dag.py for tasks to queue
[2026-04-29T04:25:46.455+0200] {logging_mixin.py:188} INFO - [2026-04-29T04:25:46.455+0200] {dagbag.py:540} INFO - Filling up the DagBag from /Users/pablofrancoherrero/prueba_tecnica/venv/lib/python3.11/site-packages/airflow/example_dags/example_skip_dag.py
[2026-04-29T04:25:46.457+0200] {processor.py:840} INFO - DAG(s) 'example_skip_dag' retrieved from /Users/pablofrancoherrero/prueba_tecnica/venv/lib/python3.11/site-packages/airflow/example_dags/example_skip_dag.py
[2026-04-29T04:25:46.483+0200] {logging_mixin.py:188} INFO - [2026-04-29T04:25:46.483+0200] {dag.py:3096} INFO - Sync 1 DAGs
[2026-04-29T04:25:46.489+0200] {logging_mixin.py:188} INFO - [2026-04-29T04:25:46.489+0200] {dag.py:3954} INFO - Setting next_dagrun for example_skip_dag to 2026-04-28 00:00:00+00:00, run_after=2026-04-29 00:00:00+00:00
[2026-04-29T04:25:46.494+0200] {processor.py:183} INFO - Processing /Users/pablofrancoherrero/prueba_tecnica/venv/lib/python3.11/site-packages/airflow/example_dags/example_skip_dag.py took 0.040 seconds
[2026-04-29T04:44:37.759+0200] {processor.py:161} INFO - Started process (PID=72758) to work on /Users/pablofrancoherrero/prueba_tecnica/venv/lib/python3.11/site-packages/airflow/example_dags/example_skip_dag.py
[2026-04-29T04:44:37.760+0200] {processor.py:830} INFO - Processing file /Users/pablofrancoherrero/prueba_tecnica/venv/lib/python3.11/site-packages/airflow/example_dags/example_skip_dag.py for tasks to queue
[2026-04-29T04:44:37.760+0200] {logging_mixin.py:188} INFO - [2026-04-29T04:44:37.760+0200] {dagbag.py:540} INFO - Filling up the DagBag from /Users/pablofrancoherrero/prueba_tecnica/venv/lib/python3.11/site-packages/airflow/example_dags/example_skip_dag.py
[2026-04-29T04:44:37.763+0200] {processor.py:840} INFO - DAG(s) 'example_skip_dag' retrieved from /Users/pablofrancoherrero/prueba_tecnica/venv/lib/python3.11/site-packages/airflow/example_dags/example_skip_dag.py
[2026-04-29T04:44:37.789+0200] {logging_mixin.py:188} INFO - [2026-04-29T04:44:37.789+0200] {dag.py:3096} INFO - Sync 1 DAGs
[2026-04-29T04:44:37.794+0200] {logging_mixin.py:188} INFO - [2026-04-29T04:44:37.794+0200] {dag.py:3954} INFO - Setting next_dagrun for example_skip_dag to 2026-04-28 00:00:00+00:00, run_after=2026-04-29 00:00:00+00:00
[2026-04-29T04:44:37.799+0200] {processor.py:183} INFO - Processing /Users/pablofrancoherrero/prueba_tecnica/venv/lib/python3.11/site-packages/airflow/example_dags/example_skip_dag.py took 0.041 seconds
[2026-04-29T05:01:25.107+0200] {processor.py:161} INFO - Started process (PID=72890) to work on /Users/pablofrancoherrero/prueba_tecnica/venv/lib/python3.11/site-packages/airflow/example_dags/example_skip_dag.py
[2026-04-29T05:01:25.108+0200] {processor.py:830} INFO - Processing file /Users/pablofrancoherrero/prueba_tecnica/venv/lib/python3.11/site-packages/airflow/example_dags/example_skip_dag.py for tasks to queue
[2026-04-29T05:01:25.108+0200] {logging_mixin.py:188} INFO - [2026-04-29T05:01:25.108+0200] {dagbag.py:540} INFO - Filling up the DagBag from /Users/pablofrancoherrero/prueba_tecnica/venv/lib/python3.11/site-packages/airflow/example_dags/example_skip_dag.py
[2026-04-29T05:01:25.110+0200] {processor.py:840} INFO - DAG(s) 'example_skip_dag' retrieved from /Users/pablofrancoherrero/prueba_tecnica/venv/lib/python3.11/site-packages/airflow/example_dags/example_skip_dag.py
[2026-04-29T05:01:25.135+0200] {logging_mixin.py:188} INFO - [2026-04-29T05:01:25.135+0200] {dag.py:3096} INFO - Sync 1 DAGs
[2026-04-29T05:01:25.139+0200] {logging_mixin.py:188} INFO - [2026-04-29T05:01:25.139+0200] {dag.py:3954} INFO - Setting next_dagrun for example_skip_dag to 2026-04-28 00:00:00+00:00, run_after=2026-04-29 00:00:00+00:00
[2026-04-29T05:01:25.144+0200] {processor.py:183} INFO - Processing /Users/pablofrancoherrero/prueba_tecnica/venv/lib/python3.11/site-packages/airflow/example_dags/example_skip_dag.py took 0.038 seconds
[2026-04-29T05:17:43.913+0200] {processor.py:161} INFO - Started process (PID=73104) to work on /Users/pablofrancoherrero/prueba_tecnica/venv/lib/python3.11/site-packages/airflow/example_dags/example_skip_dag.py
[2026-04-29T05:17:43.914+0200] {processor.py:830} INFO - Processing file /Users/pablofrancoherrero/prueba_tecnica/venv/lib/python3.11/site-packages/airflow/example_dags/example_skip_dag.py for tasks to queue
[2026-04-29T05:17:43.914+0200] {logging_mixin.py:188} INFO - [2026-04-29T05:17:43.914+0200] {dagbag.py:540} INFO - Filling up the DagBag from /Users/pablofrancoherrero/prueba_tecnica/venv/lib/python3.11/site-packages/airflow/example_dags/example_skip_dag.py
[2026-04-29T05:17:43.917+0200] {processor.py:840} INFO - DAG(s) 'example_skip_dag' retrieved from /Users/pablofrancoherrero/prueba_tecnica/venv/lib/python3.11/site-packages/airflow/example_dags/example_skip_dag.py
[2026-04-29T05:17:43.943+0200] {logging_mixin.py:188} INFO - [2026-04-29T05:17:43.943+0200] {dag.py:3096} INFO - Sync 1 DAGs
[2026-04-29T05:17:43.947+0200] {logging_mixin.py:188} INFO - [2026-04-29T05:17:43.947+0200] {dag.py:3954} INFO - Setting next_dagrun for example_skip_dag to 2026-04-28 00:00:00+00:00, run_after=2026-04-29 00:00:00+00:00
[2026-04-29T05:17:43.952+0200] {processor.py:183} INFO - Processing /Users/pablofrancoherrero/prueba_tecnica/venv/lib/python3.11/site-packages/airflow/example_dags/example_skip_dag.py took 0.039 seconds
[2026-04-29T05:19:04.324+0200] {processor.py:161} INFO - Started process (PID=73296) to work on /Users/pablofrancoherrero/prueba_tecnica/venv/lib/python3.11/site-packages/airflow/example_dags/example_skip_dag.py
[2026-04-29T05:19:04.325+0200] {processor.py:830} INFO - Processing file /Users/pablofrancoherrero/prueba_tecnica/venv/lib/python3.11/site-packages/airflow/example_dags/example_skip_dag.py for tasks to queue
[2026-04-29T05:19:04.325+0200] {logging_mixin.py:188} INFO - [2026-04-29T05:19:04.325+0200] {dagbag.py:540} INFO - Filling up the DagBag from /Users/pablofrancoherrero/prueba_tecnica/venv/lib/python3.11/site-packages/airflow/example_dags/example_skip_dag.py
[2026-04-29T05:19:04.327+0200] {processor.py:840} INFO - DAG(s) 'example_skip_dag' retrieved from /Users/pablofrancoherrero/prueba_tecnica/venv/lib/python3.11/site-packages/airflow/example_dags/example_skip_dag.py
[2026-04-29T05:19:04.352+0200] {logging_mixin.py:188} INFO - [2026-04-29T05:19:04.352+0200] {dag.py:3096} INFO - Sync 1 DAGs
[2026-04-29T05:19:04.356+0200] {logging_mixin.py:188} INFO - [2026-04-29T05:19:04.356+0200] {dag.py:3954} INFO - Setting next_dagrun for example_skip_dag to 2026-04-28 00:00:00+00:00, run_after=2026-04-29 00:00:00+00:00
[2026-04-29T05:19:04.361+0200] {processor.py:183} INFO - Processing /Users/pablofrancoherrero/prueba_tecnica/venv/lib/python3.11/site-packages/airflow/example_dags/example_skip_dag.py took 0.038 seconds
[2026-04-29T05:20:25.399+0200] {processor.py:161} INFO - Started process (PID=73408) to work on /Users/pablofrancoherrero/prueba_tecnica/venv/lib/python3.11/site-packages/airflow/example_dags/example_skip_dag.py
[2026-04-29T05:20:25.400+0200] {processor.py:830} INFO - Processing file /Users/pablofrancoherrero/prueba_tecnica/venv/lib/python3.11/site-packages/airflow/example_dags/example_skip_dag.py for tasks to queue
[2026-04-29T05:20:25.400+0200] {logging_mixin.py:188} INFO - [2026-04-29T05:20:25.400+0200] {dagbag.py:540} INFO - Filling up the DagBag from /Users/pablofrancoherrero/prueba_tecnica/venv/lib/python3.11/site-packages/airflow/example_dags/example_skip_dag.py
[2026-04-29T05:20:25.403+0200] {processor.py:840} INFO - DAG(s) 'example_skip_dag' retrieved from /Users/pablofrancoherrero/prueba_tecnica/venv/lib/python3.11/site-packages/airflow/example_dags/example_skip_dag.py
[2026-04-29T05:20:25.429+0200] {logging_mixin.py:188} INFO - [2026-04-29T05:20:25.429+0200] {dag.py:3096} INFO - Sync 1 DAGs
[2026-04-29T05:20:25.433+0200] {logging_mixin.py:188} INFO - [2026-04-29T05:20:25.433+0200] {dag.py:3954} INFO - Setting next_dagrun for example_skip_dag to 2026-04-28 00:00:00+00:00, run_after=2026-04-29 00:00:00+00:00
[2026-04-29T05:20:25.438+0200] {processor.py:183} INFO - Processing /Users/pablofrancoherrero/prueba_tecnica/venv/lib/python3.11/site-packages/airflow/example_dags/example_skip_dag.py took 0.040 seconds
[2026-04-29T05:21:44.655+0200] {processor.py:161} INFO - Started process (PID=73509) to work on /Users/pablofrancoherrero/prueba_tecnica/venv/lib/python3.11/site-packages/airflow/example_dags/example_skip_dag.py
[2026-04-29T05:21:44.656+0200] {processor.py:830} INFO - Processing file /Users/pablofrancoherrero/prueba_tecnica/venv/lib/python3.11/site-packages/airflow/example_dags/example_skip_dag.py for tasks to queue
[2026-04-29T05:21:44.656+0200] {logging_mixin.py:188} INFO - [2026-04-29T05:21:44.656+0200] {dagbag.py:540} INFO - Filling up the DagBag from /Users/pablofrancoherrero/prueba_tecnica/venv/lib/python3.11/site-packages/airflow/example_dags/example_skip_dag.py
[2026-04-29T05:21:44.658+0200] {processor.py:840} INFO - DAG(s) 'example_skip_dag' retrieved from /Users/pablofrancoherrero/prueba_tecnica/venv/lib/python3.11/site-packages/airflow/example_dags/example_skip_dag.py
[2026-04-29T05:21:44.684+0200] {logging_mixin.py:188} INFO - [2026-04-29T05:21:44.684+0200] {dag.py:3096} INFO - Sync 1 DAGs
[2026-04-29T05:21:44.688+0200] {logging_mixin.py:188} INFO - [2026-04-29T05:21:44.688+0200] {dag.py:3954} INFO - Setting next_dagrun for example_skip_dag to 2026-04-28 00:00:00+00:00, run_after=2026-04-29 00:00:00+00:00
[2026-04-29T05:21:44.693+0200] {processor.py:183} INFO - Processing /Users/pablofrancoherrero/prueba_tecnica/venv/lib/python3.11/site-packages/airflow/example_dags/example_skip_dag.py took 0.039 seconds
[2026-04-29T05:23:07.361+0200] {processor.py:161} INFO - Started process (PID=73622) to work on /Users/pablofrancoherrero/prueba_tecnica/venv/lib/python3.11/site-packages/airflow/example_dags/example_skip_dag.py
[2026-04-29T05:23:07.362+0200] {processor.py:830} INFO - Processing file /Users/pablofrancoherrero/prueba_tecnica/venv/lib/python3.11/site-packages/airflow/example_dags/example_skip_dag.py for tasks to queue
[2026-04-29T05:23:07.362+0200] {logging_mixin.py:188} INFO - [2026-04-29T05:23:07.362+0200] {dagbag.py:540} INFO - Filling up the DagBag from /Users/pablofrancoherrero/prueba_tecnica/venv/lib/python3.11/site-packages/airflow/example_dags/example_skip_dag.py
[2026-04-29T05:23:07.364+0200] {processor.py:840} INFO - DAG(s) 'example_skip_dag' retrieved from /Users/pablofrancoherrero/prueba_tecnica/venv/lib/python3.11/site-packages/airflow/example_dags/example_skip_dag.py
[2026-04-29T05:23:07.390+0200] {logging_mixin.py:188} INFO - [2026-04-29T05:23:07.390+0200] {dag.py:3096} INFO - Sync 1 DAGs
[2026-04-29T05:23:07.394+0200] {logging_mixin.py:188} INFO - [2026-04-29T05:23:07.394+0200] {dag.py:3954} INFO - Setting next_dagrun for example_skip_dag to 2026-04-28 00:00:00+00:00, run_after=2026-04-29 00:00:00+00:00
[2026-04-29T05:23:07.399+0200] {processor.py:183} INFO - Processing /Users/pablofrancoherrero/prueba_tecnica/venv/lib/python3.11/site-packages/airflow/example_dags/example_skip_dag.py took 0.039 seconds
[2026-04-29T05:24:27.094+0200] {processor.py:161} INFO - Started process (PID=73718) to work on /Users/pablofrancoherrero/prueba_tecnica/venv/lib/python3.11/site-packages/airflow/example_dags/example_skip_dag.py
[2026-04-29T05:24:27.094+0200] {processor.py:830} INFO - Processing file /Users/pablofrancoherrero/prueba_tecnica/venv/lib/python3.11/site-packages/airflow/example_dags/example_skip_dag.py for tasks to queue
[2026-04-29T05:24:27.094+0200] {logging_mixin.py:188} INFO - [2026-04-29T05:24:27.094+0200] {dagbag.py:540} INFO - Filling up the DagBag from /Users/pablofrancoherrero/prueba_tecnica/venv/lib/python3.11/site-packages/airflow/example_dags/example_skip_dag.py
[2026-04-29T05:24:27.097+0200] {processor.py:840} INFO - DAG(s) 'example_skip_dag' retrieved from /Users/pablofrancoherrero/prueba_tecnica/venv/lib/python3.11/site-packages/airflow/example_dags/example_skip_dag.py
[2026-04-29T05:24:27.122+0200] {logging_mixin.py:188} INFO - [2026-04-29T05:24:27.122+0200] {dag.py:3096} INFO - Sync 1 DAGs
[2026-04-29T05:24:27.126+0200] {logging_mixin.py:188} INFO - [2026-04-29T05:24:27.126+0200] {dag.py:3954} INFO - Setting next_dagrun for example_skip_dag to 2026-04-28 00:00:00+00:00, run_after=2026-04-29 00:00:00+00:00
[2026-04-29T05:24:27.131+0200] {processor.py:183} INFO - Processing /Users/pablofrancoherrero/prueba_tecnica/venv/lib/python3.11/site-packages/airflow/example_dags/example_skip_dag.py took 0.038 seconds
[2026-04-29T05:25:47.172+0200] {processor.py:161} INFO - Started process (PID=73803) to work on /Users/pablofrancoherrero/prueba_tecnica/venv/lib/python3.11/site-packages/airflow/example_dags/example_skip_dag.py
[2026-04-29T05:25:47.173+0200] {processor.py:830} INFO - Processing file /Users/pablofrancoherrero/prueba_tecnica/venv/lib/python3.11/site-packages/airflow/example_dags/example_skip_dag.py for tasks to queue
[2026-04-29T05:25:47.173+0200] {logging_mixin.py:188} INFO - [2026-04-29T05:25:47.173+0200] {dagbag.py:540} INFO - Filling up the DagBag from /Users/pablofrancoherrero/prueba_tecnica/venv/lib/python3.11/site-packages/airflow/example_dags/example_skip_dag.py
[2026-04-29T05:25:47.176+0200] {processor.py:840} INFO - DAG(s) 'example_skip_dag' retrieved from /Users/pablofrancoherrero/prueba_tecnica/venv/lib/python3.11/site-packages/airflow/example_dags/example_skip_dag.py
[2026-04-29T05:25:47.201+0200] {logging_mixin.py:188} INFO - [2026-04-29T05:25:47.201+0200] {dag.py:3096} INFO - Sync 1 DAGs
[2026-04-29T05:25:47.206+0200] {logging_mixin.py:188} INFO - [2026-04-29T05:25:47.206+0200] {dag.py:3954} INFO - Setting next_dagrun for example_skip_dag to 2026-04-28 00:00:00+00:00, run_after=2026-04-29 00:00:00+00:00
[2026-04-29T05:25:47.211+0200] {processor.py:183} INFO - Processing /Users/pablofrancoherrero/prueba_tecnica/venv/lib/python3.11/site-packages/airflow/example_dags/example_skip_dag.py took 0.039 seconds
[2026-04-29T05:27:08.320+0200] {processor.py:161} INFO - Started process (PID=73891) to work on /Users/pablofrancoherrero/prueba_tecnica/venv/lib/python3.11/site-packages/airflow/example_dags/example_skip_dag.py
[2026-04-29T05:27:08.321+0200] {processor.py:830} INFO - Processing file /Users/pablofrancoherrero/prueba_tecnica/venv/lib/python3.11/site-packages/airflow/example_dags/example_skip_dag.py for tasks to queue
[2026-04-29T05:27:08.322+0200] {logging_mixin.py:188} INFO - [2026-04-29T05:27:08.322+0200] {dagbag.py:540} INFO - Filling up the DagBag from /Users/pablofrancoherrero/prueba_tecnica/venv/lib/python3.11/site-packages/airflow/example_dags/example_skip_dag.py
[2026-04-29T05:27:08.324+0200] {processor.py:840} INFO - DAG(s) 'example_skip_dag' retrieved from /Users/pablofrancoherrero/prueba_tecnica/venv/lib/python3.11/site-packages/airflow/example_dags/example_skip_dag.py
[2026-04-29T05:27:08.350+0200] {logging_mixin.py:188} INFO - [2026-04-29T05:27:08.350+0200] {dag.py:3096} INFO - Sync 1 DAGs
[2026-04-29T05:27:08.354+0200] {logging_mixin.py:188} INFO - [2026-04-29T05:27:08.354+0200] {dag.py:3954} INFO - Setting next_dagrun for example_skip_dag to 2026-04-28 00:00:00+00:00, run_after=2026-04-29 00:00:00+00:00
[2026-04-29T05:27:08.359+0200] {processor.py:183} INFO - Processing /Users/pablofrancoherrero/prueba_tecnica/venv/lib/python3.11/site-packages/airflow/example_dags/example_skip_dag.py took 0.039 seconds
[2026-04-29T05:28:30.653+0200] {processor.py:161} INFO - Started process (PID=73990) to work on /Users/pablofrancoherrero/prueba_tecnica/venv/lib/python3.11/site-packages/airflow/example_dags/example_skip_dag.py
[2026-04-29T05:28:30.654+0200] {processor.py:830} INFO - Processing file /Users/pablofrancoherrero/prueba_tecnica/venv/lib/python3.11/site-packages/airflow/example_dags/example_skip_dag.py for tasks to queue
[2026-04-29T05:28:30.655+0200] {logging_mixin.py:188} INFO - [2026-04-29T05:28:30.655+0200] {dagbag.py:540} INFO - Filling up the DagBag from /Users/pablofrancoherrero/prueba_tecnica/venv/lib/python3.11/site-packages/airflow/example_dags/example_skip_dag.py
[2026-04-29T05:28:30.657+0200] {processor.py:840} INFO - DAG(s) 'example_skip_dag' retrieved from /Users/pablofrancoherrero/prueba_tecnica/venv/lib/python3.11/site-packages/airflow/example_dags/example_skip_dag.py
[2026-04-29T05:28:30.683+0200] {logging_mixin.py:188} INFO - [2026-04-29T05:28:30.683+0200] {dag.py:3096} INFO - Sync 1 DAGs
[2026-04-29T05:28:30.687+0200] {logging_mixin.py:188} INFO - [2026-04-29T05:28:30.687+0200] {dag.py:3954} INFO - Setting next_dagrun for example_skip_dag to 2026-04-28 00:00:00+00:00, run_after=2026-04-29 00:00:00+00:00
[2026-04-29T05:28:30.692+0200] {processor.py:183} INFO - Processing /Users/pablofrancoherrero/prueba_tecnica/venv/lib/python3.11/site-packages/airflow/example_dags/example_skip_dag.py took 0.039 seconds
[2026-04-29T05:29:49.286+0200] {processor.py:161} INFO - Started process (PID=74079) to work on /Users/pablofrancoherrero/prueba_tecnica/venv/lib/python3.11/site-packages/airflow/example_dags/example_skip_dag.py
[2026-04-29T05:29:49.287+0200] {processor.py:830} INFO - Processing file /Users/pablofrancoherrero/prueba_tecnica/venv/lib/python3.11/site-packages/airflow/example_dags/example_skip_dag.py for tasks to queue
[2026-04-29T05:29:49.287+0200] {logging_mixin.py:188} INFO - [2026-04-29T05:29:49.287+0200] {dagbag.py:540} INFO - Filling up the DagBag from /Users/pablofrancoherrero/prueba_tecnica/venv/lib/python3.11/site-packages/airflow/example_dags/example_skip_dag.py
[2026-04-29T05:29:49.289+0200] {processor.py:840} INFO - DAG(s) 'example_skip_dag' retrieved from /Users/pablofrancoherrero/prueba_tecnica/venv/lib/python3.11/site-packages/airflow/example_dags/example_skip_dag.py
[2026-04-29T05:29:49.314+0200] {logging_mixin.py:188} INFO - [2026-04-29T05:29:49.314+0200] {dag.py:3096} INFO - Sync 1 DAGs
[2026-04-29T05:29:49.318+0200] {logging_mixin.py:188} INFO - [2026-04-29T05:29:49.318+0200] {dag.py:3954} INFO - Setting next_dagrun for example_skip_dag to 2026-04-28 00:00:00+00:00, run_after=2026-04-29 00:00:00+00:00
[2026-04-29T05:29:49.323+0200] {processor.py:183} INFO - Processing /Users/pablofrancoherrero/prueba_tecnica/venv/lib/python3.11/site-packages/airflow/example_dags/example_skip_dag.py took 0.038 seconds
[2026-04-29T05:31:06.381+0200] {processor.py:161} INFO - Started process (PID=74164) to work on /Users/pablofrancoherrero/prueba_tecnica/venv/lib/python3.11/site-packages/airflow/example_dags/example_skip_dag.py
[2026-04-29T05:31:06.382+0200] {processor.py:830} INFO - Processing file /Users/pablofrancoherrero/prueba_tecnica/venv/lib/python3.11/site-packages/airflow/example_dags/example_skip_dag.py for tasks to queue
[2026-04-29T05:31:06.382+0200] {logging_mixin.py:188} INFO - [2026-04-29T05:31:06.382+0200] {dagbag.py:540} INFO - Filling up the DagBag from /Users/pablofrancoherrero/prueba_tecnica/venv/lib/python3.11/site-packages/airflow/example_dags/example_skip_dag.py
[2026-04-29T05:31:06.385+0200] {processor.py:840} INFO - DAG(s) 'example_skip_dag' retrieved from /Users/pablofrancoherrero/prueba_tecnica/venv/lib/python3.11/site-packages/airflow/example_dags/example_skip_dag.py
[2026-04-29T05:31:06.410+0200] {logging_mixin.py:188} INFO - [2026-04-29T05:31:06.410+0200] {dag.py:3096} INFO - Sync 1 DAGs
[2026-04-29T05:31:06.414+0200] {logging_mixin.py:188} INFO - [2026-04-29T05:31:06.414+0200] {dag.py:3954} INFO - Setting next_dagrun for example_skip_dag to 2026-04-28 00:00:00+00:00, run_after=2026-04-29 00:00:00+00:00
[2026-04-29T05:31:06.419+0200] {processor.py:183} INFO - Processing /Users/pablofrancoherrero/prueba_tecnica/venv/lib/python3.11/site-packages/airflow/example_dags/example_skip_dag.py took 0.039 seconds
[2026-04-29T05:32:28.480+0200] {processor.py:161} INFO - Started process (PID=74251) to work on /Users/pablofrancoherrero/prueba_tecnica/venv/lib/python3.11/site-packages/airflow/example_dags/example_skip_dag.py
[2026-04-29T05:32:28.481+0200] {processor.py:830} INFO - Processing file /Users/pablofrancoherrero/prueba_tecnica/venv/lib/python3.11/site-packages/airflow/example_dags/example_skip_dag.py for tasks to queue
[2026-04-29T05:32:28.482+0200] {logging_mixin.py:188} INFO - [2026-04-29T05:32:28.481+0200] {dagbag.py:540} INFO - Filling up the DagBag from /Users/pablofrancoherrero/prueba_tecnica/venv/lib/python3.11/site-packages/airflow/example_dags/example_skip_dag.py
[2026-04-29T05:32:28.484+0200] {processor.py:840} INFO - DAG(s) 'example_skip_dag' retrieved from /Users/pablofrancoherrero/prueba_tecnica/venv/lib/python3.11/site-packages/airflow/example_dags/example_skip_dag.py
[2026-04-29T05:32:28.509+0200] {logging_mixin.py:188} INFO - [2026-04-29T05:32:28.509+0200] {dag.py:3096} INFO - Sync 1 DAGs
[2026-04-29T05:32:28.513+0200] {logging_mixin.py:188} INFO - [2026-04-29T05:32:28.513+0200] {dag.py:3954} INFO - Setting next_dagrun for example_skip_dag to 2026-04-28 00:00:00+00:00, run_after=2026-04-29 00:00:00+00:00
[2026-04-29T05:32:28.518+0200] {processor.py:183} INFO - Processing /Users/pablofrancoherrero/prueba_tecnica/venv/lib/python3.11/site-packages/airflow/example_dags/example_skip_dag.py took 0.038 seconds
[2026-04-29T05:33:49.622+0200] {processor.py:161} INFO - Started process (PID=74366) to work on /Users/pablofrancoherrero/prueba_tecnica/venv/lib/python3.11/site-packages/airflow/example_dags/example_skip_dag.py
[2026-04-29T05:33:49.623+0200] {processor.py:830} INFO - Processing file /Users/pablofrancoherrero/prueba_tecnica/venv/lib/python3.11/site-packages/airflow/example_dags/example_skip_dag.py for tasks to queue
[2026-04-29T05:33:49.623+0200] {logging_mixin.py:188} INFO - [2026-04-29T05:33:49.623+0200] {dagbag.py:540} INFO - Filling up the DagBag from /Users/pablofrancoherrero/prueba_tecnica/venv/lib/python3.11/site-packages/airflow/example_dags/example_skip_dag.py
[2026-04-29T05:33:49.625+0200] {processor.py:840} INFO - DAG(s) 'example_skip_dag' retrieved from /Users/pablofrancoherrero/prueba_tecnica/venv/lib/python3.11/site-packages/airflow/example_dags/example_skip_dag.py
[2026-04-29T05:33:49.651+0200] {logging_mixin.py:188} INFO - [2026-04-29T05:33:49.651+0200] {dag.py:3096} INFO - Sync 1 DAGs
[2026-04-29T05:33:49.655+0200] {logging_mixin.py:188} INFO - [2026-04-29T05:33:49.655+0200] {dag.py:3954} INFO - Setting next_dagrun for example_skip_dag to 2026-04-28 00:00:00+00:00, run_after=2026-04-29 00:00:00+00:00
[2026-04-29T05:33:49.660+0200] {processor.py:183} INFO - Processing /Users/pablofrancoherrero/prueba_tecnica/venv/lib/python3.11/site-packages/airflow/example_dags/example_skip_dag.py took 0.039 seconds
[2026-04-29T05:35:07.473+0200] {processor.py:161} INFO - Started process (PID=74473) to work on /Users/pablofrancoherrero/prueba_tecnica/venv/lib/python3.11/site-packages/airflow/example_dags/example_skip_dag.py
[2026-04-29T05:35:07.474+0200] {processor.py:830} INFO - Processing file /Users/pablofrancoherrero/prueba_tecnica/venv/lib/python3.11/site-packages/airflow/example_dags/example_skip_dag.py for tasks to queue
[2026-04-29T05:35:07.474+0200] {logging_mixin.py:188} INFO - [2026-04-29T05:35:07.474+0200] {dagbag.py:540} INFO - Filling up the DagBag from /Users/pablofrancoherrero/prueba_tecnica/venv/lib/python3.11/site-packages/airflow/example_dags/example_skip_dag.py
[2026-04-29T05:35:07.476+0200] {processor.py:840} INFO - DAG(s) 'example_skip_dag' retrieved from /Users/pablofrancoherrero/prueba_tecnica/venv/lib/python3.11/site-packages/airflow/example_dags/example_skip_dag.py
[2026-04-29T05:35:07.502+0200] {logging_mixin.py:188} INFO - [2026-04-29T05:35:07.501+0200] {dag.py:3096} INFO - Sync 1 DAGs
[2026-04-29T05:35:07.506+0200] {logging_mixin.py:188} INFO - [2026-04-29T05:35:07.506+0200] {dag.py:3954} INFO - Setting next_dagrun for example_skip_dag to 2026-04-28 00:00:00+00:00, run_after=2026-04-29 00:00:00+00:00
[2026-04-29T05:35:07.511+0200] {processor.py:183} INFO - Processing /Users/pablofrancoherrero/prueba_tecnica/venv/lib/python3.11/site-packages/airflow/example_dags/example_skip_dag.py took 0.039 seconds
[2026-04-29T05:36:28.933+0200] {processor.py:161} INFO - Started process (PID=74559) to work on /Users/pablofrancoherrero/prueba_tecnica/venv/lib/python3.11/site-packages/airflow/example_dags/example_skip_dag.py
[2026-04-29T05:36:28.933+0200] {processor.py:830} INFO - Processing file /Users/pablofrancoherrero/prueba_tecnica/venv/lib/python3.11/site-packages/airflow/example_dags/example_skip_dag.py for tasks to queue
[2026-04-29T05:36:28.934+0200] {logging_mixin.py:188} INFO - [2026-04-29T05:36:28.934+0200] {dagbag.py:540} INFO - Filling up the DagBag from /Users/pablofrancoherrero/prueba_tecnica/venv/lib/python3.11/site-packages/airflow/example_dags/example_skip_dag.py
[2026-04-29T05:36:28.936+0200] {processor.py:840} INFO - DAG(s) 'example_skip_dag' retrieved from /Users/pablofrancoherrero/prueba_tecnica/venv/lib/python3.11/site-packages/airflow/example_dags/example_skip_dag.py
[2026-04-29T05:36:28.962+0200] {logging_mixin.py:188} INFO - [2026-04-29T05:36:28.962+0200] {dag.py:3096} INFO - Sync 1 DAGs
[2026-04-29T05:36:28.966+0200] {logging_mixin.py:188} INFO - [2026-04-29T05:36:28.966+0200] {dag.py:3954} INFO - Setting next_dagrun for example_skip_dag to 2026-04-28 00:00:00+00:00, run_after=2026-04-29 00:00:00+00:00
[2026-04-29T05:36:28.971+0200] {processor.py:183} INFO - Processing /Users/pablofrancoherrero/prueba_tecnica/venv/lib/python3.11/site-packages/airflow/example_dags/example_skip_dag.py took 0.039 seconds
[2026-04-29T05:37:49.478+0200] {processor.py:161} INFO - Started process (PID=74644) to work on /Users/pablofrancoherrero/prueba_tecnica/venv/lib/python3.11/site-packages/airflow/example_dags/example_skip_dag.py
[2026-04-29T05:37:49.479+0200] {processor.py:830} INFO - Processing file /Users/pablofrancoherrero/prueba_tecnica/venv/lib/python3.11/site-packages/airflow/example_dags/example_skip_dag.py for tasks to queue
[2026-04-29T05:37:49.479+0200] {logging_mixin.py:188} INFO - [2026-04-29T05:37:49.479+0200] {dagbag.py:540} INFO - Filling up the DagBag from /Users/pablofrancoherrero/prueba_tecnica/venv/lib/python3.11/site-packages/airflow/example_dags/example_skip_dag.py
[2026-04-29T05:37:49.481+0200] {processor.py:840} INFO - DAG(s) 'example_skip_dag' retrieved from /Users/pablofrancoherrero/prueba_tecnica/venv/lib/python3.11/site-packages/airflow/example_dags/example_skip_dag.py
[2026-04-29T05:37:49.507+0200] {logging_mixin.py:188} INFO - [2026-04-29T05:37:49.507+0200] {dag.py:3096} INFO - Sync 1 DAGs
[2026-04-29T05:37:49.511+0200] {logging_mixin.py:188} INFO - [2026-04-29T05:37:49.511+0200] {dag.py:3954} INFO - Setting next_dagrun for example_skip_dag to 2026-04-28 00:00:00+00:00, run_after=2026-04-29 00:00:00+00:00
[2026-04-29T05:37:49.516+0200] {processor.py:183} INFO - Processing /Users/pablofrancoherrero/prueba_tecnica/venv/lib/python3.11/site-packages/airflow/example_dags/example_skip_dag.py took 0.039 seconds
[2026-04-29T05:39:10.551+0200] {processor.py:161} INFO - Started process (PID=74743) to work on /Users/pablofrancoherrero/prueba_tecnica/venv/lib/python3.11/site-packages/airflow/example_dags/example_skip_dag.py
[2026-04-29T05:39:10.552+0200] {processor.py:830} INFO - Processing file /Users/pablofrancoherrero/prueba_tecnica/venv/lib/python3.11/site-packages/airflow/example_dags/example_skip_dag.py for tasks to queue
[2026-04-29T05:39:10.552+0200] {logging_mixin.py:188} INFO - [2026-04-29T05:39:10.552+0200] {dagbag.py:540} INFO - Filling up the DagBag from /Users/pablofrancoherrero/prueba_tecnica/venv/lib/python3.11/site-packages/airflow/example_dags/example_skip_dag.py
[2026-04-29T05:39:10.554+0200] {processor.py:840} INFO - DAG(s) 'example_skip_dag' retrieved from /Users/pablofrancoherrero/prueba_tecnica/venv/lib/python3.11/site-packages/airflow/example_dags/example_skip_dag.py
[2026-04-29T05:39:10.580+0200] {logging_mixin.py:188} INFO - [2026-04-29T05:39:10.579+0200] {dag.py:3096} INFO - Sync 1 DAGs
[2026-04-29T05:39:10.584+0200] {logging_mixin.py:188} INFO - [2026-04-29T05:39:10.584+0200] {dag.py:3954} INFO - Setting next_dagrun for example_skip_dag to 2026-04-28 00:00:00+00:00, run_after=2026-04-29 00:00:00+00:00
[2026-04-29T05:39:10.589+0200] {processor.py:183} INFO - Processing /Users/pablofrancoherrero/prueba_tecnica/venv/lib/python3.11/site-packages/airflow/example_dags/example_skip_dag.py took 0.039 seconds
[2026-04-29T05:40:33.197+0200] {processor.py:161} INFO - Started process (PID=74850) to work on /Users/pablofrancoherrero/prueba_tecnica/venv/lib/python3.11/site-packages/airflow/example_dags/example_skip_dag.py
[2026-04-29T05:40:33.198+0200] {processor.py:830} INFO - Processing file /Users/pablofrancoherrero/prueba_tecnica/venv/lib/python3.11/site-packages/airflow/example_dags/example_skip_dag.py for tasks to queue
[2026-04-29T05:40:33.198+0200] {logging_mixin.py:188} INFO - [2026-04-29T05:40:33.198+0200] {dagbag.py:540} INFO - Filling up the DagBag from /Users/pablofrancoherrero/prueba_tecnica/venv/lib/python3.11/site-packages/airflow/example_dags/example_skip_dag.py
[2026-04-29T05:40:33.200+0200] {processor.py:840} INFO - DAG(s) 'example_skip_dag' retrieved from /Users/pablofrancoherrero/prueba_tecnica/venv/lib/python3.11/site-packages/airflow/example_dags/example_skip_dag.py
[2026-04-29T05:40:33.225+0200] {logging_mixin.py:188} INFO - [2026-04-29T05:40:33.225+0200] {dag.py:3096} INFO - Sync 1 DAGs
[2026-04-29T05:40:33.229+0200] {logging_mixin.py:188} INFO - [2026-04-29T05:40:33.229+0200] {dag.py:3954} INFO - Setting next_dagrun for example_skip_dag to 2026-04-28 00:00:00+00:00, run_after=2026-04-29 00:00:00+00:00
[2026-04-29T05:40:33.234+0200] {processor.py:183} INFO - Processing /Users/pablofrancoherrero/prueba_tecnica/venv/lib/python3.11/site-packages/airflow/example_dags/example_skip_dag.py took 0.038 seconds
[2026-04-29T05:41:54.904+0200] {processor.py:161} INFO - Started process (PID=74941) to work on /Users/pablofrancoherrero/prueba_tecnica/venv/lib/python3.11/site-packages/airflow/example_dags/example_skip_dag.py
[2026-04-29T05:41:54.905+0200] {processor.py:830} INFO - Processing file /Users/pablofrancoherrero/prueba_tecnica/venv/lib/python3.11/site-packages/airflow/example_dags/example_skip_dag.py for tasks to queue
[2026-04-29T05:41:54.905+0200] {logging_mixin.py:188} INFO - [2026-04-29T05:41:54.905+0200] {dagbag.py:540} INFO - Filling up the DagBag from /Users/pablofrancoherrero/prueba_tecnica/venv/lib/python3.11/site-packages/airflow/example_dags/example_skip_dag.py
[2026-04-29T05:41:54.907+0200] {processor.py:840} INFO - DAG(s) 'example_skip_dag' retrieved from /Users/pablofrancoherrero/prueba_tecnica/venv/lib/python3.11/site-packages/airflow/example_dags/example_skip_dag.py
[2026-04-29T05:41:54.933+0200] {logging_mixin.py:188} INFO - [2026-04-29T05:41:54.932+0200] {dag.py:3096} INFO - Sync 1 DAGs
[2026-04-29T05:41:54.937+0200] {logging_mixin.py:188} INFO - [2026-04-29T05:41:54.937+0200] {dag.py:3954} INFO - Setting next_dagrun for example_skip_dag to 2026-04-28 00:00:00+00:00, run_after=2026-04-29 00:00:00+00:00
[2026-04-29T05:41:54.942+0200] {processor.py:183} INFO - Processing /Users/pablofrancoherrero/prueba_tecnica/venv/lib/python3.11/site-packages/airflow/example_dags/example_skip_dag.py took 0.038 seconds
[2026-04-29T05:43:15.148+0200] {processor.py:161} INFO - Started process (PID=75029) to work on /Users/pablofrancoherrero/prueba_tecnica/venv/lib/python3.11/site-packages/airflow/example_dags/example_skip_dag.py
[2026-04-29T05:43:15.149+0200] {processor.py:830} INFO - Processing file /Users/pablofrancoherrero/prueba_tecnica/venv/lib/python3.11/site-packages/airflow/example_dags/example_skip_dag.py for tasks to queue
[2026-04-29T05:43:15.150+0200] {logging_mixin.py:188} INFO - [2026-04-29T05:43:15.150+0200] {dagbag.py:540} INFO - Filling up the DagBag from /Users/pablofrancoherrero/prueba_tecnica/venv/lib/python3.11/site-packages/airflow/example_dags/example_skip_dag.py
[2026-04-29T05:43:15.152+0200] {processor.py:840} INFO - DAG(s) 'example_skip_dag' retrieved from /Users/pablofrancoherrero/prueba_tecnica/venv/lib/python3.11/site-packages/airflow/example_dags/example_skip_dag.py
[2026-04-29T05:43:15.177+0200] {logging_mixin.py:188} INFO - [2026-04-29T05:43:15.177+0200] {dag.py:3096} INFO - Sync 1 DAGs
[2026-04-29T05:43:15.181+0200] {logging_mixin.py:188} INFO - [2026-04-29T05:43:15.181+0200] {dag.py:3954} INFO - Setting next_dagrun for example_skip_dag to 2026-04-28 00:00:00+00:00, run_after=2026-04-29 00:00:00+00:00
[2026-04-29T05:43:15.186+0200] {processor.py:183} INFO - Processing /Users/pablofrancoherrero/prueba_tecnica/venv/lib/python3.11/site-packages/airflow/example_dags/example_skip_dag.py took 0.039 seconds
[2026-04-29T05:44:37.582+0200] {processor.py:161} INFO - Started process (PID=75148) to work on /Users/pablofrancoherrero/prueba_tecnica/venv/lib/python3.11/site-packages/airflow/example_dags/example_skip_dag.py
[2026-04-29T05:44:37.583+0200] {processor.py:830} INFO - Processing file /Users/pablofrancoherrero/prueba_tecnica/venv/lib/python3.11/site-packages/airflow/example_dags/example_skip_dag.py for tasks to queue
[2026-04-29T05:44:37.583+0200] {logging_mixin.py:188} INFO - [2026-04-29T05:44:37.583+0200] {dagbag.py:540} INFO - Filling up the DagBag from /Users/pablofrancoherrero/prueba_tecnica/venv/lib/python3.11/site-packages/airflow/example_dags/example_skip_dag.py
[2026-04-29T05:44:37.586+0200] {processor.py:840} INFO - DAG(s) 'example_skip_dag' retrieved from /Users/pablofrancoherrero/prueba_tecnica/venv/lib/python3.11/site-packages/airflow/example_dags/example_skip_dag.py
[2026-04-29T05:44:37.612+0200] {logging_mixin.py:188} INFO - [2026-04-29T05:44:37.612+0200] {dag.py:3096} INFO - Sync 1 DAGs
[2026-04-29T05:44:37.616+0200] {logging_mixin.py:188} INFO - [2026-04-29T05:44:37.616+0200] {dag.py:3954} INFO - Setting next_dagrun for example_skip_dag to 2026-04-28 00:00:00+00:00, run_after=2026-04-29 00:00:00+00:00
[2026-04-29T05:44:37.621+0200] {processor.py:183} INFO - Processing /Users/pablofrancoherrero/prueba_tecnica/venv/lib/python3.11/site-packages/airflow/example_dags/example_skip_dag.py took 0.040 seconds
[2026-04-29T05:45:54.752+0200] {processor.py:161} INFO - Started process (PID=75241) to work on /Users/pablofrancoherrero/prueba_tecnica/venv/lib/python3.11/site-packages/airflow/example_dags/example_skip_dag.py
[2026-04-29T05:45:54.753+0200] {processor.py:830} INFO - Processing file /Users/pablofrancoherrero/prueba_tecnica/venv/lib/python3.11/site-packages/airflow/example_dags/example_skip_dag.py for tasks to queue
[2026-04-29T05:45:54.754+0200] {logging_mixin.py:188} INFO - [2026-04-29T05:45:54.754+0200] {dagbag.py:540} INFO - Filling up the DagBag from /Users/pablofrancoherrero/prueba_tecnica/venv/lib/python3.11/site-packages/airflow/example_dags/example_skip_dag.py
[2026-04-29T05:45:54.756+0200] {processor.py:840} INFO - DAG(s) 'example_skip_dag' retrieved from /Users/pablofrancoherrero/prueba_tecnica/venv/lib/python3.11/site-packages/airflow/example_dags/example_skip_dag.py
[2026-04-29T05:45:54.782+0200] {logging_mixin.py:188} INFO - [2026-04-29T05:45:54.782+0200] {dag.py:3096} INFO - Sync 1 DAGs
[2026-04-29T05:45:54.786+0200] {logging_mixin.py:188} INFO - [2026-04-29T05:45:54.786+0200] {dag.py:3954} INFO - Setting next_dagrun for example_skip_dag to 2026-04-28 00:00:00+00:00, run_after=2026-04-29 00:00:00+00:00
[2026-04-29T05:45:54.791+0200] {processor.py:183} INFO - Processing /Users/pablofrancoherrero/prueba_tecnica/venv/lib/python3.11/site-packages/airflow/example_dags/example_skip_dag.py took 0.040 seconds
[2026-04-29T05:47:13.198+0200] {processor.py:161} INFO - Started process (PID=75332) to work on /Users/pablofrancoherrero/prueba_tecnica/venv/lib/python3.11/site-packages/airflow/example_dags/example_skip_dag.py
[2026-04-29T05:47:13.199+0200] {processor.py:830} INFO - Processing file /Users/pablofrancoherrero/prueba_tecnica/venv/lib/python3.11/site-packages/airflow/example_dags/example_skip_dag.py for tasks to queue
[2026-04-29T05:47:13.199+0200] {logging_mixin.py:188} INFO - [2026-04-29T05:47:13.199+0200] {dagbag.py:540} INFO - Filling up the DagBag from /Users/pablofrancoherrero/prueba_tecnica/venv/lib/python3.11/site-packages/airflow/example_dags/example_skip_dag.py
[2026-04-29T05:47:13.202+0200] {processor.py:840} INFO - DAG(s) 'example_skip_dag' retrieved from /Users/pablofrancoherrero/prueba_tecnica/venv/lib/python3.11/site-packages/airflow/example_dags/example_skip_dag.py
[2026-04-29T05:47:13.227+0200] {logging_mixin.py:188} INFO - [2026-04-29T05:47:13.227+0200] {dag.py:3096} INFO - Sync 1 DAGs
[2026-04-29T05:47:13.231+0200] {logging_mixin.py:188} INFO - [2026-04-29T05:47:13.231+0200] {dag.py:3954} INFO - Setting next_dagrun for example_skip_dag to 2026-04-28 00:00:00+00:00, run_after=2026-04-29 00:00:00+00:00
[2026-04-29T05:47:13.236+0200] {processor.py:183} INFO - Processing /Users/pablofrancoherrero/prueba_tecnica/venv/lib/python3.11/site-packages/airflow/example_dags/example_skip_dag.py took 0.039 seconds
[2026-04-29T05:48:36.225+0200] {processor.py:161} INFO - Started process (PID=75419) to work on /Users/pablofrancoherrero/prueba_tecnica/venv/lib/python3.11/site-packages/airflow/example_dags/example_skip_dag.py
[2026-04-29T05:48:36.226+0200] {processor.py:830} INFO - Processing file /Users/pablofrancoherrero/prueba_tecnica/venv/lib/python3.11/site-packages/airflow/example_dags/example_skip_dag.py for tasks to queue
[2026-04-29T05:48:36.226+0200] {logging_mixin.py:188} INFO - [2026-04-29T05:48:36.226+0200] {dagbag.py:540} INFO - Filling up the DagBag from /Users/pablofrancoherrero/prueba_tecnica/venv/lib/python3.11/site-packages/airflow/example_dags/example_skip_dag.py
[2026-04-29T05:48:36.228+0200] {processor.py:840} INFO - DAG(s) 'example_skip_dag' retrieved from /Users/pablofrancoherrero/prueba_tecnica/venv/lib/python3.11/site-packages/airflow/example_dags/example_skip_dag.py
[2026-04-29T05:48:36.254+0200] {logging_mixin.py:188} INFO - [2026-04-29T05:48:36.254+0200] {dag.py:3096} INFO - Sync 1 DAGs
[2026-04-29T05:48:36.259+0200] {logging_mixin.py:188} INFO - [2026-04-29T05:48:36.259+0200] {dag.py:3954} INFO - Setting next_dagrun for example_skip_dag to 2026-04-28 00:00:00+00:00, run_after=2026-04-29 00:00:00+00:00
[2026-04-29T05:48:36.263+0200] {processor.py:183} INFO - Processing /Users/pablofrancoherrero/prueba_tecnica/venv/lib/python3.11/site-packages/airflow/example_dags/example_skip_dag.py took 0.039 seconds
[2026-04-29T05:49:56.489+0200] {processor.py:161} INFO - Started process (PID=75516) to work on /Users/pablofrancoherrero/prueba_tecnica/venv/lib/python3.11/site-packages/airflow/example_dags/example_skip_dag.py
[2026-04-29T05:49:56.490+0200] {processor.py:830} INFO - Processing file /Users/pablofrancoherrero/prueba_tecnica/venv/lib/python3.11/site-packages/airflow/example_dags/example_skip_dag.py for tasks to queue
[2026-04-29T05:49:56.491+0200] {logging_mixin.py:188} INFO - [2026-04-29T05:49:56.491+0200] {dagbag.py:540} INFO - Filling up the DagBag from /Users/pablofrancoherrero/prueba_tecnica/venv/lib/python3.11/site-packages/airflow/example_dags/example_skip_dag.py
[2026-04-29T05:49:56.493+0200] {processor.py:840} INFO - DAG(s) 'example_skip_dag' retrieved from /Users/pablofrancoherrero/prueba_tecnica/venv/lib/python3.11/site-packages/airflow/example_dags/example_skip_dag.py
[2026-04-29T05:49:56.518+0200] {logging_mixin.py:188} INFO - [2026-04-29T05:49:56.518+0200] {dag.py:3096} INFO - Sync 1 DAGs
[2026-04-29T05:49:56.522+0200] {logging_mixin.py:188} INFO - [2026-04-29T05:49:56.522+0200] {dag.py:3954} INFO - Setting next_dagrun for example_skip_dag to 2026-04-28 00:00:00+00:00, run_after=2026-04-29 00:00:00+00:00
[2026-04-29T05:49:56.527+0200] {processor.py:183} INFO - Processing /Users/pablofrancoherrero/prueba_tecnica/venv/lib/python3.11/site-packages/airflow/example_dags/example_skip_dag.py took 0.039 seconds
[2026-04-29T05:51:17.415+0200] {processor.py:161} INFO - Started process (PID=75630) to work on /Users/pablofrancoherrero/prueba_tecnica/venv/lib/python3.11/site-packages/airflow/example_dags/example_skip_dag.py
[2026-04-29T05:51:17.416+0200] {processor.py:830} INFO - Processing file /Users/pablofrancoherrero/prueba_tecnica/venv/lib/python3.11/site-packages/airflow/example_dags/example_skip_dag.py for tasks to queue
[2026-04-29T05:51:17.416+0200] {logging_mixin.py:188} INFO - [2026-04-29T05:51:17.416+0200] {dagbag.py:540} INFO - Filling up the DagBag from /Users/pablofrancoherrero/prueba_tecnica/venv/lib/python3.11/site-packages/airflow/example_dags/example_skip_dag.py
[2026-04-29T05:51:17.418+0200] {processor.py:840} INFO - DAG(s) 'example_skip_dag' retrieved from /Users/pablofrancoherrero/prueba_tecnica/venv/lib/python3.11/site-packages/airflow/example_dags/example_skip_dag.py
[2026-04-29T05:51:17.444+0200] {logging_mixin.py:188} INFO - [2026-04-29T05:51:17.443+0200] {dag.py:3096} INFO - Sync 1 DAGs
[2026-04-29T05:51:17.448+0200] {logging_mixin.py:188} INFO - [2026-04-29T05:51:17.448+0200] {dag.py:3954} INFO - Setting next_dagrun for example_skip_dag to 2026-04-28 00:00:00+00:00, run_after=2026-04-29 00:00:00+00:00
[2026-04-29T05:51:17.452+0200] {processor.py:183} INFO - Processing /Users/pablofrancoherrero/prueba_tecnica/venv/lib/python3.11/site-packages/airflow/example_dags/example_skip_dag.py took 0.038 seconds
[2026-04-29T05:52:38.442+0200] {processor.py:161} INFO - Started process (PID=75717) to work on /Users/pablofrancoherrero/prueba_tecnica/venv/lib/python3.11/site-packages/airflow/example_dags/example_skip_dag.py
[2026-04-29T05:52:38.443+0200] {processor.py:830} INFO - Processing file /Users/pablofrancoherrero/prueba_tecnica/venv/lib/python3.11/site-packages/airflow/example_dags/example_skip_dag.py for tasks to queue
[2026-04-29T05:52:38.443+0200] {logging_mixin.py:188} INFO - [2026-04-29T05:52:38.443+0200] {dagbag.py:540} INFO - Filling up the DagBag from /Users/pablofrancoherrero/prueba_tecnica/venv/lib/python3.11/site-packages/airflow/example_dags/example_skip_dag.py
[2026-04-29T05:52:38.445+0200] {processor.py:840} INFO - DAG(s) 'example_skip_dag' retrieved from /Users/pablofrancoherrero/prueba_tecnica/venv/lib/python3.11/site-packages/airflow/example_dags/example_skip_dag.py
[2026-04-29T05:52:38.470+0200] {logging_mixin.py:188} INFO - [2026-04-29T05:52:38.470+0200] {dag.py:3096} INFO - Sync 1 DAGs
[2026-04-29T05:52:38.474+0200] {logging_mixin.py:188} INFO - [2026-04-29T05:52:38.474+0200] {dag.py:3954} INFO - Setting next_dagrun for example_skip_dag to 2026-04-28 00:00:00+00:00, run_after=2026-04-29 00:00:00+00:00
[2026-04-29T05:52:38.479+0200] {processor.py:183} INFO - Processing /Users/pablofrancoherrero/prueba_tecnica/venv/lib/python3.11/site-packages/airflow/example_dags/example_skip_dag.py took 0.038 seconds
[2026-04-29T05:53:55.176+0200] {processor.py:161} INFO - Started process (PID=75803) to work on /Users/pablofrancoherrero/prueba_tecnica/venv/lib/python3.11/site-packages/airflow/example_dags/example_skip_dag.py
[2026-04-29T05:53:55.177+0200] {processor.py:830} INFO - Processing file /Users/pablofrancoherrero/prueba_tecnica/venv/lib/python3.11/site-packages/airflow/example_dags/example_skip_dag.py for tasks to queue
[2026-04-29T05:53:55.177+0200] {logging_mixin.py:188} INFO - [2026-04-29T05:53:55.177+0200] {dagbag.py:540} INFO - Filling up the DagBag from /Users/pablofrancoherrero/prueba_tecnica/venv/lib/python3.11/site-packages/airflow/example_dags/example_skip_dag.py
[2026-04-29T05:53:55.179+0200] {processor.py:840} INFO - DAG(s) 'example_skip_dag' retrieved from /Users/pablofrancoherrero/prueba_tecnica/venv/lib/python3.11/site-packages/airflow/example_dags/example_skip_dag.py
[2026-04-29T05:53:55.206+0200] {logging_mixin.py:188} INFO - [2026-04-29T05:53:55.205+0200] {dag.py:3096} INFO - Sync 1 DAGs
[2026-04-29T05:53:55.210+0200] {logging_mixin.py:188} INFO - [2026-04-29T05:53:55.210+0200] {dag.py:3954} INFO - Setting next_dagrun for example_skip_dag to 2026-04-28 00:00:00+00:00, run_after=2026-04-29 00:00:00+00:00
[2026-04-29T05:53:55.215+0200] {processor.py:183} INFO - Processing /Users/pablofrancoherrero/prueba_tecnica/venv/lib/python3.11/site-packages/airflow/example_dags/example_skip_dag.py took 0.040 seconds
[2026-04-29T05:55:14.998+0200] {processor.py:161} INFO - Started process (PID=75887) to work on /Users/pablofrancoherrero/prueba_tecnica/venv/lib/python3.11/site-packages/airflow/example_dags/example_skip_dag.py
[2026-04-29T05:55:14.999+0200] {processor.py:830} INFO - Processing file /Users/pablofrancoherrero/prueba_tecnica/venv/lib/python3.11/site-packages/airflow/example_dags/example_skip_dag.py for tasks to queue
[2026-04-29T05:55:14.999+0200] {logging_mixin.py:188} INFO - [2026-04-29T05:55:14.999+0200] {dagbag.py:540} INFO - Filling up the DagBag from /Users/pablofrancoherrero/prueba_tecnica/venv/lib/python3.11/site-packages/airflow/example_dags/example_skip_dag.py
[2026-04-29T05:55:15.001+0200] {processor.py:840} INFO - DAG(s) 'example_skip_dag' retrieved from /Users/pablofrancoherrero/prueba_tecnica/venv/lib/python3.11/site-packages/airflow/example_dags/example_skip_dag.py
[2026-04-29T05:55:15.027+0200] {logging_mixin.py:188} INFO - [2026-04-29T05:55:15.027+0200] {dag.py:3096} INFO - Sync 1 DAGs
[2026-04-29T05:55:15.031+0200] {logging_mixin.py:188} INFO - [2026-04-29T05:55:15.031+0200] {dag.py:3954} INFO - Setting next_dagrun for example_skip_dag to 2026-04-28 00:00:00+00:00, run_after=2026-04-29 00:00:00+00:00
[2026-04-29T05:55:15.036+0200] {processor.py:183} INFO - Processing /Users/pablofrancoherrero/prueba_tecnica/venv/lib/python3.11/site-packages/airflow/example_dags/example_skip_dag.py took 0.039 seconds
[2026-04-29T05:56:35.672+0200] {processor.py:161} INFO - Started process (PID=75989) to work on /Users/pablofrancoherrero/prueba_tecnica/venv/lib/python3.11/site-packages/airflow/example_dags/example_skip_dag.py
[2026-04-29T05:56:35.673+0200] {processor.py:830} INFO - Processing file /Users/pablofrancoherrero/prueba_tecnica/venv/lib/python3.11/site-packages/airflow/example_dags/example_skip_dag.py for tasks to queue
[2026-04-29T05:56:35.673+0200] {logging_mixin.py:188} INFO - [2026-04-29T05:56:35.673+0200] {dagbag.py:540} INFO - Filling up the DagBag from /Users/pablofrancoherrero/prueba_tecnica/venv/lib/python3.11/site-packages/airflow/example_dags/example_skip_dag.py
[2026-04-29T05:56:35.676+0200] {processor.py:840} INFO - DAG(s) 'example_skip_dag' retrieved from /Users/pablofrancoherrero/prueba_tecnica/venv/lib/python3.11/site-packages/airflow/example_dags/example_skip_dag.py
[2026-04-29T05:56:35.701+0200] {logging_mixin.py:188} INFO - [2026-04-29T05:56:35.701+0200] {dag.py:3096} INFO - Sync 1 DAGs
[2026-04-29T05:56:35.705+0200] {logging_mixin.py:188} INFO - [2026-04-29T05:56:35.705+0200] {dag.py:3954} INFO - Setting next_dagrun for example_skip_dag to 2026-04-28 00:00:00+00:00, run_after=2026-04-29 00:00:00+00:00
[2026-04-29T05:56:35.710+0200] {processor.py:183} INFO - Processing /Users/pablofrancoherrero/prueba_tecnica/venv/lib/python3.11/site-packages/airflow/example_dags/example_skip_dag.py took 0.038 seconds
[2026-04-29T05:57:56.773+0200] {processor.py:161} INFO - Started process (PID=76081) to work on /Users/pablofrancoherrero/prueba_tecnica/venv/lib/python3.11/site-packages/airflow/example_dags/example_skip_dag.py
[2026-04-29T05:57:56.774+0200] {processor.py:830} INFO - Processing file /Users/pablofrancoherrero/prueba_tecnica/venv/lib/python3.11/site-packages/airflow/example_dags/example_skip_dag.py for tasks to queue
[2026-04-29T05:57:56.774+0200] {logging_mixin.py:188} INFO - [2026-04-29T05:57:56.774+0200] {dagbag.py:540} INFO - Filling up the DagBag from /Users/pablofrancoherrero/prueba_tecnica/venv/lib/python3.11/site-packages/airflow/example_dags/example_skip_dag.py
[2026-04-29T05:57:56.776+0200] {processor.py:840} INFO - DAG(s) 'example_skip_dag' retrieved from /Users/pablofrancoherrero/prueba_tecnica/venv/lib/python3.11/site-packages/airflow/example_dags/example_skip_dag.py
[2026-04-29T05:57:56.802+0200] {logging_mixin.py:188} INFO - [2026-04-29T05:57:56.802+0200] {dag.py:3096} INFO - Sync 1 DAGs
[2026-04-29T05:57:56.806+0200] {logging_mixin.py:188} INFO - [2026-04-29T05:57:56.806+0200] {dag.py:3954} INFO - Setting next_dagrun for example_skip_dag to 2026-04-28 00:00:00+00:00, run_after=2026-04-29 00:00:00+00:00
[2026-04-29T05:57:56.811+0200] {processor.py:183} INFO - Processing /Users/pablofrancoherrero/prueba_tecnica/venv/lib/python3.11/site-packages/airflow/example_dags/example_skip_dag.py took 0.039 seconds
[2026-04-29T05:59:17.362+0200] {processor.py:161} INFO - Started process (PID=76163) to work on /Users/pablofrancoherrero/prueba_tecnica/venv/lib/python3.11/site-packages/airflow/example_dags/example_skip_dag.py
[2026-04-29T05:59:17.363+0200] {processor.py:830} INFO - Processing file /Users/pablofrancoherrero/prueba_tecnica/venv/lib/python3.11/site-packages/airflow/example_dags/example_skip_dag.py for tasks to queue
[2026-04-29T05:59:17.364+0200] {logging_mixin.py:188} INFO - [2026-04-29T05:59:17.364+0200] {dagbag.py:540} INFO - Filling up the DagBag from /Users/pablofrancoherrero/prueba_tecnica/venv/lib/python3.11/site-packages/airflow/example_dags/example_skip_dag.py
[2026-04-29T05:59:17.366+0200] {processor.py:840} INFO - DAG(s) 'example_skip_dag' retrieved from /Users/pablofrancoherrero/prueba_tecnica/venv/lib/python3.11/site-packages/airflow/example_dags/example_skip_dag.py
[2026-04-29T05:59:17.391+0200] {logging_mixin.py:188} INFO - [2026-04-29T05:59:17.391+0200] {dag.py:3096} INFO - Sync 1 DAGs
[2026-04-29T05:59:17.395+0200] {logging_mixin.py:188} INFO - [2026-04-29T05:59:17.395+0200] {dag.py:3954} INFO - Setting next_dagrun for example_skip_dag to 2026-04-28 00:00:00+00:00, run_after=2026-04-29 00:00:00+00:00
[2026-04-29T05:59:17.400+0200] {processor.py:183} INFO - Processing /Users/pablofrancoherrero/prueba_tecnica/venv/lib/python3.11/site-packages/airflow/example_dags/example_skip_dag.py took 0.039 seconds
[2026-04-29T06:00:39.285+0200] {processor.py:161} INFO - Started process (PID=76274) to work on /Users/pablofrancoherrero/prueba_tecnica/venv/lib/python3.11/site-packages/airflow/example_dags/example_skip_dag.py
[2026-04-29T06:00:39.286+0200] {processor.py:830} INFO - Processing file /Users/pablofrancoherrero/prueba_tecnica/venv/lib/python3.11/site-packages/airflow/example_dags/example_skip_dag.py for tasks to queue
[2026-04-29T06:00:39.286+0200] {logging_mixin.py:188} INFO - [2026-04-29T06:00:39.286+0200] {dagbag.py:540} INFO - Filling up the DagBag from /Users/pablofrancoherrero/prueba_tecnica/venv/lib/python3.11/site-packages/airflow/example_dags/example_skip_dag.py
[2026-04-29T06:00:39.289+0200] {processor.py:840} INFO - DAG(s) 'example_skip_dag' retrieved from /Users/pablofrancoherrero/prueba_tecnica/venv/lib/python3.11/site-packages/airflow/example_dags/example_skip_dag.py
[2026-04-29T06:00:39.315+0200] {logging_mixin.py:188} INFO - [2026-04-29T06:00:39.315+0200] {dag.py:3096} INFO - Sync 1 DAGs
[2026-04-29T06:00:39.319+0200] {logging_mixin.py:188} INFO - [2026-04-29T06:00:39.319+0200] {dag.py:3954} INFO - Setting next_dagrun for example_skip_dag to 2026-04-28 00:00:00+00:00, run_after=2026-04-29 00:00:00+00:00
[2026-04-29T06:00:39.324+0200] {processor.py:183} INFO - Processing /Users/pablofrancoherrero/prueba_tecnica/venv/lib/python3.11/site-packages/airflow/example_dags/example_skip_dag.py took 0.040 seconds
[2026-04-29T06:01:58.766+0200] {processor.py:161} INFO - Started process (PID=76369) to work on /Users/pablofrancoherrero/prueba_tecnica/venv/lib/python3.11/site-packages/airflow/example_dags/example_skip_dag.py
[2026-04-29T06:01:58.767+0200] {processor.py:830} INFO - Processing file /Users/pablofrancoherrero/prueba_tecnica/venv/lib/python3.11/site-packages/airflow/example_dags/example_skip_dag.py for tasks to queue
[2026-04-29T06:01:58.767+0200] {logging_mixin.py:188} INFO - [2026-04-29T06:01:58.767+0200] {dagbag.py:540} INFO - Filling up the DagBag from /Users/pablofrancoherrero/prueba_tecnica/venv/lib/python3.11/site-packages/airflow/example_dags/example_skip_dag.py
[2026-04-29T06:01:58.769+0200] {processor.py:840} INFO - DAG(s) 'example_skip_dag' retrieved from /Users/pablofrancoherrero/prueba_tecnica/venv/lib/python3.11/site-packages/airflow/example_dags/example_skip_dag.py
[2026-04-29T06:01:58.795+0200] {logging_mixin.py:188} INFO - [2026-04-29T06:01:58.795+0200] {dag.py:3096} INFO - Sync 1 DAGs
[2026-04-29T06:01:58.799+0200] {logging_mixin.py:188} INFO - [2026-04-29T06:01:58.799+0200] {dag.py:3954} INFO - Setting next_dagrun for example_skip_dag to 2026-04-28 00:00:00+00:00, run_after=2026-04-29 00:00:00+00:00
[2026-04-29T06:01:58.804+0200] {processor.py:183} INFO - Processing /Users/pablofrancoherrero/prueba_tecnica/venv/lib/python3.11/site-packages/airflow/example_dags/example_skip_dag.py took 0.039 seconds
[2026-04-29T06:03:21.999+0200] {processor.py:161} INFO - Started process (PID=76458) to work on /Users/pablofrancoherrero/prueba_tecnica/venv/lib/python3.11/site-packages/airflow/example_dags/example_skip_dag.py
[2026-04-29T06:03:22.000+0200] {processor.py:830} INFO - Processing file /Users/pablofrancoherrero/prueba_tecnica/venv/lib/python3.11/site-packages/airflow/example_dags/example_skip_dag.py for tasks to queue
[2026-04-29T06:03:22.000+0200] {logging_mixin.py:188} INFO - [2026-04-29T06:03:22.000+0200] {dagbag.py:540} INFO - Filling up the DagBag from /Users/pablofrancoherrero/prueba_tecnica/venv/lib/python3.11/site-packages/airflow/example_dags/example_skip_dag.py
[2026-04-29T06:03:22.002+0200] {processor.py:840} INFO - DAG(s) 'example_skip_dag' retrieved from /Users/pablofrancoherrero/prueba_tecnica/venv/lib/python3.11/site-packages/airflow/example_dags/example_skip_dag.py
[2026-04-29T06:03:22.029+0200] {logging_mixin.py:188} INFO - [2026-04-29T06:03:22.028+0200] {dag.py:3096} INFO - Sync 1 DAGs
[2026-04-29T06:03:22.033+0200] {logging_mixin.py:188} INFO - [2026-04-29T06:03:22.033+0200] {dag.py:3954} INFO - Setting next_dagrun for example_skip_dag to 2026-04-28 00:00:00+00:00, run_after=2026-04-29 00:00:00+00:00
[2026-04-29T06:03:22.038+0200] {processor.py:183} INFO - Processing /Users/pablofrancoherrero/prueba_tecnica/venv/lib/python3.11/site-packages/airflow/example_dags/example_skip_dag.py took 0.040 seconds
[2026-04-29T06:04:43.418+0200] {processor.py:161} INFO - Started process (PID=76543) to work on /Users/pablofrancoherrero/prueba_tecnica/venv/lib/python3.11/site-packages/airflow/example_dags/example_skip_dag.py
[2026-04-29T06:04:43.419+0200] {processor.py:830} INFO - Processing file /Users/pablofrancoherrero/prueba_tecnica/venv/lib/python3.11/site-packages/airflow/example_dags/example_skip_dag.py for tasks to queue
[2026-04-29T06:04:43.419+0200] {logging_mixin.py:188} INFO - [2026-04-29T06:04:43.419+0200] {dagbag.py:540} INFO - Filling up the DagBag from /Users/pablofrancoherrero/prueba_tecnica/venv/lib/python3.11/site-packages/airflow/example_dags/example_skip_dag.py
[2026-04-29T06:04:43.421+0200] {processor.py:840} INFO - DAG(s) 'example_skip_dag' retrieved from /Users/pablofrancoherrero/prueba_tecnica/venv/lib/python3.11/site-packages/airflow/example_dags/example_skip_dag.py
[2026-04-29T06:04:43.448+0200] {logging_mixin.py:188} INFO - [2026-04-29T06:04:43.448+0200] {dag.py:3096} INFO - Sync 1 DAGs
[2026-04-29T06:04:43.452+0200] {logging_mixin.py:188} INFO - [2026-04-29T06:04:43.452+0200] {dag.py:3954} INFO - Setting next_dagrun for example_skip_dag to 2026-04-28 00:00:00+00:00, run_after=2026-04-29 00:00:00+00:00
[2026-04-29T06:04:43.457+0200] {processor.py:183} INFO - Processing /Users/pablofrancoherrero/prueba_tecnica/venv/lib/python3.11/site-packages/airflow/example_dags/example_skip_dag.py took 0.040 seconds
[2026-04-29T06:06:02.595+0200] {processor.py:161} INFO - Started process (PID=76637) to work on /Users/pablofrancoherrero/prueba_tecnica/venv/lib/python3.11/site-packages/airflow/example_dags/example_skip_dag.py
[2026-04-29T06:06:02.596+0200] {processor.py:830} INFO - Processing file /Users/pablofrancoherrero/prueba_tecnica/venv/lib/python3.11/site-packages/airflow/example_dags/example_skip_dag.py for tasks to queue
[2026-04-29T06:06:02.596+0200] {logging_mixin.py:188} INFO - [2026-04-29T06:06:02.596+0200] {dagbag.py:540} INFO - Filling up the DagBag from /Users/pablofrancoherrero/prueba_tecnica/venv/lib/python3.11/site-packages/airflow/example_dags/example_skip_dag.py
[2026-04-29T06:06:02.599+0200] {processor.py:840} INFO - DAG(s) 'example_skip_dag' retrieved from /Users/pablofrancoherrero/prueba_tecnica/venv/lib/python3.11/site-packages/airflow/example_dags/example_skip_dag.py
[2026-04-29T06:06:02.625+0200] {logging_mixin.py:188} INFO - [2026-04-29T06:06:02.625+0200] {dag.py:3096} INFO - Sync 1 DAGs
[2026-04-29T06:06:02.629+0200] {logging_mixin.py:188} INFO - [2026-04-29T06:06:02.629+0200] {dag.py:3954} INFO - Setting next_dagrun for example_skip_dag to 2026-04-28 00:00:00+00:00, run_after=2026-04-29 00:00:00+00:00
[2026-04-29T06:06:02.634+0200] {processor.py:183} INFO - Processing /Users/pablofrancoherrero/prueba_tecnica/venv/lib/python3.11/site-packages/airflow/example_dags/example_skip_dag.py took 0.040 seconds
[2026-04-29T06:07:23.216+0200] {processor.py:161} INFO - Started process (PID=76729) to work on /Users/pablofrancoherrero/prueba_tecnica/venv/lib/python3.11/site-packages/airflow/example_dags/example_skip_dag.py
[2026-04-29T06:07:23.216+0200] {processor.py:830} INFO - Processing file /Users/pablofrancoherrero/prueba_tecnica/venv/lib/python3.11/site-packages/airflow/example_dags/example_skip_dag.py for tasks to queue
[2026-04-29T06:07:23.216+0200] {logging_mixin.py:188} INFO - [2026-04-29T06:07:23.216+0200] {dagbag.py:540} INFO - Filling up the DagBag from /Users/pablofrancoherrero/prueba_tecnica/venv/lib/python3.11/site-packages/airflow/example_dags/example_skip_dag.py
[2026-04-29T06:07:23.218+0200] {processor.py:840} INFO - DAG(s) 'example_skip_dag' retrieved from /Users/pablofrancoherrero/prueba_tecnica/venv/lib/python3.11/site-packages/airflow/example_dags/example_skip_dag.py
[2026-04-29T06:07:23.244+0200] {logging_mixin.py:188} INFO - [2026-04-29T06:07:23.244+0200] {dag.py:3096} INFO - Sync 1 DAGs
[2026-04-29T06:07:23.248+0200] {logging_mixin.py:188} INFO - [2026-04-29T06:07:23.248+0200] {dag.py:3954} INFO - Setting next_dagrun for example_skip_dag to 2026-04-28 00:00:00+00:00, run_after=2026-04-29 00:00:00+00:00
[2026-04-29T06:07:23.253+0200] {processor.py:183} INFO - Processing /Users/pablofrancoherrero/prueba_tecnica/venv/lib/python3.11/site-packages/airflow/example_dags/example_skip_dag.py took 0.039 seconds
[2026-04-29T06:08:43.339+0200] {processor.py:161} INFO - Started process (PID=76817) to work on /Users/pablofrancoherrero/prueba_tecnica/venv/lib/python3.11/site-packages/airflow/example_dags/example_skip_dag.py
[2026-04-29T06:08:43.340+0200] {processor.py:830} INFO - Processing file /Users/pablofrancoherrero/prueba_tecnica/venv/lib/python3.11/site-packages/airflow/example_dags/example_skip_dag.py for tasks to queue
[2026-04-29T06:08:43.340+0200] {logging_mixin.py:188} INFO - [2026-04-29T06:08:43.340+0200] {dagbag.py:540} INFO - Filling up the DagBag from /Users/pablofrancoherrero/prueba_tecnica/venv/lib/python3.11/site-packages/airflow/example_dags/example_skip_dag.py
[2026-04-29T06:08:43.342+0200] {processor.py:840} INFO - DAG(s) 'example_skip_dag' retrieved from /Users/pablofrancoherrero/prueba_tecnica/venv/lib/python3.11/site-packages/airflow/example_dags/example_skip_dag.py
[2026-04-29T06:08:43.369+0200] {logging_mixin.py:188} INFO - [2026-04-29T06:08:43.369+0200] {dag.py:3096} INFO - Sync 1 DAGs
[2026-04-29T06:08:43.373+0200] {logging_mixin.py:188} INFO - [2026-04-29T06:08:43.373+0200] {dag.py:3954} INFO - Setting next_dagrun for example_skip_dag to 2026-04-28 00:00:00+00:00, run_after=2026-04-29 00:00:00+00:00
[2026-04-29T06:08:43.378+0200] {processor.py:183} INFO - Processing /Users/pablofrancoherrero/prueba_tecnica/venv/lib/python3.11/site-packages/airflow/example_dags/example_skip_dag.py took 0.040 seconds
[2026-04-29T06:10:00.768+0200] {processor.py:161} INFO - Started process (PID=76897) to work on /Users/pablofrancoherrero/prueba_tecnica/venv/lib/python3.11/site-packages/airflow/example_dags/example_skip_dag.py
[2026-04-29T06:10:00.770+0200] {processor.py:830} INFO - Processing file /Users/pablofrancoherrero/prueba_tecnica/venv/lib/python3.11/site-packages/airflow/example_dags/example_skip_dag.py for tasks to queue
[2026-04-29T06:10:00.770+0200] {logging_mixin.py:188} INFO - [2026-04-29T06:10:00.770+0200] {dagbag.py:540} INFO - Filling up the DagBag from /Users/pablofrancoherrero/prueba_tecnica/venv/lib/python3.11/site-packages/airflow/example_dags/example_skip_dag.py
[2026-04-29T06:10:00.772+0200] {processor.py:840} INFO - DAG(s) 'example_skip_dag' retrieved from /Users/pablofrancoherrero/prueba_tecnica/venv/lib/python3.11/site-packages/airflow/example_dags/example_skip_dag.py
[2026-04-29T06:10:00.797+0200] {logging_mixin.py:188} INFO - [2026-04-29T06:10:00.797+0200] {dag.py:3096} INFO - Sync 1 DAGs
[2026-04-29T06:10:00.801+0200] {logging_mixin.py:188} INFO - [2026-04-29T06:10:00.801+0200] {dag.py:3954} INFO - Setting next_dagrun for example_skip_dag to 2026-04-28 00:00:00+00:00, run_after=2026-04-29 00:00:00+00:00
[2026-04-29T06:10:00.806+0200] {processor.py:183} INFO - Processing /Users/pablofrancoherrero/prueba_tecnica/venv/lib/python3.11/site-packages/airflow/example_dags/example_skip_dag.py took 0.038 seconds
[2026-04-29T06:11:21.476+0200] {processor.py:161} INFO - Started process (PID=76980) to work on /Users/pablofrancoherrero/prueba_tecnica/venv/lib/python3.11/site-packages/airflow/example_dags/example_skip_dag.py
[2026-04-29T06:11:21.477+0200] {processor.py:830} INFO - Processing file /Users/pablofrancoherrero/prueba_tecnica/venv/lib/python3.11/site-packages/airflow/example_dags/example_skip_dag.py for tasks to queue
[2026-04-29T06:11:21.477+0200] {logging_mixin.py:188} INFO - [2026-04-29T06:11:21.477+0200] {dagbag.py:540} INFO - Filling up the DagBag from /Users/pablofrancoherrero/prueba_tecnica/venv/lib/python3.11/site-packages/airflow/example_dags/example_skip_dag.py
[2026-04-29T06:11:21.479+0200] {processor.py:840} INFO - DAG(s) 'example_skip_dag' retrieved from /Users/pablofrancoherrero/prueba_tecnica/venv/lib/python3.11/site-packages/airflow/example_dags/example_skip_dag.py
[2026-04-29T06:11:21.505+0200] {logging_mixin.py:188} INFO - [2026-04-29T06:11:21.505+0200] {dag.py:3096} INFO - Sync 1 DAGs
[2026-04-29T06:11:21.510+0200] {logging_mixin.py:188} INFO - [2026-04-29T06:11:21.510+0200] {dag.py:3954} INFO - Setting next_dagrun for example_skip_dag to 2026-04-28 00:00:00+00:00, run_after=2026-04-29 00:00:00+00:00
[2026-04-29T06:11:21.515+0200] {processor.py:183} INFO - Processing /Users/pablofrancoherrero/prueba_tecnica/venv/lib/python3.11/site-packages/airflow/example_dags/example_skip_dag.py took 0.040 seconds
[2026-04-29T06:12:41.210+0200] {processor.py:161} INFO - Started process (PID=77079) to work on /Users/pablofrancoherrero/prueba_tecnica/venv/lib/python3.11/site-packages/airflow/example_dags/example_skip_dag.py
[2026-04-29T06:12:41.211+0200] {processor.py:830} INFO - Processing file /Users/pablofrancoherrero/prueba_tecnica/venv/lib/python3.11/site-packages/airflow/example_dags/example_skip_dag.py for tasks to queue
[2026-04-29T06:12:41.212+0200] {logging_mixin.py:188} INFO - [2026-04-29T06:12:41.211+0200] {dagbag.py:540} INFO - Filling up the DagBag from /Users/pablofrancoherrero/prueba_tecnica/venv/lib/python3.11/site-packages/airflow/example_dags/example_skip_dag.py
[2026-04-29T06:12:41.214+0200] {processor.py:840} INFO - DAG(s) 'example_skip_dag' retrieved from /Users/pablofrancoherrero/prueba_tecnica/venv/lib/python3.11/site-packages/airflow/example_dags/example_skip_dag.py
[2026-04-29T06:12:41.240+0200] {logging_mixin.py:188} INFO - [2026-04-29T06:12:41.240+0200] {dag.py:3096} INFO - Sync 1 DAGs
[2026-04-29T06:12:41.244+0200] {logging_mixin.py:188} INFO - [2026-04-29T06:12:41.244+0200] {dag.py:3954} INFO - Setting next_dagrun for example_skip_dag to 2026-04-28 00:00:00+00:00, run_after=2026-04-29 00:00:00+00:00
[2026-04-29T06:12:41.249+0200] {processor.py:183} INFO - Processing /Users/pablofrancoherrero/prueba_tecnica/venv/lib/python3.11/site-packages/airflow/example_dags/example_skip_dag.py took 0.040 seconds
[2026-04-29T06:13:59.510+0200] {processor.py:161} INFO - Started process (PID=77161) to work on /Users/pablofrancoherrero/prueba_tecnica/venv/lib/python3.11/site-packages/airflow/example_dags/example_skip_dag.py
[2026-04-29T06:13:59.511+0200] {processor.py:830} INFO - Processing file /Users/pablofrancoherrero/prueba_tecnica/venv/lib/python3.11/site-packages/airflow/example_dags/example_skip_dag.py for tasks to queue
[2026-04-29T06:13:59.511+0200] {logging_mixin.py:188} INFO - [2026-04-29T06:13:59.511+0200] {dagbag.py:540} INFO - Filling up the DagBag from /Users/pablofrancoherrero/prueba_tecnica/venv/lib/python3.11/site-packages/airflow/example_dags/example_skip_dag.py
[2026-04-29T06:13:59.513+0200] {processor.py:840} INFO - DAG(s) 'example_skip_dag' retrieved from /Users/pablofrancoherrero/prueba_tecnica/venv/lib/python3.11/site-packages/airflow/example_dags/example_skip_dag.py
[2026-04-29T06:13:59.538+0200] {logging_mixin.py:188} INFO - [2026-04-29T06:13:59.538+0200] {dag.py:3096} INFO - Sync 1 DAGs
[2026-04-29T06:13:59.542+0200] {logging_mixin.py:188} INFO - [2026-04-29T06:13:59.542+0200] {dag.py:3954} INFO - Setting next_dagrun for example_skip_dag to 2026-04-28 00:00:00+00:00, run_after=2026-04-29 00:00:00+00:00
[2026-04-29T06:13:59.547+0200] {processor.py:183} INFO - Processing /Users/pablofrancoherrero/prueba_tecnica/venv/lib/python3.11/site-packages/airflow/example_dags/example_skip_dag.py took 0.038 seconds
[2026-04-29T06:15:20.994+0200] {processor.py:161} INFO - Started process (PID=77272) to work on /Users/pablofrancoherrero/prueba_tecnica/venv/lib/python3.11/site-packages/airflow/example_dags/example_skip_dag.py
[2026-04-29T06:15:20.995+0200] {processor.py:830} INFO - Processing file /Users/pablofrancoherrero/prueba_tecnica/venv/lib/python3.11/site-packages/airflow/example_dags/example_skip_dag.py for tasks to queue
[2026-04-29T06:15:20.996+0200] {logging_mixin.py:188} INFO - [2026-04-29T06:15:20.996+0200] {dagbag.py:540} INFO - Filling up the DagBag from /Users/pablofrancoherrero/prueba_tecnica/venv/lib/python3.11/site-packages/airflow/example_dags/example_skip_dag.py
[2026-04-29T06:15:20.998+0200] {processor.py:840} INFO - DAG(s) 'example_skip_dag' retrieved from /Users/pablofrancoherrero/prueba_tecnica/venv/lib/python3.11/site-packages/airflow/example_dags/example_skip_dag.py
[2026-04-29T06:15:21.024+0200] {logging_mixin.py:188} INFO - [2026-04-29T06:15:21.024+0200] {dag.py:3096} INFO - Sync 1 DAGs
[2026-04-29T06:15:21.028+0200] {logging_mixin.py:188} INFO - [2026-04-29T06:15:21.028+0200] {dag.py:3954} INFO - Setting next_dagrun for example_skip_dag to 2026-04-28 00:00:00+00:00, run_after=2026-04-29 00:00:00+00:00
[2026-04-29T06:15:21.033+0200] {processor.py:183} INFO - Processing /Users/pablofrancoherrero/prueba_tecnica/venv/lib/python3.11/site-packages/airflow/example_dags/example_skip_dag.py took 0.040 seconds
[2026-04-29T06:16:41.121+0200] {processor.py:161} INFO - Started process (PID=77379) to work on /Users/pablofrancoherrero/prueba_tecnica/venv/lib/python3.11/site-packages/airflow/example_dags/example_skip_dag.py
[2026-04-29T06:16:41.122+0200] {processor.py:830} INFO - Processing file /Users/pablofrancoherrero/prueba_tecnica/venv/lib/python3.11/site-packages/airflow/example_dags/example_skip_dag.py for tasks to queue
[2026-04-29T06:16:41.122+0200] {logging_mixin.py:188} INFO - [2026-04-29T06:16:41.122+0200] {dagbag.py:540} INFO - Filling up the DagBag from /Users/pablofrancoherrero/prueba_tecnica/venv/lib/python3.11/site-packages/airflow/example_dags/example_skip_dag.py
[2026-04-29T06:16:41.124+0200] {processor.py:840} INFO - DAG(s) 'example_skip_dag' retrieved from /Users/pablofrancoherrero/prueba_tecnica/venv/lib/python3.11/site-packages/airflow/example_dags/example_skip_dag.py
[2026-04-29T06:16:41.150+0200] {logging_mixin.py:188} INFO - [2026-04-29T06:16:41.150+0200] {dag.py:3096} INFO - Sync 1 DAGs
[2026-04-29T06:16:41.154+0200] {logging_mixin.py:188} INFO - [2026-04-29T06:16:41.154+0200] {dag.py:3954} INFO - Setting next_dagrun for example_skip_dag to 2026-04-28 00:00:00+00:00, run_after=2026-04-29 00:00:00+00:00
[2026-04-29T06:16:41.159+0200] {processor.py:183} INFO - Processing /Users/pablofrancoherrero/prueba_tecnica/venv/lib/python3.11/site-packages/airflow/example_dags/example_skip_dag.py took 0.039 seconds
[2026-04-29T06:18:01.666+0200] {processor.py:161} INFO - Started process (PID=77497) to work on /Users/pablofrancoherrero/prueba_tecnica/venv/lib/python3.11/site-packages/airflow/example_dags/example_skip_dag.py
[2026-04-29T06:18:01.667+0200] {processor.py:830} INFO - Processing file /Users/pablofrancoherrero/prueba_tecnica/venv/lib/python3.11/site-packages/airflow/example_dags/example_skip_dag.py for tasks to queue
[2026-04-29T06:18:01.667+0200] {logging_mixin.py:188} INFO - [2026-04-29T06:18:01.667+0200] {dagbag.py:540} INFO - Filling up the DagBag from /Users/pablofrancoherrero/prueba_tecnica/venv/lib/python3.11/site-packages/airflow/example_dags/example_skip_dag.py
[2026-04-29T06:18:01.669+0200] {processor.py:840} INFO - DAG(s) 'example_skip_dag' retrieved from /Users/pablofrancoherrero/prueba_tecnica/venv/lib/python3.11/site-packages/airflow/example_dags/example_skip_dag.py
[2026-04-29T06:18:01.695+0200] {logging_mixin.py:188} INFO - [2026-04-29T06:18:01.695+0200] {dag.py:3096} INFO - Sync 1 DAGs
[2026-04-29T06:18:01.699+0200] {logging_mixin.py:188} INFO - [2026-04-29T06:18:01.699+0200] {dag.py:3954} INFO - Setting next_dagrun for example_skip_dag to 2026-04-28 00:00:00+00:00, run_after=2026-04-29 00:00:00+00:00
[2026-04-29T06:18:01.704+0200] {processor.py:183} INFO - Processing /Users/pablofrancoherrero/prueba_tecnica/venv/lib/python3.11/site-packages/airflow/example_dags/example_skip_dag.py took 0.039 seconds
[2026-04-29T06:19:19.031+0200] {processor.py:161} INFO - Started process (PID=77582) to work on /Users/pablofrancoherrero/prueba_tecnica/venv/lib/python3.11/site-packages/airflow/example_dags/example_skip_dag.py
[2026-04-29T06:19:19.032+0200] {processor.py:830} INFO - Processing file /Users/pablofrancoherrero/prueba_tecnica/venv/lib/python3.11/site-packages/airflow/example_dags/example_skip_dag.py for tasks to queue
[2026-04-29T06:19:19.032+0200] {logging_mixin.py:188} INFO - [2026-04-29T06:19:19.032+0200] {dagbag.py:540} INFO - Filling up the DagBag from /Users/pablofrancoherrero/prueba_tecnica/venv/lib/python3.11/site-packages/airflow/example_dags/example_skip_dag.py
[2026-04-29T06:19:19.034+0200] {processor.py:840} INFO - DAG(s) 'example_skip_dag' retrieved from /Users/pablofrancoherrero/prueba_tecnica/venv/lib/python3.11/site-packages/airflow/example_dags/example_skip_dag.py
[2026-04-29T06:19:19.059+0200] {logging_mixin.py:188} INFO - [2026-04-29T06:19:19.059+0200] {dag.py:3096} INFO - Sync 1 DAGs
[2026-04-29T06:19:19.064+0200] {logging_mixin.py:188} INFO - [2026-04-29T06:19:19.064+0200] {dag.py:3954} INFO - Setting next_dagrun for example_skip_dag to 2026-04-28 00:00:00+00:00, run_after=2026-04-29 00:00:00+00:00
[2026-04-29T06:19:19.069+0200] {processor.py:183} INFO - Processing /Users/pablofrancoherrero/prueba_tecnica/venv/lib/python3.11/site-packages/airflow/example_dags/example_skip_dag.py took 0.039 seconds
[2026-04-29T06:20:40.768+0200] {processor.py:161} INFO - Started process (PID=77672) to work on /Users/pablofrancoherrero/prueba_tecnica/venv/lib/python3.11/site-packages/airflow/example_dags/example_skip_dag.py
[2026-04-29T06:20:40.769+0200] {processor.py:830} INFO - Processing file /Users/pablofrancoherrero/prueba_tecnica/venv/lib/python3.11/site-packages/airflow/example_dags/example_skip_dag.py for tasks to queue
[2026-04-29T06:20:40.770+0200] {logging_mixin.py:188} INFO - [2026-04-29T06:20:40.769+0200] {dagbag.py:540} INFO - Filling up the DagBag from /Users/pablofrancoherrero/prueba_tecnica/venv/lib/python3.11/site-packages/airflow/example_dags/example_skip_dag.py
[2026-04-29T06:20:40.772+0200] {processor.py:840} INFO - DAG(s) 'example_skip_dag' retrieved from /Users/pablofrancoherrero/prueba_tecnica/venv/lib/python3.11/site-packages/airflow/example_dags/example_skip_dag.py
[2026-04-29T06:20:40.798+0200] {logging_mixin.py:188} INFO - [2026-04-29T06:20:40.797+0200] {dag.py:3096} INFO - Sync 1 DAGs
[2026-04-29T06:20:40.802+0200] {logging_mixin.py:188} INFO - [2026-04-29T06:20:40.802+0200] {dag.py:3954} INFO - Setting next_dagrun for example_skip_dag to 2026-04-28 00:00:00+00:00, run_after=2026-04-29 00:00:00+00:00
[2026-04-29T06:20:40.807+0200] {processor.py:183} INFO - Processing /Users/pablofrancoherrero/prueba_tecnica/venv/lib/python3.11/site-packages/airflow/example_dags/example_skip_dag.py took 0.039 seconds
[2026-04-29T06:21:58.689+0200] {processor.py:161} INFO - Started process (PID=77770) to work on /Users/pablofrancoherrero/prueba_tecnica/venv/lib/python3.11/site-packages/airflow/example_dags/example_skip_dag.py
[2026-04-29T06:21:58.689+0200] {processor.py:830} INFO - Processing file /Users/pablofrancoherrero/prueba_tecnica/venv/lib/python3.11/site-packages/airflow/example_dags/example_skip_dag.py for tasks to queue
[2026-04-29T06:21:58.690+0200] {logging_mixin.py:188} INFO - [2026-04-29T06:21:58.690+0200] {dagbag.py:540} INFO - Filling up the DagBag from /Users/pablofrancoherrero/prueba_tecnica/venv/lib/python3.11/site-packages/airflow/example_dags/example_skip_dag.py
[2026-04-29T06:21:58.692+0200] {processor.py:840} INFO - DAG(s) 'example_skip_dag' retrieved from /Users/pablofrancoherrero/prueba_tecnica/venv/lib/python3.11/site-packages/airflow/example_dags/example_skip_dag.py
[2026-04-29T06:21:58.718+0200] {logging_mixin.py:188} INFO - [2026-04-29T06:21:58.718+0200] {dag.py:3096} INFO - Sync 1 DAGs
[2026-04-29T06:21:58.722+0200] {logging_mixin.py:188} INFO - [2026-04-29T06:21:58.722+0200] {dag.py:3954} INFO - Setting next_dagrun for example_skip_dag to 2026-04-28 00:00:00+00:00, run_after=2026-04-29 00:00:00+00:00
[2026-04-29T06:21:58.727+0200] {processor.py:183} INFO - Processing /Users/pablofrancoherrero/prueba_tecnica/venv/lib/python3.11/site-packages/airflow/example_dags/example_skip_dag.py took 0.039 seconds
[2026-04-29T06:23:17.331+0200] {processor.py:161} INFO - Started process (PID=77904) to work on /Users/pablofrancoherrero/prueba_tecnica/venv/lib/python3.11/site-packages/airflow/example_dags/example_skip_dag.py
[2026-04-29T06:23:17.333+0200] {processor.py:830} INFO - Processing file /Users/pablofrancoherrero/prueba_tecnica/venv/lib/python3.11/site-packages/airflow/example_dags/example_skip_dag.py for tasks to queue
[2026-04-29T06:23:17.333+0200] {logging_mixin.py:188} INFO - [2026-04-29T06:23:17.333+0200] {dagbag.py:540} INFO - Filling up the DagBag from /Users/pablofrancoherrero/prueba_tecnica/venv/lib/python3.11/site-packages/airflow/example_dags/example_skip_dag.py
[2026-04-29T06:23:17.335+0200] {processor.py:840} INFO - DAG(s) 'example_skip_dag' retrieved from /Users/pablofrancoherrero/prueba_tecnica/venv/lib/python3.11/site-packages/airflow/example_dags/example_skip_dag.py
[2026-04-29T06:23:17.360+0200] {logging_mixin.py:188} INFO - [2026-04-29T06:23:17.360+0200] {dag.py:3096} INFO - Sync 1 DAGs
[2026-04-29T06:23:17.364+0200] {logging_mixin.py:188} INFO - [2026-04-29T06:23:17.364+0200] {dag.py:3954} INFO - Setting next_dagrun for example_skip_dag to 2026-04-28 00:00:00+00:00, run_after=2026-04-29 00:00:00+00:00
[2026-04-29T06:23:17.369+0200] {processor.py:183} INFO - Processing /Users/pablofrancoherrero/prueba_tecnica/venv/lib/python3.11/site-packages/airflow/example_dags/example_skip_dag.py took 0.039 seconds
[2026-04-29T06:24:38.697+0200] {processor.py:161} INFO - Started process (PID=78003) to work on /Users/pablofrancoherrero/prueba_tecnica/venv/lib/python3.11/site-packages/airflow/example_dags/example_skip_dag.py
[2026-04-29T06:24:38.698+0200] {processor.py:830} INFO - Processing file /Users/pablofrancoherrero/prueba_tecnica/venv/lib/python3.11/site-packages/airflow/example_dags/example_skip_dag.py for tasks to queue
[2026-04-29T06:24:38.698+0200] {logging_mixin.py:188} INFO - [2026-04-29T06:24:38.698+0200] {dagbag.py:540} INFO - Filling up the DagBag from /Users/pablofrancoherrero/prueba_tecnica/venv/lib/python3.11/site-packages/airflow/example_dags/example_skip_dag.py
[2026-04-29T06:24:38.700+0200] {processor.py:840} INFO - DAG(s) 'example_skip_dag' retrieved from /Users/pablofrancoherrero/prueba_tecnica/venv/lib/python3.11/site-packages/airflow/example_dags/example_skip_dag.py
[2026-04-29T06:24:38.726+0200] {logging_mixin.py:188} INFO - [2026-04-29T06:24:38.726+0200] {dag.py:3096} INFO - Sync 1 DAGs
[2026-04-29T06:24:38.730+0200] {logging_mixin.py:188} INFO - [2026-04-29T06:24:38.730+0200] {dag.py:3954} INFO - Setting next_dagrun for example_skip_dag to 2026-04-28 00:00:00+00:00, run_after=2026-04-29 00:00:00+00:00
[2026-04-29T06:24:38.735+0200] {processor.py:183} INFO - Processing /Users/pablofrancoherrero/prueba_tecnica/venv/lib/python3.11/site-packages/airflow/example_dags/example_skip_dag.py took 0.039 seconds
[2026-04-29T06:25:57.341+0200] {processor.py:161} INFO - Started process (PID=78087) to work on /Users/pablofrancoherrero/prueba_tecnica/venv/lib/python3.11/site-packages/airflow/example_dags/example_skip_dag.py
[2026-04-29T06:25:57.342+0200] {processor.py:830} INFO - Processing file /Users/pablofrancoherrero/prueba_tecnica/venv/lib/python3.11/site-packages/airflow/example_dags/example_skip_dag.py for tasks to queue
[2026-04-29T06:25:57.342+0200] {logging_mixin.py:188} INFO - [2026-04-29T06:25:57.342+0200] {dagbag.py:540} INFO - Filling up the DagBag from /Users/pablofrancoherrero/prueba_tecnica/venv/lib/python3.11/site-packages/airflow/example_dags/example_skip_dag.py
[2026-04-29T06:25:57.345+0200] {processor.py:840} INFO - DAG(s) 'example_skip_dag' retrieved from /Users/pablofrancoherrero/prueba_tecnica/venv/lib/python3.11/site-packages/airflow/example_dags/example_skip_dag.py
[2026-04-29T06:25:57.370+0200] {logging_mixin.py:188} INFO - [2026-04-29T06:25:57.370+0200] {dag.py:3096} INFO - Sync 1 DAGs
[2026-04-29T06:25:57.374+0200] {logging_mixin.py:188} INFO - [2026-04-29T06:25:57.374+0200] {dag.py:3954} INFO - Setting next_dagrun for example_skip_dag to 2026-04-28 00:00:00+00:00, run_after=2026-04-29 00:00:00+00:00
[2026-04-29T06:25:57.379+0200] {processor.py:183} INFO - Processing /Users/pablofrancoherrero/prueba_tecnica/venv/lib/python3.11/site-packages/airflow/example_dags/example_skip_dag.py took 0.038 seconds
[2026-04-29T06:43:48.745+0200] {processor.py:161} INFO - Started process (PID=78219) to work on /Users/pablofrancoherrero/prueba_tecnica/venv/lib/python3.11/site-packages/airflow/example_dags/example_skip_dag.py
[2026-04-29T06:43:48.746+0200] {processor.py:830} INFO - Processing file /Users/pablofrancoherrero/prueba_tecnica/venv/lib/python3.11/site-packages/airflow/example_dags/example_skip_dag.py for tasks to queue
[2026-04-29T06:43:48.746+0200] {logging_mixin.py:188} INFO - [2026-04-29T06:43:48.746+0200] {dagbag.py:540} INFO - Filling up the DagBag from /Users/pablofrancoherrero/prueba_tecnica/venv/lib/python3.11/site-packages/airflow/example_dags/example_skip_dag.py
[2026-04-29T06:43:48.749+0200] {processor.py:840} INFO - DAG(s) 'example_skip_dag' retrieved from /Users/pablofrancoherrero/prueba_tecnica/venv/lib/python3.11/site-packages/airflow/example_dags/example_skip_dag.py
[2026-04-29T06:43:48.774+0200] {logging_mixin.py:188} INFO - [2026-04-29T06:43:48.774+0200] {dag.py:3096} INFO - Sync 1 DAGs
[2026-04-29T06:43:48.778+0200] {logging_mixin.py:188} INFO - [2026-04-29T06:43:48.778+0200] {dag.py:3954} INFO - Setting next_dagrun for example_skip_dag to 2026-04-28 00:00:00+00:00, run_after=2026-04-29 00:00:00+00:00
[2026-04-29T06:43:48.783+0200] {processor.py:183} INFO - Processing /Users/pablofrancoherrero/prueba_tecnica/venv/lib/python3.11/site-packages/airflow/example_dags/example_skip_dag.py took 0.039 seconds
[2026-04-29T07:00:33.006+0200] {processor.py:161} INFO - Started process (PID=78311) to work on /Users/pablofrancoherrero/prueba_tecnica/venv/lib/python3.11/site-packages/airflow/example_dags/example_skip_dag.py
[2026-04-29T07:00:33.006+0200] {processor.py:830} INFO - Processing file /Users/pablofrancoherrero/prueba_tecnica/venv/lib/python3.11/site-packages/airflow/example_dags/example_skip_dag.py for tasks to queue
[2026-04-29T07:00:33.007+0200] {logging_mixin.py:188} INFO - [2026-04-29T07:00:33.007+0200] {dagbag.py:540} INFO - Filling up the DagBag from /Users/pablofrancoherrero/prueba_tecnica/venv/lib/python3.11/site-packages/airflow/example_dags/example_skip_dag.py
[2026-04-29T07:00:33.009+0200] {processor.py:840} INFO - DAG(s) 'example_skip_dag' retrieved from /Users/pablofrancoherrero/prueba_tecnica/venv/lib/python3.11/site-packages/airflow/example_dags/example_skip_dag.py
[2026-04-29T07:00:33.034+0200] {logging_mixin.py:188} INFO - [2026-04-29T07:00:33.034+0200] {dag.py:3096} INFO - Sync 1 DAGs
[2026-04-29T07:00:33.038+0200] {logging_mixin.py:188} INFO - [2026-04-29T07:00:33.038+0200] {dag.py:3954} INFO - Setting next_dagrun for example_skip_dag to 2026-04-28 00:00:00+00:00, run_after=2026-04-29 00:00:00+00:00
[2026-04-29T07:00:33.043+0200] {processor.py:183} INFO - Processing /Users/pablofrancoherrero/prueba_tecnica/venv/lib/python3.11/site-packages/airflow/example_dags/example_skip_dag.py took 0.038 seconds
[2026-04-29T07:18:27.251+0200] {processor.py:161} INFO - Started process (PID=78447) to work on /Users/pablofrancoherrero/prueba_tecnica/venv/lib/python3.11/site-packages/airflow/example_dags/example_skip_dag.py
[2026-04-29T07:18:27.252+0200] {processor.py:830} INFO - Processing file /Users/pablofrancoherrero/prueba_tecnica/venv/lib/python3.11/site-packages/airflow/example_dags/example_skip_dag.py for tasks to queue
[2026-04-29T07:18:27.253+0200] {logging_mixin.py:188} INFO - [2026-04-29T07:18:27.252+0200] {dagbag.py:540} INFO - Filling up the DagBag from /Users/pablofrancoherrero/prueba_tecnica/venv/lib/python3.11/site-packages/airflow/example_dags/example_skip_dag.py
[2026-04-29T07:18:27.255+0200] {processor.py:840} INFO - DAG(s) 'example_skip_dag' retrieved from /Users/pablofrancoherrero/prueba_tecnica/venv/lib/python3.11/site-packages/airflow/example_dags/example_skip_dag.py
[2026-04-29T07:18:27.281+0200] {logging_mixin.py:188} INFO - [2026-04-29T07:18:27.280+0200] {dag.py:3096} INFO - Sync 1 DAGs
[2026-04-29T07:18:27.285+0200] {logging_mixin.py:188} INFO - [2026-04-29T07:18:27.285+0200] {dag.py:3954} INFO - Setting next_dagrun for example_skip_dag to 2026-04-28 00:00:00+00:00, run_after=2026-04-29 00:00:00+00:00
[2026-04-29T07:18:27.290+0200] {processor.py:183} INFO - Processing /Users/pablofrancoherrero/prueba_tecnica/venv/lib/python3.11/site-packages/airflow/example_dags/example_skip_dag.py took 0.040 seconds
[2026-04-29T07:36:52.000+0200] {processor.py:161} INFO - Started process (PID=78662) to work on /Users/pablofrancoherrero/prueba_tecnica/venv/lib/python3.11/site-packages/airflow/example_dags/example_skip_dag.py
[2026-04-29T07:36:52.001+0200] {processor.py:830} INFO - Processing file /Users/pablofrancoherrero/prueba_tecnica/venv/lib/python3.11/site-packages/airflow/example_dags/example_skip_dag.py for tasks to queue
[2026-04-29T07:36:52.001+0200] {logging_mixin.py:188} INFO - [2026-04-29T07:36:52.001+0200] {dagbag.py:540} INFO - Filling up the DagBag from /Users/pablofrancoherrero/prueba_tecnica/venv/lib/python3.11/site-packages/airflow/example_dags/example_skip_dag.py
[2026-04-29T07:36:52.003+0200] {processor.py:840} INFO - DAG(s) 'example_skip_dag' retrieved from /Users/pablofrancoherrero/prueba_tecnica/venv/lib/python3.11/site-packages/airflow/example_dags/example_skip_dag.py
[2026-04-29T07:36:52.028+0200] {logging_mixin.py:188} INFO - [2026-04-29T07:36:52.028+0200] {dag.py:3096} INFO - Sync 1 DAGs
[2026-04-29T07:36:52.032+0200] {logging_mixin.py:188} INFO - [2026-04-29T07:36:52.032+0200] {dag.py:3954} INFO - Setting next_dagrun for example_skip_dag to 2026-04-28 00:00:00+00:00, run_after=2026-04-29 00:00:00+00:00
[2026-04-29T07:36:52.037+0200] {processor.py:183} INFO - Processing /Users/pablofrancoherrero/prueba_tecnica/venv/lib/python3.11/site-packages/airflow/example_dags/example_skip_dag.py took 0.038 seconds
[2026-04-29T07:53:37.757+0200] {processor.py:161} INFO - Started process (PID=78738) to work on /Users/pablofrancoherrero/prueba_tecnica/venv/lib/python3.11/site-packages/airflow/example_dags/example_skip_dag.py
[2026-04-29T07:53:37.758+0200] {processor.py:830} INFO - Processing file /Users/pablofrancoherrero/prueba_tecnica/venv/lib/python3.11/site-packages/airflow/example_dags/example_skip_dag.py for tasks to queue
[2026-04-29T07:53:37.758+0200] {logging_mixin.py:188} INFO - [2026-04-29T07:53:37.758+0200] {dagbag.py:540} INFO - Filling up the DagBag from /Users/pablofrancoherrero/prueba_tecnica/venv/lib/python3.11/site-packages/airflow/example_dags/example_skip_dag.py
[2026-04-29T07:53:37.761+0200] {processor.py:840} INFO - DAG(s) 'example_skip_dag' retrieved from /Users/pablofrancoherrero/prueba_tecnica/venv/lib/python3.11/site-packages/airflow/example_dags/example_skip_dag.py
[2026-04-29T07:53:37.786+0200] {logging_mixin.py:188} INFO - [2026-04-29T07:53:37.786+0200] {dag.py:3096} INFO - Sync 1 DAGs
[2026-04-29T07:53:37.790+0200] {logging_mixin.py:188} INFO - [2026-04-29T07:53:37.790+0200] {dag.py:3954} INFO - Setting next_dagrun for example_skip_dag to 2026-04-28 00:00:00+00:00, run_after=2026-04-29 00:00:00+00:00
[2026-04-29T07:53:37.795+0200] {processor.py:183} INFO - Processing /Users/pablofrancoherrero/prueba_tecnica/venv/lib/python3.11/site-packages/airflow/example_dags/example_skip_dag.py took 0.039 seconds
[2026-04-29T08:00:37.844+0200] {processor.py:161} INFO - Started process (PID=78853) to work on /Users/pablofrancoherrero/prueba_tecnica/venv/lib/python3.11/site-packages/airflow/example_dags/example_skip_dag.py
[2026-04-29T08:00:37.844+0200] {processor.py:830} INFO - Processing file /Users/pablofrancoherrero/prueba_tecnica/venv/lib/python3.11/site-packages/airflow/example_dags/example_skip_dag.py for tasks to queue
[2026-04-29T08:00:37.845+0200] {logging_mixin.py:188} INFO - [2026-04-29T08:00:37.845+0200] {dagbag.py:540} INFO - Filling up the DagBag from /Users/pablofrancoherrero/prueba_tecnica/venv/lib/python3.11/site-packages/airflow/example_dags/example_skip_dag.py
[2026-04-29T08:00:37.847+0200] {processor.py:840} INFO - DAG(s) 'example_skip_dag' retrieved from /Users/pablofrancoherrero/prueba_tecnica/venv/lib/python3.11/site-packages/airflow/example_dags/example_skip_dag.py
[2026-04-29T08:00:37.872+0200] {logging_mixin.py:188} INFO - [2026-04-29T08:00:37.872+0200] {dag.py:3096} INFO - Sync 1 DAGs
[2026-04-29T08:00:37.876+0200] {logging_mixin.py:188} INFO - [2026-04-29T08:00:37.876+0200] {dag.py:3954} INFO - Setting next_dagrun for example_skip_dag to 2026-04-28 00:00:00+00:00, run_after=2026-04-29 00:00:00+00:00
[2026-04-29T08:00:37.881+0200] {processor.py:183} INFO - Processing /Users/pablofrancoherrero/prueba_tecnica/venv/lib/python3.11/site-packages/airflow/example_dags/example_skip_dag.py took 0.038 seconds
[2026-04-29T08:01:40.529+0200] {processor.py:161} INFO - Started process (PID=78937) to work on /Users/pablofrancoherrero/prueba_tecnica/venv/lib/python3.11/site-packages/airflow/example_dags/example_skip_dag.py
[2026-04-29T08:01:40.530+0200] {processor.py:830} INFO - Processing file /Users/pablofrancoherrero/prueba_tecnica/venv/lib/python3.11/site-packages/airflow/example_dags/example_skip_dag.py for tasks to queue
[2026-04-29T08:01:40.530+0200] {logging_mixin.py:188} INFO - [2026-04-29T08:01:40.530+0200] {dagbag.py:540} INFO - Filling up the DagBag from /Users/pablofrancoherrero/prueba_tecnica/venv/lib/python3.11/site-packages/airflow/example_dags/example_skip_dag.py
[2026-04-29T08:01:40.532+0200] {processor.py:840} INFO - DAG(s) 'example_skip_dag' retrieved from /Users/pablofrancoherrero/prueba_tecnica/venv/lib/python3.11/site-packages/airflow/example_dags/example_skip_dag.py
[2026-04-29T08:01:40.558+0200] {logging_mixin.py:188} INFO - [2026-04-29T08:01:40.558+0200] {dag.py:3096} INFO - Sync 1 DAGs
[2026-04-29T08:01:40.562+0200] {logging_mixin.py:188} INFO - [2026-04-29T08:01:40.562+0200] {dag.py:3954} INFO - Setting next_dagrun for example_skip_dag to 2026-04-28 00:00:00+00:00, run_after=2026-04-29 00:00:00+00:00
[2026-04-29T08:01:40.567+0200] {processor.py:183} INFO - Processing /Users/pablofrancoherrero/prueba_tecnica/venv/lib/python3.11/site-packages/airflow/example_dags/example_skip_dag.py took 0.038 seconds
[2026-04-29T08:03:00.092+0200] {processor.py:161} INFO - Started process (PID=79036) to work on /Users/pablofrancoherrero/prueba_tecnica/venv/lib/python3.11/site-packages/airflow/example_dags/example_skip_dag.py
[2026-04-29T08:03:00.097+0200] {processor.py:830} INFO - Processing file /Users/pablofrancoherrero/prueba_tecnica/venv/lib/python3.11/site-packages/airflow/example_dags/example_skip_dag.py for tasks to queue
[2026-04-29T08:03:00.097+0200] {logging_mixin.py:188} INFO - [2026-04-29T08:03:00.097+0200] {dagbag.py:540} INFO - Filling up the DagBag from /Users/pablofrancoherrero/prueba_tecnica/venv/lib/python3.11/site-packages/airflow/example_dags/example_skip_dag.py
[2026-04-29T08:03:00.100+0200] {processor.py:840} INFO - DAG(s) 'example_skip_dag' retrieved from /Users/pablofrancoherrero/prueba_tecnica/venv/lib/python3.11/site-packages/airflow/example_dags/example_skip_dag.py
[2026-04-29T08:03:00.125+0200] {logging_mixin.py:188} INFO - [2026-04-29T08:03:00.125+0200] {dag.py:3096} INFO - Sync 1 DAGs
[2026-04-29T08:03:00.129+0200] {logging_mixin.py:188} INFO - [2026-04-29T08:03:00.129+0200] {dag.py:3954} INFO - Setting next_dagrun for example_skip_dag to 2026-04-28 00:00:00+00:00, run_after=2026-04-29 00:00:00+00:00
[2026-04-29T08:03:00.134+0200] {processor.py:183} INFO - Processing /Users/pablofrancoherrero/prueba_tecnica/venv/lib/python3.11/site-packages/airflow/example_dags/example_skip_dag.py took 0.043 seconds
[2026-04-29T08:04:19.388+0200] {processor.py:161} INFO - Started process (PID=79126) to work on /Users/pablofrancoherrero/prueba_tecnica/venv/lib/python3.11/site-packages/airflow/example_dags/example_skip_dag.py
[2026-04-29T08:04:19.388+0200] {processor.py:830} INFO - Processing file /Users/pablofrancoherrero/prueba_tecnica/venv/lib/python3.11/site-packages/airflow/example_dags/example_skip_dag.py for tasks to queue
[2026-04-29T08:04:19.389+0200] {logging_mixin.py:188} INFO - [2026-04-29T08:04:19.389+0200] {dagbag.py:540} INFO - Filling up the DagBag from /Users/pablofrancoherrero/prueba_tecnica/venv/lib/python3.11/site-packages/airflow/example_dags/example_skip_dag.py
[2026-04-29T08:04:19.391+0200] {processor.py:840} INFO - DAG(s) 'example_skip_dag' retrieved from /Users/pablofrancoherrero/prueba_tecnica/venv/lib/python3.11/site-packages/airflow/example_dags/example_skip_dag.py
[2026-04-29T08:04:19.417+0200] {logging_mixin.py:188} INFO - [2026-04-29T08:04:19.417+0200] {dag.py:3096} INFO - Sync 1 DAGs
[2026-04-29T08:04:19.421+0200] {logging_mixin.py:188} INFO - [2026-04-29T08:04:19.421+0200] {dag.py:3954} INFO - Setting next_dagrun for example_skip_dag to 2026-04-28 00:00:00+00:00, run_after=2026-04-29 00:00:00+00:00
[2026-04-29T08:04:19.426+0200] {processor.py:183} INFO - Processing /Users/pablofrancoherrero/prueba_tecnica/venv/lib/python3.11/site-packages/airflow/example_dags/example_skip_dag.py took 0.039 seconds
[2026-04-29T08:05:38.105+0200] {processor.py:161} INFO - Started process (PID=79222) to work on /Users/pablofrancoherrero/prueba_tecnica/venv/lib/python3.11/site-packages/airflow/example_dags/example_skip_dag.py
[2026-04-29T08:05:38.106+0200] {processor.py:830} INFO - Processing file /Users/pablofrancoherrero/prueba_tecnica/venv/lib/python3.11/site-packages/airflow/example_dags/example_skip_dag.py for tasks to queue
[2026-04-29T08:05:38.106+0200] {logging_mixin.py:188} INFO - [2026-04-29T08:05:38.106+0200] {dagbag.py:540} INFO - Filling up the DagBag from /Users/pablofrancoherrero/prueba_tecnica/venv/lib/python3.11/site-packages/airflow/example_dags/example_skip_dag.py
[2026-04-29T08:05:38.108+0200] {processor.py:840} INFO - DAG(s) 'example_skip_dag' retrieved from /Users/pablofrancoherrero/prueba_tecnica/venv/lib/python3.11/site-packages/airflow/example_dags/example_skip_dag.py
[2026-04-29T08:05:38.133+0200] {logging_mixin.py:188} INFO - [2026-04-29T08:05:38.133+0200] {dag.py:3096} INFO - Sync 1 DAGs
[2026-04-29T08:05:38.137+0200] {logging_mixin.py:188} INFO - [2026-04-29T08:05:38.137+0200] {dag.py:3954} INFO - Setting next_dagrun for example_skip_dag to 2026-04-28 00:00:00+00:00, run_after=2026-04-29 00:00:00+00:00
[2026-04-29T08:05:38.142+0200] {processor.py:183} INFO - Processing /Users/pablofrancoherrero/prueba_tecnica/venv/lib/python3.11/site-packages/airflow/example_dags/example_skip_dag.py took 0.038 seconds
[2026-04-29T08:06:57.676+0200] {processor.py:161} INFO - Started process (PID=79328) to work on /Users/pablofrancoherrero/prueba_tecnica/venv/lib/python3.11/site-packages/airflow/example_dags/example_skip_dag.py
[2026-04-29T08:06:57.676+0200] {processor.py:830} INFO - Processing file /Users/pablofrancoherrero/prueba_tecnica/venv/lib/python3.11/site-packages/airflow/example_dags/example_skip_dag.py for tasks to queue
[2026-04-29T08:06:57.677+0200] {logging_mixin.py:188} INFO - [2026-04-29T08:06:57.677+0200] {dagbag.py:540} INFO - Filling up the DagBag from /Users/pablofrancoherrero/prueba_tecnica/venv/lib/python3.11/site-packages/airflow/example_dags/example_skip_dag.py
[2026-04-29T08:06:57.679+0200] {processor.py:840} INFO - DAG(s) 'example_skip_dag' retrieved from /Users/pablofrancoherrero/prueba_tecnica/venv/lib/python3.11/site-packages/airflow/example_dags/example_skip_dag.py
[2026-04-29T08:06:57.704+0200] {logging_mixin.py:188} INFO - [2026-04-29T08:06:57.704+0200] {dag.py:3096} INFO - Sync 1 DAGs
[2026-04-29T08:06:57.708+0200] {logging_mixin.py:188} INFO - [2026-04-29T08:06:57.708+0200] {dag.py:3954} INFO - Setting next_dagrun for example_skip_dag to 2026-04-28 00:00:00+00:00, run_after=2026-04-29 00:00:00+00:00
[2026-04-29T08:06:57.713+0200] {processor.py:183} INFO - Processing /Users/pablofrancoherrero/prueba_tecnica/venv/lib/python3.11/site-packages/airflow/example_dags/example_skip_dag.py took 0.038 seconds
[2026-04-29T08:08:16.875+0200] {processor.py:161} INFO - Started process (PID=79415) to work on /Users/pablofrancoherrero/prueba_tecnica/venv/lib/python3.11/site-packages/airflow/example_dags/example_skip_dag.py
[2026-04-29T08:08:16.876+0200] {processor.py:830} INFO - Processing file /Users/pablofrancoherrero/prueba_tecnica/venv/lib/python3.11/site-packages/airflow/example_dags/example_skip_dag.py for tasks to queue
[2026-04-29T08:08:16.876+0200] {logging_mixin.py:188} INFO - [2026-04-29T08:08:16.876+0200] {dagbag.py:540} INFO - Filling up the DagBag from /Users/pablofrancoherrero/prueba_tecnica/venv/lib/python3.11/site-packages/airflow/example_dags/example_skip_dag.py
[2026-04-29T08:08:16.878+0200] {processor.py:840} INFO - DAG(s) 'example_skip_dag' retrieved from /Users/pablofrancoherrero/prueba_tecnica/venv/lib/python3.11/site-packages/airflow/example_dags/example_skip_dag.py
[2026-04-29T08:08:16.904+0200] {logging_mixin.py:188} INFO - [2026-04-29T08:08:16.904+0200] {dag.py:3096} INFO - Sync 1 DAGs
[2026-04-29T08:08:16.909+0200] {logging_mixin.py:188} INFO - [2026-04-29T08:08:16.908+0200] {dag.py:3954} INFO - Setting next_dagrun for example_skip_dag to 2026-04-28 00:00:00+00:00, run_after=2026-04-29 00:00:00+00:00
[2026-04-29T08:08:16.913+0200] {processor.py:183} INFO - Processing /Users/pablofrancoherrero/prueba_tecnica/venv/lib/python3.11/site-packages/airflow/example_dags/example_skip_dag.py took 0.039 seconds
[2026-04-29T08:22:40.889+0200] {processor.py:161} INFO - Started process (PID=79568) to work on /Users/pablofrancoherrero/prueba_tecnica/venv/lib/python3.11/site-packages/airflow/example_dags/example_skip_dag.py
[2026-04-29T08:22:40.889+0200] {processor.py:830} INFO - Processing file /Users/pablofrancoherrero/prueba_tecnica/venv/lib/python3.11/site-packages/airflow/example_dags/example_skip_dag.py for tasks to queue
[2026-04-29T08:22:40.889+0200] {logging_mixin.py:188} INFO - [2026-04-29T08:22:40.889+0200] {dagbag.py:540} INFO - Filling up the DagBag from /Users/pablofrancoherrero/prueba_tecnica/venv/lib/python3.11/site-packages/airflow/example_dags/example_skip_dag.py
[2026-04-29T08:22:40.892+0200] {processor.py:840} INFO - DAG(s) 'example_skip_dag' retrieved from /Users/pablofrancoherrero/prueba_tecnica/venv/lib/python3.11/site-packages/airflow/example_dags/example_skip_dag.py
[2026-04-29T08:22:40.920+0200] {logging_mixin.py:188} INFO - [2026-04-29T08:22:40.920+0200] {dag.py:3096} INFO - Sync 1 DAGs
[2026-04-29T08:22:40.925+0200] {logging_mixin.py:188} INFO - [2026-04-29T08:22:40.925+0200] {dag.py:3954} INFO - Setting next_dagrun for example_skip_dag to 2026-04-28 00:00:00+00:00, run_after=2026-04-29 00:00:00+00:00
[2026-04-29T08:22:40.930+0200] {processor.py:183} INFO - Processing /Users/pablofrancoherrero/prueba_tecnica/venv/lib/python3.11/site-packages/airflow/example_dags/example_skip_dag.py took 0.042 seconds
[2026-04-29T08:27:41.361+0200] {processor.py:161} INFO - Started process (PID=79691) to work on /Users/pablofrancoherrero/prueba_tecnica/venv/lib/python3.11/site-packages/airflow/example_dags/example_skip_dag.py
[2026-04-29T08:27:41.362+0200] {processor.py:830} INFO - Processing file /Users/pablofrancoherrero/prueba_tecnica/venv/lib/python3.11/site-packages/airflow/example_dags/example_skip_dag.py for tasks to queue
[2026-04-29T08:27:41.362+0200] {logging_mixin.py:188} INFO - [2026-04-29T08:27:41.362+0200] {dagbag.py:540} INFO - Filling up the DagBag from /Users/pablofrancoherrero/prueba_tecnica/venv/lib/python3.11/site-packages/airflow/example_dags/example_skip_dag.py
[2026-04-29T08:27:41.364+0200] {processor.py:840} INFO - DAG(s) 'example_skip_dag' retrieved from /Users/pablofrancoherrero/prueba_tecnica/venv/lib/python3.11/site-packages/airflow/example_dags/example_skip_dag.py
[2026-04-29T08:27:41.391+0200] {logging_mixin.py:188} INFO - [2026-04-29T08:27:41.390+0200] {dag.py:3096} INFO - Sync 1 DAGs
[2026-04-29T08:27:41.395+0200] {logging_mixin.py:188} INFO - [2026-04-29T08:27:41.395+0200] {dag.py:3954} INFO - Setting next_dagrun for example_skip_dag to 2026-04-28 00:00:00+00:00, run_after=2026-04-29 00:00:00+00:00
[2026-04-29T08:27:41.400+0200] {processor.py:183} INFO - Processing /Users/pablofrancoherrero/prueba_tecnica/venv/lib/python3.11/site-packages/airflow/example_dags/example_skip_dag.py took 0.040 seconds
[2026-04-29T08:45:23.758+0200] {processor.py:161} INFO - Started process (PID=79876) to work on /Users/pablofrancoherrero/prueba_tecnica/venv/lib/python3.11/site-packages/airflow/example_dags/example_skip_dag.py
[2026-04-29T08:45:23.758+0200] {processor.py:830} INFO - Processing file /Users/pablofrancoherrero/prueba_tecnica/venv/lib/python3.11/site-packages/airflow/example_dags/example_skip_dag.py for tasks to queue
[2026-04-29T08:45:23.758+0200] {logging_mixin.py:188} INFO - [2026-04-29T08:45:23.758+0200] {dagbag.py:540} INFO - Filling up the DagBag from /Users/pablofrancoherrero/prueba_tecnica/venv/lib/python3.11/site-packages/airflow/example_dags/example_skip_dag.py
[2026-04-29T08:45:23.761+0200] {processor.py:840} INFO - DAG(s) 'example_skip_dag' retrieved from /Users/pablofrancoherrero/prueba_tecnica/venv/lib/python3.11/site-packages/airflow/example_dags/example_skip_dag.py
[2026-04-29T08:45:23.787+0200] {logging_mixin.py:188} INFO - [2026-04-29T08:45:23.786+0200] {dag.py:3096} INFO - Sync 1 DAGs
[2026-04-29T08:45:23.791+0200] {logging_mixin.py:188} INFO - [2026-04-29T08:45:23.791+0200] {dag.py:3954} INFO - Setting next_dagrun for example_skip_dag to 2026-04-28 00:00:00+00:00, run_after=2026-04-29 00:00:00+00:00
[2026-04-29T08:45:23.796+0200] {processor.py:183} INFO - Processing /Users/pablofrancoherrero/prueba_tecnica/venv/lib/python3.11/site-packages/airflow/example_dags/example_skip_dag.py took 0.039 seconds
[2026-04-29T08:49:29.029+0200] {processor.py:161} INFO - Started process (PID=79964) to work on /Users/pablofrancoherrero/prueba_tecnica/venv/lib/python3.11/site-packages/airflow/example_dags/example_skip_dag.py
[2026-04-29T08:49:29.029+0200] {processor.py:830} INFO - Processing file /Users/pablofrancoherrero/prueba_tecnica/venv/lib/python3.11/site-packages/airflow/example_dags/example_skip_dag.py for tasks to queue
[2026-04-29T08:49:29.030+0200] {logging_mixin.py:188} INFO - [2026-04-29T08:49:29.030+0200] {dagbag.py:540} INFO - Filling up the DagBag from /Users/pablofrancoherrero/prueba_tecnica/venv/lib/python3.11/site-packages/airflow/example_dags/example_skip_dag.py
[2026-04-29T08:49:29.032+0200] {processor.py:840} INFO - DAG(s) 'example_skip_dag' retrieved from /Users/pablofrancoherrero/prueba_tecnica/venv/lib/python3.11/site-packages/airflow/example_dags/example_skip_dag.py
[2026-04-29T08:49:29.057+0200] {logging_mixin.py:188} INFO - [2026-04-29T08:49:29.057+0200] {dag.py:3096} INFO - Sync 1 DAGs
[2026-04-29T08:49:29.061+0200] {logging_mixin.py:188} INFO - [2026-04-29T08:49:29.061+0200] {dag.py:3954} INFO - Setting next_dagrun for example_skip_dag to 2026-04-28 00:00:00+00:00, run_after=2026-04-29 00:00:00+00:00
[2026-04-29T08:49:29.066+0200] {processor.py:183} INFO - Processing /Users/pablofrancoherrero/prueba_tecnica/venv/lib/python3.11/site-packages/airflow/example_dags/example_skip_dag.py took 0.038 seconds
[2026-04-29T08:53:12.041+0200] {processor.py:161} INFO - Started process (PID=80057) to work on /Users/pablofrancoherrero/prueba_tecnica/venv/lib/python3.11/site-packages/airflow/example_dags/example_skip_dag.py
[2026-04-29T08:53:12.046+0200] {processor.py:830} INFO - Processing file /Users/pablofrancoherrero/prueba_tecnica/venv/lib/python3.11/site-packages/airflow/example_dags/example_skip_dag.py for tasks to queue
[2026-04-29T08:53:12.046+0200] {logging_mixin.py:188} INFO - [2026-04-29T08:53:12.046+0200] {dagbag.py:540} INFO - Filling up the DagBag from /Users/pablofrancoherrero/prueba_tecnica/venv/lib/python3.11/site-packages/airflow/example_dags/example_skip_dag.py
[2026-04-29T08:53:12.049+0200] {processor.py:840} INFO - DAG(s) 'example_skip_dag' retrieved from /Users/pablofrancoherrero/prueba_tecnica/venv/lib/python3.11/site-packages/airflow/example_dags/example_skip_dag.py
[2026-04-29T08:53:12.075+0200] {logging_mixin.py:188} INFO - [2026-04-29T08:53:12.075+0200] {dag.py:3096} INFO - Sync 1 DAGs
[2026-04-29T08:53:12.080+0200] {logging_mixin.py:188} INFO - [2026-04-29T08:53:12.080+0200] {dag.py:3954} INFO - Setting next_dagrun for example_skip_dag to 2026-04-28 00:00:00+00:00, run_after=2026-04-29 00:00:00+00:00
[2026-04-29T08:53:12.086+0200] {processor.py:183} INFO - Processing /Users/pablofrancoherrero/prueba_tecnica/venv/lib/python3.11/site-packages/airflow/example_dags/example_skip_dag.py took 0.046 seconds
[2026-04-29T08:57:09.367+0200] {processor.py:161} INFO - Started process (PID=80202) to work on /Users/pablofrancoherrero/prueba_tecnica/venv/lib/python3.11/site-packages/airflow/example_dags/example_skip_dag.py
[2026-04-29T08:57:09.368+0200] {processor.py:830} INFO - Processing file /Users/pablofrancoherrero/prueba_tecnica/venv/lib/python3.11/site-packages/airflow/example_dags/example_skip_dag.py for tasks to queue
[2026-04-29T08:57:09.368+0200] {logging_mixin.py:188} INFO - [2026-04-29T08:57:09.368+0200] {dagbag.py:540} INFO - Filling up the DagBag from /Users/pablofrancoherrero/prueba_tecnica/venv/lib/python3.11/site-packages/airflow/example_dags/example_skip_dag.py
[2026-04-29T08:57:09.375+0200] {processor.py:840} INFO - DAG(s) 'example_skip_dag' retrieved from /Users/pablofrancoherrero/prueba_tecnica/venv/lib/python3.11/site-packages/airflow/example_dags/example_skip_dag.py
[2026-04-29T08:57:09.406+0200] {logging_mixin.py:188} INFO - [2026-04-29T08:57:09.406+0200] {dag.py:3096} INFO - Sync 1 DAGs
[2026-04-29T08:57:09.411+0200] {logging_mixin.py:188} INFO - [2026-04-29T08:57:09.411+0200] {dag.py:3954} INFO - Setting next_dagrun for example_skip_dag to 2026-04-28 00:00:00+00:00, run_after=2026-04-29 00:00:00+00:00
[2026-04-29T08:57:09.418+0200] {processor.py:183} INFO - Processing /Users/pablofrancoherrero/prueba_tecnica/venv/lib/python3.11/site-packages/airflow/example_dags/example_skip_dag.py took 0.053 seconds
[2026-04-29T09:00:38.579+0200] {processor.py:161} INFO - Started process (PID=80314) to work on /Users/pablofrancoherrero/prueba_tecnica/venv/lib/python3.11/site-packages/airflow/example_dags/example_skip_dag.py
[2026-04-29T09:00:38.579+0200] {processor.py:830} INFO - Processing file /Users/pablofrancoherrero/prueba_tecnica/venv/lib/python3.11/site-packages/airflow/example_dags/example_skip_dag.py for tasks to queue
[2026-04-29T09:00:38.580+0200] {logging_mixin.py:188} INFO - [2026-04-29T09:00:38.580+0200] {dagbag.py:540} INFO - Filling up the DagBag from /Users/pablofrancoherrero/prueba_tecnica/venv/lib/python3.11/site-packages/airflow/example_dags/example_skip_dag.py
[2026-04-29T09:00:38.585+0200] {processor.py:840} INFO - DAG(s) 'example_skip_dag' retrieved from /Users/pablofrancoherrero/prueba_tecnica/venv/lib/python3.11/site-packages/airflow/example_dags/example_skip_dag.py
[2026-04-29T09:00:38.633+0200] {logging_mixin.py:188} INFO - [2026-04-29T09:00:38.633+0200] {dag.py:3096} INFO - Sync 1 DAGs
[2026-04-29T09:00:38.641+0200] {logging_mixin.py:188} INFO - [2026-04-29T09:00:38.641+0200] {dag.py:3954} INFO - Setting next_dagrun for example_skip_dag to 2026-04-28 00:00:00+00:00, run_after=2026-04-29 00:00:00+00:00
[2026-04-29T09:00:38.651+0200] {processor.py:183} INFO - Processing /Users/pablofrancoherrero/prueba_tecnica/venv/lib/python3.11/site-packages/airflow/example_dags/example_skip_dag.py took 0.073 seconds
[2026-04-29T09:02:08.763+0200] {processor.py:161} INFO - Started process (PID=80487) to work on /Users/pablofrancoherrero/prueba_tecnica/venv/lib/python3.11/site-packages/airflow/example_dags/example_skip_dag.py
[2026-04-29T09:02:08.764+0200] {processor.py:830} INFO - Processing file /Users/pablofrancoherrero/prueba_tecnica/venv/lib/python3.11/site-packages/airflow/example_dags/example_skip_dag.py for tasks to queue
[2026-04-29T09:02:08.764+0200] {logging_mixin.py:188} INFO - [2026-04-29T09:02:08.764+0200] {dagbag.py:540} INFO - Filling up the DagBag from /Users/pablofrancoherrero/prueba_tecnica/venv/lib/python3.11/site-packages/airflow/example_dags/example_skip_dag.py
[2026-04-29T09:02:08.766+0200] {processor.py:840} INFO - DAG(s) 'example_skip_dag' retrieved from /Users/pablofrancoherrero/prueba_tecnica/venv/lib/python3.11/site-packages/airflow/example_dags/example_skip_dag.py
[2026-04-29T09:02:08.793+0200] {logging_mixin.py:188} INFO - [2026-04-29T09:02:08.793+0200] {dag.py:3096} INFO - Sync 1 DAGs
[2026-04-29T09:02:08.797+0200] {logging_mixin.py:188} INFO - [2026-04-29T09:02:08.797+0200] {dag.py:3954} INFO - Setting next_dagrun for example_skip_dag to 2026-04-28 00:00:00+00:00, run_after=2026-04-29 00:00:00+00:00
[2026-04-29T09:02:08.802+0200] {processor.py:183} INFO - Processing /Users/pablofrancoherrero/prueba_tecnica/venv/lib/python3.11/site-packages/airflow/example_dags/example_skip_dag.py took 0.040 seconds
[2026-04-29T09:03:32.352+0200] {processor.py:161} INFO - Started process (PID=80578) to work on /Users/pablofrancoherrero/prueba_tecnica/venv/lib/python3.11/site-packages/airflow/example_dags/example_skip_dag.py
[2026-04-29T09:03:32.353+0200] {processor.py:830} INFO - Processing file /Users/pablofrancoherrero/prueba_tecnica/venv/lib/python3.11/site-packages/airflow/example_dags/example_skip_dag.py for tasks to queue
[2026-04-29T09:03:32.354+0200] {logging_mixin.py:188} INFO - [2026-04-29T09:03:32.354+0200] {dagbag.py:540} INFO - Filling up the DagBag from /Users/pablofrancoherrero/prueba_tecnica/venv/lib/python3.11/site-packages/airflow/example_dags/example_skip_dag.py
[2026-04-29T09:03:32.356+0200] {processor.py:840} INFO - DAG(s) 'example_skip_dag' retrieved from /Users/pablofrancoherrero/prueba_tecnica/venv/lib/python3.11/site-packages/airflow/example_dags/example_skip_dag.py
[2026-04-29T09:03:32.385+0200] {logging_mixin.py:188} INFO - [2026-04-29T09:03:32.385+0200] {dag.py:3096} INFO - Sync 1 DAGs
[2026-04-29T09:03:32.390+0200] {logging_mixin.py:188} INFO - [2026-04-29T09:03:32.390+0200] {dag.py:3954} INFO - Setting next_dagrun for example_skip_dag to 2026-04-28 00:00:00+00:00, run_after=2026-04-29 00:00:00+00:00
[2026-04-29T09:03:32.396+0200] {processor.py:183} INFO - Processing /Users/pablofrancoherrero/prueba_tecnica/venv/lib/python3.11/site-packages/airflow/example_dags/example_skip_dag.py took 0.045 seconds
[2026-04-29T09:04:53.542+0200] {processor.py:161} INFO - Started process (PID=80673) to work on /Users/pablofrancoherrero/prueba_tecnica/venv/lib/python3.11/site-packages/airflow/example_dags/example_skip_dag.py
[2026-04-29T09:04:53.543+0200] {processor.py:830} INFO - Processing file /Users/pablofrancoherrero/prueba_tecnica/venv/lib/python3.11/site-packages/airflow/example_dags/example_skip_dag.py for tasks to queue
[2026-04-29T09:04:53.543+0200] {logging_mixin.py:188} INFO - [2026-04-29T09:04:53.543+0200] {dagbag.py:540} INFO - Filling up the DagBag from /Users/pablofrancoherrero/prueba_tecnica/venv/lib/python3.11/site-packages/airflow/example_dags/example_skip_dag.py
[2026-04-29T09:04:53.545+0200] {processor.py:840} INFO - DAG(s) 'example_skip_dag' retrieved from /Users/pablofrancoherrero/prueba_tecnica/venv/lib/python3.11/site-packages/airflow/example_dags/example_skip_dag.py
[2026-04-29T09:04:53.572+0200] {logging_mixin.py:188} INFO - [2026-04-29T09:04:53.572+0200] {dag.py:3096} INFO - Sync 1 DAGs
[2026-04-29T09:04:53.576+0200] {logging_mixin.py:188} INFO - [2026-04-29T09:04:53.576+0200] {dag.py:3954} INFO - Setting next_dagrun for example_skip_dag to 2026-04-28 00:00:00+00:00, run_after=2026-04-29 00:00:00+00:00
[2026-04-29T09:04:53.581+0200] {processor.py:183} INFO - Processing /Users/pablofrancoherrero/prueba_tecnica/venv/lib/python3.11/site-packages/airflow/example_dags/example_skip_dag.py took 0.040 seconds
[2026-04-29T09:06:15.589+0200] {processor.py:161} INFO - Started process (PID=80784) to work on /Users/pablofrancoherrero/prueba_tecnica/venv/lib/python3.11/site-packages/airflow/example_dags/example_skip_dag.py
[2026-04-29T09:06:15.589+0200] {processor.py:830} INFO - Processing file /Users/pablofrancoherrero/prueba_tecnica/venv/lib/python3.11/site-packages/airflow/example_dags/example_skip_dag.py for tasks to queue
[2026-04-29T09:06:15.589+0200] {logging_mixin.py:188} INFO - [2026-04-29T09:06:15.589+0200] {dagbag.py:540} INFO - Filling up the DagBag from /Users/pablofrancoherrero/prueba_tecnica/venv/lib/python3.11/site-packages/airflow/example_dags/example_skip_dag.py
[2026-04-29T09:06:15.592+0200] {processor.py:840} INFO - DAG(s) 'example_skip_dag' retrieved from /Users/pablofrancoherrero/prueba_tecnica/venv/lib/python3.11/site-packages/airflow/example_dags/example_skip_dag.py
[2026-04-29T09:06:15.620+0200] {logging_mixin.py:188} INFO - [2026-04-29T09:06:15.619+0200] {dag.py:3096} INFO - Sync 1 DAGs
[2026-04-29T09:06:15.624+0200] {logging_mixin.py:188} INFO - [2026-04-29T09:06:15.624+0200] {dag.py:3954} INFO - Setting next_dagrun for example_skip_dag to 2026-04-28 00:00:00+00:00, run_after=2026-04-29 00:00:00+00:00
[2026-04-29T09:06:15.629+0200] {processor.py:183} INFO - Processing /Users/pablofrancoherrero/prueba_tecnica/venv/lib/python3.11/site-packages/airflow/example_dags/example_skip_dag.py took 0.042 seconds
[2026-04-29T09:07:37.210+0200] {processor.py:161} INFO - Started process (PID=80885) to work on /Users/pablofrancoherrero/prueba_tecnica/venv/lib/python3.11/site-packages/airflow/example_dags/example_skip_dag.py
[2026-04-29T09:07:37.210+0200] {processor.py:830} INFO - Processing file /Users/pablofrancoherrero/prueba_tecnica/venv/lib/python3.11/site-packages/airflow/example_dags/example_skip_dag.py for tasks to queue
[2026-04-29T09:07:37.210+0200] {logging_mixin.py:188} INFO - [2026-04-29T09:07:37.210+0200] {dagbag.py:540} INFO - Filling up the DagBag from /Users/pablofrancoherrero/prueba_tecnica/venv/lib/python3.11/site-packages/airflow/example_dags/example_skip_dag.py
[2026-04-29T09:07:37.213+0200] {processor.py:840} INFO - DAG(s) 'example_skip_dag' retrieved from /Users/pablofrancoherrero/prueba_tecnica/venv/lib/python3.11/site-packages/airflow/example_dags/example_skip_dag.py
[2026-04-29T09:07:37.239+0200] {logging_mixin.py:188} INFO - [2026-04-29T09:07:37.239+0200] {dag.py:3096} INFO - Sync 1 DAGs
[2026-04-29T09:07:37.244+0200] {logging_mixin.py:188} INFO - [2026-04-29T09:07:37.244+0200] {dag.py:3954} INFO - Setting next_dagrun for example_skip_dag to 2026-04-28 00:00:00+00:00, run_after=2026-04-29 00:00:00+00:00
[2026-04-29T09:07:37.249+0200] {processor.py:183} INFO - Processing /Users/pablofrancoherrero/prueba_tecnica/venv/lib/python3.11/site-packages/airflow/example_dags/example_skip_dag.py took 0.040 seconds
[2026-04-29T09:08:57.547+0200] {processor.py:161} INFO - Started process (PID=80975) to work on /Users/pablofrancoherrero/prueba_tecnica/venv/lib/python3.11/site-packages/airflow/example_dags/example_skip_dag.py
[2026-04-29T09:08:57.547+0200] {processor.py:830} INFO - Processing file /Users/pablofrancoherrero/prueba_tecnica/venv/lib/python3.11/site-packages/airflow/example_dags/example_skip_dag.py for tasks to queue
[2026-04-29T09:08:57.548+0200] {logging_mixin.py:188} INFO - [2026-04-29T09:08:57.547+0200] {dagbag.py:540} INFO - Filling up the DagBag from /Users/pablofrancoherrero/prueba_tecnica/venv/lib/python3.11/site-packages/airflow/example_dags/example_skip_dag.py
[2026-04-29T09:08:57.550+0200] {processor.py:840} INFO - DAG(s) 'example_skip_dag' retrieved from /Users/pablofrancoherrero/prueba_tecnica/venv/lib/python3.11/site-packages/airflow/example_dags/example_skip_dag.py
[2026-04-29T09:08:57.578+0200] {logging_mixin.py:188} INFO - [2026-04-29T09:08:57.578+0200] {dag.py:3096} INFO - Sync 1 DAGs
[2026-04-29T09:08:57.582+0200] {logging_mixin.py:188} INFO - [2026-04-29T09:08:57.582+0200] {dag.py:3954} INFO - Setting next_dagrun for example_skip_dag to 2026-04-28 00:00:00+00:00, run_after=2026-04-29 00:00:00+00:00
[2026-04-29T09:08:57.588+0200] {processor.py:183} INFO - Processing /Users/pablofrancoherrero/prueba_tecnica/venv/lib/python3.11/site-packages/airflow/example_dags/example_skip_dag.py took 0.042 seconds
[2026-04-29T09:10:16.538+0200] {processor.py:161} INFO - Started process (PID=81062) to work on /Users/pablofrancoherrero/prueba_tecnica/venv/lib/python3.11/site-packages/airflow/example_dags/example_skip_dag.py
[2026-04-29T09:10:16.539+0200] {processor.py:830} INFO - Processing file /Users/pablofrancoherrero/prueba_tecnica/venv/lib/python3.11/site-packages/airflow/example_dags/example_skip_dag.py for tasks to queue
[2026-04-29T09:10:16.539+0200] {logging_mixin.py:188} INFO - [2026-04-29T09:10:16.539+0200] {dagbag.py:540} INFO - Filling up the DagBag from /Users/pablofrancoherrero/prueba_tecnica/venv/lib/python3.11/site-packages/airflow/example_dags/example_skip_dag.py
[2026-04-29T09:10:16.541+0200] {processor.py:840} INFO - DAG(s) 'example_skip_dag' retrieved from /Users/pablofrancoherrero/prueba_tecnica/venv/lib/python3.11/site-packages/airflow/example_dags/example_skip_dag.py
[2026-04-29T09:10:16.568+0200] {logging_mixin.py:188} INFO - [2026-04-29T09:10:16.568+0200] {dag.py:3096} INFO - Sync 1 DAGs
[2026-04-29T09:10:16.573+0200] {logging_mixin.py:188} INFO - [2026-04-29T09:10:16.573+0200] {dag.py:3954} INFO - Setting next_dagrun for example_skip_dag to 2026-04-28 00:00:00+00:00, run_after=2026-04-29 00:00:00+00:00
[2026-04-29T09:10:16.578+0200] {processor.py:183} INFO - Processing /Users/pablofrancoherrero/prueba_tecnica/venv/lib/python3.11/site-packages/airflow/example_dags/example_skip_dag.py took 0.041 seconds
[2026-04-29T09:11:39.952+0200] {processor.py:161} INFO - Started process (PID=81151) to work on /Users/pablofrancoherrero/prueba_tecnica/venv/lib/python3.11/site-packages/airflow/example_dags/example_skip_dag.py
[2026-04-29T09:11:39.953+0200] {processor.py:830} INFO - Processing file /Users/pablofrancoherrero/prueba_tecnica/venv/lib/python3.11/site-packages/airflow/example_dags/example_skip_dag.py for tasks to queue
[2026-04-29T09:11:39.953+0200] {logging_mixin.py:188} INFO - [2026-04-29T09:11:39.953+0200] {dagbag.py:540} INFO - Filling up the DagBag from /Users/pablofrancoherrero/prueba_tecnica/venv/lib/python3.11/site-packages/airflow/example_dags/example_skip_dag.py
[2026-04-29T09:11:39.955+0200] {processor.py:840} INFO - DAG(s) 'example_skip_dag' retrieved from /Users/pablofrancoherrero/prueba_tecnica/venv/lib/python3.11/site-packages/airflow/example_dags/example_skip_dag.py
[2026-04-29T09:11:39.983+0200] {logging_mixin.py:188} INFO - [2026-04-29T09:11:39.983+0200] {dag.py:3096} INFO - Sync 1 DAGs
[2026-04-29T09:11:39.987+0200] {logging_mixin.py:188} INFO - [2026-04-29T09:11:39.987+0200] {dag.py:3954} INFO - Setting next_dagrun for example_skip_dag to 2026-04-28 00:00:00+00:00, run_after=2026-04-29 00:00:00+00:00
[2026-04-29T09:11:39.992+0200] {processor.py:183} INFO - Processing /Users/pablofrancoherrero/prueba_tecnica/venv/lib/python3.11/site-packages/airflow/example_dags/example_skip_dag.py took 0.041 seconds
[2026-04-29T09:13:00.375+0200] {processor.py:161} INFO - Started process (PID=81246) to work on /Users/pablofrancoherrero/prueba_tecnica/venv/lib/python3.11/site-packages/airflow/example_dags/example_skip_dag.py
[2026-04-29T09:13:00.376+0200] {processor.py:830} INFO - Processing file /Users/pablofrancoherrero/prueba_tecnica/venv/lib/python3.11/site-packages/airflow/example_dags/example_skip_dag.py for tasks to queue
[2026-04-29T09:13:00.376+0200] {logging_mixin.py:188} INFO - [2026-04-29T09:13:00.376+0200] {dagbag.py:540} INFO - Filling up the DagBag from /Users/pablofrancoherrero/prueba_tecnica/venv/lib/python3.11/site-packages/airflow/example_dags/example_skip_dag.py
[2026-04-29T09:13:00.378+0200] {processor.py:840} INFO - DAG(s) 'example_skip_dag' retrieved from /Users/pablofrancoherrero/prueba_tecnica/venv/lib/python3.11/site-packages/airflow/example_dags/example_skip_dag.py
[2026-04-29T09:13:00.405+0200] {logging_mixin.py:188} INFO - [2026-04-29T09:13:00.405+0200] {dag.py:3096} INFO - Sync 1 DAGs
[2026-04-29T09:13:00.409+0200] {logging_mixin.py:188} INFO - [2026-04-29T09:13:00.409+0200] {dag.py:3954} INFO - Setting next_dagrun for example_skip_dag to 2026-04-28 00:00:00+00:00, run_after=2026-04-29 00:00:00+00:00
[2026-04-29T09:13:00.414+0200] {processor.py:183} INFO - Processing /Users/pablofrancoherrero/prueba_tecnica/venv/lib/python3.11/site-packages/airflow/example_dags/example_skip_dag.py took 0.040 seconds
[2026-04-29T09:14:20.793+0200] {processor.py:161} INFO - Started process (PID=81344) to work on /Users/pablofrancoherrero/prueba_tecnica/venv/lib/python3.11/site-packages/airflow/example_dags/example_skip_dag.py
[2026-04-29T09:14:20.793+0200] {processor.py:830} INFO - Processing file /Users/pablofrancoherrero/prueba_tecnica/venv/lib/python3.11/site-packages/airflow/example_dags/example_skip_dag.py for tasks to queue
[2026-04-29T09:14:20.793+0200] {logging_mixin.py:188} INFO - [2026-04-29T09:14:20.793+0200] {dagbag.py:540} INFO - Filling up the DagBag from /Users/pablofrancoherrero/prueba_tecnica/venv/lib/python3.11/site-packages/airflow/example_dags/example_skip_dag.py
[2026-04-29T09:14:20.796+0200] {processor.py:840} INFO - DAG(s) 'example_skip_dag' retrieved from /Users/pablofrancoherrero/prueba_tecnica/venv/lib/python3.11/site-packages/airflow/example_dags/example_skip_dag.py
[2026-04-29T09:14:20.825+0200] {logging_mixin.py:188} INFO - [2026-04-29T09:14:20.825+0200] {dag.py:3096} INFO - Sync 1 DAGs
[2026-04-29T09:14:20.830+0200] {logging_mixin.py:188} INFO - [2026-04-29T09:14:20.830+0200] {dag.py:3954} INFO - Setting next_dagrun for example_skip_dag to 2026-04-28 00:00:00+00:00, run_after=2026-04-29 00:00:00+00:00
[2026-04-29T09:14:20.835+0200] {processor.py:183} INFO - Processing /Users/pablofrancoherrero/prueba_tecnica/venv/lib/python3.11/site-packages/airflow/example_dags/example_skip_dag.py took 0.043 seconds
[2026-04-29T09:15:41.433+0200] {processor.py:161} INFO - Started process (PID=81459) to work on /Users/pablofrancoherrero/prueba_tecnica/venv/lib/python3.11/site-packages/airflow/example_dags/example_skip_dag.py
[2026-04-29T09:15:41.434+0200] {processor.py:830} INFO - Processing file /Users/pablofrancoherrero/prueba_tecnica/venv/lib/python3.11/site-packages/airflow/example_dags/example_skip_dag.py for tasks to queue
[2026-04-29T09:15:41.434+0200] {logging_mixin.py:188} INFO - [2026-04-29T09:15:41.434+0200] {dagbag.py:540} INFO - Filling up the DagBag from /Users/pablofrancoherrero/prueba_tecnica/venv/lib/python3.11/site-packages/airflow/example_dags/example_skip_dag.py
[2026-04-29T09:15:41.437+0200] {processor.py:840} INFO - DAG(s) 'example_skip_dag' retrieved from /Users/pablofrancoherrero/prueba_tecnica/venv/lib/python3.11/site-packages/airflow/example_dags/example_skip_dag.py
[2026-04-29T09:15:41.466+0200] {logging_mixin.py:188} INFO - [2026-04-29T09:15:41.465+0200] {dag.py:3096} INFO - Sync 1 DAGs
[2026-04-29T09:15:41.470+0200] {logging_mixin.py:188} INFO - [2026-04-29T09:15:41.470+0200] {dag.py:3954} INFO - Setting next_dagrun for example_skip_dag to 2026-04-28 00:00:00+00:00, run_after=2026-04-29 00:00:00+00:00
[2026-04-29T09:15:41.476+0200] {processor.py:183} INFO - Processing /Users/pablofrancoherrero/prueba_tecnica/venv/lib/python3.11/site-packages/airflow/example_dags/example_skip_dag.py took 0.044 seconds
[2026-04-29T09:16:56.926+0200] {processor.py:161} INFO - Started process (PID=81541) to work on /Users/pablofrancoherrero/prueba_tecnica/venv/lib/python3.11/site-packages/airflow/example_dags/example_skip_dag.py
[2026-04-29T09:16:56.927+0200] {processor.py:830} INFO - Processing file /Users/pablofrancoherrero/prueba_tecnica/venv/lib/python3.11/site-packages/airflow/example_dags/example_skip_dag.py for tasks to queue
[2026-04-29T09:16:56.927+0200] {logging_mixin.py:188} INFO - [2026-04-29T09:16:56.927+0200] {dagbag.py:540} INFO - Filling up the DagBag from /Users/pablofrancoherrero/prueba_tecnica/venv/lib/python3.11/site-packages/airflow/example_dags/example_skip_dag.py
[2026-04-29T09:16:56.929+0200] {processor.py:840} INFO - DAG(s) 'example_skip_dag' retrieved from /Users/pablofrancoherrero/prueba_tecnica/venv/lib/python3.11/site-packages/airflow/example_dags/example_skip_dag.py
[2026-04-29T09:16:56.958+0200] {logging_mixin.py:188} INFO - [2026-04-29T09:16:56.958+0200] {dag.py:3096} INFO - Sync 1 DAGs
[2026-04-29T09:16:56.963+0200] {logging_mixin.py:188} INFO - [2026-04-29T09:16:56.963+0200] {dag.py:3954} INFO - Setting next_dagrun for example_skip_dag to 2026-04-28 00:00:00+00:00, run_after=2026-04-29 00:00:00+00:00
[2026-04-29T09:16:56.968+0200] {processor.py:183} INFO - Processing /Users/pablofrancoherrero/prueba_tecnica/venv/lib/python3.11/site-packages/airflow/example_dags/example_skip_dag.py took 0.043 seconds
[2026-04-29T09:18:15.763+0200] {processor.py:161} INFO - Started process (PID=81643) to work on /Users/pablofrancoherrero/prueba_tecnica/venv/lib/python3.11/site-packages/airflow/example_dags/example_skip_dag.py
[2026-04-29T09:18:15.764+0200] {processor.py:830} INFO - Processing file /Users/pablofrancoherrero/prueba_tecnica/venv/lib/python3.11/site-packages/airflow/example_dags/example_skip_dag.py for tasks to queue
[2026-04-29T09:18:15.764+0200] {logging_mixin.py:188} INFO - [2026-04-29T09:18:15.764+0200] {dagbag.py:540} INFO - Filling up the DagBag from /Users/pablofrancoherrero/prueba_tecnica/venv/lib/python3.11/site-packages/airflow/example_dags/example_skip_dag.py
[2026-04-29T09:18:15.766+0200] {processor.py:840} INFO - DAG(s) 'example_skip_dag' retrieved from /Users/pablofrancoherrero/prueba_tecnica/venv/lib/python3.11/site-packages/airflow/example_dags/example_skip_dag.py
[2026-04-29T09:18:15.793+0200] {logging_mixin.py:188} INFO - [2026-04-29T09:18:15.793+0200] {dag.py:3096} INFO - Sync 1 DAGs
[2026-04-29T09:18:15.798+0200] {logging_mixin.py:188} INFO - [2026-04-29T09:18:15.798+0200] {dag.py:3954} INFO - Setting next_dagrun for example_skip_dag to 2026-04-28 00:00:00+00:00, run_after=2026-04-29 00:00:00+00:00
[2026-04-29T09:18:15.803+0200] {processor.py:183} INFO - Processing /Users/pablofrancoherrero/prueba_tecnica/venv/lib/python3.11/site-packages/airflow/example_dags/example_skip_dag.py took 0.041 seconds
[2026-04-29T09:19:40.462+0200] {processor.py:161} INFO - Started process (PID=81734) to work on /Users/pablofrancoherrero/prueba_tecnica/venv/lib/python3.11/site-packages/airflow/example_dags/example_skip_dag.py
[2026-04-29T09:19:40.463+0200] {processor.py:830} INFO - Processing file /Users/pablofrancoherrero/prueba_tecnica/venv/lib/python3.11/site-packages/airflow/example_dags/example_skip_dag.py for tasks to queue
[2026-04-29T09:19:40.463+0200] {logging_mixin.py:188} INFO - [2026-04-29T09:19:40.463+0200] {dagbag.py:540} INFO - Filling up the DagBag from /Users/pablofrancoherrero/prueba_tecnica/venv/lib/python3.11/site-packages/airflow/example_dags/example_skip_dag.py
[2026-04-29T09:19:40.465+0200] {processor.py:840} INFO - DAG(s) 'example_skip_dag' retrieved from /Users/pablofrancoherrero/prueba_tecnica/venv/lib/python3.11/site-packages/airflow/example_dags/example_skip_dag.py
[2026-04-29T09:19:40.491+0200] {logging_mixin.py:188} INFO - [2026-04-29T09:19:40.491+0200] {dag.py:3096} INFO - Sync 1 DAGs
[2026-04-29T09:19:40.495+0200] {logging_mixin.py:188} INFO - [2026-04-29T09:19:40.495+0200] {dag.py:3954} INFO - Setting next_dagrun for example_skip_dag to 2026-04-28 00:00:00+00:00, run_after=2026-04-29 00:00:00+00:00
[2026-04-29T09:19:40.500+0200] {processor.py:183} INFO - Processing /Users/pablofrancoherrero/prueba_tecnica/venv/lib/python3.11/site-packages/airflow/example_dags/example_skip_dag.py took 0.039 seconds
[2026-04-29T09:21:04.386+0200] {processor.py:161} INFO - Started process (PID=81854) to work on /Users/pablofrancoherrero/prueba_tecnica/venv/lib/python3.11/site-packages/airflow/example_dags/example_skip_dag.py
[2026-04-29T09:21:04.387+0200] {processor.py:830} INFO - Processing file /Users/pablofrancoherrero/prueba_tecnica/venv/lib/python3.11/site-packages/airflow/example_dags/example_skip_dag.py for tasks to queue
[2026-04-29T09:21:04.388+0200] {logging_mixin.py:188} INFO - [2026-04-29T09:21:04.387+0200] {dagbag.py:540} INFO - Filling up the DagBag from /Users/pablofrancoherrero/prueba_tecnica/venv/lib/python3.11/site-packages/airflow/example_dags/example_skip_dag.py
[2026-04-29T09:21:04.390+0200] {processor.py:840} INFO - DAG(s) 'example_skip_dag' retrieved from /Users/pablofrancoherrero/prueba_tecnica/venv/lib/python3.11/site-packages/airflow/example_dags/example_skip_dag.py
[2026-04-29T09:21:04.416+0200] {logging_mixin.py:188} INFO - [2026-04-29T09:21:04.416+0200] {dag.py:3096} INFO - Sync 1 DAGs
[2026-04-29T09:21:04.421+0200] {logging_mixin.py:188} INFO - [2026-04-29T09:21:04.420+0200] {dag.py:3954} INFO - Setting next_dagrun for example_skip_dag to 2026-04-28 00:00:00+00:00, run_after=2026-04-29 00:00:00+00:00
[2026-04-29T09:21:04.425+0200] {processor.py:183} INFO - Processing /Users/pablofrancoherrero/prueba_tecnica/venv/lib/python3.11/site-packages/airflow/example_dags/example_skip_dag.py took 0.040 seconds
[2026-04-29T09:22:28.013+0200] {processor.py:161} INFO - Started process (PID=81955) to work on /Users/pablofrancoherrero/prueba_tecnica/venv/lib/python3.11/site-packages/airflow/example_dags/example_skip_dag.py
[2026-04-29T09:22:28.014+0200] {processor.py:830} INFO - Processing file /Users/pablofrancoherrero/prueba_tecnica/venv/lib/python3.11/site-packages/airflow/example_dags/example_skip_dag.py for tasks to queue
[2026-04-29T09:22:28.014+0200] {logging_mixin.py:188} INFO - [2026-04-29T09:22:28.014+0200] {dagbag.py:540} INFO - Filling up the DagBag from /Users/pablofrancoherrero/prueba_tecnica/venv/lib/python3.11/site-packages/airflow/example_dags/example_skip_dag.py
[2026-04-29T09:22:28.017+0200] {processor.py:840} INFO - DAG(s) 'example_skip_dag' retrieved from /Users/pablofrancoherrero/prueba_tecnica/venv/lib/python3.11/site-packages/airflow/example_dags/example_skip_dag.py
[2026-04-29T09:22:28.043+0200] {logging_mixin.py:188} INFO - [2026-04-29T09:22:28.043+0200] {dag.py:3096} INFO - Sync 1 DAGs
[2026-04-29T09:22:28.048+0200] {logging_mixin.py:188} INFO - [2026-04-29T09:22:28.048+0200] {dag.py:3954} INFO - Setting next_dagrun for example_skip_dag to 2026-04-28 00:00:00+00:00, run_after=2026-04-29 00:00:00+00:00
[2026-04-29T09:22:28.053+0200] {processor.py:183} INFO - Processing /Users/pablofrancoherrero/prueba_tecnica/venv/lib/python3.11/site-packages/airflow/example_dags/example_skip_dag.py took 0.041 seconds
[2026-04-29T09:23:50.955+0200] {processor.py:161} INFO - Started process (PID=82057) to work on /Users/pablofrancoherrero/prueba_tecnica/venv/lib/python3.11/site-packages/airflow/example_dags/example_skip_dag.py
[2026-04-29T09:23:50.955+0200] {processor.py:830} INFO - Processing file /Users/pablofrancoherrero/prueba_tecnica/venv/lib/python3.11/site-packages/airflow/example_dags/example_skip_dag.py for tasks to queue
[2026-04-29T09:23:50.956+0200] {logging_mixin.py:188} INFO - [2026-04-29T09:23:50.956+0200] {dagbag.py:540} INFO - Filling up the DagBag from /Users/pablofrancoherrero/prueba_tecnica/venv/lib/python3.11/site-packages/airflow/example_dags/example_skip_dag.py
[2026-04-29T09:23:50.958+0200] {processor.py:840} INFO - DAG(s) 'example_skip_dag' retrieved from /Users/pablofrancoherrero/prueba_tecnica/venv/lib/python3.11/site-packages/airflow/example_dags/example_skip_dag.py
[2026-04-29T09:23:50.985+0200] {logging_mixin.py:188} INFO - [2026-04-29T09:23:50.985+0200] {dag.py:3096} INFO - Sync 1 DAGs
[2026-04-29T09:23:50.989+0200] {logging_mixin.py:188} INFO - [2026-04-29T09:23:50.989+0200] {dag.py:3954} INFO - Setting next_dagrun for example_skip_dag to 2026-04-28 00:00:00+00:00, run_after=2026-04-29 00:00:00+00:00
[2026-04-29T09:23:50.994+0200] {processor.py:183} INFO - Processing /Users/pablofrancoherrero/prueba_tecnica/venv/lib/python3.11/site-packages/airflow/example_dags/example_skip_dag.py took 0.040 seconds
[2026-04-29T09:25:14.227+0200] {processor.py:161} INFO - Started process (PID=82169) to work on /Users/pablofrancoherrero/prueba_tecnica/venv/lib/python3.11/site-packages/airflow/example_dags/example_skip_dag.py
[2026-04-29T09:25:14.228+0200] {processor.py:830} INFO - Processing file /Users/pablofrancoherrero/prueba_tecnica/venv/lib/python3.11/site-packages/airflow/example_dags/example_skip_dag.py for tasks to queue
[2026-04-29T09:25:14.228+0200] {logging_mixin.py:188} INFO - [2026-04-29T09:25:14.228+0200] {dagbag.py:540} INFO - Filling up the DagBag from /Users/pablofrancoherrero/prueba_tecnica/venv/lib/python3.11/site-packages/airflow/example_dags/example_skip_dag.py
[2026-04-29T09:25:14.230+0200] {processor.py:840} INFO - DAG(s) 'example_skip_dag' retrieved from /Users/pablofrancoherrero/prueba_tecnica/venv/lib/python3.11/site-packages/airflow/example_dags/example_skip_dag.py
[2026-04-29T09:25:14.257+0200] {logging_mixin.py:188} INFO - [2026-04-29T09:25:14.257+0200] {dag.py:3096} INFO - Sync 1 DAGs
[2026-04-29T09:25:14.261+0200] {logging_mixin.py:188} INFO - [2026-04-29T09:25:14.261+0200] {dag.py:3954} INFO - Setting next_dagrun for example_skip_dag to 2026-04-28 00:00:00+00:00, run_after=2026-04-29 00:00:00+00:00
[2026-04-29T09:25:14.266+0200] {processor.py:183} INFO - Processing /Users/pablofrancoherrero/prueba_tecnica/venv/lib/python3.11/site-packages/airflow/example_dags/example_skip_dag.py took 0.040 seconds
[2026-04-29T09:26:38.375+0200] {processor.py:161} INFO - Started process (PID=82306) to work on /Users/pablofrancoherrero/prueba_tecnica/venv/lib/python3.11/site-packages/airflow/example_dags/example_skip_dag.py
[2026-04-29T09:26:38.376+0200] {processor.py:830} INFO - Processing file /Users/pablofrancoherrero/prueba_tecnica/venv/lib/python3.11/site-packages/airflow/example_dags/example_skip_dag.py for tasks to queue
[2026-04-29T09:26:38.376+0200] {logging_mixin.py:188} INFO - [2026-04-29T09:26:38.376+0200] {dagbag.py:540} INFO - Filling up the DagBag from /Users/pablofrancoherrero/prueba_tecnica/venv/lib/python3.11/site-packages/airflow/example_dags/example_skip_dag.py
[2026-04-29T09:26:38.378+0200] {processor.py:840} INFO - DAG(s) 'example_skip_dag' retrieved from /Users/pablofrancoherrero/prueba_tecnica/venv/lib/python3.11/site-packages/airflow/example_dags/example_skip_dag.py
[2026-04-29T09:26:38.406+0200] {logging_mixin.py:188} INFO - [2026-04-29T09:26:38.406+0200] {dag.py:3096} INFO - Sync 1 DAGs
[2026-04-29T09:26:38.411+0200] {logging_mixin.py:188} INFO - [2026-04-29T09:26:38.411+0200] {dag.py:3954} INFO - Setting next_dagrun for example_skip_dag to 2026-04-28 00:00:00+00:00, run_after=2026-04-29 00:00:00+00:00
[2026-04-29T09:26:38.416+0200] {processor.py:183} INFO - Processing /Users/pablofrancoherrero/prueba_tecnica/venv/lib/python3.11/site-packages/airflow/example_dags/example_skip_dag.py took 0.041 seconds
[2026-04-29T09:28:00.175+0200] {processor.py:161} INFO - Started process (PID=82404) to work on /Users/pablofrancoherrero/prueba_tecnica/venv/lib/python3.11/site-packages/airflow/example_dags/example_skip_dag.py
[2026-04-29T09:28:00.176+0200] {processor.py:830} INFO - Processing file /Users/pablofrancoherrero/prueba_tecnica/venv/lib/python3.11/site-packages/airflow/example_dags/example_skip_dag.py for tasks to queue
[2026-04-29T09:28:00.176+0200] {logging_mixin.py:188} INFO - [2026-04-29T09:28:00.176+0200] {dagbag.py:540} INFO - Filling up the DagBag from /Users/pablofrancoherrero/prueba_tecnica/venv/lib/python3.11/site-packages/airflow/example_dags/example_skip_dag.py
[2026-04-29T09:28:00.178+0200] {processor.py:840} INFO - DAG(s) 'example_skip_dag' retrieved from /Users/pablofrancoherrero/prueba_tecnica/venv/lib/python3.11/site-packages/airflow/example_dags/example_skip_dag.py
[2026-04-29T09:28:00.205+0200] {logging_mixin.py:188} INFO - [2026-04-29T09:28:00.205+0200] {dag.py:3096} INFO - Sync 1 DAGs
[2026-04-29T09:28:00.210+0200] {logging_mixin.py:188} INFO - [2026-04-29T09:28:00.210+0200] {dag.py:3954} INFO - Setting next_dagrun for example_skip_dag to 2026-04-28 00:00:00+00:00, run_after=2026-04-29 00:00:00+00:00
[2026-04-29T09:28:00.215+0200] {processor.py:183} INFO - Processing /Users/pablofrancoherrero/prueba_tecnica/venv/lib/python3.11/site-packages/airflow/example_dags/example_skip_dag.py took 0.041 seconds
[2026-04-29T09:29:21.655+0200] {processor.py:161} INFO - Started process (PID=82495) to work on /Users/pablofrancoherrero/prueba_tecnica/venv/lib/python3.11/site-packages/airflow/example_dags/example_skip_dag.py
[2026-04-29T09:29:21.656+0200] {processor.py:830} INFO - Processing file /Users/pablofrancoherrero/prueba_tecnica/venv/lib/python3.11/site-packages/airflow/example_dags/example_skip_dag.py for tasks to queue
[2026-04-29T09:29:21.656+0200] {logging_mixin.py:188} INFO - [2026-04-29T09:29:21.656+0200] {dagbag.py:540} INFO - Filling up the DagBag from /Users/pablofrancoherrero/prueba_tecnica/venv/lib/python3.11/site-packages/airflow/example_dags/example_skip_dag.py
[2026-04-29T09:29:21.659+0200] {processor.py:840} INFO - DAG(s) 'example_skip_dag' retrieved from /Users/pablofrancoherrero/prueba_tecnica/venv/lib/python3.11/site-packages/airflow/example_dags/example_skip_dag.py
[2026-04-29T09:29:21.685+0200] {logging_mixin.py:188} INFO - [2026-04-29T09:29:21.685+0200] {dag.py:3096} INFO - Sync 1 DAGs
[2026-04-29T09:29:21.689+0200] {logging_mixin.py:188} INFO - [2026-04-29T09:29:21.689+0200] {dag.py:3954} INFO - Setting next_dagrun for example_skip_dag to 2026-04-28 00:00:00+00:00, run_after=2026-04-29 00:00:00+00:00
[2026-04-29T09:29:21.694+0200] {processor.py:183} INFO - Processing /Users/pablofrancoherrero/prueba_tecnica/venv/lib/python3.11/site-packages/airflow/example_dags/example_skip_dag.py took 0.040 seconds
[2026-04-29T09:30:43.555+0200] {processor.py:161} INFO - Started process (PID=82615) to work on /Users/pablofrancoherrero/prueba_tecnica/venv/lib/python3.11/site-packages/airflow/example_dags/example_skip_dag.py
[2026-04-29T09:30:43.556+0200] {processor.py:830} INFO - Processing file /Users/pablofrancoherrero/prueba_tecnica/venv/lib/python3.11/site-packages/airflow/example_dags/example_skip_dag.py for tasks to queue
[2026-04-29T09:30:43.556+0200] {logging_mixin.py:188} INFO - [2026-04-29T09:30:43.556+0200] {dagbag.py:540} INFO - Filling up the DagBag from /Users/pablofrancoherrero/prueba_tecnica/venv/lib/python3.11/site-packages/airflow/example_dags/example_skip_dag.py
[2026-04-29T09:30:43.558+0200] {processor.py:840} INFO - DAG(s) 'example_skip_dag' retrieved from /Users/pablofrancoherrero/prueba_tecnica/venv/lib/python3.11/site-packages/airflow/example_dags/example_skip_dag.py
[2026-04-29T09:30:43.585+0200] {logging_mixin.py:188} INFO - [2026-04-29T09:30:43.584+0200] {dag.py:3096} INFO - Sync 1 DAGs
[2026-04-29T09:30:43.589+0200] {logging_mixin.py:188} INFO - [2026-04-29T09:30:43.589+0200] {dag.py:3954} INFO - Setting next_dagrun for example_skip_dag to 2026-04-28 00:00:00+00:00, run_after=2026-04-29 00:00:00+00:00
[2026-04-29T09:30:43.594+0200] {processor.py:183} INFO - Processing /Users/pablofrancoherrero/prueba_tecnica/venv/lib/python3.11/site-packages/airflow/example_dags/example_skip_dag.py took 0.040 seconds
[2026-04-29T09:32:07.931+0200] {processor.py:161} INFO - Started process (PID=82710) to work on /Users/pablofrancoherrero/prueba_tecnica/venv/lib/python3.11/site-packages/airflow/example_dags/example_skip_dag.py
[2026-04-29T09:32:07.931+0200] {processor.py:830} INFO - Processing file /Users/pablofrancoherrero/prueba_tecnica/venv/lib/python3.11/site-packages/airflow/example_dags/example_skip_dag.py for tasks to queue
[2026-04-29T09:32:07.931+0200] {logging_mixin.py:188} INFO - [2026-04-29T09:32:07.931+0200] {dagbag.py:540} INFO - Filling up the DagBag from /Users/pablofrancoherrero/prueba_tecnica/venv/lib/python3.11/site-packages/airflow/example_dags/example_skip_dag.py
[2026-04-29T09:32:07.934+0200] {processor.py:840} INFO - DAG(s) 'example_skip_dag' retrieved from /Users/pablofrancoherrero/prueba_tecnica/venv/lib/python3.11/site-packages/airflow/example_dags/example_skip_dag.py
[2026-04-29T09:32:07.960+0200] {logging_mixin.py:188} INFO - [2026-04-29T09:32:07.960+0200] {dag.py:3096} INFO - Sync 1 DAGs
[2026-04-29T09:32:07.964+0200] {logging_mixin.py:188} INFO - [2026-04-29T09:32:07.964+0200] {dag.py:3954} INFO - Setting next_dagrun for example_skip_dag to 2026-04-28 00:00:00+00:00, run_after=2026-04-29 00:00:00+00:00
[2026-04-29T09:32:07.969+0200] {processor.py:183} INFO - Processing /Users/pablofrancoherrero/prueba_tecnica/venv/lib/python3.11/site-packages/airflow/example_dags/example_skip_dag.py took 0.039 seconds
[2026-04-29T09:33:29.324+0200] {processor.py:161} INFO - Started process (PID=82801) to work on /Users/pablofrancoherrero/prueba_tecnica/venv/lib/python3.11/site-packages/airflow/example_dags/example_skip_dag.py
[2026-04-29T09:33:29.325+0200] {processor.py:830} INFO - Processing file /Users/pablofrancoherrero/prueba_tecnica/venv/lib/python3.11/site-packages/airflow/example_dags/example_skip_dag.py for tasks to queue
[2026-04-29T09:33:29.326+0200] {logging_mixin.py:188} INFO - [2026-04-29T09:33:29.326+0200] {dagbag.py:540} INFO - Filling up the DagBag from /Users/pablofrancoherrero/prueba_tecnica/venv/lib/python3.11/site-packages/airflow/example_dags/example_skip_dag.py
[2026-04-29T09:33:29.328+0200] {processor.py:840} INFO - DAG(s) 'example_skip_dag' retrieved from /Users/pablofrancoherrero/prueba_tecnica/venv/lib/python3.11/site-packages/airflow/example_dags/example_skip_dag.py
[2026-04-29T09:33:29.355+0200] {logging_mixin.py:188} INFO - [2026-04-29T09:33:29.355+0200] {dag.py:3096} INFO - Sync 1 DAGs
[2026-04-29T09:33:29.360+0200] {logging_mixin.py:188} INFO - [2026-04-29T09:33:29.360+0200] {dag.py:3954} INFO - Setting next_dagrun for example_skip_dag to 2026-04-28 00:00:00+00:00, run_after=2026-04-29 00:00:00+00:00
[2026-04-29T09:33:29.365+0200] {processor.py:183} INFO - Processing /Users/pablofrancoherrero/prueba_tecnica/venv/lib/python3.11/site-packages/airflow/example_dags/example_skip_dag.py took 0.041 seconds
[2026-04-29T09:34:52.248+0200] {processor.py:161} INFO - Started process (PID=82891) to work on /Users/pablofrancoherrero/prueba_tecnica/venv/lib/python3.11/site-packages/airflow/example_dags/example_skip_dag.py
[2026-04-29T09:34:52.249+0200] {processor.py:830} INFO - Processing file /Users/pablofrancoherrero/prueba_tecnica/venv/lib/python3.11/site-packages/airflow/example_dags/example_skip_dag.py for tasks to queue
[2026-04-29T09:34:52.250+0200] {logging_mixin.py:188} INFO - [2026-04-29T09:34:52.250+0200] {dagbag.py:540} INFO - Filling up the DagBag from /Users/pablofrancoherrero/prueba_tecnica/venv/lib/python3.11/site-packages/airflow/example_dags/example_skip_dag.py
[2026-04-29T09:34:52.252+0200] {processor.py:840} INFO - DAG(s) 'example_skip_dag' retrieved from /Users/pablofrancoherrero/prueba_tecnica/venv/lib/python3.11/site-packages/airflow/example_dags/example_skip_dag.py
[2026-04-29T09:34:52.279+0200] {logging_mixin.py:188} INFO - [2026-04-29T09:34:52.279+0200] {dag.py:3096} INFO - Sync 1 DAGs
[2026-04-29T09:34:52.284+0200] {logging_mixin.py:188} INFO - [2026-04-29T09:34:52.284+0200] {dag.py:3954} INFO - Setting next_dagrun for example_skip_dag to 2026-04-28 00:00:00+00:00, run_after=2026-04-29 00:00:00+00:00
[2026-04-29T09:34:52.289+0200] {processor.py:183} INFO - Processing /Users/pablofrancoherrero/prueba_tecnica/venv/lib/python3.11/site-packages/airflow/example_dags/example_skip_dag.py took 0.042 seconds
[2026-04-29T09:36:13.291+0200] {processor.py:161} INFO - Started process (PID=82997) to work on /Users/pablofrancoherrero/prueba_tecnica/venv/lib/python3.11/site-packages/airflow/example_dags/example_skip_dag.py
[2026-04-29T09:36:13.291+0200] {processor.py:830} INFO - Processing file /Users/pablofrancoherrero/prueba_tecnica/venv/lib/python3.11/site-packages/airflow/example_dags/example_skip_dag.py for tasks to queue
[2026-04-29T09:36:13.292+0200] {logging_mixin.py:188} INFO - [2026-04-29T09:36:13.291+0200] {dagbag.py:540} INFO - Filling up the DagBag from /Users/pablofrancoherrero/prueba_tecnica/venv/lib/python3.11/site-packages/airflow/example_dags/example_skip_dag.py
[2026-04-29T09:36:13.294+0200] {processor.py:840} INFO - DAG(s) 'example_skip_dag' retrieved from /Users/pablofrancoherrero/prueba_tecnica/venv/lib/python3.11/site-packages/airflow/example_dags/example_skip_dag.py
[2026-04-29T09:36:13.320+0200] {logging_mixin.py:188} INFO - [2026-04-29T09:36:13.320+0200] {dag.py:3096} INFO - Sync 1 DAGs
[2026-04-29T09:36:13.324+0200] {logging_mixin.py:188} INFO - [2026-04-29T09:36:13.324+0200] {dag.py:3954} INFO - Setting next_dagrun for example_skip_dag to 2026-04-28 00:00:00+00:00, run_after=2026-04-29 00:00:00+00:00
[2026-04-29T09:36:13.329+0200] {processor.py:183} INFO - Processing /Users/pablofrancoherrero/prueba_tecnica/venv/lib/python3.11/site-packages/airflow/example_dags/example_skip_dag.py took 0.039 seconds
[2026-04-29T09:39:01.397+0200] {processor.py:161} INFO - Started process (PID=83084) to work on /Users/pablofrancoherrero/prueba_tecnica/venv/lib/python3.11/site-packages/airflow/example_dags/example_skip_dag.py
[2026-04-29T09:39:01.397+0200] {processor.py:830} INFO - Processing file /Users/pablofrancoherrero/prueba_tecnica/venv/lib/python3.11/site-packages/airflow/example_dags/example_skip_dag.py for tasks to queue
[2026-04-29T09:39:01.397+0200] {logging_mixin.py:188} INFO - [2026-04-29T09:39:01.397+0200] {dagbag.py:540} INFO - Filling up the DagBag from /Users/pablofrancoherrero/prueba_tecnica/venv/lib/python3.11/site-packages/airflow/example_dags/example_skip_dag.py
[2026-04-29T09:39:01.400+0200] {processor.py:840} INFO - DAG(s) 'example_skip_dag' retrieved from /Users/pablofrancoherrero/prueba_tecnica/venv/lib/python3.11/site-packages/airflow/example_dags/example_skip_dag.py
[2026-04-29T09:39:01.426+0200] {logging_mixin.py:188} INFO - [2026-04-29T09:39:01.426+0200] {dag.py:3096} INFO - Sync 1 DAGs
[2026-04-29T09:39:01.430+0200] {logging_mixin.py:188} INFO - [2026-04-29T09:39:01.430+0200] {dag.py:3954} INFO - Setting next_dagrun for example_skip_dag to 2026-04-28 00:00:00+00:00, run_after=2026-04-29 00:00:00+00:00
[2026-04-29T09:39:01.435+0200] {processor.py:183} INFO - Processing /Users/pablofrancoherrero/prueba_tecnica/venv/lib/python3.11/site-packages/airflow/example_dags/example_skip_dag.py took 0.039 seconds
[2026-04-29T09:45:52.056+0200] {processor.py:161} INFO - Started process (PID=83209) to work on /Users/pablofrancoherrero/prueba_tecnica/venv/lib/python3.11/site-packages/airflow/example_dags/example_skip_dag.py
[2026-04-29T09:45:52.056+0200] {processor.py:830} INFO - Processing file /Users/pablofrancoherrero/prueba_tecnica/venv/lib/python3.11/site-packages/airflow/example_dags/example_skip_dag.py for tasks to queue
[2026-04-29T09:45:52.057+0200] {logging_mixin.py:188} INFO - [2026-04-29T09:45:52.057+0200] {dagbag.py:540} INFO - Filling up the DagBag from /Users/pablofrancoherrero/prueba_tecnica/venv/lib/python3.11/site-packages/airflow/example_dags/example_skip_dag.py
[2026-04-29T09:45:52.059+0200] {processor.py:840} INFO - DAG(s) 'example_skip_dag' retrieved from /Users/pablofrancoherrero/prueba_tecnica/venv/lib/python3.11/site-packages/airflow/example_dags/example_skip_dag.py
[2026-04-29T09:45:52.085+0200] {logging_mixin.py:188} INFO - [2026-04-29T09:45:52.085+0200] {dag.py:3096} INFO - Sync 1 DAGs
[2026-04-29T09:45:52.089+0200] {logging_mixin.py:188} INFO - [2026-04-29T09:45:52.089+0200] {dag.py:3954} INFO - Setting next_dagrun for example_skip_dag to 2026-04-28 00:00:00+00:00, run_after=2026-04-29 00:00:00+00:00
[2026-04-29T09:45:52.094+0200] {processor.py:183} INFO - Processing /Users/pablofrancoherrero/prueba_tecnica/venv/lib/python3.11/site-packages/airflow/example_dags/example_skip_dag.py took 0.039 seconds
[2026-04-29T09:47:18.887+0200] {processor.py:161} INFO - Started process (PID=83268) to work on /Users/pablofrancoherrero/prueba_tecnica/venv/lib/python3.11/site-packages/airflow/example_dags/example_skip_dag.py
[2026-04-29T09:47:18.887+0200] {processor.py:830} INFO - Processing file /Users/pablofrancoherrero/prueba_tecnica/venv/lib/python3.11/site-packages/airflow/example_dags/example_skip_dag.py for tasks to queue
[2026-04-29T09:47:18.887+0200] {logging_mixin.py:188} INFO - [2026-04-29T09:47:18.887+0200] {dagbag.py:540} INFO - Filling up the DagBag from /Users/pablofrancoherrero/prueba_tecnica/venv/lib/python3.11/site-packages/airflow/example_dags/example_skip_dag.py
[2026-04-29T09:47:18.890+0200] {processor.py:840} INFO - DAG(s) 'example_skip_dag' retrieved from /Users/pablofrancoherrero/prueba_tecnica/venv/lib/python3.11/site-packages/airflow/example_dags/example_skip_dag.py
[2026-04-29T09:47:18.915+0200] {logging_mixin.py:188} INFO - [2026-04-29T09:47:18.915+0200] {dag.py:3096} INFO - Sync 1 DAGs
[2026-04-29T09:47:18.919+0200] {logging_mixin.py:188} INFO - [2026-04-29T09:47:18.919+0200] {dag.py:3954} INFO - Setting next_dagrun for example_skip_dag to 2026-04-28 00:00:00+00:00, run_after=2026-04-29 00:00:00+00:00
[2026-04-29T09:47:18.924+0200] {processor.py:183} INFO - Processing /Users/pablofrancoherrero/prueba_tecnica/venv/lib/python3.11/site-packages/airflow/example_dags/example_skip_dag.py took 0.038 seconds
[2026-04-29T10:00:34.820+0200] {processor.py:161} INFO - Started process (PID=83378) to work on /Users/pablofrancoherrero/prueba_tecnica/venv/lib/python3.11/site-packages/airflow/example_dags/example_skip_dag.py
[2026-04-29T10:00:34.820+0200] {processor.py:830} INFO - Processing file /Users/pablofrancoherrero/prueba_tecnica/venv/lib/python3.11/site-packages/airflow/example_dags/example_skip_dag.py for tasks to queue
[2026-04-29T10:00:34.820+0200] {logging_mixin.py:188} INFO - [2026-04-29T10:00:34.820+0200] {dagbag.py:540} INFO - Filling up the DagBag from /Users/pablofrancoherrero/prueba_tecnica/venv/lib/python3.11/site-packages/airflow/example_dags/example_skip_dag.py
[2026-04-29T10:00:34.822+0200] {processor.py:840} INFO - DAG(s) 'example_skip_dag' retrieved from /Users/pablofrancoherrero/prueba_tecnica/venv/lib/python3.11/site-packages/airflow/example_dags/example_skip_dag.py
[2026-04-29T10:00:34.848+0200] {logging_mixin.py:188} INFO - [2026-04-29T10:00:34.848+0200] {dag.py:3096} INFO - Sync 1 DAGs
[2026-04-29T10:00:34.852+0200] {logging_mixin.py:188} INFO - [2026-04-29T10:00:34.852+0200] {dag.py:3954} INFO - Setting next_dagrun for example_skip_dag to 2026-04-28 00:00:00+00:00, run_after=2026-04-29 00:00:00+00:00
[2026-04-29T10:00:34.857+0200] {processor.py:183} INFO - Processing /Users/pablofrancoherrero/prueba_tecnica/venv/lib/python3.11/site-packages/airflow/example_dags/example_skip_dag.py took 0.038 seconds
[2026-04-29T10:32:24.581+0200] {processor.py:161} INFO - Started process (PID=83582) to work on /Users/pablofrancoherrero/prueba_tecnica/venv/lib/python3.11/site-packages/airflow/example_dags/example_skip_dag.py
[2026-04-29T10:32:24.582+0200] {processor.py:830} INFO - Processing file /Users/pablofrancoherrero/prueba_tecnica/venv/lib/python3.11/site-packages/airflow/example_dags/example_skip_dag.py for tasks to queue
[2026-04-29T10:32:24.582+0200] {logging_mixin.py:188} INFO - [2026-04-29T10:32:24.582+0200] {dagbag.py:540} INFO - Filling up the DagBag from /Users/pablofrancoherrero/prueba_tecnica/venv/lib/python3.11/site-packages/airflow/example_dags/example_skip_dag.py
[2026-04-29T10:32:24.584+0200] {processor.py:840} INFO - DAG(s) 'example_skip_dag' retrieved from /Users/pablofrancoherrero/prueba_tecnica/venv/lib/python3.11/site-packages/airflow/example_dags/example_skip_dag.py
[2026-04-29T10:32:24.609+0200] {logging_mixin.py:188} INFO - [2026-04-29T10:32:24.609+0200] {dag.py:3096} INFO - Sync 1 DAGs
[2026-04-29T10:32:24.614+0200] {logging_mixin.py:188} INFO - [2026-04-29T10:32:24.613+0200] {dag.py:3954} INFO - Setting next_dagrun for example_skip_dag to 2026-04-28 00:00:00+00:00, run_after=2026-04-29 00:00:00+00:00
[2026-04-29T10:32:24.619+0200] {processor.py:183} INFO - Processing /Users/pablofrancoherrero/prueba_tecnica/venv/lib/python3.11/site-packages/airflow/example_dags/example_skip_dag.py took 0.038 seconds
[2026-04-29T10:49:14.176+0200] {processor.py:161} INFO - Started process (PID=83744) to work on /Users/pablofrancoherrero/prueba_tecnica/venv/lib/python3.11/site-packages/airflow/example_dags/example_skip_dag.py
[2026-04-29T10:49:14.177+0200] {processor.py:830} INFO - Processing file /Users/pablofrancoherrero/prueba_tecnica/venv/lib/python3.11/site-packages/airflow/example_dags/example_skip_dag.py for tasks to queue
[2026-04-29T10:49:14.177+0200] {logging_mixin.py:188} INFO - [2026-04-29T10:49:14.177+0200] {dagbag.py:540} INFO - Filling up the DagBag from /Users/pablofrancoherrero/prueba_tecnica/venv/lib/python3.11/site-packages/airflow/example_dags/example_skip_dag.py
[2026-04-29T10:49:14.179+0200] {processor.py:840} INFO - DAG(s) 'example_skip_dag' retrieved from /Users/pablofrancoherrero/prueba_tecnica/venv/lib/python3.11/site-packages/airflow/example_dags/example_skip_dag.py
[2026-04-29T10:49:14.204+0200] {logging_mixin.py:188} INFO - [2026-04-29T10:49:14.204+0200] {dag.py:3096} INFO - Sync 1 DAGs
[2026-04-29T10:49:14.208+0200] {logging_mixin.py:188} INFO - [2026-04-29T10:49:14.208+0200] {dag.py:3954} INFO - Setting next_dagrun for example_skip_dag to 2026-04-28 00:00:00+00:00, run_after=2026-04-29 00:00:00+00:00
[2026-04-29T10:49:14.213+0200] {processor.py:183} INFO - Processing /Users/pablofrancoherrero/prueba_tecnica/venv/lib/python3.11/site-packages/airflow/example_dags/example_skip_dag.py took 0.039 seconds
[2026-04-29T11:06:42.795+0200] {processor.py:161} INFO - Started process (PID=83860) to work on /Users/pablofrancoherrero/prueba_tecnica/venv/lib/python3.11/site-packages/airflow/example_dags/example_skip_dag.py
[2026-04-29T11:06:42.796+0200] {processor.py:830} INFO - Processing file /Users/pablofrancoherrero/prueba_tecnica/venv/lib/python3.11/site-packages/airflow/example_dags/example_skip_dag.py for tasks to queue
[2026-04-29T11:06:42.796+0200] {logging_mixin.py:188} INFO - [2026-04-29T11:06:42.796+0200] {dagbag.py:540} INFO - Filling up the DagBag from /Users/pablofrancoherrero/prueba_tecnica/venv/lib/python3.11/site-packages/airflow/example_dags/example_skip_dag.py
[2026-04-29T11:06:42.798+0200] {processor.py:840} INFO - DAG(s) 'example_skip_dag' retrieved from /Users/pablofrancoherrero/prueba_tecnica/venv/lib/python3.11/site-packages/airflow/example_dags/example_skip_dag.py
[2026-04-29T11:06:42.824+0200] {logging_mixin.py:188} INFO - [2026-04-29T11:06:42.824+0200] {dag.py:3096} INFO - Sync 1 DAGs
[2026-04-29T11:06:42.828+0200] {logging_mixin.py:188} INFO - [2026-04-29T11:06:42.828+0200] {dag.py:3954} INFO - Setting next_dagrun for example_skip_dag to 2026-04-28 00:00:00+00:00, run_after=2026-04-29 00:00:00+00:00
[2026-04-29T11:06:42.833+0200] {processor.py:183} INFO - Processing /Users/pablofrancoherrero/prueba_tecnica/venv/lib/python3.11/site-packages/airflow/example_dags/example_skip_dag.py took 0.039 seconds
[2026-04-29T11:23:22.805+0200] {processor.py:161} INFO - Started process (PID=84008) to work on /Users/pablofrancoherrero/prueba_tecnica/venv/lib/python3.11/site-packages/airflow/example_dags/example_skip_dag.py
[2026-04-29T11:23:22.806+0200] {processor.py:830} INFO - Processing file /Users/pablofrancoherrero/prueba_tecnica/venv/lib/python3.11/site-packages/airflow/example_dags/example_skip_dag.py for tasks to queue
[2026-04-29T11:23:22.807+0200] {logging_mixin.py:188} INFO - [2026-04-29T11:23:22.807+0200] {dagbag.py:540} INFO - Filling up the DagBag from /Users/pablofrancoherrero/prueba_tecnica/venv/lib/python3.11/site-packages/airflow/example_dags/example_skip_dag.py
[2026-04-29T11:23:22.809+0200] {processor.py:840} INFO - DAG(s) 'example_skip_dag' retrieved from /Users/pablofrancoherrero/prueba_tecnica/venv/lib/python3.11/site-packages/airflow/example_dags/example_skip_dag.py
[2026-04-29T11:23:22.836+0200] {logging_mixin.py:188} INFO - [2026-04-29T11:23:22.836+0200] {dag.py:3096} INFO - Sync 1 DAGs
[2026-04-29T11:23:22.841+0200] {logging_mixin.py:188} INFO - [2026-04-29T11:23:22.841+0200] {dag.py:3954} INFO - Setting next_dagrun for example_skip_dag to 2026-04-28 00:00:00+00:00, run_after=2026-04-29 00:00:00+00:00
[2026-04-29T11:23:22.845+0200] {processor.py:183} INFO - Processing /Users/pablofrancoherrero/prueba_tecnica/venv/lib/python3.11/site-packages/airflow/example_dags/example_skip_dag.py took 0.041 seconds
[2026-04-29T11:24:40.416+0200] {processor.py:161} INFO - Started process (PID=84112) to work on /Users/pablofrancoherrero/prueba_tecnica/venv/lib/python3.11/site-packages/airflow/example_dags/example_skip_dag.py
[2026-04-29T11:24:40.417+0200] {processor.py:830} INFO - Processing file /Users/pablofrancoherrero/prueba_tecnica/venv/lib/python3.11/site-packages/airflow/example_dags/example_skip_dag.py for tasks to queue
[2026-04-29T11:24:40.417+0200] {logging_mixin.py:188} INFO - [2026-04-29T11:24:40.417+0200] {dagbag.py:540} INFO - Filling up the DagBag from /Users/pablofrancoherrero/prueba_tecnica/venv/lib/python3.11/site-packages/airflow/example_dags/example_skip_dag.py
[2026-04-29T11:24:40.419+0200] {processor.py:840} INFO - DAG(s) 'example_skip_dag' retrieved from /Users/pablofrancoherrero/prueba_tecnica/venv/lib/python3.11/site-packages/airflow/example_dags/example_skip_dag.py
[2026-04-29T11:24:40.444+0200] {logging_mixin.py:188} INFO - [2026-04-29T11:24:40.444+0200] {dag.py:3096} INFO - Sync 1 DAGs
[2026-04-29T11:24:40.449+0200] {logging_mixin.py:188} INFO - [2026-04-29T11:24:40.448+0200] {dag.py:3954} INFO - Setting next_dagrun for example_skip_dag to 2026-04-28 00:00:00+00:00, run_after=2026-04-29 00:00:00+00:00
[2026-04-29T11:24:40.453+0200] {processor.py:183} INFO - Processing /Users/pablofrancoherrero/prueba_tecnica/venv/lib/python3.11/site-packages/airflow/example_dags/example_skip_dag.py took 0.038 seconds
[2026-04-29T11:26:00.492+0200] {processor.py:161} INFO - Started process (PID=84216) to work on /Users/pablofrancoherrero/prueba_tecnica/venv/lib/python3.11/site-packages/airflow/example_dags/example_skip_dag.py
[2026-04-29T11:26:00.492+0200] {processor.py:830} INFO - Processing file /Users/pablofrancoherrero/prueba_tecnica/venv/lib/python3.11/site-packages/airflow/example_dags/example_skip_dag.py for tasks to queue
[2026-04-29T11:26:00.492+0200] {logging_mixin.py:188} INFO - [2026-04-29T11:26:00.492+0200] {dagbag.py:540} INFO - Filling up the DagBag from /Users/pablofrancoherrero/prueba_tecnica/venv/lib/python3.11/site-packages/airflow/example_dags/example_skip_dag.py
[2026-04-29T11:26:00.495+0200] {processor.py:840} INFO - DAG(s) 'example_skip_dag' retrieved from /Users/pablofrancoherrero/prueba_tecnica/venv/lib/python3.11/site-packages/airflow/example_dags/example_skip_dag.py
[2026-04-29T11:26:00.522+0200] {logging_mixin.py:188} INFO - [2026-04-29T11:26:00.522+0200] {dag.py:3096} INFO - Sync 1 DAGs
[2026-04-29T11:26:00.527+0200] {logging_mixin.py:188} INFO - [2026-04-29T11:26:00.527+0200] {dag.py:3954} INFO - Setting next_dagrun for example_skip_dag to 2026-04-28 00:00:00+00:00, run_after=2026-04-29 00:00:00+00:00
[2026-04-29T11:26:00.532+0200] {processor.py:183} INFO - Processing /Users/pablofrancoherrero/prueba_tecnica/venv/lib/python3.11/site-packages/airflow/example_dags/example_skip_dag.py took 0.041 seconds
[2026-04-29T11:32:19.375+0200] {processor.py:161} INFO - Started process (PID=84353) to work on /Users/pablofrancoherrero/prueba_tecnica/venv/lib/python3.11/site-packages/airflow/example_dags/example_skip_dag.py
[2026-04-29T11:32:19.375+0200] {processor.py:830} INFO - Processing file /Users/pablofrancoherrero/prueba_tecnica/venv/lib/python3.11/site-packages/airflow/example_dags/example_skip_dag.py for tasks to queue
[2026-04-29T11:32:19.375+0200] {logging_mixin.py:188} INFO - [2026-04-29T11:32:19.375+0200] {dagbag.py:540} INFO - Filling up the DagBag from /Users/pablofrancoherrero/prueba_tecnica/venv/lib/python3.11/site-packages/airflow/example_dags/example_skip_dag.py
[2026-04-29T11:32:19.378+0200] {processor.py:840} INFO - DAG(s) 'example_skip_dag' retrieved from /Users/pablofrancoherrero/prueba_tecnica/venv/lib/python3.11/site-packages/airflow/example_dags/example_skip_dag.py
[2026-04-29T11:32:19.403+0200] {logging_mixin.py:188} INFO - [2026-04-29T11:32:19.403+0200] {dag.py:3096} INFO - Sync 1 DAGs
[2026-04-29T11:32:19.407+0200] {logging_mixin.py:188} INFO - [2026-04-29T11:32:19.407+0200] {dag.py:3954} INFO - Setting next_dagrun for example_skip_dag to 2026-04-28 00:00:00+00:00, run_after=2026-04-29 00:00:00+00:00
[2026-04-29T11:32:19.413+0200] {processor.py:183} INFO - Processing /Users/pablofrancoherrero/prueba_tecnica/venv/lib/python3.11/site-packages/airflow/example_dags/example_skip_dag.py took 0.039 seconds
[2026-04-29T11:47:59.832+0200] {processor.py:161} INFO - Started process (PID=84492) to work on /Users/pablofrancoherrero/prueba_tecnica/venv/lib/python3.11/site-packages/airflow/example_dags/example_skip_dag.py
[2026-04-29T11:47:59.832+0200] {processor.py:830} INFO - Processing file /Users/pablofrancoherrero/prueba_tecnica/venv/lib/python3.11/site-packages/airflow/example_dags/example_skip_dag.py for tasks to queue
[2026-04-29T11:47:59.832+0200] {logging_mixin.py:188} INFO - [2026-04-29T11:47:59.832+0200] {dagbag.py:540} INFO - Filling up the DagBag from /Users/pablofrancoherrero/prueba_tecnica/venv/lib/python3.11/site-packages/airflow/example_dags/example_skip_dag.py
[2026-04-29T11:47:59.835+0200] {processor.py:840} INFO - DAG(s) 'example_skip_dag' retrieved from /Users/pablofrancoherrero/prueba_tecnica/venv/lib/python3.11/site-packages/airflow/example_dags/example_skip_dag.py
[2026-04-29T11:47:59.861+0200] {logging_mixin.py:188} INFO - [2026-04-29T11:47:59.861+0200] {dag.py:3096} INFO - Sync 1 DAGs
[2026-04-29T11:47:59.865+0200] {logging_mixin.py:188} INFO - [2026-04-29T11:47:59.865+0200] {dag.py:3954} INFO - Setting next_dagrun for example_skip_dag to 2026-04-28 00:00:00+00:00, run_after=2026-04-29 00:00:00+00:00
[2026-04-29T11:47:59.871+0200] {processor.py:183} INFO - Processing /Users/pablofrancoherrero/prueba_tecnica/venv/lib/python3.11/site-packages/airflow/example_dags/example_skip_dag.py took 0.040 seconds
[2026-04-29T11:53:19.679+0200] {processor.py:161} INFO - Started process (PID=84587) to work on /Users/pablofrancoherrero/prueba_tecnica/venv/lib/python3.11/site-packages/airflow/example_dags/example_skip_dag.py
[2026-04-29T11:53:19.680+0200] {processor.py:830} INFO - Processing file /Users/pablofrancoherrero/prueba_tecnica/venv/lib/python3.11/site-packages/airflow/example_dags/example_skip_dag.py for tasks to queue
[2026-04-29T11:53:19.680+0200] {logging_mixin.py:188} INFO - [2026-04-29T11:53:19.680+0200] {dagbag.py:540} INFO - Filling up the DagBag from /Users/pablofrancoherrero/prueba_tecnica/venv/lib/python3.11/site-packages/airflow/example_dags/example_skip_dag.py
[2026-04-29T11:53:19.682+0200] {processor.py:840} INFO - DAG(s) 'example_skip_dag' retrieved from /Users/pablofrancoherrero/prueba_tecnica/venv/lib/python3.11/site-packages/airflow/example_dags/example_skip_dag.py
[2026-04-29T11:53:19.711+0200] {logging_mixin.py:188} INFO - [2026-04-29T11:53:19.710+0200] {dag.py:3096} INFO - Sync 1 DAGs
[2026-04-29T11:53:19.715+0200] {logging_mixin.py:188} INFO - [2026-04-29T11:53:19.715+0200] {dag.py:3954} INFO - Setting next_dagrun for example_skip_dag to 2026-04-28 00:00:00+00:00, run_after=2026-04-29 00:00:00+00:00
[2026-04-29T11:53:19.720+0200] {processor.py:183} INFO - Processing /Users/pablofrancoherrero/prueba_tecnica/venv/lib/python3.11/site-packages/airflow/example_dags/example_skip_dag.py took 0.041 seconds
[2026-04-29T12:03:49.368+0200] {processor.py:161} INFO - Started process (PID=84656) to work on /Users/pablofrancoherrero/prueba_tecnica/venv/lib/python3.11/site-packages/airflow/example_dags/example_skip_dag.py
[2026-04-29T12:03:49.369+0200] {processor.py:830} INFO - Processing file /Users/pablofrancoherrero/prueba_tecnica/venv/lib/python3.11/site-packages/airflow/example_dags/example_skip_dag.py for tasks to queue
[2026-04-29T12:03:49.369+0200] {logging_mixin.py:188} INFO - [2026-04-29T12:03:49.369+0200] {dagbag.py:540} INFO - Filling up the DagBag from /Users/pablofrancoherrero/prueba_tecnica/venv/lib/python3.11/site-packages/airflow/example_dags/example_skip_dag.py
[2026-04-29T12:03:49.372+0200] {processor.py:840} INFO - DAG(s) 'example_skip_dag' retrieved from /Users/pablofrancoherrero/prueba_tecnica/venv/lib/python3.11/site-packages/airflow/example_dags/example_skip_dag.py
[2026-04-29T12:03:49.405+0200] {logging_mixin.py:188} INFO - [2026-04-29T12:03:49.405+0200] {dag.py:3096} INFO - Sync 1 DAGs
[2026-04-29T12:03:49.411+0200] {logging_mixin.py:188} INFO - [2026-04-29T12:03:49.411+0200] {dag.py:3954} INFO - Setting next_dagrun for example_skip_dag to 2026-04-28 00:00:00+00:00, run_after=2026-04-29 00:00:00+00:00
[2026-04-29T12:03:49.417+0200] {processor.py:183} INFO - Processing /Users/pablofrancoherrero/prueba_tecnica/venv/lib/python3.11/site-packages/airflow/example_dags/example_skip_dag.py took 0.050 seconds
[2026-04-29T12:06:42.166+0200] {processor.py:161} INFO - Started process (PID=84846) to work on /Users/pablofrancoherrero/prueba_tecnica/venv/lib/python3.11/site-packages/airflow/example_dags/example_skip_dag.py
[2026-04-29T12:06:42.166+0200] {processor.py:830} INFO - Processing file /Users/pablofrancoherrero/prueba_tecnica/venv/lib/python3.11/site-packages/airflow/example_dags/example_skip_dag.py for tasks to queue
[2026-04-29T12:06:42.167+0200] {logging_mixin.py:188} INFO - [2026-04-29T12:06:42.166+0200] {dagbag.py:540} INFO - Filling up the DagBag from /Users/pablofrancoherrero/prueba_tecnica/venv/lib/python3.11/site-packages/airflow/example_dags/example_skip_dag.py
[2026-04-29T12:06:42.169+0200] {processor.py:840} INFO - DAG(s) 'example_skip_dag' retrieved from /Users/pablofrancoherrero/prueba_tecnica/venv/lib/python3.11/site-packages/airflow/example_dags/example_skip_dag.py
[2026-04-29T12:06:42.198+0200] {logging_mixin.py:188} INFO - [2026-04-29T12:06:42.198+0200] {dag.py:3096} INFO - Sync 1 DAGs
[2026-04-29T12:06:42.203+0200] {logging_mixin.py:188} INFO - [2026-04-29T12:06:42.203+0200] {dag.py:3954} INFO - Setting next_dagrun for example_skip_dag to 2026-04-28 00:00:00+00:00, run_after=2026-04-29 00:00:00+00:00
[2026-04-29T12:06:42.208+0200] {processor.py:183} INFO - Processing /Users/pablofrancoherrero/prueba_tecnica/venv/lib/python3.11/site-packages/airflow/example_dags/example_skip_dag.py took 0.044 seconds
[2026-04-29T12:08:10.158+0200] {processor.py:161} INFO - Started process (PID=84965) to work on /Users/pablofrancoherrero/prueba_tecnica/venv/lib/python3.11/site-packages/airflow/example_dags/example_skip_dag.py
[2026-04-29T12:08:10.158+0200] {processor.py:830} INFO - Processing file /Users/pablofrancoherrero/prueba_tecnica/venv/lib/python3.11/site-packages/airflow/example_dags/example_skip_dag.py for tasks to queue
[2026-04-29T12:08:10.158+0200] {logging_mixin.py:188} INFO - [2026-04-29T12:08:10.158+0200] {dagbag.py:540} INFO - Filling up the DagBag from /Users/pablofrancoherrero/prueba_tecnica/venv/lib/python3.11/site-packages/airflow/example_dags/example_skip_dag.py
[2026-04-29T12:08:10.160+0200] {processor.py:840} INFO - DAG(s) 'example_skip_dag' retrieved from /Users/pablofrancoherrero/prueba_tecnica/venv/lib/python3.11/site-packages/airflow/example_dags/example_skip_dag.py
[2026-04-29T12:08:10.186+0200] {logging_mixin.py:188} INFO - [2026-04-29T12:08:10.186+0200] {dag.py:3096} INFO - Sync 1 DAGs
[2026-04-29T12:08:10.190+0200] {logging_mixin.py:188} INFO - [2026-04-29T12:08:10.190+0200] {dag.py:3954} INFO - Setting next_dagrun for example_skip_dag to 2026-04-28 00:00:00+00:00, run_after=2026-04-29 00:00:00+00:00
[2026-04-29T12:08:10.195+0200] {processor.py:183} INFO - Processing /Users/pablofrancoherrero/prueba_tecnica/venv/lib/python3.11/site-packages/airflow/example_dags/example_skip_dag.py took 0.038 seconds
[2026-04-29T12:23:59.890+0200] {processor.py:161} INFO - Started process (PID=85092) to work on /Users/pablofrancoherrero/prueba_tecnica/venv/lib/python3.11/site-packages/airflow/example_dags/example_skip_dag.py
[2026-04-29T12:23:59.891+0200] {processor.py:830} INFO - Processing file /Users/pablofrancoherrero/prueba_tecnica/venv/lib/python3.11/site-packages/airflow/example_dags/example_skip_dag.py for tasks to queue
[2026-04-29T12:23:59.891+0200] {logging_mixin.py:188} INFO - [2026-04-29T12:23:59.891+0200] {dagbag.py:540} INFO - Filling up the DagBag from /Users/pablofrancoherrero/prueba_tecnica/venv/lib/python3.11/site-packages/airflow/example_dags/example_skip_dag.py
[2026-04-29T12:23:59.893+0200] {processor.py:840} INFO - DAG(s) 'example_skip_dag' retrieved from /Users/pablofrancoherrero/prueba_tecnica/venv/lib/python3.11/site-packages/airflow/example_dags/example_skip_dag.py
[2026-04-29T12:23:59.919+0200] {logging_mixin.py:188} INFO - [2026-04-29T12:23:59.918+0200] {dag.py:3096} INFO - Sync 1 DAGs
[2026-04-29T12:23:59.923+0200] {logging_mixin.py:188} INFO - [2026-04-29T12:23:59.923+0200] {dag.py:3954} INFO - Setting next_dagrun for example_skip_dag to 2026-04-28 00:00:00+00:00, run_after=2026-04-29 00:00:00+00:00
[2026-04-29T12:23:59.928+0200] {processor.py:183} INFO - Processing /Users/pablofrancoherrero/prueba_tecnica/venv/lib/python3.11/site-packages/airflow/example_dags/example_skip_dag.py took 0.038 seconds
[2026-04-29T12:27:29.859+0200] {processor.py:161} INFO - Started process (PID=85204) to work on /Users/pablofrancoherrero/prueba_tecnica/venv/lib/python3.11/site-packages/airflow/example_dags/example_skip_dag.py
[2026-04-29T12:27:29.861+0200] {processor.py:830} INFO - Processing file /Users/pablofrancoherrero/prueba_tecnica/venv/lib/python3.11/site-packages/airflow/example_dags/example_skip_dag.py for tasks to queue
[2026-04-29T12:27:29.861+0200] {logging_mixin.py:188} INFO - [2026-04-29T12:27:29.861+0200] {dagbag.py:540} INFO - Filling up the DagBag from /Users/pablofrancoherrero/prueba_tecnica/venv/lib/python3.11/site-packages/airflow/example_dags/example_skip_dag.py
[2026-04-29T12:27:29.863+0200] {processor.py:840} INFO - DAG(s) 'example_skip_dag' retrieved from /Users/pablofrancoherrero/prueba_tecnica/venv/lib/python3.11/site-packages/airflow/example_dags/example_skip_dag.py
[2026-04-29T12:27:29.888+0200] {logging_mixin.py:188} INFO - [2026-04-29T12:27:29.888+0200] {dag.py:3096} INFO - Sync 1 DAGs
[2026-04-29T12:27:29.892+0200] {logging_mixin.py:188} INFO - [2026-04-29T12:27:29.892+0200] {dag.py:3954} INFO - Setting next_dagrun for example_skip_dag to 2026-04-28 00:00:00+00:00, run_after=2026-04-29 00:00:00+00:00
[2026-04-29T12:27:29.897+0200] {processor.py:183} INFO - Processing /Users/pablofrancoherrero/prueba_tecnica/venv/lib/python3.11/site-packages/airflow/example_dags/example_skip_dag.py took 0.039 seconds
[2026-04-29T12:28:52.045+0200] {processor.py:161} INFO - Started process (PID=85308) to work on /Users/pablofrancoherrero/prueba_tecnica/venv/lib/python3.11/site-packages/airflow/example_dags/example_skip_dag.py
[2026-04-29T12:28:52.046+0200] {processor.py:830} INFO - Processing file /Users/pablofrancoherrero/prueba_tecnica/venv/lib/python3.11/site-packages/airflow/example_dags/example_skip_dag.py for tasks to queue
[2026-04-29T12:28:52.046+0200] {logging_mixin.py:188} INFO - [2026-04-29T12:28:52.046+0200] {dagbag.py:540} INFO - Filling up the DagBag from /Users/pablofrancoherrero/prueba_tecnica/venv/lib/python3.11/site-packages/airflow/example_dags/example_skip_dag.py
[2026-04-29T12:28:52.048+0200] {processor.py:840} INFO - DAG(s) 'example_skip_dag' retrieved from /Users/pablofrancoherrero/prueba_tecnica/venv/lib/python3.11/site-packages/airflow/example_dags/example_skip_dag.py
[2026-04-29T12:28:52.074+0200] {logging_mixin.py:188} INFO - [2026-04-29T12:28:52.073+0200] {dag.py:3096} INFO - Sync 1 DAGs
[2026-04-29T12:28:52.078+0200] {logging_mixin.py:188} INFO - [2026-04-29T12:28:52.078+0200] {dag.py:3954} INFO - Setting next_dagrun for example_skip_dag to 2026-04-28 00:00:00+00:00, run_after=2026-04-29 00:00:00+00:00
[2026-04-29T12:28:52.083+0200] {processor.py:183} INFO - Processing /Users/pablofrancoherrero/prueba_tecnica/venv/lib/python3.11/site-packages/airflow/example_dags/example_skip_dag.py took 0.039 seconds
[2026-04-29T12:30:14.448+0200] {processor.py:161} INFO - Started process (PID=85420) to work on /Users/pablofrancoherrero/prueba_tecnica/venv/lib/python3.11/site-packages/airflow/example_dags/example_skip_dag.py
[2026-04-29T12:30:14.450+0200] {processor.py:830} INFO - Processing file /Users/pablofrancoherrero/prueba_tecnica/venv/lib/python3.11/site-packages/airflow/example_dags/example_skip_dag.py for tasks to queue
[2026-04-29T12:30:14.450+0200] {logging_mixin.py:188} INFO - [2026-04-29T12:30:14.450+0200] {dagbag.py:540} INFO - Filling up the DagBag from /Users/pablofrancoherrero/prueba_tecnica/venv/lib/python3.11/site-packages/airflow/example_dags/example_skip_dag.py
[2026-04-29T12:30:14.452+0200] {processor.py:840} INFO - DAG(s) 'example_skip_dag' retrieved from /Users/pablofrancoherrero/prueba_tecnica/venv/lib/python3.11/site-packages/airflow/example_dags/example_skip_dag.py
[2026-04-29T12:30:14.479+0200] {logging_mixin.py:188} INFO - [2026-04-29T12:30:14.479+0200] {dag.py:3096} INFO - Sync 1 DAGs
[2026-04-29T12:30:14.483+0200] {logging_mixin.py:188} INFO - [2026-04-29T12:30:14.483+0200] {dag.py:3954} INFO - Setting next_dagrun for example_skip_dag to 2026-04-28 00:00:00+00:00, run_after=2026-04-29 00:00:00+00:00
[2026-04-29T12:30:14.488+0200] {processor.py:183} INFO - Processing /Users/pablofrancoherrero/prueba_tecnica/venv/lib/python3.11/site-packages/airflow/example_dags/example_skip_dag.py took 0.041 seconds
[2026-04-29T12:31:37.371+0200] {processor.py:161} INFO - Started process (PID=85527) to work on /Users/pablofrancoherrero/prueba_tecnica/venv/lib/python3.11/site-packages/airflow/example_dags/example_skip_dag.py
[2026-04-29T12:31:37.371+0200] {processor.py:830} INFO - Processing file /Users/pablofrancoherrero/prueba_tecnica/venv/lib/python3.11/site-packages/airflow/example_dags/example_skip_dag.py for tasks to queue
[2026-04-29T12:31:37.372+0200] {logging_mixin.py:188} INFO - [2026-04-29T12:31:37.371+0200] {dagbag.py:540} INFO - Filling up the DagBag from /Users/pablofrancoherrero/prueba_tecnica/venv/lib/python3.11/site-packages/airflow/example_dags/example_skip_dag.py
[2026-04-29T12:31:37.374+0200] {processor.py:840} INFO - DAG(s) 'example_skip_dag' retrieved from /Users/pablofrancoherrero/prueba_tecnica/venv/lib/python3.11/site-packages/airflow/example_dags/example_skip_dag.py
[2026-04-29T12:31:37.401+0200] {logging_mixin.py:188} INFO - [2026-04-29T12:31:37.401+0200] {dag.py:3096} INFO - Sync 1 DAGs
[2026-04-29T12:31:37.406+0200] {logging_mixin.py:188} INFO - [2026-04-29T12:31:37.406+0200] {dag.py:3954} INFO - Setting next_dagrun for example_skip_dag to 2026-04-28 00:00:00+00:00, run_after=2026-04-29 00:00:00+00:00
[2026-04-29T12:31:37.411+0200] {processor.py:183} INFO - Processing /Users/pablofrancoherrero/prueba_tecnica/venv/lib/python3.11/site-packages/airflow/example_dags/example_skip_dag.py took 0.041 seconds
[2026-04-29T12:33:00.509+0200] {processor.py:161} INFO - Started process (PID=85633) to work on /Users/pablofrancoherrero/prueba_tecnica/venv/lib/python3.11/site-packages/airflow/example_dags/example_skip_dag.py
[2026-04-29T12:33:00.510+0200] {processor.py:830} INFO - Processing file /Users/pablofrancoherrero/prueba_tecnica/venv/lib/python3.11/site-packages/airflow/example_dags/example_skip_dag.py for tasks to queue
[2026-04-29T12:33:00.510+0200] {logging_mixin.py:188} INFO - [2026-04-29T12:33:00.510+0200] {dagbag.py:540} INFO - Filling up the DagBag from /Users/pablofrancoherrero/prueba_tecnica/venv/lib/python3.11/site-packages/airflow/example_dags/example_skip_dag.py
[2026-04-29T12:33:00.512+0200] {processor.py:840} INFO - DAG(s) 'example_skip_dag' retrieved from /Users/pablofrancoherrero/prueba_tecnica/venv/lib/python3.11/site-packages/airflow/example_dags/example_skip_dag.py
[2026-04-29T12:33:00.538+0200] {logging_mixin.py:188} INFO - [2026-04-29T12:33:00.538+0200] {dag.py:3096} INFO - Sync 1 DAGs
[2026-04-29T12:33:00.543+0200] {logging_mixin.py:188} INFO - [2026-04-29T12:33:00.543+0200] {dag.py:3954} INFO - Setting next_dagrun for example_skip_dag to 2026-04-28 00:00:00+00:00, run_after=2026-04-29 00:00:00+00:00
[2026-04-29T12:33:00.548+0200] {processor.py:183} INFO - Processing /Users/pablofrancoherrero/prueba_tecnica/venv/lib/python3.11/site-packages/airflow/example_dags/example_skip_dag.py took 0.039 seconds
[2026-04-29T12:34:21.877+0200] {processor.py:161} INFO - Started process (PID=85732) to work on /Users/pablofrancoherrero/prueba_tecnica/venv/lib/python3.11/site-packages/airflow/example_dags/example_skip_dag.py
[2026-04-29T12:34:21.877+0200] {processor.py:830} INFO - Processing file /Users/pablofrancoherrero/prueba_tecnica/venv/lib/python3.11/site-packages/airflow/example_dags/example_skip_dag.py for tasks to queue
[2026-04-29T12:34:21.878+0200] {logging_mixin.py:188} INFO - [2026-04-29T12:34:21.878+0200] {dagbag.py:540} INFO - Filling up the DagBag from /Users/pablofrancoherrero/prueba_tecnica/venv/lib/python3.11/site-packages/airflow/example_dags/example_skip_dag.py
[2026-04-29T12:34:21.880+0200] {processor.py:840} INFO - DAG(s) 'example_skip_dag' retrieved from /Users/pablofrancoherrero/prueba_tecnica/venv/lib/python3.11/site-packages/airflow/example_dags/example_skip_dag.py
[2026-04-29T12:34:21.907+0200] {logging_mixin.py:188} INFO - [2026-04-29T12:34:21.907+0200] {dag.py:3096} INFO - Sync 1 DAGs
[2026-04-29T12:34:21.912+0200] {logging_mixin.py:188} INFO - [2026-04-29T12:34:21.912+0200] {dag.py:3954} INFO - Setting next_dagrun for example_skip_dag to 2026-04-28 00:00:00+00:00, run_after=2026-04-29 00:00:00+00:00
[2026-04-29T12:34:21.917+0200] {processor.py:183} INFO - Processing /Users/pablofrancoherrero/prueba_tecnica/venv/lib/python3.11/site-packages/airflow/example_dags/example_skip_dag.py took 0.041 seconds
[2026-04-29T12:35:44.183+0200] {processor.py:161} INFO - Started process (PID=85854) to work on /Users/pablofrancoherrero/prueba_tecnica/venv/lib/python3.11/site-packages/airflow/example_dags/example_skip_dag.py
[2026-04-29T12:35:44.184+0200] {processor.py:830} INFO - Processing file /Users/pablofrancoherrero/prueba_tecnica/venv/lib/python3.11/site-packages/airflow/example_dags/example_skip_dag.py for tasks to queue
[2026-04-29T12:35:44.184+0200] {logging_mixin.py:188} INFO - [2026-04-29T12:35:44.184+0200] {dagbag.py:540} INFO - Filling up the DagBag from /Users/pablofrancoherrero/prueba_tecnica/venv/lib/python3.11/site-packages/airflow/example_dags/example_skip_dag.py
[2026-04-29T12:35:44.187+0200] {processor.py:840} INFO - DAG(s) 'example_skip_dag' retrieved from /Users/pablofrancoherrero/prueba_tecnica/venv/lib/python3.11/site-packages/airflow/example_dags/example_skip_dag.py
[2026-04-29T12:35:44.213+0200] {logging_mixin.py:188} INFO - [2026-04-29T12:35:44.213+0200] {dag.py:3096} INFO - Sync 1 DAGs
[2026-04-29T12:35:44.217+0200] {logging_mixin.py:188} INFO - [2026-04-29T12:35:44.217+0200] {dag.py:3954} INFO - Setting next_dagrun for example_skip_dag to 2026-04-28 00:00:00+00:00, run_after=2026-04-29 00:00:00+00:00
[2026-04-29T12:35:44.222+0200] {processor.py:183} INFO - Processing /Users/pablofrancoherrero/prueba_tecnica/venv/lib/python3.11/site-packages/airflow/example_dags/example_skip_dag.py took 0.040 seconds
[2026-04-29T12:37:05.072+0200] {processor.py:161} INFO - Started process (PID=85947) to work on /Users/pablofrancoherrero/prueba_tecnica/venv/lib/python3.11/site-packages/airflow/example_dags/example_skip_dag.py
[2026-04-29T12:37:05.074+0200] {processor.py:830} INFO - Processing file /Users/pablofrancoherrero/prueba_tecnica/venv/lib/python3.11/site-packages/airflow/example_dags/example_skip_dag.py for tasks to queue
[2026-04-29T12:37:05.074+0200] {logging_mixin.py:188} INFO - [2026-04-29T12:37:05.074+0200] {dagbag.py:540} INFO - Filling up the DagBag from /Users/pablofrancoherrero/prueba_tecnica/venv/lib/python3.11/site-packages/airflow/example_dags/example_skip_dag.py
[2026-04-29T12:37:05.076+0200] {processor.py:840} INFO - DAG(s) 'example_skip_dag' retrieved from /Users/pablofrancoherrero/prueba_tecnica/venv/lib/python3.11/site-packages/airflow/example_dags/example_skip_dag.py
[2026-04-29T12:37:05.103+0200] {logging_mixin.py:188} INFO - [2026-04-29T12:37:05.102+0200] {dag.py:3096} INFO - Sync 1 DAGs
[2026-04-29T12:37:05.107+0200] {logging_mixin.py:188} INFO - [2026-04-29T12:37:05.107+0200] {dag.py:3954} INFO - Setting next_dagrun for example_skip_dag to 2026-04-28 00:00:00+00:00, run_after=2026-04-29 00:00:00+00:00
[2026-04-29T12:37:05.112+0200] {processor.py:183} INFO - Processing /Users/pablofrancoherrero/prueba_tecnica/venv/lib/python3.11/site-packages/airflow/example_dags/example_skip_dag.py took 0.040 seconds
[2026-04-29T12:38:24.018+0200] {processor.py:161} INFO - Started process (PID=86041) to work on /Users/pablofrancoherrero/prueba_tecnica/venv/lib/python3.11/site-packages/airflow/example_dags/example_skip_dag.py
[2026-04-29T12:38:24.019+0200] {processor.py:830} INFO - Processing file /Users/pablofrancoherrero/prueba_tecnica/venv/lib/python3.11/site-packages/airflow/example_dags/example_skip_dag.py for tasks to queue
[2026-04-29T12:38:24.019+0200] {logging_mixin.py:188} INFO - [2026-04-29T12:38:24.019+0200] {dagbag.py:540} INFO - Filling up the DagBag from /Users/pablofrancoherrero/prueba_tecnica/venv/lib/python3.11/site-packages/airflow/example_dags/example_skip_dag.py
[2026-04-29T12:38:24.021+0200] {processor.py:840} INFO - DAG(s) 'example_skip_dag' retrieved from /Users/pablofrancoherrero/prueba_tecnica/venv/lib/python3.11/site-packages/airflow/example_dags/example_skip_dag.py
[2026-04-29T12:38:24.047+0200] {logging_mixin.py:188} INFO - [2026-04-29T12:38:24.047+0200] {dag.py:3096} INFO - Sync 1 DAGs
[2026-04-29T12:38:24.052+0200] {logging_mixin.py:188} INFO - [2026-04-29T12:38:24.052+0200] {dag.py:3954} INFO - Setting next_dagrun for example_skip_dag to 2026-04-28 00:00:00+00:00, run_after=2026-04-29 00:00:00+00:00
[2026-04-29T12:38:24.057+0200] {processor.py:183} INFO - Processing /Users/pablofrancoherrero/prueba_tecnica/venv/lib/python3.11/site-packages/airflow/example_dags/example_skip_dag.py took 0.039 seconds
[2026-04-29T12:39:47.173+0200] {processor.py:161} INFO - Started process (PID=86163) to work on /Users/pablofrancoherrero/prueba_tecnica/venv/lib/python3.11/site-packages/airflow/example_dags/example_skip_dag.py
[2026-04-29T12:39:47.174+0200] {processor.py:830} INFO - Processing file /Users/pablofrancoherrero/prueba_tecnica/venv/lib/python3.11/site-packages/airflow/example_dags/example_skip_dag.py for tasks to queue
[2026-04-29T12:39:47.174+0200] {logging_mixin.py:188} INFO - [2026-04-29T12:39:47.174+0200] {dagbag.py:540} INFO - Filling up the DagBag from /Users/pablofrancoherrero/prueba_tecnica/venv/lib/python3.11/site-packages/airflow/example_dags/example_skip_dag.py
[2026-04-29T12:39:47.176+0200] {processor.py:840} INFO - DAG(s) 'example_skip_dag' retrieved from /Users/pablofrancoherrero/prueba_tecnica/venv/lib/python3.11/site-packages/airflow/example_dags/example_skip_dag.py
[2026-04-29T12:39:47.203+0200] {logging_mixin.py:188} INFO - [2026-04-29T12:39:47.203+0200] {dag.py:3096} INFO - Sync 1 DAGs
[2026-04-29T12:39:47.208+0200] {logging_mixin.py:188} INFO - [2026-04-29T12:39:47.208+0200] {dag.py:3954} INFO - Setting next_dagrun for example_skip_dag to 2026-04-28 00:00:00+00:00, run_after=2026-04-29 00:00:00+00:00
[2026-04-29T12:39:47.213+0200] {processor.py:183} INFO - Processing /Users/pablofrancoherrero/prueba_tecnica/venv/lib/python3.11/site-packages/airflow/example_dags/example_skip_dag.py took 0.041 seconds
[2026-04-29T12:41:07.921+0200] {processor.py:161} INFO - Started process (PID=86351) to work on /Users/pablofrancoherrero/prueba_tecnica/venv/lib/python3.11/site-packages/airflow/example_dags/example_skip_dag.py
[2026-04-29T12:41:07.922+0200] {processor.py:830} INFO - Processing file /Users/pablofrancoherrero/prueba_tecnica/venv/lib/python3.11/site-packages/airflow/example_dags/example_skip_dag.py for tasks to queue
[2026-04-29T12:41:07.922+0200] {logging_mixin.py:188} INFO - [2026-04-29T12:41:07.922+0200] {dagbag.py:540} INFO - Filling up the DagBag from /Users/pablofrancoherrero/prueba_tecnica/venv/lib/python3.11/site-packages/airflow/example_dags/example_skip_dag.py
[2026-04-29T12:41:07.924+0200] {processor.py:840} INFO - DAG(s) 'example_skip_dag' retrieved from /Users/pablofrancoherrero/prueba_tecnica/venv/lib/python3.11/site-packages/airflow/example_dags/example_skip_dag.py
[2026-04-29T12:41:07.952+0200] {logging_mixin.py:188} INFO - [2026-04-29T12:41:07.952+0200] {dag.py:3096} INFO - Sync 1 DAGs
[2026-04-29T12:41:07.956+0200] {logging_mixin.py:188} INFO - [2026-04-29T12:41:07.956+0200] {dag.py:3954} INFO - Setting next_dagrun for example_skip_dag to 2026-04-28 00:00:00+00:00, run_after=2026-04-29 00:00:00+00:00
[2026-04-29T12:41:07.961+0200] {processor.py:183} INFO - Processing /Users/pablofrancoherrero/prueba_tecnica/venv/lib/python3.11/site-packages/airflow/example_dags/example_skip_dag.py took 0.041 seconds
[2026-04-29T12:42:30.430+0200] {processor.py:161} INFO - Started process (PID=86466) to work on /Users/pablofrancoherrero/prueba_tecnica/venv/lib/python3.11/site-packages/airflow/example_dags/example_skip_dag.py
[2026-04-29T12:42:30.431+0200] {processor.py:830} INFO - Processing file /Users/pablofrancoherrero/prueba_tecnica/venv/lib/python3.11/site-packages/airflow/example_dags/example_skip_dag.py for tasks to queue
[2026-04-29T12:42:30.431+0200] {logging_mixin.py:188} INFO - [2026-04-29T12:42:30.431+0200] {dagbag.py:540} INFO - Filling up the DagBag from /Users/pablofrancoherrero/prueba_tecnica/venv/lib/python3.11/site-packages/airflow/example_dags/example_skip_dag.py
[2026-04-29T12:42:30.433+0200] {processor.py:840} INFO - DAG(s) 'example_skip_dag' retrieved from /Users/pablofrancoherrero/prueba_tecnica/venv/lib/python3.11/site-packages/airflow/example_dags/example_skip_dag.py
[2026-04-29T12:42:30.460+0200] {logging_mixin.py:188} INFO - [2026-04-29T12:42:30.460+0200] {dag.py:3096} INFO - Sync 1 DAGs
[2026-04-29T12:42:30.464+0200] {logging_mixin.py:188} INFO - [2026-04-29T12:42:30.464+0200] {dag.py:3954} INFO - Setting next_dagrun for example_skip_dag to 2026-04-28 00:00:00+00:00, run_after=2026-04-29 00:00:00+00:00
[2026-04-29T12:42:30.469+0200] {processor.py:183} INFO - Processing /Users/pablofrancoherrero/prueba_tecnica/venv/lib/python3.11/site-packages/airflow/example_dags/example_skip_dag.py took 0.040 seconds
[2026-04-29T12:43:51.359+0200] {processor.py:161} INFO - Started process (PID=86541) to work on /Users/pablofrancoherrero/prueba_tecnica/venv/lib/python3.11/site-packages/airflow/example_dags/example_skip_dag.py
[2026-04-29T12:43:51.359+0200] {processor.py:830} INFO - Processing file /Users/pablofrancoherrero/prueba_tecnica/venv/lib/python3.11/site-packages/airflow/example_dags/example_skip_dag.py for tasks to queue
[2026-04-29T12:43:51.360+0200] {logging_mixin.py:188} INFO - [2026-04-29T12:43:51.360+0200] {dagbag.py:540} INFO - Filling up the DagBag from /Users/pablofrancoherrero/prueba_tecnica/venv/lib/python3.11/site-packages/airflow/example_dags/example_skip_dag.py
[2026-04-29T12:43:51.362+0200] {processor.py:840} INFO - DAG(s) 'example_skip_dag' retrieved from /Users/pablofrancoherrero/prueba_tecnica/venv/lib/python3.11/site-packages/airflow/example_dags/example_skip_dag.py
[2026-04-29T12:43:51.389+0200] {logging_mixin.py:188} INFO - [2026-04-29T12:43:51.389+0200] {dag.py:3096} INFO - Sync 1 DAGs
[2026-04-29T12:43:51.393+0200] {logging_mixin.py:188} INFO - [2026-04-29T12:43:51.393+0200] {dag.py:3954} INFO - Setting next_dagrun for example_skip_dag to 2026-04-28 00:00:00+00:00, run_after=2026-04-29 00:00:00+00:00
[2026-04-29T12:43:51.399+0200] {processor.py:183} INFO - Processing /Users/pablofrancoherrero/prueba_tecnica/venv/lib/python3.11/site-packages/airflow/example_dags/example_skip_dag.py took 0.041 seconds
[2026-04-29T12:45:12.837+0200] {processor.py:161} INFO - Started process (PID=86633) to work on /Users/pablofrancoherrero/prueba_tecnica/venv/lib/python3.11/site-packages/airflow/example_dags/example_skip_dag.py
[2026-04-29T12:45:12.838+0200] {processor.py:830} INFO - Processing file /Users/pablofrancoherrero/prueba_tecnica/venv/lib/python3.11/site-packages/airflow/example_dags/example_skip_dag.py for tasks to queue
[2026-04-29T12:45:12.838+0200] {logging_mixin.py:188} INFO - [2026-04-29T12:45:12.838+0200] {dagbag.py:540} INFO - Filling up the DagBag from /Users/pablofrancoherrero/prueba_tecnica/venv/lib/python3.11/site-packages/airflow/example_dags/example_skip_dag.py
[2026-04-29T12:45:12.840+0200] {processor.py:840} INFO - DAG(s) 'example_skip_dag' retrieved from /Users/pablofrancoherrero/prueba_tecnica/venv/lib/python3.11/site-packages/airflow/example_dags/example_skip_dag.py
[2026-04-29T12:45:12.867+0200] {logging_mixin.py:188} INFO - [2026-04-29T12:45:12.867+0200] {dag.py:3096} INFO - Sync 1 DAGs
[2026-04-29T12:45:12.872+0200] {logging_mixin.py:188} INFO - [2026-04-29T12:45:12.872+0200] {dag.py:3954} INFO - Setting next_dagrun for example_skip_dag to 2026-04-28 00:00:00+00:00, run_after=2026-04-29 00:00:00+00:00
[2026-04-29T12:45:12.877+0200] {processor.py:183} INFO - Processing /Users/pablofrancoherrero/prueba_tecnica/venv/lib/python3.11/site-packages/airflow/example_dags/example_skip_dag.py took 0.041 seconds
[2026-04-29T12:46:34.674+0200] {processor.py:161} INFO - Started process (PID=86714) to work on /Users/pablofrancoherrero/prueba_tecnica/venv/lib/python3.11/site-packages/airflow/example_dags/example_skip_dag.py
[2026-04-29T12:46:34.675+0200] {processor.py:830} INFO - Processing file /Users/pablofrancoherrero/prueba_tecnica/venv/lib/python3.11/site-packages/airflow/example_dags/example_skip_dag.py for tasks to queue
[2026-04-29T12:46:34.676+0200] {logging_mixin.py:188} INFO - [2026-04-29T12:46:34.676+0200] {dagbag.py:540} INFO - Filling up the DagBag from /Users/pablofrancoherrero/prueba_tecnica/venv/lib/python3.11/site-packages/airflow/example_dags/example_skip_dag.py
[2026-04-29T12:46:34.678+0200] {processor.py:840} INFO - DAG(s) 'example_skip_dag' retrieved from /Users/pablofrancoherrero/prueba_tecnica/venv/lib/python3.11/site-packages/airflow/example_dags/example_skip_dag.py
[2026-04-29T12:46:34.705+0200] {logging_mixin.py:188} INFO - [2026-04-29T12:46:34.705+0200] {dag.py:3096} INFO - Sync 1 DAGs
[2026-04-29T12:46:34.710+0200] {logging_mixin.py:188} INFO - [2026-04-29T12:46:34.710+0200] {dag.py:3954} INFO - Setting next_dagrun for example_skip_dag to 2026-04-28 00:00:00+00:00, run_after=2026-04-29 00:00:00+00:00
[2026-04-29T12:46:34.715+0200] {processor.py:183} INFO - Processing /Users/pablofrancoherrero/prueba_tecnica/venv/lib/python3.11/site-packages/airflow/example_dags/example_skip_dag.py took 0.042 seconds
[2026-04-29T12:47:57.987+0200] {processor.py:161} INFO - Started process (PID=86796) to work on /Users/pablofrancoherrero/prueba_tecnica/venv/lib/python3.11/site-packages/airflow/example_dags/example_skip_dag.py
[2026-04-29T12:47:57.987+0200] {processor.py:830} INFO - Processing file /Users/pablofrancoherrero/prueba_tecnica/venv/lib/python3.11/site-packages/airflow/example_dags/example_skip_dag.py for tasks to queue
[2026-04-29T12:47:57.988+0200] {logging_mixin.py:188} INFO - [2026-04-29T12:47:57.988+0200] {dagbag.py:540} INFO - Filling up the DagBag from /Users/pablofrancoherrero/prueba_tecnica/venv/lib/python3.11/site-packages/airflow/example_dags/example_skip_dag.py
[2026-04-29T12:47:57.990+0200] {processor.py:840} INFO - DAG(s) 'example_skip_dag' retrieved from /Users/pablofrancoherrero/prueba_tecnica/venv/lib/python3.11/site-packages/airflow/example_dags/example_skip_dag.py
[2026-04-29T12:47:58.017+0200] {logging_mixin.py:188} INFO - [2026-04-29T12:47:58.017+0200] {dag.py:3096} INFO - Sync 1 DAGs
[2026-04-29T12:47:58.022+0200] {logging_mixin.py:188} INFO - [2026-04-29T12:47:58.022+0200] {dag.py:3954} INFO - Setting next_dagrun for example_skip_dag to 2026-04-28 00:00:00+00:00, run_after=2026-04-29 00:00:00+00:00
[2026-04-29T12:47:58.027+0200] {processor.py:183} INFO - Processing /Users/pablofrancoherrero/prueba_tecnica/venv/lib/python3.11/site-packages/airflow/example_dags/example_skip_dag.py took 0.042 seconds
[2026-04-29T12:49:28.748+0200] {processor.py:161} INFO - Started process (PID=86939) to work on /Users/pablofrancoherrero/prueba_tecnica/venv/lib/python3.11/site-packages/airflow/example_dags/example_skip_dag.py
[2026-04-29T12:49:28.749+0200] {processor.py:830} INFO - Processing file /Users/pablofrancoherrero/prueba_tecnica/venv/lib/python3.11/site-packages/airflow/example_dags/example_skip_dag.py for tasks to queue
[2026-04-29T12:49:28.749+0200] {logging_mixin.py:188} INFO - [2026-04-29T12:49:28.749+0200] {dagbag.py:540} INFO - Filling up the DagBag from /Users/pablofrancoherrero/prueba_tecnica/venv/lib/python3.11/site-packages/airflow/example_dags/example_skip_dag.py
[2026-04-29T12:49:28.752+0200] {processor.py:840} INFO - DAG(s) 'example_skip_dag' retrieved from /Users/pablofrancoherrero/prueba_tecnica/venv/lib/python3.11/site-packages/airflow/example_dags/example_skip_dag.py
[2026-04-29T12:49:28.779+0200] {logging_mixin.py:188} INFO - [2026-04-29T12:49:28.779+0200] {dag.py:3096} INFO - Sync 1 DAGs
[2026-04-29T12:49:28.784+0200] {logging_mixin.py:188} INFO - [2026-04-29T12:49:28.784+0200] {dag.py:3954} INFO - Setting next_dagrun for example_skip_dag to 2026-04-28 00:00:00+00:00, run_after=2026-04-29 00:00:00+00:00
[2026-04-29T12:49:28.789+0200] {processor.py:183} INFO - Processing /Users/pablofrancoherrero/prueba_tecnica/venv/lib/python3.11/site-packages/airflow/example_dags/example_skip_dag.py took 0.042 seconds
[2026-04-29T12:50:53.798+0200] {processor.py:161} INFO - Started process (PID=87047) to work on /Users/pablofrancoherrero/prueba_tecnica/venv/lib/python3.11/site-packages/airflow/example_dags/example_skip_dag.py
[2026-04-29T12:50:53.799+0200] {processor.py:830} INFO - Processing file /Users/pablofrancoherrero/prueba_tecnica/venv/lib/python3.11/site-packages/airflow/example_dags/example_skip_dag.py for tasks to queue
[2026-04-29T12:50:53.799+0200] {logging_mixin.py:188} INFO - [2026-04-29T12:50:53.799+0200] {dagbag.py:540} INFO - Filling up the DagBag from /Users/pablofrancoherrero/prueba_tecnica/venv/lib/python3.11/site-packages/airflow/example_dags/example_skip_dag.py
[2026-04-29T12:50:53.801+0200] {processor.py:840} INFO - DAG(s) 'example_skip_dag' retrieved from /Users/pablofrancoherrero/prueba_tecnica/venv/lib/python3.11/site-packages/airflow/example_dags/example_skip_dag.py
[2026-04-29T12:50:53.828+0200] {logging_mixin.py:188} INFO - [2026-04-29T12:50:53.828+0200] {dag.py:3096} INFO - Sync 1 DAGs
[2026-04-29T12:50:53.833+0200] {logging_mixin.py:188} INFO - [2026-04-29T12:50:53.833+0200] {dag.py:3954} INFO - Setting next_dagrun for example_skip_dag to 2026-04-28 00:00:00+00:00, run_after=2026-04-29 00:00:00+00:00
[2026-04-29T12:50:53.838+0200] {processor.py:183} INFO - Processing /Users/pablofrancoherrero/prueba_tecnica/venv/lib/python3.11/site-packages/airflow/example_dags/example_skip_dag.py took 0.041 seconds
[2026-04-29T12:52:20.041+0200] {processor.py:161} INFO - Started process (PID=87145) to work on /Users/pablofrancoherrero/prueba_tecnica/venv/lib/python3.11/site-packages/airflow/example_dags/example_skip_dag.py
[2026-04-29T12:52:20.042+0200] {processor.py:830} INFO - Processing file /Users/pablofrancoherrero/prueba_tecnica/venv/lib/python3.11/site-packages/airflow/example_dags/example_skip_dag.py for tasks to queue
[2026-04-29T12:52:20.042+0200] {logging_mixin.py:188} INFO - [2026-04-29T12:52:20.042+0200] {dagbag.py:540} INFO - Filling up the DagBag from /Users/pablofrancoherrero/prueba_tecnica/venv/lib/python3.11/site-packages/airflow/example_dags/example_skip_dag.py
[2026-04-29T12:52:20.044+0200] {processor.py:840} INFO - DAG(s) 'example_skip_dag' retrieved from /Users/pablofrancoherrero/prueba_tecnica/venv/lib/python3.11/site-packages/airflow/example_dags/example_skip_dag.py
[2026-04-29T12:52:20.073+0200] {logging_mixin.py:188} INFO - [2026-04-29T12:52:20.072+0200] {dag.py:3096} INFO - Sync 1 DAGs
[2026-04-29T12:52:20.077+0200] {logging_mixin.py:188} INFO - [2026-04-29T12:52:20.077+0200] {dag.py:3954} INFO - Setting next_dagrun for example_skip_dag to 2026-04-28 00:00:00+00:00, run_after=2026-04-29 00:00:00+00:00
[2026-04-29T12:52:20.083+0200] {processor.py:183} INFO - Processing /Users/pablofrancoherrero/prueba_tecnica/venv/lib/python3.11/site-packages/airflow/example_dags/example_skip_dag.py took 0.042 seconds
[2026-04-29T12:53:46.512+0200] {processor.py:161} INFO - Started process (PID=87241) to work on /Users/pablofrancoherrero/prueba_tecnica/venv/lib/python3.11/site-packages/airflow/example_dags/example_skip_dag.py
[2026-04-29T12:53:46.513+0200] {processor.py:830} INFO - Processing file /Users/pablofrancoherrero/prueba_tecnica/venv/lib/python3.11/site-packages/airflow/example_dags/example_skip_dag.py for tasks to queue
[2026-04-29T12:53:46.513+0200] {logging_mixin.py:188} INFO - [2026-04-29T12:53:46.513+0200] {dagbag.py:540} INFO - Filling up the DagBag from /Users/pablofrancoherrero/prueba_tecnica/venv/lib/python3.11/site-packages/airflow/example_dags/example_skip_dag.py
[2026-04-29T12:53:46.515+0200] {processor.py:840} INFO - DAG(s) 'example_skip_dag' retrieved from /Users/pablofrancoherrero/prueba_tecnica/venv/lib/python3.11/site-packages/airflow/example_dags/example_skip_dag.py
[2026-04-29T12:53:46.543+0200] {logging_mixin.py:188} INFO - [2026-04-29T12:53:46.543+0200] {dag.py:3096} INFO - Sync 1 DAGs
[2026-04-29T12:53:46.548+0200] {logging_mixin.py:188} INFO - [2026-04-29T12:53:46.547+0200] {dag.py:3954} INFO - Setting next_dagrun for example_skip_dag to 2026-04-28 00:00:00+00:00, run_after=2026-04-29 00:00:00+00:00
[2026-04-29T12:53:46.553+0200] {processor.py:183} INFO - Processing /Users/pablofrancoherrero/prueba_tecnica/venv/lib/python3.11/site-packages/airflow/example_dags/example_skip_dag.py took 0.042 seconds
[2026-04-29T12:55:12.566+0200] {processor.py:161} INFO - Started process (PID=87344) to work on /Users/pablofrancoherrero/prueba_tecnica/venv/lib/python3.11/site-packages/airflow/example_dags/example_skip_dag.py
[2026-04-29T12:55:12.567+0200] {processor.py:830} INFO - Processing file /Users/pablofrancoherrero/prueba_tecnica/venv/lib/python3.11/site-packages/airflow/example_dags/example_skip_dag.py for tasks to queue
[2026-04-29T12:55:12.567+0200] {logging_mixin.py:188} INFO - [2026-04-29T12:55:12.567+0200] {dagbag.py:540} INFO - Filling up the DagBag from /Users/pablofrancoherrero/prueba_tecnica/venv/lib/python3.11/site-packages/airflow/example_dags/example_skip_dag.py
[2026-04-29T12:55:12.570+0200] {processor.py:840} INFO - DAG(s) 'example_skip_dag' retrieved from /Users/pablofrancoherrero/prueba_tecnica/venv/lib/python3.11/site-packages/airflow/example_dags/example_skip_dag.py
[2026-04-29T12:55:12.596+0200] {logging_mixin.py:188} INFO - [2026-04-29T12:55:12.596+0200] {dag.py:3096} INFO - Sync 1 DAGs
[2026-04-29T12:55:12.601+0200] {logging_mixin.py:188} INFO - [2026-04-29T12:55:12.601+0200] {dag.py:3954} INFO - Setting next_dagrun for example_skip_dag to 2026-04-28 00:00:00+00:00, run_after=2026-04-29 00:00:00+00:00
[2026-04-29T12:55:12.606+0200] {processor.py:183} INFO - Processing /Users/pablofrancoherrero/prueba_tecnica/venv/lib/python3.11/site-packages/airflow/example_dags/example_skip_dag.py took 0.041 seconds
[2026-04-29T12:56:37.592+0200] {processor.py:161} INFO - Started process (PID=87484) to work on /Users/pablofrancoherrero/prueba_tecnica/venv/lib/python3.11/site-packages/airflow/example_dags/example_skip_dag.py
[2026-04-29T12:56:37.593+0200] {processor.py:830} INFO - Processing file /Users/pablofrancoherrero/prueba_tecnica/venv/lib/python3.11/site-packages/airflow/example_dags/example_skip_dag.py for tasks to queue
[2026-04-29T12:56:37.593+0200] {logging_mixin.py:188} INFO - [2026-04-29T12:56:37.593+0200] {dagbag.py:540} INFO - Filling up the DagBag from /Users/pablofrancoherrero/prueba_tecnica/venv/lib/python3.11/site-packages/airflow/example_dags/example_skip_dag.py
[2026-04-29T12:56:37.595+0200] {processor.py:840} INFO - DAG(s) 'example_skip_dag' retrieved from /Users/pablofrancoherrero/prueba_tecnica/venv/lib/python3.11/site-packages/airflow/example_dags/example_skip_dag.py
[2026-04-29T12:56:37.623+0200] {logging_mixin.py:188} INFO - [2026-04-29T12:56:37.623+0200] {dag.py:3096} INFO - Sync 1 DAGs
[2026-04-29T12:56:37.628+0200] {logging_mixin.py:188} INFO - [2026-04-29T12:56:37.628+0200] {dag.py:3954} INFO - Setting next_dagrun for example_skip_dag to 2026-04-28 00:00:00+00:00, run_after=2026-04-29 00:00:00+00:00
[2026-04-29T12:56:37.633+0200] {processor.py:183} INFO - Processing /Users/pablofrancoherrero/prueba_tecnica/venv/lib/python3.11/site-packages/airflow/example_dags/example_skip_dag.py took 0.042 seconds
[2026-04-29T12:58:03.373+0200] {processor.py:161} INFO - Started process (PID=87574) to work on /Users/pablofrancoherrero/prueba_tecnica/venv/lib/python3.11/site-packages/airflow/example_dags/example_skip_dag.py
[2026-04-29T12:58:03.374+0200] {processor.py:830} INFO - Processing file /Users/pablofrancoherrero/prueba_tecnica/venv/lib/python3.11/site-packages/airflow/example_dags/example_skip_dag.py for tasks to queue
[2026-04-29T12:58:03.374+0200] {logging_mixin.py:188} INFO - [2026-04-29T12:58:03.374+0200] {dagbag.py:540} INFO - Filling up the DagBag from /Users/pablofrancoherrero/prueba_tecnica/venv/lib/python3.11/site-packages/airflow/example_dags/example_skip_dag.py
[2026-04-29T12:58:03.376+0200] {processor.py:840} INFO - DAG(s) 'example_skip_dag' retrieved from /Users/pablofrancoherrero/prueba_tecnica/venv/lib/python3.11/site-packages/airflow/example_dags/example_skip_dag.py
[2026-04-29T12:58:03.404+0200] {logging_mixin.py:188} INFO - [2026-04-29T12:58:03.404+0200] {dag.py:3096} INFO - Sync 1 DAGs
[2026-04-29T12:58:03.408+0200] {logging_mixin.py:188} INFO - [2026-04-29T12:58:03.408+0200] {dag.py:3954} INFO - Setting next_dagrun for example_skip_dag to 2026-04-28 00:00:00+00:00, run_after=2026-04-29 00:00:00+00:00
[2026-04-29T12:58:03.414+0200] {processor.py:183} INFO - Processing /Users/pablofrancoherrero/prueba_tecnica/venv/lib/python3.11/site-packages/airflow/example_dags/example_skip_dag.py took 0.041 seconds
[2026-04-29T12:59:27.971+0200] {processor.py:161} INFO - Started process (PID=87666) to work on /Users/pablofrancoherrero/prueba_tecnica/venv/lib/python3.11/site-packages/airflow/example_dags/example_skip_dag.py
[2026-04-29T12:59:27.972+0200] {processor.py:830} INFO - Processing file /Users/pablofrancoherrero/prueba_tecnica/venv/lib/python3.11/site-packages/airflow/example_dags/example_skip_dag.py for tasks to queue
[2026-04-29T12:59:27.973+0200] {logging_mixin.py:188} INFO - [2026-04-29T12:59:27.973+0200] {dagbag.py:540} INFO - Filling up the DagBag from /Users/pablofrancoherrero/prueba_tecnica/venv/lib/python3.11/site-packages/airflow/example_dags/example_skip_dag.py
[2026-04-29T12:59:27.975+0200] {processor.py:840} INFO - DAG(s) 'example_skip_dag' retrieved from /Users/pablofrancoherrero/prueba_tecnica/venv/lib/python3.11/site-packages/airflow/example_dags/example_skip_dag.py
[2026-04-29T12:59:28.002+0200] {logging_mixin.py:188} INFO - [2026-04-29T12:59:28.002+0200] {dag.py:3096} INFO - Sync 1 DAGs
[2026-04-29T12:59:28.007+0200] {logging_mixin.py:188} INFO - [2026-04-29T12:59:28.007+0200] {dag.py:3954} INFO - Setting next_dagrun for example_skip_dag to 2026-04-28 00:00:00+00:00, run_after=2026-04-29 00:00:00+00:00
[2026-04-29T12:59:28.012+0200] {processor.py:183} INFO - Processing /Users/pablofrancoherrero/prueba_tecnica/venv/lib/python3.11/site-packages/airflow/example_dags/example_skip_dag.py took 0.042 seconds
[2026-04-29T13:00:51.424+0200] {processor.py:161} INFO - Started process (PID=87763) to work on /Users/pablofrancoherrero/prueba_tecnica/venv/lib/python3.11/site-packages/airflow/example_dags/example_skip_dag.py
[2026-04-29T13:00:51.424+0200] {processor.py:830} INFO - Processing file /Users/pablofrancoherrero/prueba_tecnica/venv/lib/python3.11/site-packages/airflow/example_dags/example_skip_dag.py for tasks to queue
[2026-04-29T13:00:51.425+0200] {logging_mixin.py:188} INFO - [2026-04-29T13:00:51.424+0200] {dagbag.py:540} INFO - Filling up the DagBag from /Users/pablofrancoherrero/prueba_tecnica/venv/lib/python3.11/site-packages/airflow/example_dags/example_skip_dag.py
[2026-04-29T13:00:51.427+0200] {processor.py:840} INFO - DAG(s) 'example_skip_dag' retrieved from /Users/pablofrancoherrero/prueba_tecnica/venv/lib/python3.11/site-packages/airflow/example_dags/example_skip_dag.py
[2026-04-29T13:00:51.455+0200] {logging_mixin.py:188} INFO - [2026-04-29T13:00:51.454+0200] {dag.py:3096} INFO - Sync 1 DAGs
[2026-04-29T13:00:51.459+0200] {logging_mixin.py:188} INFO - [2026-04-29T13:00:51.459+0200] {dag.py:3954} INFO - Setting next_dagrun for example_skip_dag to 2026-04-28 00:00:00+00:00, run_after=2026-04-29 00:00:00+00:00
[2026-04-29T13:00:51.464+0200] {processor.py:183} INFO - Processing /Users/pablofrancoherrero/prueba_tecnica/venv/lib/python3.11/site-packages/airflow/example_dags/example_skip_dag.py took 0.041 seconds
[2026-04-29T13:02:11.862+0200] {processor.py:161} INFO - Started process (PID=87877) to work on /Users/pablofrancoherrero/prueba_tecnica/venv/lib/python3.11/site-packages/airflow/example_dags/example_skip_dag.py
[2026-04-29T13:02:11.862+0200] {processor.py:830} INFO - Processing file /Users/pablofrancoherrero/prueba_tecnica/venv/lib/python3.11/site-packages/airflow/example_dags/example_skip_dag.py for tasks to queue
[2026-04-29T13:02:11.863+0200] {logging_mixin.py:188} INFO - [2026-04-29T13:02:11.863+0200] {dagbag.py:540} INFO - Filling up the DagBag from /Users/pablofrancoherrero/prueba_tecnica/venv/lib/python3.11/site-packages/airflow/example_dags/example_skip_dag.py
[2026-04-29T13:02:11.866+0200] {processor.py:840} INFO - DAG(s) 'example_skip_dag' retrieved from /Users/pablofrancoherrero/prueba_tecnica/venv/lib/python3.11/site-packages/airflow/example_dags/example_skip_dag.py
[2026-04-29T13:02:11.900+0200] {logging_mixin.py:188} INFO - [2026-04-29T13:02:11.900+0200] {dag.py:3096} INFO - Sync 1 DAGs
[2026-04-29T13:02:11.906+0200] {logging_mixin.py:188} INFO - [2026-04-29T13:02:11.906+0200] {dag.py:3954} INFO - Setting next_dagrun for example_skip_dag to 2026-04-28 00:00:00+00:00, run_after=2026-04-29 00:00:00+00:00
[2026-04-29T13:02:11.914+0200] {processor.py:183} INFO - Processing /Users/pablofrancoherrero/prueba_tecnica/venv/lib/python3.11/site-packages/airflow/example_dags/example_skip_dag.py took 0.053 seconds
[2026-04-29T13:03:38.283+0200] {processor.py:161} INFO - Started process (PID=88006) to work on /Users/pablofrancoherrero/prueba_tecnica/venv/lib/python3.11/site-packages/airflow/example_dags/example_skip_dag.py
[2026-04-29T13:03:38.284+0200] {processor.py:830} INFO - Processing file /Users/pablofrancoherrero/prueba_tecnica/venv/lib/python3.11/site-packages/airflow/example_dags/example_skip_dag.py for tasks to queue
[2026-04-29T13:03:38.284+0200] {logging_mixin.py:188} INFO - [2026-04-29T13:03:38.284+0200] {dagbag.py:540} INFO - Filling up the DagBag from /Users/pablofrancoherrero/prueba_tecnica/venv/lib/python3.11/site-packages/airflow/example_dags/example_skip_dag.py
[2026-04-29T13:03:38.287+0200] {processor.py:840} INFO - DAG(s) 'example_skip_dag' retrieved from /Users/pablofrancoherrero/prueba_tecnica/venv/lib/python3.11/site-packages/airflow/example_dags/example_skip_dag.py
[2026-04-29T13:03:38.313+0200] {logging_mixin.py:188} INFO - [2026-04-29T13:03:38.313+0200] {dag.py:3096} INFO - Sync 1 DAGs
[2026-04-29T13:03:38.318+0200] {logging_mixin.py:188} INFO - [2026-04-29T13:03:38.318+0200] {dag.py:3954} INFO - Setting next_dagrun for example_skip_dag to 2026-04-28 00:00:00+00:00, run_after=2026-04-29 00:00:00+00:00
[2026-04-29T13:03:38.323+0200] {processor.py:183} INFO - Processing /Users/pablofrancoherrero/prueba_tecnica/venv/lib/python3.11/site-packages/airflow/example_dags/example_skip_dag.py took 0.041 seconds
[2026-04-29T13:05:03.044+0200] {processor.py:161} INFO - Started process (PID=88110) to work on /Users/pablofrancoherrero/prueba_tecnica/venv/lib/python3.11/site-packages/airflow/example_dags/example_skip_dag.py
[2026-04-29T13:05:03.045+0200] {processor.py:830} INFO - Processing file /Users/pablofrancoherrero/prueba_tecnica/venv/lib/python3.11/site-packages/airflow/example_dags/example_skip_dag.py for tasks to queue
[2026-04-29T13:05:03.045+0200] {logging_mixin.py:188} INFO - [2026-04-29T13:05:03.045+0200] {dagbag.py:540} INFO - Filling up the DagBag from /Users/pablofrancoherrero/prueba_tecnica/venv/lib/python3.11/site-packages/airflow/example_dags/example_skip_dag.py
[2026-04-29T13:05:03.047+0200] {processor.py:840} INFO - DAG(s) 'example_skip_dag' retrieved from /Users/pablofrancoherrero/prueba_tecnica/venv/lib/python3.11/site-packages/airflow/example_dags/example_skip_dag.py
[2026-04-29T13:05:03.077+0200] {logging_mixin.py:188} INFO - [2026-04-29T13:05:03.077+0200] {dag.py:3096} INFO - Sync 1 DAGs
[2026-04-29T13:05:03.082+0200] {logging_mixin.py:188} INFO - [2026-04-29T13:05:03.082+0200] {dag.py:3954} INFO - Setting next_dagrun for example_skip_dag to 2026-04-28 00:00:00+00:00, run_after=2026-04-29 00:00:00+00:00
[2026-04-29T13:05:03.088+0200] {processor.py:183} INFO - Processing /Users/pablofrancoherrero/prueba_tecnica/venv/lib/python3.11/site-packages/airflow/example_dags/example_skip_dag.py took 0.044 seconds
[2026-04-29T13:06:29.243+0200] {processor.py:161} INFO - Started process (PID=88232) to work on /Users/pablofrancoherrero/prueba_tecnica/venv/lib/python3.11/site-packages/airflow/example_dags/example_skip_dag.py
[2026-04-29T13:06:29.244+0200] {processor.py:830} INFO - Processing file /Users/pablofrancoherrero/prueba_tecnica/venv/lib/python3.11/site-packages/airflow/example_dags/example_skip_dag.py for tasks to queue
[2026-04-29T13:06:29.244+0200] {logging_mixin.py:188} INFO - [2026-04-29T13:06:29.244+0200] {dagbag.py:540} INFO - Filling up the DagBag from /Users/pablofrancoherrero/prueba_tecnica/venv/lib/python3.11/site-packages/airflow/example_dags/example_skip_dag.py
[2026-04-29T13:06:29.247+0200] {processor.py:840} INFO - DAG(s) 'example_skip_dag' retrieved from /Users/pablofrancoherrero/prueba_tecnica/venv/lib/python3.11/site-packages/airflow/example_dags/example_skip_dag.py
[2026-04-29T13:06:29.273+0200] {logging_mixin.py:188} INFO - [2026-04-29T13:06:29.273+0200] {dag.py:3096} INFO - Sync 1 DAGs
[2026-04-29T13:06:29.278+0200] {logging_mixin.py:188} INFO - [2026-04-29T13:06:29.278+0200] {dag.py:3954} INFO - Setting next_dagrun for example_skip_dag to 2026-04-28 00:00:00+00:00, run_after=2026-04-29 00:00:00+00:00
[2026-04-29T13:06:29.283+0200] {processor.py:183} INFO - Processing /Users/pablofrancoherrero/prueba_tecnica/venv/lib/python3.11/site-packages/airflow/example_dags/example_skip_dag.py took 0.041 seconds
[2026-04-29T13:07:54.257+0200] {processor.py:161} INFO - Started process (PID=88330) to work on /Users/pablofrancoherrero/prueba_tecnica/venv/lib/python3.11/site-packages/airflow/example_dags/example_skip_dag.py
[2026-04-29T13:07:54.258+0200] {processor.py:830} INFO - Processing file /Users/pablofrancoherrero/prueba_tecnica/venv/lib/python3.11/site-packages/airflow/example_dags/example_skip_dag.py for tasks to queue
[2026-04-29T13:07:54.258+0200] {logging_mixin.py:188} INFO - [2026-04-29T13:07:54.258+0200] {dagbag.py:540} INFO - Filling up the DagBag from /Users/pablofrancoherrero/prueba_tecnica/venv/lib/python3.11/site-packages/airflow/example_dags/example_skip_dag.py
[2026-04-29T13:07:54.261+0200] {processor.py:840} INFO - DAG(s) 'example_skip_dag' retrieved from /Users/pablofrancoherrero/prueba_tecnica/venv/lib/python3.11/site-packages/airflow/example_dags/example_skip_dag.py
[2026-04-29T13:07:54.288+0200] {logging_mixin.py:188} INFO - [2026-04-29T13:07:54.288+0200] {dag.py:3096} INFO - Sync 1 DAGs
[2026-04-29T13:07:54.295+0200] {logging_mixin.py:188} INFO - [2026-04-29T13:07:54.295+0200] {dag.py:3954} INFO - Setting next_dagrun for example_skip_dag to 2026-04-28 00:00:00+00:00, run_after=2026-04-29 00:00:00+00:00
[2026-04-29T13:07:54.301+0200] {processor.py:183} INFO - Processing /Users/pablofrancoherrero/prueba_tecnica/venv/lib/python3.11/site-packages/airflow/example_dags/example_skip_dag.py took 0.045 seconds
[2026-04-29T13:09:23.292+0200] {processor.py:161} INFO - Started process (PID=88427) to work on /Users/pablofrancoherrero/prueba_tecnica/venv/lib/python3.11/site-packages/airflow/example_dags/example_skip_dag.py
[2026-04-29T13:09:23.293+0200] {processor.py:830} INFO - Processing file /Users/pablofrancoherrero/prueba_tecnica/venv/lib/python3.11/site-packages/airflow/example_dags/example_skip_dag.py for tasks to queue
[2026-04-29T13:09:23.294+0200] {logging_mixin.py:188} INFO - [2026-04-29T13:09:23.294+0200] {dagbag.py:540} INFO - Filling up the DagBag from /Users/pablofrancoherrero/prueba_tecnica/venv/lib/python3.11/site-packages/airflow/example_dags/example_skip_dag.py
[2026-04-29T13:09:23.296+0200] {processor.py:840} INFO - DAG(s) 'example_skip_dag' retrieved from /Users/pablofrancoherrero/prueba_tecnica/venv/lib/python3.11/site-packages/airflow/example_dags/example_skip_dag.py
[2026-04-29T13:09:23.325+0200] {logging_mixin.py:188} INFO - [2026-04-29T13:09:23.325+0200] {dag.py:3096} INFO - Sync 1 DAGs
[2026-04-29T13:09:23.329+0200] {logging_mixin.py:188} INFO - [2026-04-29T13:09:23.329+0200] {dag.py:3954} INFO - Setting next_dagrun for example_skip_dag to 2026-04-28 00:00:00+00:00, run_after=2026-04-29 00:00:00+00:00
[2026-04-29T13:09:23.334+0200] {processor.py:183} INFO - Processing /Users/pablofrancoherrero/prueba_tecnica/venv/lib/python3.11/site-packages/airflow/example_dags/example_skip_dag.py took 0.043 seconds
[2026-04-29T13:10:47.903+0200] {processor.py:161} INFO - Started process (PID=88526) to work on /Users/pablofrancoherrero/prueba_tecnica/venv/lib/python3.11/site-packages/airflow/example_dags/example_skip_dag.py
[2026-04-29T13:10:47.904+0200] {processor.py:830} INFO - Processing file /Users/pablofrancoherrero/prueba_tecnica/venv/lib/python3.11/site-packages/airflow/example_dags/example_skip_dag.py for tasks to queue
[2026-04-29T13:10:47.904+0200] {logging_mixin.py:188} INFO - [2026-04-29T13:10:47.904+0200] {dagbag.py:540} INFO - Filling up the DagBag from /Users/pablofrancoherrero/prueba_tecnica/venv/lib/python3.11/site-packages/airflow/example_dags/example_skip_dag.py
[2026-04-29T13:10:47.906+0200] {processor.py:840} INFO - DAG(s) 'example_skip_dag' retrieved from /Users/pablofrancoherrero/prueba_tecnica/venv/lib/python3.11/site-packages/airflow/example_dags/example_skip_dag.py
[2026-04-29T13:10:47.934+0200] {logging_mixin.py:188} INFO - [2026-04-29T13:10:47.933+0200] {dag.py:3096} INFO - Sync 1 DAGs
[2026-04-29T13:10:47.938+0200] {logging_mixin.py:188} INFO - [2026-04-29T13:10:47.938+0200] {dag.py:3954} INFO - Setting next_dagrun for example_skip_dag to 2026-04-28 00:00:00+00:00, run_after=2026-04-29 00:00:00+00:00
[2026-04-29T13:10:47.943+0200] {processor.py:183} INFO - Processing /Users/pablofrancoherrero/prueba_tecnica/venv/lib/python3.11/site-packages/airflow/example_dags/example_skip_dag.py took 0.041 seconds
[2026-04-29T13:12:12.648+0200] {processor.py:161} INFO - Started process (PID=88623) to work on /Users/pablofrancoherrero/prueba_tecnica/venv/lib/python3.11/site-packages/airflow/example_dags/example_skip_dag.py
[2026-04-29T13:12:12.649+0200] {processor.py:830} INFO - Processing file /Users/pablofrancoherrero/prueba_tecnica/venv/lib/python3.11/site-packages/airflow/example_dags/example_skip_dag.py for tasks to queue
[2026-04-29T13:12:12.649+0200] {logging_mixin.py:188} INFO - [2026-04-29T13:12:12.649+0200] {dagbag.py:540} INFO - Filling up the DagBag from /Users/pablofrancoherrero/prueba_tecnica/venv/lib/python3.11/site-packages/airflow/example_dags/example_skip_dag.py
[2026-04-29T13:12:12.652+0200] {processor.py:840} INFO - DAG(s) 'example_skip_dag' retrieved from /Users/pablofrancoherrero/prueba_tecnica/venv/lib/python3.11/site-packages/airflow/example_dags/example_skip_dag.py
[2026-04-29T13:12:12.679+0200] {logging_mixin.py:188} INFO - [2026-04-29T13:12:12.678+0200] {dag.py:3096} INFO - Sync 1 DAGs
[2026-04-29T13:12:12.683+0200] {logging_mixin.py:188} INFO - [2026-04-29T13:12:12.683+0200] {dag.py:3954} INFO - Setting next_dagrun for example_skip_dag to 2026-04-28 00:00:00+00:00, run_after=2026-04-29 00:00:00+00:00
[2026-04-29T13:12:12.688+0200] {processor.py:183} INFO - Processing /Users/pablofrancoherrero/prueba_tecnica/venv/lib/python3.11/site-packages/airflow/example_dags/example_skip_dag.py took 0.041 seconds
[2026-04-29T13:13:41.584+0200] {processor.py:161} INFO - Started process (PID=88733) to work on /Users/pablofrancoherrero/prueba_tecnica/venv/lib/python3.11/site-packages/airflow/example_dags/example_skip_dag.py
[2026-04-29T13:13:41.585+0200] {processor.py:830} INFO - Processing file /Users/pablofrancoherrero/prueba_tecnica/venv/lib/python3.11/site-packages/airflow/example_dags/example_skip_dag.py for tasks to queue
[2026-04-29T13:13:41.585+0200] {logging_mixin.py:188} INFO - [2026-04-29T13:13:41.585+0200] {dagbag.py:540} INFO - Filling up the DagBag from /Users/pablofrancoherrero/prueba_tecnica/venv/lib/python3.11/site-packages/airflow/example_dags/example_skip_dag.py
[2026-04-29T13:13:41.588+0200] {processor.py:840} INFO - DAG(s) 'example_skip_dag' retrieved from /Users/pablofrancoherrero/prueba_tecnica/venv/lib/python3.11/site-packages/airflow/example_dags/example_skip_dag.py
[2026-04-29T13:13:41.628+0200] {logging_mixin.py:188} INFO - [2026-04-29T13:13:41.628+0200] {dag.py:3096} INFO - Sync 1 DAGs
[2026-04-29T13:13:41.644+0200] {logging_mixin.py:188} INFO - [2026-04-29T13:13:41.644+0200] {dag.py:3954} INFO - Setting next_dagrun for example_skip_dag to 2026-04-28 00:00:00+00:00, run_after=2026-04-29 00:00:00+00:00
[2026-04-29T13:13:41.659+0200] {processor.py:183} INFO - Processing /Users/pablofrancoherrero/prueba_tecnica/venv/lib/python3.11/site-packages/airflow/example_dags/example_skip_dag.py took 0.076 seconds
[2026-04-29T13:15:06.851+0200] {processor.py:161} INFO - Started process (PID=88836) to work on /Users/pablofrancoherrero/prueba_tecnica/venv/lib/python3.11/site-packages/airflow/example_dags/example_skip_dag.py
[2026-04-29T13:15:06.852+0200] {processor.py:830} INFO - Processing file /Users/pablofrancoherrero/prueba_tecnica/venv/lib/python3.11/site-packages/airflow/example_dags/example_skip_dag.py for tasks to queue
[2026-04-29T13:15:06.852+0200] {logging_mixin.py:188} INFO - [2026-04-29T13:15:06.852+0200] {dagbag.py:540} INFO - Filling up the DagBag from /Users/pablofrancoherrero/prueba_tecnica/venv/lib/python3.11/site-packages/airflow/example_dags/example_skip_dag.py
[2026-04-29T13:15:06.854+0200] {processor.py:840} INFO - DAG(s) 'example_skip_dag' retrieved from /Users/pablofrancoherrero/prueba_tecnica/venv/lib/python3.11/site-packages/airflow/example_dags/example_skip_dag.py
[2026-04-29T13:15:06.882+0200] {logging_mixin.py:188} INFO - [2026-04-29T13:15:06.882+0200] {dag.py:3096} INFO - Sync 1 DAGs
[2026-04-29T13:15:06.887+0200] {logging_mixin.py:188} INFO - [2026-04-29T13:15:06.887+0200] {dag.py:3954} INFO - Setting next_dagrun for example_skip_dag to 2026-04-28 00:00:00+00:00, run_after=2026-04-29 00:00:00+00:00
[2026-04-29T13:15:06.892+0200] {processor.py:183} INFO - Processing /Users/pablofrancoherrero/prueba_tecnica/venv/lib/python3.11/site-packages/airflow/example_dags/example_skip_dag.py took 0.041 seconds
[2026-04-29T13:16:28.488+0200] {processor.py:161} INFO - Started process (PID=88919) to work on /Users/pablofrancoherrero/prueba_tecnica/venv/lib/python3.11/site-packages/airflow/example_dags/example_skip_dag.py
[2026-04-29T13:16:28.488+0200] {processor.py:830} INFO - Processing file /Users/pablofrancoherrero/prueba_tecnica/venv/lib/python3.11/site-packages/airflow/example_dags/example_skip_dag.py for tasks to queue
[2026-04-29T13:16:28.488+0200] {logging_mixin.py:188} INFO - [2026-04-29T13:16:28.488+0200] {dagbag.py:540} INFO - Filling up the DagBag from /Users/pablofrancoherrero/prueba_tecnica/venv/lib/python3.11/site-packages/airflow/example_dags/example_skip_dag.py
[2026-04-29T13:16:28.491+0200] {processor.py:840} INFO - DAG(s) 'example_skip_dag' retrieved from /Users/pablofrancoherrero/prueba_tecnica/venv/lib/python3.11/site-packages/airflow/example_dags/example_skip_dag.py
[2026-04-29T13:16:28.518+0200] {logging_mixin.py:188} INFO - [2026-04-29T13:16:28.518+0200] {dag.py:3096} INFO - Sync 1 DAGs
[2026-04-29T13:16:28.523+0200] {logging_mixin.py:188} INFO - [2026-04-29T13:16:28.523+0200] {dag.py:3954} INFO - Setting next_dagrun for example_skip_dag to 2026-04-28 00:00:00+00:00, run_after=2026-04-29 00:00:00+00:00
[2026-04-29T13:16:28.528+0200] {processor.py:183} INFO - Processing /Users/pablofrancoherrero/prueba_tecnica/venv/lib/python3.11/site-packages/airflow/example_dags/example_skip_dag.py took 0.041 seconds
[2026-04-29T13:17:53.349+0200] {processor.py:161} INFO - Started process (PID=89030) to work on /Users/pablofrancoherrero/prueba_tecnica/venv/lib/python3.11/site-packages/airflow/example_dags/example_skip_dag.py
[2026-04-29T13:17:53.350+0200] {processor.py:830} INFO - Processing file /Users/pablofrancoherrero/prueba_tecnica/venv/lib/python3.11/site-packages/airflow/example_dags/example_skip_dag.py for tasks to queue
[2026-04-29T13:17:53.350+0200] {logging_mixin.py:188} INFO - [2026-04-29T13:17:53.350+0200] {dagbag.py:540} INFO - Filling up the DagBag from /Users/pablofrancoherrero/prueba_tecnica/venv/lib/python3.11/site-packages/airflow/example_dags/example_skip_dag.py
[2026-04-29T13:17:53.352+0200] {processor.py:840} INFO - DAG(s) 'example_skip_dag' retrieved from /Users/pablofrancoherrero/prueba_tecnica/venv/lib/python3.11/site-packages/airflow/example_dags/example_skip_dag.py
[2026-04-29T13:17:53.379+0200] {logging_mixin.py:188} INFO - [2026-04-29T13:17:53.379+0200] {dag.py:3096} INFO - Sync 1 DAGs
[2026-04-29T13:17:53.383+0200] {logging_mixin.py:188} INFO - [2026-04-29T13:17:53.383+0200] {dag.py:3954} INFO - Setting next_dagrun for example_skip_dag to 2026-04-28 00:00:00+00:00, run_after=2026-04-29 00:00:00+00:00
[2026-04-29T13:17:53.389+0200] {processor.py:183} INFO - Processing /Users/pablofrancoherrero/prueba_tecnica/venv/lib/python3.11/site-packages/airflow/example_dags/example_skip_dag.py took 0.040 seconds
[2026-04-29T13:19:16.448+0200] {processor.py:161} INFO - Started process (PID=89119) to work on /Users/pablofrancoherrero/prueba_tecnica/venv/lib/python3.11/site-packages/airflow/example_dags/example_skip_dag.py
[2026-04-29T13:19:16.449+0200] {processor.py:830} INFO - Processing file /Users/pablofrancoherrero/prueba_tecnica/venv/lib/python3.11/site-packages/airflow/example_dags/example_skip_dag.py for tasks to queue
[2026-04-29T13:19:16.449+0200] {logging_mixin.py:188} INFO - [2026-04-29T13:19:16.449+0200] {dagbag.py:540} INFO - Filling up the DagBag from /Users/pablofrancoherrero/prueba_tecnica/venv/lib/python3.11/site-packages/airflow/example_dags/example_skip_dag.py
[2026-04-29T13:19:16.452+0200] {processor.py:840} INFO - DAG(s) 'example_skip_dag' retrieved from /Users/pablofrancoherrero/prueba_tecnica/venv/lib/python3.11/site-packages/airflow/example_dags/example_skip_dag.py
[2026-04-29T13:19:16.480+0200] {logging_mixin.py:188} INFO - [2026-04-29T13:19:16.480+0200] {dag.py:3096} INFO - Sync 1 DAGs
[2026-04-29T13:19:16.485+0200] {logging_mixin.py:188} INFO - [2026-04-29T13:19:16.485+0200] {dag.py:3954} INFO - Setting next_dagrun for example_skip_dag to 2026-04-28 00:00:00+00:00, run_after=2026-04-29 00:00:00+00:00
[2026-04-29T13:19:16.491+0200] {processor.py:183} INFO - Processing /Users/pablofrancoherrero/prueba_tecnica/venv/lib/python3.11/site-packages/airflow/example_dags/example_skip_dag.py took 0.044 seconds
[2026-04-29T13:20:43.134+0200] {processor.py:161} INFO - Started process (PID=89200) to work on /Users/pablofrancoherrero/prueba_tecnica/venv/lib/python3.11/site-packages/airflow/example_dags/example_skip_dag.py
[2026-04-29T13:20:43.135+0200] {processor.py:830} INFO - Processing file /Users/pablofrancoherrero/prueba_tecnica/venv/lib/python3.11/site-packages/airflow/example_dags/example_skip_dag.py for tasks to queue
[2026-04-29T13:20:43.136+0200] {logging_mixin.py:188} INFO - [2026-04-29T13:20:43.135+0200] {dagbag.py:540} INFO - Filling up the DagBag from /Users/pablofrancoherrero/prueba_tecnica/venv/lib/python3.11/site-packages/airflow/example_dags/example_skip_dag.py
[2026-04-29T13:20:43.138+0200] {processor.py:840} INFO - DAG(s) 'example_skip_dag' retrieved from /Users/pablofrancoherrero/prueba_tecnica/venv/lib/python3.11/site-packages/airflow/example_dags/example_skip_dag.py
[2026-04-29T13:20:43.167+0200] {logging_mixin.py:188} INFO - [2026-04-29T13:20:43.167+0200] {dag.py:3096} INFO - Sync 1 DAGs
[2026-04-29T13:20:43.172+0200] {logging_mixin.py:188} INFO - [2026-04-29T13:20:43.171+0200] {dag.py:3954} INFO - Setting next_dagrun for example_skip_dag to 2026-04-28 00:00:00+00:00, run_after=2026-04-29 00:00:00+00:00
[2026-04-29T13:20:43.177+0200] {processor.py:183} INFO - Processing /Users/pablofrancoherrero/prueba_tecnica/venv/lib/python3.11/site-packages/airflow/example_dags/example_skip_dag.py took 0.043 seconds
[2026-04-29T13:22:08.122+0200] {processor.py:161} INFO - Started process (PID=89296) to work on /Users/pablofrancoherrero/prueba_tecnica/venv/lib/python3.11/site-packages/airflow/example_dags/example_skip_dag.py
[2026-04-29T13:22:08.122+0200] {processor.py:830} INFO - Processing file /Users/pablofrancoherrero/prueba_tecnica/venv/lib/python3.11/site-packages/airflow/example_dags/example_skip_dag.py for tasks to queue
[2026-04-29T13:22:08.123+0200] {logging_mixin.py:188} INFO - [2026-04-29T13:22:08.123+0200] {dagbag.py:540} INFO - Filling up the DagBag from /Users/pablofrancoherrero/prueba_tecnica/venv/lib/python3.11/site-packages/airflow/example_dags/example_skip_dag.py
[2026-04-29T13:22:08.125+0200] {processor.py:840} INFO - DAG(s) 'example_skip_dag' retrieved from /Users/pablofrancoherrero/prueba_tecnica/venv/lib/python3.11/site-packages/airflow/example_dags/example_skip_dag.py
[2026-04-29T13:22:08.152+0200] {logging_mixin.py:188} INFO - [2026-04-29T13:22:08.152+0200] {dag.py:3096} INFO - Sync 1 DAGs
[2026-04-29T13:22:08.157+0200] {logging_mixin.py:188} INFO - [2026-04-29T13:22:08.157+0200] {dag.py:3954} INFO - Setting next_dagrun for example_skip_dag to 2026-04-28 00:00:00+00:00, run_after=2026-04-29 00:00:00+00:00
[2026-04-29T13:22:08.162+0200] {processor.py:183} INFO - Processing /Users/pablofrancoherrero/prueba_tecnica/venv/lib/python3.11/site-packages/airflow/example_dags/example_skip_dag.py took 0.041 seconds
[2026-04-29T13:23:34.470+0200] {processor.py:161} INFO - Started process (PID=89376) to work on /Users/pablofrancoherrero/prueba_tecnica/venv/lib/python3.11/site-packages/airflow/example_dags/example_skip_dag.py
[2026-04-29T13:23:34.470+0200] {processor.py:830} INFO - Processing file /Users/pablofrancoherrero/prueba_tecnica/venv/lib/python3.11/site-packages/airflow/example_dags/example_skip_dag.py for tasks to queue
[2026-04-29T13:23:34.470+0200] {logging_mixin.py:188} INFO - [2026-04-29T13:23:34.470+0200] {dagbag.py:540} INFO - Filling up the DagBag from /Users/pablofrancoherrero/prueba_tecnica/venv/lib/python3.11/site-packages/airflow/example_dags/example_skip_dag.py
[2026-04-29T13:23:34.473+0200] {processor.py:840} INFO - DAG(s) 'example_skip_dag' retrieved from /Users/pablofrancoherrero/prueba_tecnica/venv/lib/python3.11/site-packages/airflow/example_dags/example_skip_dag.py
[2026-04-29T13:23:34.500+0200] {logging_mixin.py:188} INFO - [2026-04-29T13:23:34.500+0200] {dag.py:3096} INFO - Sync 1 DAGs
[2026-04-29T13:23:34.507+0200] {logging_mixin.py:188} INFO - [2026-04-29T13:23:34.507+0200] {dag.py:3954} INFO - Setting next_dagrun for example_skip_dag to 2026-04-28 00:00:00+00:00, run_after=2026-04-29 00:00:00+00:00
[2026-04-29T13:23:34.514+0200] {processor.py:183} INFO - Processing /Users/pablofrancoherrero/prueba_tecnica/venv/lib/python3.11/site-packages/airflow/example_dags/example_skip_dag.py took 0.045 seconds
[2026-04-29T13:24:58.387+0200] {processor.py:161} INFO - Started process (PID=89493) to work on /Users/pablofrancoherrero/prueba_tecnica/venv/lib/python3.11/site-packages/airflow/example_dags/example_skip_dag.py
[2026-04-29T13:24:58.389+0200] {processor.py:830} INFO - Processing file /Users/pablofrancoherrero/prueba_tecnica/venv/lib/python3.11/site-packages/airflow/example_dags/example_skip_dag.py for tasks to queue
[2026-04-29T13:24:58.389+0200] {logging_mixin.py:188} INFO - [2026-04-29T13:24:58.389+0200] {dagbag.py:540} INFO - Filling up the DagBag from /Users/pablofrancoherrero/prueba_tecnica/venv/lib/python3.11/site-packages/airflow/example_dags/example_skip_dag.py
[2026-04-29T13:24:58.391+0200] {processor.py:840} INFO - DAG(s) 'example_skip_dag' retrieved from /Users/pablofrancoherrero/prueba_tecnica/venv/lib/python3.11/site-packages/airflow/example_dags/example_skip_dag.py
[2026-04-29T13:24:58.419+0200] {logging_mixin.py:188} INFO - [2026-04-29T13:24:58.419+0200] {dag.py:3096} INFO - Sync 1 DAGs
[2026-04-29T13:24:58.424+0200] {logging_mixin.py:188} INFO - [2026-04-29T13:24:58.423+0200] {dag.py:3954} INFO - Setting next_dagrun for example_skip_dag to 2026-04-28 00:00:00+00:00, run_after=2026-04-29 00:00:00+00:00
[2026-04-29T13:24:58.429+0200] {processor.py:183} INFO - Processing /Users/pablofrancoherrero/prueba_tecnica/venv/lib/python3.11/site-packages/airflow/example_dags/example_skip_dag.py took 0.042 seconds
[2026-04-29T13:26:22.749+0200] {processor.py:161} INFO - Started process (PID=89579) to work on /Users/pablofrancoherrero/prueba_tecnica/venv/lib/python3.11/site-packages/airflow/example_dags/example_skip_dag.py
[2026-04-29T13:26:22.750+0200] {processor.py:830} INFO - Processing file /Users/pablofrancoherrero/prueba_tecnica/venv/lib/python3.11/site-packages/airflow/example_dags/example_skip_dag.py for tasks to queue
[2026-04-29T13:26:22.750+0200] {logging_mixin.py:188} INFO - [2026-04-29T13:26:22.750+0200] {dagbag.py:540} INFO - Filling up the DagBag from /Users/pablofrancoherrero/prueba_tecnica/venv/lib/python3.11/site-packages/airflow/example_dags/example_skip_dag.py
[2026-04-29T13:26:22.754+0200] {processor.py:840} INFO - DAG(s) 'example_skip_dag' retrieved from /Users/pablofrancoherrero/prueba_tecnica/venv/lib/python3.11/site-packages/airflow/example_dags/example_skip_dag.py
[2026-04-29T13:26:22.782+0200] {logging_mixin.py:188} INFO - [2026-04-29T13:26:22.782+0200] {dag.py:3096} INFO - Sync 1 DAGs
[2026-04-29T13:26:22.787+0200] {logging_mixin.py:188} INFO - [2026-04-29T13:26:22.787+0200] {dag.py:3954} INFO - Setting next_dagrun for example_skip_dag to 2026-04-28 00:00:00+00:00, run_after=2026-04-29 00:00:00+00:00
[2026-04-29T13:26:22.792+0200] {processor.py:183} INFO - Processing /Users/pablofrancoherrero/prueba_tecnica/venv/lib/python3.11/site-packages/airflow/example_dags/example_skip_dag.py took 0.044 seconds
[2026-04-29T13:27:46.876+0200] {processor.py:161} INFO - Started process (PID=89682) to work on /Users/pablofrancoherrero/prueba_tecnica/venv/lib/python3.11/site-packages/airflow/example_dags/example_skip_dag.py
[2026-04-29T13:27:46.877+0200] {processor.py:830} INFO - Processing file /Users/pablofrancoherrero/prueba_tecnica/venv/lib/python3.11/site-packages/airflow/example_dags/example_skip_dag.py for tasks to queue
[2026-04-29T13:27:46.877+0200] {logging_mixin.py:188} INFO - [2026-04-29T13:27:46.877+0200] {dagbag.py:540} INFO - Filling up the DagBag from /Users/pablofrancoherrero/prueba_tecnica/venv/lib/python3.11/site-packages/airflow/example_dags/example_skip_dag.py
[2026-04-29T13:27:46.879+0200] {processor.py:840} INFO - DAG(s) 'example_skip_dag' retrieved from /Users/pablofrancoherrero/prueba_tecnica/venv/lib/python3.11/site-packages/airflow/example_dags/example_skip_dag.py
[2026-04-29T13:27:46.907+0200] {logging_mixin.py:188} INFO - [2026-04-29T13:27:46.907+0200] {dag.py:3096} INFO - Sync 1 DAGs
[2026-04-29T13:27:46.911+0200] {logging_mixin.py:188} INFO - [2026-04-29T13:27:46.911+0200] {dag.py:3954} INFO - Setting next_dagrun for example_skip_dag to 2026-04-28 00:00:00+00:00, run_after=2026-04-29 00:00:00+00:00
[2026-04-29T13:27:46.916+0200] {processor.py:183} INFO - Processing /Users/pablofrancoherrero/prueba_tecnica/venv/lib/python3.11/site-packages/airflow/example_dags/example_skip_dag.py took 0.041 seconds
[2026-04-29T13:29:11.812+0200] {processor.py:161} INFO - Started process (PID=89790) to work on /Users/pablofrancoherrero/prueba_tecnica/venv/lib/python3.11/site-packages/airflow/example_dags/example_skip_dag.py
[2026-04-29T13:29:11.812+0200] {processor.py:830} INFO - Processing file /Users/pablofrancoherrero/prueba_tecnica/venv/lib/python3.11/site-packages/airflow/example_dags/example_skip_dag.py for tasks to queue
[2026-04-29T13:29:11.812+0200] {logging_mixin.py:188} INFO - [2026-04-29T13:29:11.812+0200] {dagbag.py:540} INFO - Filling up the DagBag from /Users/pablofrancoherrero/prueba_tecnica/venv/lib/python3.11/site-packages/airflow/example_dags/example_skip_dag.py
[2026-04-29T13:29:11.815+0200] {processor.py:840} INFO - DAG(s) 'example_skip_dag' retrieved from /Users/pablofrancoherrero/prueba_tecnica/venv/lib/python3.11/site-packages/airflow/example_dags/example_skip_dag.py
[2026-04-29T13:29:11.842+0200] {logging_mixin.py:188} INFO - [2026-04-29T13:29:11.841+0200] {dag.py:3096} INFO - Sync 1 DAGs
[2026-04-29T13:29:11.846+0200] {logging_mixin.py:188} INFO - [2026-04-29T13:29:11.846+0200] {dag.py:3954} INFO - Setting next_dagrun for example_skip_dag to 2026-04-28 00:00:00+00:00, run_after=2026-04-29 00:00:00+00:00
[2026-04-29T13:29:11.851+0200] {processor.py:183} INFO - Processing /Users/pablofrancoherrero/prueba_tecnica/venv/lib/python3.11/site-packages/airflow/example_dags/example_skip_dag.py took 0.040 seconds
[2026-04-29T13:30:34.448+0200] {processor.py:161} INFO - Started process (PID=89885) to work on /Users/pablofrancoherrero/prueba_tecnica/venv/lib/python3.11/site-packages/airflow/example_dags/example_skip_dag.py
[2026-04-29T13:30:34.449+0200] {processor.py:830} INFO - Processing file /Users/pablofrancoherrero/prueba_tecnica/venv/lib/python3.11/site-packages/airflow/example_dags/example_skip_dag.py for tasks to queue
[2026-04-29T13:30:34.449+0200] {logging_mixin.py:188} INFO - [2026-04-29T13:30:34.449+0200] {dagbag.py:540} INFO - Filling up the DagBag from /Users/pablofrancoherrero/prueba_tecnica/venv/lib/python3.11/site-packages/airflow/example_dags/example_skip_dag.py
[2026-04-29T13:30:34.452+0200] {processor.py:840} INFO - DAG(s) 'example_skip_dag' retrieved from /Users/pablofrancoherrero/prueba_tecnica/venv/lib/python3.11/site-packages/airflow/example_dags/example_skip_dag.py
[2026-04-29T13:30:34.484+0200] {logging_mixin.py:188} INFO - [2026-04-29T13:30:34.484+0200] {dag.py:3096} INFO - Sync 1 DAGs
[2026-04-29T13:30:34.489+0200] {logging_mixin.py:188} INFO - [2026-04-29T13:30:34.488+0200] {dag.py:3954} INFO - Setting next_dagrun for example_skip_dag to 2026-04-28 00:00:00+00:00, run_after=2026-04-29 00:00:00+00:00
[2026-04-29T13:30:34.500+0200] {processor.py:183} INFO - Processing /Users/pablofrancoherrero/prueba_tecnica/venv/lib/python3.11/site-packages/airflow/example_dags/example_skip_dag.py took 0.053 seconds
[2026-04-29T13:31:59.301+0200] {processor.py:161} INFO - Started process (PID=89983) to work on /Users/pablofrancoherrero/prueba_tecnica/venv/lib/python3.11/site-packages/airflow/example_dags/example_skip_dag.py
[2026-04-29T13:31:59.302+0200] {processor.py:830} INFO - Processing file /Users/pablofrancoherrero/prueba_tecnica/venv/lib/python3.11/site-packages/airflow/example_dags/example_skip_dag.py for tasks to queue
[2026-04-29T13:31:59.302+0200] {logging_mixin.py:188} INFO - [2026-04-29T13:31:59.302+0200] {dagbag.py:540} INFO - Filling up the DagBag from /Users/pablofrancoherrero/prueba_tecnica/venv/lib/python3.11/site-packages/airflow/example_dags/example_skip_dag.py
[2026-04-29T13:31:59.305+0200] {processor.py:840} INFO - DAG(s) 'example_skip_dag' retrieved from /Users/pablofrancoherrero/prueba_tecnica/venv/lib/python3.11/site-packages/airflow/example_dags/example_skip_dag.py
[2026-04-29T13:31:59.332+0200] {logging_mixin.py:188} INFO - [2026-04-29T13:31:59.332+0200] {dag.py:3096} INFO - Sync 1 DAGs
[2026-04-29T13:31:59.336+0200] {logging_mixin.py:188} INFO - [2026-04-29T13:31:59.336+0200] {dag.py:3954} INFO - Setting next_dagrun for example_skip_dag to 2026-04-28 00:00:00+00:00, run_after=2026-04-29 00:00:00+00:00
[2026-04-29T13:31:59.341+0200] {processor.py:183} INFO - Processing /Users/pablofrancoherrero/prueba_tecnica/venv/lib/python3.11/site-packages/airflow/example_dags/example_skip_dag.py took 0.041 seconds
[2026-04-29T13:33:25.582+0200] {processor.py:161} INFO - Started process (PID=90093) to work on /Users/pablofrancoherrero/prueba_tecnica/venv/lib/python3.11/site-packages/airflow/example_dags/example_skip_dag.py
[2026-04-29T13:33:25.583+0200] {processor.py:830} INFO - Processing file /Users/pablofrancoherrero/prueba_tecnica/venv/lib/python3.11/site-packages/airflow/example_dags/example_skip_dag.py for tasks to queue
[2026-04-29T13:33:25.583+0200] {logging_mixin.py:188} INFO - [2026-04-29T13:33:25.583+0200] {dagbag.py:540} INFO - Filling up the DagBag from /Users/pablofrancoherrero/prueba_tecnica/venv/lib/python3.11/site-packages/airflow/example_dags/example_skip_dag.py
[2026-04-29T13:33:25.585+0200] {processor.py:840} INFO - DAG(s) 'example_skip_dag' retrieved from /Users/pablofrancoherrero/prueba_tecnica/venv/lib/python3.11/site-packages/airflow/example_dags/example_skip_dag.py
[2026-04-29T13:33:25.612+0200] {logging_mixin.py:188} INFO - [2026-04-29T13:33:25.612+0200] {dag.py:3096} INFO - Sync 1 DAGs
[2026-04-29T13:33:25.616+0200] {logging_mixin.py:188} INFO - [2026-04-29T13:33:25.616+0200] {dag.py:3954} INFO - Setting next_dagrun for example_skip_dag to 2026-04-28 00:00:00+00:00, run_after=2026-04-29 00:00:00+00:00
[2026-04-29T13:33:25.622+0200] {processor.py:183} INFO - Processing /Users/pablofrancoherrero/prueba_tecnica/venv/lib/python3.11/site-packages/airflow/example_dags/example_skip_dag.py took 0.040 seconds
[2026-04-29T13:34:52.882+0200] {processor.py:161} INFO - Started process (PID=90189) to work on /Users/pablofrancoherrero/prueba_tecnica/venv/lib/python3.11/site-packages/airflow/example_dags/example_skip_dag.py
[2026-04-29T13:34:52.883+0200] {processor.py:830} INFO - Processing file /Users/pablofrancoherrero/prueba_tecnica/venv/lib/python3.11/site-packages/airflow/example_dags/example_skip_dag.py for tasks to queue
[2026-04-29T13:34:52.883+0200] {logging_mixin.py:188} INFO - [2026-04-29T13:34:52.883+0200] {dagbag.py:540} INFO - Filling up the DagBag from /Users/pablofrancoherrero/prueba_tecnica/venv/lib/python3.11/site-packages/airflow/example_dags/example_skip_dag.py
[2026-04-29T13:34:52.886+0200] {processor.py:840} INFO - DAG(s) 'example_skip_dag' retrieved from /Users/pablofrancoherrero/prueba_tecnica/venv/lib/python3.11/site-packages/airflow/example_dags/example_skip_dag.py
[2026-04-29T13:34:52.913+0200] {logging_mixin.py:188} INFO - [2026-04-29T13:34:52.913+0200] {dag.py:3096} INFO - Sync 1 DAGs
[2026-04-29T13:34:52.918+0200] {logging_mixin.py:188} INFO - [2026-04-29T13:34:52.918+0200] {dag.py:3954} INFO - Setting next_dagrun for example_skip_dag to 2026-04-28 00:00:00+00:00, run_after=2026-04-29 00:00:00+00:00
[2026-04-29T13:34:52.923+0200] {processor.py:183} INFO - Processing /Users/pablofrancoherrero/prueba_tecnica/venv/lib/python3.11/site-packages/airflow/example_dags/example_skip_dag.py took 0.042 seconds
[2026-04-29T13:36:16.788+0200] {processor.py:161} INFO - Started process (PID=90278) to work on /Users/pablofrancoherrero/prueba_tecnica/venv/lib/python3.11/site-packages/airflow/example_dags/example_skip_dag.py
[2026-04-29T13:36:16.789+0200] {processor.py:830} INFO - Processing file /Users/pablofrancoherrero/prueba_tecnica/venv/lib/python3.11/site-packages/airflow/example_dags/example_skip_dag.py for tasks to queue
[2026-04-29T13:36:16.789+0200] {logging_mixin.py:188} INFO - [2026-04-29T13:36:16.789+0200] {dagbag.py:540} INFO - Filling up the DagBag from /Users/pablofrancoherrero/prueba_tecnica/venv/lib/python3.11/site-packages/airflow/example_dags/example_skip_dag.py
[2026-04-29T13:36:16.791+0200] {processor.py:840} INFO - DAG(s) 'example_skip_dag' retrieved from /Users/pablofrancoherrero/prueba_tecnica/venv/lib/python3.11/site-packages/airflow/example_dags/example_skip_dag.py
[2026-04-29T13:36:16.818+0200] {logging_mixin.py:188} INFO - [2026-04-29T13:36:16.818+0200] {dag.py:3096} INFO - Sync 1 DAGs
[2026-04-29T13:36:16.823+0200] {logging_mixin.py:188} INFO - [2026-04-29T13:36:16.823+0200] {dag.py:3954} INFO - Setting next_dagrun for example_skip_dag to 2026-04-28 00:00:00+00:00, run_after=2026-04-29 00:00:00+00:00
[2026-04-29T13:36:16.828+0200] {processor.py:183} INFO - Processing /Users/pablofrancoherrero/prueba_tecnica/venv/lib/python3.11/site-packages/airflow/example_dags/example_skip_dag.py took 0.041 seconds
[2026-04-29T13:37:41.558+0200] {processor.py:161} INFO - Started process (PID=90391) to work on /Users/pablofrancoherrero/prueba_tecnica/venv/lib/python3.11/site-packages/airflow/example_dags/example_skip_dag.py
[2026-04-29T13:37:41.559+0200] {processor.py:830} INFO - Processing file /Users/pablofrancoherrero/prueba_tecnica/venv/lib/python3.11/site-packages/airflow/example_dags/example_skip_dag.py for tasks to queue
[2026-04-29T13:37:41.559+0200] {logging_mixin.py:188} INFO - [2026-04-29T13:37:41.559+0200] {dagbag.py:540} INFO - Filling up the DagBag from /Users/pablofrancoherrero/prueba_tecnica/venv/lib/python3.11/site-packages/airflow/example_dags/example_skip_dag.py
[2026-04-29T13:37:41.561+0200] {processor.py:840} INFO - DAG(s) 'example_skip_dag' retrieved from /Users/pablofrancoherrero/prueba_tecnica/venv/lib/python3.11/site-packages/airflow/example_dags/example_skip_dag.py
[2026-04-29T13:37:41.588+0200] {logging_mixin.py:188} INFO - [2026-04-29T13:37:41.588+0200] {dag.py:3096} INFO - Sync 1 DAGs
[2026-04-29T13:37:41.592+0200] {logging_mixin.py:188} INFO - [2026-04-29T13:37:41.592+0200] {dag.py:3954} INFO - Setting next_dagrun for example_skip_dag to 2026-04-28 00:00:00+00:00, run_after=2026-04-29 00:00:00+00:00
[2026-04-29T13:37:41.597+0200] {processor.py:183} INFO - Processing /Users/pablofrancoherrero/prueba_tecnica/venv/lib/python3.11/site-packages/airflow/example_dags/example_skip_dag.py took 0.041 seconds
[2026-04-29T13:39:06.356+0200] {processor.py:161} INFO - Started process (PID=90517) to work on /Users/pablofrancoherrero/prueba_tecnica/venv/lib/python3.11/site-packages/airflow/example_dags/example_skip_dag.py
[2026-04-29T13:39:06.357+0200] {processor.py:830} INFO - Processing file /Users/pablofrancoherrero/prueba_tecnica/venv/lib/python3.11/site-packages/airflow/example_dags/example_skip_dag.py for tasks to queue
[2026-04-29T13:39:06.357+0200] {logging_mixin.py:188} INFO - [2026-04-29T13:39:06.357+0200] {dagbag.py:540} INFO - Filling up the DagBag from /Users/pablofrancoherrero/prueba_tecnica/venv/lib/python3.11/site-packages/airflow/example_dags/example_skip_dag.py
[2026-04-29T13:39:06.359+0200] {processor.py:840} INFO - DAG(s) 'example_skip_dag' retrieved from /Users/pablofrancoherrero/prueba_tecnica/venv/lib/python3.11/site-packages/airflow/example_dags/example_skip_dag.py
[2026-04-29T13:39:06.386+0200] {logging_mixin.py:188} INFO - [2026-04-29T13:39:06.386+0200] {dag.py:3096} INFO - Sync 1 DAGs
[2026-04-29T13:39:06.391+0200] {logging_mixin.py:188} INFO - [2026-04-29T13:39:06.391+0200] {dag.py:3954} INFO - Setting next_dagrun for example_skip_dag to 2026-04-28 00:00:00+00:00, run_after=2026-04-29 00:00:00+00:00
[2026-04-29T13:39:06.396+0200] {processor.py:183} INFO - Processing /Users/pablofrancoherrero/prueba_tecnica/venv/lib/python3.11/site-packages/airflow/example_dags/example_skip_dag.py took 0.041 seconds
[2026-04-29T13:40:30.096+0200] {processor.py:161} INFO - Started process (PID=90632) to work on /Users/pablofrancoherrero/prueba_tecnica/venv/lib/python3.11/site-packages/airflow/example_dags/example_skip_dag.py
[2026-04-29T13:40:30.096+0200] {processor.py:830} INFO - Processing file /Users/pablofrancoherrero/prueba_tecnica/venv/lib/python3.11/site-packages/airflow/example_dags/example_skip_dag.py for tasks to queue
[2026-04-29T13:40:30.097+0200] {logging_mixin.py:188} INFO - [2026-04-29T13:40:30.097+0200] {dagbag.py:540} INFO - Filling up the DagBag from /Users/pablofrancoherrero/prueba_tecnica/venv/lib/python3.11/site-packages/airflow/example_dags/example_skip_dag.py
[2026-04-29T13:40:30.100+0200] {processor.py:840} INFO - DAG(s) 'example_skip_dag' retrieved from /Users/pablofrancoherrero/prueba_tecnica/venv/lib/python3.11/site-packages/airflow/example_dags/example_skip_dag.py
[2026-04-29T13:40:30.130+0200] {logging_mixin.py:188} INFO - [2026-04-29T13:40:30.130+0200] {dag.py:3096} INFO - Sync 1 DAGs
[2026-04-29T13:40:30.136+0200] {logging_mixin.py:188} INFO - [2026-04-29T13:40:30.136+0200] {dag.py:3954} INFO - Setting next_dagrun for example_skip_dag to 2026-04-28 00:00:00+00:00, run_after=2026-04-29 00:00:00+00:00
[2026-04-29T13:40:30.144+0200] {processor.py:183} INFO - Processing /Users/pablofrancoherrero/prueba_tecnica/venv/lib/python3.11/site-packages/airflow/example_dags/example_skip_dag.py took 0.049 seconds
[2026-04-29T13:41:55.221+0200] {processor.py:161} INFO - Started process (PID=90723) to work on /Users/pablofrancoherrero/prueba_tecnica/venv/lib/python3.11/site-packages/airflow/example_dags/example_skip_dag.py
[2026-04-29T13:41:55.222+0200] {processor.py:830} INFO - Processing file /Users/pablofrancoherrero/prueba_tecnica/venv/lib/python3.11/site-packages/airflow/example_dags/example_skip_dag.py for tasks to queue
[2026-04-29T13:41:55.222+0200] {logging_mixin.py:188} INFO - [2026-04-29T13:41:55.222+0200] {dagbag.py:540} INFO - Filling up the DagBag from /Users/pablofrancoherrero/prueba_tecnica/venv/lib/python3.11/site-packages/airflow/example_dags/example_skip_dag.py
[2026-04-29T13:41:55.225+0200] {processor.py:840} INFO - DAG(s) 'example_skip_dag' retrieved from /Users/pablofrancoherrero/prueba_tecnica/venv/lib/python3.11/site-packages/airflow/example_dags/example_skip_dag.py
[2026-04-29T13:41:55.252+0200] {logging_mixin.py:188} INFO - [2026-04-29T13:41:55.252+0200] {dag.py:3096} INFO - Sync 1 DAGs
[2026-04-29T13:41:55.256+0200] {logging_mixin.py:188} INFO - [2026-04-29T13:41:55.256+0200] {dag.py:3954} INFO - Setting next_dagrun for example_skip_dag to 2026-04-28 00:00:00+00:00, run_after=2026-04-29 00:00:00+00:00
[2026-04-29T13:41:55.261+0200] {processor.py:183} INFO - Processing /Users/pablofrancoherrero/prueba_tecnica/venv/lib/python3.11/site-packages/airflow/example_dags/example_skip_dag.py took 0.041 seconds
[2026-04-29T13:43:19.966+0200] {processor.py:161} INFO - Started process (PID=90957) to work on /Users/pablofrancoherrero/prueba_tecnica/venv/lib/python3.11/site-packages/airflow/example_dags/example_skip_dag.py
[2026-04-29T13:43:19.967+0200] {processor.py:830} INFO - Processing file /Users/pablofrancoherrero/prueba_tecnica/venv/lib/python3.11/site-packages/airflow/example_dags/example_skip_dag.py for tasks to queue
[2026-04-29T13:43:19.967+0200] {logging_mixin.py:188} INFO - [2026-04-29T13:43:19.967+0200] {dagbag.py:540} INFO - Filling up the DagBag from /Users/pablofrancoherrero/prueba_tecnica/venv/lib/python3.11/site-packages/airflow/example_dags/example_skip_dag.py
[2026-04-29T13:43:19.969+0200] {processor.py:840} INFO - DAG(s) 'example_skip_dag' retrieved from /Users/pablofrancoherrero/prueba_tecnica/venv/lib/python3.11/site-packages/airflow/example_dags/example_skip_dag.py
[2026-04-29T13:43:19.997+0200] {logging_mixin.py:188} INFO - [2026-04-29T13:43:19.997+0200] {dag.py:3096} INFO - Sync 1 DAGs
[2026-04-29T13:43:20.001+0200] {logging_mixin.py:188} INFO - [2026-04-29T13:43:20.001+0200] {dag.py:3954} INFO - Setting next_dagrun for example_skip_dag to 2026-04-28 00:00:00+00:00, run_after=2026-04-29 00:00:00+00:00
[2026-04-29T13:43:20.007+0200] {processor.py:183} INFO - Processing /Users/pablofrancoherrero/prueba_tecnica/venv/lib/python3.11/site-packages/airflow/example_dags/example_skip_dag.py took 0.042 seconds
[2026-04-29T13:44:46.413+0200] {processor.py:161} INFO - Started process (PID=91092) to work on /Users/pablofrancoherrero/prueba_tecnica/venv/lib/python3.11/site-packages/airflow/example_dags/example_skip_dag.py
[2026-04-29T13:44:46.414+0200] {processor.py:830} INFO - Processing file /Users/pablofrancoherrero/prueba_tecnica/venv/lib/python3.11/site-packages/airflow/example_dags/example_skip_dag.py for tasks to queue
[2026-04-29T13:44:46.414+0200] {logging_mixin.py:188} INFO - [2026-04-29T13:44:46.414+0200] {dagbag.py:540} INFO - Filling up the DagBag from /Users/pablofrancoherrero/prueba_tecnica/venv/lib/python3.11/site-packages/airflow/example_dags/example_skip_dag.py
[2026-04-29T13:44:46.416+0200] {processor.py:840} INFO - DAG(s) 'example_skip_dag' retrieved from /Users/pablofrancoherrero/prueba_tecnica/venv/lib/python3.11/site-packages/airflow/example_dags/example_skip_dag.py
[2026-04-29T13:44:46.444+0200] {logging_mixin.py:188} INFO - [2026-04-29T13:44:46.444+0200] {dag.py:3096} INFO - Sync 1 DAGs
[2026-04-29T13:44:46.449+0200] {logging_mixin.py:188} INFO - [2026-04-29T13:44:46.449+0200] {dag.py:3954} INFO - Setting next_dagrun for example_skip_dag to 2026-04-28 00:00:00+00:00, run_after=2026-04-29 00:00:00+00:00
[2026-04-29T13:44:46.454+0200] {processor.py:183} INFO - Processing /Users/pablofrancoherrero/prueba_tecnica/venv/lib/python3.11/site-packages/airflow/example_dags/example_skip_dag.py took 0.042 seconds
[2026-04-29T13:46:09.600+0200] {processor.py:161} INFO - Started process (PID=91188) to work on /Users/pablofrancoherrero/prueba_tecnica/venv/lib/python3.11/site-packages/airflow/example_dags/example_skip_dag.py
[2026-04-29T13:46:09.601+0200] {processor.py:830} INFO - Processing file /Users/pablofrancoherrero/prueba_tecnica/venv/lib/python3.11/site-packages/airflow/example_dags/example_skip_dag.py for tasks to queue
[2026-04-29T13:46:09.602+0200] {logging_mixin.py:188} INFO - [2026-04-29T13:46:09.601+0200] {dagbag.py:540} INFO - Filling up the DagBag from /Users/pablofrancoherrero/prueba_tecnica/venv/lib/python3.11/site-packages/airflow/example_dags/example_skip_dag.py
[2026-04-29T13:46:09.604+0200] {processor.py:840} INFO - DAG(s) 'example_skip_dag' retrieved from /Users/pablofrancoherrero/prueba_tecnica/venv/lib/python3.11/site-packages/airflow/example_dags/example_skip_dag.py
[2026-04-29T13:46:09.633+0200] {logging_mixin.py:188} INFO - [2026-04-29T13:46:09.633+0200] {dag.py:3096} INFO - Sync 1 DAGs
[2026-04-29T13:46:09.638+0200] {logging_mixin.py:188} INFO - [2026-04-29T13:46:09.638+0200] {dag.py:3954} INFO - Setting next_dagrun for example_skip_dag to 2026-04-28 00:00:00+00:00, run_after=2026-04-29 00:00:00+00:00
[2026-04-29T13:46:09.643+0200] {processor.py:183} INFO - Processing /Users/pablofrancoherrero/prueba_tecnica/venv/lib/python3.11/site-packages/airflow/example_dags/example_skip_dag.py took 0.044 seconds
[2026-04-29T13:47:34.233+0200] {processor.py:161} INFO - Started process (PID=91307) to work on /Users/pablofrancoherrero/prueba_tecnica/venv/lib/python3.11/site-packages/airflow/example_dags/example_skip_dag.py
[2026-04-29T13:47:34.234+0200] {processor.py:830} INFO - Processing file /Users/pablofrancoherrero/prueba_tecnica/venv/lib/python3.11/site-packages/airflow/example_dags/example_skip_dag.py for tasks to queue
[2026-04-29T13:47:34.235+0200] {logging_mixin.py:188} INFO - [2026-04-29T13:47:34.235+0200] {dagbag.py:540} INFO - Filling up the DagBag from /Users/pablofrancoherrero/prueba_tecnica/venv/lib/python3.11/site-packages/airflow/example_dags/example_skip_dag.py
[2026-04-29T13:47:34.237+0200] {processor.py:840} INFO - DAG(s) 'example_skip_dag' retrieved from /Users/pablofrancoherrero/prueba_tecnica/venv/lib/python3.11/site-packages/airflow/example_dags/example_skip_dag.py
[2026-04-29T13:47:34.264+0200] {logging_mixin.py:188} INFO - [2026-04-29T13:47:34.264+0200] {dag.py:3096} INFO - Sync 1 DAGs
[2026-04-29T13:47:34.269+0200] {logging_mixin.py:188} INFO - [2026-04-29T13:47:34.269+0200] {dag.py:3954} INFO - Setting next_dagrun for example_skip_dag to 2026-04-28 00:00:00+00:00, run_after=2026-04-29 00:00:00+00:00
[2026-04-29T13:47:34.274+0200] {processor.py:183} INFO - Processing /Users/pablofrancoherrero/prueba_tecnica/venv/lib/python3.11/site-packages/airflow/example_dags/example_skip_dag.py took 0.042 seconds
[2026-04-29T13:48:55.773+0200] {processor.py:161} INFO - Started process (PID=91411) to work on /Users/pablofrancoherrero/prueba_tecnica/venv/lib/python3.11/site-packages/airflow/example_dags/example_skip_dag.py
[2026-04-29T13:48:55.773+0200] {processor.py:830} INFO - Processing file /Users/pablofrancoherrero/prueba_tecnica/venv/lib/python3.11/site-packages/airflow/example_dags/example_skip_dag.py for tasks to queue
[2026-04-29T13:48:55.774+0200] {logging_mixin.py:188} INFO - [2026-04-29T13:48:55.774+0200] {dagbag.py:540} INFO - Filling up the DagBag from /Users/pablofrancoherrero/prueba_tecnica/venv/lib/python3.11/site-packages/airflow/example_dags/example_skip_dag.py
[2026-04-29T13:48:55.776+0200] {processor.py:840} INFO - DAG(s) 'example_skip_dag' retrieved from /Users/pablofrancoherrero/prueba_tecnica/venv/lib/python3.11/site-packages/airflow/example_dags/example_skip_dag.py
[2026-04-29T13:48:55.803+0200] {logging_mixin.py:188} INFO - [2026-04-29T13:48:55.803+0200] {dag.py:3096} INFO - Sync 1 DAGs
[2026-04-29T13:48:55.808+0200] {logging_mixin.py:188} INFO - [2026-04-29T13:48:55.808+0200] {dag.py:3954} INFO - Setting next_dagrun for example_skip_dag to 2026-04-28 00:00:00+00:00, run_after=2026-04-29 00:00:00+00:00
[2026-04-29T13:48:55.815+0200] {processor.py:183} INFO - Processing /Users/pablofrancoherrero/prueba_tecnica/venv/lib/python3.11/site-packages/airflow/example_dags/example_skip_dag.py took 0.043 seconds
[2026-04-29T13:50:16.885+0200] {processor.py:161} INFO - Started process (PID=91506) to work on /Users/pablofrancoherrero/prueba_tecnica/venv/lib/python3.11/site-packages/airflow/example_dags/example_skip_dag.py
[2026-04-29T13:50:16.885+0200] {processor.py:830} INFO - Processing file /Users/pablofrancoherrero/prueba_tecnica/venv/lib/python3.11/site-packages/airflow/example_dags/example_skip_dag.py for tasks to queue
[2026-04-29T13:50:16.886+0200] {logging_mixin.py:188} INFO - [2026-04-29T13:50:16.886+0200] {dagbag.py:540} INFO - Filling up the DagBag from /Users/pablofrancoherrero/prueba_tecnica/venv/lib/python3.11/site-packages/airflow/example_dags/example_skip_dag.py
[2026-04-29T13:50:16.888+0200] {processor.py:840} INFO - DAG(s) 'example_skip_dag' retrieved from /Users/pablofrancoherrero/prueba_tecnica/venv/lib/python3.11/site-packages/airflow/example_dags/example_skip_dag.py
[2026-04-29T13:50:16.916+0200] {logging_mixin.py:188} INFO - [2026-04-29T13:50:16.916+0200] {dag.py:3096} INFO - Sync 1 DAGs
[2026-04-29T13:50:16.920+0200] {logging_mixin.py:188} INFO - [2026-04-29T13:50:16.920+0200] {dag.py:3954} INFO - Setting next_dagrun for example_skip_dag to 2026-04-28 00:00:00+00:00, run_after=2026-04-29 00:00:00+00:00
[2026-04-29T13:50:16.925+0200] {processor.py:183} INFO - Processing /Users/pablofrancoherrero/prueba_tecnica/venv/lib/python3.11/site-packages/airflow/example_dags/example_skip_dag.py took 0.041 seconds
[2026-04-29T13:51:42.283+0200] {processor.py:161} INFO - Started process (PID=91584) to work on /Users/pablofrancoherrero/prueba_tecnica/venv/lib/python3.11/site-packages/airflow/example_dags/example_skip_dag.py
[2026-04-29T13:51:42.284+0200] {processor.py:830} INFO - Processing file /Users/pablofrancoherrero/prueba_tecnica/venv/lib/python3.11/site-packages/airflow/example_dags/example_skip_dag.py for tasks to queue
[2026-04-29T13:51:42.284+0200] {logging_mixin.py:188} INFO - [2026-04-29T13:51:42.284+0200] {dagbag.py:540} INFO - Filling up the DagBag from /Users/pablofrancoherrero/prueba_tecnica/venv/lib/python3.11/site-packages/airflow/example_dags/example_skip_dag.py
[2026-04-29T13:51:42.286+0200] {processor.py:840} INFO - DAG(s) 'example_skip_dag' retrieved from /Users/pablofrancoherrero/prueba_tecnica/venv/lib/python3.11/site-packages/airflow/example_dags/example_skip_dag.py
[2026-04-29T13:51:42.313+0200] {logging_mixin.py:188} INFO - [2026-04-29T13:51:42.313+0200] {dag.py:3096} INFO - Sync 1 DAGs
[2026-04-29T13:51:42.317+0200] {logging_mixin.py:188} INFO - [2026-04-29T13:51:42.317+0200] {dag.py:3954} INFO - Setting next_dagrun for example_skip_dag to 2026-04-28 00:00:00+00:00, run_after=2026-04-29 00:00:00+00:00
[2026-04-29T13:51:42.322+0200] {processor.py:183} INFO - Processing /Users/pablofrancoherrero/prueba_tecnica/venv/lib/python3.11/site-packages/airflow/example_dags/example_skip_dag.py took 0.040 seconds
[2026-04-29T13:53:08.772+0200] {processor.py:161} INFO - Started process (PID=91675) to work on /Users/pablofrancoherrero/prueba_tecnica/venv/lib/python3.11/site-packages/airflow/example_dags/example_skip_dag.py
[2026-04-29T13:53:08.772+0200] {processor.py:830} INFO - Processing file /Users/pablofrancoherrero/prueba_tecnica/venv/lib/python3.11/site-packages/airflow/example_dags/example_skip_dag.py for tasks to queue
[2026-04-29T13:53:08.772+0200] {logging_mixin.py:188} INFO - [2026-04-29T13:53:08.772+0200] {dagbag.py:540} INFO - Filling up the DagBag from /Users/pablofrancoherrero/prueba_tecnica/venv/lib/python3.11/site-packages/airflow/example_dags/example_skip_dag.py
[2026-04-29T13:53:08.775+0200] {processor.py:840} INFO - DAG(s) 'example_skip_dag' retrieved from /Users/pablofrancoherrero/prueba_tecnica/venv/lib/python3.11/site-packages/airflow/example_dags/example_skip_dag.py
[2026-04-29T13:53:08.801+0200] {logging_mixin.py:188} INFO - [2026-04-29T13:53:08.801+0200] {dag.py:3096} INFO - Sync 1 DAGs
[2026-04-29T13:53:08.806+0200] {logging_mixin.py:188} INFO - [2026-04-29T13:53:08.805+0200] {dag.py:3954} INFO - Setting next_dagrun for example_skip_dag to 2026-04-28 00:00:00+00:00, run_after=2026-04-29 00:00:00+00:00
[2026-04-29T13:53:08.811+0200] {processor.py:183} INFO - Processing /Users/pablofrancoherrero/prueba_tecnica/venv/lib/python3.11/site-packages/airflow/example_dags/example_skip_dag.py took 0.040 seconds
[2026-04-29T13:54:29.481+0200] {processor.py:161} INFO - Started process (PID=91751) to work on /Users/pablofrancoherrero/prueba_tecnica/venv/lib/python3.11/site-packages/airflow/example_dags/example_skip_dag.py
[2026-04-29T13:54:29.482+0200] {processor.py:830} INFO - Processing file /Users/pablofrancoherrero/prueba_tecnica/venv/lib/python3.11/site-packages/airflow/example_dags/example_skip_dag.py for tasks to queue
[2026-04-29T13:54:29.482+0200] {logging_mixin.py:188} INFO - [2026-04-29T13:54:29.482+0200] {dagbag.py:540} INFO - Filling up the DagBag from /Users/pablofrancoherrero/prueba_tecnica/venv/lib/python3.11/site-packages/airflow/example_dags/example_skip_dag.py
[2026-04-29T13:54:29.485+0200] {processor.py:840} INFO - DAG(s) 'example_skip_dag' retrieved from /Users/pablofrancoherrero/prueba_tecnica/venv/lib/python3.11/site-packages/airflow/example_dags/example_skip_dag.py
[2026-04-29T13:54:29.512+0200] {logging_mixin.py:188} INFO - [2026-04-29T13:54:29.512+0200] {dag.py:3096} INFO - Sync 1 DAGs
[2026-04-29T13:54:29.516+0200] {logging_mixin.py:188} INFO - [2026-04-29T13:54:29.516+0200] {dag.py:3954} INFO - Setting next_dagrun for example_skip_dag to 2026-04-28 00:00:00+00:00, run_after=2026-04-29 00:00:00+00:00
[2026-04-29T13:54:29.521+0200] {processor.py:183} INFO - Processing /Users/pablofrancoherrero/prueba_tecnica/venv/lib/python3.11/site-packages/airflow/example_dags/example_skip_dag.py took 0.041 seconds
[2026-04-29T13:55:57.288+0200] {processor.py:161} INFO - Started process (PID=91908) to work on /Users/pablofrancoherrero/prueba_tecnica/venv/lib/python3.11/site-packages/airflow/example_dags/example_skip_dag.py
[2026-04-29T13:55:57.289+0200] {processor.py:830} INFO - Processing file /Users/pablofrancoherrero/prueba_tecnica/venv/lib/python3.11/site-packages/airflow/example_dags/example_skip_dag.py for tasks to queue
[2026-04-29T13:55:57.289+0200] {logging_mixin.py:188} INFO - [2026-04-29T13:55:57.289+0200] {dagbag.py:540} INFO - Filling up the DagBag from /Users/pablofrancoherrero/prueba_tecnica/venv/lib/python3.11/site-packages/airflow/example_dags/example_skip_dag.py
[2026-04-29T13:55:57.292+0200] {processor.py:840} INFO - DAG(s) 'example_skip_dag' retrieved from /Users/pablofrancoherrero/prueba_tecnica/venv/lib/python3.11/site-packages/airflow/example_dags/example_skip_dag.py
[2026-04-29T13:55:57.320+0200] {logging_mixin.py:188} INFO - [2026-04-29T13:55:57.319+0200] {dag.py:3096} INFO - Sync 1 DAGs
[2026-04-29T13:55:57.324+0200] {logging_mixin.py:188} INFO - [2026-04-29T13:55:57.324+0200] {dag.py:3954} INFO - Setting next_dagrun for example_skip_dag to 2026-04-28 00:00:00+00:00, run_after=2026-04-29 00:00:00+00:00
[2026-04-29T13:55:57.329+0200] {processor.py:183} INFO - Processing /Users/pablofrancoherrero/prueba_tecnica/venv/lib/python3.11/site-packages/airflow/example_dags/example_skip_dag.py took 0.042 seconds
[2026-04-29T13:57:25.036+0200] {processor.py:161} INFO - Started process (PID=92062) to work on /Users/pablofrancoherrero/prueba_tecnica/venv/lib/python3.11/site-packages/airflow/example_dags/example_skip_dag.py
[2026-04-29T13:57:25.037+0200] {processor.py:830} INFO - Processing file /Users/pablofrancoherrero/prueba_tecnica/venv/lib/python3.11/site-packages/airflow/example_dags/example_skip_dag.py for tasks to queue
[2026-04-29T13:57:25.038+0200] {logging_mixin.py:188} INFO - [2026-04-29T13:57:25.038+0200] {dagbag.py:540} INFO - Filling up the DagBag from /Users/pablofrancoherrero/prueba_tecnica/venv/lib/python3.11/site-packages/airflow/example_dags/example_skip_dag.py
[2026-04-29T13:57:25.040+0200] {processor.py:840} INFO - DAG(s) 'example_skip_dag' retrieved from /Users/pablofrancoherrero/prueba_tecnica/venv/lib/python3.11/site-packages/airflow/example_dags/example_skip_dag.py
[2026-04-29T13:57:25.067+0200] {logging_mixin.py:188} INFO - [2026-04-29T13:57:25.067+0200] {dag.py:3096} INFO - Sync 1 DAGs
[2026-04-29T13:57:25.072+0200] {logging_mixin.py:188} INFO - [2026-04-29T13:57:25.072+0200] {dag.py:3954} INFO - Setting next_dagrun for example_skip_dag to 2026-04-28 00:00:00+00:00, run_after=2026-04-29 00:00:00+00:00
[2026-04-29T13:57:25.077+0200] {processor.py:183} INFO - Processing /Users/pablofrancoherrero/prueba_tecnica/venv/lib/python3.11/site-packages/airflow/example_dags/example_skip_dag.py took 0.041 seconds
