[2026-04-29T02:00:29.427+0200] {processor.py:161} INFO - Started process (PID=70636) to work on /Users/pablofrancoherrero/prueba_tecnica/venv/lib/python3.11/site-packages/airflow/example_dags/example_branch_operator.py
[2026-04-29T02:00:29.427+0200] {processor.py:830} INFO - Processing file /Users/pablofrancoherrero/prueba_tecnica/venv/lib/python3.11/site-packages/airflow/example_dags/example_branch_operator.py for tasks to queue
[2026-04-29T02:00:29.427+0200] {logging_mixin.py:188} INFO - [2026-04-29T02:00:29.427+0200] {dagbag.py:540} INFO - Filling up the DagBag from /Users/pablofrancoherrero/prueba_tecnica/venv/lib/python3.11/site-packages/airflow/example_dags/example_branch_operator.py
[2026-04-29T02:00:29.434+0200] {processor.py:842} WARNING - No viable dags retrieved from /Users/pablofrancoherrero/prueba_tecnica/venv/lib/python3.11/site-packages/airflow/example_dags/example_branch_operator.py
[2026-04-29T02:00:29.455+0200] {processor.py:183} INFO - Processing /Users/pablofrancoherrero/prueba_tecnica/venv/lib/python3.11/site-packages/airflow/example_dags/example_branch_operator.py took 0.030 seconds
[2026-04-29T02:01:50.414+0200] {processor.py:161} INFO - Started process (PID=70723) to work on /Users/pablofrancoherrero/prueba_tecnica/venv/lib/python3.11/site-packages/airflow/example_dags/example_branch_operator.py
[2026-04-29T02:01:50.415+0200] {processor.py:830} INFO - Processing file /Users/pablofrancoherrero/prueba_tecnica/venv/lib/python3.11/site-packages/airflow/example_dags/example_branch_operator.py for tasks to queue
[2026-04-29T02:01:50.415+0200] {logging_mixin.py:188} INFO - [2026-04-29T02:01:50.415+0200] {dagbag.py:540} INFO - Filling up the DagBag from /Users/pablofrancoherrero/prueba_tecnica/venv/lib/python3.11/site-packages/airflow/example_dags/example_branch_operator.py
[2026-04-29T02:01:50.425+0200] {processor.py:842} WARNING - No viable dags retrieved from /Users/pablofrancoherrero/prueba_tecnica/venv/lib/python3.11/site-packages/airflow/example_dags/example_branch_operator.py
[2026-04-29T02:01:50.446+0200] {processor.py:183} INFO - Processing /Users/pablofrancoherrero/prueba_tecnica/venv/lib/python3.11/site-packages/airflow/example_dags/example_branch_operator.py took 0.033 seconds
[2026-04-29T02:03:11.506+0200] {processor.py:161} INFO - Started process (PID=70819) to work on /Users/pablofrancoherrero/prueba_tecnica/venv/lib/python3.11/site-packages/airflow/example_dags/example_branch_operator.py
[2026-04-29T02:03:11.507+0200] {processor.py:830} INFO - Processing file /Users/pablofrancoherrero/prueba_tecnica/venv/lib/python3.11/site-packages/airflow/example_dags/example_branch_operator.py for tasks to queue
[2026-04-29T02:03:11.507+0200] {logging_mixin.py:188} INFO - [2026-04-29T02:03:11.507+0200] {dagbag.py:540} INFO - Filling up the DagBag from /Users/pablofrancoherrero/prueba_tecnica/venv/lib/python3.11/site-packages/airflow/example_dags/example_branch_operator.py
[2026-04-29T02:03:11.513+0200] {processor.py:842} WARNING - No viable dags retrieved from /Users/pablofrancoherrero/prueba_tecnica/venv/lib/python3.11/site-packages/airflow/example_dags/example_branch_operator.py
[2026-04-29T02:03:11.534+0200] {processor.py:183} INFO - Processing /Users/pablofrancoherrero/prueba_tecnica/venv/lib/python3.11/site-packages/airflow/example_dags/example_branch_operator.py took 0.029 seconds
[2026-04-29T02:04:30.202+0200] {processor.py:161} INFO - Started process (PID=70919) to work on /Users/pablofrancoherrero/prueba_tecnica/venv/lib/python3.11/site-packages/airflow/example_dags/example_branch_operator.py
[2026-04-29T02:04:30.203+0200] {processor.py:830} INFO - Processing file /Users/pablofrancoherrero/prueba_tecnica/venv/lib/python3.11/site-packages/airflow/example_dags/example_branch_operator.py for tasks to queue
[2026-04-29T02:04:30.203+0200] {logging_mixin.py:188} INFO - [2026-04-29T02:04:30.203+0200] {dagbag.py:540} INFO - Filling up the DagBag from /Users/pablofrancoherrero/prueba_tecnica/venv/lib/python3.11/site-packages/airflow/example_dags/example_branch_operator.py
[2026-04-29T02:04:30.210+0200] {processor.py:842} WARNING - No viable dags retrieved from /Users/pablofrancoherrero/prueba_tecnica/venv/lib/python3.11/site-packages/airflow/example_dags/example_branch_operator.py
[2026-04-29T02:04:30.230+0200] {processor.py:183} INFO - Processing /Users/pablofrancoherrero/prueba_tecnica/venv/lib/python3.11/site-packages/airflow/example_dags/example_branch_operator.py took 0.029 seconds
[2026-04-29T02:05:51.014+0200] {processor.py:161} INFO - Started process (PID=71007) to work on /Users/pablofrancoherrero/prueba_tecnica/venv/lib/python3.11/site-packages/airflow/example_dags/example_branch_operator.py
[2026-04-29T02:05:51.015+0200] {processor.py:830} INFO - Processing file /Users/pablofrancoherrero/prueba_tecnica/venv/lib/python3.11/site-packages/airflow/example_dags/example_branch_operator.py for tasks to queue
[2026-04-29T02:05:51.015+0200] {logging_mixin.py:188} INFO - [2026-04-29T02:05:51.015+0200] {dagbag.py:540} INFO - Filling up the DagBag from /Users/pablofrancoherrero/prueba_tecnica/venv/lib/python3.11/site-packages/airflow/example_dags/example_branch_operator.py
[2026-04-29T02:05:51.021+0200] {processor.py:842} WARNING - No viable dags retrieved from /Users/pablofrancoherrero/prueba_tecnica/venv/lib/python3.11/site-packages/airflow/example_dags/example_branch_operator.py
[2026-04-29T02:05:51.043+0200] {processor.py:183} INFO - Processing /Users/pablofrancoherrero/prueba_tecnica/venv/lib/python3.11/site-packages/airflow/example_dags/example_branch_operator.py took 0.029 seconds
[2026-04-29T02:07:11.385+0200] {processor.py:161} INFO - Started process (PID=71090) to work on /Users/pablofrancoherrero/prueba_tecnica/venv/lib/python3.11/site-packages/airflow/example_dags/example_branch_operator.py
[2026-04-29T02:07:11.386+0200] {processor.py:830} INFO - Processing file /Users/pablofrancoherrero/prueba_tecnica/venv/lib/python3.11/site-packages/airflow/example_dags/example_branch_operator.py for tasks to queue
[2026-04-29T02:07:11.387+0200] {logging_mixin.py:188} INFO - [2026-04-29T02:07:11.386+0200] {dagbag.py:540} INFO - Filling up the DagBag from /Users/pablofrancoherrero/prueba_tecnica/venv/lib/python3.11/site-packages/airflow/example_dags/example_branch_operator.py
[2026-04-29T02:07:11.393+0200] {processor.py:842} WARNING - No viable dags retrieved from /Users/pablofrancoherrero/prueba_tecnica/venv/lib/python3.11/site-packages/airflow/example_dags/example_branch_operator.py
[2026-04-29T02:07:11.414+0200] {processor.py:183} INFO - Processing /Users/pablofrancoherrero/prueba_tecnica/venv/lib/python3.11/site-packages/airflow/example_dags/example_branch_operator.py took 0.030 seconds
[2026-04-29T02:08:31.892+0200] {processor.py:161} INFO - Started process (PID=71178) to work on /Users/pablofrancoherrero/prueba_tecnica/venv/lib/python3.11/site-packages/airflow/example_dags/example_branch_operator.py
[2026-04-29T02:08:31.893+0200] {processor.py:830} INFO - Processing file /Users/pablofrancoherrero/prueba_tecnica/venv/lib/python3.11/site-packages/airflow/example_dags/example_branch_operator.py for tasks to queue
[2026-04-29T02:08:31.893+0200] {logging_mixin.py:188} INFO - [2026-04-29T02:08:31.893+0200] {dagbag.py:540} INFO - Filling up the DagBag from /Users/pablofrancoherrero/prueba_tecnica/venv/lib/python3.11/site-packages/airflow/example_dags/example_branch_operator.py
[2026-04-29T02:08:31.899+0200] {processor.py:842} WARNING - No viable dags retrieved from /Users/pablofrancoherrero/prueba_tecnica/venv/lib/python3.11/site-packages/airflow/example_dags/example_branch_operator.py
[2026-04-29T02:08:31.920+0200] {processor.py:183} INFO - Processing /Users/pablofrancoherrero/prueba_tecnica/venv/lib/python3.11/site-packages/airflow/example_dags/example_branch_operator.py took 0.029 seconds
[2026-04-29T02:09:52.172+0200] {processor.py:161} INFO - Started process (PID=71271) to work on /Users/pablofrancoherrero/prueba_tecnica/venv/lib/python3.11/site-packages/airflow/example_dags/example_branch_operator.py
[2026-04-29T02:09:52.173+0200] {processor.py:830} INFO - Processing file /Users/pablofrancoherrero/prueba_tecnica/venv/lib/python3.11/site-packages/airflow/example_dags/example_branch_operator.py for tasks to queue
[2026-04-29T02:09:52.174+0200] {logging_mixin.py:188} INFO - [2026-04-29T02:09:52.174+0200] {dagbag.py:540} INFO - Filling up the DagBag from /Users/pablofrancoherrero/prueba_tecnica/venv/lib/python3.11/site-packages/airflow/example_dags/example_branch_operator.py
[2026-04-29T02:09:52.180+0200] {processor.py:842} WARNING - No viable dags retrieved from /Users/pablofrancoherrero/prueba_tecnica/venv/lib/python3.11/site-packages/airflow/example_dags/example_branch_operator.py
[2026-04-29T02:09:52.200+0200] {processor.py:183} INFO - Processing /Users/pablofrancoherrero/prueba_tecnica/venv/lib/python3.11/site-packages/airflow/example_dags/example_branch_operator.py took 0.029 seconds
[2026-04-29T02:11:16.370+0200] {processor.py:161} INFO - Started process (PID=71362) to work on /Users/pablofrancoherrero/prueba_tecnica/venv/lib/python3.11/site-packages/airflow/example_dags/example_branch_operator.py
[2026-04-29T02:11:16.371+0200] {processor.py:830} INFO - Processing file /Users/pablofrancoherrero/prueba_tecnica/venv/lib/python3.11/site-packages/airflow/example_dags/example_branch_operator.py for tasks to queue
[2026-04-29T02:11:16.371+0200] {logging_mixin.py:188} INFO - [2026-04-29T02:11:16.371+0200] {dagbag.py:540} INFO - Filling up the DagBag from /Users/pablofrancoherrero/prueba_tecnica/venv/lib/python3.11/site-packages/airflow/example_dags/example_branch_operator.py
[2026-04-29T02:11:16.377+0200] {processor.py:842} WARNING - No viable dags retrieved from /Users/pablofrancoherrero/prueba_tecnica/venv/lib/python3.11/site-packages/airflow/example_dags/example_branch_operator.py
[2026-04-29T02:11:16.399+0200] {processor.py:183} INFO - Processing /Users/pablofrancoherrero/prueba_tecnica/venv/lib/python3.11/site-packages/airflow/example_dags/example_branch_operator.py took 0.030 seconds
[2026-04-29T02:12:38.463+0200] {processor.py:161} INFO - Started process (PID=71449) to work on /Users/pablofrancoherrero/prueba_tecnica/venv/lib/python3.11/site-packages/airflow/example_dags/example_branch_operator.py
[2026-04-29T02:12:38.463+0200] {processor.py:830} INFO - Processing file /Users/pablofrancoherrero/prueba_tecnica/venv/lib/python3.11/site-packages/airflow/example_dags/example_branch_operator.py for tasks to queue
[2026-04-29T02:12:38.463+0200] {logging_mixin.py:188} INFO - [2026-04-29T02:12:38.463+0200] {dagbag.py:540} INFO - Filling up the DagBag from /Users/pablofrancoherrero/prueba_tecnica/venv/lib/python3.11/site-packages/airflow/example_dags/example_branch_operator.py
[2026-04-29T02:12:38.470+0200] {processor.py:842} WARNING - No viable dags retrieved from /Users/pablofrancoherrero/prueba_tecnica/venv/lib/python3.11/site-packages/airflow/example_dags/example_branch_operator.py
[2026-04-29T02:12:38.490+0200] {processor.py:183} INFO - Processing /Users/pablofrancoherrero/prueba_tecnica/venv/lib/python3.11/site-packages/airflow/example_dags/example_branch_operator.py took 0.029 seconds
[2026-04-29T02:13:57.595+0200] {processor.py:161} INFO - Started process (PID=71532) to work on /Users/pablofrancoherrero/prueba_tecnica/venv/lib/python3.11/site-packages/airflow/example_dags/example_branch_operator.py
[2026-04-29T02:13:57.597+0200] {processor.py:830} INFO - Processing file /Users/pablofrancoherrero/prueba_tecnica/venv/lib/python3.11/site-packages/airflow/example_dags/example_branch_operator.py for tasks to queue
[2026-04-29T02:13:57.597+0200] {logging_mixin.py:188} INFO - [2026-04-29T02:13:57.597+0200] {dagbag.py:540} INFO - Filling up the DagBag from /Users/pablofrancoherrero/prueba_tecnica/venv/lib/python3.11/site-packages/airflow/example_dags/example_branch_operator.py
[2026-04-29T02:13:57.603+0200] {processor.py:842} WARNING - No viable dags retrieved from /Users/pablofrancoherrero/prueba_tecnica/venv/lib/python3.11/site-packages/airflow/example_dags/example_branch_operator.py
[2026-04-29T02:13:57.624+0200] {processor.py:183} INFO - Processing /Users/pablofrancoherrero/prueba_tecnica/venv/lib/python3.11/site-packages/airflow/example_dags/example_branch_operator.py took 0.029 seconds
[2026-04-29T02:15:19.405+0200] {processor.py:161} INFO - Started process (PID=71614) to work on /Users/pablofrancoherrero/prueba_tecnica/venv/lib/python3.11/site-packages/airflow/example_dags/example_branch_operator.py
[2026-04-29T02:15:19.406+0200] {processor.py:830} INFO - Processing file /Users/pablofrancoherrero/prueba_tecnica/venv/lib/python3.11/site-packages/airflow/example_dags/example_branch_operator.py for tasks to queue
[2026-04-29T02:15:19.407+0200] {logging_mixin.py:188} INFO - [2026-04-29T02:15:19.407+0200] {dagbag.py:540} INFO - Filling up the DagBag from /Users/pablofrancoherrero/prueba_tecnica/venv/lib/python3.11/site-packages/airflow/example_dags/example_branch_operator.py
[2026-04-29T02:15:19.413+0200] {processor.py:842} WARNING - No viable dags retrieved from /Users/pablofrancoherrero/prueba_tecnica/venv/lib/python3.11/site-packages/airflow/example_dags/example_branch_operator.py
[2026-04-29T02:15:19.433+0200] {processor.py:183} INFO - Processing /Users/pablofrancoherrero/prueba_tecnica/venv/lib/python3.11/site-packages/airflow/example_dags/example_branch_operator.py took 0.029 seconds
[2026-04-29T02:16:40.765+0200] {processor.py:161} INFO - Started process (PID=71725) to work on /Users/pablofrancoherrero/prueba_tecnica/venv/lib/python3.11/site-packages/airflow/example_dags/example_branch_operator.py
[2026-04-29T02:16:40.766+0200] {processor.py:830} INFO - Processing file /Users/pablofrancoherrero/prueba_tecnica/venv/lib/python3.11/site-packages/airflow/example_dags/example_branch_operator.py for tasks to queue
[2026-04-29T02:16:40.766+0200] {logging_mixin.py:188} INFO - [2026-04-29T02:16:40.766+0200] {dagbag.py:540} INFO - Filling up the DagBag from /Users/pablofrancoherrero/prueba_tecnica/venv/lib/python3.11/site-packages/airflow/example_dags/example_branch_operator.py
[2026-04-29T02:16:40.773+0200] {processor.py:842} WARNING - No viable dags retrieved from /Users/pablofrancoherrero/prueba_tecnica/venv/lib/python3.11/site-packages/airflow/example_dags/example_branch_operator.py
[2026-04-29T02:16:40.794+0200] {processor.py:183} INFO - Processing /Users/pablofrancoherrero/prueba_tecnica/venv/lib/python3.11/site-packages/airflow/example_dags/example_branch_operator.py took 0.030 seconds
[2026-04-29T02:34:38.233+0200] {processor.py:161} INFO - Started process (PID=71931) to work on /Users/pablofrancoherrero/prueba_tecnica/venv/lib/python3.11/site-packages/airflow/example_dags/example_branch_operator.py
[2026-04-29T02:34:38.234+0200] {processor.py:830} INFO - Processing file /Users/pablofrancoherrero/prueba_tecnica/venv/lib/python3.11/site-packages/airflow/example_dags/example_branch_operator.py for tasks to queue
[2026-04-29T02:34:38.234+0200] {logging_mixin.py:188} INFO - [2026-04-29T02:34:38.234+0200] {dagbag.py:540} INFO - Filling up the DagBag from /Users/pablofrancoherrero/prueba_tecnica/venv/lib/python3.11/site-packages/airflow/example_dags/example_branch_operator.py
[2026-04-29T02:34:38.240+0200] {processor.py:842} WARNING - No viable dags retrieved from /Users/pablofrancoherrero/prueba_tecnica/venv/lib/python3.11/site-packages/airflow/example_dags/example_branch_operator.py
[2026-04-29T02:34:38.261+0200] {processor.py:183} INFO - Processing /Users/pablofrancoherrero/prueba_tecnica/venv/lib/python3.11/site-packages/airflow/example_dags/example_branch_operator.py took 0.029 seconds
[2026-04-29T03:09:23.945+0200] {processor.py:161} INFO - Started process (PID=72079) to work on /Users/pablofrancoherrero/prueba_tecnica/venv/lib/python3.11/site-packages/airflow/example_dags/example_branch_operator.py
[2026-04-29T03:09:23.945+0200] {processor.py:830} INFO - Processing file /Users/pablofrancoherrero/prueba_tecnica/venv/lib/python3.11/site-packages/airflow/example_dags/example_branch_operator.py for tasks to queue
[2026-04-29T03:09:23.945+0200] {logging_mixin.py:188} INFO - [2026-04-29T03:09:23.945+0200] {dagbag.py:540} INFO - Filling up the DagBag from /Users/pablofrancoherrero/prueba_tecnica/venv/lib/python3.11/site-packages/airflow/example_dags/example_branch_operator.py
[2026-04-29T03:09:23.952+0200] {processor.py:842} WARNING - No viable dags retrieved from /Users/pablofrancoherrero/prueba_tecnica/venv/lib/python3.11/site-packages/airflow/example_dags/example_branch_operator.py
[2026-04-29T03:09:23.973+0200] {processor.py:183} INFO - Processing /Users/pablofrancoherrero/prueba_tecnica/venv/lib/python3.11/site-packages/airflow/example_dags/example_branch_operator.py took 0.030 seconds
[2026-04-29T03:26:23.652+0200] {processor.py:161} INFO - Started process (PID=72302) to work on /Users/pablofrancoherrero/prueba_tecnica/venv/lib/python3.11/site-packages/airflow/example_dags/example_branch_operator.py
[2026-04-29T03:26:23.653+0200] {processor.py:830} INFO - Processing file /Users/pablofrancoherrero/prueba_tecnica/venv/lib/python3.11/site-packages/airflow/example_dags/example_branch_operator.py for tasks to queue
[2026-04-29T03:26:23.653+0200] {logging_mixin.py:188} INFO - [2026-04-29T03:26:23.653+0200] {dagbag.py:540} INFO - Filling up the DagBag from /Users/pablofrancoherrero/prueba_tecnica/venv/lib/python3.11/site-packages/airflow/example_dags/example_branch_operator.py
[2026-04-29T03:26:23.660+0200] {processor.py:842} WARNING - No viable dags retrieved from /Users/pablofrancoherrero/prueba_tecnica/venv/lib/python3.11/site-packages/airflow/example_dags/example_branch_operator.py
[2026-04-29T03:26:23.680+0200] {processor.py:183} INFO - Processing /Users/pablofrancoherrero/prueba_tecnica/venv/lib/python3.11/site-packages/airflow/example_dags/example_branch_operator.py took 0.029 seconds
[2026-04-29T03:53:23.056+0200] {processor.py:161} INFO - Started process (PID=72434) to work on /Users/pablofrancoherrero/prueba_tecnica/venv/lib/python3.11/site-packages/airflow/example_dags/example_branch_operator.py
[2026-04-29T03:53:23.057+0200] {processor.py:830} INFO - Processing file /Users/pablofrancoherrero/prueba_tecnica/venv/lib/python3.11/site-packages/airflow/example_dags/example_branch_operator.py for tasks to queue
[2026-04-29T03:53:23.057+0200] {logging_mixin.py:188} INFO - [2026-04-29T03:53:23.057+0200] {dagbag.py:540} INFO - Filling up the DagBag from /Users/pablofrancoherrero/prueba_tecnica/venv/lib/python3.11/site-packages/airflow/example_dags/example_branch_operator.py
[2026-04-29T03:53:23.063+0200] {processor.py:842} WARNING - No viable dags retrieved from /Users/pablofrancoherrero/prueba_tecnica/venv/lib/python3.11/site-packages/airflow/example_dags/example_branch_operator.py
[2026-04-29T03:53:23.084+0200] {processor.py:183} INFO - Processing /Users/pablofrancoherrero/prueba_tecnica/venv/lib/python3.11/site-packages/airflow/example_dags/example_branch_operator.py took 0.029 seconds
[2026-04-29T04:26:04.407+0200] {processor.py:161} INFO - Started process (PID=72607) to work on /Users/pablofrancoherrero/prueba_tecnica/venv/lib/python3.11/site-packages/airflow/example_dags/example_branch_operator.py
[2026-04-29T04:26:04.407+0200] {processor.py:830} INFO - Processing file /Users/pablofrancoherrero/prueba_tecnica/venv/lib/python3.11/site-packages/airflow/example_dags/example_branch_operator.py for tasks to queue
[2026-04-29T04:26:04.407+0200] {logging_mixin.py:188} INFO - [2026-04-29T04:26:04.407+0200] {dagbag.py:540} INFO - Filling up the DagBag from /Users/pablofrancoherrero/prueba_tecnica/venv/lib/python3.11/site-packages/airflow/example_dags/example_branch_operator.py
[2026-04-29T04:26:04.414+0200] {processor.py:842} WARNING - No viable dags retrieved from /Users/pablofrancoherrero/prueba_tecnica/venv/lib/python3.11/site-packages/airflow/example_dags/example_branch_operator.py
[2026-04-29T04:26:04.435+0200] {processor.py:183} INFO - Processing /Users/pablofrancoherrero/prueba_tecnica/venv/lib/python3.11/site-packages/airflow/example_dags/example_branch_operator.py took 0.029 seconds
[2026-04-29T05:00:50.999+0200] {processor.py:161} INFO - Started process (PID=72818) to work on /Users/pablofrancoherrero/prueba_tecnica/venv/lib/python3.11/site-packages/airflow/example_dags/example_branch_operator.py
[2026-04-29T05:00:51.000+0200] {processor.py:830} INFO - Processing file /Users/pablofrancoherrero/prueba_tecnica/venv/lib/python3.11/site-packages/airflow/example_dags/example_branch_operator.py for tasks to queue
[2026-04-29T05:00:51.000+0200] {logging_mixin.py:188} INFO - [2026-04-29T05:00:51.000+0200] {dagbag.py:540} INFO - Filling up the DagBag from /Users/pablofrancoherrero/prueba_tecnica/venv/lib/python3.11/site-packages/airflow/example_dags/example_branch_operator.py
[2026-04-29T05:00:51.006+0200] {processor.py:842} WARNING - No viable dags retrieved from /Users/pablofrancoherrero/prueba_tecnica/venv/lib/python3.11/site-packages/airflow/example_dags/example_branch_operator.py
[2026-04-29T05:00:51.027+0200] {processor.py:183} INFO - Processing /Users/pablofrancoherrero/prueba_tecnica/venv/lib/python3.11/site-packages/airflow/example_dags/example_branch_operator.py took 0.029 seconds
[2026-04-29T05:17:58.221+0200] {processor.py:161} INFO - Started process (PID=73167) to work on /Users/pablofrancoherrero/prueba_tecnica/venv/lib/python3.11/site-packages/airflow/example_dags/example_branch_operator.py
[2026-04-29T05:17:58.222+0200] {processor.py:830} INFO - Processing file /Users/pablofrancoherrero/prueba_tecnica/venv/lib/python3.11/site-packages/airflow/example_dags/example_branch_operator.py for tasks to queue
[2026-04-29T05:17:58.222+0200] {logging_mixin.py:188} INFO - [2026-04-29T05:17:58.222+0200] {dagbag.py:540} INFO - Filling up the DagBag from /Users/pablofrancoherrero/prueba_tecnica/venv/lib/python3.11/site-packages/airflow/example_dags/example_branch_operator.py
[2026-04-29T05:17:58.228+0200] {processor.py:842} WARNING - No viable dags retrieved from /Users/pablofrancoherrero/prueba_tecnica/venv/lib/python3.11/site-packages/airflow/example_dags/example_branch_operator.py
[2026-04-29T05:17:58.249+0200] {processor.py:183} INFO - Processing /Users/pablofrancoherrero/prueba_tecnica/venv/lib/python3.11/site-packages/airflow/example_dags/example_branch_operator.py took 0.028 seconds
[2026-04-29T05:19:18.370+0200] {processor.py:161} INFO - Started process (PID=73315) to work on /Users/pablofrancoherrero/prueba_tecnica/venv/lib/python3.11/site-packages/airflow/example_dags/example_branch_operator.py
[2026-04-29T05:19:18.371+0200] {processor.py:830} INFO - Processing file /Users/pablofrancoherrero/prueba_tecnica/venv/lib/python3.11/site-packages/airflow/example_dags/example_branch_operator.py for tasks to queue
[2026-04-29T05:19:18.371+0200] {logging_mixin.py:188} INFO - [2026-04-29T05:19:18.371+0200] {dagbag.py:540} INFO - Filling up the DagBag from /Users/pablofrancoherrero/prueba_tecnica/venv/lib/python3.11/site-packages/airflow/example_dags/example_branch_operator.py
[2026-04-29T05:19:18.378+0200] {processor.py:842} WARNING - No viable dags retrieved from /Users/pablofrancoherrero/prueba_tecnica/venv/lib/python3.11/site-packages/airflow/example_dags/example_branch_operator.py
[2026-04-29T05:19:18.398+0200] {processor.py:183} INFO - Processing /Users/pablofrancoherrero/prueba_tecnica/venv/lib/python3.11/site-packages/airflow/example_dags/example_branch_operator.py took 0.028 seconds
[2026-04-29T05:20:38.608+0200] {processor.py:161} INFO - Started process (PID=73424) to work on /Users/pablofrancoherrero/prueba_tecnica/venv/lib/python3.11/site-packages/airflow/example_dags/example_branch_operator.py
[2026-04-29T05:20:38.608+0200] {processor.py:830} INFO - Processing file /Users/pablofrancoherrero/prueba_tecnica/venv/lib/python3.11/site-packages/airflow/example_dags/example_branch_operator.py for tasks to queue
[2026-04-29T05:20:38.608+0200] {logging_mixin.py:188} INFO - [2026-04-29T05:20:38.608+0200] {dagbag.py:540} INFO - Filling up the DagBag from /Users/pablofrancoherrero/prueba_tecnica/venv/lib/python3.11/site-packages/airflow/example_dags/example_branch_operator.py
[2026-04-29T05:20:38.615+0200] {processor.py:842} WARNING - No viable dags retrieved from /Users/pablofrancoherrero/prueba_tecnica/venv/lib/python3.11/site-packages/airflow/example_dags/example_branch_operator.py
[2026-04-29T05:20:38.636+0200] {processor.py:183} INFO - Processing /Users/pablofrancoherrero/prueba_tecnica/venv/lib/python3.11/site-packages/airflow/example_dags/example_branch_operator.py took 0.029 seconds
[2026-04-29T05:21:58.614+0200] {processor.py:161} INFO - Started process (PID=73531) to work on /Users/pablofrancoherrero/prueba_tecnica/venv/lib/python3.11/site-packages/airflow/example_dags/example_branch_operator.py
[2026-04-29T05:21:58.614+0200] {processor.py:830} INFO - Processing file /Users/pablofrancoherrero/prueba_tecnica/venv/lib/python3.11/site-packages/airflow/example_dags/example_branch_operator.py for tasks to queue
[2026-04-29T05:21:58.614+0200] {logging_mixin.py:188} INFO - [2026-04-29T05:21:58.614+0200] {dagbag.py:540} INFO - Filling up the DagBag from /Users/pablofrancoherrero/prueba_tecnica/venv/lib/python3.11/site-packages/airflow/example_dags/example_branch_operator.py
[2026-04-29T05:21:58.621+0200] {processor.py:842} WARNING - No viable dags retrieved from /Users/pablofrancoherrero/prueba_tecnica/venv/lib/python3.11/site-packages/airflow/example_dags/example_branch_operator.py
[2026-04-29T05:21:58.642+0200] {processor.py:183} INFO - Processing /Users/pablofrancoherrero/prueba_tecnica/venv/lib/python3.11/site-packages/airflow/example_dags/example_branch_operator.py took 0.029 seconds
[2026-04-29T05:23:20.802+0200] {processor.py:161} INFO - Started process (PID=73637) to work on /Users/pablofrancoherrero/prueba_tecnica/venv/lib/python3.11/site-packages/airflow/example_dags/example_branch_operator.py
[2026-04-29T05:23:20.803+0200] {processor.py:830} INFO - Processing file /Users/pablofrancoherrero/prueba_tecnica/venv/lib/python3.11/site-packages/airflow/example_dags/example_branch_operator.py for tasks to queue
[2026-04-29T05:23:20.803+0200] {logging_mixin.py:188} INFO - [2026-04-29T05:23:20.803+0200] {dagbag.py:540} INFO - Filling up the DagBag from /Users/pablofrancoherrero/prueba_tecnica/venv/lib/python3.11/site-packages/airflow/example_dags/example_branch_operator.py
[2026-04-29T05:23:20.809+0200] {processor.py:842} WARNING - No viable dags retrieved from /Users/pablofrancoherrero/prueba_tecnica/venv/lib/python3.11/site-packages/airflow/example_dags/example_branch_operator.py
[2026-04-29T05:23:20.830+0200] {processor.py:183} INFO - Processing /Users/pablofrancoherrero/prueba_tecnica/venv/lib/python3.11/site-packages/airflow/example_dags/example_branch_operator.py took 0.029 seconds
[2026-04-29T05:24:39.708+0200] {processor.py:161} INFO - Started process (PID=73734) to work on /Users/pablofrancoherrero/prueba_tecnica/venv/lib/python3.11/site-packages/airflow/example_dags/example_branch_operator.py
[2026-04-29T05:24:39.709+0200] {processor.py:830} INFO - Processing file /Users/pablofrancoherrero/prueba_tecnica/venv/lib/python3.11/site-packages/airflow/example_dags/example_branch_operator.py for tasks to queue
[2026-04-29T05:24:39.709+0200] {logging_mixin.py:188} INFO - [2026-04-29T05:24:39.709+0200] {dagbag.py:540} INFO - Filling up the DagBag from /Users/pablofrancoherrero/prueba_tecnica/venv/lib/python3.11/site-packages/airflow/example_dags/example_branch_operator.py
[2026-04-29T05:24:39.715+0200] {processor.py:842} WARNING - No viable dags retrieved from /Users/pablofrancoherrero/prueba_tecnica/venv/lib/python3.11/site-packages/airflow/example_dags/example_branch_operator.py
[2026-04-29T05:24:39.736+0200] {processor.py:183} INFO - Processing /Users/pablofrancoherrero/prueba_tecnica/venv/lib/python3.11/site-packages/airflow/example_dags/example_branch_operator.py took 0.029 seconds
[2026-04-29T05:26:00.740+0200] {processor.py:161} INFO - Started process (PID=73818) to work on /Users/pablofrancoherrero/prueba_tecnica/venv/lib/python3.11/site-packages/airflow/example_dags/example_branch_operator.py
[2026-04-29T05:26:00.741+0200] {processor.py:830} INFO - Processing file /Users/pablofrancoherrero/prueba_tecnica/venv/lib/python3.11/site-packages/airflow/example_dags/example_branch_operator.py for tasks to queue
[2026-04-29T05:26:00.741+0200] {logging_mixin.py:188} INFO - [2026-04-29T05:26:00.741+0200] {dagbag.py:540} INFO - Filling up the DagBag from /Users/pablofrancoherrero/prueba_tecnica/venv/lib/python3.11/site-packages/airflow/example_dags/example_branch_operator.py
[2026-04-29T05:26:00.748+0200] {processor.py:842} WARNING - No viable dags retrieved from /Users/pablofrancoherrero/prueba_tecnica/venv/lib/python3.11/site-packages/airflow/example_dags/example_branch_operator.py
[2026-04-29T05:26:00.769+0200] {processor.py:183} INFO - Processing /Users/pablofrancoherrero/prueba_tecnica/venv/lib/python3.11/site-packages/airflow/example_dags/example_branch_operator.py took 0.029 seconds
[2026-04-29T05:27:21.925+0200] {processor.py:161} INFO - Started process (PID=73907) to work on /Users/pablofrancoherrero/prueba_tecnica/venv/lib/python3.11/site-packages/airflow/example_dags/example_branch_operator.py
[2026-04-29T05:27:21.926+0200] {processor.py:830} INFO - Processing file /Users/pablofrancoherrero/prueba_tecnica/venv/lib/python3.11/site-packages/airflow/example_dags/example_branch_operator.py for tasks to queue
[2026-04-29T05:27:21.926+0200] {logging_mixin.py:188} INFO - [2026-04-29T05:27:21.926+0200] {dagbag.py:540} INFO - Filling up the DagBag from /Users/pablofrancoherrero/prueba_tecnica/venv/lib/python3.11/site-packages/airflow/example_dags/example_branch_operator.py
[2026-04-29T05:27:21.932+0200] {processor.py:842} WARNING - No viable dags retrieved from /Users/pablofrancoherrero/prueba_tecnica/venv/lib/python3.11/site-packages/airflow/example_dags/example_branch_operator.py
[2026-04-29T05:27:21.953+0200] {processor.py:183} INFO - Processing /Users/pablofrancoherrero/prueba_tecnica/venv/lib/python3.11/site-packages/airflow/example_dags/example_branch_operator.py took 0.029 seconds
[2026-04-29T05:28:43.759+0200] {processor.py:161} INFO - Started process (PID=74011) to work on /Users/pablofrancoherrero/prueba_tecnica/venv/lib/python3.11/site-packages/airflow/example_dags/example_branch_operator.py
[2026-04-29T05:28:43.761+0200] {processor.py:830} INFO - Processing file /Users/pablofrancoherrero/prueba_tecnica/venv/lib/python3.11/site-packages/airflow/example_dags/example_branch_operator.py for tasks to queue
[2026-04-29T05:28:43.761+0200] {logging_mixin.py:188} INFO - [2026-04-29T05:28:43.761+0200] {dagbag.py:540} INFO - Filling up the DagBag from /Users/pablofrancoherrero/prueba_tecnica/venv/lib/python3.11/site-packages/airflow/example_dags/example_branch_operator.py
[2026-04-29T05:28:43.767+0200] {processor.py:842} WARNING - No viable dags retrieved from /Users/pablofrancoherrero/prueba_tecnica/venv/lib/python3.11/site-packages/airflow/example_dags/example_branch_operator.py
[2026-04-29T05:28:43.788+0200] {processor.py:183} INFO - Processing /Users/pablofrancoherrero/prueba_tecnica/venv/lib/python3.11/site-packages/airflow/example_dags/example_branch_operator.py took 0.030 seconds
[2026-04-29T05:30:01.964+0200] {processor.py:161} INFO - Started process (PID=74093) to work on /Users/pablofrancoherrero/prueba_tecnica/venv/lib/python3.11/site-packages/airflow/example_dags/example_branch_operator.py
[2026-04-29T05:30:01.965+0200] {processor.py:830} INFO - Processing file /Users/pablofrancoherrero/prueba_tecnica/venv/lib/python3.11/site-packages/airflow/example_dags/example_branch_operator.py for tasks to queue
[2026-04-29T05:30:01.965+0200] {logging_mixin.py:188} INFO - [2026-04-29T05:30:01.965+0200] {dagbag.py:540} INFO - Filling up the DagBag from /Users/pablofrancoherrero/prueba_tecnica/venv/lib/python3.11/site-packages/airflow/example_dags/example_branch_operator.py
[2026-04-29T05:30:01.971+0200] {processor.py:842} WARNING - No viable dags retrieved from /Users/pablofrancoherrero/prueba_tecnica/venv/lib/python3.11/site-packages/airflow/example_dags/example_branch_operator.py
[2026-04-29T05:30:01.992+0200] {processor.py:183} INFO - Processing /Users/pablofrancoherrero/prueba_tecnica/venv/lib/python3.11/site-packages/airflow/example_dags/example_branch_operator.py took 0.028 seconds
[2026-04-29T05:31:19.927+0200] {processor.py:161} INFO - Started process (PID=74175) to work on /Users/pablofrancoherrero/prueba_tecnica/venv/lib/python3.11/site-packages/airflow/example_dags/example_branch_operator.py
[2026-04-29T05:31:19.929+0200] {processor.py:830} INFO - Processing file /Users/pablofrancoherrero/prueba_tecnica/venv/lib/python3.11/site-packages/airflow/example_dags/example_branch_operator.py for tasks to queue
[2026-04-29T05:31:19.929+0200] {logging_mixin.py:188} INFO - [2026-04-29T05:31:19.929+0200] {dagbag.py:540} INFO - Filling up the DagBag from /Users/pablofrancoherrero/prueba_tecnica/venv/lib/python3.11/site-packages/airflow/example_dags/example_branch_operator.py
[2026-04-29T05:31:19.935+0200] {processor.py:842} WARNING - No viable dags retrieved from /Users/pablofrancoherrero/prueba_tecnica/venv/lib/python3.11/site-packages/airflow/example_dags/example_branch_operator.py
[2026-04-29T05:31:19.956+0200] {processor.py:183} INFO - Processing /Users/pablofrancoherrero/prueba_tecnica/venv/lib/python3.11/site-packages/airflow/example_dags/example_branch_operator.py took 0.029 seconds
[2026-04-29T05:32:42.086+0200] {processor.py:161} INFO - Started process (PID=74266) to work on /Users/pablofrancoherrero/prueba_tecnica/venv/lib/python3.11/site-packages/airflow/example_dags/example_branch_operator.py
[2026-04-29T05:32:42.087+0200] {processor.py:830} INFO - Processing file /Users/pablofrancoherrero/prueba_tecnica/venv/lib/python3.11/site-packages/airflow/example_dags/example_branch_operator.py for tasks to queue
[2026-04-29T05:32:42.087+0200] {logging_mixin.py:188} INFO - [2026-04-29T05:32:42.087+0200] {dagbag.py:540} INFO - Filling up the DagBag from /Users/pablofrancoherrero/prueba_tecnica/venv/lib/python3.11/site-packages/airflow/example_dags/example_branch_operator.py
[2026-04-29T05:32:42.093+0200] {processor.py:842} WARNING - No viable dags retrieved from /Users/pablofrancoherrero/prueba_tecnica/venv/lib/python3.11/site-packages/airflow/example_dags/example_branch_operator.py
[2026-04-29T05:32:42.114+0200] {processor.py:183} INFO - Processing /Users/pablofrancoherrero/prueba_tecnica/venv/lib/python3.11/site-packages/airflow/example_dags/example_branch_operator.py took 0.029 seconds
[2026-04-29T05:34:03.545+0200] {processor.py:161} INFO - Started process (PID=74397) to work on /Users/pablofrancoherrero/prueba_tecnica/venv/lib/python3.11/site-packages/airflow/example_dags/example_branch_operator.py
[2026-04-29T05:34:03.546+0200] {processor.py:830} INFO - Processing file /Users/pablofrancoherrero/prueba_tecnica/venv/lib/python3.11/site-packages/airflow/example_dags/example_branch_operator.py for tasks to queue
[2026-04-29T05:34:03.546+0200] {logging_mixin.py:188} INFO - [2026-04-29T05:34:03.546+0200] {dagbag.py:540} INFO - Filling up the DagBag from /Users/pablofrancoherrero/prueba_tecnica/venv/lib/python3.11/site-packages/airflow/example_dags/example_branch_operator.py
[2026-04-29T05:34:03.553+0200] {processor.py:842} WARNING - No viable dags retrieved from /Users/pablofrancoherrero/prueba_tecnica/venv/lib/python3.11/site-packages/airflow/example_dags/example_branch_operator.py
[2026-04-29T05:34:03.573+0200] {processor.py:183} INFO - Processing /Users/pablofrancoherrero/prueba_tecnica/venv/lib/python3.11/site-packages/airflow/example_dags/example_branch_operator.py took 0.029 seconds
[2026-04-29T05:35:21.432+0200] {processor.py:161} INFO - Started process (PID=74488) to work on /Users/pablofrancoherrero/prueba_tecnica/venv/lib/python3.11/site-packages/airflow/example_dags/example_branch_operator.py
[2026-04-29T05:35:21.433+0200] {processor.py:830} INFO - Processing file /Users/pablofrancoherrero/prueba_tecnica/venv/lib/python3.11/site-packages/airflow/example_dags/example_branch_operator.py for tasks to queue
[2026-04-29T05:35:21.433+0200] {logging_mixin.py:188} INFO - [2026-04-29T05:35:21.433+0200] {dagbag.py:540} INFO - Filling up the DagBag from /Users/pablofrancoherrero/prueba_tecnica/venv/lib/python3.11/site-packages/airflow/example_dags/example_branch_operator.py
[2026-04-29T05:35:21.442+0200] {processor.py:842} WARNING - No viable dags retrieved from /Users/pablofrancoherrero/prueba_tecnica/venv/lib/python3.11/site-packages/airflow/example_dags/example_branch_operator.py
[2026-04-29T05:35:21.463+0200] {processor.py:183} INFO - Processing /Users/pablofrancoherrero/prueba_tecnica/venv/lib/python3.11/site-packages/airflow/example_dags/example_branch_operator.py took 0.031 seconds
[2026-04-29T05:36:42.598+0200] {processor.py:161} INFO - Started process (PID=74574) to work on /Users/pablofrancoherrero/prueba_tecnica/venv/lib/python3.11/site-packages/airflow/example_dags/example_branch_operator.py
[2026-04-29T05:36:42.599+0200] {processor.py:830} INFO - Processing file /Users/pablofrancoherrero/prueba_tecnica/venv/lib/python3.11/site-packages/airflow/example_dags/example_branch_operator.py for tasks to queue
[2026-04-29T05:36:42.599+0200] {logging_mixin.py:188} INFO - [2026-04-29T05:36:42.599+0200] {dagbag.py:540} INFO - Filling up the DagBag from /Users/pablofrancoherrero/prueba_tecnica/venv/lib/python3.11/site-packages/airflow/example_dags/example_branch_operator.py
[2026-04-29T05:36:42.606+0200] {processor.py:842} WARNING - No viable dags retrieved from /Users/pablofrancoherrero/prueba_tecnica/venv/lib/python3.11/site-packages/airflow/example_dags/example_branch_operator.py
[2026-04-29T05:36:42.627+0200] {processor.py:183} INFO - Processing /Users/pablofrancoherrero/prueba_tecnica/venv/lib/python3.11/site-packages/airflow/example_dags/example_branch_operator.py took 0.029 seconds
[2026-04-29T05:38:02.982+0200] {processor.py:161} INFO - Started process (PID=74666) to work on /Users/pablofrancoherrero/prueba_tecnica/venv/lib/python3.11/site-packages/airflow/example_dags/example_branch_operator.py
[2026-04-29T05:38:02.983+0200] {processor.py:830} INFO - Processing file /Users/pablofrancoherrero/prueba_tecnica/venv/lib/python3.11/site-packages/airflow/example_dags/example_branch_operator.py for tasks to queue
[2026-04-29T05:38:02.983+0200] {logging_mixin.py:188} INFO - [2026-04-29T05:38:02.983+0200] {dagbag.py:540} INFO - Filling up the DagBag from /Users/pablofrancoherrero/prueba_tecnica/venv/lib/python3.11/site-packages/airflow/example_dags/example_branch_operator.py
[2026-04-29T05:38:02.989+0200] {processor.py:842} WARNING - No viable dags retrieved from /Users/pablofrancoherrero/prueba_tecnica/venv/lib/python3.11/site-packages/airflow/example_dags/example_branch_operator.py
[2026-04-29T05:38:03.010+0200] {processor.py:183} INFO - Processing /Users/pablofrancoherrero/prueba_tecnica/venv/lib/python3.11/site-packages/airflow/example_dags/example_branch_operator.py took 0.028 seconds
[2026-04-29T05:39:24.074+0200] {processor.py:161} INFO - Started process (PID=74767) to work on /Users/pablofrancoherrero/prueba_tecnica/venv/lib/python3.11/site-packages/airflow/example_dags/example_branch_operator.py
[2026-04-29T05:39:24.075+0200] {processor.py:830} INFO - Processing file /Users/pablofrancoherrero/prueba_tecnica/venv/lib/python3.11/site-packages/airflow/example_dags/example_branch_operator.py for tasks to queue
[2026-04-29T05:39:24.075+0200] {logging_mixin.py:188} INFO - [2026-04-29T05:39:24.075+0200] {dagbag.py:540} INFO - Filling up the DagBag from /Users/pablofrancoherrero/prueba_tecnica/venv/lib/python3.11/site-packages/airflow/example_dags/example_branch_operator.py
[2026-04-29T05:39:24.081+0200] {processor.py:842} WARNING - No viable dags retrieved from /Users/pablofrancoherrero/prueba_tecnica/venv/lib/python3.11/site-packages/airflow/example_dags/example_branch_operator.py
[2026-04-29T05:39:24.102+0200] {processor.py:183} INFO - Processing /Users/pablofrancoherrero/prueba_tecnica/venv/lib/python3.11/site-packages/airflow/example_dags/example_branch_operator.py took 0.030 seconds
[2026-04-29T05:40:46.731+0200] {processor.py:161} INFO - Started process (PID=74867) to work on /Users/pablofrancoherrero/prueba_tecnica/venv/lib/python3.11/site-packages/airflow/example_dags/example_branch_operator.py
[2026-04-29T05:40:46.732+0200] {processor.py:830} INFO - Processing file /Users/pablofrancoherrero/prueba_tecnica/venv/lib/python3.11/site-packages/airflow/example_dags/example_branch_operator.py for tasks to queue
[2026-04-29T05:40:46.732+0200] {logging_mixin.py:188} INFO - [2026-04-29T05:40:46.732+0200] {dagbag.py:540} INFO - Filling up the DagBag from /Users/pablofrancoherrero/prueba_tecnica/venv/lib/python3.11/site-packages/airflow/example_dags/example_branch_operator.py
[2026-04-29T05:40:46.739+0200] {processor.py:842} WARNING - No viable dags retrieved from /Users/pablofrancoherrero/prueba_tecnica/venv/lib/python3.11/site-packages/airflow/example_dags/example_branch_operator.py
[2026-04-29T05:40:46.760+0200] {processor.py:183} INFO - Processing /Users/pablofrancoherrero/prueba_tecnica/venv/lib/python3.11/site-packages/airflow/example_dags/example_branch_operator.py took 0.030 seconds
[2026-04-29T05:42:09.058+0200] {processor.py:161} INFO - Started process (PID=74957) to work on /Users/pablofrancoherrero/prueba_tecnica/venv/lib/python3.11/site-packages/airflow/example_dags/example_branch_operator.py
[2026-04-29T05:42:09.059+0200] {processor.py:830} INFO - Processing file /Users/pablofrancoherrero/prueba_tecnica/venv/lib/python3.11/site-packages/airflow/example_dags/example_branch_operator.py for tasks to queue
[2026-04-29T05:42:09.060+0200] {logging_mixin.py:188} INFO - [2026-04-29T05:42:09.059+0200] {dagbag.py:540} INFO - Filling up the DagBag from /Users/pablofrancoherrero/prueba_tecnica/venv/lib/python3.11/site-packages/airflow/example_dags/example_branch_operator.py
[2026-04-29T05:42:09.066+0200] {processor.py:842} WARNING - No viable dags retrieved from /Users/pablofrancoherrero/prueba_tecnica/venv/lib/python3.11/site-packages/airflow/example_dags/example_branch_operator.py
[2026-04-29T05:42:09.086+0200] {processor.py:183} INFO - Processing /Users/pablofrancoherrero/prueba_tecnica/venv/lib/python3.11/site-packages/airflow/example_dags/example_branch_operator.py took 0.028 seconds
[2026-04-29T05:43:28.620+0200] {processor.py:161} INFO - Started process (PID=75045) to work on /Users/pablofrancoherrero/prueba_tecnica/venv/lib/python3.11/site-packages/airflow/example_dags/example_branch_operator.py
[2026-04-29T05:43:28.621+0200] {processor.py:830} INFO - Processing file /Users/pablofrancoherrero/prueba_tecnica/venv/lib/python3.11/site-packages/airflow/example_dags/example_branch_operator.py for tasks to queue
[2026-04-29T05:43:28.622+0200] {logging_mixin.py:188} INFO - [2026-04-29T05:43:28.622+0200] {dagbag.py:540} INFO - Filling up the DagBag from /Users/pablofrancoherrero/prueba_tecnica/venv/lib/python3.11/site-packages/airflow/example_dags/example_branch_operator.py
[2026-04-29T05:43:28.628+0200] {processor.py:842} WARNING - No viable dags retrieved from /Users/pablofrancoherrero/prueba_tecnica/venv/lib/python3.11/site-packages/airflow/example_dags/example_branch_operator.py
[2026-04-29T05:43:28.649+0200] {processor.py:183} INFO - Processing /Users/pablofrancoherrero/prueba_tecnica/venv/lib/python3.11/site-packages/airflow/example_dags/example_branch_operator.py took 0.029 seconds
[2026-04-29T05:44:50.926+0200] {processor.py:161} INFO - Started process (PID=75166) to work on /Users/pablofrancoherrero/prueba_tecnica/venv/lib/python3.11/site-packages/airflow/example_dags/example_branch_operator.py
[2026-04-29T05:44:50.926+0200] {processor.py:830} INFO - Processing file /Users/pablofrancoherrero/prueba_tecnica/venv/lib/python3.11/site-packages/airflow/example_dags/example_branch_operator.py for tasks to queue
[2026-04-29T05:44:50.927+0200] {logging_mixin.py:188} INFO - [2026-04-29T05:44:50.927+0200] {dagbag.py:540} INFO - Filling up the DagBag from /Users/pablofrancoherrero/prueba_tecnica/venv/lib/python3.11/site-packages/airflow/example_dags/example_branch_operator.py
[2026-04-29T05:44:50.934+0200] {processor.py:842} WARNING - No viable dags retrieved from /Users/pablofrancoherrero/prueba_tecnica/venv/lib/python3.11/site-packages/airflow/example_dags/example_branch_operator.py
[2026-04-29T05:44:50.955+0200] {processor.py:183} INFO - Processing /Users/pablofrancoherrero/prueba_tecnica/venv/lib/python3.11/site-packages/airflow/example_dags/example_branch_operator.py took 0.030 seconds
[2026-04-29T05:46:08.698+0200] {processor.py:161} INFO - Started process (PID=75256) to work on /Users/pablofrancoherrero/prueba_tecnica/venv/lib/python3.11/site-packages/airflow/example_dags/example_branch_operator.py
[2026-04-29T05:46:08.699+0200] {processor.py:830} INFO - Processing file /Users/pablofrancoherrero/prueba_tecnica/venv/lib/python3.11/site-packages/airflow/example_dags/example_branch_operator.py for tasks to queue
[2026-04-29T05:46:08.699+0200] {logging_mixin.py:188} INFO - [2026-04-29T05:46:08.699+0200] {dagbag.py:540} INFO - Filling up the DagBag from /Users/pablofrancoherrero/prueba_tecnica/venv/lib/python3.11/site-packages/airflow/example_dags/example_branch_operator.py
[2026-04-29T05:46:08.706+0200] {processor.py:842} WARNING - No viable dags retrieved from /Users/pablofrancoherrero/prueba_tecnica/venv/lib/python3.11/site-packages/airflow/example_dags/example_branch_operator.py
[2026-04-29T05:46:08.726+0200] {processor.py:183} INFO - Processing /Users/pablofrancoherrero/prueba_tecnica/venv/lib/python3.11/site-packages/airflow/example_dags/example_branch_operator.py took 0.029 seconds
[2026-04-29T05:47:27.359+0200] {processor.py:161} INFO - Started process (PID=75349) to work on /Users/pablofrancoherrero/prueba_tecnica/venv/lib/python3.11/site-packages/airflow/example_dags/example_branch_operator.py
[2026-04-29T05:47:27.360+0200] {processor.py:830} INFO - Processing file /Users/pablofrancoherrero/prueba_tecnica/venv/lib/python3.11/site-packages/airflow/example_dags/example_branch_operator.py for tasks to queue
[2026-04-29T05:47:27.361+0200] {logging_mixin.py:188} INFO - [2026-04-29T05:47:27.360+0200] {dagbag.py:540} INFO - Filling up the DagBag from /Users/pablofrancoherrero/prueba_tecnica/venv/lib/python3.11/site-packages/airflow/example_dags/example_branch_operator.py
[2026-04-29T05:47:27.367+0200] {processor.py:842} WARNING - No viable dags retrieved from /Users/pablofrancoherrero/prueba_tecnica/venv/lib/python3.11/site-packages/airflow/example_dags/example_branch_operator.py
[2026-04-29T05:47:27.387+0200] {processor.py:183} INFO - Processing /Users/pablofrancoherrero/prueba_tecnica/venv/lib/python3.11/site-packages/airflow/example_dags/example_branch_operator.py took 0.028 seconds
[2026-04-29T05:48:48.897+0200] {processor.py:161} INFO - Started process (PID=75434) to work on /Users/pablofrancoherrero/prueba_tecnica/venv/lib/python3.11/site-packages/airflow/example_dags/example_branch_operator.py
[2026-04-29T05:48:48.898+0200] {processor.py:830} INFO - Processing file /Users/pablofrancoherrero/prueba_tecnica/venv/lib/python3.11/site-packages/airflow/example_dags/example_branch_operator.py for tasks to queue
[2026-04-29T05:48:48.898+0200] {logging_mixin.py:188} INFO - [2026-04-29T05:48:48.898+0200] {dagbag.py:540} INFO - Filling up the DagBag from /Users/pablofrancoherrero/prueba_tecnica/venv/lib/python3.11/site-packages/airflow/example_dags/example_branch_operator.py
[2026-04-29T05:48:48.905+0200] {processor.py:842} WARNING - No viable dags retrieved from /Users/pablofrancoherrero/prueba_tecnica/venv/lib/python3.11/site-packages/airflow/example_dags/example_branch_operator.py
[2026-04-29T05:48:48.925+0200] {processor.py:183} INFO - Processing /Users/pablofrancoherrero/prueba_tecnica/venv/lib/python3.11/site-packages/airflow/example_dags/example_branch_operator.py took 0.029 seconds
[2026-04-29T05:50:10.041+0200] {processor.py:161} INFO - Started process (PID=75543) to work on /Users/pablofrancoherrero/prueba_tecnica/venv/lib/python3.11/site-packages/airflow/example_dags/example_branch_operator.py
[2026-04-29T05:50:10.042+0200] {processor.py:830} INFO - Processing file /Users/pablofrancoherrero/prueba_tecnica/venv/lib/python3.11/site-packages/airflow/example_dags/example_branch_operator.py for tasks to queue
[2026-04-29T05:50:10.042+0200] {logging_mixin.py:188} INFO - [2026-04-29T05:50:10.042+0200] {dagbag.py:540} INFO - Filling up the DagBag from /Users/pablofrancoherrero/prueba_tecnica/venv/lib/python3.11/site-packages/airflow/example_dags/example_branch_operator.py
[2026-04-29T05:50:10.049+0200] {processor.py:842} WARNING - No viable dags retrieved from /Users/pablofrancoherrero/prueba_tecnica/venv/lib/python3.11/site-packages/airflow/example_dags/example_branch_operator.py
[2026-04-29T05:50:10.070+0200] {processor.py:183} INFO - Processing /Users/pablofrancoherrero/prueba_tecnica/venv/lib/python3.11/site-packages/airflow/example_dags/example_branch_operator.py took 0.030 seconds
[2026-04-29T05:51:31.316+0200] {processor.py:161} INFO - Started process (PID=75645) to work on /Users/pablofrancoherrero/prueba_tecnica/venv/lib/python3.11/site-packages/airflow/example_dags/example_branch_operator.py
[2026-04-29T05:51:31.317+0200] {processor.py:830} INFO - Processing file /Users/pablofrancoherrero/prueba_tecnica/venv/lib/python3.11/site-packages/airflow/example_dags/example_branch_operator.py for tasks to queue
[2026-04-29T05:51:31.317+0200] {logging_mixin.py:188} INFO - [2026-04-29T05:51:31.317+0200] {dagbag.py:540} INFO - Filling up the DagBag from /Users/pablofrancoherrero/prueba_tecnica/venv/lib/python3.11/site-packages/airflow/example_dags/example_branch_operator.py
[2026-04-29T05:51:31.324+0200] {processor.py:842} WARNING - No viable dags retrieved from /Users/pablofrancoherrero/prueba_tecnica/venv/lib/python3.11/site-packages/airflow/example_dags/example_branch_operator.py
[2026-04-29T05:51:31.344+0200] {processor.py:183} INFO - Processing /Users/pablofrancoherrero/prueba_tecnica/venv/lib/python3.11/site-packages/airflow/example_dags/example_branch_operator.py took 0.029 seconds
[2026-04-29T05:52:51.042+0200] {processor.py:161} INFO - Started process (PID=75732) to work on /Users/pablofrancoherrero/prueba_tecnica/venv/lib/python3.11/site-packages/airflow/example_dags/example_branch_operator.py
[2026-04-29T05:52:51.043+0200] {processor.py:830} INFO - Processing file /Users/pablofrancoherrero/prueba_tecnica/venv/lib/python3.11/site-packages/airflow/example_dags/example_branch_operator.py for tasks to queue
[2026-04-29T05:52:51.043+0200] {logging_mixin.py:188} INFO - [2026-04-29T05:52:51.043+0200] {dagbag.py:540} INFO - Filling up the DagBag from /Users/pablofrancoherrero/prueba_tecnica/venv/lib/python3.11/site-packages/airflow/example_dags/example_branch_operator.py
[2026-04-29T05:52:51.050+0200] {processor.py:842} WARNING - No viable dags retrieved from /Users/pablofrancoherrero/prueba_tecnica/venv/lib/python3.11/site-packages/airflow/example_dags/example_branch_operator.py
[2026-04-29T05:52:51.071+0200] {processor.py:183} INFO - Processing /Users/pablofrancoherrero/prueba_tecnica/venv/lib/python3.11/site-packages/airflow/example_dags/example_branch_operator.py took 0.029 seconds
[2026-04-29T05:54:09.309+0200] {processor.py:161} INFO - Started process (PID=75817) to work on /Users/pablofrancoherrero/prueba_tecnica/venv/lib/python3.11/site-packages/airflow/example_dags/example_branch_operator.py
[2026-04-29T05:54:09.310+0200] {processor.py:830} INFO - Processing file /Users/pablofrancoherrero/prueba_tecnica/venv/lib/python3.11/site-packages/airflow/example_dags/example_branch_operator.py for tasks to queue
[2026-04-29T05:54:09.311+0200] {logging_mixin.py:188} INFO - [2026-04-29T05:54:09.311+0200] {dagbag.py:540} INFO - Filling up the DagBag from /Users/pablofrancoherrero/prueba_tecnica/venv/lib/python3.11/site-packages/airflow/example_dags/example_branch_operator.py
[2026-04-29T05:54:09.317+0200] {processor.py:842} WARNING - No viable dags retrieved from /Users/pablofrancoherrero/prueba_tecnica/venv/lib/python3.11/site-packages/airflow/example_dags/example_branch_operator.py
[2026-04-29T05:54:09.337+0200] {processor.py:183} INFO - Processing /Users/pablofrancoherrero/prueba_tecnica/venv/lib/python3.11/site-packages/airflow/example_dags/example_branch_operator.py took 0.029 seconds
[2026-04-29T05:55:29.152+0200] {processor.py:161} INFO - Started process (PID=75910) to work on /Users/pablofrancoherrero/prueba_tecnica/venv/lib/python3.11/site-packages/airflow/example_dags/example_branch_operator.py
[2026-04-29T05:55:29.153+0200] {processor.py:830} INFO - Processing file /Users/pablofrancoherrero/prueba_tecnica/venv/lib/python3.11/site-packages/airflow/example_dags/example_branch_operator.py for tasks to queue
[2026-04-29T05:55:29.153+0200] {logging_mixin.py:188} INFO - [2026-04-29T05:55:29.153+0200] {dagbag.py:540} INFO - Filling up the DagBag from /Users/pablofrancoherrero/prueba_tecnica/venv/lib/python3.11/site-packages/airflow/example_dags/example_branch_operator.py
[2026-04-29T05:55:29.160+0200] {processor.py:842} WARNING - No viable dags retrieved from /Users/pablofrancoherrero/prueba_tecnica/venv/lib/python3.11/site-packages/airflow/example_dags/example_branch_operator.py
[2026-04-29T05:55:29.181+0200] {processor.py:183} INFO - Processing /Users/pablofrancoherrero/prueba_tecnica/venv/lib/python3.11/site-packages/airflow/example_dags/example_branch_operator.py took 0.029 seconds
[2026-04-29T05:56:49.244+0200] {processor.py:161} INFO - Started process (PID=76004) to work on /Users/pablofrancoherrero/prueba_tecnica/venv/lib/python3.11/site-packages/airflow/example_dags/example_branch_operator.py
[2026-04-29T05:56:49.244+0200] {processor.py:830} INFO - Processing file /Users/pablofrancoherrero/prueba_tecnica/venv/lib/python3.11/site-packages/airflow/example_dags/example_branch_operator.py for tasks to queue
[2026-04-29T05:56:49.245+0200] {logging_mixin.py:188} INFO - [2026-04-29T05:56:49.245+0200] {dagbag.py:540} INFO - Filling up the DagBag from /Users/pablofrancoherrero/prueba_tecnica/venv/lib/python3.11/site-packages/airflow/example_dags/example_branch_operator.py
[2026-04-29T05:56:49.251+0200] {processor.py:842} WARNING - No viable dags retrieved from /Users/pablofrancoherrero/prueba_tecnica/venv/lib/python3.11/site-packages/airflow/example_dags/example_branch_operator.py
[2026-04-29T05:56:49.271+0200] {processor.py:183} INFO - Processing /Users/pablofrancoherrero/prueba_tecnica/venv/lib/python3.11/site-packages/airflow/example_dags/example_branch_operator.py took 0.028 seconds
[2026-04-29T05:58:10.379+0200] {processor.py:161} INFO - Started process (PID=76095) to work on /Users/pablofrancoherrero/prueba_tecnica/venv/lib/python3.11/site-packages/airflow/example_dags/example_branch_operator.py
[2026-04-29T05:58:10.380+0200] {processor.py:830} INFO - Processing file /Users/pablofrancoherrero/prueba_tecnica/venv/lib/python3.11/site-packages/airflow/example_dags/example_branch_operator.py for tasks to queue
[2026-04-29T05:58:10.380+0200] {logging_mixin.py:188} INFO - [2026-04-29T05:58:10.380+0200] {dagbag.py:540} INFO - Filling up the DagBag from /Users/pablofrancoherrero/prueba_tecnica/venv/lib/python3.11/site-packages/airflow/example_dags/example_branch_operator.py
[2026-04-29T05:58:10.387+0200] {processor.py:842} WARNING - No viable dags retrieved from /Users/pablofrancoherrero/prueba_tecnica/venv/lib/python3.11/site-packages/airflow/example_dags/example_branch_operator.py
[2026-04-29T05:58:10.408+0200] {processor.py:183} INFO - Processing /Users/pablofrancoherrero/prueba_tecnica/venv/lib/python3.11/site-packages/airflow/example_dags/example_branch_operator.py took 0.030 seconds
[2026-04-29T05:59:30.707+0200] {processor.py:161} INFO - Started process (PID=76181) to work on /Users/pablofrancoherrero/prueba_tecnica/venv/lib/python3.11/site-packages/airflow/example_dags/example_branch_operator.py
[2026-04-29T05:59:30.708+0200] {processor.py:830} INFO - Processing file /Users/pablofrancoherrero/prueba_tecnica/venv/lib/python3.11/site-packages/airflow/example_dags/example_branch_operator.py for tasks to queue
[2026-04-29T05:59:30.708+0200] {logging_mixin.py:188} INFO - [2026-04-29T05:59:30.708+0200] {dagbag.py:540} INFO - Filling up the DagBag from /Users/pablofrancoherrero/prueba_tecnica/venv/lib/python3.11/site-packages/airflow/example_dags/example_branch_operator.py
[2026-04-29T05:59:30.714+0200] {processor.py:842} WARNING - No viable dags retrieved from /Users/pablofrancoherrero/prueba_tecnica/venv/lib/python3.11/site-packages/airflow/example_dags/example_branch_operator.py
[2026-04-29T05:59:30.735+0200] {processor.py:183} INFO - Processing /Users/pablofrancoherrero/prueba_tecnica/venv/lib/python3.11/site-packages/airflow/example_dags/example_branch_operator.py took 0.029 seconds
[2026-04-29T06:00:52.623+0200] {processor.py:161} INFO - Started process (PID=76289) to work on /Users/pablofrancoherrero/prueba_tecnica/venv/lib/python3.11/site-packages/airflow/example_dags/example_branch_operator.py
[2026-04-29T06:00:52.624+0200] {processor.py:830} INFO - Processing file /Users/pablofrancoherrero/prueba_tecnica/venv/lib/python3.11/site-packages/airflow/example_dags/example_branch_operator.py for tasks to queue
[2026-04-29T06:00:52.624+0200] {logging_mixin.py:188} INFO - [2026-04-29T06:00:52.624+0200] {dagbag.py:540} INFO - Filling up the DagBag from /Users/pablofrancoherrero/prueba_tecnica/venv/lib/python3.11/site-packages/airflow/example_dags/example_branch_operator.py
[2026-04-29T06:00:52.631+0200] {processor.py:842} WARNING - No viable dags retrieved from /Users/pablofrancoherrero/prueba_tecnica/venv/lib/python3.11/site-packages/airflow/example_dags/example_branch_operator.py
[2026-04-29T06:00:52.654+0200] {processor.py:183} INFO - Processing /Users/pablofrancoherrero/prueba_tecnica/venv/lib/python3.11/site-packages/airflow/example_dags/example_branch_operator.py took 0.031 seconds
[2026-04-29T06:02:12.902+0200] {processor.py:161} INFO - Started process (PID=76383) to work on /Users/pablofrancoherrero/prueba_tecnica/venv/lib/python3.11/site-packages/airflow/example_dags/example_branch_operator.py
[2026-04-29T06:02:12.903+0200] {processor.py:830} INFO - Processing file /Users/pablofrancoherrero/prueba_tecnica/venv/lib/python3.11/site-packages/airflow/example_dags/example_branch_operator.py for tasks to queue
[2026-04-29T06:02:12.903+0200] {logging_mixin.py:188} INFO - [2026-04-29T06:02:12.903+0200] {dagbag.py:540} INFO - Filling up the DagBag from /Users/pablofrancoherrero/prueba_tecnica/venv/lib/python3.11/site-packages/airflow/example_dags/example_branch_operator.py
[2026-04-29T06:02:12.910+0200] {processor.py:842} WARNING - No viable dags retrieved from /Users/pablofrancoherrero/prueba_tecnica/venv/lib/python3.11/site-packages/airflow/example_dags/example_branch_operator.py
[2026-04-29T06:02:12.931+0200] {processor.py:183} INFO - Processing /Users/pablofrancoherrero/prueba_tecnica/venv/lib/python3.11/site-packages/airflow/example_dags/example_branch_operator.py took 0.029 seconds
[2026-04-29T06:03:35.107+0200] {processor.py:161} INFO - Started process (PID=76472) to work on /Users/pablofrancoherrero/prueba_tecnica/venv/lib/python3.11/site-packages/airflow/example_dags/example_branch_operator.py
[2026-04-29T06:03:35.108+0200] {processor.py:830} INFO - Processing file /Users/pablofrancoherrero/prueba_tecnica/venv/lib/python3.11/site-packages/airflow/example_dags/example_branch_operator.py for tasks to queue
[2026-04-29T06:03:35.108+0200] {logging_mixin.py:188} INFO - [2026-04-29T06:03:35.108+0200] {dagbag.py:540} INFO - Filling up the DagBag from /Users/pablofrancoherrero/prueba_tecnica/venv/lib/python3.11/site-packages/airflow/example_dags/example_branch_operator.py
[2026-04-29T06:03:35.114+0200] {processor.py:842} WARNING - No viable dags retrieved from /Users/pablofrancoherrero/prueba_tecnica/venv/lib/python3.11/site-packages/airflow/example_dags/example_branch_operator.py
[2026-04-29T06:03:35.135+0200] {processor.py:183} INFO - Processing /Users/pablofrancoherrero/prueba_tecnica/venv/lib/python3.11/site-packages/airflow/example_dags/example_branch_operator.py took 0.029 seconds
[2026-04-29T06:04:56.994+0200] {processor.py:161} INFO - Started process (PID=76559) to work on /Users/pablofrancoherrero/prueba_tecnica/venv/lib/python3.11/site-packages/airflow/example_dags/example_branch_operator.py
[2026-04-29T06:04:56.995+0200] {processor.py:830} INFO - Processing file /Users/pablofrancoherrero/prueba_tecnica/venv/lib/python3.11/site-packages/airflow/example_dags/example_branch_operator.py for tasks to queue
[2026-04-29T06:04:56.995+0200] {logging_mixin.py:188} INFO - [2026-04-29T06:04:56.995+0200] {dagbag.py:540} INFO - Filling up the DagBag from /Users/pablofrancoherrero/prueba_tecnica/venv/lib/python3.11/site-packages/airflow/example_dags/example_branch_operator.py
[2026-04-29T06:04:57.001+0200] {processor.py:842} WARNING - No viable dags retrieved from /Users/pablofrancoherrero/prueba_tecnica/venv/lib/python3.11/site-packages/airflow/example_dags/example_branch_operator.py
[2026-04-29T06:04:57.022+0200] {processor.py:183} INFO - Processing /Users/pablofrancoherrero/prueba_tecnica/venv/lib/python3.11/site-packages/airflow/example_dags/example_branch_operator.py took 0.029 seconds
[2026-04-29T06:06:16.801+0200] {processor.py:161} INFO - Started process (PID=76659) to work on /Users/pablofrancoherrero/prueba_tecnica/venv/lib/python3.11/site-packages/airflow/example_dags/example_branch_operator.py
[2026-04-29T06:06:16.801+0200] {processor.py:830} INFO - Processing file /Users/pablofrancoherrero/prueba_tecnica/venv/lib/python3.11/site-packages/airflow/example_dags/example_branch_operator.py for tasks to queue
[2026-04-29T06:06:16.801+0200] {logging_mixin.py:188} INFO - [2026-04-29T06:06:16.801+0200] {dagbag.py:540} INFO - Filling up the DagBag from /Users/pablofrancoherrero/prueba_tecnica/venv/lib/python3.11/site-packages/airflow/example_dags/example_branch_operator.py
[2026-04-29T06:06:16.808+0200] {processor.py:842} WARNING - No viable dags retrieved from /Users/pablofrancoherrero/prueba_tecnica/venv/lib/python3.11/site-packages/airflow/example_dags/example_branch_operator.py
[2026-04-29T06:06:16.829+0200] {processor.py:183} INFO - Processing /Users/pablofrancoherrero/prueba_tecnica/venv/lib/python3.11/site-packages/airflow/example_dags/example_branch_operator.py took 0.029 seconds
[2026-04-29T06:07:36.736+0200] {processor.py:161} INFO - Started process (PID=76743) to work on /Users/pablofrancoherrero/prueba_tecnica/venv/lib/python3.11/site-packages/airflow/example_dags/example_branch_operator.py
[2026-04-29T06:07:36.737+0200] {processor.py:830} INFO - Processing file /Users/pablofrancoherrero/prueba_tecnica/venv/lib/python3.11/site-packages/airflow/example_dags/example_branch_operator.py for tasks to queue
[2026-04-29T06:07:36.737+0200] {logging_mixin.py:188} INFO - [2026-04-29T06:07:36.737+0200] {dagbag.py:540} INFO - Filling up the DagBag from /Users/pablofrancoherrero/prueba_tecnica/venv/lib/python3.11/site-packages/airflow/example_dags/example_branch_operator.py
[2026-04-29T06:07:36.743+0200] {processor.py:842} WARNING - No viable dags retrieved from /Users/pablofrancoherrero/prueba_tecnica/venv/lib/python3.11/site-packages/airflow/example_dags/example_branch_operator.py
[2026-04-29T06:07:36.764+0200] {processor.py:183} INFO - Processing /Users/pablofrancoherrero/prueba_tecnica/venv/lib/python3.11/site-packages/airflow/example_dags/example_branch_operator.py took 0.029 seconds
[2026-04-29T06:08:55.375+0200] {processor.py:161} INFO - Started process (PID=76831) to work on /Users/pablofrancoherrero/prueba_tecnica/venv/lib/python3.11/site-packages/airflow/example_dags/example_branch_operator.py
[2026-04-29T06:08:55.376+0200] {processor.py:830} INFO - Processing file /Users/pablofrancoherrero/prueba_tecnica/venv/lib/python3.11/site-packages/airflow/example_dags/example_branch_operator.py for tasks to queue
[2026-04-29T06:08:55.376+0200] {logging_mixin.py:188} INFO - [2026-04-29T06:08:55.376+0200] {dagbag.py:540} INFO - Filling up the DagBag from /Users/pablofrancoherrero/prueba_tecnica/venv/lib/python3.11/site-packages/airflow/example_dags/example_branch_operator.py
[2026-04-29T06:08:55.382+0200] {processor.py:842} WARNING - No viable dags retrieved from /Users/pablofrancoherrero/prueba_tecnica/venv/lib/python3.11/site-packages/airflow/example_dags/example_branch_operator.py
[2026-04-29T06:08:55.403+0200] {processor.py:183} INFO - Processing /Users/pablofrancoherrero/prueba_tecnica/venv/lib/python3.11/site-packages/airflow/example_dags/example_branch_operator.py took 0.030 seconds
[2026-04-29T06:10:14.481+0200] {processor.py:161} INFO - Started process (PID=76912) to work on /Users/pablofrancoherrero/prueba_tecnica/venv/lib/python3.11/site-packages/airflow/example_dags/example_branch_operator.py
[2026-04-29T06:10:14.482+0200] {processor.py:830} INFO - Processing file /Users/pablofrancoherrero/prueba_tecnica/venv/lib/python3.11/site-packages/airflow/example_dags/example_branch_operator.py for tasks to queue
[2026-04-29T06:10:14.482+0200] {logging_mixin.py:188} INFO - [2026-04-29T06:10:14.482+0200] {dagbag.py:540} INFO - Filling up the DagBag from /Users/pablofrancoherrero/prueba_tecnica/venv/lib/python3.11/site-packages/airflow/example_dags/example_branch_operator.py
[2026-04-29T06:10:14.489+0200] {processor.py:842} WARNING - No viable dags retrieved from /Users/pablofrancoherrero/prueba_tecnica/venv/lib/python3.11/site-packages/airflow/example_dags/example_branch_operator.py
[2026-04-29T06:10:14.510+0200] {processor.py:183} INFO - Processing /Users/pablofrancoherrero/prueba_tecnica/venv/lib/python3.11/site-packages/airflow/example_dags/example_branch_operator.py took 0.030 seconds
[2026-04-29T06:11:35.553+0200] {processor.py:161} INFO - Started process (PID=77000) to work on /Users/pablofrancoherrero/prueba_tecnica/venv/lib/python3.11/site-packages/airflow/example_dags/example_branch_operator.py
[2026-04-29T06:11:35.554+0200] {processor.py:830} INFO - Processing file /Users/pablofrancoherrero/prueba_tecnica/venv/lib/python3.11/site-packages/airflow/example_dags/example_branch_operator.py for tasks to queue
[2026-04-29T06:11:35.554+0200] {logging_mixin.py:188} INFO - [2026-04-29T06:11:35.554+0200] {dagbag.py:540} INFO - Filling up the DagBag from /Users/pablofrancoherrero/prueba_tecnica/venv/lib/python3.11/site-packages/airflow/example_dags/example_branch_operator.py
[2026-04-29T06:11:35.561+0200] {processor.py:842} WARNING - No viable dags retrieved from /Users/pablofrancoherrero/prueba_tecnica/venv/lib/python3.11/site-packages/airflow/example_dags/example_branch_operator.py
[2026-04-29T06:11:35.581+0200] {processor.py:183} INFO - Processing /Users/pablofrancoherrero/prueba_tecnica/venv/lib/python3.11/site-packages/airflow/example_dags/example_branch_operator.py took 0.029 seconds
[2026-04-29T06:12:53.811+0200] {processor.py:161} INFO - Started process (PID=77093) to work on /Users/pablofrancoherrero/prueba_tecnica/venv/lib/python3.11/site-packages/airflow/example_dags/example_branch_operator.py
[2026-04-29T06:12:53.812+0200] {processor.py:830} INFO - Processing file /Users/pablofrancoherrero/prueba_tecnica/venv/lib/python3.11/site-packages/airflow/example_dags/example_branch_operator.py for tasks to queue
[2026-04-29T06:12:53.812+0200] {logging_mixin.py:188} INFO - [2026-04-29T06:12:53.812+0200] {dagbag.py:540} INFO - Filling up the DagBag from /Users/pablofrancoherrero/prueba_tecnica/venv/lib/python3.11/site-packages/airflow/example_dags/example_branch_operator.py
[2026-04-29T06:12:53.819+0200] {processor.py:842} WARNING - No viable dags retrieved from /Users/pablofrancoherrero/prueba_tecnica/venv/lib/python3.11/site-packages/airflow/example_dags/example_branch_operator.py
[2026-04-29T06:12:53.840+0200] {processor.py:183} INFO - Processing /Users/pablofrancoherrero/prueba_tecnica/venv/lib/python3.11/site-packages/airflow/example_dags/example_branch_operator.py took 0.029 seconds
[2026-04-29T06:14:12.960+0200] {processor.py:161} INFO - Started process (PID=77176) to work on /Users/pablofrancoherrero/prueba_tecnica/venv/lib/python3.11/site-packages/airflow/example_dags/example_branch_operator.py
[2026-04-29T06:14:12.961+0200] {processor.py:830} INFO - Processing file /Users/pablofrancoherrero/prueba_tecnica/venv/lib/python3.11/site-packages/airflow/example_dags/example_branch_operator.py for tasks to queue
[2026-04-29T06:14:12.961+0200] {logging_mixin.py:188} INFO - [2026-04-29T06:14:12.961+0200] {dagbag.py:540} INFO - Filling up the DagBag from /Users/pablofrancoherrero/prueba_tecnica/venv/lib/python3.11/site-packages/airflow/example_dags/example_branch_operator.py
[2026-04-29T06:14:12.967+0200] {processor.py:842} WARNING - No viable dags retrieved from /Users/pablofrancoherrero/prueba_tecnica/venv/lib/python3.11/site-packages/airflow/example_dags/example_branch_operator.py
[2026-04-29T06:14:12.988+0200] {processor.py:183} INFO - Processing /Users/pablofrancoherrero/prueba_tecnica/venv/lib/python3.11/site-packages/airflow/example_dags/example_branch_operator.py took 0.028 seconds
[2026-04-29T06:15:34.439+0200] {processor.py:161} INFO - Started process (PID=77287) to work on /Users/pablofrancoherrero/prueba_tecnica/venv/lib/python3.11/site-packages/airflow/example_dags/example_branch_operator.py
[2026-04-29T06:15:34.440+0200] {processor.py:830} INFO - Processing file /Users/pablofrancoherrero/prueba_tecnica/venv/lib/python3.11/site-packages/airflow/example_dags/example_branch_operator.py for tasks to queue
[2026-04-29T06:15:34.440+0200] {logging_mixin.py:188} INFO - [2026-04-29T06:15:34.440+0200] {dagbag.py:540} INFO - Filling up the DagBag from /Users/pablofrancoherrero/prueba_tecnica/venv/lib/python3.11/site-packages/airflow/example_dags/example_branch_operator.py
[2026-04-29T06:15:34.447+0200] {processor.py:842} WARNING - No viable dags retrieved from /Users/pablofrancoherrero/prueba_tecnica/venv/lib/python3.11/site-packages/airflow/example_dags/example_branch_operator.py
[2026-04-29T06:15:34.467+0200] {processor.py:183} INFO - Processing /Users/pablofrancoherrero/prueba_tecnica/venv/lib/python3.11/site-packages/airflow/example_dags/example_branch_operator.py took 0.029 seconds
[2026-04-29T06:16:55.064+0200] {processor.py:161} INFO - Started process (PID=77393) to work on /Users/pablofrancoherrero/prueba_tecnica/venv/lib/python3.11/site-packages/airflow/example_dags/example_branch_operator.py
[2026-04-29T06:16:55.064+0200] {processor.py:830} INFO - Processing file /Users/pablofrancoherrero/prueba_tecnica/venv/lib/python3.11/site-packages/airflow/example_dags/example_branch_operator.py for tasks to queue
[2026-04-29T06:16:55.065+0200] {logging_mixin.py:188} INFO - [2026-04-29T06:16:55.065+0200] {dagbag.py:540} INFO - Filling up the DagBag from /Users/pablofrancoherrero/prueba_tecnica/venv/lib/python3.11/site-packages/airflow/example_dags/example_branch_operator.py
[2026-04-29T06:16:55.071+0200] {processor.py:842} WARNING - No viable dags retrieved from /Users/pablofrancoherrero/prueba_tecnica/venv/lib/python3.11/site-packages/airflow/example_dags/example_branch_operator.py
[2026-04-29T06:16:55.092+0200] {processor.py:183} INFO - Processing /Users/pablofrancoherrero/prueba_tecnica/venv/lib/python3.11/site-packages/airflow/example_dags/example_branch_operator.py took 0.029 seconds
[2026-04-29T06:18:15.246+0200] {processor.py:161} INFO - Started process (PID=77511) to work on /Users/pablofrancoherrero/prueba_tecnica/venv/lib/python3.11/site-packages/airflow/example_dags/example_branch_operator.py
[2026-04-29T06:18:15.247+0200] {processor.py:830} INFO - Processing file /Users/pablofrancoherrero/prueba_tecnica/venv/lib/python3.11/site-packages/airflow/example_dags/example_branch_operator.py for tasks to queue
[2026-04-29T06:18:15.247+0200] {logging_mixin.py:188} INFO - [2026-04-29T06:18:15.247+0200] {dagbag.py:540} INFO - Filling up the DagBag from /Users/pablofrancoherrero/prueba_tecnica/venv/lib/python3.11/site-packages/airflow/example_dags/example_branch_operator.py
[2026-04-29T06:18:15.253+0200] {processor.py:842} WARNING - No viable dags retrieved from /Users/pablofrancoherrero/prueba_tecnica/venv/lib/python3.11/site-packages/airflow/example_dags/example_branch_operator.py
[2026-04-29T06:18:15.274+0200] {processor.py:183} INFO - Processing /Users/pablofrancoherrero/prueba_tecnica/venv/lib/python3.11/site-packages/airflow/example_dags/example_branch_operator.py took 0.029 seconds
[2026-04-29T06:19:32.617+0200] {processor.py:161} INFO - Started process (PID=77600) to work on /Users/pablofrancoherrero/prueba_tecnica/venv/lib/python3.11/site-packages/airflow/example_dags/example_branch_operator.py
[2026-04-29T06:19:32.618+0200] {processor.py:830} INFO - Processing file /Users/pablofrancoherrero/prueba_tecnica/venv/lib/python3.11/site-packages/airflow/example_dags/example_branch_operator.py for tasks to queue
[2026-04-29T06:19:32.619+0200] {logging_mixin.py:188} INFO - [2026-04-29T06:19:32.619+0200] {dagbag.py:540} INFO - Filling up the DagBag from /Users/pablofrancoherrero/prueba_tecnica/venv/lib/python3.11/site-packages/airflow/example_dags/example_branch_operator.py
[2026-04-29T06:19:32.625+0200] {processor.py:842} WARNING - No viable dags retrieved from /Users/pablofrancoherrero/prueba_tecnica/venv/lib/python3.11/site-packages/airflow/example_dags/example_branch_operator.py
[2026-04-29T06:19:32.645+0200] {processor.py:183} INFO - Processing /Users/pablofrancoherrero/prueba_tecnica/venv/lib/python3.11/site-packages/airflow/example_dags/example_branch_operator.py took 0.029 seconds
[2026-04-29T06:20:53.423+0200] {processor.py:161} INFO - Started process (PID=77686) to work on /Users/pablofrancoherrero/prueba_tecnica/venv/lib/python3.11/site-packages/airflow/example_dags/example_branch_operator.py
[2026-04-29T06:20:53.424+0200] {processor.py:830} INFO - Processing file /Users/pablofrancoherrero/prueba_tecnica/venv/lib/python3.11/site-packages/airflow/example_dags/example_branch_operator.py for tasks to queue
[2026-04-29T06:20:53.425+0200] {logging_mixin.py:188} INFO - [2026-04-29T06:20:53.424+0200] {dagbag.py:540} INFO - Filling up the DagBag from /Users/pablofrancoherrero/prueba_tecnica/venv/lib/python3.11/site-packages/airflow/example_dags/example_branch_operator.py
[2026-04-29T06:20:53.431+0200] {processor.py:842} WARNING - No viable dags retrieved from /Users/pablofrancoherrero/prueba_tecnica/venv/lib/python3.11/site-packages/airflow/example_dags/example_branch_operator.py
[2026-04-29T06:20:53.451+0200] {processor.py:183} INFO - Processing /Users/pablofrancoherrero/prueba_tecnica/venv/lib/python3.11/site-packages/airflow/example_dags/example_branch_operator.py took 0.029 seconds
[2026-04-29T06:22:11.840+0200] {processor.py:161} INFO - Started process (PID=77824) to work on /Users/pablofrancoherrero/prueba_tecnica/venv/lib/python3.11/site-packages/airflow/example_dags/example_branch_operator.py
[2026-04-29T06:22:11.841+0200] {processor.py:830} INFO - Processing file /Users/pablofrancoherrero/prueba_tecnica/venv/lib/python3.11/site-packages/airflow/example_dags/example_branch_operator.py for tasks to queue
[2026-04-29T06:22:11.841+0200] {logging_mixin.py:188} INFO - [2026-04-29T06:22:11.841+0200] {dagbag.py:540} INFO - Filling up the DagBag from /Users/pablofrancoherrero/prueba_tecnica/venv/lib/python3.11/site-packages/airflow/example_dags/example_branch_operator.py
[2026-04-29T06:22:11.847+0200] {processor.py:842} WARNING - No viable dags retrieved from /Users/pablofrancoherrero/prueba_tecnica/venv/lib/python3.11/site-packages/airflow/example_dags/example_branch_operator.py
[2026-04-29T06:22:11.869+0200] {processor.py:183} INFO - Processing /Users/pablofrancoherrero/prueba_tecnica/venv/lib/python3.11/site-packages/airflow/example_dags/example_branch_operator.py took 0.030 seconds
[2026-04-29T06:23:31.543+0200] {processor.py:161} INFO - Started process (PID=77921) to work on /Users/pablofrancoherrero/prueba_tecnica/venv/lib/python3.11/site-packages/airflow/example_dags/example_branch_operator.py
[2026-04-29T06:23:31.544+0200] {processor.py:830} INFO - Processing file /Users/pablofrancoherrero/prueba_tecnica/venv/lib/python3.11/site-packages/airflow/example_dags/example_branch_operator.py for tasks to queue
[2026-04-29T06:23:31.544+0200] {logging_mixin.py:188} INFO - [2026-04-29T06:23:31.544+0200] {dagbag.py:540} INFO - Filling up the DagBag from /Users/pablofrancoherrero/prueba_tecnica/venv/lib/python3.11/site-packages/airflow/example_dags/example_branch_operator.py
[2026-04-29T06:23:31.551+0200] {processor.py:842} WARNING - No viable dags retrieved from /Users/pablofrancoherrero/prueba_tecnica/venv/lib/python3.11/site-packages/airflow/example_dags/example_branch_operator.py
[2026-04-29T06:23:31.572+0200] {processor.py:183} INFO - Processing /Users/pablofrancoherrero/prueba_tecnica/venv/lib/python3.11/site-packages/airflow/example_dags/example_branch_operator.py took 0.030 seconds
[2026-04-29T06:24:52.760+0200] {processor.py:161} INFO - Started process (PID=78017) to work on /Users/pablofrancoherrero/prueba_tecnica/venv/lib/python3.11/site-packages/airflow/example_dags/example_branch_operator.py
[2026-04-29T06:24:52.761+0200] {processor.py:830} INFO - Processing file /Users/pablofrancoherrero/prueba_tecnica/venv/lib/python3.11/site-packages/airflow/example_dags/example_branch_operator.py for tasks to queue
[2026-04-29T06:24:52.761+0200] {logging_mixin.py:188} INFO - [2026-04-29T06:24:52.761+0200] {dagbag.py:540} INFO - Filling up the DagBag from /Users/pablofrancoherrero/prueba_tecnica/venv/lib/python3.11/site-packages/airflow/example_dags/example_branch_operator.py
[2026-04-29T06:24:52.767+0200] {processor.py:842} WARNING - No viable dags retrieved from /Users/pablofrancoherrero/prueba_tecnica/venv/lib/python3.11/site-packages/airflow/example_dags/example_branch_operator.py
[2026-04-29T06:24:52.788+0200] {processor.py:183} INFO - Processing /Users/pablofrancoherrero/prueba_tecnica/venv/lib/python3.11/site-packages/airflow/example_dags/example_branch_operator.py took 0.029 seconds
[2026-04-29T06:26:11.002+0200] {processor.py:161} INFO - Started process (PID=78101) to work on /Users/pablofrancoherrero/prueba_tecnica/venv/lib/python3.11/site-packages/airflow/example_dags/example_branch_operator.py
[2026-04-29T06:26:11.004+0200] {processor.py:830} INFO - Processing file /Users/pablofrancoherrero/prueba_tecnica/venv/lib/python3.11/site-packages/airflow/example_dags/example_branch_operator.py for tasks to queue
[2026-04-29T06:26:11.004+0200] {logging_mixin.py:188} INFO - [2026-04-29T06:26:11.004+0200] {dagbag.py:540} INFO - Filling up the DagBag from /Users/pablofrancoherrero/prueba_tecnica/venv/lib/python3.11/site-packages/airflow/example_dags/example_branch_operator.py
[2026-04-29T06:26:11.010+0200] {processor.py:842} WARNING - No viable dags retrieved from /Users/pablofrancoherrero/prueba_tecnica/venv/lib/python3.11/site-packages/airflow/example_dags/example_branch_operator.py
[2026-04-29T06:26:11.031+0200] {processor.py:183} INFO - Processing /Users/pablofrancoherrero/prueba_tecnica/venv/lib/python3.11/site-packages/airflow/example_dags/example_branch_operator.py took 0.030 seconds
[2026-04-29T06:59:59.264+0200] {processor.py:161} INFO - Started process (PID=78250) to work on /Users/pablofrancoherrero/prueba_tecnica/venv/lib/python3.11/site-packages/airflow/example_dags/example_branch_operator.py
[2026-04-29T06:59:59.265+0200] {processor.py:830} INFO - Processing file /Users/pablofrancoherrero/prueba_tecnica/venv/lib/python3.11/site-packages/airflow/example_dags/example_branch_operator.py for tasks to queue
[2026-04-29T06:59:59.265+0200] {logging_mixin.py:188} INFO - [2026-04-29T06:59:59.265+0200] {dagbag.py:540} INFO - Filling up the DagBag from /Users/pablofrancoherrero/prueba_tecnica/venv/lib/python3.11/site-packages/airflow/example_dags/example_branch_operator.py
[2026-04-29T06:59:59.271+0200] {processor.py:842} WARNING - No viable dags retrieved from /Users/pablofrancoherrero/prueba_tecnica/venv/lib/python3.11/site-packages/airflow/example_dags/example_branch_operator.py
[2026-04-29T06:59:59.292+0200] {processor.py:183} INFO - Processing /Users/pablofrancoherrero/prueba_tecnica/venv/lib/python3.11/site-packages/airflow/example_dags/example_branch_operator.py took 0.029 seconds
[2026-04-29T07:18:42.804+0200] {processor.py:161} INFO - Started process (PID=78472) to work on /Users/pablofrancoherrero/prueba_tecnica/venv/lib/python3.11/site-packages/airflow/example_dags/example_branch_operator.py
[2026-04-29T07:18:42.805+0200] {processor.py:830} INFO - Processing file /Users/pablofrancoherrero/prueba_tecnica/venv/lib/python3.11/site-packages/airflow/example_dags/example_branch_operator.py for tasks to queue
[2026-04-29T07:18:42.805+0200] {logging_mixin.py:188} INFO - [2026-04-29T07:18:42.805+0200] {dagbag.py:540} INFO - Filling up the DagBag from /Users/pablofrancoherrero/prueba_tecnica/venv/lib/python3.11/site-packages/airflow/example_dags/example_branch_operator.py
[2026-04-29T07:18:42.811+0200] {processor.py:842} WARNING - No viable dags retrieved from /Users/pablofrancoherrero/prueba_tecnica/venv/lib/python3.11/site-packages/airflow/example_dags/example_branch_operator.py
[2026-04-29T07:18:42.833+0200] {processor.py:183} INFO - Processing /Users/pablofrancoherrero/prueba_tecnica/venv/lib/python3.11/site-packages/airflow/example_dags/example_branch_operator.py took 0.030 seconds
[2026-04-29T07:53:04.482+0200] {processor.py:161} INFO - Started process (PID=78679) to work on /Users/pablofrancoherrero/prueba_tecnica/venv/lib/python3.11/site-packages/airflow/example_dags/example_branch_operator.py
[2026-04-29T07:53:04.483+0200] {processor.py:830} INFO - Processing file /Users/pablofrancoherrero/prueba_tecnica/venv/lib/python3.11/site-packages/airflow/example_dags/example_branch_operator.py for tasks to queue
[2026-04-29T07:53:04.483+0200] {logging_mixin.py:188} INFO - [2026-04-29T07:53:04.483+0200] {dagbag.py:540} INFO - Filling up the DagBag from /Users/pablofrancoherrero/prueba_tecnica/venv/lib/python3.11/site-packages/airflow/example_dags/example_branch_operator.py
[2026-04-29T07:53:04.491+0200] {processor.py:842} WARNING - No viable dags retrieved from /Users/pablofrancoherrero/prueba_tecnica/venv/lib/python3.11/site-packages/airflow/example_dags/example_branch_operator.py
[2026-04-29T07:53:04.516+0200] {processor.py:183} INFO - Processing /Users/pablofrancoherrero/prueba_tecnica/venv/lib/python3.11/site-packages/airflow/example_dags/example_branch_operator.py took 0.034 seconds
[2026-04-29T08:01:06.590+0200] {processor.py:161} INFO - Started process (PID=78890) to work on /Users/pablofrancoherrero/prueba_tecnica/venv/lib/python3.11/site-packages/airflow/example_dags/example_branch_operator.py
[2026-04-29T08:01:06.591+0200] {processor.py:830} INFO - Processing file /Users/pablofrancoherrero/prueba_tecnica/venv/lib/python3.11/site-packages/airflow/example_dags/example_branch_operator.py for tasks to queue
[2026-04-29T08:01:06.591+0200] {logging_mixin.py:188} INFO - [2026-04-29T08:01:06.591+0200] {dagbag.py:540} INFO - Filling up the DagBag from /Users/pablofrancoherrero/prueba_tecnica/venv/lib/python3.11/site-packages/airflow/example_dags/example_branch_operator.py
[2026-04-29T08:01:06.597+0200] {processor.py:842} WARNING - No viable dags retrieved from /Users/pablofrancoherrero/prueba_tecnica/venv/lib/python3.11/site-packages/airflow/example_dags/example_branch_operator.py
[2026-04-29T08:01:06.618+0200] {processor.py:183} INFO - Processing /Users/pablofrancoherrero/prueba_tecnica/venv/lib/python3.11/site-packages/airflow/example_dags/example_branch_operator.py took 0.029 seconds
[2026-04-29T08:02:26.604+0200] {processor.py:161} INFO - Started process (PID=78991) to work on /Users/pablofrancoherrero/prueba_tecnica/venv/lib/python3.11/site-packages/airflow/example_dags/example_branch_operator.py
[2026-04-29T08:02:26.607+0200] {processor.py:830} INFO - Processing file /Users/pablofrancoherrero/prueba_tecnica/venv/lib/python3.11/site-packages/airflow/example_dags/example_branch_operator.py for tasks to queue
[2026-04-29T08:02:26.607+0200] {logging_mixin.py:188} INFO - [2026-04-29T08:02:26.607+0200] {dagbag.py:540} INFO - Filling up the DagBag from /Users/pablofrancoherrero/prueba_tecnica/venv/lib/python3.11/site-packages/airflow/example_dags/example_branch_operator.py
[2026-04-29T08:02:26.614+0200] {processor.py:842} WARNING - No viable dags retrieved from /Users/pablofrancoherrero/prueba_tecnica/venv/lib/python3.11/site-packages/airflow/example_dags/example_branch_operator.py
[2026-04-29T08:02:26.634+0200] {processor.py:183} INFO - Processing /Users/pablofrancoherrero/prueba_tecnica/venv/lib/python3.11/site-packages/airflow/example_dags/example_branch_operator.py took 0.031 seconds
[2026-04-29T08:03:46.483+0200] {processor.py:161} INFO - Started process (PID=79089) to work on /Users/pablofrancoherrero/prueba_tecnica/venv/lib/python3.11/site-packages/airflow/example_dags/example_branch_operator.py
[2026-04-29T08:03:46.484+0200] {processor.py:830} INFO - Processing file /Users/pablofrancoherrero/prueba_tecnica/venv/lib/python3.11/site-packages/airflow/example_dags/example_branch_operator.py for tasks to queue
[2026-04-29T08:03:46.484+0200] {logging_mixin.py:188} INFO - [2026-04-29T08:03:46.484+0200] {dagbag.py:540} INFO - Filling up the DagBag from /Users/pablofrancoherrero/prueba_tecnica/venv/lib/python3.11/site-packages/airflow/example_dags/example_branch_operator.py
[2026-04-29T08:03:46.490+0200] {processor.py:842} WARNING - No viable dags retrieved from /Users/pablofrancoherrero/prueba_tecnica/venv/lib/python3.11/site-packages/airflow/example_dags/example_branch_operator.py
[2026-04-29T08:03:46.510+0200] {processor.py:183} INFO - Processing /Users/pablofrancoherrero/prueba_tecnica/venv/lib/python3.11/site-packages/airflow/example_dags/example_branch_operator.py took 0.028 seconds
[2026-04-29T08:05:04.282+0200] {processor.py:161} INFO - Started process (PID=79172) to work on /Users/pablofrancoherrero/prueba_tecnica/venv/lib/python3.11/site-packages/airflow/example_dags/example_branch_operator.py
[2026-04-29T08:05:04.283+0200] {processor.py:830} INFO - Processing file /Users/pablofrancoherrero/prueba_tecnica/venv/lib/python3.11/site-packages/airflow/example_dags/example_branch_operator.py for tasks to queue
[2026-04-29T08:05:04.283+0200] {logging_mixin.py:188} INFO - [2026-04-29T08:05:04.283+0200] {dagbag.py:540} INFO - Filling up the DagBag from /Users/pablofrancoherrero/prueba_tecnica/venv/lib/python3.11/site-packages/airflow/example_dags/example_branch_operator.py
[2026-04-29T08:05:04.289+0200] {processor.py:842} WARNING - No viable dags retrieved from /Users/pablofrancoherrero/prueba_tecnica/venv/lib/python3.11/site-packages/airflow/example_dags/example_branch_operator.py
[2026-04-29T08:05:04.310+0200] {processor.py:183} INFO - Processing /Users/pablofrancoherrero/prueba_tecnica/venv/lib/python3.11/site-packages/airflow/example_dags/example_branch_operator.py took 0.028 seconds
[2026-04-29T08:06:26.469+0200] {processor.py:161} INFO - Started process (PID=79294) to work on /Users/pablofrancoherrero/prueba_tecnica/venv/lib/python3.11/site-packages/airflow/example_dags/example_branch_operator.py
[2026-04-29T08:06:26.470+0200] {processor.py:830} INFO - Processing file /Users/pablofrancoherrero/prueba_tecnica/venv/lib/python3.11/site-packages/airflow/example_dags/example_branch_operator.py for tasks to queue
[2026-04-29T08:06:26.470+0200] {logging_mixin.py:188} INFO - [2026-04-29T08:06:26.470+0200] {dagbag.py:540} INFO - Filling up the DagBag from /Users/pablofrancoherrero/prueba_tecnica/venv/lib/python3.11/site-packages/airflow/example_dags/example_branch_operator.py
[2026-04-29T08:06:26.477+0200] {processor.py:842} WARNING - No viable dags retrieved from /Users/pablofrancoherrero/prueba_tecnica/venv/lib/python3.11/site-packages/airflow/example_dags/example_branch_operator.py
[2026-04-29T08:06:26.498+0200] {processor.py:183} INFO - Processing /Users/pablofrancoherrero/prueba_tecnica/venv/lib/python3.11/site-packages/airflow/example_dags/example_branch_operator.py took 0.030 seconds
[2026-04-29T08:07:46.689+0200] {processor.py:161} INFO - Started process (PID=79382) to work on /Users/pablofrancoherrero/prueba_tecnica/venv/lib/python3.11/site-packages/airflow/example_dags/example_branch_operator.py
[2026-04-29T08:07:46.690+0200] {processor.py:830} INFO - Processing file /Users/pablofrancoherrero/prueba_tecnica/venv/lib/python3.11/site-packages/airflow/example_dags/example_branch_operator.py for tasks to queue
[2026-04-29T08:07:46.690+0200] {logging_mixin.py:188} INFO - [2026-04-29T08:07:46.690+0200] {dagbag.py:540} INFO - Filling up the DagBag from /Users/pablofrancoherrero/prueba_tecnica/venv/lib/python3.11/site-packages/airflow/example_dags/example_branch_operator.py
[2026-04-29T08:07:46.697+0200] {processor.py:842} WARNING - No viable dags retrieved from /Users/pablofrancoherrero/prueba_tecnica/venv/lib/python3.11/site-packages/airflow/example_dags/example_branch_operator.py
[2026-04-29T08:07:46.718+0200] {processor.py:183} INFO - Processing /Users/pablofrancoherrero/prueba_tecnica/venv/lib/python3.11/site-packages/airflow/example_dags/example_branch_operator.py took 0.030 seconds
[2026-04-29T08:09:04.408+0200] {processor.py:161} INFO - Started process (PID=79476) to work on /Users/pablofrancoherrero/prueba_tecnica/venv/lib/python3.11/site-packages/airflow/example_dags/example_branch_operator.py
[2026-04-29T08:09:04.409+0200] {processor.py:830} INFO - Processing file /Users/pablofrancoherrero/prueba_tecnica/venv/lib/python3.11/site-packages/airflow/example_dags/example_branch_operator.py for tasks to queue
[2026-04-29T08:09:04.409+0200] {logging_mixin.py:188} INFO - [2026-04-29T08:09:04.409+0200] {dagbag.py:540} INFO - Filling up the DagBag from /Users/pablofrancoherrero/prueba_tecnica/venv/lib/python3.11/site-packages/airflow/example_dags/example_branch_operator.py
[2026-04-29T08:09:04.416+0200] {processor.py:842} WARNING - No viable dags retrieved from /Users/pablofrancoherrero/prueba_tecnica/venv/lib/python3.11/site-packages/airflow/example_dags/example_branch_operator.py
[2026-04-29T08:09:04.436+0200] {processor.py:183} INFO - Processing /Users/pablofrancoherrero/prueba_tecnica/venv/lib/python3.11/site-packages/airflow/example_dags/example_branch_operator.py took 0.028 seconds
[2026-04-29T08:27:07.875+0200] {processor.py:161} INFO - Started process (PID=79647) to work on /Users/pablofrancoherrero/prueba_tecnica/venv/lib/python3.11/site-packages/airflow/example_dags/example_branch_operator.py
[2026-04-29T08:27:07.876+0200] {processor.py:830} INFO - Processing file /Users/pablofrancoherrero/prueba_tecnica/venv/lib/python3.11/site-packages/airflow/example_dags/example_branch_operator.py for tasks to queue
[2026-04-29T08:27:07.877+0200] {logging_mixin.py:188} INFO - [2026-04-29T08:27:07.876+0200] {dagbag.py:540} INFO - Filling up the DagBag from /Users/pablofrancoherrero/prueba_tecnica/venv/lib/python3.11/site-packages/airflow/example_dags/example_branch_operator.py
[2026-04-29T08:27:07.883+0200] {processor.py:842} WARNING - No viable dags retrieved from /Users/pablofrancoherrero/prueba_tecnica/venv/lib/python3.11/site-packages/airflow/example_dags/example_branch_operator.py
[2026-04-29T08:27:07.903+0200] {processor.py:183} INFO - Processing /Users/pablofrancoherrero/prueba_tecnica/venv/lib/python3.11/site-packages/airflow/example_dags/example_branch_operator.py took 0.029 seconds
[2026-04-29T08:44:50.755+0200] {processor.py:161} INFO - Started process (PID=79791) to work on /Users/pablofrancoherrero/prueba_tecnica/venv/lib/python3.11/site-packages/airflow/example_dags/example_branch_operator.py
[2026-04-29T08:44:50.756+0200] {processor.py:830} INFO - Processing file /Users/pablofrancoherrero/prueba_tecnica/venv/lib/python3.11/site-packages/airflow/example_dags/example_branch_operator.py for tasks to queue
[2026-04-29T08:44:50.756+0200] {logging_mixin.py:188} INFO - [2026-04-29T08:44:50.756+0200] {dagbag.py:540} INFO - Filling up the DagBag from /Users/pablofrancoherrero/prueba_tecnica/venv/lib/python3.11/site-packages/airflow/example_dags/example_branch_operator.py
[2026-04-29T08:44:50.762+0200] {processor.py:842} WARNING - No viable dags retrieved from /Users/pablofrancoherrero/prueba_tecnica/venv/lib/python3.11/site-packages/airflow/example_dags/example_branch_operator.py
[2026-04-29T08:44:50.783+0200] {processor.py:183} INFO - Processing /Users/pablofrancoherrero/prueba_tecnica/venv/lib/python3.11/site-packages/airflow/example_dags/example_branch_operator.py took 0.028 seconds
[2026-04-29T08:49:59.810+0200] {processor.py:161} INFO - Started process (PID=80008) to work on /Users/pablofrancoherrero/prueba_tecnica/venv/lib/python3.11/site-packages/airflow/example_dags/example_branch_operator.py
[2026-04-29T08:49:59.810+0200] {processor.py:830} INFO - Processing file /Users/pablofrancoherrero/prueba_tecnica/venv/lib/python3.11/site-packages/airflow/example_dags/example_branch_operator.py for tasks to queue
[2026-04-29T08:49:59.811+0200] {logging_mixin.py:188} INFO - [2026-04-29T08:49:59.810+0200] {dagbag.py:540} INFO - Filling up the DagBag from /Users/pablofrancoherrero/prueba_tecnica/venv/lib/python3.11/site-packages/airflow/example_dags/example_branch_operator.py
[2026-04-29T08:49:59.817+0200] {processor.py:842} WARNING - No viable dags retrieved from /Users/pablofrancoherrero/prueba_tecnica/venv/lib/python3.11/site-packages/airflow/example_dags/example_branch_operator.py
[2026-04-29T08:49:59.838+0200] {processor.py:183} INFO - Processing /Users/pablofrancoherrero/prueba_tecnica/venv/lib/python3.11/site-packages/airflow/example_dags/example_branch_operator.py took 0.029 seconds
[2026-04-29T08:54:13.955+0200] {processor.py:161} INFO - Started process (PID=80162) to work on /Users/pablofrancoherrero/prueba_tecnica/venv/lib/python3.11/site-packages/airflow/example_dags/example_branch_operator.py
[2026-04-29T08:54:13.956+0200] {processor.py:830} INFO - Processing file /Users/pablofrancoherrero/prueba_tecnica/venv/lib/python3.11/site-packages/airflow/example_dags/example_branch_operator.py for tasks to queue
[2026-04-29T08:54:13.956+0200] {logging_mixin.py:188} INFO - [2026-04-29T08:54:13.956+0200] {dagbag.py:540} INFO - Filling up the DagBag from /Users/pablofrancoherrero/prueba_tecnica/venv/lib/python3.11/site-packages/airflow/example_dags/example_branch_operator.py
[2026-04-29T08:54:13.962+0200] {processor.py:842} WARNING - No viable dags retrieved from /Users/pablofrancoherrero/prueba_tecnica/venv/lib/python3.11/site-packages/airflow/example_dags/example_branch_operator.py
[2026-04-29T08:54:13.983+0200] {processor.py:183} INFO - Processing /Users/pablofrancoherrero/prueba_tecnica/venv/lib/python3.11/site-packages/airflow/example_dags/example_branch_operator.py took 0.029 seconds
[2026-04-29T08:58:36.195+0200] {processor.py:161} INFO - Started process (PID=80276) to work on /Users/pablofrancoherrero/prueba_tecnica/venv/lib/python3.11/site-packages/airflow/example_dags/example_branch_operator.py
[2026-04-29T08:58:36.196+0200] {processor.py:830} INFO - Processing file /Users/pablofrancoherrero/prueba_tecnica/venv/lib/python3.11/site-packages/airflow/example_dags/example_branch_operator.py for tasks to queue
[2026-04-29T08:58:36.196+0200] {logging_mixin.py:188} INFO - [2026-04-29T08:58:36.196+0200] {dagbag.py:540} INFO - Filling up the DagBag from /Users/pablofrancoherrero/prueba_tecnica/venv/lib/python3.11/site-packages/airflow/example_dags/example_branch_operator.py
[2026-04-29T08:58:36.203+0200] {processor.py:842} WARNING - No viable dags retrieved from /Users/pablofrancoherrero/prueba_tecnica/venv/lib/python3.11/site-packages/airflow/example_dags/example_branch_operator.py
[2026-04-29T08:58:36.223+0200] {processor.py:183} INFO - Processing /Users/pablofrancoherrero/prueba_tecnica/venv/lib/python3.11/site-packages/airflow/example_dags/example_branch_operator.py took 0.029 seconds
[2026-04-29T09:01:43.505+0200] {processor.py:161} INFO - Started process (PID=80456) to work on /Users/pablofrancoherrero/prueba_tecnica/venv/lib/python3.11/site-packages/airflow/example_dags/example_branch_operator.py
[2026-04-29T09:01:43.506+0200] {processor.py:830} INFO - Processing file /Users/pablofrancoherrero/prueba_tecnica/venv/lib/python3.11/site-packages/airflow/example_dags/example_branch_operator.py for tasks to queue
[2026-04-29T09:01:43.506+0200] {logging_mixin.py:188} INFO - [2026-04-29T09:01:43.506+0200] {dagbag.py:540} INFO - Filling up the DagBag from /Users/pablofrancoherrero/prueba_tecnica/venv/lib/python3.11/site-packages/airflow/example_dags/example_branch_operator.py
[2026-04-29T09:01:43.514+0200] {processor.py:842} WARNING - No viable dags retrieved from /Users/pablofrancoherrero/prueba_tecnica/venv/lib/python3.11/site-packages/airflow/example_dags/example_branch_operator.py
[2026-04-29T09:01:43.535+0200] {processor.py:183} INFO - Processing /Users/pablofrancoherrero/prueba_tecnica/venv/lib/python3.11/site-packages/airflow/example_dags/example_branch_operator.py took 0.031 seconds
[2026-04-29T09:03:08.091+0200] {processor.py:161} INFO - Started process (PID=80552) to work on /Users/pablofrancoherrero/prueba_tecnica/venv/lib/python3.11/site-packages/airflow/example_dags/example_branch_operator.py
[2026-04-29T09:03:08.092+0200] {processor.py:830} INFO - Processing file /Users/pablofrancoherrero/prueba_tecnica/venv/lib/python3.11/site-packages/airflow/example_dags/example_branch_operator.py for tasks to queue
[2026-04-29T09:03:08.092+0200] {logging_mixin.py:188} INFO - [2026-04-29T09:03:08.092+0200] {dagbag.py:540} INFO - Filling up the DagBag from /Users/pablofrancoherrero/prueba_tecnica/venv/lib/python3.11/site-packages/airflow/example_dags/example_branch_operator.py
[2026-04-29T09:03:08.099+0200] {processor.py:842} WARNING - No viable dags retrieved from /Users/pablofrancoherrero/prueba_tecnica/venv/lib/python3.11/site-packages/airflow/example_dags/example_branch_operator.py
[2026-04-29T09:03:08.122+0200] {processor.py:183} INFO - Processing /Users/pablofrancoherrero/prueba_tecnica/venv/lib/python3.11/site-packages/airflow/example_dags/example_branch_operator.py took 0.032 seconds
[2026-04-29T09:04:29.773+0200] {processor.py:161} INFO - Started process (PID=80646) to work on /Users/pablofrancoherrero/prueba_tecnica/venv/lib/python3.11/site-packages/airflow/example_dags/example_branch_operator.py
[2026-04-29T09:04:29.774+0200] {processor.py:830} INFO - Processing file /Users/pablofrancoherrero/prueba_tecnica/venv/lib/python3.11/site-packages/airflow/example_dags/example_branch_operator.py for tasks to queue
[2026-04-29T09:04:29.774+0200] {logging_mixin.py:188} INFO - [2026-04-29T09:04:29.774+0200] {dagbag.py:540} INFO - Filling up the DagBag from /Users/pablofrancoherrero/prueba_tecnica/venv/lib/python3.11/site-packages/airflow/example_dags/example_branch_operator.py
[2026-04-29T09:04:29.781+0200] {processor.py:842} WARNING - No viable dags retrieved from /Users/pablofrancoherrero/prueba_tecnica/venv/lib/python3.11/site-packages/airflow/example_dags/example_branch_operator.py
[2026-04-29T09:04:29.803+0200] {processor.py:183} INFO - Processing /Users/pablofrancoherrero/prueba_tecnica/venv/lib/python3.11/site-packages/airflow/example_dags/example_branch_operator.py took 0.030 seconds
[2026-04-29T09:05:52.115+0200] {processor.py:161} INFO - Started process (PID=80747) to work on /Users/pablofrancoherrero/prueba_tecnica/venv/lib/python3.11/site-packages/airflow/example_dags/example_branch_operator.py
[2026-04-29T09:05:52.115+0200] {processor.py:830} INFO - Processing file /Users/pablofrancoherrero/prueba_tecnica/venv/lib/python3.11/site-packages/airflow/example_dags/example_branch_operator.py for tasks to queue
[2026-04-29T09:05:52.116+0200] {logging_mixin.py:188} INFO - [2026-04-29T09:05:52.116+0200] {dagbag.py:540} INFO - Filling up the DagBag from /Users/pablofrancoherrero/prueba_tecnica/venv/lib/python3.11/site-packages/airflow/example_dags/example_branch_operator.py
[2026-04-29T09:05:52.123+0200] {processor.py:842} WARNING - No viable dags retrieved from /Users/pablofrancoherrero/prueba_tecnica/venv/lib/python3.11/site-packages/airflow/example_dags/example_branch_operator.py
[2026-04-29T09:05:52.145+0200] {processor.py:183} INFO - Processing /Users/pablofrancoherrero/prueba_tecnica/venv/lib/python3.11/site-packages/airflow/example_dags/example_branch_operator.py took 0.031 seconds
[2026-04-29T09:07:12.376+0200] {processor.py:161} INFO - Started process (PID=80856) to work on /Users/pablofrancoherrero/prueba_tecnica/venv/lib/python3.11/site-packages/airflow/example_dags/example_branch_operator.py
[2026-04-29T09:07:12.377+0200] {processor.py:830} INFO - Processing file /Users/pablofrancoherrero/prueba_tecnica/venv/lib/python3.11/site-packages/airflow/example_dags/example_branch_operator.py for tasks to queue
[2026-04-29T09:07:12.377+0200] {logging_mixin.py:188} INFO - [2026-04-29T09:07:12.377+0200] {dagbag.py:540} INFO - Filling up the DagBag from /Users/pablofrancoherrero/prueba_tecnica/venv/lib/python3.11/site-packages/airflow/example_dags/example_branch_operator.py
[2026-04-29T09:07:12.384+0200] {processor.py:842} WARNING - No viable dags retrieved from /Users/pablofrancoherrero/prueba_tecnica/venv/lib/python3.11/site-packages/airflow/example_dags/example_branch_operator.py
[2026-04-29T09:07:12.405+0200] {processor.py:183} INFO - Processing /Users/pablofrancoherrero/prueba_tecnica/venv/lib/python3.11/site-packages/airflow/example_dags/example_branch_operator.py took 0.029 seconds
[2026-04-29T09:08:33.902+0200] {processor.py:161} INFO - Started process (PID=80945) to work on /Users/pablofrancoherrero/prueba_tecnica/venv/lib/python3.11/site-packages/airflow/example_dags/example_branch_operator.py
[2026-04-29T09:08:33.902+0200] {processor.py:830} INFO - Processing file /Users/pablofrancoherrero/prueba_tecnica/venv/lib/python3.11/site-packages/airflow/example_dags/example_branch_operator.py for tasks to queue
[2026-04-29T09:08:33.902+0200] {logging_mixin.py:188} INFO - [2026-04-29T09:08:33.902+0200] {dagbag.py:540} INFO - Filling up the DagBag from /Users/pablofrancoherrero/prueba_tecnica/venv/lib/python3.11/site-packages/airflow/example_dags/example_branch_operator.py
[2026-04-29T09:08:33.910+0200] {processor.py:842} WARNING - No viable dags retrieved from /Users/pablofrancoherrero/prueba_tecnica/venv/lib/python3.11/site-packages/airflow/example_dags/example_branch_operator.py
[2026-04-29T09:08:33.933+0200] {processor.py:183} INFO - Processing /Users/pablofrancoherrero/prueba_tecnica/venv/lib/python3.11/site-packages/airflow/example_dags/example_branch_operator.py took 0.032 seconds
[2026-04-29T09:09:56.333+0200] {processor.py:161} INFO - Started process (PID=81039) to work on /Users/pablofrancoherrero/prueba_tecnica/venv/lib/python3.11/site-packages/airflow/example_dags/example_branch_operator.py
[2026-04-29T09:09:56.334+0200] {processor.py:830} INFO - Processing file /Users/pablofrancoherrero/prueba_tecnica/venv/lib/python3.11/site-packages/airflow/example_dags/example_branch_operator.py for tasks to queue
[2026-04-29T09:09:56.334+0200] {logging_mixin.py:188} INFO - [2026-04-29T09:09:56.334+0200] {dagbag.py:540} INFO - Filling up the DagBag from /Users/pablofrancoherrero/prueba_tecnica/venv/lib/python3.11/site-packages/airflow/example_dags/example_branch_operator.py
[2026-04-29T09:09:56.340+0200] {processor.py:842} WARNING - No viable dags retrieved from /Users/pablofrancoherrero/prueba_tecnica/venv/lib/python3.11/site-packages/airflow/example_dags/example_branch_operator.py
[2026-04-29T09:09:56.361+0200] {processor.py:183} INFO - Processing /Users/pablofrancoherrero/prueba_tecnica/venv/lib/python3.11/site-packages/airflow/example_dags/example_branch_operator.py took 0.029 seconds
[2026-04-29T09:11:14.579+0200] {processor.py:161} INFO - Started process (PID=81123) to work on /Users/pablofrancoherrero/prueba_tecnica/venv/lib/python3.11/site-packages/airflow/example_dags/example_branch_operator.py
[2026-04-29T09:11:14.579+0200] {processor.py:830} INFO - Processing file /Users/pablofrancoherrero/prueba_tecnica/venv/lib/python3.11/site-packages/airflow/example_dags/example_branch_operator.py for tasks to queue
[2026-04-29T09:11:14.580+0200] {logging_mixin.py:188} INFO - [2026-04-29T09:11:14.579+0200] {dagbag.py:540} INFO - Filling up the DagBag from /Users/pablofrancoherrero/prueba_tecnica/venv/lib/python3.11/site-packages/airflow/example_dags/example_branch_operator.py
[2026-04-29T09:11:14.590+0200] {processor.py:842} WARNING - No viable dags retrieved from /Users/pablofrancoherrero/prueba_tecnica/venv/lib/python3.11/site-packages/airflow/example_dags/example_branch_operator.py
[2026-04-29T09:11:14.621+0200] {processor.py:183} INFO - Processing /Users/pablofrancoherrero/prueba_tecnica/venv/lib/python3.11/site-packages/airflow/example_dags/example_branch_operator.py took 0.043 seconds
[2026-04-29T09:12:37.340+0200] {processor.py:161} INFO - Started process (PID=81211) to work on /Users/pablofrancoherrero/prueba_tecnica/venv/lib/python3.11/site-packages/airflow/example_dags/example_branch_operator.py
[2026-04-29T09:12:37.341+0200] {processor.py:830} INFO - Processing file /Users/pablofrancoherrero/prueba_tecnica/venv/lib/python3.11/site-packages/airflow/example_dags/example_branch_operator.py for tasks to queue
[2026-04-29T09:12:37.341+0200] {logging_mixin.py:188} INFO - [2026-04-29T09:12:37.341+0200] {dagbag.py:540} INFO - Filling up the DagBag from /Users/pablofrancoherrero/prueba_tecnica/venv/lib/python3.11/site-packages/airflow/example_dags/example_branch_operator.py
[2026-04-29T09:12:37.348+0200] {processor.py:842} WARNING - No viable dags retrieved from /Users/pablofrancoherrero/prueba_tecnica/venv/lib/python3.11/site-packages/airflow/example_dags/example_branch_operator.py
[2026-04-29T09:12:37.369+0200] {processor.py:183} INFO - Processing /Users/pablofrancoherrero/prueba_tecnica/venv/lib/python3.11/site-packages/airflow/example_dags/example_branch_operator.py took 0.030 seconds
[2026-04-29T09:13:57.864+0200] {processor.py:161} INFO - Started process (PID=81308) to work on /Users/pablofrancoherrero/prueba_tecnica/venv/lib/python3.11/site-packages/airflow/example_dags/example_branch_operator.py
[2026-04-29T09:13:57.865+0200] {processor.py:830} INFO - Processing file /Users/pablofrancoherrero/prueba_tecnica/venv/lib/python3.11/site-packages/airflow/example_dags/example_branch_operator.py for tasks to queue
[2026-04-29T09:13:57.865+0200] {logging_mixin.py:188} INFO - [2026-04-29T09:13:57.865+0200] {dagbag.py:540} INFO - Filling up the DagBag from /Users/pablofrancoherrero/prueba_tecnica/venv/lib/python3.11/site-packages/airflow/example_dags/example_branch_operator.py
[2026-04-29T09:13:57.873+0200] {processor.py:842} WARNING - No viable dags retrieved from /Users/pablofrancoherrero/prueba_tecnica/venv/lib/python3.11/site-packages/airflow/example_dags/example_branch_operator.py
[2026-04-29T09:13:57.895+0200] {processor.py:183} INFO - Processing /Users/pablofrancoherrero/prueba_tecnica/venv/lib/python3.11/site-packages/airflow/example_dags/example_branch_operator.py took 0.032 seconds
[2026-04-29T09:15:17.250+0200] {processor.py:161} INFO - Started process (PID=81415) to work on /Users/pablofrancoherrero/prueba_tecnica/venv/lib/python3.11/site-packages/airflow/example_dags/example_branch_operator.py
[2026-04-29T09:15:17.251+0200] {processor.py:830} INFO - Processing file /Users/pablofrancoherrero/prueba_tecnica/venv/lib/python3.11/site-packages/airflow/example_dags/example_branch_operator.py for tasks to queue
[2026-04-29T09:15:17.251+0200] {logging_mixin.py:188} INFO - [2026-04-29T09:15:17.251+0200] {dagbag.py:540} INFO - Filling up the DagBag from /Users/pablofrancoherrero/prueba_tecnica/venv/lib/python3.11/site-packages/airflow/example_dags/example_branch_operator.py
[2026-04-29T09:15:17.258+0200] {processor.py:842} WARNING - No viable dags retrieved from /Users/pablofrancoherrero/prueba_tecnica/venv/lib/python3.11/site-packages/airflow/example_dags/example_branch_operator.py
[2026-04-29T09:15:17.279+0200] {processor.py:183} INFO - Processing /Users/pablofrancoherrero/prueba_tecnica/venv/lib/python3.11/site-packages/airflow/example_dags/example_branch_operator.py took 0.030 seconds
[2026-04-29T09:16:33.174+0200] {processor.py:161} INFO - Started process (PID=81516) to work on /Users/pablofrancoherrero/prueba_tecnica/venv/lib/python3.11/site-packages/airflow/example_dags/example_branch_operator.py
[2026-04-29T09:16:33.175+0200] {processor.py:830} INFO - Processing file /Users/pablofrancoherrero/prueba_tecnica/venv/lib/python3.11/site-packages/airflow/example_dags/example_branch_operator.py for tasks to queue
[2026-04-29T09:16:33.176+0200] {logging_mixin.py:188} INFO - [2026-04-29T09:16:33.176+0200] {dagbag.py:540} INFO - Filling up the DagBag from /Users/pablofrancoherrero/prueba_tecnica/venv/lib/python3.11/site-packages/airflow/example_dags/example_branch_operator.py
[2026-04-29T09:16:33.182+0200] {processor.py:842} WARNING - No viable dags retrieved from /Users/pablofrancoherrero/prueba_tecnica/venv/lib/python3.11/site-packages/airflow/example_dags/example_branch_operator.py
[2026-04-29T09:16:33.204+0200] {processor.py:183} INFO - Processing /Users/pablofrancoherrero/prueba_tecnica/venv/lib/python3.11/site-packages/airflow/example_dags/example_branch_operator.py took 0.031 seconds
[2026-04-29T09:17:53.623+0200] {processor.py:161} INFO - Started process (PID=81621) to work on /Users/pablofrancoherrero/prueba_tecnica/venv/lib/python3.11/site-packages/airflow/example_dags/example_branch_operator.py
[2026-04-29T09:17:53.624+0200] {processor.py:830} INFO - Processing file /Users/pablofrancoherrero/prueba_tecnica/venv/lib/python3.11/site-packages/airflow/example_dags/example_branch_operator.py for tasks to queue
[2026-04-29T09:17:53.624+0200] {logging_mixin.py:188} INFO - [2026-04-29T09:17:53.624+0200] {dagbag.py:540} INFO - Filling up the DagBag from /Users/pablofrancoherrero/prueba_tecnica/venv/lib/python3.11/site-packages/airflow/example_dags/example_branch_operator.py
[2026-04-29T09:17:53.631+0200] {processor.py:842} WARNING - No viable dags retrieved from /Users/pablofrancoherrero/prueba_tecnica/venv/lib/python3.11/site-packages/airflow/example_dags/example_branch_operator.py
[2026-04-29T09:17:53.652+0200] {processor.py:183} INFO - Processing /Users/pablofrancoherrero/prueba_tecnica/venv/lib/python3.11/site-packages/airflow/example_dags/example_branch_operator.py took 0.030 seconds
[2026-04-29T09:19:14.028+0200] {processor.py:161} INFO - Started process (PID=81706) to work on /Users/pablofrancoherrero/prueba_tecnica/venv/lib/python3.11/site-packages/airflow/example_dags/example_branch_operator.py
[2026-04-29T09:19:14.029+0200] {processor.py:830} INFO - Processing file /Users/pablofrancoherrero/prueba_tecnica/venv/lib/python3.11/site-packages/airflow/example_dags/example_branch_operator.py for tasks to queue
[2026-04-29T09:19:14.029+0200] {logging_mixin.py:188} INFO - [2026-04-29T09:19:14.029+0200] {dagbag.py:540} INFO - Filling up the DagBag from /Users/pablofrancoherrero/prueba_tecnica/venv/lib/python3.11/site-packages/airflow/example_dags/example_branch_operator.py
[2026-04-29T09:19:14.036+0200] {processor.py:842} WARNING - No viable dags retrieved from /Users/pablofrancoherrero/prueba_tecnica/venv/lib/python3.11/site-packages/airflow/example_dags/example_branch_operator.py
[2026-04-29T09:19:14.056+0200] {processor.py:183} INFO - Processing /Users/pablofrancoherrero/prueba_tecnica/venv/lib/python3.11/site-packages/airflow/example_dags/example_branch_operator.py took 0.029 seconds
[2026-04-29T09:20:39.641+0200] {processor.py:161} INFO - Started process (PID=81828) to work on /Users/pablofrancoherrero/prueba_tecnica/venv/lib/python3.11/site-packages/airflow/example_dags/example_branch_operator.py
[2026-04-29T09:20:39.642+0200] {processor.py:830} INFO - Processing file /Users/pablofrancoherrero/prueba_tecnica/venv/lib/python3.11/site-packages/airflow/example_dags/example_branch_operator.py for tasks to queue
[2026-04-29T09:20:39.642+0200] {logging_mixin.py:188} INFO - [2026-04-29T09:20:39.642+0200] {dagbag.py:540} INFO - Filling up the DagBag from /Users/pablofrancoherrero/prueba_tecnica/venv/lib/python3.11/site-packages/airflow/example_dags/example_branch_operator.py
[2026-04-29T09:20:39.648+0200] {processor.py:842} WARNING - No viable dags retrieved from /Users/pablofrancoherrero/prueba_tecnica/venv/lib/python3.11/site-packages/airflow/example_dags/example_branch_operator.py
[2026-04-29T09:20:39.670+0200] {processor.py:183} INFO - Processing /Users/pablofrancoherrero/prueba_tecnica/venv/lib/python3.11/site-packages/airflow/example_dags/example_branch_operator.py took 0.030 seconds
[2026-04-29T09:22:02.749+0200] {processor.py:161} INFO - Started process (PID=81928) to work on /Users/pablofrancoherrero/prueba_tecnica/venv/lib/python3.11/site-packages/airflow/example_dags/example_branch_operator.py
[2026-04-29T09:22:02.750+0200] {processor.py:830} INFO - Processing file /Users/pablofrancoherrero/prueba_tecnica/venv/lib/python3.11/site-packages/airflow/example_dags/example_branch_operator.py for tasks to queue
[2026-04-29T09:22:02.750+0200] {logging_mixin.py:188} INFO - [2026-04-29T09:22:02.750+0200] {dagbag.py:540} INFO - Filling up the DagBag from /Users/pablofrancoherrero/prueba_tecnica/venv/lib/python3.11/site-packages/airflow/example_dags/example_branch_operator.py
[2026-04-29T09:22:02.757+0200] {processor.py:842} WARNING - No viable dags retrieved from /Users/pablofrancoherrero/prueba_tecnica/venv/lib/python3.11/site-packages/airflow/example_dags/example_branch_operator.py
[2026-04-29T09:22:02.778+0200] {processor.py:183} INFO - Processing /Users/pablofrancoherrero/prueba_tecnica/venv/lib/python3.11/site-packages/airflow/example_dags/example_branch_operator.py took 0.029 seconds
[2026-04-29T09:23:27.420+0200] {processor.py:161} INFO - Started process (PID=82034) to work on /Users/pablofrancoherrero/prueba_tecnica/venv/lib/python3.11/site-packages/airflow/example_dags/example_branch_operator.py
[2026-04-29T09:23:27.421+0200] {processor.py:830} INFO - Processing file /Users/pablofrancoherrero/prueba_tecnica/venv/lib/python3.11/site-packages/airflow/example_dags/example_branch_operator.py for tasks to queue
[2026-04-29T09:23:27.421+0200] {logging_mixin.py:188} INFO - [2026-04-29T09:23:27.421+0200] {dagbag.py:540} INFO - Filling up the DagBag from /Users/pablofrancoherrero/prueba_tecnica/venv/lib/python3.11/site-packages/airflow/example_dags/example_branch_operator.py
[2026-04-29T09:23:27.427+0200] {processor.py:842} WARNING - No viable dags retrieved from /Users/pablofrancoherrero/prueba_tecnica/venv/lib/python3.11/site-packages/airflow/example_dags/example_branch_operator.py
[2026-04-29T09:23:27.449+0200] {processor.py:183} INFO - Processing /Users/pablofrancoherrero/prueba_tecnica/venv/lib/python3.11/site-packages/airflow/example_dags/example_branch_operator.py took 0.030 seconds
[2026-04-29T09:24:48.549+0200] {processor.py:161} INFO - Started process (PID=82137) to work on /Users/pablofrancoherrero/prueba_tecnica/venv/lib/python3.11/site-packages/airflow/example_dags/example_branch_operator.py
[2026-04-29T09:24:48.550+0200] {processor.py:830} INFO - Processing file /Users/pablofrancoherrero/prueba_tecnica/venv/lib/python3.11/site-packages/airflow/example_dags/example_branch_operator.py for tasks to queue
[2026-04-29T09:24:48.550+0200] {logging_mixin.py:188} INFO - [2026-04-29T09:24:48.550+0200] {dagbag.py:540} INFO - Filling up the DagBag from /Users/pablofrancoherrero/prueba_tecnica/venv/lib/python3.11/site-packages/airflow/example_dags/example_branch_operator.py
[2026-04-29T09:24:48.557+0200] {processor.py:842} WARNING - No viable dags retrieved from /Users/pablofrancoherrero/prueba_tecnica/venv/lib/python3.11/site-packages/airflow/example_dags/example_branch_operator.py
[2026-04-29T09:24:48.579+0200] {processor.py:183} INFO - Processing /Users/pablofrancoherrero/prueba_tecnica/venv/lib/python3.11/site-packages/airflow/example_dags/example_branch_operator.py took 0.031 seconds
[2026-04-29T09:26:13.580+0200] {processor.py:161} INFO - Started process (PID=82260) to work on /Users/pablofrancoherrero/prueba_tecnica/venv/lib/python3.11/site-packages/airflow/example_dags/example_branch_operator.py
[2026-04-29T09:26:13.580+0200] {processor.py:830} INFO - Processing file /Users/pablofrancoherrero/prueba_tecnica/venv/lib/python3.11/site-packages/airflow/example_dags/example_branch_operator.py for tasks to queue
[2026-04-29T09:26:13.580+0200] {logging_mixin.py:188} INFO - [2026-04-29T09:26:13.580+0200] {dagbag.py:540} INFO - Filling up the DagBag from /Users/pablofrancoherrero/prueba_tecnica/venv/lib/python3.11/site-packages/airflow/example_dags/example_branch_operator.py
[2026-04-29T09:26:13.587+0200] {processor.py:842} WARNING - No viable dags retrieved from /Users/pablofrancoherrero/prueba_tecnica/venv/lib/python3.11/site-packages/airflow/example_dags/example_branch_operator.py
[2026-04-29T09:26:13.609+0200] {processor.py:183} INFO - Processing /Users/pablofrancoherrero/prueba_tecnica/venv/lib/python3.11/site-packages/airflow/example_dags/example_branch_operator.py took 0.030 seconds
[2026-04-29T09:27:37.548+0200] {processor.py:161} INFO - Started process (PID=82374) to work on /Users/pablofrancoherrero/prueba_tecnica/venv/lib/python3.11/site-packages/airflow/example_dags/example_branch_operator.py
[2026-04-29T09:27:37.548+0200] {processor.py:830} INFO - Processing file /Users/pablofrancoherrero/prueba_tecnica/venv/lib/python3.11/site-packages/airflow/example_dags/example_branch_operator.py for tasks to queue
[2026-04-29T09:27:37.548+0200] {logging_mixin.py:188} INFO - [2026-04-29T09:27:37.548+0200] {dagbag.py:540} INFO - Filling up the DagBag from /Users/pablofrancoherrero/prueba_tecnica/venv/lib/python3.11/site-packages/airflow/example_dags/example_branch_operator.py
[2026-04-29T09:27:37.555+0200] {processor.py:842} WARNING - No viable dags retrieved from /Users/pablofrancoherrero/prueba_tecnica/venv/lib/python3.11/site-packages/airflow/example_dags/example_branch_operator.py
[2026-04-29T09:27:37.577+0200] {processor.py:183} INFO - Processing /Users/pablofrancoherrero/prueba_tecnica/venv/lib/python3.11/site-packages/airflow/example_dags/example_branch_operator.py took 0.031 seconds
[2026-04-29T09:28:58.684+0200] {processor.py:161} INFO - Started process (PID=82470) to work on /Users/pablofrancoherrero/prueba_tecnica/venv/lib/python3.11/site-packages/airflow/example_dags/example_branch_operator.py
[2026-04-29T09:28:58.685+0200] {processor.py:830} INFO - Processing file /Users/pablofrancoherrero/prueba_tecnica/venv/lib/python3.11/site-packages/airflow/example_dags/example_branch_operator.py for tasks to queue
[2026-04-29T09:28:58.685+0200] {logging_mixin.py:188} INFO - [2026-04-29T09:28:58.685+0200] {dagbag.py:540} INFO - Filling up the DagBag from /Users/pablofrancoherrero/prueba_tecnica/venv/lib/python3.11/site-packages/airflow/example_dags/example_branch_operator.py
[2026-04-29T09:28:58.692+0200] {processor.py:842} WARNING - No viable dags retrieved from /Users/pablofrancoherrero/prueba_tecnica/venv/lib/python3.11/site-packages/airflow/example_dags/example_branch_operator.py
[2026-04-29T09:28:58.713+0200] {processor.py:183} INFO - Processing /Users/pablofrancoherrero/prueba_tecnica/venv/lib/python3.11/site-packages/airflow/example_dags/example_branch_operator.py took 0.030 seconds
[2026-04-29T09:30:20.049+0200] {processor.py:161} INFO - Started process (PID=82555) to work on /Users/pablofrancoherrero/prueba_tecnica/venv/lib/python3.11/site-packages/airflow/example_dags/example_branch_operator.py
[2026-04-29T09:30:20.050+0200] {processor.py:830} INFO - Processing file /Users/pablofrancoherrero/prueba_tecnica/venv/lib/python3.11/site-packages/airflow/example_dags/example_branch_operator.py for tasks to queue
[2026-04-29T09:30:20.050+0200] {logging_mixin.py:188} INFO - [2026-04-29T09:30:20.050+0200] {dagbag.py:540} INFO - Filling up the DagBag from /Users/pablofrancoherrero/prueba_tecnica/venv/lib/python3.11/site-packages/airflow/example_dags/example_branch_operator.py
[2026-04-29T09:30:20.057+0200] {processor.py:842} WARNING - No viable dags retrieved from /Users/pablofrancoherrero/prueba_tecnica/venv/lib/python3.11/site-packages/airflow/example_dags/example_branch_operator.py
[2026-04-29T09:30:20.078+0200] {processor.py:183} INFO - Processing /Users/pablofrancoherrero/prueba_tecnica/venv/lib/python3.11/site-packages/airflow/example_dags/example_branch_operator.py took 0.030 seconds
[2026-04-29T09:31:43.679+0200] {processor.py:161} INFO - Started process (PID=82682) to work on /Users/pablofrancoherrero/prueba_tecnica/venv/lib/python3.11/site-packages/airflow/example_dags/example_branch_operator.py
[2026-04-29T09:31:43.680+0200] {processor.py:830} INFO - Processing file /Users/pablofrancoherrero/prueba_tecnica/venv/lib/python3.11/site-packages/airflow/example_dags/example_branch_operator.py for tasks to queue
[2026-04-29T09:31:43.680+0200] {logging_mixin.py:188} INFO - [2026-04-29T09:31:43.680+0200] {dagbag.py:540} INFO - Filling up the DagBag from /Users/pablofrancoherrero/prueba_tecnica/venv/lib/python3.11/site-packages/airflow/example_dags/example_branch_operator.py
[2026-04-29T09:31:43.686+0200] {processor.py:842} WARNING - No viable dags retrieved from /Users/pablofrancoherrero/prueba_tecnica/venv/lib/python3.11/site-packages/airflow/example_dags/example_branch_operator.py
[2026-04-29T09:31:43.708+0200] {processor.py:183} INFO - Processing /Users/pablofrancoherrero/prueba_tecnica/venv/lib/python3.11/site-packages/airflow/example_dags/example_branch_operator.py took 0.030 seconds
[2026-04-29T09:33:05.132+0200] {processor.py:161} INFO - Started process (PID=82775) to work on /Users/pablofrancoherrero/prueba_tecnica/venv/lib/python3.11/site-packages/airflow/example_dags/example_branch_operator.py
[2026-04-29T09:33:05.133+0200] {processor.py:830} INFO - Processing file /Users/pablofrancoherrero/prueba_tecnica/venv/lib/python3.11/site-packages/airflow/example_dags/example_branch_operator.py for tasks to queue
[2026-04-29T09:33:05.133+0200] {logging_mixin.py:188} INFO - [2026-04-29T09:33:05.133+0200] {dagbag.py:540} INFO - Filling up the DagBag from /Users/pablofrancoherrero/prueba_tecnica/venv/lib/python3.11/site-packages/airflow/example_dags/example_branch_operator.py
[2026-04-29T09:33:05.140+0200] {processor.py:842} WARNING - No viable dags retrieved from /Users/pablofrancoherrero/prueba_tecnica/venv/lib/python3.11/site-packages/airflow/example_dags/example_branch_operator.py
[2026-04-29T09:33:05.162+0200] {processor.py:183} INFO - Processing /Users/pablofrancoherrero/prueba_tecnica/venv/lib/python3.11/site-packages/airflow/example_dags/example_branch_operator.py took 0.030 seconds
[2026-04-29T09:34:27.006+0200] {processor.py:161} INFO - Started process (PID=82868) to work on /Users/pablofrancoherrero/prueba_tecnica/venv/lib/python3.11/site-packages/airflow/example_dags/example_branch_operator.py
[2026-04-29T09:34:27.006+0200] {processor.py:830} INFO - Processing file /Users/pablofrancoherrero/prueba_tecnica/venv/lib/python3.11/site-packages/airflow/example_dags/example_branch_operator.py for tasks to queue
[2026-04-29T09:34:27.006+0200] {logging_mixin.py:188} INFO - [2026-04-29T09:34:27.006+0200] {dagbag.py:540} INFO - Filling up the DagBag from /Users/pablofrancoherrero/prueba_tecnica/venv/lib/python3.11/site-packages/airflow/example_dags/example_branch_operator.py
[2026-04-29T09:34:27.013+0200] {processor.py:842} WARNING - No viable dags retrieved from /Users/pablofrancoherrero/prueba_tecnica/venv/lib/python3.11/site-packages/airflow/example_dags/example_branch_operator.py
[2026-04-29T09:34:27.034+0200] {processor.py:183} INFO - Processing /Users/pablofrancoherrero/prueba_tecnica/venv/lib/python3.11/site-packages/airflow/example_dags/example_branch_operator.py took 0.030 seconds
[2026-04-29T09:35:49.297+0200] {processor.py:161} INFO - Started process (PID=82966) to work on /Users/pablofrancoherrero/prueba_tecnica/venv/lib/python3.11/site-packages/airflow/example_dags/example_branch_operator.py
[2026-04-29T09:35:49.298+0200] {processor.py:830} INFO - Processing file /Users/pablofrancoherrero/prueba_tecnica/venv/lib/python3.11/site-packages/airflow/example_dags/example_branch_operator.py for tasks to queue
[2026-04-29T09:35:49.298+0200] {logging_mixin.py:188} INFO - [2026-04-29T09:35:49.298+0200] {dagbag.py:540} INFO - Filling up the DagBag from /Users/pablofrancoherrero/prueba_tecnica/venv/lib/python3.11/site-packages/airflow/example_dags/example_branch_operator.py
[2026-04-29T09:35:49.305+0200] {processor.py:842} WARNING - No viable dags retrieved from /Users/pablofrancoherrero/prueba_tecnica/venv/lib/python3.11/site-packages/airflow/example_dags/example_branch_operator.py
[2026-04-29T09:35:49.327+0200] {processor.py:183} INFO - Processing /Users/pablofrancoherrero/prueba_tecnica/venv/lib/python3.11/site-packages/airflow/example_dags/example_branch_operator.py took 0.030 seconds
[2026-04-29T09:37:45.541+0200] {processor.py:161} INFO - Started process (PID=83060) to work on /Users/pablofrancoherrero/prueba_tecnica/venv/lib/python3.11/site-packages/airflow/example_dags/example_branch_operator.py
[2026-04-29T09:37:45.542+0200] {processor.py:830} INFO - Processing file /Users/pablofrancoherrero/prueba_tecnica/venv/lib/python3.11/site-packages/airflow/example_dags/example_branch_operator.py for tasks to queue
[2026-04-29T09:37:45.542+0200] {logging_mixin.py:188} INFO - [2026-04-29T09:37:45.542+0200] {dagbag.py:540} INFO - Filling up the DagBag from /Users/pablofrancoherrero/prueba_tecnica/venv/lib/python3.11/site-packages/airflow/example_dags/example_branch_operator.py
[2026-04-29T09:37:45.548+0200] {processor.py:842} WARNING - No viable dags retrieved from /Users/pablofrancoherrero/prueba_tecnica/venv/lib/python3.11/site-packages/airflow/example_dags/example_branch_operator.py
[2026-04-29T09:37:45.568+0200] {processor.py:183} INFO - Processing /Users/pablofrancoherrero/prueba_tecnica/venv/lib/python3.11/site-packages/airflow/example_dags/example_branch_operator.py took 0.028 seconds
[2026-04-29T09:45:27.767+0200] {processor.py:161} INFO - Started process (PID=83175) to work on /Users/pablofrancoherrero/prueba_tecnica/venv/lib/python3.11/site-packages/airflow/example_dags/example_branch_operator.py
[2026-04-29T09:45:27.767+0200] {processor.py:830} INFO - Processing file /Users/pablofrancoherrero/prueba_tecnica/venv/lib/python3.11/site-packages/airflow/example_dags/example_branch_operator.py for tasks to queue
[2026-04-29T09:45:27.767+0200] {logging_mixin.py:188} INFO - [2026-04-29T09:45:27.767+0200] {dagbag.py:540} INFO - Filling up the DagBag from /Users/pablofrancoherrero/prueba_tecnica/venv/lib/python3.11/site-packages/airflow/example_dags/example_branch_operator.py
[2026-04-29T09:45:27.774+0200] {processor.py:842} WARNING - No viable dags retrieved from /Users/pablofrancoherrero/prueba_tecnica/venv/lib/python3.11/site-packages/airflow/example_dags/example_branch_operator.py
[2026-04-29T09:45:27.794+0200] {processor.py:183} INFO - Processing /Users/pablofrancoherrero/prueba_tecnica/venv/lib/python3.11/site-packages/airflow/example_dags/example_branch_operator.py took 0.028 seconds
[2026-04-29T09:52:36.957+0200] {processor.py:161} INFO - Started process (PID=83323) to work on /Users/pablofrancoherrero/prueba_tecnica/venv/lib/python3.11/site-packages/airflow/example_dags/example_branch_operator.py
[2026-04-29T09:52:36.958+0200] {processor.py:830} INFO - Processing file /Users/pablofrancoherrero/prueba_tecnica/venv/lib/python3.11/site-packages/airflow/example_dags/example_branch_operator.py for tasks to queue
[2026-04-29T09:52:36.958+0200] {logging_mixin.py:188} INFO - [2026-04-29T09:52:36.958+0200] {dagbag.py:540} INFO - Filling up the DagBag from /Users/pablofrancoherrero/prueba_tecnica/venv/lib/python3.11/site-packages/airflow/example_dags/example_branch_operator.py
[2026-04-29T09:52:36.964+0200] {processor.py:842} WARNING - No viable dags retrieved from /Users/pablofrancoherrero/prueba_tecnica/venv/lib/python3.11/site-packages/airflow/example_dags/example_branch_operator.py
[2026-04-29T09:52:36.984+0200] {processor.py:183} INFO - Processing /Users/pablofrancoherrero/prueba_tecnica/venv/lib/python3.11/site-packages/airflow/example_dags/example_branch_operator.py took 0.029 seconds
[2026-04-29T10:16:49.968+0200] {processor.py:161} INFO - Started process (PID=83510) to work on /Users/pablofrancoherrero/prueba_tecnica/venv/lib/python3.11/site-packages/airflow/example_dags/example_branch_operator.py
[2026-04-29T10:16:49.969+0200] {processor.py:830} INFO - Processing file /Users/pablofrancoherrero/prueba_tecnica/venv/lib/python3.11/site-packages/airflow/example_dags/example_branch_operator.py for tasks to queue
[2026-04-29T10:16:49.969+0200] {logging_mixin.py:188} INFO - [2026-04-29T10:16:49.969+0200] {dagbag.py:540} INFO - Filling up the DagBag from /Users/pablofrancoherrero/prueba_tecnica/venv/lib/python3.11/site-packages/airflow/example_dags/example_branch_operator.py
[2026-04-29T10:16:49.976+0200] {processor.py:842} WARNING - No viable dags retrieved from /Users/pablofrancoherrero/prueba_tecnica/venv/lib/python3.11/site-packages/airflow/example_dags/example_branch_operator.py
[2026-04-29T10:16:49.996+0200] {processor.py:183} INFO - Processing /Users/pablofrancoherrero/prueba_tecnica/venv/lib/python3.11/site-packages/airflow/example_dags/example_branch_operator.py took 0.029 seconds
[2026-04-29T10:48:41.029+0200] {processor.py:161} INFO - Started process (PID=83694) to work on /Users/pablofrancoherrero/prueba_tecnica/venv/lib/python3.11/site-packages/airflow/example_dags/example_branch_operator.py
[2026-04-29T10:48:41.029+0200] {processor.py:830} INFO - Processing file /Users/pablofrancoherrero/prueba_tecnica/venv/lib/python3.11/site-packages/airflow/example_dags/example_branch_operator.py for tasks to queue
[2026-04-29T10:48:41.029+0200] {logging_mixin.py:188} INFO - [2026-04-29T10:48:41.029+0200] {dagbag.py:540} INFO - Filling up the DagBag from /Users/pablofrancoherrero/prueba_tecnica/venv/lib/python3.11/site-packages/airflow/example_dags/example_branch_operator.py
[2026-04-29T10:48:41.036+0200] {processor.py:842} WARNING - No viable dags retrieved from /Users/pablofrancoherrero/prueba_tecnica/venv/lib/python3.11/site-packages/airflow/example_dags/example_branch_operator.py
[2026-04-29T10:48:41.057+0200] {processor.py:183} INFO - Processing /Users/pablofrancoherrero/prueba_tecnica/venv/lib/python3.11/site-packages/airflow/example_dags/example_branch_operator.py took 0.029 seconds
[2026-04-29T11:22:49.804+0200] {processor.py:161} INFO - Started process (PID=83964) to work on /Users/pablofrancoherrero/prueba_tecnica/venv/lib/python3.11/site-packages/airflow/example_dags/example_branch_operator.py
[2026-04-29T11:22:49.805+0200] {processor.py:830} INFO - Processing file /Users/pablofrancoherrero/prueba_tecnica/venv/lib/python3.11/site-packages/airflow/example_dags/example_branch_operator.py for tasks to queue
[2026-04-29T11:22:49.805+0200] {logging_mixin.py:188} INFO - [2026-04-29T11:22:49.805+0200] {dagbag.py:540} INFO - Filling up the DagBag from /Users/pablofrancoherrero/prueba_tecnica/venv/lib/python3.11/site-packages/airflow/example_dags/example_branch_operator.py
[2026-04-29T11:22:49.812+0200] {processor.py:842} WARNING - No viable dags retrieved from /Users/pablofrancoherrero/prueba_tecnica/venv/lib/python3.11/site-packages/airflow/example_dags/example_branch_operator.py
[2026-04-29T11:22:49.833+0200] {processor.py:183} INFO - Processing /Users/pablofrancoherrero/prueba_tecnica/venv/lib/python3.11/site-packages/airflow/example_dags/example_branch_operator.py took 0.029 seconds
[2026-04-29T11:24:15.267+0200] {processor.py:161} INFO - Started process (PID=84080) to work on /Users/pablofrancoherrero/prueba_tecnica/venv/lib/python3.11/site-packages/airflow/example_dags/example_branch_operator.py
[2026-04-29T11:24:15.267+0200] {processor.py:830} INFO - Processing file /Users/pablofrancoherrero/prueba_tecnica/venv/lib/python3.11/site-packages/airflow/example_dags/example_branch_operator.py for tasks to queue
[2026-04-29T11:24:15.267+0200] {logging_mixin.py:188} INFO - [2026-04-29T11:24:15.267+0200] {dagbag.py:540} INFO - Filling up the DagBag from /Users/pablofrancoherrero/prueba_tecnica/venv/lib/python3.11/site-packages/airflow/example_dags/example_branch_operator.py
[2026-04-29T11:24:15.274+0200] {processor.py:842} WARNING - No viable dags retrieved from /Users/pablofrancoherrero/prueba_tecnica/venv/lib/python3.11/site-packages/airflow/example_dags/example_branch_operator.py
[2026-04-29T11:24:15.294+0200] {processor.py:183} INFO - Processing /Users/pablofrancoherrero/prueba_tecnica/venv/lib/python3.11/site-packages/airflow/example_dags/example_branch_operator.py took 0.028 seconds
[2026-04-29T11:25:34.446+0200] {processor.py:161} INFO - Started process (PID=84174) to work on /Users/pablofrancoherrero/prueba_tecnica/venv/lib/python3.11/site-packages/airflow/example_dags/example_branch_operator.py
[2026-04-29T11:25:34.446+0200] {processor.py:830} INFO - Processing file /Users/pablofrancoherrero/prueba_tecnica/venv/lib/python3.11/site-packages/airflow/example_dags/example_branch_operator.py for tasks to queue
[2026-04-29T11:25:34.446+0200] {logging_mixin.py:188} INFO - [2026-04-29T11:25:34.446+0200] {dagbag.py:540} INFO - Filling up the DagBag from /Users/pablofrancoherrero/prueba_tecnica/venv/lib/python3.11/site-packages/airflow/example_dags/example_branch_operator.py
[2026-04-29T11:25:34.453+0200] {processor.py:842} WARNING - No viable dags retrieved from /Users/pablofrancoherrero/prueba_tecnica/venv/lib/python3.11/site-packages/airflow/example_dags/example_branch_operator.py
[2026-04-29T11:25:34.473+0200] {processor.py:183} INFO - Processing /Users/pablofrancoherrero/prueba_tecnica/venv/lib/python3.11/site-packages/airflow/example_dags/example_branch_operator.py took 0.028 seconds
[2026-04-29T11:31:46.101+0200] {processor.py:161} INFO - Started process (PID=84304) to work on /Users/pablofrancoherrero/prueba_tecnica/venv/lib/python3.11/site-packages/airflow/example_dags/example_branch_operator.py
[2026-04-29T11:31:46.102+0200] {processor.py:830} INFO - Processing file /Users/pablofrancoherrero/prueba_tecnica/venv/lib/python3.11/site-packages/airflow/example_dags/example_branch_operator.py for tasks to queue
[2026-04-29T11:31:46.102+0200] {logging_mixin.py:188} INFO - [2026-04-29T11:31:46.102+0200] {dagbag.py:540} INFO - Filling up the DagBag from /Users/pablofrancoherrero/prueba_tecnica/venv/lib/python3.11/site-packages/airflow/example_dags/example_branch_operator.py
[2026-04-29T11:31:46.109+0200] {processor.py:842} WARNING - No viable dags retrieved from /Users/pablofrancoherrero/prueba_tecnica/venv/lib/python3.11/site-packages/airflow/example_dags/example_branch_operator.py
[2026-04-29T11:31:46.129+0200] {processor.py:183} INFO - Processing /Users/pablofrancoherrero/prueba_tecnica/venv/lib/python3.11/site-packages/airflow/example_dags/example_branch_operator.py took 0.029 seconds
[2026-04-29T11:47:35.924+0200] {processor.py:161} INFO - Started process (PID=84457) to work on /Users/pablofrancoherrero/prueba_tecnica/venv/lib/python3.11/site-packages/airflow/example_dags/example_branch_operator.py
[2026-04-29T11:47:35.925+0200] {processor.py:830} INFO - Processing file /Users/pablofrancoherrero/prueba_tecnica/venv/lib/python3.11/site-packages/airflow/example_dags/example_branch_operator.py for tasks to queue
[2026-04-29T11:47:35.925+0200] {logging_mixin.py:188} INFO - [2026-04-29T11:47:35.925+0200] {dagbag.py:540} INFO - Filling up the DagBag from /Users/pablofrancoherrero/prueba_tecnica/venv/lib/python3.11/site-packages/airflow/example_dags/example_branch_operator.py
[2026-04-29T11:47:35.932+0200] {processor.py:842} WARNING - No viable dags retrieved from /Users/pablofrancoherrero/prueba_tecnica/venv/lib/python3.11/site-packages/airflow/example_dags/example_branch_operator.py
[2026-04-29T11:47:35.952+0200] {processor.py:183} INFO - Processing /Users/pablofrancoherrero/prueba_tecnica/venv/lib/python3.11/site-packages/airflow/example_dags/example_branch_operator.py took 0.028 seconds
[2026-04-29T11:55:24.472+0200] {processor.py:161} INFO - Started process (PID=84622) to work on /Users/pablofrancoherrero/prueba_tecnica/venv/lib/python3.11/site-packages/airflow/example_dags/example_branch_operator.py
[2026-04-29T11:55:24.473+0200] {processor.py:830} INFO - Processing file /Users/pablofrancoherrero/prueba_tecnica/venv/lib/python3.11/site-packages/airflow/example_dags/example_branch_operator.py for tasks to queue
[2026-04-29T11:55:24.473+0200] {logging_mixin.py:188} INFO - [2026-04-29T11:55:24.473+0200] {dagbag.py:540} INFO - Filling up the DagBag from /Users/pablofrancoherrero/prueba_tecnica/venv/lib/python3.11/site-packages/airflow/example_dags/example_branch_operator.py
[2026-04-29T11:55:24.480+0200] {processor.py:842} WARNING - No viable dags retrieved from /Users/pablofrancoherrero/prueba_tecnica/venv/lib/python3.11/site-packages/airflow/example_dags/example_branch_operator.py
[2026-04-29T11:55:24.500+0200] {processor.py:183} INFO - Processing /Users/pablofrancoherrero/prueba_tecnica/venv/lib/python3.11/site-packages/airflow/example_dags/example_branch_operator.py took 0.029 seconds
[2026-04-29T12:05:58.818+0200] {processor.py:161} INFO - Started process (PID=84808) to work on /Users/pablofrancoherrero/prueba_tecnica/venv/lib/python3.11/site-packages/airflow/example_dags/example_branch_operator.py
[2026-04-29T12:05:58.820+0200] {processor.py:830} INFO - Processing file /Users/pablofrancoherrero/prueba_tecnica/venv/lib/python3.11/site-packages/airflow/example_dags/example_branch_operator.py for tasks to queue
[2026-04-29T12:05:58.820+0200] {logging_mixin.py:188} INFO - [2026-04-29T12:05:58.820+0200] {dagbag.py:540} INFO - Filling up the DagBag from /Users/pablofrancoherrero/prueba_tecnica/venv/lib/python3.11/site-packages/airflow/example_dags/example_branch_operator.py
[2026-04-29T12:05:58.826+0200] {processor.py:842} WARNING - No viable dags retrieved from /Users/pablofrancoherrero/prueba_tecnica/venv/lib/python3.11/site-packages/airflow/example_dags/example_branch_operator.py
[2026-04-29T12:05:58.847+0200] {processor.py:183} INFO - Processing /Users/pablofrancoherrero/prueba_tecnica/venv/lib/python3.11/site-packages/airflow/example_dags/example_branch_operator.py took 0.030 seconds
[2026-04-29T12:07:46.420+0200] {processor.py:161} INFO - Started process (PID=84934) to work on /Users/pablofrancoherrero/prueba_tecnica/venv/lib/python3.11/site-packages/airflow/example_dags/example_branch_operator.py
[2026-04-29T12:07:46.421+0200] {processor.py:830} INFO - Processing file /Users/pablofrancoherrero/prueba_tecnica/venv/lib/python3.11/site-packages/airflow/example_dags/example_branch_operator.py for tasks to queue
[2026-04-29T12:07:46.421+0200] {logging_mixin.py:188} INFO - [2026-04-29T12:07:46.421+0200] {dagbag.py:540} INFO - Filling up the DagBag from /Users/pablofrancoherrero/prueba_tecnica/venv/lib/python3.11/site-packages/airflow/example_dags/example_branch_operator.py
[2026-04-29T12:07:46.428+0200] {processor.py:842} WARNING - No viable dags retrieved from /Users/pablofrancoherrero/prueba_tecnica/venv/lib/python3.11/site-packages/airflow/example_dags/example_branch_operator.py
[2026-04-29T12:07:46.449+0200] {processor.py:183} INFO - Processing /Users/pablofrancoherrero/prueba_tecnica/venv/lib/python3.11/site-packages/airflow/example_dags/example_branch_operator.py took 0.030 seconds
[2026-04-29T12:26:57.582+0200] {processor.py:161} INFO - Started process (PID=85139) to work on /Users/pablofrancoherrero/prueba_tecnica/venv/lib/python3.11/site-packages/airflow/example_dags/example_branch_operator.py
[2026-04-29T12:26:57.583+0200] {processor.py:830} INFO - Processing file /Users/pablofrancoherrero/prueba_tecnica/venv/lib/python3.11/site-packages/airflow/example_dags/example_branch_operator.py for tasks to queue
[2026-04-29T12:26:57.583+0200] {logging_mixin.py:188} INFO - [2026-04-29T12:26:57.583+0200] {dagbag.py:540} INFO - Filling up the DagBag from /Users/pablofrancoherrero/prueba_tecnica/venv/lib/python3.11/site-packages/airflow/example_dags/example_branch_operator.py
[2026-04-29T12:26:57.590+0200] {processor.py:842} WARNING - No viable dags retrieved from /Users/pablofrancoherrero/prueba_tecnica/venv/lib/python3.11/site-packages/airflow/example_dags/example_branch_operator.py
[2026-04-29T12:26:57.611+0200] {processor.py:183} INFO - Processing /Users/pablofrancoherrero/prueba_tecnica/venv/lib/python3.11/site-packages/airflow/example_dags/example_branch_operator.py took 0.029 seconds
[2026-04-29T12:28:25.677+0200] {processor.py:161} INFO - Started process (PID=85265) to work on /Users/pablofrancoherrero/prueba_tecnica/venv/lib/python3.11/site-packages/airflow/example_dags/example_branch_operator.py
[2026-04-29T12:28:25.678+0200] {processor.py:830} INFO - Processing file /Users/pablofrancoherrero/prueba_tecnica/venv/lib/python3.11/site-packages/airflow/example_dags/example_branch_operator.py for tasks to queue
[2026-04-29T12:28:25.679+0200] {logging_mixin.py:188} INFO - [2026-04-29T12:28:25.678+0200] {dagbag.py:540} INFO - Filling up the DagBag from /Users/pablofrancoherrero/prueba_tecnica/venv/lib/python3.11/site-packages/airflow/example_dags/example_branch_operator.py
[2026-04-29T12:28:25.685+0200] {processor.py:842} WARNING - No viable dags retrieved from /Users/pablofrancoherrero/prueba_tecnica/venv/lib/python3.11/site-packages/airflow/example_dags/example_branch_operator.py
[2026-04-29T12:28:25.705+0200] {processor.py:183} INFO - Processing /Users/pablofrancoherrero/prueba_tecnica/venv/lib/python3.11/site-packages/airflow/example_dags/example_branch_operator.py took 0.029 seconds
[2026-04-29T12:29:47.511+0200] {processor.py:161} INFO - Started process (PID=85389) to work on /Users/pablofrancoherrero/prueba_tecnica/venv/lib/python3.11/site-packages/airflow/example_dags/example_branch_operator.py
[2026-04-29T12:29:47.512+0200] {processor.py:830} INFO - Processing file /Users/pablofrancoherrero/prueba_tecnica/venv/lib/python3.11/site-packages/airflow/example_dags/example_branch_operator.py for tasks to queue
[2026-04-29T12:29:47.512+0200] {logging_mixin.py:188} INFO - [2026-04-29T12:29:47.512+0200] {dagbag.py:540} INFO - Filling up the DagBag from /Users/pablofrancoherrero/prueba_tecnica/venv/lib/python3.11/site-packages/airflow/example_dags/example_branch_operator.py
[2026-04-29T12:29:47.519+0200] {processor.py:842} WARNING - No viable dags retrieved from /Users/pablofrancoherrero/prueba_tecnica/venv/lib/python3.11/site-packages/airflow/example_dags/example_branch_operator.py
[2026-04-29T12:29:47.539+0200] {processor.py:183} INFO - Processing /Users/pablofrancoherrero/prueba_tecnica/venv/lib/python3.11/site-packages/airflow/example_dags/example_branch_operator.py took 0.029 seconds
[2026-04-29T12:31:10.171+0200] {processor.py:161} INFO - Started process (PID=85496) to work on /Users/pablofrancoherrero/prueba_tecnica/venv/lib/python3.11/site-packages/airflow/example_dags/example_branch_operator.py
[2026-04-29T12:31:10.172+0200] {processor.py:830} INFO - Processing file /Users/pablofrancoherrero/prueba_tecnica/venv/lib/python3.11/site-packages/airflow/example_dags/example_branch_operator.py for tasks to queue
[2026-04-29T12:31:10.172+0200] {logging_mixin.py:188} INFO - [2026-04-29T12:31:10.172+0200] {dagbag.py:540} INFO - Filling up the DagBag from /Users/pablofrancoherrero/prueba_tecnica/venv/lib/python3.11/site-packages/airflow/example_dags/example_branch_operator.py
[2026-04-29T12:31:10.178+0200] {processor.py:842} WARNING - No viable dags retrieved from /Users/pablofrancoherrero/prueba_tecnica/venv/lib/python3.11/site-packages/airflow/example_dags/example_branch_operator.py
[2026-04-29T12:31:10.199+0200] {processor.py:183} INFO - Processing /Users/pablofrancoherrero/prueba_tecnica/venv/lib/python3.11/site-packages/airflow/example_dags/example_branch_operator.py took 0.029 seconds
[2026-04-29T12:32:33.195+0200] {processor.py:161} INFO - Started process (PID=85598) to work on /Users/pablofrancoherrero/prueba_tecnica/venv/lib/python3.11/site-packages/airflow/example_dags/example_branch_operator.py
[2026-04-29T12:32:33.195+0200] {processor.py:830} INFO - Processing file /Users/pablofrancoherrero/prueba_tecnica/venv/lib/python3.11/site-packages/airflow/example_dags/example_branch_operator.py for tasks to queue
[2026-04-29T12:32:33.195+0200] {logging_mixin.py:188} INFO - [2026-04-29T12:32:33.195+0200] {dagbag.py:540} INFO - Filling up the DagBag from /Users/pablofrancoherrero/prueba_tecnica/venv/lib/python3.11/site-packages/airflow/example_dags/example_branch_operator.py
[2026-04-29T12:32:33.202+0200] {processor.py:842} WARNING - No viable dags retrieved from /Users/pablofrancoherrero/prueba_tecnica/venv/lib/python3.11/site-packages/airflow/example_dags/example_branch_operator.py
[2026-04-29T12:32:33.226+0200] {processor.py:183} INFO - Processing /Users/pablofrancoherrero/prueba_tecnica/venv/lib/python3.11/site-packages/airflow/example_dags/example_branch_operator.py took 0.032 seconds
[2026-04-29T12:33:56.537+0200] {processor.py:161} INFO - Started process (PID=85704) to work on /Users/pablofrancoherrero/prueba_tecnica/venv/lib/python3.11/site-packages/airflow/example_dags/example_branch_operator.py
[2026-04-29T12:33:56.537+0200] {processor.py:830} INFO - Processing file /Users/pablofrancoherrero/prueba_tecnica/venv/lib/python3.11/site-packages/airflow/example_dags/example_branch_operator.py for tasks to queue
[2026-04-29T12:33:56.537+0200] {logging_mixin.py:188} INFO - [2026-04-29T12:33:56.537+0200] {dagbag.py:540} INFO - Filling up the DagBag from /Users/pablofrancoherrero/prueba_tecnica/venv/lib/python3.11/site-packages/airflow/example_dags/example_branch_operator.py
[2026-04-29T12:33:56.544+0200] {processor.py:842} WARNING - No viable dags retrieved from /Users/pablofrancoherrero/prueba_tecnica/venv/lib/python3.11/site-packages/airflow/example_dags/example_branch_operator.py
[2026-04-29T12:33:56.565+0200] {processor.py:183} INFO - Processing /Users/pablofrancoherrero/prueba_tecnica/venv/lib/python3.11/site-packages/airflow/example_dags/example_branch_operator.py took 0.030 seconds
[2026-04-29T12:35:15.284+0200] {processor.py:161} INFO - Started process (PID=85818) to work on /Users/pablofrancoherrero/prueba_tecnica/venv/lib/python3.11/site-packages/airflow/example_dags/example_branch_operator.py
[2026-04-29T12:35:15.284+0200] {processor.py:830} INFO - Processing file /Users/pablofrancoherrero/prueba_tecnica/venv/lib/python3.11/site-packages/airflow/example_dags/example_branch_operator.py for tasks to queue
[2026-04-29T12:35:15.284+0200] {logging_mixin.py:188} INFO - [2026-04-29T12:35:15.284+0200] {dagbag.py:540} INFO - Filling up the DagBag from /Users/pablofrancoherrero/prueba_tecnica/venv/lib/python3.11/site-packages/airflow/example_dags/example_branch_operator.py
[2026-04-29T12:35:15.292+0200] {processor.py:842} WARNING - No viable dags retrieved from /Users/pablofrancoherrero/prueba_tecnica/venv/lib/python3.11/site-packages/airflow/example_dags/example_branch_operator.py
[2026-04-29T12:35:15.314+0200] {processor.py:183} INFO - Processing /Users/pablofrancoherrero/prueba_tecnica/venv/lib/python3.11/site-packages/airflow/example_dags/example_branch_operator.py took 0.031 seconds
[2026-04-29T12:36:37.851+0200] {processor.py:161} INFO - Started process (PID=85925) to work on /Users/pablofrancoherrero/prueba_tecnica/venv/lib/python3.11/site-packages/airflow/example_dags/example_branch_operator.py
[2026-04-29T12:36:37.852+0200] {processor.py:830} INFO - Processing file /Users/pablofrancoherrero/prueba_tecnica/venv/lib/python3.11/site-packages/airflow/example_dags/example_branch_operator.py for tasks to queue
[2026-04-29T12:36:37.852+0200] {logging_mixin.py:188} INFO - [2026-04-29T12:36:37.852+0200] {dagbag.py:540} INFO - Filling up the DagBag from /Users/pablofrancoherrero/prueba_tecnica/venv/lib/python3.11/site-packages/airflow/example_dags/example_branch_operator.py
[2026-04-29T12:36:37.858+0200] {processor.py:842} WARNING - No viable dags retrieved from /Users/pablofrancoherrero/prueba_tecnica/venv/lib/python3.11/site-packages/airflow/example_dags/example_branch_operator.py
[2026-04-29T12:36:37.880+0200] {processor.py:183} INFO - Processing /Users/pablofrancoherrero/prueba_tecnica/venv/lib/python3.11/site-packages/airflow/example_dags/example_branch_operator.py took 0.029 seconds
[2026-04-29T12:37:58.438+0200] {processor.py:161} INFO - Started process (PID=86010) to work on /Users/pablofrancoherrero/prueba_tecnica/venv/lib/python3.11/site-packages/airflow/example_dags/example_branch_operator.py
[2026-04-29T12:37:58.439+0200] {processor.py:830} INFO - Processing file /Users/pablofrancoherrero/prueba_tecnica/venv/lib/python3.11/site-packages/airflow/example_dags/example_branch_operator.py for tasks to queue
[2026-04-29T12:37:58.440+0200] {logging_mixin.py:188} INFO - [2026-04-29T12:37:58.440+0200] {dagbag.py:540} INFO - Filling up the DagBag from /Users/pablofrancoherrero/prueba_tecnica/venv/lib/python3.11/site-packages/airflow/example_dags/example_branch_operator.py
[2026-04-29T12:37:58.446+0200] {processor.py:842} WARNING - No viable dags retrieved from /Users/pablofrancoherrero/prueba_tecnica/venv/lib/python3.11/site-packages/airflow/example_dags/example_branch_operator.py
[2026-04-29T12:37:58.468+0200] {processor.py:183} INFO - Processing /Users/pablofrancoherrero/prueba_tecnica/venv/lib/python3.11/site-packages/airflow/example_dags/example_branch_operator.py took 0.030 seconds
