[2026-04-29T02:01:06.786+0200] {processor.py:161} INFO - Started process (PID=70678) to work on /Users/pablofrancoherrero/prueba_tecnica/venv/lib/python3.11/site-packages/airflow/example_dags/example_setup_teardown_taskflow.py
[2026-04-29T02:01:06.787+0200] {processor.py:830} INFO - Processing file /Users/pablofrancoherrero/prueba_tecnica/venv/lib/python3.11/site-packages/airflow/example_dags/example_setup_teardown_taskflow.py for tasks to queue
[2026-04-29T02:01:06.787+0200] {logging_mixin.py:188} INFO - [2026-04-29T02:01:06.787+0200] {dagbag.py:540} INFO - Filling up the DagBag from /Users/pablofrancoherrero/prueba_tecnica/venv/lib/python3.11/site-packages/airflow/example_dags/example_setup_teardown_taskflow.py
[2026-04-29T02:01:06.799+0200] {processor.py:840} INFO - DAG(s) 'example_setup_teardown_taskflow' retrieved from /Users/pablofrancoherrero/prueba_tecnica/venv/lib/python3.11/site-packages/airflow/example_dags/example_setup_teardown_taskflow.py
[2026-04-29T02:01:06.825+0200] {logging_mixin.py:188} INFO - [2026-04-29T02:01:06.825+0200] {dag.py:3096} INFO - Sync 1 DAGs
[2026-04-29T02:01:06.829+0200] {logging_mixin.py:188} INFO - [2026-04-29T02:01:06.829+0200] {dag.py:3954} INFO - Setting next_dagrun for example_setup_teardown_taskflow to 2026-04-28 00:00:00+00:00, run_after=2026-04-29 00:00:00+00:00
[2026-04-29T02:01:06.834+0200] {processor.py:183} INFO - Processing /Users/pablofrancoherrero/prueba_tecnica/venv/lib/python3.11/site-packages/airflow/example_dags/example_setup_teardown_taskflow.py took 0.048 seconds
[2026-04-29T02:02:29.735+0200] {processor.py:161} INFO - Started process (PID=70774) to work on /Users/pablofrancoherrero/prueba_tecnica/venv/lib/python3.11/site-packages/airflow/example_dags/example_setup_teardown_taskflow.py
[2026-04-29T02:02:29.736+0200] {processor.py:830} INFO - Processing file /Users/pablofrancoherrero/prueba_tecnica/venv/lib/python3.11/site-packages/airflow/example_dags/example_setup_teardown_taskflow.py for tasks to queue
[2026-04-29T02:02:29.736+0200] {logging_mixin.py:188} INFO - [2026-04-29T02:02:29.736+0200] {dagbag.py:540} INFO - Filling up the DagBag from /Users/pablofrancoherrero/prueba_tecnica/venv/lib/python3.11/site-packages/airflow/example_dags/example_setup_teardown_taskflow.py
[2026-04-29T02:02:29.748+0200] {processor.py:840} INFO - DAG(s) 'example_setup_teardown_taskflow' retrieved from /Users/pablofrancoherrero/prueba_tecnica/venv/lib/python3.11/site-packages/airflow/example_dags/example_setup_teardown_taskflow.py
[2026-04-29T02:02:29.774+0200] {logging_mixin.py:188} INFO - [2026-04-29T02:02:29.774+0200] {dag.py:3096} INFO - Sync 1 DAGs
[2026-04-29T02:02:29.779+0200] {logging_mixin.py:188} INFO - [2026-04-29T02:02:29.779+0200] {dag.py:3954} INFO - Setting next_dagrun for example_setup_teardown_taskflow to 2026-04-28 00:00:00+00:00, run_after=2026-04-29 00:00:00+00:00
[2026-04-29T02:02:29.783+0200] {processor.py:183} INFO - Processing /Users/pablofrancoherrero/prueba_tecnica/venv/lib/python3.11/site-packages/airflow/example_dags/example_setup_teardown_taskflow.py took 0.049 seconds
[2026-04-29T02:03:48.700+0200] {processor.py:161} INFO - Started process (PID=70856) to work on /Users/pablofrancoherrero/prueba_tecnica/venv/lib/python3.11/site-packages/airflow/example_dags/example_setup_teardown_taskflow.py
[2026-04-29T02:03:48.701+0200] {processor.py:830} INFO - Processing file /Users/pablofrancoherrero/prueba_tecnica/venv/lib/python3.11/site-packages/airflow/example_dags/example_setup_teardown_taskflow.py for tasks to queue
[2026-04-29T02:03:48.702+0200] {logging_mixin.py:188} INFO - [2026-04-29T02:03:48.702+0200] {dagbag.py:540} INFO - Filling up the DagBag from /Users/pablofrancoherrero/prueba_tecnica/venv/lib/python3.11/site-packages/airflow/example_dags/example_setup_teardown_taskflow.py
[2026-04-29T02:03:48.713+0200] {processor.py:840} INFO - DAG(s) 'example_setup_teardown_taskflow' retrieved from /Users/pablofrancoherrero/prueba_tecnica/venv/lib/python3.11/site-packages/airflow/example_dags/example_setup_teardown_taskflow.py
[2026-04-29T02:03:48.738+0200] {logging_mixin.py:188} INFO - [2026-04-29T02:03:48.738+0200] {dag.py:3096} INFO - Sync 1 DAGs
[2026-04-29T02:03:48.742+0200] {logging_mixin.py:188} INFO - [2026-04-29T02:03:48.742+0200] {dag.py:3954} INFO - Setting next_dagrun for example_setup_teardown_taskflow to 2026-04-28 00:00:00+00:00, run_after=2026-04-29 00:00:00+00:00
[2026-04-29T02:03:48.747+0200] {processor.py:183} INFO - Processing /Users/pablofrancoherrero/prueba_tecnica/venv/lib/python3.11/site-packages/airflow/example_dags/example_setup_teardown_taskflow.py took 0.047 seconds
[2026-04-29T02:05:06.011+0200] {processor.py:161} INFO - Started process (PID=70960) to work on /Users/pablofrancoherrero/prueba_tecnica/venv/lib/python3.11/site-packages/airflow/example_dags/example_setup_teardown_taskflow.py
[2026-04-29T02:05:06.012+0200] {processor.py:830} INFO - Processing file /Users/pablofrancoherrero/prueba_tecnica/venv/lib/python3.11/site-packages/airflow/example_dags/example_setup_teardown_taskflow.py for tasks to queue
[2026-04-29T02:05:06.013+0200] {logging_mixin.py:188} INFO - [2026-04-29T02:05:06.013+0200] {dagbag.py:540} INFO - Filling up the DagBag from /Users/pablofrancoherrero/prueba_tecnica/venv/lib/python3.11/site-packages/airflow/example_dags/example_setup_teardown_taskflow.py
[2026-04-29T02:05:06.024+0200] {processor.py:840} INFO - DAG(s) 'example_setup_teardown_taskflow' retrieved from /Users/pablofrancoherrero/prueba_tecnica/venv/lib/python3.11/site-packages/airflow/example_dags/example_setup_teardown_taskflow.py
[2026-04-29T02:05:06.052+0200] {logging_mixin.py:188} INFO - [2026-04-29T02:05:06.052+0200] {dag.py:3096} INFO - Sync 1 DAGs
[2026-04-29T02:05:06.056+0200] {logging_mixin.py:188} INFO - [2026-04-29T02:05:06.056+0200] {dag.py:3954} INFO - Setting next_dagrun for example_setup_teardown_taskflow to 2026-04-28 00:00:00+00:00, run_after=2026-04-29 00:00:00+00:00
[2026-04-29T02:05:06.062+0200] {processor.py:183} INFO - Processing /Users/pablofrancoherrero/prueba_tecnica/venv/lib/python3.11/site-packages/airflow/example_dags/example_setup_teardown_taskflow.py took 0.052 seconds
[2026-04-29T02:06:28.136+0200] {processor.py:161} INFO - Started process (PID=71044) to work on /Users/pablofrancoherrero/prueba_tecnica/venv/lib/python3.11/site-packages/airflow/example_dags/example_setup_teardown_taskflow.py
[2026-04-29T02:06:28.137+0200] {processor.py:830} INFO - Processing file /Users/pablofrancoherrero/prueba_tecnica/venv/lib/python3.11/site-packages/airflow/example_dags/example_setup_teardown_taskflow.py for tasks to queue
[2026-04-29T02:06:28.137+0200] {logging_mixin.py:188} INFO - [2026-04-29T02:06:28.137+0200] {dagbag.py:540} INFO - Filling up the DagBag from /Users/pablofrancoherrero/prueba_tecnica/venv/lib/python3.11/site-packages/airflow/example_dags/example_setup_teardown_taskflow.py
[2026-04-29T02:06:28.149+0200] {processor.py:840} INFO - DAG(s) 'example_setup_teardown_taskflow' retrieved from /Users/pablofrancoherrero/prueba_tecnica/venv/lib/python3.11/site-packages/airflow/example_dags/example_setup_teardown_taskflow.py
[2026-04-29T02:06:28.174+0200] {logging_mixin.py:188} INFO - [2026-04-29T02:06:28.174+0200] {dag.py:3096} INFO - Sync 1 DAGs
[2026-04-29T02:06:28.179+0200] {logging_mixin.py:188} INFO - [2026-04-29T02:06:28.179+0200] {dag.py:3954} INFO - Setting next_dagrun for example_setup_teardown_taskflow to 2026-04-28 00:00:00+00:00, run_after=2026-04-29 00:00:00+00:00
[2026-04-29T02:06:28.183+0200] {processor.py:183} INFO - Processing /Users/pablofrancoherrero/prueba_tecnica/venv/lib/python3.11/site-packages/airflow/example_dags/example_setup_teardown_taskflow.py took 0.048 seconds
[2026-04-29T02:07:48.720+0200] {processor.py:161} INFO - Started process (PID=71132) to work on /Users/pablofrancoherrero/prueba_tecnica/venv/lib/python3.11/site-packages/airflow/example_dags/example_setup_teardown_taskflow.py
[2026-04-29T02:07:48.721+0200] {processor.py:830} INFO - Processing file /Users/pablofrancoherrero/prueba_tecnica/venv/lib/python3.11/site-packages/airflow/example_dags/example_setup_teardown_taskflow.py for tasks to queue
[2026-04-29T02:07:48.721+0200] {logging_mixin.py:188} INFO - [2026-04-29T02:07:48.721+0200] {dagbag.py:540} INFO - Filling up the DagBag from /Users/pablofrancoherrero/prueba_tecnica/venv/lib/python3.11/site-packages/airflow/example_dags/example_setup_teardown_taskflow.py
[2026-04-29T02:07:48.733+0200] {processor.py:840} INFO - DAG(s) 'example_setup_teardown_taskflow' retrieved from /Users/pablofrancoherrero/prueba_tecnica/venv/lib/python3.11/site-packages/airflow/example_dags/example_setup_teardown_taskflow.py
[2026-04-29T02:07:48.759+0200] {logging_mixin.py:188} INFO - [2026-04-29T02:07:48.759+0200] {dag.py:3096} INFO - Sync 1 DAGs
[2026-04-29T02:07:48.763+0200] {logging_mixin.py:188} INFO - [2026-04-29T02:07:48.763+0200] {dag.py:3954} INFO - Setting next_dagrun for example_setup_teardown_taskflow to 2026-04-28 00:00:00+00:00, run_after=2026-04-29 00:00:00+00:00
[2026-04-29T02:07:48.768+0200] {processor.py:183} INFO - Processing /Users/pablofrancoherrero/prueba_tecnica/venv/lib/python3.11/site-packages/airflow/example_dags/example_setup_teardown_taskflow.py took 0.049 seconds
[2026-04-29T02:09:09.198+0200] {processor.py:161} INFO - Started process (PID=71218) to work on /Users/pablofrancoherrero/prueba_tecnica/venv/lib/python3.11/site-packages/airflow/example_dags/example_setup_teardown_taskflow.py
[2026-04-29T02:09:09.199+0200] {processor.py:830} INFO - Processing file /Users/pablofrancoherrero/prueba_tecnica/venv/lib/python3.11/site-packages/airflow/example_dags/example_setup_teardown_taskflow.py for tasks to queue
[2026-04-29T02:09:09.199+0200] {logging_mixin.py:188} INFO - [2026-04-29T02:09:09.199+0200] {dagbag.py:540} INFO - Filling up the DagBag from /Users/pablofrancoherrero/prueba_tecnica/venv/lib/python3.11/site-packages/airflow/example_dags/example_setup_teardown_taskflow.py
[2026-04-29T02:09:09.211+0200] {processor.py:840} INFO - DAG(s) 'example_setup_teardown_taskflow' retrieved from /Users/pablofrancoherrero/prueba_tecnica/venv/lib/python3.11/site-packages/airflow/example_dags/example_setup_teardown_taskflow.py
[2026-04-29T02:09:09.235+0200] {logging_mixin.py:188} INFO - [2026-04-29T02:09:09.235+0200] {dag.py:3096} INFO - Sync 1 DAGs
[2026-04-29T02:09:09.239+0200] {logging_mixin.py:188} INFO - [2026-04-29T02:09:09.239+0200] {dag.py:3954} INFO - Setting next_dagrun for example_setup_teardown_taskflow to 2026-04-28 00:00:00+00:00, run_after=2026-04-29 00:00:00+00:00
[2026-04-29T02:09:09.244+0200] {processor.py:183} INFO - Processing /Users/pablofrancoherrero/prueba_tecnica/venv/lib/python3.11/site-packages/airflow/example_dags/example_setup_teardown_taskflow.py took 0.047 seconds
[2026-04-29T02:10:31.902+0200] {processor.py:161} INFO - Started process (PID=71316) to work on /Users/pablofrancoherrero/prueba_tecnica/venv/lib/python3.11/site-packages/airflow/example_dags/example_setup_teardown_taskflow.py
[2026-04-29T02:10:31.903+0200] {processor.py:830} INFO - Processing file /Users/pablofrancoherrero/prueba_tecnica/venv/lib/python3.11/site-packages/airflow/example_dags/example_setup_teardown_taskflow.py for tasks to queue
[2026-04-29T02:10:31.903+0200] {logging_mixin.py:188} INFO - [2026-04-29T02:10:31.903+0200] {dagbag.py:540} INFO - Filling up the DagBag from /Users/pablofrancoherrero/prueba_tecnica/venv/lib/python3.11/site-packages/airflow/example_dags/example_setup_teardown_taskflow.py
[2026-04-29T02:10:31.914+0200] {processor.py:840} INFO - DAG(s) 'example_setup_teardown_taskflow' retrieved from /Users/pablofrancoherrero/prueba_tecnica/venv/lib/python3.11/site-packages/airflow/example_dags/example_setup_teardown_taskflow.py
[2026-04-29T02:10:31.939+0200] {logging_mixin.py:188} INFO - [2026-04-29T02:10:31.939+0200] {dag.py:3096} INFO - Sync 1 DAGs
[2026-04-29T02:10:31.943+0200] {logging_mixin.py:188} INFO - [2026-04-29T02:10:31.943+0200] {dag.py:3954} INFO - Setting next_dagrun for example_setup_teardown_taskflow to 2026-04-28 00:00:00+00:00, run_after=2026-04-29 00:00:00+00:00
[2026-04-29T02:10:31.948+0200] {processor.py:183} INFO - Processing /Users/pablofrancoherrero/prueba_tecnica/venv/lib/python3.11/site-packages/airflow/example_dags/example_setup_teardown_taskflow.py took 0.047 seconds
[2026-04-29T02:11:55.528+0200] {processor.py:161} INFO - Started process (PID=71403) to work on /Users/pablofrancoherrero/prueba_tecnica/venv/lib/python3.11/site-packages/airflow/example_dags/example_setup_teardown_taskflow.py
[2026-04-29T02:11:55.529+0200] {processor.py:830} INFO - Processing file /Users/pablofrancoherrero/prueba_tecnica/venv/lib/python3.11/site-packages/airflow/example_dags/example_setup_teardown_taskflow.py for tasks to queue
[2026-04-29T02:11:55.529+0200] {logging_mixin.py:188} INFO - [2026-04-29T02:11:55.529+0200] {dagbag.py:540} INFO - Filling up the DagBag from /Users/pablofrancoherrero/prueba_tecnica/venv/lib/python3.11/site-packages/airflow/example_dags/example_setup_teardown_taskflow.py
[2026-04-29T02:11:55.540+0200] {processor.py:840} INFO - DAG(s) 'example_setup_teardown_taskflow' retrieved from /Users/pablofrancoherrero/prueba_tecnica/venv/lib/python3.11/site-packages/airflow/example_dags/example_setup_teardown_taskflow.py
[2026-04-29T02:11:55.565+0200] {logging_mixin.py:188} INFO - [2026-04-29T02:11:55.565+0200] {dag.py:3096} INFO - Sync 1 DAGs
[2026-04-29T02:11:55.569+0200] {logging_mixin.py:188} INFO - [2026-04-29T02:11:55.569+0200] {dag.py:3954} INFO - Setting next_dagrun for example_setup_teardown_taskflow to 2026-04-28 00:00:00+00:00, run_after=2026-04-29 00:00:00+00:00
[2026-04-29T02:11:55.574+0200] {processor.py:183} INFO - Processing /Users/pablofrancoherrero/prueba_tecnica/venv/lib/python3.11/site-packages/airflow/example_dags/example_setup_teardown_taskflow.py took 0.046 seconds
[2026-04-29T02:13:16.112+0200] {processor.py:161} INFO - Started process (PID=71488) to work on /Users/pablofrancoherrero/prueba_tecnica/venv/lib/python3.11/site-packages/airflow/example_dags/example_setup_teardown_taskflow.py
[2026-04-29T02:13:16.113+0200] {processor.py:830} INFO - Processing file /Users/pablofrancoherrero/prueba_tecnica/venv/lib/python3.11/site-packages/airflow/example_dags/example_setup_teardown_taskflow.py for tasks to queue
[2026-04-29T02:13:16.114+0200] {logging_mixin.py:188} INFO - [2026-04-29T02:13:16.114+0200] {dagbag.py:540} INFO - Filling up the DagBag from /Users/pablofrancoherrero/prueba_tecnica/venv/lib/python3.11/site-packages/airflow/example_dags/example_setup_teardown_taskflow.py
[2026-04-29T02:13:16.125+0200] {processor.py:840} INFO - DAG(s) 'example_setup_teardown_taskflow' retrieved from /Users/pablofrancoherrero/prueba_tecnica/venv/lib/python3.11/site-packages/airflow/example_dags/example_setup_teardown_taskflow.py
[2026-04-29T02:13:16.151+0200] {logging_mixin.py:188} INFO - [2026-04-29T02:13:16.151+0200] {dag.py:3096} INFO - Sync 1 DAGs
[2026-04-29T02:13:16.155+0200] {logging_mixin.py:188} INFO - [2026-04-29T02:13:16.155+0200] {dag.py:3954} INFO - Setting next_dagrun for example_setup_teardown_taskflow to 2026-04-28 00:00:00+00:00, run_after=2026-04-29 00:00:00+00:00
[2026-04-29T02:13:16.160+0200] {processor.py:183} INFO - Processing /Users/pablofrancoherrero/prueba_tecnica/venv/lib/python3.11/site-packages/airflow/example_dags/example_setup_teardown_taskflow.py took 0.048 seconds
[2026-04-29T02:14:34.988+0200] {processor.py:161} INFO - Started process (PID=71569) to work on /Users/pablofrancoherrero/prueba_tecnica/venv/lib/python3.11/site-packages/airflow/example_dags/example_setup_teardown_taskflow.py
[2026-04-29T02:14:34.989+0200] {processor.py:830} INFO - Processing file /Users/pablofrancoherrero/prueba_tecnica/venv/lib/python3.11/site-packages/airflow/example_dags/example_setup_teardown_taskflow.py for tasks to queue
[2026-04-29T02:14:34.989+0200] {logging_mixin.py:188} INFO - [2026-04-29T02:14:34.989+0200] {dagbag.py:540} INFO - Filling up the DagBag from /Users/pablofrancoherrero/prueba_tecnica/venv/lib/python3.11/site-packages/airflow/example_dags/example_setup_teardown_taskflow.py
[2026-04-29T02:14:35.001+0200] {processor.py:840} INFO - DAG(s) 'example_setup_teardown_taskflow' retrieved from /Users/pablofrancoherrero/prueba_tecnica/venv/lib/python3.11/site-packages/airflow/example_dags/example_setup_teardown_taskflow.py
[2026-04-29T02:14:35.027+0200] {logging_mixin.py:188} INFO - [2026-04-29T02:14:35.027+0200] {dag.py:3096} INFO - Sync 1 DAGs
[2026-04-29T02:14:35.031+0200] {logging_mixin.py:188} INFO - [2026-04-29T02:14:35.031+0200] {dag.py:3954} INFO - Setting next_dagrun for example_setup_teardown_taskflow to 2026-04-28 00:00:00+00:00, run_after=2026-04-29 00:00:00+00:00
[2026-04-29T02:14:35.036+0200] {processor.py:183} INFO - Processing /Users/pablofrancoherrero/prueba_tecnica/venv/lib/python3.11/site-packages/airflow/example_dags/example_setup_teardown_taskflow.py took 0.048 seconds
[2026-04-29T02:15:58.533+0200] {processor.py:161} INFO - Started process (PID=71671) to work on /Users/pablofrancoherrero/prueba_tecnica/venv/lib/python3.11/site-packages/airflow/example_dags/example_setup_teardown_taskflow.py
[2026-04-29T02:15:58.534+0200] {processor.py:830} INFO - Processing file /Users/pablofrancoherrero/prueba_tecnica/venv/lib/python3.11/site-packages/airflow/example_dags/example_setup_teardown_taskflow.py for tasks to queue
[2026-04-29T02:15:58.534+0200] {logging_mixin.py:188} INFO - [2026-04-29T02:15:58.534+0200] {dagbag.py:540} INFO - Filling up the DagBag from /Users/pablofrancoherrero/prueba_tecnica/venv/lib/python3.11/site-packages/airflow/example_dags/example_setup_teardown_taskflow.py
[2026-04-29T02:15:58.546+0200] {processor.py:840} INFO - DAG(s) 'example_setup_teardown_taskflow' retrieved from /Users/pablofrancoherrero/prueba_tecnica/venv/lib/python3.11/site-packages/airflow/example_dags/example_setup_teardown_taskflow.py
[2026-04-29T02:15:58.571+0200] {logging_mixin.py:188} INFO - [2026-04-29T02:15:58.571+0200] {dag.py:3096} INFO - Sync 1 DAGs
[2026-04-29T02:15:58.575+0200] {logging_mixin.py:188} INFO - [2026-04-29T02:15:58.575+0200] {dag.py:3954} INFO - Setting next_dagrun for example_setup_teardown_taskflow to 2026-04-28 00:00:00+00:00, run_after=2026-04-29 00:00:00+00:00
[2026-04-29T02:15:58.580+0200] {processor.py:183} INFO - Processing /Users/pablofrancoherrero/prueba_tecnica/venv/lib/python3.11/site-packages/airflow/example_dags/example_setup_teardown_taskflow.py took 0.048 seconds
[2026-04-29T02:33:38.909+0200] {processor.py:161} INFO - Started process (PID=71806) to work on /Users/pablofrancoherrero/prueba_tecnica/venv/lib/python3.11/site-packages/airflow/example_dags/example_setup_teardown_taskflow.py
[2026-04-29T02:33:38.909+0200] {processor.py:830} INFO - Processing file /Users/pablofrancoherrero/prueba_tecnica/venv/lib/python3.11/site-packages/airflow/example_dags/example_setup_teardown_taskflow.py for tasks to queue
[2026-04-29T02:33:38.909+0200] {logging_mixin.py:188} INFO - [2026-04-29T02:33:38.909+0200] {dagbag.py:540} INFO - Filling up the DagBag from /Users/pablofrancoherrero/prueba_tecnica/venv/lib/python3.11/site-packages/airflow/example_dags/example_setup_teardown_taskflow.py
[2026-04-29T02:33:38.921+0200] {processor.py:840} INFO - DAG(s) 'example_setup_teardown_taskflow' retrieved from /Users/pablofrancoherrero/prueba_tecnica/venv/lib/python3.11/site-packages/airflow/example_dags/example_setup_teardown_taskflow.py
[2026-04-29T02:33:38.946+0200] {logging_mixin.py:188} INFO - [2026-04-29T02:33:38.946+0200] {dag.py:3096} INFO - Sync 1 DAGs
[2026-04-29T02:33:38.951+0200] {logging_mixin.py:188} INFO - [2026-04-29T02:33:38.951+0200] {dag.py:3954} INFO - Setting next_dagrun for example_setup_teardown_taskflow to 2026-04-28 00:00:00+00:00, run_after=2026-04-29 00:00:00+00:00
[2026-04-29T02:33:38.955+0200] {processor.py:183} INFO - Processing /Users/pablofrancoherrero/prueba_tecnica/venv/lib/python3.11/site-packages/airflow/example_dags/example_setup_teardown_taskflow.py took 0.047 seconds
[2026-04-29T02:52:16.436+0200] {processor.py:161} INFO - Started process (PID=72000) to work on /Users/pablofrancoherrero/prueba_tecnica/venv/lib/python3.11/site-packages/airflow/example_dags/example_setup_teardown_taskflow.py
[2026-04-29T02:52:16.437+0200] {processor.py:830} INFO - Processing file /Users/pablofrancoherrero/prueba_tecnica/venv/lib/python3.11/site-packages/airflow/example_dags/example_setup_teardown_taskflow.py for tasks to queue
[2026-04-29T02:52:16.437+0200] {logging_mixin.py:188} INFO - [2026-04-29T02:52:16.437+0200] {dagbag.py:540} INFO - Filling up the DagBag from /Users/pablofrancoherrero/prueba_tecnica/venv/lib/python3.11/site-packages/airflow/example_dags/example_setup_teardown_taskflow.py
[2026-04-29T02:52:16.448+0200] {processor.py:840} INFO - DAG(s) 'example_setup_teardown_taskflow' retrieved from /Users/pablofrancoherrero/prueba_tecnica/venv/lib/python3.11/site-packages/airflow/example_dags/example_setup_teardown_taskflow.py
[2026-04-29T02:52:16.474+0200] {logging_mixin.py:188} INFO - [2026-04-29T02:52:16.473+0200] {dag.py:3096} INFO - Sync 1 DAGs
[2026-04-29T02:52:16.478+0200] {logging_mixin.py:188} INFO - [2026-04-29T02:52:16.478+0200] {dag.py:3954} INFO - Setting next_dagrun for example_setup_teardown_taskflow to 2026-04-28 00:00:00+00:00, run_after=2026-04-29 00:00:00+00:00
[2026-04-29T02:52:16.482+0200] {processor.py:183} INFO - Processing /Users/pablofrancoherrero/prueba_tecnica/venv/lib/python3.11/site-packages/airflow/example_dags/example_setup_teardown_taskflow.py took 0.048 seconds
[2026-04-29T03:09:55.050+0200] {processor.py:161} INFO - Started process (PID=72139) to work on /Users/pablofrancoherrero/prueba_tecnica/venv/lib/python3.11/site-packages/airflow/example_dags/example_setup_teardown_taskflow.py
[2026-04-29T03:09:55.050+0200] {processor.py:830} INFO - Processing file /Users/pablofrancoherrero/prueba_tecnica/venv/lib/python3.11/site-packages/airflow/example_dags/example_setup_teardown_taskflow.py for tasks to queue
[2026-04-29T03:09:55.050+0200] {logging_mixin.py:188} INFO - [2026-04-29T03:09:55.050+0200] {dagbag.py:540} INFO - Filling up the DagBag from /Users/pablofrancoherrero/prueba_tecnica/venv/lib/python3.11/site-packages/airflow/example_dags/example_setup_teardown_taskflow.py
[2026-04-29T03:09:55.062+0200] {processor.py:840} INFO - DAG(s) 'example_setup_teardown_taskflow' retrieved from /Users/pablofrancoherrero/prueba_tecnica/venv/lib/python3.11/site-packages/airflow/example_dags/example_setup_teardown_taskflow.py
[2026-04-29T03:09:55.086+0200] {logging_mixin.py:188} INFO - [2026-04-29T03:09:55.086+0200] {dag.py:3096} INFO - Sync 1 DAGs
[2026-04-29T03:09:55.090+0200] {logging_mixin.py:188} INFO - [2026-04-29T03:09:55.090+0200] {dag.py:3954} INFO - Setting next_dagrun for example_setup_teardown_taskflow to 2026-04-28 00:00:00+00:00, run_after=2026-04-29 00:00:00+00:00
[2026-04-29T03:09:55.095+0200] {processor.py:183} INFO - Processing /Users/pablofrancoherrero/prueba_tecnica/venv/lib/python3.11/site-packages/airflow/example_dags/example_setup_teardown_taskflow.py took 0.046 seconds
[2026-04-29T03:26:15.000+0200] {processor.py:161} INFO - Started process (PID=72292) to work on /Users/pablofrancoherrero/prueba_tecnica/venv/lib/python3.11/site-packages/airflow/example_dags/example_setup_teardown_taskflow.py
[2026-04-29T03:26:15.001+0200] {processor.py:830} INFO - Processing file /Users/pablofrancoherrero/prueba_tecnica/venv/lib/python3.11/site-packages/airflow/example_dags/example_setup_teardown_taskflow.py for tasks to queue
[2026-04-29T03:26:15.002+0200] {logging_mixin.py:188} INFO - [2026-04-29T03:26:15.001+0200] {dagbag.py:540} INFO - Filling up the DagBag from /Users/pablofrancoherrero/prueba_tecnica/venv/lib/python3.11/site-packages/airflow/example_dags/example_setup_teardown_taskflow.py
[2026-04-29T03:26:15.013+0200] {processor.py:840} INFO - DAG(s) 'example_setup_teardown_taskflow' retrieved from /Users/pablofrancoherrero/prueba_tecnica/venv/lib/python3.11/site-packages/airflow/example_dags/example_setup_teardown_taskflow.py
[2026-04-29T03:26:15.037+0200] {logging_mixin.py:188} INFO - [2026-04-29T03:26:15.037+0200] {dag.py:3096} INFO - Sync 1 DAGs
[2026-04-29T03:26:15.041+0200] {logging_mixin.py:188} INFO - [2026-04-29T03:26:15.041+0200] {dag.py:3954} INFO - Setting next_dagrun for example_setup_teardown_taskflow to 2026-04-28 00:00:00+00:00, run_after=2026-04-29 00:00:00+00:00
[2026-04-29T03:26:15.046+0200] {processor.py:183} INFO - Processing /Users/pablofrancoherrero/prueba_tecnica/venv/lib/python3.11/site-packages/airflow/example_dags/example_setup_teardown_taskflow.py took 0.046 seconds
[2026-04-29T03:53:13.514+0200] {processor.py:161} INFO - Started process (PID=72421) to work on /Users/pablofrancoherrero/prueba_tecnica/venv/lib/python3.11/site-packages/airflow/example_dags/example_setup_teardown_taskflow.py
[2026-04-29T03:53:13.515+0200] {processor.py:830} INFO - Processing file /Users/pablofrancoherrero/prueba_tecnica/venv/lib/python3.11/site-packages/airflow/example_dags/example_setup_teardown_taskflow.py for tasks to queue
[2026-04-29T03:53:13.515+0200] {logging_mixin.py:188} INFO - [2026-04-29T03:53:13.515+0200] {dagbag.py:540} INFO - Filling up the DagBag from /Users/pablofrancoherrero/prueba_tecnica/venv/lib/python3.11/site-packages/airflow/example_dags/example_setup_teardown_taskflow.py
[2026-04-29T03:53:13.526+0200] {processor.py:840} INFO - DAG(s) 'example_setup_teardown_taskflow' retrieved from /Users/pablofrancoherrero/prueba_tecnica/venv/lib/python3.11/site-packages/airflow/example_dags/example_setup_teardown_taskflow.py
[2026-04-29T03:53:13.552+0200] {logging_mixin.py:188} INFO - [2026-04-29T03:53:13.552+0200] {dag.py:3096} INFO - Sync 1 DAGs
[2026-04-29T03:53:13.556+0200] {logging_mixin.py:188} INFO - [2026-04-29T03:53:13.556+0200] {dag.py:3954} INFO - Setting next_dagrun for example_setup_teardown_taskflow to 2026-04-28 00:00:00+00:00, run_after=2026-04-29 00:00:00+00:00
[2026-04-29T03:53:13.560+0200] {processor.py:183} INFO - Processing /Users/pablofrancoherrero/prueba_tecnica/venv/lib/python3.11/site-packages/airflow/example_dags/example_setup_teardown_taskflow.py took 0.048 seconds
[2026-04-29T04:25:49.475+0200] {processor.py:161} INFO - Started process (PID=72578) to work on /Users/pablofrancoherrero/prueba_tecnica/venv/lib/python3.11/site-packages/airflow/example_dags/example_setup_teardown_taskflow.py
[2026-04-29T04:25:49.475+0200] {processor.py:830} INFO - Processing file /Users/pablofrancoherrero/prueba_tecnica/venv/lib/python3.11/site-packages/airflow/example_dags/example_setup_teardown_taskflow.py for tasks to queue
[2026-04-29T04:25:49.475+0200] {logging_mixin.py:188} INFO - [2026-04-29T04:25:49.475+0200] {dagbag.py:540} INFO - Filling up the DagBag from /Users/pablofrancoherrero/prueba_tecnica/venv/lib/python3.11/site-packages/airflow/example_dags/example_setup_teardown_taskflow.py
[2026-04-29T04:25:49.487+0200] {processor.py:840} INFO - DAG(s) 'example_setup_teardown_taskflow' retrieved from /Users/pablofrancoherrero/prueba_tecnica/venv/lib/python3.11/site-packages/airflow/example_dags/example_setup_teardown_taskflow.py
[2026-04-29T04:25:49.512+0200] {logging_mixin.py:188} INFO - [2026-04-29T04:25:49.512+0200] {dag.py:3096} INFO - Sync 1 DAGs
[2026-04-29T04:25:49.516+0200] {logging_mixin.py:188} INFO - [2026-04-29T04:25:49.516+0200] {dag.py:3954} INFO - Setting next_dagrun for example_setup_teardown_taskflow to 2026-04-28 00:00:00+00:00, run_after=2026-04-29 00:00:00+00:00
[2026-04-29T04:25:49.520+0200] {processor.py:183} INFO - Processing /Users/pablofrancoherrero/prueba_tecnica/venv/lib/python3.11/site-packages/airflow/example_dags/example_setup_teardown_taskflow.py took 0.047 seconds
[2026-04-29T04:44:40.866+0200] {processor.py:161} INFO - Started process (PID=72761) to work on /Users/pablofrancoherrero/prueba_tecnica/venv/lib/python3.11/site-packages/airflow/example_dags/example_setup_teardown_taskflow.py
[2026-04-29T04:44:40.866+0200] {processor.py:830} INFO - Processing file /Users/pablofrancoherrero/prueba_tecnica/venv/lib/python3.11/site-packages/airflow/example_dags/example_setup_teardown_taskflow.py for tasks to queue
[2026-04-29T04:44:40.866+0200] {logging_mixin.py:188} INFO - [2026-04-29T04:44:40.866+0200] {dagbag.py:540} INFO - Filling up the DagBag from /Users/pablofrancoherrero/prueba_tecnica/venv/lib/python3.11/site-packages/airflow/example_dags/example_setup_teardown_taskflow.py
[2026-04-29T04:44:40.878+0200] {processor.py:840} INFO - DAG(s) 'example_setup_teardown_taskflow' retrieved from /Users/pablofrancoherrero/prueba_tecnica/venv/lib/python3.11/site-packages/airflow/example_dags/example_setup_teardown_taskflow.py
[2026-04-29T04:44:40.905+0200] {logging_mixin.py:188} INFO - [2026-04-29T04:44:40.905+0200] {dag.py:3096} INFO - Sync 1 DAGs
[2026-04-29T04:44:40.912+0200] {logging_mixin.py:188} INFO - [2026-04-29T04:44:40.912+0200] {dag.py:3954} INFO - Setting next_dagrun for example_setup_teardown_taskflow to 2026-04-28 00:00:00+00:00, run_after=2026-04-29 00:00:00+00:00
[2026-04-29T04:44:40.922+0200] {processor.py:183} INFO - Processing /Users/pablofrancoherrero/prueba_tecnica/venv/lib/python3.11/site-packages/airflow/example_dags/example_setup_teardown_taskflow.py took 0.057 seconds
[2026-04-29T05:01:29.139+0200] {processor.py:161} INFO - Started process (PID=72894) to work on /Users/pablofrancoherrero/prueba_tecnica/venv/lib/python3.11/site-packages/airflow/example_dags/example_setup_teardown_taskflow.py
[2026-04-29T05:01:29.140+0200] {processor.py:830} INFO - Processing file /Users/pablofrancoherrero/prueba_tecnica/venv/lib/python3.11/site-packages/airflow/example_dags/example_setup_teardown_taskflow.py for tasks to queue
[2026-04-29T05:01:29.140+0200] {logging_mixin.py:188} INFO - [2026-04-29T05:01:29.140+0200] {dagbag.py:540} INFO - Filling up the DagBag from /Users/pablofrancoherrero/prueba_tecnica/venv/lib/python3.11/site-packages/airflow/example_dags/example_setup_teardown_taskflow.py
[2026-04-29T05:01:29.152+0200] {processor.py:840} INFO - DAG(s) 'example_setup_teardown_taskflow' retrieved from /Users/pablofrancoherrero/prueba_tecnica/venv/lib/python3.11/site-packages/airflow/example_dags/example_setup_teardown_taskflow.py
[2026-04-29T05:01:29.177+0200] {logging_mixin.py:188} INFO - [2026-04-29T05:01:29.177+0200] {dag.py:3096} INFO - Sync 1 DAGs
[2026-04-29T05:01:29.181+0200] {logging_mixin.py:188} INFO - [2026-04-29T05:01:29.181+0200] {dag.py:3954} INFO - Setting next_dagrun for example_setup_teardown_taskflow to 2026-04-28 00:00:00+00:00, run_after=2026-04-29 00:00:00+00:00
[2026-04-29T05:01:29.186+0200] {processor.py:183} INFO - Processing /Users/pablofrancoherrero/prueba_tecnica/venv/lib/python3.11/site-packages/airflow/example_dags/example_setup_teardown_taskflow.py took 0.047 seconds
[2026-04-29T05:17:48.762+0200] {processor.py:161} INFO - Started process (PID=73108) to work on /Users/pablofrancoherrero/prueba_tecnica/venv/lib/python3.11/site-packages/airflow/example_dags/example_setup_teardown_taskflow.py
[2026-04-29T05:17:48.763+0200] {processor.py:830} INFO - Processing file /Users/pablofrancoherrero/prueba_tecnica/venv/lib/python3.11/site-packages/airflow/example_dags/example_setup_teardown_taskflow.py for tasks to queue
[2026-04-29T05:17:48.763+0200] {logging_mixin.py:188} INFO - [2026-04-29T05:17:48.763+0200] {dagbag.py:540} INFO - Filling up the DagBag from /Users/pablofrancoherrero/prueba_tecnica/venv/lib/python3.11/site-packages/airflow/example_dags/example_setup_teardown_taskflow.py
[2026-04-29T05:17:48.776+0200] {processor.py:840} INFO - DAG(s) 'example_setup_teardown_taskflow' retrieved from /Users/pablofrancoherrero/prueba_tecnica/venv/lib/python3.11/site-packages/airflow/example_dags/example_setup_teardown_taskflow.py
[2026-04-29T05:17:48.802+0200] {logging_mixin.py:188} INFO - [2026-04-29T05:17:48.802+0200] {dag.py:3096} INFO - Sync 1 DAGs
[2026-04-29T05:17:48.806+0200] {logging_mixin.py:188} INFO - [2026-04-29T05:17:48.806+0200] {dag.py:3954} INFO - Setting next_dagrun for example_setup_teardown_taskflow to 2026-04-28 00:00:00+00:00, run_after=2026-04-29 00:00:00+00:00
[2026-04-29T05:17:48.811+0200] {processor.py:183} INFO - Processing /Users/pablofrancoherrero/prueba_tecnica/venv/lib/python3.11/site-packages/airflow/example_dags/example_setup_teardown_taskflow.py took 0.050 seconds
[2026-04-29T05:19:08.602+0200] {processor.py:161} INFO - Started process (PID=73304) to work on /Users/pablofrancoherrero/prueba_tecnica/venv/lib/python3.11/site-packages/airflow/example_dags/example_setup_teardown_taskflow.py
[2026-04-29T05:19:08.603+0200] {processor.py:830} INFO - Processing file /Users/pablofrancoherrero/prueba_tecnica/venv/lib/python3.11/site-packages/airflow/example_dags/example_setup_teardown_taskflow.py for tasks to queue
[2026-04-29T05:19:08.603+0200] {logging_mixin.py:188} INFO - [2026-04-29T05:19:08.603+0200] {dagbag.py:540} INFO - Filling up the DagBag from /Users/pablofrancoherrero/prueba_tecnica/venv/lib/python3.11/site-packages/airflow/example_dags/example_setup_teardown_taskflow.py
[2026-04-29T05:19:08.615+0200] {processor.py:840} INFO - DAG(s) 'example_setup_teardown_taskflow' retrieved from /Users/pablofrancoherrero/prueba_tecnica/venv/lib/python3.11/site-packages/airflow/example_dags/example_setup_teardown_taskflow.py
[2026-04-29T05:19:08.640+0200] {logging_mixin.py:188} INFO - [2026-04-29T05:19:08.640+0200] {dag.py:3096} INFO - Sync 1 DAGs
[2026-04-29T05:19:08.644+0200] {logging_mixin.py:188} INFO - [2026-04-29T05:19:08.644+0200] {dag.py:3954} INFO - Setting next_dagrun for example_setup_teardown_taskflow to 2026-04-28 00:00:00+00:00, run_after=2026-04-29 00:00:00+00:00
[2026-04-29T05:19:08.649+0200] {processor.py:183} INFO - Processing /Users/pablofrancoherrero/prueba_tecnica/venv/lib/python3.11/site-packages/airflow/example_dags/example_setup_teardown_taskflow.py took 0.048 seconds
[2026-04-29T05:20:29.094+0200] {processor.py:161} INFO - Started process (PID=73411) to work on /Users/pablofrancoherrero/prueba_tecnica/venv/lib/python3.11/site-packages/airflow/example_dags/example_setup_teardown_taskflow.py
[2026-04-29T05:20:29.095+0200] {processor.py:830} INFO - Processing file /Users/pablofrancoherrero/prueba_tecnica/venv/lib/python3.11/site-packages/airflow/example_dags/example_setup_teardown_taskflow.py for tasks to queue
[2026-04-29T05:20:29.095+0200] {logging_mixin.py:188} INFO - [2026-04-29T05:20:29.095+0200] {dagbag.py:540} INFO - Filling up the DagBag from /Users/pablofrancoherrero/prueba_tecnica/venv/lib/python3.11/site-packages/airflow/example_dags/example_setup_teardown_taskflow.py
[2026-04-29T05:20:29.106+0200] {processor.py:840} INFO - DAG(s) 'example_setup_teardown_taskflow' retrieved from /Users/pablofrancoherrero/prueba_tecnica/venv/lib/python3.11/site-packages/airflow/example_dags/example_setup_teardown_taskflow.py
[2026-04-29T05:20:29.131+0200] {logging_mixin.py:188} INFO - [2026-04-29T05:20:29.131+0200] {dag.py:3096} INFO - Sync 1 DAGs
[2026-04-29T05:20:29.135+0200] {logging_mixin.py:188} INFO - [2026-04-29T05:20:29.135+0200] {dag.py:3954} INFO - Setting next_dagrun for example_setup_teardown_taskflow to 2026-04-28 00:00:00+00:00, run_after=2026-04-29 00:00:00+00:00
[2026-04-29T05:20:29.139+0200] {processor.py:183} INFO - Processing /Users/pablofrancoherrero/prueba_tecnica/venv/lib/python3.11/site-packages/airflow/example_dags/example_setup_teardown_taskflow.py took 0.046 seconds
[2026-04-29T05:21:48.636+0200] {processor.py:161} INFO - Started process (PID=73513) to work on /Users/pablofrancoherrero/prueba_tecnica/venv/lib/python3.11/site-packages/airflow/example_dags/example_setup_teardown_taskflow.py
[2026-04-29T05:21:48.636+0200] {processor.py:830} INFO - Processing file /Users/pablofrancoherrero/prueba_tecnica/venv/lib/python3.11/site-packages/airflow/example_dags/example_setup_teardown_taskflow.py for tasks to queue
[2026-04-29T05:21:48.637+0200] {logging_mixin.py:188} INFO - [2026-04-29T05:21:48.637+0200] {dagbag.py:540} INFO - Filling up the DagBag from /Users/pablofrancoherrero/prueba_tecnica/venv/lib/python3.11/site-packages/airflow/example_dags/example_setup_teardown_taskflow.py
[2026-04-29T05:21:48.648+0200] {processor.py:840} INFO - DAG(s) 'example_setup_teardown_taskflow' retrieved from /Users/pablofrancoherrero/prueba_tecnica/venv/lib/python3.11/site-packages/airflow/example_dags/example_setup_teardown_taskflow.py
[2026-04-29T05:21:48.673+0200] {logging_mixin.py:188} INFO - [2026-04-29T05:21:48.673+0200] {dag.py:3096} INFO - Sync 1 DAGs
[2026-04-29T05:21:48.677+0200] {logging_mixin.py:188} INFO - [2026-04-29T05:21:48.677+0200] {dag.py:3954} INFO - Setting next_dagrun for example_setup_teardown_taskflow to 2026-04-28 00:00:00+00:00, run_after=2026-04-29 00:00:00+00:00
[2026-04-29T05:21:48.682+0200] {processor.py:183} INFO - Processing /Users/pablofrancoherrero/prueba_tecnica/venv/lib/python3.11/site-packages/airflow/example_dags/example_setup_teardown_taskflow.py took 0.046 seconds
[2026-04-29T05:23:11.313+0200] {processor.py:161} INFO - Started process (PID=73626) to work on /Users/pablofrancoherrero/prueba_tecnica/venv/lib/python3.11/site-packages/airflow/example_dags/example_setup_teardown_taskflow.py
[2026-04-29T05:23:11.314+0200] {processor.py:830} INFO - Processing file /Users/pablofrancoherrero/prueba_tecnica/venv/lib/python3.11/site-packages/airflow/example_dags/example_setup_teardown_taskflow.py for tasks to queue
[2026-04-29T05:23:11.315+0200] {logging_mixin.py:188} INFO - [2026-04-29T05:23:11.315+0200] {dagbag.py:540} INFO - Filling up the DagBag from /Users/pablofrancoherrero/prueba_tecnica/venv/lib/python3.11/site-packages/airflow/example_dags/example_setup_teardown_taskflow.py
[2026-04-29T05:23:11.327+0200] {processor.py:840} INFO - DAG(s) 'example_setup_teardown_taskflow' retrieved from /Users/pablofrancoherrero/prueba_tecnica/venv/lib/python3.11/site-packages/airflow/example_dags/example_setup_teardown_taskflow.py
[2026-04-29T05:23:11.352+0200] {logging_mixin.py:188} INFO - [2026-04-29T05:23:11.352+0200] {dag.py:3096} INFO - Sync 1 DAGs
[2026-04-29T05:23:11.356+0200] {logging_mixin.py:188} INFO - [2026-04-29T05:23:11.356+0200] {dag.py:3954} INFO - Setting next_dagrun for example_setup_teardown_taskflow to 2026-04-28 00:00:00+00:00, run_after=2026-04-29 00:00:00+00:00
[2026-04-29T05:23:11.361+0200] {processor.py:183} INFO - Processing /Users/pablofrancoherrero/prueba_tecnica/venv/lib/python3.11/site-packages/airflow/example_dags/example_setup_teardown_taskflow.py took 0.048 seconds
[2026-04-29T05:24:31.168+0200] {processor.py:161} INFO - Started process (PID=73722) to work on /Users/pablofrancoherrero/prueba_tecnica/venv/lib/python3.11/site-packages/airflow/example_dags/example_setup_teardown_taskflow.py
[2026-04-29T05:24:31.169+0200] {processor.py:830} INFO - Processing file /Users/pablofrancoherrero/prueba_tecnica/venv/lib/python3.11/site-packages/airflow/example_dags/example_setup_teardown_taskflow.py for tasks to queue
[2026-04-29T05:24:31.169+0200] {logging_mixin.py:188} INFO - [2026-04-29T05:24:31.169+0200] {dagbag.py:540} INFO - Filling up the DagBag from /Users/pablofrancoherrero/prueba_tecnica/venv/lib/python3.11/site-packages/airflow/example_dags/example_setup_teardown_taskflow.py
[2026-04-29T05:24:31.181+0200] {processor.py:840} INFO - DAG(s) 'example_setup_teardown_taskflow' retrieved from /Users/pablofrancoherrero/prueba_tecnica/venv/lib/python3.11/site-packages/airflow/example_dags/example_setup_teardown_taskflow.py
[2026-04-29T05:24:31.206+0200] {logging_mixin.py:188} INFO - [2026-04-29T05:24:31.206+0200] {dag.py:3096} INFO - Sync 1 DAGs
[2026-04-29T05:24:31.210+0200] {logging_mixin.py:188} INFO - [2026-04-29T05:24:31.210+0200] {dag.py:3954} INFO - Setting next_dagrun for example_setup_teardown_taskflow to 2026-04-28 00:00:00+00:00, run_after=2026-04-29 00:00:00+00:00
[2026-04-29T05:24:31.215+0200] {processor.py:183} INFO - Processing /Users/pablofrancoherrero/prueba_tecnica/venv/lib/python3.11/site-packages/airflow/example_dags/example_setup_teardown_taskflow.py took 0.047 seconds
[2026-04-29T05:25:51.177+0200] {processor.py:161} INFO - Started process (PID=73810) to work on /Users/pablofrancoherrero/prueba_tecnica/venv/lib/python3.11/site-packages/airflow/example_dags/example_setup_teardown_taskflow.py
[2026-04-29T05:25:51.178+0200] {processor.py:830} INFO - Processing file /Users/pablofrancoherrero/prueba_tecnica/venv/lib/python3.11/site-packages/airflow/example_dags/example_setup_teardown_taskflow.py for tasks to queue
[2026-04-29T05:25:51.178+0200] {logging_mixin.py:188} INFO - [2026-04-29T05:25:51.178+0200] {dagbag.py:540} INFO - Filling up the DagBag from /Users/pablofrancoherrero/prueba_tecnica/venv/lib/python3.11/site-packages/airflow/example_dags/example_setup_teardown_taskflow.py
[2026-04-29T05:25:51.190+0200] {processor.py:840} INFO - DAG(s) 'example_setup_teardown_taskflow' retrieved from /Users/pablofrancoherrero/prueba_tecnica/venv/lib/python3.11/site-packages/airflow/example_dags/example_setup_teardown_taskflow.py
[2026-04-29T05:25:51.216+0200] {logging_mixin.py:188} INFO - [2026-04-29T05:25:51.215+0200] {dag.py:3096} INFO - Sync 1 DAGs
[2026-04-29T05:25:51.220+0200] {logging_mixin.py:188} INFO - [2026-04-29T05:25:51.220+0200] {dag.py:3954} INFO - Setting next_dagrun for example_setup_teardown_taskflow to 2026-04-28 00:00:00+00:00, run_after=2026-04-29 00:00:00+00:00
[2026-04-29T05:25:51.224+0200] {processor.py:183} INFO - Processing /Users/pablofrancoherrero/prueba_tecnica/venv/lib/python3.11/site-packages/airflow/example_dags/example_setup_teardown_taskflow.py took 0.048 seconds
[2026-04-29T05:27:12.322+0200] {processor.py:161} INFO - Started process (PID=73895) to work on /Users/pablofrancoherrero/prueba_tecnica/venv/lib/python3.11/site-packages/airflow/example_dags/example_setup_teardown_taskflow.py
[2026-04-29T05:27:12.323+0200] {processor.py:830} INFO - Processing file /Users/pablofrancoherrero/prueba_tecnica/venv/lib/python3.11/site-packages/airflow/example_dags/example_setup_teardown_taskflow.py for tasks to queue
[2026-04-29T05:27:12.323+0200] {logging_mixin.py:188} INFO - [2026-04-29T05:27:12.323+0200] {dagbag.py:540} INFO - Filling up the DagBag from /Users/pablofrancoherrero/prueba_tecnica/venv/lib/python3.11/site-packages/airflow/example_dags/example_setup_teardown_taskflow.py
[2026-04-29T05:27:12.334+0200] {processor.py:840} INFO - DAG(s) 'example_setup_teardown_taskflow' retrieved from /Users/pablofrancoherrero/prueba_tecnica/venv/lib/python3.11/site-packages/airflow/example_dags/example_setup_teardown_taskflow.py
[2026-04-29T05:27:12.359+0200] {logging_mixin.py:188} INFO - [2026-04-29T05:27:12.359+0200] {dag.py:3096} INFO - Sync 1 DAGs
[2026-04-29T05:27:12.363+0200] {logging_mixin.py:188} INFO - [2026-04-29T05:27:12.363+0200] {dag.py:3954} INFO - Setting next_dagrun for example_setup_teardown_taskflow to 2026-04-28 00:00:00+00:00, run_after=2026-04-29 00:00:00+00:00
[2026-04-29T05:27:12.368+0200] {processor.py:183} INFO - Processing /Users/pablofrancoherrero/prueba_tecnica/venv/lib/python3.11/site-packages/airflow/example_dags/example_setup_teardown_taskflow.py took 0.047 seconds
[2026-04-29T05:28:34.659+0200] {processor.py:161} INFO - Started process (PID=73994) to work on /Users/pablofrancoherrero/prueba_tecnica/venv/lib/python3.11/site-packages/airflow/example_dags/example_setup_teardown_taskflow.py
[2026-04-29T05:28:34.660+0200] {processor.py:830} INFO - Processing file /Users/pablofrancoherrero/prueba_tecnica/venv/lib/python3.11/site-packages/airflow/example_dags/example_setup_teardown_taskflow.py for tasks to queue
[2026-04-29T05:28:34.661+0200] {logging_mixin.py:188} INFO - [2026-04-29T05:28:34.661+0200] {dagbag.py:540} INFO - Filling up the DagBag from /Users/pablofrancoherrero/prueba_tecnica/venv/lib/python3.11/site-packages/airflow/example_dags/example_setup_teardown_taskflow.py
[2026-04-29T05:28:34.672+0200] {processor.py:840} INFO - DAG(s) 'example_setup_teardown_taskflow' retrieved from /Users/pablofrancoherrero/prueba_tecnica/venv/lib/python3.11/site-packages/airflow/example_dags/example_setup_teardown_taskflow.py
[2026-04-29T05:28:34.697+0200] {logging_mixin.py:188} INFO - [2026-04-29T05:28:34.696+0200] {dag.py:3096} INFO - Sync 1 DAGs
[2026-04-29T05:28:34.701+0200] {logging_mixin.py:188} INFO - [2026-04-29T05:28:34.701+0200] {dag.py:3954} INFO - Setting next_dagrun for example_setup_teardown_taskflow to 2026-04-28 00:00:00+00:00, run_after=2026-04-29 00:00:00+00:00
[2026-04-29T05:28:34.705+0200] {processor.py:183} INFO - Processing /Users/pablofrancoherrero/prueba_tecnica/venv/lib/python3.11/site-packages/airflow/example_dags/example_setup_teardown_taskflow.py took 0.046 seconds
[2026-04-29T05:29:53.323+0200] {processor.py:161} INFO - Started process (PID=74086) to work on /Users/pablofrancoherrero/prueba_tecnica/venv/lib/python3.11/site-packages/airflow/example_dags/example_setup_teardown_taskflow.py
[2026-04-29T05:29:53.324+0200] {processor.py:830} INFO - Processing file /Users/pablofrancoherrero/prueba_tecnica/venv/lib/python3.11/site-packages/airflow/example_dags/example_setup_teardown_taskflow.py for tasks to queue
[2026-04-29T05:29:53.324+0200] {logging_mixin.py:188} INFO - [2026-04-29T05:29:53.324+0200] {dagbag.py:540} INFO - Filling up the DagBag from /Users/pablofrancoherrero/prueba_tecnica/venv/lib/python3.11/site-packages/airflow/example_dags/example_setup_teardown_taskflow.py
[2026-04-29T05:29:53.336+0200] {processor.py:840} INFO - DAG(s) 'example_setup_teardown_taskflow' retrieved from /Users/pablofrancoherrero/prueba_tecnica/venv/lib/python3.11/site-packages/airflow/example_dags/example_setup_teardown_taskflow.py
[2026-04-29T05:29:53.362+0200] {logging_mixin.py:188} INFO - [2026-04-29T05:29:53.362+0200] {dag.py:3096} INFO - Sync 1 DAGs
[2026-04-29T05:29:53.366+0200] {logging_mixin.py:188} INFO - [2026-04-29T05:29:53.366+0200] {dag.py:3954} INFO - Setting next_dagrun for example_setup_teardown_taskflow to 2026-04-28 00:00:00+00:00, run_after=2026-04-29 00:00:00+00:00
[2026-04-29T05:29:53.371+0200] {processor.py:183} INFO - Processing /Users/pablofrancoherrero/prueba_tecnica/venv/lib/python3.11/site-packages/airflow/example_dags/example_setup_teardown_taskflow.py took 0.048 seconds
[2026-04-29T05:31:10.385+0200] {processor.py:161} INFO - Started process (PID=74167) to work on /Users/pablofrancoherrero/prueba_tecnica/venv/lib/python3.11/site-packages/airflow/example_dags/example_setup_teardown_taskflow.py
[2026-04-29T05:31:10.386+0200] {processor.py:830} INFO - Processing file /Users/pablofrancoherrero/prueba_tecnica/venv/lib/python3.11/site-packages/airflow/example_dags/example_setup_teardown_taskflow.py for tasks to queue
[2026-04-29T05:31:10.386+0200] {logging_mixin.py:188} INFO - [2026-04-29T05:31:10.386+0200] {dagbag.py:540} INFO - Filling up the DagBag from /Users/pablofrancoherrero/prueba_tecnica/venv/lib/python3.11/site-packages/airflow/example_dags/example_setup_teardown_taskflow.py
[2026-04-29T05:31:10.398+0200] {processor.py:840} INFO - DAG(s) 'example_setup_teardown_taskflow' retrieved from /Users/pablofrancoherrero/prueba_tecnica/venv/lib/python3.11/site-packages/airflow/example_dags/example_setup_teardown_taskflow.py
[2026-04-29T05:31:10.424+0200] {logging_mixin.py:188} INFO - [2026-04-29T05:31:10.423+0200] {dag.py:3096} INFO - Sync 1 DAGs
[2026-04-29T05:31:10.428+0200] {logging_mixin.py:188} INFO - [2026-04-29T05:31:10.428+0200] {dag.py:3954} INFO - Setting next_dagrun for example_setup_teardown_taskflow to 2026-04-28 00:00:00+00:00, run_after=2026-04-29 00:00:00+00:00
[2026-04-29T05:31:10.432+0200] {processor.py:183} INFO - Processing /Users/pablofrancoherrero/prueba_tecnica/venv/lib/python3.11/site-packages/airflow/example_dags/example_setup_teardown_taskflow.py took 0.048 seconds
[2026-04-29T05:32:31.998+0200] {processor.py:161} INFO - Started process (PID=74254) to work on /Users/pablofrancoherrero/prueba_tecnica/venv/lib/python3.11/site-packages/airflow/example_dags/example_setup_teardown_taskflow.py
[2026-04-29T05:32:32.000+0200] {processor.py:830} INFO - Processing file /Users/pablofrancoherrero/prueba_tecnica/venv/lib/python3.11/site-packages/airflow/example_dags/example_setup_teardown_taskflow.py for tasks to queue
[2026-04-29T05:32:32.000+0200] {logging_mixin.py:188} INFO - [2026-04-29T05:32:32.000+0200] {dagbag.py:540} INFO - Filling up the DagBag from /Users/pablofrancoherrero/prueba_tecnica/venv/lib/python3.11/site-packages/airflow/example_dags/example_setup_teardown_taskflow.py
[2026-04-29T05:32:32.011+0200] {processor.py:840} INFO - DAG(s) 'example_setup_teardown_taskflow' retrieved from /Users/pablofrancoherrero/prueba_tecnica/venv/lib/python3.11/site-packages/airflow/example_dags/example_setup_teardown_taskflow.py
[2026-04-29T05:32:32.036+0200] {logging_mixin.py:188} INFO - [2026-04-29T05:32:32.036+0200] {dag.py:3096} INFO - Sync 1 DAGs
[2026-04-29T05:32:32.040+0200] {logging_mixin.py:188} INFO - [2026-04-29T05:32:32.040+0200] {dag.py:3954} INFO - Setting next_dagrun for example_setup_teardown_taskflow to 2026-04-28 00:00:00+00:00, run_after=2026-04-29 00:00:00+00:00
[2026-04-29T05:32:32.045+0200] {processor.py:183} INFO - Processing /Users/pablofrancoherrero/prueba_tecnica/venv/lib/python3.11/site-packages/airflow/example_dags/example_setup_teardown_taskflow.py took 0.047 seconds
[2026-04-29T05:33:53.547+0200] {processor.py:161} INFO - Started process (PID=74374) to work on /Users/pablofrancoherrero/prueba_tecnica/venv/lib/python3.11/site-packages/airflow/example_dags/example_setup_teardown_taskflow.py
[2026-04-29T05:33:53.548+0200] {processor.py:830} INFO - Processing file /Users/pablofrancoherrero/prueba_tecnica/venv/lib/python3.11/site-packages/airflow/example_dags/example_setup_teardown_taskflow.py for tasks to queue
[2026-04-29T05:33:53.549+0200] {logging_mixin.py:188} INFO - [2026-04-29T05:33:53.549+0200] {dagbag.py:540} INFO - Filling up the DagBag from /Users/pablofrancoherrero/prueba_tecnica/venv/lib/python3.11/site-packages/airflow/example_dags/example_setup_teardown_taskflow.py
[2026-04-29T05:33:53.560+0200] {processor.py:840} INFO - DAG(s) 'example_setup_teardown_taskflow' retrieved from /Users/pablofrancoherrero/prueba_tecnica/venv/lib/python3.11/site-packages/airflow/example_dags/example_setup_teardown_taskflow.py
[2026-04-29T05:33:53.585+0200] {logging_mixin.py:188} INFO - [2026-04-29T05:33:53.585+0200] {dag.py:3096} INFO - Sync 1 DAGs
[2026-04-29T05:33:53.589+0200] {logging_mixin.py:188} INFO - [2026-04-29T05:33:53.589+0200] {dag.py:3954} INFO - Setting next_dagrun for example_setup_teardown_taskflow to 2026-04-28 00:00:00+00:00, run_after=2026-04-29 00:00:00+00:00
[2026-04-29T05:33:53.593+0200] {processor.py:183} INFO - Processing /Users/pablofrancoherrero/prueba_tecnica/venv/lib/python3.11/site-packages/airflow/example_dags/example_setup_teardown_taskflow.py took 0.047 seconds
[2026-04-29T05:35:11.900+0200] {processor.py:161} INFO - Started process (PID=74477) to work on /Users/pablofrancoherrero/prueba_tecnica/venv/lib/python3.11/site-packages/airflow/example_dags/example_setup_teardown_taskflow.py
[2026-04-29T05:35:11.901+0200] {processor.py:830} INFO - Processing file /Users/pablofrancoherrero/prueba_tecnica/venv/lib/python3.11/site-packages/airflow/example_dags/example_setup_teardown_taskflow.py for tasks to queue
[2026-04-29T05:35:11.901+0200] {logging_mixin.py:188} INFO - [2026-04-29T05:35:11.901+0200] {dagbag.py:540} INFO - Filling up the DagBag from /Users/pablofrancoherrero/prueba_tecnica/venv/lib/python3.11/site-packages/airflow/example_dags/example_setup_teardown_taskflow.py
[2026-04-29T05:35:11.912+0200] {processor.py:840} INFO - DAG(s) 'example_setup_teardown_taskflow' retrieved from /Users/pablofrancoherrero/prueba_tecnica/venv/lib/python3.11/site-packages/airflow/example_dags/example_setup_teardown_taskflow.py
[2026-04-29T05:35:11.937+0200] {logging_mixin.py:188} INFO - [2026-04-29T05:35:11.937+0200] {dag.py:3096} INFO - Sync 1 DAGs
[2026-04-29T05:35:11.941+0200] {logging_mixin.py:188} INFO - [2026-04-29T05:35:11.941+0200] {dag.py:3954} INFO - Setting next_dagrun for example_setup_teardown_taskflow to 2026-04-28 00:00:00+00:00, run_after=2026-04-29 00:00:00+00:00
[2026-04-29T05:35:11.946+0200] {processor.py:183} INFO - Processing /Users/pablofrancoherrero/prueba_tecnica/venv/lib/python3.11/site-packages/airflow/example_dags/example_setup_teardown_taskflow.py took 0.047 seconds
[2026-04-29T05:36:32.936+0200] {processor.py:161} INFO - Started process (PID=74562) to work on /Users/pablofrancoherrero/prueba_tecnica/venv/lib/python3.11/site-packages/airflow/example_dags/example_setup_teardown_taskflow.py
[2026-04-29T05:36:32.937+0200] {processor.py:830} INFO - Processing file /Users/pablofrancoherrero/prueba_tecnica/venv/lib/python3.11/site-packages/airflow/example_dags/example_setup_teardown_taskflow.py for tasks to queue
[2026-04-29T05:36:32.937+0200] {logging_mixin.py:188} INFO - [2026-04-29T05:36:32.937+0200] {dagbag.py:540} INFO - Filling up the DagBag from /Users/pablofrancoherrero/prueba_tecnica/venv/lib/python3.11/site-packages/airflow/example_dags/example_setup_teardown_taskflow.py
[2026-04-29T05:36:32.949+0200] {processor.py:840} INFO - DAG(s) 'example_setup_teardown_taskflow' retrieved from /Users/pablofrancoherrero/prueba_tecnica/venv/lib/python3.11/site-packages/airflow/example_dags/example_setup_teardown_taskflow.py
[2026-04-29T05:36:32.976+0200] {logging_mixin.py:188} INFO - [2026-04-29T05:36:32.976+0200] {dag.py:3096} INFO - Sync 1 DAGs
[2026-04-29T05:36:32.981+0200] {logging_mixin.py:188} INFO - [2026-04-29T05:36:32.981+0200] {dag.py:3954} INFO - Setting next_dagrun for example_setup_teardown_taskflow to 2026-04-28 00:00:00+00:00, run_after=2026-04-29 00:00:00+00:00
[2026-04-29T05:36:32.985+0200] {processor.py:183} INFO - Processing /Users/pablofrancoherrero/prueba_tecnica/venv/lib/python3.11/site-packages/airflow/example_dags/example_setup_teardown_taskflow.py took 0.050 seconds
[2026-04-29T05:37:53.493+0200] {processor.py:161} INFO - Started process (PID=74650) to work on /Users/pablofrancoherrero/prueba_tecnica/venv/lib/python3.11/site-packages/airflow/example_dags/example_setup_teardown_taskflow.py
[2026-04-29T05:37:53.494+0200] {processor.py:830} INFO - Processing file /Users/pablofrancoherrero/prueba_tecnica/venv/lib/python3.11/site-packages/airflow/example_dags/example_setup_teardown_taskflow.py for tasks to queue
[2026-04-29T05:37:53.494+0200] {logging_mixin.py:188} INFO - [2026-04-29T05:37:53.494+0200] {dagbag.py:540} INFO - Filling up the DagBag from /Users/pablofrancoherrero/prueba_tecnica/venv/lib/python3.11/site-packages/airflow/example_dags/example_setup_teardown_taskflow.py
[2026-04-29T05:37:53.506+0200] {processor.py:840} INFO - DAG(s) 'example_setup_teardown_taskflow' retrieved from /Users/pablofrancoherrero/prueba_tecnica/venv/lib/python3.11/site-packages/airflow/example_dags/example_setup_teardown_taskflow.py
[2026-04-29T05:37:53.531+0200] {logging_mixin.py:188} INFO - [2026-04-29T05:37:53.531+0200] {dag.py:3096} INFO - Sync 1 DAGs
[2026-04-29T05:37:53.535+0200] {logging_mixin.py:188} INFO - [2026-04-29T05:37:53.535+0200] {dag.py:3954} INFO - Setting next_dagrun for example_setup_teardown_taskflow to 2026-04-28 00:00:00+00:00, run_after=2026-04-29 00:00:00+00:00
[2026-04-29T05:37:53.540+0200] {processor.py:183} INFO - Processing /Users/pablofrancoherrero/prueba_tecnica/venv/lib/python3.11/site-packages/airflow/example_dags/example_setup_teardown_taskflow.py took 0.048 seconds
[2026-04-29T05:39:14.541+0200] {processor.py:161} INFO - Started process (PID=74756) to work on /Users/pablofrancoherrero/prueba_tecnica/venv/lib/python3.11/site-packages/airflow/example_dags/example_setup_teardown_taskflow.py
[2026-04-29T05:39:14.542+0200] {processor.py:830} INFO - Processing file /Users/pablofrancoherrero/prueba_tecnica/venv/lib/python3.11/site-packages/airflow/example_dags/example_setup_teardown_taskflow.py for tasks to queue
[2026-04-29T05:39:14.543+0200] {logging_mixin.py:188} INFO - [2026-04-29T05:39:14.543+0200] {dagbag.py:540} INFO - Filling up the DagBag from /Users/pablofrancoherrero/prueba_tecnica/venv/lib/python3.11/site-packages/airflow/example_dags/example_setup_teardown_taskflow.py
[2026-04-29T05:39:14.554+0200] {processor.py:840} INFO - DAG(s) 'example_setup_teardown_taskflow' retrieved from /Users/pablofrancoherrero/prueba_tecnica/venv/lib/python3.11/site-packages/airflow/example_dags/example_setup_teardown_taskflow.py
[2026-04-29T05:39:14.579+0200] {logging_mixin.py:188} INFO - [2026-04-29T05:39:14.579+0200] {dag.py:3096} INFO - Sync 1 DAGs
[2026-04-29T05:39:14.583+0200] {logging_mixin.py:188} INFO - [2026-04-29T05:39:14.583+0200] {dag.py:3954} INFO - Setting next_dagrun for example_setup_teardown_taskflow to 2026-04-28 00:00:00+00:00, run_after=2026-04-29 00:00:00+00:00
[2026-04-29T05:39:14.588+0200] {processor.py:183} INFO - Processing /Users/pablofrancoherrero/prueba_tecnica/venv/lib/python3.11/site-packages/airflow/example_dags/example_setup_teardown_taskflow.py took 0.047 seconds
[2026-04-29T05:40:37.167+0200] {processor.py:161} INFO - Started process (PID=74858) to work on /Users/pablofrancoherrero/prueba_tecnica/venv/lib/python3.11/site-packages/airflow/example_dags/example_setup_teardown_taskflow.py
[2026-04-29T05:40:37.167+0200] {processor.py:830} INFO - Processing file /Users/pablofrancoherrero/prueba_tecnica/venv/lib/python3.11/site-packages/airflow/example_dags/example_setup_teardown_taskflow.py for tasks to queue
[2026-04-29T05:40:37.168+0200] {logging_mixin.py:188} INFO - [2026-04-29T05:40:37.168+0200] {dagbag.py:540} INFO - Filling up the DagBag from /Users/pablofrancoherrero/prueba_tecnica/venv/lib/python3.11/site-packages/airflow/example_dags/example_setup_teardown_taskflow.py
[2026-04-29T05:40:37.179+0200] {processor.py:840} INFO - DAG(s) 'example_setup_teardown_taskflow' retrieved from /Users/pablofrancoherrero/prueba_tecnica/venv/lib/python3.11/site-packages/airflow/example_dags/example_setup_teardown_taskflow.py
[2026-04-29T05:40:37.204+0200] {logging_mixin.py:188} INFO - [2026-04-29T05:40:37.204+0200] {dag.py:3096} INFO - Sync 1 DAGs
[2026-04-29T05:40:37.209+0200] {logging_mixin.py:188} INFO - [2026-04-29T05:40:37.209+0200] {dag.py:3954} INFO - Setting next_dagrun for example_setup_teardown_taskflow to 2026-04-28 00:00:00+00:00, run_after=2026-04-29 00:00:00+00:00
[2026-04-29T05:40:37.214+0200] {processor.py:183} INFO - Processing /Users/pablofrancoherrero/prueba_tecnica/venv/lib/python3.11/site-packages/airflow/example_dags/example_setup_teardown_taskflow.py took 0.047 seconds
[2026-04-29T05:41:58.901+0200] {processor.py:161} INFO - Started process (PID=74944) to work on /Users/pablofrancoherrero/prueba_tecnica/venv/lib/python3.11/site-packages/airflow/example_dags/example_setup_teardown_taskflow.py
[2026-04-29T05:41:58.903+0200] {processor.py:830} INFO - Processing file /Users/pablofrancoherrero/prueba_tecnica/venv/lib/python3.11/site-packages/airflow/example_dags/example_setup_teardown_taskflow.py for tasks to queue
[2026-04-29T05:41:58.903+0200] {logging_mixin.py:188} INFO - [2026-04-29T05:41:58.903+0200] {dagbag.py:540} INFO - Filling up the DagBag from /Users/pablofrancoherrero/prueba_tecnica/venv/lib/python3.11/site-packages/airflow/example_dags/example_setup_teardown_taskflow.py
[2026-04-29T05:41:58.914+0200] {processor.py:840} INFO - DAG(s) 'example_setup_teardown_taskflow' retrieved from /Users/pablofrancoherrero/prueba_tecnica/venv/lib/python3.11/site-packages/airflow/example_dags/example_setup_teardown_taskflow.py
[2026-04-29T05:41:58.939+0200] {logging_mixin.py:188} INFO - [2026-04-29T05:41:58.939+0200] {dag.py:3096} INFO - Sync 1 DAGs
[2026-04-29T05:41:58.943+0200] {logging_mixin.py:188} INFO - [2026-04-29T05:41:58.943+0200] {dag.py:3954} INFO - Setting next_dagrun for example_setup_teardown_taskflow to 2026-04-28 00:00:00+00:00, run_after=2026-04-29 00:00:00+00:00
[2026-04-29T05:41:58.948+0200] {processor.py:183} INFO - Processing /Users/pablofrancoherrero/prueba_tecnica/venv/lib/python3.11/site-packages/airflow/example_dags/example_setup_teardown_taskflow.py took 0.047 seconds
[2026-04-29T05:43:19.050+0200] {processor.py:161} INFO - Started process (PID=75032) to work on /Users/pablofrancoherrero/prueba_tecnica/venv/lib/python3.11/site-packages/airflow/example_dags/example_setup_teardown_taskflow.py
[2026-04-29T05:43:19.051+0200] {processor.py:830} INFO - Processing file /Users/pablofrancoherrero/prueba_tecnica/venv/lib/python3.11/site-packages/airflow/example_dags/example_setup_teardown_taskflow.py for tasks to queue
[2026-04-29T05:43:19.051+0200] {logging_mixin.py:188} INFO - [2026-04-29T05:43:19.051+0200] {dagbag.py:540} INFO - Filling up the DagBag from /Users/pablofrancoherrero/prueba_tecnica/venv/lib/python3.11/site-packages/airflow/example_dags/example_setup_teardown_taskflow.py
[2026-04-29T05:43:19.063+0200] {processor.py:840} INFO - DAG(s) 'example_setup_teardown_taskflow' retrieved from /Users/pablofrancoherrero/prueba_tecnica/venv/lib/python3.11/site-packages/airflow/example_dags/example_setup_teardown_taskflow.py
[2026-04-29T05:43:19.087+0200] {logging_mixin.py:188} INFO - [2026-04-29T05:43:19.087+0200] {dag.py:3096} INFO - Sync 1 DAGs
[2026-04-29T05:43:19.092+0200] {logging_mixin.py:188} INFO - [2026-04-29T05:43:19.091+0200] {dag.py:3954} INFO - Setting next_dagrun for example_setup_teardown_taskflow to 2026-04-28 00:00:00+00:00, run_after=2026-04-29 00:00:00+00:00
[2026-04-29T05:43:19.096+0200] {processor.py:183} INFO - Processing /Users/pablofrancoherrero/prueba_tecnica/venv/lib/python3.11/site-packages/airflow/example_dags/example_setup_teardown_taskflow.py took 0.047 seconds
[2026-04-29T05:44:40.748+0200] {processor.py:161} INFO - Started process (PID=75151) to work on /Users/pablofrancoherrero/prueba_tecnica/venv/lib/python3.11/site-packages/airflow/example_dags/example_setup_teardown_taskflow.py
[2026-04-29T05:44:40.749+0200] {processor.py:830} INFO - Processing file /Users/pablofrancoherrero/prueba_tecnica/venv/lib/python3.11/site-packages/airflow/example_dags/example_setup_teardown_taskflow.py for tasks to queue
[2026-04-29T05:44:40.749+0200] {logging_mixin.py:188} INFO - [2026-04-29T05:44:40.749+0200] {dagbag.py:540} INFO - Filling up the DagBag from /Users/pablofrancoherrero/prueba_tecnica/venv/lib/python3.11/site-packages/airflow/example_dags/example_setup_teardown_taskflow.py
[2026-04-29T05:44:40.761+0200] {processor.py:840} INFO - DAG(s) 'example_setup_teardown_taskflow' retrieved from /Users/pablofrancoherrero/prueba_tecnica/venv/lib/python3.11/site-packages/airflow/example_dags/example_setup_teardown_taskflow.py
[2026-04-29T05:44:40.787+0200] {logging_mixin.py:188} INFO - [2026-04-29T05:44:40.787+0200] {dag.py:3096} INFO - Sync 1 DAGs
[2026-04-29T05:44:40.791+0200] {logging_mixin.py:188} INFO - [2026-04-29T05:44:40.791+0200] {dag.py:3954} INFO - Setting next_dagrun for example_setup_teardown_taskflow to 2026-04-28 00:00:00+00:00, run_after=2026-04-29 00:00:00+00:00
[2026-04-29T05:44:40.795+0200] {processor.py:183} INFO - Processing /Users/pablofrancoherrero/prueba_tecnica/venv/lib/python3.11/site-packages/airflow/example_dags/example_setup_teardown_taskflow.py took 0.048 seconds
[2026-04-29T05:45:59.219+0200] {processor.py:161} INFO - Started process (PID=75245) to work on /Users/pablofrancoherrero/prueba_tecnica/venv/lib/python3.11/site-packages/airflow/example_dags/example_setup_teardown_taskflow.py
[2026-04-29T05:45:59.220+0200] {processor.py:830} INFO - Processing file /Users/pablofrancoherrero/prueba_tecnica/venv/lib/python3.11/site-packages/airflow/example_dags/example_setup_teardown_taskflow.py for tasks to queue
[2026-04-29T05:45:59.220+0200] {logging_mixin.py:188} INFO - [2026-04-29T05:45:59.220+0200] {dagbag.py:540} INFO - Filling up the DagBag from /Users/pablofrancoherrero/prueba_tecnica/venv/lib/python3.11/site-packages/airflow/example_dags/example_setup_teardown_taskflow.py
[2026-04-29T05:45:59.232+0200] {processor.py:840} INFO - DAG(s) 'example_setup_teardown_taskflow' retrieved from /Users/pablofrancoherrero/prueba_tecnica/venv/lib/python3.11/site-packages/airflow/example_dags/example_setup_teardown_taskflow.py
[2026-04-29T05:45:59.256+0200] {logging_mixin.py:188} INFO - [2026-04-29T05:45:59.256+0200] {dag.py:3096} INFO - Sync 1 DAGs
[2026-04-29T05:45:59.260+0200] {logging_mixin.py:188} INFO - [2026-04-29T05:45:59.260+0200] {dag.py:3954} INFO - Setting next_dagrun for example_setup_teardown_taskflow to 2026-04-28 00:00:00+00:00, run_after=2026-04-29 00:00:00+00:00
[2026-04-29T05:45:59.265+0200] {processor.py:183} INFO - Processing /Users/pablofrancoherrero/prueba_tecnica/venv/lib/python3.11/site-packages/airflow/example_dags/example_setup_teardown_taskflow.py took 0.047 seconds
[2026-04-29T05:47:17.283+0200] {processor.py:161} INFO - Started process (PID=75338) to work on /Users/pablofrancoherrero/prueba_tecnica/venv/lib/python3.11/site-packages/airflow/example_dags/example_setup_teardown_taskflow.py
[2026-04-29T05:47:17.284+0200] {processor.py:830} INFO - Processing file /Users/pablofrancoherrero/prueba_tecnica/venv/lib/python3.11/site-packages/airflow/example_dags/example_setup_teardown_taskflow.py for tasks to queue
[2026-04-29T05:47:17.284+0200] {logging_mixin.py:188} INFO - [2026-04-29T05:47:17.284+0200] {dagbag.py:540} INFO - Filling up the DagBag from /Users/pablofrancoherrero/prueba_tecnica/venv/lib/python3.11/site-packages/airflow/example_dags/example_setup_teardown_taskflow.py
[2026-04-29T05:47:17.296+0200] {processor.py:840} INFO - DAG(s) 'example_setup_teardown_taskflow' retrieved from /Users/pablofrancoherrero/prueba_tecnica/venv/lib/python3.11/site-packages/airflow/example_dags/example_setup_teardown_taskflow.py
[2026-04-29T05:47:17.320+0200] {logging_mixin.py:188} INFO - [2026-04-29T05:47:17.320+0200] {dag.py:3096} INFO - Sync 1 DAGs
[2026-04-29T05:47:17.324+0200] {logging_mixin.py:188} INFO - [2026-04-29T05:47:17.324+0200] {dag.py:3954} INFO - Setting next_dagrun for example_setup_teardown_taskflow to 2026-04-28 00:00:00+00:00, run_after=2026-04-29 00:00:00+00:00
[2026-04-29T05:47:17.329+0200] {processor.py:183} INFO - Processing /Users/pablofrancoherrero/prueba_tecnica/venv/lib/python3.11/site-packages/airflow/example_dags/example_setup_teardown_taskflow.py took 0.046 seconds
[2026-04-29T05:48:40.003+0200] {processor.py:161} INFO - Started process (PID=75426) to work on /Users/pablofrancoherrero/prueba_tecnica/venv/lib/python3.11/site-packages/airflow/example_dags/example_setup_teardown_taskflow.py
[2026-04-29T05:48:40.004+0200] {processor.py:830} INFO - Processing file /Users/pablofrancoherrero/prueba_tecnica/venv/lib/python3.11/site-packages/airflow/example_dags/example_setup_teardown_taskflow.py for tasks to queue
[2026-04-29T05:48:40.005+0200] {logging_mixin.py:188} INFO - [2026-04-29T05:48:40.005+0200] {dagbag.py:540} INFO - Filling up the DagBag from /Users/pablofrancoherrero/prueba_tecnica/venv/lib/python3.11/site-packages/airflow/example_dags/example_setup_teardown_taskflow.py
[2026-04-29T05:48:40.016+0200] {processor.py:840} INFO - DAG(s) 'example_setup_teardown_taskflow' retrieved from /Users/pablofrancoherrero/prueba_tecnica/venv/lib/python3.11/site-packages/airflow/example_dags/example_setup_teardown_taskflow.py
[2026-04-29T05:48:40.041+0200] {logging_mixin.py:188} INFO - [2026-04-29T05:48:40.041+0200] {dag.py:3096} INFO - Sync 1 DAGs
[2026-04-29T05:48:40.045+0200] {logging_mixin.py:188} INFO - [2026-04-29T05:48:40.045+0200] {dag.py:3954} INFO - Setting next_dagrun for example_setup_teardown_taskflow to 2026-04-28 00:00:00+00:00, run_after=2026-04-29 00:00:00+00:00
[2026-04-29T05:48:40.050+0200] {processor.py:183} INFO - Processing /Users/pablofrancoherrero/prueba_tecnica/venv/lib/python3.11/site-packages/airflow/example_dags/example_setup_teardown_taskflow.py took 0.047 seconds
[2026-04-29T05:50:00.497+0200] {processor.py:161} INFO - Started process (PID=75529) to work on /Users/pablofrancoherrero/prueba_tecnica/venv/lib/python3.11/site-packages/airflow/example_dags/example_setup_teardown_taskflow.py
[2026-04-29T05:50:00.498+0200] {processor.py:830} INFO - Processing file /Users/pablofrancoherrero/prueba_tecnica/venv/lib/python3.11/site-packages/airflow/example_dags/example_setup_teardown_taskflow.py for tasks to queue
[2026-04-29T05:50:00.498+0200] {logging_mixin.py:188} INFO - [2026-04-29T05:50:00.498+0200] {dagbag.py:540} INFO - Filling up the DagBag from /Users/pablofrancoherrero/prueba_tecnica/venv/lib/python3.11/site-packages/airflow/example_dags/example_setup_teardown_taskflow.py
[2026-04-29T05:50:00.509+0200] {processor.py:840} INFO - DAG(s) 'example_setup_teardown_taskflow' retrieved from /Users/pablofrancoherrero/prueba_tecnica/venv/lib/python3.11/site-packages/airflow/example_dags/example_setup_teardown_taskflow.py
[2026-04-29T05:50:00.534+0200] {logging_mixin.py:188} INFO - [2026-04-29T05:50:00.534+0200] {dag.py:3096} INFO - Sync 1 DAGs
[2026-04-29T05:50:00.538+0200] {logging_mixin.py:188} INFO - [2026-04-29T05:50:00.538+0200] {dag.py:3954} INFO - Setting next_dagrun for example_setup_teardown_taskflow to 2026-04-28 00:00:00+00:00, run_after=2026-04-29 00:00:00+00:00
[2026-04-29T05:50:00.543+0200] {processor.py:183} INFO - Processing /Users/pablofrancoherrero/prueba_tecnica/venv/lib/python3.11/site-packages/airflow/example_dags/example_setup_teardown_taskflow.py took 0.047 seconds
[2026-04-29T05:51:21.424+0200] {processor.py:161} INFO - Started process (PID=75634) to work on /Users/pablofrancoherrero/prueba_tecnica/venv/lib/python3.11/site-packages/airflow/example_dags/example_setup_teardown_taskflow.py
[2026-04-29T05:51:21.425+0200] {processor.py:830} INFO - Processing file /Users/pablofrancoherrero/prueba_tecnica/venv/lib/python3.11/site-packages/airflow/example_dags/example_setup_teardown_taskflow.py for tasks to queue
[2026-04-29T05:51:21.425+0200] {logging_mixin.py:188} INFO - [2026-04-29T05:51:21.425+0200] {dagbag.py:540} INFO - Filling up the DagBag from /Users/pablofrancoherrero/prueba_tecnica/venv/lib/python3.11/site-packages/airflow/example_dags/example_setup_teardown_taskflow.py
[2026-04-29T05:51:21.437+0200] {processor.py:840} INFO - DAG(s) 'example_setup_teardown_taskflow' retrieved from /Users/pablofrancoherrero/prueba_tecnica/venv/lib/python3.11/site-packages/airflow/example_dags/example_setup_teardown_taskflow.py
[2026-04-29T05:51:21.462+0200] {logging_mixin.py:188} INFO - [2026-04-29T05:51:21.462+0200] {dag.py:3096} INFO - Sync 1 DAGs
[2026-04-29T05:51:21.466+0200] {logging_mixin.py:188} INFO - [2026-04-29T05:51:21.466+0200] {dag.py:3954} INFO - Setting next_dagrun for example_setup_teardown_taskflow to 2026-04-28 00:00:00+00:00, run_after=2026-04-29 00:00:00+00:00
[2026-04-29T05:51:21.471+0200] {processor.py:183} INFO - Processing /Users/pablofrancoherrero/prueba_tecnica/venv/lib/python3.11/site-packages/airflow/example_dags/example_setup_teardown_taskflow.py took 0.048 seconds
[2026-04-29T05:52:43.106+0200] {processor.py:161} INFO - Started process (PID=75721) to work on /Users/pablofrancoherrero/prueba_tecnica/venv/lib/python3.11/site-packages/airflow/example_dags/example_setup_teardown_taskflow.py
[2026-04-29T05:52:43.106+0200] {processor.py:830} INFO - Processing file /Users/pablofrancoherrero/prueba_tecnica/venv/lib/python3.11/site-packages/airflow/example_dags/example_setup_teardown_taskflow.py for tasks to queue
[2026-04-29T05:52:43.106+0200] {logging_mixin.py:188} INFO - [2026-04-29T05:52:43.106+0200] {dagbag.py:540} INFO - Filling up the DagBag from /Users/pablofrancoherrero/prueba_tecnica/venv/lib/python3.11/site-packages/airflow/example_dags/example_setup_teardown_taskflow.py
[2026-04-29T05:52:43.118+0200] {processor.py:840} INFO - DAG(s) 'example_setup_teardown_taskflow' retrieved from /Users/pablofrancoherrero/prueba_tecnica/venv/lib/python3.11/site-packages/airflow/example_dags/example_setup_teardown_taskflow.py
[2026-04-29T05:52:43.142+0200] {logging_mixin.py:188} INFO - [2026-04-29T05:52:43.142+0200] {dag.py:3096} INFO - Sync 1 DAGs
[2026-04-29T05:52:43.147+0200] {logging_mixin.py:188} INFO - [2026-04-29T05:52:43.147+0200] {dag.py:3954} INFO - Setting next_dagrun for example_setup_teardown_taskflow to 2026-04-28 00:00:00+00:00, run_after=2026-04-29 00:00:00+00:00
[2026-04-29T05:52:43.151+0200] {processor.py:183} INFO - Processing /Users/pablofrancoherrero/prueba_tecnica/venv/lib/python3.11/site-packages/airflow/example_dags/example_setup_teardown_taskflow.py took 0.046 seconds
[2026-04-29T05:53:59.675+0200] {processor.py:161} INFO - Started process (PID=75806) to work on /Users/pablofrancoherrero/prueba_tecnica/venv/lib/python3.11/site-packages/airflow/example_dags/example_setup_teardown_taskflow.py
[2026-04-29T05:53:59.676+0200] {processor.py:830} INFO - Processing file /Users/pablofrancoherrero/prueba_tecnica/venv/lib/python3.11/site-packages/airflow/example_dags/example_setup_teardown_taskflow.py for tasks to queue
[2026-04-29T05:53:59.676+0200] {logging_mixin.py:188} INFO - [2026-04-29T05:53:59.676+0200] {dagbag.py:540} INFO - Filling up the DagBag from /Users/pablofrancoherrero/prueba_tecnica/venv/lib/python3.11/site-packages/airflow/example_dags/example_setup_teardown_taskflow.py
[2026-04-29T05:53:59.687+0200] {processor.py:840} INFO - DAG(s) 'example_setup_teardown_taskflow' retrieved from /Users/pablofrancoherrero/prueba_tecnica/venv/lib/python3.11/site-packages/airflow/example_dags/example_setup_teardown_taskflow.py
[2026-04-29T05:53:59.712+0200] {logging_mixin.py:188} INFO - [2026-04-29T05:53:59.712+0200] {dag.py:3096} INFO - Sync 1 DAGs
[2026-04-29T05:53:59.716+0200] {logging_mixin.py:188} INFO - [2026-04-29T05:53:59.716+0200] {dag.py:3954} INFO - Setting next_dagrun for example_setup_teardown_taskflow to 2026-04-28 00:00:00+00:00, run_after=2026-04-29 00:00:00+00:00
[2026-04-29T05:53:59.720+0200] {processor.py:183} INFO - Processing /Users/pablofrancoherrero/prueba_tecnica/venv/lib/python3.11/site-packages/airflow/example_dags/example_setup_teardown_taskflow.py took 0.047 seconds
[2026-04-29T05:55:18.997+0200] {processor.py:161} INFO - Started process (PID=75890) to work on /Users/pablofrancoherrero/prueba_tecnica/venv/lib/python3.11/site-packages/airflow/example_dags/example_setup_teardown_taskflow.py
[2026-04-29T05:55:18.998+0200] {processor.py:830} INFO - Processing file /Users/pablofrancoherrero/prueba_tecnica/venv/lib/python3.11/site-packages/airflow/example_dags/example_setup_teardown_taskflow.py for tasks to queue
[2026-04-29T05:55:18.998+0200] {logging_mixin.py:188} INFO - [2026-04-29T05:55:18.998+0200] {dagbag.py:540} INFO - Filling up the DagBag from /Users/pablofrancoherrero/prueba_tecnica/venv/lib/python3.11/site-packages/airflow/example_dags/example_setup_teardown_taskflow.py
[2026-04-29T05:55:19.009+0200] {processor.py:840} INFO - DAG(s) 'example_setup_teardown_taskflow' retrieved from /Users/pablofrancoherrero/prueba_tecnica/venv/lib/python3.11/site-packages/airflow/example_dags/example_setup_teardown_taskflow.py
[2026-04-29T05:55:19.034+0200] {logging_mixin.py:188} INFO - [2026-04-29T05:55:19.034+0200] {dag.py:3096} INFO - Sync 1 DAGs
[2026-04-29T05:55:19.039+0200] {logging_mixin.py:188} INFO - [2026-04-29T05:55:19.038+0200] {dag.py:3954} INFO - Setting next_dagrun for example_setup_teardown_taskflow to 2026-04-28 00:00:00+00:00, run_after=2026-04-29 00:00:00+00:00
[2026-04-29T05:55:19.043+0200] {processor.py:183} INFO - Processing /Users/pablofrancoherrero/prueba_tecnica/venv/lib/python3.11/site-packages/airflow/example_dags/example_setup_teardown_taskflow.py took 0.047 seconds
[2026-04-29T05:56:39.668+0200] {processor.py:161} INFO - Started process (PID=75996) to work on /Users/pablofrancoherrero/prueba_tecnica/venv/lib/python3.11/site-packages/airflow/example_dags/example_setup_teardown_taskflow.py
[2026-04-29T05:56:39.669+0200] {processor.py:830} INFO - Processing file /Users/pablofrancoherrero/prueba_tecnica/venv/lib/python3.11/site-packages/airflow/example_dags/example_setup_teardown_taskflow.py for tasks to queue
[2026-04-29T05:56:39.670+0200] {logging_mixin.py:188} INFO - [2026-04-29T05:56:39.670+0200] {dagbag.py:540} INFO - Filling up the DagBag from /Users/pablofrancoherrero/prueba_tecnica/venv/lib/python3.11/site-packages/airflow/example_dags/example_setup_teardown_taskflow.py
[2026-04-29T05:56:39.681+0200] {processor.py:840} INFO - DAG(s) 'example_setup_teardown_taskflow' retrieved from /Users/pablofrancoherrero/prueba_tecnica/venv/lib/python3.11/site-packages/airflow/example_dags/example_setup_teardown_taskflow.py
[2026-04-29T05:56:39.706+0200] {logging_mixin.py:188} INFO - [2026-04-29T05:56:39.706+0200] {dag.py:3096} INFO - Sync 1 DAGs
[2026-04-29T05:56:39.710+0200] {logging_mixin.py:188} INFO - [2026-04-29T05:56:39.710+0200] {dag.py:3954} INFO - Setting next_dagrun for example_setup_teardown_taskflow to 2026-04-28 00:00:00+00:00, run_after=2026-04-29 00:00:00+00:00
[2026-04-29T05:56:39.714+0200] {processor.py:183} INFO - Processing /Users/pablofrancoherrero/prueba_tecnica/venv/lib/python3.11/site-packages/airflow/example_dags/example_setup_teardown_taskflow.py took 0.047 seconds
[2026-04-29T05:58:01.399+0200] {processor.py:161} INFO - Started process (PID=76084) to work on /Users/pablofrancoherrero/prueba_tecnica/venv/lib/python3.11/site-packages/airflow/example_dags/example_setup_teardown_taskflow.py
[2026-04-29T05:58:01.400+0200] {processor.py:830} INFO - Processing file /Users/pablofrancoherrero/prueba_tecnica/venv/lib/python3.11/site-packages/airflow/example_dags/example_setup_teardown_taskflow.py for tasks to queue
[2026-04-29T05:58:01.400+0200] {logging_mixin.py:188} INFO - [2026-04-29T05:58:01.400+0200] {dagbag.py:540} INFO - Filling up the DagBag from /Users/pablofrancoherrero/prueba_tecnica/venv/lib/python3.11/site-packages/airflow/example_dags/example_setup_teardown_taskflow.py
[2026-04-29T05:58:01.412+0200] {processor.py:840} INFO - DAG(s) 'example_setup_teardown_taskflow' retrieved from /Users/pablofrancoherrero/prueba_tecnica/venv/lib/python3.11/site-packages/airflow/example_dags/example_setup_teardown_taskflow.py
[2026-04-29T05:58:01.437+0200] {logging_mixin.py:188} INFO - [2026-04-29T05:58:01.437+0200] {dag.py:3096} INFO - Sync 1 DAGs
[2026-04-29T05:58:01.442+0200] {logging_mixin.py:188} INFO - [2026-04-29T05:58:01.442+0200] {dag.py:3954} INFO - Setting next_dagrun for example_setup_teardown_taskflow to 2026-04-28 00:00:00+00:00, run_after=2026-04-29 00:00:00+00:00
[2026-04-29T05:58:01.446+0200] {processor.py:183} INFO - Processing /Users/pablofrancoherrero/prueba_tecnica/venv/lib/python3.11/site-packages/airflow/example_dags/example_setup_teardown_taskflow.py took 0.048 seconds
[2026-04-29T05:59:21.366+0200] {processor.py:161} INFO - Started process (PID=76167) to work on /Users/pablofrancoherrero/prueba_tecnica/venv/lib/python3.11/site-packages/airflow/example_dags/example_setup_teardown_taskflow.py
[2026-04-29T05:59:21.368+0200] {processor.py:830} INFO - Processing file /Users/pablofrancoherrero/prueba_tecnica/venv/lib/python3.11/site-packages/airflow/example_dags/example_setup_teardown_taskflow.py for tasks to queue
[2026-04-29T05:59:21.368+0200] {logging_mixin.py:188} INFO - [2026-04-29T05:59:21.368+0200] {dagbag.py:540} INFO - Filling up the DagBag from /Users/pablofrancoherrero/prueba_tecnica/venv/lib/python3.11/site-packages/airflow/example_dags/example_setup_teardown_taskflow.py
[2026-04-29T05:59:21.380+0200] {processor.py:840} INFO - DAG(s) 'example_setup_teardown_taskflow' retrieved from /Users/pablofrancoherrero/prueba_tecnica/venv/lib/python3.11/site-packages/airflow/example_dags/example_setup_teardown_taskflow.py
[2026-04-29T05:59:21.405+0200] {logging_mixin.py:188} INFO - [2026-04-29T05:59:21.405+0200] {dag.py:3096} INFO - Sync 1 DAGs
[2026-04-29T05:59:21.410+0200] {logging_mixin.py:188} INFO - [2026-04-29T05:59:21.409+0200] {dag.py:3954} INFO - Setting next_dagrun for example_setup_teardown_taskflow to 2026-04-28 00:00:00+00:00, run_after=2026-04-29 00:00:00+00:00
[2026-04-29T05:59:21.414+0200] {processor.py:183} INFO - Processing /Users/pablofrancoherrero/prueba_tecnica/venv/lib/python3.11/site-packages/airflow/example_dags/example_setup_teardown_taskflow.py took 0.048 seconds
[2026-04-29T06:00:43.332+0200] {processor.py:161} INFO - Started process (PID=76277) to work on /Users/pablofrancoherrero/prueba_tecnica/venv/lib/python3.11/site-packages/airflow/example_dags/example_setup_teardown_taskflow.py
[2026-04-29T06:00:43.333+0200] {processor.py:830} INFO - Processing file /Users/pablofrancoherrero/prueba_tecnica/venv/lib/python3.11/site-packages/airflow/example_dags/example_setup_teardown_taskflow.py for tasks to queue
[2026-04-29T06:00:43.334+0200] {logging_mixin.py:188} INFO - [2026-04-29T06:00:43.334+0200] {dagbag.py:540} INFO - Filling up the DagBag from /Users/pablofrancoherrero/prueba_tecnica/venv/lib/python3.11/site-packages/airflow/example_dags/example_setup_teardown_taskflow.py
[2026-04-29T06:00:43.345+0200] {processor.py:840} INFO - DAG(s) 'example_setup_teardown_taskflow' retrieved from /Users/pablofrancoherrero/prueba_tecnica/venv/lib/python3.11/site-packages/airflow/example_dags/example_setup_teardown_taskflow.py
[2026-04-29T06:00:43.370+0200] {logging_mixin.py:188} INFO - [2026-04-29T06:00:43.370+0200] {dag.py:3096} INFO - Sync 1 DAGs
[2026-04-29T06:00:43.374+0200] {logging_mixin.py:188} INFO - [2026-04-29T06:00:43.374+0200] {dag.py:3954} INFO - Setting next_dagrun for example_setup_teardown_taskflow to 2026-04-28 00:00:00+00:00, run_after=2026-04-29 00:00:00+00:00
[2026-04-29T06:00:43.379+0200] {processor.py:183} INFO - Processing /Users/pablofrancoherrero/prueba_tecnica/venv/lib/python3.11/site-packages/airflow/example_dags/example_setup_teardown_taskflow.py took 0.047 seconds
[2026-04-29T06:02:03.187+0200] {processor.py:161} INFO - Started process (PID=76372) to work on /Users/pablofrancoherrero/prueba_tecnica/venv/lib/python3.11/site-packages/airflow/example_dags/example_setup_teardown_taskflow.py
[2026-04-29T06:02:03.188+0200] {processor.py:830} INFO - Processing file /Users/pablofrancoherrero/prueba_tecnica/venv/lib/python3.11/site-packages/airflow/example_dags/example_setup_teardown_taskflow.py for tasks to queue
[2026-04-29T06:02:03.188+0200] {logging_mixin.py:188} INFO - [2026-04-29T06:02:03.188+0200] {dagbag.py:540} INFO - Filling up the DagBag from /Users/pablofrancoherrero/prueba_tecnica/venv/lib/python3.11/site-packages/airflow/example_dags/example_setup_teardown_taskflow.py
[2026-04-29T06:02:03.199+0200] {processor.py:840} INFO - DAG(s) 'example_setup_teardown_taskflow' retrieved from /Users/pablofrancoherrero/prueba_tecnica/venv/lib/python3.11/site-packages/airflow/example_dags/example_setup_teardown_taskflow.py
[2026-04-29T06:02:03.224+0200] {logging_mixin.py:188} INFO - [2026-04-29T06:02:03.224+0200] {dag.py:3096} INFO - Sync 1 DAGs
[2026-04-29T06:02:03.228+0200] {logging_mixin.py:188} INFO - [2026-04-29T06:02:03.228+0200] {dag.py:3954} INFO - Setting next_dagrun for example_setup_teardown_taskflow to 2026-04-28 00:00:00+00:00, run_after=2026-04-29 00:00:00+00:00
[2026-04-29T06:02:03.233+0200] {processor.py:183} INFO - Processing /Users/pablofrancoherrero/prueba_tecnica/venv/lib/python3.11/site-packages/airflow/example_dags/example_setup_teardown_taskflow.py took 0.046 seconds
[2026-04-29T06:03:26.643+0200] {processor.py:161} INFO - Started process (PID=76464) to work on /Users/pablofrancoherrero/prueba_tecnica/venv/lib/python3.11/site-packages/airflow/example_dags/example_setup_teardown_taskflow.py
[2026-04-29T06:03:26.644+0200] {processor.py:830} INFO - Processing file /Users/pablofrancoherrero/prueba_tecnica/venv/lib/python3.11/site-packages/airflow/example_dags/example_setup_teardown_taskflow.py for tasks to queue
[2026-04-29T06:03:26.644+0200] {logging_mixin.py:188} INFO - [2026-04-29T06:03:26.644+0200] {dagbag.py:540} INFO - Filling up the DagBag from /Users/pablofrancoherrero/prueba_tecnica/venv/lib/python3.11/site-packages/airflow/example_dags/example_setup_teardown_taskflow.py
[2026-04-29T06:03:26.656+0200] {processor.py:840} INFO - DAG(s) 'example_setup_teardown_taskflow' retrieved from /Users/pablofrancoherrero/prueba_tecnica/venv/lib/python3.11/site-packages/airflow/example_dags/example_setup_teardown_taskflow.py
[2026-04-29T06:03:26.684+0200] {logging_mixin.py:188} INFO - [2026-04-29T06:03:26.683+0200] {dag.py:3096} INFO - Sync 1 DAGs
[2026-04-29T06:03:26.688+0200] {logging_mixin.py:188} INFO - [2026-04-29T06:03:26.688+0200] {dag.py:3954} INFO - Setting next_dagrun for example_setup_teardown_taskflow to 2026-04-28 00:00:00+00:00, run_after=2026-04-29 00:00:00+00:00
[2026-04-29T06:03:26.693+0200] {processor.py:183} INFO - Processing /Users/pablofrancoherrero/prueba_tecnica/venv/lib/python3.11/site-packages/airflow/example_dags/example_setup_teardown_taskflow.py took 0.050 seconds
[2026-04-29T06:04:47.878+0200] {processor.py:161} INFO - Started process (PID=76547) to work on /Users/pablofrancoherrero/prueba_tecnica/venv/lib/python3.11/site-packages/airflow/example_dags/example_setup_teardown_taskflow.py
[2026-04-29T06:04:47.879+0200] {processor.py:830} INFO - Processing file /Users/pablofrancoherrero/prueba_tecnica/venv/lib/python3.11/site-packages/airflow/example_dags/example_setup_teardown_taskflow.py for tasks to queue
[2026-04-29T06:04:47.880+0200] {logging_mixin.py:188} INFO - [2026-04-29T06:04:47.880+0200] {dagbag.py:540} INFO - Filling up the DagBag from /Users/pablofrancoherrero/prueba_tecnica/venv/lib/python3.11/site-packages/airflow/example_dags/example_setup_teardown_taskflow.py
[2026-04-29T06:04:47.891+0200] {processor.py:840} INFO - DAG(s) 'example_setup_teardown_taskflow' retrieved from /Users/pablofrancoherrero/prueba_tecnica/venv/lib/python3.11/site-packages/airflow/example_dags/example_setup_teardown_taskflow.py
[2026-04-29T06:04:47.916+0200] {logging_mixin.py:188} INFO - [2026-04-29T06:04:47.916+0200] {dag.py:3096} INFO - Sync 1 DAGs
[2026-04-29T06:04:47.920+0200] {logging_mixin.py:188} INFO - [2026-04-29T06:04:47.920+0200] {dag.py:3954} INFO - Setting next_dagrun for example_setup_teardown_taskflow to 2026-04-28 00:00:00+00:00, run_after=2026-04-29 00:00:00+00:00
[2026-04-29T06:04:47.924+0200] {processor.py:183} INFO - Processing /Users/pablofrancoherrero/prueba_tecnica/venv/lib/python3.11/site-packages/airflow/example_dags/example_setup_teardown_taskflow.py took 0.047 seconds
[2026-04-29T06:06:06.590+0200] {processor.py:161} INFO - Started process (PID=76640) to work on /Users/pablofrancoherrero/prueba_tecnica/venv/lib/python3.11/site-packages/airflow/example_dags/example_setup_teardown_taskflow.py
[2026-04-29T06:06:06.591+0200] {processor.py:830} INFO - Processing file /Users/pablofrancoherrero/prueba_tecnica/venv/lib/python3.11/site-packages/airflow/example_dags/example_setup_teardown_taskflow.py for tasks to queue
[2026-04-29T06:06:06.591+0200] {logging_mixin.py:188} INFO - [2026-04-29T06:06:06.591+0200] {dagbag.py:540} INFO - Filling up the DagBag from /Users/pablofrancoherrero/prueba_tecnica/venv/lib/python3.11/site-packages/airflow/example_dags/example_setup_teardown_taskflow.py
[2026-04-29T06:06:06.603+0200] {processor.py:840} INFO - DAG(s) 'example_setup_teardown_taskflow' retrieved from /Users/pablofrancoherrero/prueba_tecnica/venv/lib/python3.11/site-packages/airflow/example_dags/example_setup_teardown_taskflow.py
[2026-04-29T06:06:06.629+0200] {logging_mixin.py:188} INFO - [2026-04-29T06:06:06.629+0200] {dag.py:3096} INFO - Sync 1 DAGs
[2026-04-29T06:06:06.633+0200] {logging_mixin.py:188} INFO - [2026-04-29T06:06:06.633+0200] {dag.py:3954} INFO - Setting next_dagrun for example_setup_teardown_taskflow to 2026-04-28 00:00:00+00:00, run_after=2026-04-29 00:00:00+00:00
[2026-04-29T06:06:06.637+0200] {processor.py:183} INFO - Processing /Users/pablofrancoherrero/prueba_tecnica/venv/lib/python3.11/site-packages/airflow/example_dags/example_setup_teardown_taskflow.py took 0.048 seconds
[2026-04-29T06:07:27.169+0200] {processor.py:161} INFO - Started process (PID=76735) to work on /Users/pablofrancoherrero/prueba_tecnica/venv/lib/python3.11/site-packages/airflow/example_dags/example_setup_teardown_taskflow.py
[2026-04-29T06:07:27.170+0200] {processor.py:830} INFO - Processing file /Users/pablofrancoherrero/prueba_tecnica/venv/lib/python3.11/site-packages/airflow/example_dags/example_setup_teardown_taskflow.py for tasks to queue
[2026-04-29T06:07:27.170+0200] {logging_mixin.py:188} INFO - [2026-04-29T06:07:27.170+0200] {dagbag.py:540} INFO - Filling up the DagBag from /Users/pablofrancoherrero/prueba_tecnica/venv/lib/python3.11/site-packages/airflow/example_dags/example_setup_teardown_taskflow.py
[2026-04-29T06:07:27.182+0200] {processor.py:840} INFO - DAG(s) 'example_setup_teardown_taskflow' retrieved from /Users/pablofrancoherrero/prueba_tecnica/venv/lib/python3.11/site-packages/airflow/example_dags/example_setup_teardown_taskflow.py
[2026-04-29T06:07:27.207+0200] {logging_mixin.py:188} INFO - [2026-04-29T06:07:27.207+0200] {dag.py:3096} INFO - Sync 1 DAGs
[2026-04-29T06:07:27.212+0200] {logging_mixin.py:188} INFO - [2026-04-29T06:07:27.212+0200] {dag.py:3954} INFO - Setting next_dagrun for example_setup_teardown_taskflow to 2026-04-28 00:00:00+00:00, run_after=2026-04-29 00:00:00+00:00
[2026-04-29T06:07:27.216+0200] {processor.py:183} INFO - Processing /Users/pablofrancoherrero/prueba_tecnica/venv/lib/python3.11/site-packages/airflow/example_dags/example_setup_teardown_taskflow.py took 0.048 seconds
[2026-04-29T06:08:46.200+0200] {processor.py:161} INFO - Started process (PID=76820) to work on /Users/pablofrancoherrero/prueba_tecnica/venv/lib/python3.11/site-packages/airflow/example_dags/example_setup_teardown_taskflow.py
[2026-04-29T06:08:46.201+0200] {processor.py:830} INFO - Processing file /Users/pablofrancoherrero/prueba_tecnica/venv/lib/python3.11/site-packages/airflow/example_dags/example_setup_teardown_taskflow.py for tasks to queue
[2026-04-29T06:08:46.201+0200] {logging_mixin.py:188} INFO - [2026-04-29T06:08:46.201+0200] {dagbag.py:540} INFO - Filling up the DagBag from /Users/pablofrancoherrero/prueba_tecnica/venv/lib/python3.11/site-packages/airflow/example_dags/example_setup_teardown_taskflow.py
[2026-04-29T06:08:46.213+0200] {processor.py:840} INFO - DAG(s) 'example_setup_teardown_taskflow' retrieved from /Users/pablofrancoherrero/prueba_tecnica/venv/lib/python3.11/site-packages/airflow/example_dags/example_setup_teardown_taskflow.py
[2026-04-29T06:08:46.237+0200] {logging_mixin.py:188} INFO - [2026-04-29T06:08:46.237+0200] {dag.py:3096} INFO - Sync 1 DAGs
[2026-04-29T06:08:46.242+0200] {logging_mixin.py:188} INFO - [2026-04-29T06:08:46.242+0200] {dag.py:3954} INFO - Setting next_dagrun for example_setup_teardown_taskflow to 2026-04-28 00:00:00+00:00, run_after=2026-04-29 00:00:00+00:00
[2026-04-29T06:08:46.246+0200] {processor.py:183} INFO - Processing /Users/pablofrancoherrero/prueba_tecnica/venv/lib/python3.11/site-packages/airflow/example_dags/example_setup_teardown_taskflow.py took 0.047 seconds
[2026-04-29T06:10:04.349+0200] {processor.py:161} INFO - Started process (PID=76901) to work on /Users/pablofrancoherrero/prueba_tecnica/venv/lib/python3.11/site-packages/airflow/example_dags/example_setup_teardown_taskflow.py
[2026-04-29T06:10:04.350+0200] {processor.py:830} INFO - Processing file /Users/pablofrancoherrero/prueba_tecnica/venv/lib/python3.11/site-packages/airflow/example_dags/example_setup_teardown_taskflow.py for tasks to queue
[2026-04-29T06:10:04.350+0200] {logging_mixin.py:188} INFO - [2026-04-29T06:10:04.350+0200] {dagbag.py:540} INFO - Filling up the DagBag from /Users/pablofrancoherrero/prueba_tecnica/venv/lib/python3.11/site-packages/airflow/example_dags/example_setup_teardown_taskflow.py
[2026-04-29T06:10:04.362+0200] {processor.py:840} INFO - DAG(s) 'example_setup_teardown_taskflow' retrieved from /Users/pablofrancoherrero/prueba_tecnica/venv/lib/python3.11/site-packages/airflow/example_dags/example_setup_teardown_taskflow.py
[2026-04-29T06:10:04.388+0200] {logging_mixin.py:188} INFO - [2026-04-29T06:10:04.388+0200] {dag.py:3096} INFO - Sync 1 DAGs
[2026-04-29T06:10:04.392+0200] {logging_mixin.py:188} INFO - [2026-04-29T06:10:04.392+0200] {dag.py:3954} INFO - Setting next_dagrun for example_setup_teardown_taskflow to 2026-04-28 00:00:00+00:00, run_after=2026-04-29 00:00:00+00:00
[2026-04-29T06:10:04.397+0200] {processor.py:183} INFO - Processing /Users/pablofrancoherrero/prueba_tecnica/venv/lib/python3.11/site-packages/airflow/example_dags/example_setup_teardown_taskflow.py took 0.049 seconds
[2026-04-29T06:11:25.477+0200] {processor.py:161} INFO - Started process (PID=76987) to work on /Users/pablofrancoherrero/prueba_tecnica/venv/lib/python3.11/site-packages/airflow/example_dags/example_setup_teardown_taskflow.py
[2026-04-29T06:11:25.478+0200] {processor.py:830} INFO - Processing file /Users/pablofrancoherrero/prueba_tecnica/venv/lib/python3.11/site-packages/airflow/example_dags/example_setup_teardown_taskflow.py for tasks to queue
[2026-04-29T06:11:25.478+0200] {logging_mixin.py:188} INFO - [2026-04-29T06:11:25.478+0200] {dagbag.py:540} INFO - Filling up the DagBag from /Users/pablofrancoherrero/prueba_tecnica/venv/lib/python3.11/site-packages/airflow/example_dags/example_setup_teardown_taskflow.py
[2026-04-29T06:11:25.489+0200] {processor.py:840} INFO - DAG(s) 'example_setup_teardown_taskflow' retrieved from /Users/pablofrancoherrero/prueba_tecnica/venv/lib/python3.11/site-packages/airflow/example_dags/example_setup_teardown_taskflow.py
[2026-04-29T06:11:25.515+0200] {logging_mixin.py:188} INFO - [2026-04-29T06:11:25.515+0200] {dag.py:3096} INFO - Sync 1 DAGs
[2026-04-29T06:11:25.519+0200] {logging_mixin.py:188} INFO - [2026-04-29T06:11:25.519+0200] {dag.py:3954} INFO - Setting next_dagrun for example_setup_teardown_taskflow to 2026-04-28 00:00:00+00:00, run_after=2026-04-29 00:00:00+00:00
[2026-04-29T06:11:25.524+0200] {processor.py:183} INFO - Processing /Users/pablofrancoherrero/prueba_tecnica/venv/lib/python3.11/site-packages/airflow/example_dags/example_setup_teardown_taskflow.py took 0.048 seconds
[2026-04-29T06:12:45.866+0200] {processor.py:161} INFO - Started process (PID=77083) to work on /Users/pablofrancoherrero/prueba_tecnica/venv/lib/python3.11/site-packages/airflow/example_dags/example_setup_teardown_taskflow.py
[2026-04-29T06:12:45.867+0200] {processor.py:830} INFO - Processing file /Users/pablofrancoherrero/prueba_tecnica/venv/lib/python3.11/site-packages/airflow/example_dags/example_setup_teardown_taskflow.py for tasks to queue
[2026-04-29T06:12:45.867+0200] {logging_mixin.py:188} INFO - [2026-04-29T06:12:45.867+0200] {dagbag.py:540} INFO - Filling up the DagBag from /Users/pablofrancoherrero/prueba_tecnica/venv/lib/python3.11/site-packages/airflow/example_dags/example_setup_teardown_taskflow.py
[2026-04-29T06:12:45.879+0200] {processor.py:840} INFO - DAG(s) 'example_setup_teardown_taskflow' retrieved from /Users/pablofrancoherrero/prueba_tecnica/venv/lib/python3.11/site-packages/airflow/example_dags/example_setup_teardown_taskflow.py
[2026-04-29T06:12:45.905+0200] {logging_mixin.py:188} INFO - [2026-04-29T06:12:45.905+0200] {dag.py:3096} INFO - Sync 1 DAGs
[2026-04-29T06:12:45.909+0200] {logging_mixin.py:188} INFO - [2026-04-29T06:12:45.909+0200] {dag.py:3954} INFO - Setting next_dagrun for example_setup_teardown_taskflow to 2026-04-28 00:00:00+00:00, run_after=2026-04-29 00:00:00+00:00
[2026-04-29T06:12:45.914+0200] {processor.py:183} INFO - Processing /Users/pablofrancoherrero/prueba_tecnica/venv/lib/python3.11/site-packages/airflow/example_dags/example_setup_teardown_taskflow.py took 0.049 seconds
[2026-04-29T06:14:02.797+0200] {processor.py:161} INFO - Started process (PID=77164) to work on /Users/pablofrancoherrero/prueba_tecnica/venv/lib/python3.11/site-packages/airflow/example_dags/example_setup_teardown_taskflow.py
[2026-04-29T06:14:02.798+0200] {processor.py:830} INFO - Processing file /Users/pablofrancoherrero/prueba_tecnica/venv/lib/python3.11/site-packages/airflow/example_dags/example_setup_teardown_taskflow.py for tasks to queue
[2026-04-29T06:14:02.799+0200] {logging_mixin.py:188} INFO - [2026-04-29T06:14:02.799+0200] {dagbag.py:540} INFO - Filling up the DagBag from /Users/pablofrancoherrero/prueba_tecnica/venv/lib/python3.11/site-packages/airflow/example_dags/example_setup_teardown_taskflow.py
[2026-04-29T06:14:02.810+0200] {processor.py:840} INFO - DAG(s) 'example_setup_teardown_taskflow' retrieved from /Users/pablofrancoherrero/prueba_tecnica/venv/lib/python3.11/site-packages/airflow/example_dags/example_setup_teardown_taskflow.py
[2026-04-29T06:14:02.835+0200] {logging_mixin.py:188} INFO - [2026-04-29T06:14:02.835+0200] {dag.py:3096} INFO - Sync 1 DAGs
[2026-04-29T06:14:02.839+0200] {logging_mixin.py:188} INFO - [2026-04-29T06:14:02.839+0200] {dag.py:3954} INFO - Setting next_dagrun for example_setup_teardown_taskflow to 2026-04-28 00:00:00+00:00, run_after=2026-04-29 00:00:00+00:00
[2026-04-29T06:14:02.844+0200] {processor.py:183} INFO - Processing /Users/pablofrancoherrero/prueba_tecnica/venv/lib/python3.11/site-packages/airflow/example_dags/example_setup_teardown_taskflow.py took 0.047 seconds
[2026-04-29T06:15:25.024+0200] {processor.py:161} INFO - Started process (PID=77278) to work on /Users/pablofrancoherrero/prueba_tecnica/venv/lib/python3.11/site-packages/airflow/example_dags/example_setup_teardown_taskflow.py
[2026-04-29T06:15:25.025+0200] {processor.py:830} INFO - Processing file /Users/pablofrancoherrero/prueba_tecnica/venv/lib/python3.11/site-packages/airflow/example_dags/example_setup_teardown_taskflow.py for tasks to queue
[2026-04-29T06:15:25.025+0200] {logging_mixin.py:188} INFO - [2026-04-29T06:15:25.025+0200] {dagbag.py:540} INFO - Filling up the DagBag from /Users/pablofrancoherrero/prueba_tecnica/venv/lib/python3.11/site-packages/airflow/example_dags/example_setup_teardown_taskflow.py
[2026-04-29T06:15:25.037+0200] {processor.py:840} INFO - DAG(s) 'example_setup_teardown_taskflow' retrieved from /Users/pablofrancoherrero/prueba_tecnica/venv/lib/python3.11/site-packages/airflow/example_dags/example_setup_teardown_taskflow.py
[2026-04-29T06:15:25.062+0200] {logging_mixin.py:188} INFO - [2026-04-29T06:15:25.062+0200] {dag.py:3096} INFO - Sync 1 DAGs
[2026-04-29T06:15:25.066+0200] {logging_mixin.py:188} INFO - [2026-04-29T06:15:25.066+0200] {dag.py:3954} INFO - Setting next_dagrun for example_setup_teardown_taskflow to 2026-04-28 00:00:00+00:00, run_after=2026-04-29 00:00:00+00:00
[2026-04-29T06:15:25.070+0200] {processor.py:183} INFO - Processing /Users/pablofrancoherrero/prueba_tecnica/venv/lib/python3.11/site-packages/airflow/example_dags/example_setup_teardown_taskflow.py took 0.047 seconds
[2026-04-29T06:16:45.733+0200] {processor.py:161} INFO - Started process (PID=77382) to work on /Users/pablofrancoherrero/prueba_tecnica/venv/lib/python3.11/site-packages/airflow/example_dags/example_setup_teardown_taskflow.py
[2026-04-29T06:16:45.734+0200] {processor.py:830} INFO - Processing file /Users/pablofrancoherrero/prueba_tecnica/venv/lib/python3.11/site-packages/airflow/example_dags/example_setup_teardown_taskflow.py for tasks to queue
[2026-04-29T06:16:45.734+0200] {logging_mixin.py:188} INFO - [2026-04-29T06:16:45.734+0200] {dagbag.py:540} INFO - Filling up the DagBag from /Users/pablofrancoherrero/prueba_tecnica/venv/lib/python3.11/site-packages/airflow/example_dags/example_setup_teardown_taskflow.py
[2026-04-29T06:16:45.746+0200] {processor.py:840} INFO - DAG(s) 'example_setup_teardown_taskflow' retrieved from /Users/pablofrancoherrero/prueba_tecnica/venv/lib/python3.11/site-packages/airflow/example_dags/example_setup_teardown_taskflow.py
[2026-04-29T06:16:45.772+0200] {logging_mixin.py:188} INFO - [2026-04-29T06:16:45.772+0200] {dag.py:3096} INFO - Sync 1 DAGs
[2026-04-29T06:16:45.777+0200] {logging_mixin.py:188} INFO - [2026-04-29T06:16:45.777+0200] {dag.py:3954} INFO - Setting next_dagrun for example_setup_teardown_taskflow to 2026-04-28 00:00:00+00:00, run_after=2026-04-29 00:00:00+00:00
[2026-04-29T06:16:45.781+0200] {processor.py:183} INFO - Processing /Users/pablofrancoherrero/prueba_tecnica/venv/lib/python3.11/site-packages/airflow/example_dags/example_setup_teardown_taskflow.py took 0.049 seconds
[2026-04-29T06:18:05.769+0200] {processor.py:161} INFO - Started process (PID=77500) to work on /Users/pablofrancoherrero/prueba_tecnica/venv/lib/python3.11/site-packages/airflow/example_dags/example_setup_teardown_taskflow.py
[2026-04-29T06:18:05.770+0200] {processor.py:830} INFO - Processing file /Users/pablofrancoherrero/prueba_tecnica/venv/lib/python3.11/site-packages/airflow/example_dags/example_setup_teardown_taskflow.py for tasks to queue
[2026-04-29T06:18:05.770+0200] {logging_mixin.py:188} INFO - [2026-04-29T06:18:05.770+0200] {dagbag.py:540} INFO - Filling up the DagBag from /Users/pablofrancoherrero/prueba_tecnica/venv/lib/python3.11/site-packages/airflow/example_dags/example_setup_teardown_taskflow.py
[2026-04-29T06:18:05.782+0200] {processor.py:840} INFO - DAG(s) 'example_setup_teardown_taskflow' retrieved from /Users/pablofrancoherrero/prueba_tecnica/venv/lib/python3.11/site-packages/airflow/example_dags/example_setup_teardown_taskflow.py
[2026-04-29T06:18:05.808+0200] {logging_mixin.py:188} INFO - [2026-04-29T06:18:05.807+0200] {dag.py:3096} INFO - Sync 1 DAGs
[2026-04-29T06:18:05.812+0200] {logging_mixin.py:188} INFO - [2026-04-29T06:18:05.812+0200] {dag.py:3954} INFO - Setting next_dagrun for example_setup_teardown_taskflow to 2026-04-28 00:00:00+00:00, run_after=2026-04-29 00:00:00+00:00
[2026-04-29T06:18:05.817+0200] {processor.py:183} INFO - Processing /Users/pablofrancoherrero/prueba_tecnica/venv/lib/python3.11/site-packages/airflow/example_dags/example_setup_teardown_taskflow.py took 0.048 seconds
[2026-04-29T06:19:23.086+0200] {processor.py:161} INFO - Started process (PID=77588) to work on /Users/pablofrancoherrero/prueba_tecnica/venv/lib/python3.11/site-packages/airflow/example_dags/example_setup_teardown_taskflow.py
[2026-04-29T06:19:23.087+0200] {processor.py:830} INFO - Processing file /Users/pablofrancoherrero/prueba_tecnica/venv/lib/python3.11/site-packages/airflow/example_dags/example_setup_teardown_taskflow.py for tasks to queue
[2026-04-29T06:19:23.087+0200] {logging_mixin.py:188} INFO - [2026-04-29T06:19:23.087+0200] {dagbag.py:540} INFO - Filling up the DagBag from /Users/pablofrancoherrero/prueba_tecnica/venv/lib/python3.11/site-packages/airflow/example_dags/example_setup_teardown_taskflow.py
[2026-04-29T06:19:23.099+0200] {processor.py:840} INFO - DAG(s) 'example_setup_teardown_taskflow' retrieved from /Users/pablofrancoherrero/prueba_tecnica/venv/lib/python3.11/site-packages/airflow/example_dags/example_setup_teardown_taskflow.py
[2026-04-29T06:19:23.125+0200] {logging_mixin.py:188} INFO - [2026-04-29T06:19:23.125+0200] {dag.py:3096} INFO - Sync 1 DAGs
[2026-04-29T06:19:23.129+0200] {logging_mixin.py:188} INFO - [2026-04-29T06:19:23.129+0200] {dag.py:3954} INFO - Setting next_dagrun for example_setup_teardown_taskflow to 2026-04-28 00:00:00+00:00, run_after=2026-04-29 00:00:00+00:00
[2026-04-29T06:19:23.134+0200] {processor.py:183} INFO - Processing /Users/pablofrancoherrero/prueba_tecnica/venv/lib/python3.11/site-packages/airflow/example_dags/example_setup_teardown_taskflow.py took 0.048 seconds
[2026-04-29T06:20:44.819+0200] {processor.py:161} INFO - Started process (PID=77676) to work on /Users/pablofrancoherrero/prueba_tecnica/venv/lib/python3.11/site-packages/airflow/example_dags/example_setup_teardown_taskflow.py
[2026-04-29T06:20:44.820+0200] {processor.py:830} INFO - Processing file /Users/pablofrancoherrero/prueba_tecnica/venv/lib/python3.11/site-packages/airflow/example_dags/example_setup_teardown_taskflow.py for tasks to queue
[2026-04-29T06:20:44.820+0200] {logging_mixin.py:188} INFO - [2026-04-29T06:20:44.820+0200] {dagbag.py:540} INFO - Filling up the DagBag from /Users/pablofrancoherrero/prueba_tecnica/venv/lib/python3.11/site-packages/airflow/example_dags/example_setup_teardown_taskflow.py
[2026-04-29T06:20:44.832+0200] {processor.py:840} INFO - DAG(s) 'example_setup_teardown_taskflow' retrieved from /Users/pablofrancoherrero/prueba_tecnica/venv/lib/python3.11/site-packages/airflow/example_dags/example_setup_teardown_taskflow.py
[2026-04-29T06:20:44.858+0200] {logging_mixin.py:188} INFO - [2026-04-29T06:20:44.858+0200] {dag.py:3096} INFO - Sync 1 DAGs
[2026-04-29T06:20:44.862+0200] {logging_mixin.py:188} INFO - [2026-04-29T06:20:44.862+0200] {dag.py:3954} INFO - Setting next_dagrun for example_setup_teardown_taskflow to 2026-04-28 00:00:00+00:00, run_after=2026-04-29 00:00:00+00:00
[2026-04-29T06:20:44.867+0200] {processor.py:183} INFO - Processing /Users/pablofrancoherrero/prueba_tecnica/venv/lib/python3.11/site-packages/airflow/example_dags/example_setup_teardown_taskflow.py took 0.049 seconds
[2026-04-29T06:22:02.929+0200] {processor.py:161} INFO - Started process (PID=77807) to work on /Users/pablofrancoherrero/prueba_tecnica/venv/lib/python3.11/site-packages/airflow/example_dags/example_setup_teardown_taskflow.py
[2026-04-29T06:22:02.929+0200] {processor.py:830} INFO - Processing file /Users/pablofrancoherrero/prueba_tecnica/venv/lib/python3.11/site-packages/airflow/example_dags/example_setup_teardown_taskflow.py for tasks to queue
[2026-04-29T06:22:02.929+0200] {logging_mixin.py:188} INFO - [2026-04-29T06:22:02.929+0200] {dagbag.py:540} INFO - Filling up the DagBag from /Users/pablofrancoherrero/prueba_tecnica/venv/lib/python3.11/site-packages/airflow/example_dags/example_setup_teardown_taskflow.py
[2026-04-29T06:22:02.949+0200] {processor.py:840} INFO - DAG(s) 'example_setup_teardown_taskflow' retrieved from /Users/pablofrancoherrero/prueba_tecnica/venv/lib/python3.11/site-packages/airflow/example_dags/example_setup_teardown_taskflow.py
[2026-04-29T06:22:02.976+0200] {logging_mixin.py:188} INFO - [2026-04-29T06:22:02.976+0200] {dag.py:3096} INFO - Sync 1 DAGs
[2026-04-29T06:22:02.980+0200] {logging_mixin.py:188} INFO - [2026-04-29T06:22:02.980+0200] {dag.py:3954} INFO - Setting next_dagrun for example_setup_teardown_taskflow to 2026-04-28 00:00:00+00:00, run_after=2026-04-29 00:00:00+00:00
[2026-04-29T06:22:02.985+0200] {processor.py:183} INFO - Processing /Users/pablofrancoherrero/prueba_tecnica/venv/lib/python3.11/site-packages/airflow/example_dags/example_setup_teardown_taskflow.py took 0.057 seconds
[2026-04-29T06:23:21.757+0200] {processor.py:161} INFO - Started process (PID=77907) to work on /Users/pablofrancoherrero/prueba_tecnica/venv/lib/python3.11/site-packages/airflow/example_dags/example_setup_teardown_taskflow.py
[2026-04-29T06:23:21.758+0200] {processor.py:830} INFO - Processing file /Users/pablofrancoherrero/prueba_tecnica/venv/lib/python3.11/site-packages/airflow/example_dags/example_setup_teardown_taskflow.py for tasks to queue
[2026-04-29T06:23:21.758+0200] {logging_mixin.py:188} INFO - [2026-04-29T06:23:21.758+0200] {dagbag.py:540} INFO - Filling up the DagBag from /Users/pablofrancoherrero/prueba_tecnica/venv/lib/python3.11/site-packages/airflow/example_dags/example_setup_teardown_taskflow.py
[2026-04-29T06:23:21.770+0200] {processor.py:840} INFO - DAG(s) 'example_setup_teardown_taskflow' retrieved from /Users/pablofrancoherrero/prueba_tecnica/venv/lib/python3.11/site-packages/airflow/example_dags/example_setup_teardown_taskflow.py
[2026-04-29T06:23:21.795+0200] {logging_mixin.py:188} INFO - [2026-04-29T06:23:21.795+0200] {dag.py:3096} INFO - Sync 1 DAGs
[2026-04-29T06:23:21.799+0200] {logging_mixin.py:188} INFO - [2026-04-29T06:23:21.799+0200] {dag.py:3954} INFO - Setting next_dagrun for example_setup_teardown_taskflow to 2026-04-28 00:00:00+00:00, run_after=2026-04-29 00:00:00+00:00
[2026-04-29T06:23:21.804+0200] {processor.py:183} INFO - Processing /Users/pablofrancoherrero/prueba_tecnica/venv/lib/python3.11/site-packages/airflow/example_dags/example_setup_teardown_taskflow.py took 0.047 seconds
[2026-04-29T06:24:43.221+0200] {processor.py:161} INFO - Started process (PID=78009) to work on /Users/pablofrancoherrero/prueba_tecnica/venv/lib/python3.11/site-packages/airflow/example_dags/example_setup_teardown_taskflow.py
[2026-04-29T06:24:43.222+0200] {processor.py:830} INFO - Processing file /Users/pablofrancoherrero/prueba_tecnica/venv/lib/python3.11/site-packages/airflow/example_dags/example_setup_teardown_taskflow.py for tasks to queue
[2026-04-29T06:24:43.223+0200] {logging_mixin.py:188} INFO - [2026-04-29T06:24:43.223+0200] {dagbag.py:540} INFO - Filling up the DagBag from /Users/pablofrancoherrero/prueba_tecnica/venv/lib/python3.11/site-packages/airflow/example_dags/example_setup_teardown_taskflow.py
[2026-04-29T06:24:43.234+0200] {processor.py:840} INFO - DAG(s) 'example_setup_teardown_taskflow' retrieved from /Users/pablofrancoherrero/prueba_tecnica/venv/lib/python3.11/site-packages/airflow/example_dags/example_setup_teardown_taskflow.py
[2026-04-29T06:24:43.259+0200] {logging_mixin.py:188} INFO - [2026-04-29T06:24:43.259+0200] {dag.py:3096} INFO - Sync 1 DAGs
[2026-04-29T06:24:43.263+0200] {logging_mixin.py:188} INFO - [2026-04-29T06:24:43.263+0200] {dag.py:3954} INFO - Setting next_dagrun for example_setup_teardown_taskflow to 2026-04-28 00:00:00+00:00, run_after=2026-04-29 00:00:00+00:00
[2026-04-29T06:24:43.268+0200] {processor.py:183} INFO - Processing /Users/pablofrancoherrero/prueba_tecnica/venv/lib/python3.11/site-packages/airflow/example_dags/example_setup_teardown_taskflow.py took 0.047 seconds
[2026-04-29T06:26:01.991+0200] {processor.py:161} INFO - Started process (PID=78090) to work on /Users/pablofrancoherrero/prueba_tecnica/venv/lib/python3.11/site-packages/airflow/example_dags/example_setup_teardown_taskflow.py
[2026-04-29T06:26:01.992+0200] {processor.py:830} INFO - Processing file /Users/pablofrancoherrero/prueba_tecnica/venv/lib/python3.11/site-packages/airflow/example_dags/example_setup_teardown_taskflow.py for tasks to queue
[2026-04-29T06:26:01.992+0200] {logging_mixin.py:188} INFO - [2026-04-29T06:26:01.992+0200] {dagbag.py:540} INFO - Filling up the DagBag from /Users/pablofrancoherrero/prueba_tecnica/venv/lib/python3.11/site-packages/airflow/example_dags/example_setup_teardown_taskflow.py
[2026-04-29T06:26:02.004+0200] {processor.py:840} INFO - DAG(s) 'example_setup_teardown_taskflow' retrieved from /Users/pablofrancoherrero/prueba_tecnica/venv/lib/python3.11/site-packages/airflow/example_dags/example_setup_teardown_taskflow.py
[2026-04-29T06:26:02.030+0200] {logging_mixin.py:188} INFO - [2026-04-29T06:26:02.030+0200] {dag.py:3096} INFO - Sync 1 DAGs
[2026-04-29T06:26:02.034+0200] {logging_mixin.py:188} INFO - [2026-04-29T06:26:02.034+0200] {dag.py:3954} INFO - Setting next_dagrun for example_setup_teardown_taskflow to 2026-04-28 00:00:00+00:00, run_after=2026-04-29 00:00:00+00:00
[2026-04-29T06:26:02.039+0200] {processor.py:183} INFO - Processing /Users/pablofrancoherrero/prueba_tecnica/venv/lib/python3.11/site-packages/airflow/example_dags/example_setup_teardown_taskflow.py took 0.048 seconds
[2026-04-29T06:43:52.749+0200] {processor.py:161} INFO - Started process (PID=78223) to work on /Users/pablofrancoherrero/prueba_tecnica/venv/lib/python3.11/site-packages/airflow/example_dags/example_setup_teardown_taskflow.py
[2026-04-29T06:43:52.750+0200] {processor.py:830} INFO - Processing file /Users/pablofrancoherrero/prueba_tecnica/venv/lib/python3.11/site-packages/airflow/example_dags/example_setup_teardown_taskflow.py for tasks to queue
[2026-04-29T06:43:52.750+0200] {logging_mixin.py:188} INFO - [2026-04-29T06:43:52.750+0200] {dagbag.py:540} INFO - Filling up the DagBag from /Users/pablofrancoherrero/prueba_tecnica/venv/lib/python3.11/site-packages/airflow/example_dags/example_setup_teardown_taskflow.py
[2026-04-29T06:43:52.762+0200] {processor.py:840} INFO - DAG(s) 'example_setup_teardown_taskflow' retrieved from /Users/pablofrancoherrero/prueba_tecnica/venv/lib/python3.11/site-packages/airflow/example_dags/example_setup_teardown_taskflow.py
[2026-04-29T06:43:52.786+0200] {logging_mixin.py:188} INFO - [2026-04-29T06:43:52.786+0200] {dag.py:3096} INFO - Sync 1 DAGs
[2026-04-29T06:43:52.791+0200] {logging_mixin.py:188} INFO - [2026-04-29T06:43:52.791+0200] {dag.py:3954} INFO - Setting next_dagrun for example_setup_teardown_taskflow to 2026-04-28 00:00:00+00:00, run_after=2026-04-29 00:00:00+00:00
[2026-04-29T06:43:52.795+0200] {processor.py:183} INFO - Processing /Users/pablofrancoherrero/prueba_tecnica/venv/lib/python3.11/site-packages/airflow/example_dags/example_setup_teardown_taskflow.py took 0.047 seconds
[2026-04-29T07:00:37.051+0200] {processor.py:161} INFO - Started process (PID=78320) to work on /Users/pablofrancoherrero/prueba_tecnica/venv/lib/python3.11/site-packages/airflow/example_dags/example_setup_teardown_taskflow.py
[2026-04-29T07:00:37.051+0200] {processor.py:830} INFO - Processing file /Users/pablofrancoherrero/prueba_tecnica/venv/lib/python3.11/site-packages/airflow/example_dags/example_setup_teardown_taskflow.py for tasks to queue
[2026-04-29T07:00:37.051+0200] {logging_mixin.py:188} INFO - [2026-04-29T07:00:37.051+0200] {dagbag.py:540} INFO - Filling up the DagBag from /Users/pablofrancoherrero/prueba_tecnica/venv/lib/python3.11/site-packages/airflow/example_dags/example_setup_teardown_taskflow.py
[2026-04-29T07:00:37.063+0200] {processor.py:840} INFO - DAG(s) 'example_setup_teardown_taskflow' retrieved from /Users/pablofrancoherrero/prueba_tecnica/venv/lib/python3.11/site-packages/airflow/example_dags/example_setup_teardown_taskflow.py
[2026-04-29T07:00:37.088+0200] {logging_mixin.py:188} INFO - [2026-04-29T07:00:37.088+0200] {dag.py:3096} INFO - Sync 1 DAGs
[2026-04-29T07:00:37.092+0200] {logging_mixin.py:188} INFO - [2026-04-29T07:00:37.092+0200] {dag.py:3954} INFO - Setting next_dagrun for example_setup_teardown_taskflow to 2026-04-28 00:00:00+00:00, run_after=2026-04-29 00:00:00+00:00
[2026-04-29T07:00:37.097+0200] {processor.py:183} INFO - Processing /Users/pablofrancoherrero/prueba_tecnica/venv/lib/python3.11/site-packages/airflow/example_dags/example_setup_teardown_taskflow.py took 0.047 seconds
[2026-04-29T07:18:31.938+0200] {processor.py:161} INFO - Started process (PID=78456) to work on /Users/pablofrancoherrero/prueba_tecnica/venv/lib/python3.11/site-packages/airflow/example_dags/example_setup_teardown_taskflow.py
[2026-04-29T07:18:31.939+0200] {processor.py:830} INFO - Processing file /Users/pablofrancoherrero/prueba_tecnica/venv/lib/python3.11/site-packages/airflow/example_dags/example_setup_teardown_taskflow.py for tasks to queue
[2026-04-29T07:18:31.939+0200] {logging_mixin.py:188} INFO - [2026-04-29T07:18:31.939+0200] {dagbag.py:540} INFO - Filling up the DagBag from /Users/pablofrancoherrero/prueba_tecnica/venv/lib/python3.11/site-packages/airflow/example_dags/example_setup_teardown_taskflow.py
[2026-04-29T07:18:31.951+0200] {processor.py:840} INFO - DAG(s) 'example_setup_teardown_taskflow' retrieved from /Users/pablofrancoherrero/prueba_tecnica/venv/lib/python3.11/site-packages/airflow/example_dags/example_setup_teardown_taskflow.py
[2026-04-29T07:18:31.976+0200] {logging_mixin.py:188} INFO - [2026-04-29T07:18:31.976+0200] {dag.py:3096} INFO - Sync 1 DAGs
[2026-04-29T07:18:31.980+0200] {logging_mixin.py:188} INFO - [2026-04-29T07:18:31.980+0200] {dag.py:3954} INFO - Setting next_dagrun for example_setup_teardown_taskflow to 2026-04-28 00:00:00+00:00, run_after=2026-04-29 00:00:00+00:00
[2026-04-29T07:18:31.985+0200] {processor.py:183} INFO - Processing /Users/pablofrancoherrero/prueba_tecnica/venv/lib/python3.11/site-packages/airflow/example_dags/example_setup_teardown_taskflow.py took 0.048 seconds
[2026-04-29T07:36:55.619+0200] {processor.py:161} INFO - Started process (PID=78665) to work on /Users/pablofrancoherrero/prueba_tecnica/venv/lib/python3.11/site-packages/airflow/example_dags/example_setup_teardown_taskflow.py
[2026-04-29T07:36:55.619+0200] {processor.py:830} INFO - Processing file /Users/pablofrancoherrero/prueba_tecnica/venv/lib/python3.11/site-packages/airflow/example_dags/example_setup_teardown_taskflow.py for tasks to queue
[2026-04-29T07:36:55.619+0200] {logging_mixin.py:188} INFO - [2026-04-29T07:36:55.619+0200] {dagbag.py:540} INFO - Filling up the DagBag from /Users/pablofrancoherrero/prueba_tecnica/venv/lib/python3.11/site-packages/airflow/example_dags/example_setup_teardown_taskflow.py
[2026-04-29T07:36:55.631+0200] {processor.py:840} INFO - DAG(s) 'example_setup_teardown_taskflow' retrieved from /Users/pablofrancoherrero/prueba_tecnica/venv/lib/python3.11/site-packages/airflow/example_dags/example_setup_teardown_taskflow.py
[2026-04-29T07:36:55.655+0200] {logging_mixin.py:188} INFO - [2026-04-29T07:36:55.655+0200] {dag.py:3096} INFO - Sync 1 DAGs
[2026-04-29T07:36:55.659+0200] {logging_mixin.py:188} INFO - [2026-04-29T07:36:55.659+0200] {dag.py:3954} INFO - Setting next_dagrun for example_setup_teardown_taskflow to 2026-04-28 00:00:00+00:00, run_after=2026-04-29 00:00:00+00:00
[2026-04-29T07:36:55.664+0200] {processor.py:183} INFO - Processing /Users/pablofrancoherrero/prueba_tecnica/venv/lib/python3.11/site-packages/airflow/example_dags/example_setup_teardown_taskflow.py took 0.046 seconds
[2026-04-29T07:53:42.411+0200] {processor.py:161} INFO - Started process (PID=78744) to work on /Users/pablofrancoherrero/prueba_tecnica/venv/lib/python3.11/site-packages/airflow/example_dags/example_setup_teardown_taskflow.py
[2026-04-29T07:53:42.413+0200] {processor.py:830} INFO - Processing file /Users/pablofrancoherrero/prueba_tecnica/venv/lib/python3.11/site-packages/airflow/example_dags/example_setup_teardown_taskflow.py for tasks to queue
[2026-04-29T07:53:42.413+0200] {logging_mixin.py:188} INFO - [2026-04-29T07:53:42.413+0200] {dagbag.py:540} INFO - Filling up the DagBag from /Users/pablofrancoherrero/prueba_tecnica/venv/lib/python3.11/site-packages/airflow/example_dags/example_setup_teardown_taskflow.py
[2026-04-29T07:53:42.424+0200] {processor.py:840} INFO - DAG(s) 'example_setup_teardown_taskflow' retrieved from /Users/pablofrancoherrero/prueba_tecnica/venv/lib/python3.11/site-packages/airflow/example_dags/example_setup_teardown_taskflow.py
[2026-04-29T07:53:42.449+0200] {logging_mixin.py:188} INFO - [2026-04-29T07:53:42.449+0200] {dag.py:3096} INFO - Sync 1 DAGs
[2026-04-29T07:53:42.454+0200] {logging_mixin.py:188} INFO - [2026-04-29T07:53:42.453+0200] {dag.py:3954} INFO - Setting next_dagrun for example_setup_teardown_taskflow to 2026-04-28 00:00:00+00:00, run_after=2026-04-29 00:00:00+00:00
[2026-04-29T07:53:42.458+0200] {processor.py:183} INFO - Processing /Users/pablofrancoherrero/prueba_tecnica/venv/lib/python3.11/site-packages/airflow/example_dags/example_setup_teardown_taskflow.py took 0.047 seconds
[2026-04-29T08:00:42.194+0200] {processor.py:161} INFO - Started process (PID=78857) to work on /Users/pablofrancoherrero/prueba_tecnica/venv/lib/python3.11/site-packages/airflow/example_dags/example_setup_teardown_taskflow.py
[2026-04-29T08:00:42.195+0200] {processor.py:830} INFO - Processing file /Users/pablofrancoherrero/prueba_tecnica/venv/lib/python3.11/site-packages/airflow/example_dags/example_setup_teardown_taskflow.py for tasks to queue
[2026-04-29T08:00:42.195+0200] {logging_mixin.py:188} INFO - [2026-04-29T08:00:42.195+0200] {dagbag.py:540} INFO - Filling up the DagBag from /Users/pablofrancoherrero/prueba_tecnica/venv/lib/python3.11/site-packages/airflow/example_dags/example_setup_teardown_taskflow.py
[2026-04-29T08:00:42.207+0200] {processor.py:840} INFO - DAG(s) 'example_setup_teardown_taskflow' retrieved from /Users/pablofrancoherrero/prueba_tecnica/venv/lib/python3.11/site-packages/airflow/example_dags/example_setup_teardown_taskflow.py
[2026-04-29T08:00:42.234+0200] {logging_mixin.py:188} INFO - [2026-04-29T08:00:42.234+0200] {dag.py:3096} INFO - Sync 1 DAGs
[2026-04-29T08:00:42.241+0200] {logging_mixin.py:188} INFO - [2026-04-29T08:00:42.241+0200] {dag.py:3954} INFO - Setting next_dagrun for example_setup_teardown_taskflow to 2026-04-28 00:00:00+00:00, run_after=2026-04-29 00:00:00+00:00
[2026-04-29T08:00:42.245+0200] {processor.py:183} INFO - Processing /Users/pablofrancoherrero/prueba_tecnica/venv/lib/python3.11/site-packages/airflow/example_dags/example_setup_teardown_taskflow.py took 0.052 seconds
[2026-04-29T08:01:44.513+0200] {processor.py:161} INFO - Started process (PID=78944) to work on /Users/pablofrancoherrero/prueba_tecnica/venv/lib/python3.11/site-packages/airflow/example_dags/example_setup_teardown_taskflow.py
[2026-04-29T08:01:44.513+0200] {processor.py:830} INFO - Processing file /Users/pablofrancoherrero/prueba_tecnica/venv/lib/python3.11/site-packages/airflow/example_dags/example_setup_teardown_taskflow.py for tasks to queue
[2026-04-29T08:01:44.513+0200] {logging_mixin.py:188} INFO - [2026-04-29T08:01:44.513+0200] {dagbag.py:540} INFO - Filling up the DagBag from /Users/pablofrancoherrero/prueba_tecnica/venv/lib/python3.11/site-packages/airflow/example_dags/example_setup_teardown_taskflow.py
[2026-04-29T08:01:44.525+0200] {processor.py:840} INFO - DAG(s) 'example_setup_teardown_taskflow' retrieved from /Users/pablofrancoherrero/prueba_tecnica/venv/lib/python3.11/site-packages/airflow/example_dags/example_setup_teardown_taskflow.py
[2026-04-29T08:01:44.550+0200] {logging_mixin.py:188} INFO - [2026-04-29T08:01:44.550+0200] {dag.py:3096} INFO - Sync 1 DAGs
[2026-04-29T08:01:44.554+0200] {logging_mixin.py:188} INFO - [2026-04-29T08:01:44.554+0200] {dag.py:3954} INFO - Setting next_dagrun for example_setup_teardown_taskflow to 2026-04-28 00:00:00+00:00, run_after=2026-04-29 00:00:00+00:00
[2026-04-29T08:01:44.559+0200] {processor.py:183} INFO - Processing /Users/pablofrancoherrero/prueba_tecnica/venv/lib/python3.11/site-packages/airflow/example_dags/example_setup_teardown_taskflow.py took 0.047 seconds
[2026-04-29T08:03:04.106+0200] {processor.py:161} INFO - Started process (PID=79039) to work on /Users/pablofrancoherrero/prueba_tecnica/venv/lib/python3.11/site-packages/airflow/example_dags/example_setup_teardown_taskflow.py
[2026-04-29T08:03:04.107+0200] {processor.py:830} INFO - Processing file /Users/pablofrancoherrero/prueba_tecnica/venv/lib/python3.11/site-packages/airflow/example_dags/example_setup_teardown_taskflow.py for tasks to queue
[2026-04-29T08:03:04.108+0200] {logging_mixin.py:188} INFO - [2026-04-29T08:03:04.108+0200] {dagbag.py:540} INFO - Filling up the DagBag from /Users/pablofrancoherrero/prueba_tecnica/venv/lib/python3.11/site-packages/airflow/example_dags/example_setup_teardown_taskflow.py
[2026-04-29T08:03:04.119+0200] {processor.py:840} INFO - DAG(s) 'example_setup_teardown_taskflow' retrieved from /Users/pablofrancoherrero/prueba_tecnica/venv/lib/python3.11/site-packages/airflow/example_dags/example_setup_teardown_taskflow.py
[2026-04-29T08:03:04.145+0200] {logging_mixin.py:188} INFO - [2026-04-29T08:03:04.145+0200] {dag.py:3096} INFO - Sync 1 DAGs
[2026-04-29T08:03:04.149+0200] {logging_mixin.py:188} INFO - [2026-04-29T08:03:04.149+0200] {dag.py:3954} INFO - Setting next_dagrun for example_setup_teardown_taskflow to 2026-04-28 00:00:00+00:00, run_after=2026-04-29 00:00:00+00:00
[2026-04-29T08:03:04.154+0200] {processor.py:183} INFO - Processing /Users/pablofrancoherrero/prueba_tecnica/venv/lib/python3.11/site-packages/airflow/example_dags/example_setup_teardown_taskflow.py took 0.048 seconds
[2026-04-29T08:04:23.183+0200] {processor.py:161} INFO - Started process (PID=79132) to work on /Users/pablofrancoherrero/prueba_tecnica/venv/lib/python3.11/site-packages/airflow/example_dags/example_setup_teardown_taskflow.py
[2026-04-29T08:04:23.184+0200] {processor.py:830} INFO - Processing file /Users/pablofrancoherrero/prueba_tecnica/venv/lib/python3.11/site-packages/airflow/example_dags/example_setup_teardown_taskflow.py for tasks to queue
[2026-04-29T08:04:23.184+0200] {logging_mixin.py:188} INFO - [2026-04-29T08:04:23.184+0200] {dagbag.py:540} INFO - Filling up the DagBag from /Users/pablofrancoherrero/prueba_tecnica/venv/lib/python3.11/site-packages/airflow/example_dags/example_setup_teardown_taskflow.py
[2026-04-29T08:04:23.196+0200] {processor.py:840} INFO - DAG(s) 'example_setup_teardown_taskflow' retrieved from /Users/pablofrancoherrero/prueba_tecnica/venv/lib/python3.11/site-packages/airflow/example_dags/example_setup_teardown_taskflow.py
[2026-04-29T08:04:23.220+0200] {logging_mixin.py:188} INFO - [2026-04-29T08:04:23.220+0200] {dag.py:3096} INFO - Sync 1 DAGs
[2026-04-29T08:04:23.225+0200] {logging_mixin.py:188} INFO - [2026-04-29T08:04:23.224+0200] {dag.py:3954} INFO - Setting next_dagrun for example_setup_teardown_taskflow to 2026-04-28 00:00:00+00:00, run_after=2026-04-29 00:00:00+00:00
[2026-04-29T08:04:23.229+0200] {processor.py:183} INFO - Processing /Users/pablofrancoherrero/prueba_tecnica/venv/lib/python3.11/site-packages/airflow/example_dags/example_setup_teardown_taskflow.py took 0.047 seconds
[2026-04-29T08:05:42.066+0200] {processor.py:161} INFO - Started process (PID=79227) to work on /Users/pablofrancoherrero/prueba_tecnica/venv/lib/python3.11/site-packages/airflow/example_dags/example_setup_teardown_taskflow.py
[2026-04-29T08:05:42.067+0200] {processor.py:830} INFO - Processing file /Users/pablofrancoherrero/prueba_tecnica/venv/lib/python3.11/site-packages/airflow/example_dags/example_setup_teardown_taskflow.py for tasks to queue
[2026-04-29T08:05:42.067+0200] {logging_mixin.py:188} INFO - [2026-04-29T08:05:42.067+0200] {dagbag.py:540} INFO - Filling up the DagBag from /Users/pablofrancoherrero/prueba_tecnica/venv/lib/python3.11/site-packages/airflow/example_dags/example_setup_teardown_taskflow.py
[2026-04-29T08:05:42.079+0200] {processor.py:840} INFO - DAG(s) 'example_setup_teardown_taskflow' retrieved from /Users/pablofrancoherrero/prueba_tecnica/venv/lib/python3.11/site-packages/airflow/example_dags/example_setup_teardown_taskflow.py
[2026-04-29T08:05:42.105+0200] {logging_mixin.py:188} INFO - [2026-04-29T08:05:42.105+0200] {dag.py:3096} INFO - Sync 1 DAGs
[2026-04-29T08:05:42.109+0200] {logging_mixin.py:188} INFO - [2026-04-29T08:05:42.109+0200] {dag.py:3954} INFO - Setting next_dagrun for example_setup_teardown_taskflow to 2026-04-28 00:00:00+00:00, run_after=2026-04-29 00:00:00+00:00
[2026-04-29T08:05:42.114+0200] {processor.py:183} INFO - Processing /Users/pablofrancoherrero/prueba_tecnica/venv/lib/python3.11/site-packages/airflow/example_dags/example_setup_teardown_taskflow.py took 0.048 seconds
[2026-04-29T08:07:02.356+0200] {processor.py:161} INFO - Started process (PID=79332) to work on /Users/pablofrancoherrero/prueba_tecnica/venv/lib/python3.11/site-packages/airflow/example_dags/example_setup_teardown_taskflow.py
[2026-04-29T08:07:02.356+0200] {processor.py:830} INFO - Processing file /Users/pablofrancoherrero/prueba_tecnica/venv/lib/python3.11/site-packages/airflow/example_dags/example_setup_teardown_taskflow.py for tasks to queue
[2026-04-29T08:07:02.356+0200] {logging_mixin.py:188} INFO - [2026-04-29T08:07:02.356+0200] {dagbag.py:540} INFO - Filling up the DagBag from /Users/pablofrancoherrero/prueba_tecnica/venv/lib/python3.11/site-packages/airflow/example_dags/example_setup_teardown_taskflow.py
[2026-04-29T08:07:02.368+0200] {processor.py:840} INFO - DAG(s) 'example_setup_teardown_taskflow' retrieved from /Users/pablofrancoherrero/prueba_tecnica/venv/lib/python3.11/site-packages/airflow/example_dags/example_setup_teardown_taskflow.py
[2026-04-29T08:07:02.394+0200] {logging_mixin.py:188} INFO - [2026-04-29T08:07:02.394+0200] {dag.py:3096} INFO - Sync 1 DAGs
[2026-04-29T08:07:02.398+0200] {logging_mixin.py:188} INFO - [2026-04-29T08:07:02.398+0200] {dag.py:3954} INFO - Setting next_dagrun for example_setup_teardown_taskflow to 2026-04-28 00:00:00+00:00, run_after=2026-04-29 00:00:00+00:00
[2026-04-29T08:07:02.403+0200] {processor.py:183} INFO - Processing /Users/pablofrancoherrero/prueba_tecnica/venv/lib/python3.11/site-packages/airflow/example_dags/example_setup_teardown_taskflow.py took 0.048 seconds
[2026-04-29T08:08:20.864+0200] {processor.py:161} INFO - Started process (PID=79419) to work on /Users/pablofrancoherrero/prueba_tecnica/venv/lib/python3.11/site-packages/airflow/example_dags/example_setup_teardown_taskflow.py
[2026-04-29T08:08:20.864+0200] {processor.py:830} INFO - Processing file /Users/pablofrancoherrero/prueba_tecnica/venv/lib/python3.11/site-packages/airflow/example_dags/example_setup_teardown_taskflow.py for tasks to queue
[2026-04-29T08:08:20.864+0200] {logging_mixin.py:188} INFO - [2026-04-29T08:08:20.864+0200] {dagbag.py:540} INFO - Filling up the DagBag from /Users/pablofrancoherrero/prueba_tecnica/venv/lib/python3.11/site-packages/airflow/example_dags/example_setup_teardown_taskflow.py
[2026-04-29T08:08:20.876+0200] {processor.py:840} INFO - DAG(s) 'example_setup_teardown_taskflow' retrieved from /Users/pablofrancoherrero/prueba_tecnica/venv/lib/python3.11/site-packages/airflow/example_dags/example_setup_teardown_taskflow.py
[2026-04-29T08:08:20.903+0200] {logging_mixin.py:188} INFO - [2026-04-29T08:08:20.902+0200] {dag.py:3096} INFO - Sync 1 DAGs
[2026-04-29T08:08:20.907+0200] {logging_mixin.py:188} INFO - [2026-04-29T08:08:20.907+0200] {dag.py:3954} INFO - Setting next_dagrun for example_setup_teardown_taskflow to 2026-04-28 00:00:00+00:00, run_after=2026-04-29 00:00:00+00:00
[2026-04-29T08:08:20.911+0200] {processor.py:183} INFO - Processing /Users/pablofrancoherrero/prueba_tecnica/venv/lib/python3.11/site-packages/airflow/example_dags/example_setup_teardown_taskflow.py took 0.049 seconds
[2026-04-29T08:22:45.642+0200] {processor.py:161} INFO - Started process (PID=79576) to work on /Users/pablofrancoherrero/prueba_tecnica/venv/lib/python3.11/site-packages/airflow/example_dags/example_setup_teardown_taskflow.py
[2026-04-29T08:22:45.643+0200] {processor.py:830} INFO - Processing file /Users/pablofrancoherrero/prueba_tecnica/venv/lib/python3.11/site-packages/airflow/example_dags/example_setup_teardown_taskflow.py for tasks to queue
[2026-04-29T08:22:45.643+0200] {logging_mixin.py:188} INFO - [2026-04-29T08:22:45.643+0200] {dagbag.py:540} INFO - Filling up the DagBag from /Users/pablofrancoherrero/prueba_tecnica/venv/lib/python3.11/site-packages/airflow/example_dags/example_setup_teardown_taskflow.py
[2026-04-29T08:22:45.655+0200] {processor.py:840} INFO - DAG(s) 'example_setup_teardown_taskflow' retrieved from /Users/pablofrancoherrero/prueba_tecnica/venv/lib/python3.11/site-packages/airflow/example_dags/example_setup_teardown_taskflow.py
[2026-04-29T08:22:45.681+0200] {logging_mixin.py:188} INFO - [2026-04-29T08:22:45.681+0200] {dag.py:3096} INFO - Sync 1 DAGs
[2026-04-29T08:22:45.685+0200] {logging_mixin.py:188} INFO - [2026-04-29T08:22:45.685+0200] {dag.py:3954} INFO - Setting next_dagrun for example_setup_teardown_taskflow to 2026-04-28 00:00:00+00:00, run_after=2026-04-29 00:00:00+00:00
[2026-04-29T08:22:45.690+0200] {processor.py:183} INFO - Processing /Users/pablofrancoherrero/prueba_tecnica/venv/lib/python3.11/site-packages/airflow/example_dags/example_setup_teardown_taskflow.py took 0.048 seconds
[2026-04-29T08:27:45.988+0200] {processor.py:161} INFO - Started process (PID=79699) to work on /Users/pablofrancoherrero/prueba_tecnica/venv/lib/python3.11/site-packages/airflow/example_dags/example_setup_teardown_taskflow.py
[2026-04-29T08:27:45.989+0200] {processor.py:830} INFO - Processing file /Users/pablofrancoherrero/prueba_tecnica/venv/lib/python3.11/site-packages/airflow/example_dags/example_setup_teardown_taskflow.py for tasks to queue
[2026-04-29T08:27:45.989+0200] {logging_mixin.py:188} INFO - [2026-04-29T08:27:45.989+0200] {dagbag.py:540} INFO - Filling up the DagBag from /Users/pablofrancoherrero/prueba_tecnica/venv/lib/python3.11/site-packages/airflow/example_dags/example_setup_teardown_taskflow.py
[2026-04-29T08:27:46.001+0200] {processor.py:840} INFO - DAG(s) 'example_setup_teardown_taskflow' retrieved from /Users/pablofrancoherrero/prueba_tecnica/venv/lib/python3.11/site-packages/airflow/example_dags/example_setup_teardown_taskflow.py
[2026-04-29T08:27:46.026+0200] {logging_mixin.py:188} INFO - [2026-04-29T08:27:46.026+0200] {dag.py:3096} INFO - Sync 1 DAGs
[2026-04-29T08:27:46.030+0200] {logging_mixin.py:188} INFO - [2026-04-29T08:27:46.030+0200] {dag.py:3954} INFO - Setting next_dagrun for example_setup_teardown_taskflow to 2026-04-28 00:00:00+00:00, run_after=2026-04-29 00:00:00+00:00
[2026-04-29T08:27:46.035+0200] {processor.py:183} INFO - Processing /Users/pablofrancoherrero/prueba_tecnica/venv/lib/python3.11/site-packages/airflow/example_dags/example_setup_teardown_taskflow.py took 0.047 seconds
[2026-04-29T08:45:28.366+0200] {processor.py:161} INFO - Started process (PID=79879) to work on /Users/pablofrancoherrero/prueba_tecnica/venv/lib/python3.11/site-packages/airflow/example_dags/example_setup_teardown_taskflow.py
[2026-04-29T08:45:28.367+0200] {processor.py:830} INFO - Processing file /Users/pablofrancoherrero/prueba_tecnica/venv/lib/python3.11/site-packages/airflow/example_dags/example_setup_teardown_taskflow.py for tasks to queue
[2026-04-29T08:45:28.367+0200] {logging_mixin.py:188} INFO - [2026-04-29T08:45:28.367+0200] {dagbag.py:540} INFO - Filling up the DagBag from /Users/pablofrancoherrero/prueba_tecnica/venv/lib/python3.11/site-packages/airflow/example_dags/example_setup_teardown_taskflow.py
[2026-04-29T08:45:28.378+0200] {processor.py:840} INFO - DAG(s) 'example_setup_teardown_taskflow' retrieved from /Users/pablofrancoherrero/prueba_tecnica/venv/lib/python3.11/site-packages/airflow/example_dags/example_setup_teardown_taskflow.py
[2026-04-29T08:45:28.403+0200] {logging_mixin.py:188} INFO - [2026-04-29T08:45:28.403+0200] {dag.py:3096} INFO - Sync 1 DAGs
[2026-04-29T08:45:28.407+0200] {logging_mixin.py:188} INFO - [2026-04-29T08:45:28.407+0200] {dag.py:3954} INFO - Setting next_dagrun for example_setup_teardown_taskflow to 2026-04-28 00:00:00+00:00, run_after=2026-04-29 00:00:00+00:00
[2026-04-29T08:45:28.411+0200] {processor.py:183} INFO - Processing /Users/pablofrancoherrero/prueba_tecnica/venv/lib/python3.11/site-packages/airflow/example_dags/example_setup_teardown_taskflow.py took 0.047 seconds
[2026-04-29T08:49:32.298+0200] {processor.py:161} INFO - Started process (PID=79968) to work on /Users/pablofrancoherrero/prueba_tecnica/venv/lib/python3.11/site-packages/airflow/example_dags/example_setup_teardown_taskflow.py
[2026-04-29T08:49:32.299+0200] {processor.py:830} INFO - Processing file /Users/pablofrancoherrero/prueba_tecnica/venv/lib/python3.11/site-packages/airflow/example_dags/example_setup_teardown_taskflow.py for tasks to queue
[2026-04-29T08:49:32.299+0200] {logging_mixin.py:188} INFO - [2026-04-29T08:49:32.299+0200] {dagbag.py:540} INFO - Filling up the DagBag from /Users/pablofrancoherrero/prueba_tecnica/venv/lib/python3.11/site-packages/airflow/example_dags/example_setup_teardown_taskflow.py
[2026-04-29T08:49:32.311+0200] {processor.py:840} INFO - DAG(s) 'example_setup_teardown_taskflow' retrieved from /Users/pablofrancoherrero/prueba_tecnica/venv/lib/python3.11/site-packages/airflow/example_dags/example_setup_teardown_taskflow.py
[2026-04-29T08:49:32.336+0200] {logging_mixin.py:188} INFO - [2026-04-29T08:49:32.336+0200] {dag.py:3096} INFO - Sync 1 DAGs
[2026-04-29T08:49:32.340+0200] {logging_mixin.py:188} INFO - [2026-04-29T08:49:32.340+0200] {dag.py:3954} INFO - Setting next_dagrun for example_setup_teardown_taskflow to 2026-04-28 00:00:00+00:00, run_after=2026-04-29 00:00:00+00:00
[2026-04-29T08:49:32.345+0200] {processor.py:183} INFO - Processing /Users/pablofrancoherrero/prueba_tecnica/venv/lib/python3.11/site-packages/airflow/example_dags/example_setup_teardown_taskflow.py took 0.047 seconds
[2026-04-29T08:53:16.157+0200] {processor.py:161} INFO - Started process (PID=80070) to work on /Users/pablofrancoherrero/prueba_tecnica/venv/lib/python3.11/site-packages/airflow/example_dags/example_setup_teardown_taskflow.py
[2026-04-29T08:53:16.158+0200] {processor.py:830} INFO - Processing file /Users/pablofrancoherrero/prueba_tecnica/venv/lib/python3.11/site-packages/airflow/example_dags/example_setup_teardown_taskflow.py for tasks to queue
[2026-04-29T08:53:16.158+0200] {logging_mixin.py:188} INFO - [2026-04-29T08:53:16.158+0200] {dagbag.py:540} INFO - Filling up the DagBag from /Users/pablofrancoherrero/prueba_tecnica/venv/lib/python3.11/site-packages/airflow/example_dags/example_setup_teardown_taskflow.py
[2026-04-29T08:53:16.170+0200] {processor.py:840} INFO - DAG(s) 'example_setup_teardown_taskflow' retrieved from /Users/pablofrancoherrero/prueba_tecnica/venv/lib/python3.11/site-packages/airflow/example_dags/example_setup_teardown_taskflow.py
[2026-04-29T08:53:16.195+0200] {logging_mixin.py:188} INFO - [2026-04-29T08:53:16.195+0200] {dag.py:3096} INFO - Sync 1 DAGs
[2026-04-29T08:53:16.199+0200] {logging_mixin.py:188} INFO - [2026-04-29T08:53:16.199+0200] {dag.py:3954} INFO - Setting next_dagrun for example_setup_teardown_taskflow to 2026-04-28 00:00:00+00:00, run_after=2026-04-29 00:00:00+00:00
[2026-04-29T08:53:16.204+0200] {processor.py:183} INFO - Processing /Users/pablofrancoherrero/prueba_tecnica/venv/lib/python3.11/site-packages/airflow/example_dags/example_setup_teardown_taskflow.py took 0.048 seconds
[2026-04-29T08:57:14.221+0200] {processor.py:161} INFO - Started process (PID=80216) to work on /Users/pablofrancoherrero/prueba_tecnica/venv/lib/python3.11/site-packages/airflow/example_dags/example_setup_teardown_taskflow.py
[2026-04-29T08:57:14.222+0200] {processor.py:830} INFO - Processing file /Users/pablofrancoherrero/prueba_tecnica/venv/lib/python3.11/site-packages/airflow/example_dags/example_setup_teardown_taskflow.py for tasks to queue
[2026-04-29T08:57:14.222+0200] {logging_mixin.py:188} INFO - [2026-04-29T08:57:14.222+0200] {dagbag.py:540} INFO - Filling up the DagBag from /Users/pablofrancoherrero/prueba_tecnica/venv/lib/python3.11/site-packages/airflow/example_dags/example_setup_teardown_taskflow.py
[2026-04-29T08:57:14.234+0200] {processor.py:840} INFO - DAG(s) 'example_setup_teardown_taskflow' retrieved from /Users/pablofrancoherrero/prueba_tecnica/venv/lib/python3.11/site-packages/airflow/example_dags/example_setup_teardown_taskflow.py
[2026-04-29T08:57:14.259+0200] {logging_mixin.py:188} INFO - [2026-04-29T08:57:14.259+0200] {dag.py:3096} INFO - Sync 1 DAGs
[2026-04-29T08:57:14.263+0200] {logging_mixin.py:188} INFO - [2026-04-29T08:57:14.263+0200] {dag.py:3954} INFO - Setting next_dagrun for example_setup_teardown_taskflow to 2026-04-28 00:00:00+00:00, run_after=2026-04-29 00:00:00+00:00
[2026-04-29T08:57:14.268+0200] {processor.py:183} INFO - Processing /Users/pablofrancoherrero/prueba_tecnica/venv/lib/python3.11/site-packages/airflow/example_dags/example_setup_teardown_taskflow.py took 0.048 seconds
[2026-04-29T09:00:43.563+0200] {processor.py:161} INFO - Started process (PID=80330) to work on /Users/pablofrancoherrero/prueba_tecnica/venv/lib/python3.11/site-packages/airflow/example_dags/example_setup_teardown_taskflow.py
[2026-04-29T09:00:43.563+0200] {processor.py:830} INFO - Processing file /Users/pablofrancoherrero/prueba_tecnica/venv/lib/python3.11/site-packages/airflow/example_dags/example_setup_teardown_taskflow.py for tasks to queue
[2026-04-29T09:00:43.563+0200] {logging_mixin.py:188} INFO - [2026-04-29T09:00:43.563+0200] {dagbag.py:540} INFO - Filling up the DagBag from /Users/pablofrancoherrero/prueba_tecnica/venv/lib/python3.11/site-packages/airflow/example_dags/example_setup_teardown_taskflow.py
[2026-04-29T09:00:43.580+0200] {processor.py:840} INFO - DAG(s) 'example_setup_teardown_taskflow' retrieved from /Users/pablofrancoherrero/prueba_tecnica/venv/lib/python3.11/site-packages/airflow/example_dags/example_setup_teardown_taskflow.py
[2026-04-29T09:00:43.607+0200] {logging_mixin.py:188} INFO - [2026-04-29T09:00:43.607+0200] {dag.py:3096} INFO - Sync 1 DAGs
[2026-04-29T09:00:43.611+0200] {logging_mixin.py:188} INFO - [2026-04-29T09:00:43.611+0200] {dag.py:3954} INFO - Setting next_dagrun for example_setup_teardown_taskflow to 2026-04-28 00:00:00+00:00, run_after=2026-04-29 00:00:00+00:00
[2026-04-29T09:00:43.616+0200] {processor.py:183} INFO - Processing /Users/pablofrancoherrero/prueba_tecnica/venv/lib/python3.11/site-packages/airflow/example_dags/example_setup_teardown_taskflow.py took 0.055 seconds
[2026-04-29T09:02:13.597+0200] {processor.py:161} INFO - Started process (PID=80492) to work on /Users/pablofrancoherrero/prueba_tecnica/venv/lib/python3.11/site-packages/airflow/example_dags/example_setup_teardown_taskflow.py
[2026-04-29T09:02:13.597+0200] {processor.py:830} INFO - Processing file /Users/pablofrancoherrero/prueba_tecnica/venv/lib/python3.11/site-packages/airflow/example_dags/example_setup_teardown_taskflow.py for tasks to queue
[2026-04-29T09:02:13.597+0200] {logging_mixin.py:188} INFO - [2026-04-29T09:02:13.597+0200] {dagbag.py:540} INFO - Filling up the DagBag from /Users/pablofrancoherrero/prueba_tecnica/venv/lib/python3.11/site-packages/airflow/example_dags/example_setup_teardown_taskflow.py
[2026-04-29T09:02:13.610+0200] {processor.py:840} INFO - DAG(s) 'example_setup_teardown_taskflow' retrieved from /Users/pablofrancoherrero/prueba_tecnica/venv/lib/python3.11/site-packages/airflow/example_dags/example_setup_teardown_taskflow.py
[2026-04-29T09:02:13.639+0200] {logging_mixin.py:188} INFO - [2026-04-29T09:02:13.638+0200] {dag.py:3096} INFO - Sync 1 DAGs
[2026-04-29T09:02:13.643+0200] {logging_mixin.py:188} INFO - [2026-04-29T09:02:13.643+0200] {dag.py:3954} INFO - Setting next_dagrun for example_setup_teardown_taskflow to 2026-04-28 00:00:00+00:00, run_after=2026-04-29 00:00:00+00:00
[2026-04-29T09:02:13.648+0200] {processor.py:183} INFO - Processing /Users/pablofrancoherrero/prueba_tecnica/venv/lib/python3.11/site-packages/airflow/example_dags/example_setup_teardown_taskflow.py took 0.053 seconds
[2026-04-29T09:03:36.370+0200] {processor.py:161} INFO - Started process (PID=80584) to work on /Users/pablofrancoherrero/prueba_tecnica/venv/lib/python3.11/site-packages/airflow/example_dags/example_setup_teardown_taskflow.py
[2026-04-29T09:03:36.371+0200] {processor.py:830} INFO - Processing file /Users/pablofrancoherrero/prueba_tecnica/venv/lib/python3.11/site-packages/airflow/example_dags/example_setup_teardown_taskflow.py for tasks to queue
[2026-04-29T09:03:36.371+0200] {logging_mixin.py:188} INFO - [2026-04-29T09:03:36.371+0200] {dagbag.py:540} INFO - Filling up the DagBag from /Users/pablofrancoherrero/prueba_tecnica/venv/lib/python3.11/site-packages/airflow/example_dags/example_setup_teardown_taskflow.py
[2026-04-29T09:03:36.384+0200] {processor.py:840} INFO - DAG(s) 'example_setup_teardown_taskflow' retrieved from /Users/pablofrancoherrero/prueba_tecnica/venv/lib/python3.11/site-packages/airflow/example_dags/example_setup_teardown_taskflow.py
[2026-04-29T09:03:36.411+0200] {logging_mixin.py:188} INFO - [2026-04-29T09:03:36.411+0200] {dag.py:3096} INFO - Sync 1 DAGs
[2026-04-29T09:03:36.415+0200] {logging_mixin.py:188} INFO - [2026-04-29T09:03:36.415+0200] {dag.py:3954} INFO - Setting next_dagrun for example_setup_teardown_taskflow to 2026-04-28 00:00:00+00:00, run_after=2026-04-29 00:00:00+00:00
[2026-04-29T09:03:36.420+0200] {processor.py:183} INFO - Processing /Users/pablofrancoherrero/prueba_tecnica/venv/lib/python3.11/site-packages/airflow/example_dags/example_setup_teardown_taskflow.py took 0.051 seconds
[2026-04-29T09:04:57.510+0200] {processor.py:161} INFO - Started process (PID=80680) to work on /Users/pablofrancoherrero/prueba_tecnica/venv/lib/python3.11/site-packages/airflow/example_dags/example_setup_teardown_taskflow.py
[2026-04-29T09:04:57.511+0200] {processor.py:830} INFO - Processing file /Users/pablofrancoherrero/prueba_tecnica/venv/lib/python3.11/site-packages/airflow/example_dags/example_setup_teardown_taskflow.py for tasks to queue
[2026-04-29T09:04:57.511+0200] {logging_mixin.py:188} INFO - [2026-04-29T09:04:57.511+0200] {dagbag.py:540} INFO - Filling up the DagBag from /Users/pablofrancoherrero/prueba_tecnica/venv/lib/python3.11/site-packages/airflow/example_dags/example_setup_teardown_taskflow.py
[2026-04-29T09:04:57.523+0200] {processor.py:840} INFO - DAG(s) 'example_setup_teardown_taskflow' retrieved from /Users/pablofrancoherrero/prueba_tecnica/venv/lib/python3.11/site-packages/airflow/example_dags/example_setup_teardown_taskflow.py
[2026-04-29T09:04:57.550+0200] {logging_mixin.py:188} INFO - [2026-04-29T09:04:57.550+0200] {dag.py:3096} INFO - Sync 1 DAGs
[2026-04-29T09:04:57.554+0200] {logging_mixin.py:188} INFO - [2026-04-29T09:04:57.554+0200] {dag.py:3954} INFO - Setting next_dagrun for example_setup_teardown_taskflow to 2026-04-28 00:00:00+00:00, run_after=2026-04-29 00:00:00+00:00
[2026-04-29T09:04:57.559+0200] {processor.py:183} INFO - Processing /Users/pablofrancoherrero/prueba_tecnica/venv/lib/python3.11/site-packages/airflow/example_dags/example_setup_teardown_taskflow.py took 0.050 seconds
[2026-04-29T09:06:19.569+0200] {processor.py:161} INFO - Started process (PID=80788) to work on /Users/pablofrancoherrero/prueba_tecnica/venv/lib/python3.11/site-packages/airflow/example_dags/example_setup_teardown_taskflow.py
[2026-04-29T09:06:19.571+0200] {processor.py:830} INFO - Processing file /Users/pablofrancoherrero/prueba_tecnica/venv/lib/python3.11/site-packages/airflow/example_dags/example_setup_teardown_taskflow.py for tasks to queue
[2026-04-29T09:06:19.571+0200] {logging_mixin.py:188} INFO - [2026-04-29T09:06:19.571+0200] {dagbag.py:540} INFO - Filling up the DagBag from /Users/pablofrancoherrero/prueba_tecnica/venv/lib/python3.11/site-packages/airflow/example_dags/example_setup_teardown_taskflow.py
[2026-04-29T09:06:19.583+0200] {processor.py:840} INFO - DAG(s) 'example_setup_teardown_taskflow' retrieved from /Users/pablofrancoherrero/prueba_tecnica/venv/lib/python3.11/site-packages/airflow/example_dags/example_setup_teardown_taskflow.py
[2026-04-29T09:06:19.610+0200] {logging_mixin.py:188} INFO - [2026-04-29T09:06:19.610+0200] {dag.py:3096} INFO - Sync 1 DAGs
[2026-04-29T09:06:19.614+0200] {logging_mixin.py:188} INFO - [2026-04-29T09:06:19.614+0200] {dag.py:3954} INFO - Setting next_dagrun for example_setup_teardown_taskflow to 2026-04-28 00:00:00+00:00, run_after=2026-04-29 00:00:00+00:00
[2026-04-29T09:06:19.619+0200] {processor.py:183} INFO - Processing /Users/pablofrancoherrero/prueba_tecnica/venv/lib/python3.11/site-packages/airflow/example_dags/example_setup_teardown_taskflow.py took 0.050 seconds
[2026-04-29T09:07:40.328+0200] {processor.py:161} INFO - Started process (PID=80888) to work on /Users/pablofrancoherrero/prueba_tecnica/venv/lib/python3.11/site-packages/airflow/example_dags/example_setup_teardown_taskflow.py
[2026-04-29T09:07:40.329+0200] {processor.py:830} INFO - Processing file /Users/pablofrancoherrero/prueba_tecnica/venv/lib/python3.11/site-packages/airflow/example_dags/example_setup_teardown_taskflow.py for tasks to queue
[2026-04-29T09:07:40.330+0200] {logging_mixin.py:188} INFO - [2026-04-29T09:07:40.330+0200] {dagbag.py:540} INFO - Filling up the DagBag from /Users/pablofrancoherrero/prueba_tecnica/venv/lib/python3.11/site-packages/airflow/example_dags/example_setup_teardown_taskflow.py
[2026-04-29T09:07:40.341+0200] {processor.py:840} INFO - DAG(s) 'example_setup_teardown_taskflow' retrieved from /Users/pablofrancoherrero/prueba_tecnica/venv/lib/python3.11/site-packages/airflow/example_dags/example_setup_teardown_taskflow.py
[2026-04-29T09:07:40.368+0200] {logging_mixin.py:188} INFO - [2026-04-29T09:07:40.368+0200] {dag.py:3096} INFO - Sync 1 DAGs
[2026-04-29T09:07:40.373+0200] {logging_mixin.py:188} INFO - [2026-04-29T09:07:40.373+0200] {dag.py:3954} INFO - Setting next_dagrun for example_setup_teardown_taskflow to 2026-04-28 00:00:00+00:00, run_after=2026-04-29 00:00:00+00:00
[2026-04-29T09:07:40.378+0200] {processor.py:183} INFO - Processing /Users/pablofrancoherrero/prueba_tecnica/venv/lib/python3.11/site-packages/airflow/example_dags/example_setup_teardown_taskflow.py took 0.050 seconds
[2026-04-29T09:09:01.149+0200] {processor.py:161} INFO - Started process (PID=80978) to work on /Users/pablofrancoherrero/prueba_tecnica/venv/lib/python3.11/site-packages/airflow/example_dags/example_setup_teardown_taskflow.py
[2026-04-29T09:09:01.150+0200] {processor.py:830} INFO - Processing file /Users/pablofrancoherrero/prueba_tecnica/venv/lib/python3.11/site-packages/airflow/example_dags/example_setup_teardown_taskflow.py for tasks to queue
[2026-04-29T09:09:01.150+0200] {logging_mixin.py:188} INFO - [2026-04-29T09:09:01.150+0200] {dagbag.py:540} INFO - Filling up the DagBag from /Users/pablofrancoherrero/prueba_tecnica/venv/lib/python3.11/site-packages/airflow/example_dags/example_setup_teardown_taskflow.py
[2026-04-29T09:09:01.162+0200] {processor.py:840} INFO - DAG(s) 'example_setup_teardown_taskflow' retrieved from /Users/pablofrancoherrero/prueba_tecnica/venv/lib/python3.11/site-packages/airflow/example_dags/example_setup_teardown_taskflow.py
[2026-04-29T09:09:01.188+0200] {logging_mixin.py:188} INFO - [2026-04-29T09:09:01.188+0200] {dag.py:3096} INFO - Sync 1 DAGs
[2026-04-29T09:09:01.192+0200] {logging_mixin.py:188} INFO - [2026-04-29T09:09:01.192+0200] {dag.py:3954} INFO - Setting next_dagrun for example_setup_teardown_taskflow to 2026-04-28 00:00:00+00:00, run_after=2026-04-29 00:00:00+00:00
[2026-04-29T09:09:01.197+0200] {processor.py:183} INFO - Processing /Users/pablofrancoherrero/prueba_tecnica/venv/lib/python3.11/site-packages/airflow/example_dags/example_setup_teardown_taskflow.py took 0.049 seconds
[2026-04-29T09:10:21.218+0200] {processor.py:161} INFO - Started process (PID=81066) to work on /Users/pablofrancoherrero/prueba_tecnica/venv/lib/python3.11/site-packages/airflow/example_dags/example_setup_teardown_taskflow.py
[2026-04-29T09:10:21.218+0200] {processor.py:830} INFO - Processing file /Users/pablofrancoherrero/prueba_tecnica/venv/lib/python3.11/site-packages/airflow/example_dags/example_setup_teardown_taskflow.py for tasks to queue
[2026-04-29T09:10:21.218+0200] {logging_mixin.py:188} INFO - [2026-04-29T09:10:21.218+0200] {dagbag.py:540} INFO - Filling up the DagBag from /Users/pablofrancoherrero/prueba_tecnica/venv/lib/python3.11/site-packages/airflow/example_dags/example_setup_teardown_taskflow.py
[2026-04-29T09:10:21.231+0200] {processor.py:840} INFO - DAG(s) 'example_setup_teardown_taskflow' retrieved from /Users/pablofrancoherrero/prueba_tecnica/venv/lib/python3.11/site-packages/airflow/example_dags/example_setup_teardown_taskflow.py
[2026-04-29T09:10:21.257+0200] {logging_mixin.py:188} INFO - [2026-04-29T09:10:21.257+0200] {dag.py:3096} INFO - Sync 1 DAGs
[2026-04-29T09:10:21.262+0200] {logging_mixin.py:188} INFO - [2026-04-29T09:10:21.262+0200] {dag.py:3954} INFO - Setting next_dagrun for example_setup_teardown_taskflow to 2026-04-28 00:00:00+00:00, run_after=2026-04-29 00:00:00+00:00
[2026-04-29T09:10:21.266+0200] {processor.py:183} INFO - Processing /Users/pablofrancoherrero/prueba_tecnica/venv/lib/python3.11/site-packages/airflow/example_dags/example_setup_teardown_taskflow.py took 0.050 seconds
[2026-04-29T09:11:44.680+0200] {processor.py:161} INFO - Started process (PID=81154) to work on /Users/pablofrancoherrero/prueba_tecnica/venv/lib/python3.11/site-packages/airflow/example_dags/example_setup_teardown_taskflow.py
[2026-04-29T09:11:44.681+0200] {processor.py:830} INFO - Processing file /Users/pablofrancoherrero/prueba_tecnica/venv/lib/python3.11/site-packages/airflow/example_dags/example_setup_teardown_taskflow.py for tasks to queue
[2026-04-29T09:11:44.681+0200] {logging_mixin.py:188} INFO - [2026-04-29T09:11:44.681+0200] {dagbag.py:540} INFO - Filling up the DagBag from /Users/pablofrancoherrero/prueba_tecnica/venv/lib/python3.11/site-packages/airflow/example_dags/example_setup_teardown_taskflow.py
[2026-04-29T09:11:44.693+0200] {processor.py:840} INFO - DAG(s) 'example_setup_teardown_taskflow' retrieved from /Users/pablofrancoherrero/prueba_tecnica/venv/lib/python3.11/site-packages/airflow/example_dags/example_setup_teardown_taskflow.py
[2026-04-29T09:11:44.720+0200] {logging_mixin.py:188} INFO - [2026-04-29T09:11:44.720+0200] {dag.py:3096} INFO - Sync 1 DAGs
[2026-04-29T09:11:44.724+0200] {logging_mixin.py:188} INFO - [2026-04-29T09:11:44.724+0200] {dag.py:3954} INFO - Setting next_dagrun for example_setup_teardown_taskflow to 2026-04-28 00:00:00+00:00, run_after=2026-04-29 00:00:00+00:00
[2026-04-29T09:11:44.729+0200] {processor.py:183} INFO - Processing /Users/pablofrancoherrero/prueba_tecnica/venv/lib/python3.11/site-packages/airflow/example_dags/example_setup_teardown_taskflow.py took 0.050 seconds
[2026-04-29T09:13:04.406+0200] {processor.py:161} INFO - Started process (PID=81249) to work on /Users/pablofrancoherrero/prueba_tecnica/venv/lib/python3.11/site-packages/airflow/example_dags/example_setup_teardown_taskflow.py
[2026-04-29T09:13:04.406+0200] {processor.py:830} INFO - Processing file /Users/pablofrancoherrero/prueba_tecnica/venv/lib/python3.11/site-packages/airflow/example_dags/example_setup_teardown_taskflow.py for tasks to queue
[2026-04-29T09:13:04.407+0200] {logging_mixin.py:188} INFO - [2026-04-29T09:13:04.407+0200] {dagbag.py:540} INFO - Filling up the DagBag from /Users/pablofrancoherrero/prueba_tecnica/venv/lib/python3.11/site-packages/airflow/example_dags/example_setup_teardown_taskflow.py
[2026-04-29T09:13:04.419+0200] {processor.py:840} INFO - DAG(s) 'example_setup_teardown_taskflow' retrieved from /Users/pablofrancoherrero/prueba_tecnica/venv/lib/python3.11/site-packages/airflow/example_dags/example_setup_teardown_taskflow.py
[2026-04-29T09:13:04.447+0200] {logging_mixin.py:188} INFO - [2026-04-29T09:13:04.447+0200] {dag.py:3096} INFO - Sync 1 DAGs
[2026-04-29T09:13:04.452+0200] {logging_mixin.py:188} INFO - [2026-04-29T09:13:04.452+0200] {dag.py:3954} INFO - Setting next_dagrun for example_setup_teardown_taskflow to 2026-04-28 00:00:00+00:00, run_after=2026-04-29 00:00:00+00:00
[2026-04-29T09:13:04.457+0200] {processor.py:183} INFO - Processing /Users/pablofrancoherrero/prueba_tecnica/venv/lib/python3.11/site-packages/airflow/example_dags/example_setup_teardown_taskflow.py took 0.053 seconds
[2026-04-29T09:14:24.259+0200] {processor.py:161} INFO - Started process (PID=81351) to work on /Users/pablofrancoherrero/prueba_tecnica/venv/lib/python3.11/site-packages/airflow/example_dags/example_setup_teardown_taskflow.py
[2026-04-29T09:14:24.259+0200] {processor.py:830} INFO - Processing file /Users/pablofrancoherrero/prueba_tecnica/venv/lib/python3.11/site-packages/airflow/example_dags/example_setup_teardown_taskflow.py for tasks to queue
[2026-04-29T09:14:24.259+0200] {logging_mixin.py:188} INFO - [2026-04-29T09:14:24.259+0200] {dagbag.py:540} INFO - Filling up the DagBag from /Users/pablofrancoherrero/prueba_tecnica/venv/lib/python3.11/site-packages/airflow/example_dags/example_setup_teardown_taskflow.py
[2026-04-29T09:14:24.271+0200] {processor.py:840} INFO - DAG(s) 'example_setup_teardown_taskflow' retrieved from /Users/pablofrancoherrero/prueba_tecnica/venv/lib/python3.11/site-packages/airflow/example_dags/example_setup_teardown_taskflow.py
[2026-04-29T09:14:24.297+0200] {logging_mixin.py:188} INFO - [2026-04-29T09:14:24.297+0200] {dag.py:3096} INFO - Sync 1 DAGs
[2026-04-29T09:14:24.302+0200] {logging_mixin.py:188} INFO - [2026-04-29T09:14:24.302+0200] {dag.py:3954} INFO - Setting next_dagrun for example_setup_teardown_taskflow to 2026-04-28 00:00:00+00:00, run_after=2026-04-29 00:00:00+00:00
[2026-04-29T09:14:24.306+0200] {processor.py:183} INFO - Processing /Users/pablofrancoherrero/prueba_tecnica/venv/lib/python3.11/site-packages/airflow/example_dags/example_setup_teardown_taskflow.py took 0.049 seconds
[2026-04-29T09:15:44.913+0200] {processor.py:161} INFO - Started process (PID=81463) to work on /Users/pablofrancoherrero/prueba_tecnica/venv/lib/python3.11/site-packages/airflow/example_dags/example_setup_teardown_taskflow.py
[2026-04-29T09:15:44.914+0200] {processor.py:830} INFO - Processing file /Users/pablofrancoherrero/prueba_tecnica/venv/lib/python3.11/site-packages/airflow/example_dags/example_setup_teardown_taskflow.py for tasks to queue
[2026-04-29T09:15:44.915+0200] {logging_mixin.py:188} INFO - [2026-04-29T09:15:44.915+0200] {dagbag.py:540} INFO - Filling up the DagBag from /Users/pablofrancoherrero/prueba_tecnica/venv/lib/python3.11/site-packages/airflow/example_dags/example_setup_teardown_taskflow.py
[2026-04-29T09:15:44.926+0200] {processor.py:840} INFO - DAG(s) 'example_setup_teardown_taskflow' retrieved from /Users/pablofrancoherrero/prueba_tecnica/venv/lib/python3.11/site-packages/airflow/example_dags/example_setup_teardown_taskflow.py
[2026-04-29T09:15:44.952+0200] {logging_mixin.py:188} INFO - [2026-04-29T09:15:44.952+0200] {dag.py:3096} INFO - Sync 1 DAGs
[2026-04-29T09:15:44.956+0200] {logging_mixin.py:188} INFO - [2026-04-29T09:15:44.956+0200] {dag.py:3954} INFO - Setting next_dagrun for example_setup_teardown_taskflow to 2026-04-28 00:00:00+00:00, run_after=2026-04-29 00:00:00+00:00
[2026-04-29T09:15:44.961+0200] {processor.py:183} INFO - Processing /Users/pablofrancoherrero/prueba_tecnica/venv/lib/python3.11/site-packages/airflow/example_dags/example_setup_teardown_taskflow.py took 0.048 seconds
[2026-04-29T09:17:00.902+0200] {processor.py:161} INFO - Started process (PID=81544) to work on /Users/pablofrancoherrero/prueba_tecnica/venv/lib/python3.11/site-packages/airflow/example_dags/example_setup_teardown_taskflow.py
[2026-04-29T09:17:00.903+0200] {processor.py:830} INFO - Processing file /Users/pablofrancoherrero/prueba_tecnica/venv/lib/python3.11/site-packages/airflow/example_dags/example_setup_teardown_taskflow.py for tasks to queue
[2026-04-29T09:17:00.903+0200] {logging_mixin.py:188} INFO - [2026-04-29T09:17:00.903+0200] {dagbag.py:540} INFO - Filling up the DagBag from /Users/pablofrancoherrero/prueba_tecnica/venv/lib/python3.11/site-packages/airflow/example_dags/example_setup_teardown_taskflow.py
[2026-04-29T09:17:00.916+0200] {processor.py:840} INFO - DAG(s) 'example_setup_teardown_taskflow' retrieved from /Users/pablofrancoherrero/prueba_tecnica/venv/lib/python3.11/site-packages/airflow/example_dags/example_setup_teardown_taskflow.py
[2026-04-29T09:17:00.942+0200] {logging_mixin.py:188} INFO - [2026-04-29T09:17:00.942+0200] {dag.py:3096} INFO - Sync 1 DAGs
[2026-04-29T09:17:00.946+0200] {logging_mixin.py:188} INFO - [2026-04-29T09:17:00.946+0200] {dag.py:3954} INFO - Setting next_dagrun for example_setup_teardown_taskflow to 2026-04-28 00:00:00+00:00, run_after=2026-04-29 00:00:00+00:00
[2026-04-29T09:17:00.951+0200] {processor.py:183} INFO - Processing /Users/pablofrancoherrero/prueba_tecnica/venv/lib/python3.11/site-packages/airflow/example_dags/example_setup_teardown_taskflow.py took 0.050 seconds
[2026-04-29T09:18:19.751+0200] {processor.py:161} INFO - Started process (PID=81648) to work on /Users/pablofrancoherrero/prueba_tecnica/venv/lib/python3.11/site-packages/airflow/example_dags/example_setup_teardown_taskflow.py
[2026-04-29T09:18:19.753+0200] {processor.py:830} INFO - Processing file /Users/pablofrancoherrero/prueba_tecnica/venv/lib/python3.11/site-packages/airflow/example_dags/example_setup_teardown_taskflow.py for tasks to queue
[2026-04-29T09:18:19.753+0200] {logging_mixin.py:188} INFO - [2026-04-29T09:18:19.753+0200] {dagbag.py:540} INFO - Filling up the DagBag from /Users/pablofrancoherrero/prueba_tecnica/venv/lib/python3.11/site-packages/airflow/example_dags/example_setup_teardown_taskflow.py
[2026-04-29T09:18:19.765+0200] {processor.py:840} INFO - DAG(s) 'example_setup_teardown_taskflow' retrieved from /Users/pablofrancoherrero/prueba_tecnica/venv/lib/python3.11/site-packages/airflow/example_dags/example_setup_teardown_taskflow.py
[2026-04-29T09:18:19.791+0200] {logging_mixin.py:188} INFO - [2026-04-29T09:18:19.791+0200] {dag.py:3096} INFO - Sync 1 DAGs
[2026-04-29T09:18:19.796+0200] {logging_mixin.py:188} INFO - [2026-04-29T09:18:19.796+0200] {dag.py:3954} INFO - Setting next_dagrun for example_setup_teardown_taskflow to 2026-04-28 00:00:00+00:00, run_after=2026-04-29 00:00:00+00:00
[2026-04-29T09:18:19.800+0200] {processor.py:183} INFO - Processing /Users/pablofrancoherrero/prueba_tecnica/venv/lib/python3.11/site-packages/airflow/example_dags/example_setup_teardown_taskflow.py took 0.050 seconds
[2026-04-29T09:19:44.358+0200] {processor.py:161} INFO - Started process (PID=81738) to work on /Users/pablofrancoherrero/prueba_tecnica/venv/lib/python3.11/site-packages/airflow/example_dags/example_setup_teardown_taskflow.py
[2026-04-29T09:19:44.359+0200] {processor.py:830} INFO - Processing file /Users/pablofrancoherrero/prueba_tecnica/venv/lib/python3.11/site-packages/airflow/example_dags/example_setup_teardown_taskflow.py for tasks to queue
[2026-04-29T09:19:44.359+0200] {logging_mixin.py:188} INFO - [2026-04-29T09:19:44.359+0200] {dagbag.py:540} INFO - Filling up the DagBag from /Users/pablofrancoherrero/prueba_tecnica/venv/lib/python3.11/site-packages/airflow/example_dags/example_setup_teardown_taskflow.py
[2026-04-29T09:19:44.371+0200] {processor.py:840} INFO - DAG(s) 'example_setup_teardown_taskflow' retrieved from /Users/pablofrancoherrero/prueba_tecnica/venv/lib/python3.11/site-packages/airflow/example_dags/example_setup_teardown_taskflow.py
[2026-04-29T09:19:44.398+0200] {logging_mixin.py:188} INFO - [2026-04-29T09:19:44.397+0200] {dag.py:3096} INFO - Sync 1 DAGs
[2026-04-29T09:19:44.402+0200] {logging_mixin.py:188} INFO - [2026-04-29T09:19:44.402+0200] {dag.py:3954} INFO - Setting next_dagrun for example_setup_teardown_taskflow to 2026-04-28 00:00:00+00:00, run_after=2026-04-29 00:00:00+00:00
[2026-04-29T09:19:44.407+0200] {processor.py:183} INFO - Processing /Users/pablofrancoherrero/prueba_tecnica/venv/lib/python3.11/site-packages/airflow/example_dags/example_setup_teardown_taskflow.py took 0.050 seconds
[2026-04-29T09:21:09.091+0200] {processor.py:161} INFO - Started process (PID=81861) to work on /Users/pablofrancoherrero/prueba_tecnica/venv/lib/python3.11/site-packages/airflow/example_dags/example_setup_teardown_taskflow.py
[2026-04-29T09:21:09.092+0200] {processor.py:830} INFO - Processing file /Users/pablofrancoherrero/prueba_tecnica/venv/lib/python3.11/site-packages/airflow/example_dags/example_setup_teardown_taskflow.py for tasks to queue
[2026-04-29T09:21:09.092+0200] {logging_mixin.py:188} INFO - [2026-04-29T09:21:09.092+0200] {dagbag.py:540} INFO - Filling up the DagBag from /Users/pablofrancoherrero/prueba_tecnica/venv/lib/python3.11/site-packages/airflow/example_dags/example_setup_teardown_taskflow.py
[2026-04-29T09:21:09.103+0200] {processor.py:840} INFO - DAG(s) 'example_setup_teardown_taskflow' retrieved from /Users/pablofrancoherrero/prueba_tecnica/venv/lib/python3.11/site-packages/airflow/example_dags/example_setup_teardown_taskflow.py
[2026-04-29T09:21:09.129+0200] {logging_mixin.py:188} INFO - [2026-04-29T09:21:09.129+0200] {dag.py:3096} INFO - Sync 1 DAGs
[2026-04-29T09:21:09.134+0200] {logging_mixin.py:188} INFO - [2026-04-29T09:21:09.134+0200] {dag.py:3954} INFO - Setting next_dagrun for example_setup_teardown_taskflow to 2026-04-28 00:00:00+00:00, run_after=2026-04-29 00:00:00+00:00
[2026-04-29T09:21:09.138+0200] {processor.py:183} INFO - Processing /Users/pablofrancoherrero/prueba_tecnica/venv/lib/python3.11/site-packages/airflow/example_dags/example_setup_teardown_taskflow.py took 0.049 seconds
[2026-04-29T09:22:32.734+0200] {processor.py:161} INFO - Started process (PID=81958) to work on /Users/pablofrancoherrero/prueba_tecnica/venv/lib/python3.11/site-packages/airflow/example_dags/example_setup_teardown_taskflow.py
[2026-04-29T09:22:32.735+0200] {processor.py:830} INFO - Processing file /Users/pablofrancoherrero/prueba_tecnica/venv/lib/python3.11/site-packages/airflow/example_dags/example_setup_teardown_taskflow.py for tasks to queue
[2026-04-29T09:22:32.736+0200] {logging_mixin.py:188} INFO - [2026-04-29T09:22:32.735+0200] {dagbag.py:540} INFO - Filling up the DagBag from /Users/pablofrancoherrero/prueba_tecnica/venv/lib/python3.11/site-packages/airflow/example_dags/example_setup_teardown_taskflow.py
[2026-04-29T09:22:32.748+0200] {processor.py:840} INFO - DAG(s) 'example_setup_teardown_taskflow' retrieved from /Users/pablofrancoherrero/prueba_tecnica/venv/lib/python3.11/site-packages/airflow/example_dags/example_setup_teardown_taskflow.py
[2026-04-29T09:22:32.774+0200] {logging_mixin.py:188} INFO - [2026-04-29T09:22:32.774+0200] {dag.py:3096} INFO - Sync 1 DAGs
[2026-04-29T09:22:32.778+0200] {logging_mixin.py:188} INFO - [2026-04-29T09:22:32.778+0200] {dag.py:3954} INFO - Setting next_dagrun for example_setup_teardown_taskflow to 2026-04-28 00:00:00+00:00, run_after=2026-04-29 00:00:00+00:00
[2026-04-29T09:22:32.783+0200] {processor.py:183} INFO - Processing /Users/pablofrancoherrero/prueba_tecnica/venv/lib/python3.11/site-packages/airflow/example_dags/example_setup_teardown_taskflow.py took 0.050 seconds
[2026-04-29T09:23:55.677+0200] {processor.py:161} INFO - Started process (PID=82063) to work on /Users/pablofrancoherrero/prueba_tecnica/venv/lib/python3.11/site-packages/airflow/example_dags/example_setup_teardown_taskflow.py
[2026-04-29T09:23:55.678+0200] {processor.py:830} INFO - Processing file /Users/pablofrancoherrero/prueba_tecnica/venv/lib/python3.11/site-packages/airflow/example_dags/example_setup_teardown_taskflow.py for tasks to queue
[2026-04-29T09:23:55.678+0200] {logging_mixin.py:188} INFO - [2026-04-29T09:23:55.678+0200] {dagbag.py:540} INFO - Filling up the DagBag from /Users/pablofrancoherrero/prueba_tecnica/venv/lib/python3.11/site-packages/airflow/example_dags/example_setup_teardown_taskflow.py
[2026-04-29T09:23:55.690+0200] {processor.py:840} INFO - DAG(s) 'example_setup_teardown_taskflow' retrieved from /Users/pablofrancoherrero/prueba_tecnica/venv/lib/python3.11/site-packages/airflow/example_dags/example_setup_teardown_taskflow.py
[2026-04-29T09:23:55.716+0200] {logging_mixin.py:188} INFO - [2026-04-29T09:23:55.715+0200] {dag.py:3096} INFO - Sync 1 DAGs
[2026-04-29T09:23:55.720+0200] {logging_mixin.py:188} INFO - [2026-04-29T09:23:55.720+0200] {dag.py:3954} INFO - Setting next_dagrun for example_setup_teardown_taskflow to 2026-04-28 00:00:00+00:00, run_after=2026-04-29 00:00:00+00:00
[2026-04-29T09:23:55.725+0200] {processor.py:183} INFO - Processing /Users/pablofrancoherrero/prueba_tecnica/venv/lib/python3.11/site-packages/airflow/example_dags/example_setup_teardown_taskflow.py took 0.048 seconds
[2026-04-29T09:25:18.981+0200] {processor.py:161} INFO - Started process (PID=82179) to work on /Users/pablofrancoherrero/prueba_tecnica/venv/lib/python3.11/site-packages/airflow/example_dags/example_setup_teardown_taskflow.py
[2026-04-29T09:25:18.982+0200] {processor.py:830} INFO - Processing file /Users/pablofrancoherrero/prueba_tecnica/venv/lib/python3.11/site-packages/airflow/example_dags/example_setup_teardown_taskflow.py for tasks to queue
[2026-04-29T09:25:18.982+0200] {logging_mixin.py:188} INFO - [2026-04-29T09:25:18.982+0200] {dagbag.py:540} INFO - Filling up the DagBag from /Users/pablofrancoherrero/prueba_tecnica/venv/lib/python3.11/site-packages/airflow/example_dags/example_setup_teardown_taskflow.py
[2026-04-29T09:25:18.994+0200] {processor.py:840} INFO - DAG(s) 'example_setup_teardown_taskflow' retrieved from /Users/pablofrancoherrero/prueba_tecnica/venv/lib/python3.11/site-packages/airflow/example_dags/example_setup_teardown_taskflow.py
[2026-04-29T09:25:19.020+0200] {logging_mixin.py:188} INFO - [2026-04-29T09:25:19.020+0200] {dag.py:3096} INFO - Sync 1 DAGs
[2026-04-29T09:25:19.024+0200] {logging_mixin.py:188} INFO - [2026-04-29T09:25:19.024+0200] {dag.py:3954} INFO - Setting next_dagrun for example_setup_teardown_taskflow to 2026-04-28 00:00:00+00:00, run_after=2026-04-29 00:00:00+00:00
[2026-04-29T09:25:19.029+0200] {processor.py:183} INFO - Processing /Users/pablofrancoherrero/prueba_tecnica/venv/lib/python3.11/site-packages/airflow/example_dags/example_setup_teardown_taskflow.py took 0.049 seconds
[2026-04-29T09:26:42.338+0200] {processor.py:161} INFO - Started process (PID=82312) to work on /Users/pablofrancoherrero/prueba_tecnica/venv/lib/python3.11/site-packages/airflow/example_dags/example_setup_teardown_taskflow.py
[2026-04-29T09:26:42.339+0200] {processor.py:830} INFO - Processing file /Users/pablofrancoherrero/prueba_tecnica/venv/lib/python3.11/site-packages/airflow/example_dags/example_setup_teardown_taskflow.py for tasks to queue
[2026-04-29T09:26:42.339+0200] {logging_mixin.py:188} INFO - [2026-04-29T09:26:42.339+0200] {dagbag.py:540} INFO - Filling up the DagBag from /Users/pablofrancoherrero/prueba_tecnica/venv/lib/python3.11/site-packages/airflow/example_dags/example_setup_teardown_taskflow.py
[2026-04-29T09:26:42.351+0200] {processor.py:840} INFO - DAG(s) 'example_setup_teardown_taskflow' retrieved from /Users/pablofrancoherrero/prueba_tecnica/venv/lib/python3.11/site-packages/airflow/example_dags/example_setup_teardown_taskflow.py
[2026-04-29T09:26:42.377+0200] {logging_mixin.py:188} INFO - [2026-04-29T09:26:42.377+0200] {dag.py:3096} INFO - Sync 1 DAGs
[2026-04-29T09:26:42.381+0200] {logging_mixin.py:188} INFO - [2026-04-29T09:26:42.381+0200] {dag.py:3954} INFO - Setting next_dagrun for example_setup_teardown_taskflow to 2026-04-28 00:00:00+00:00, run_after=2026-04-29 00:00:00+00:00
[2026-04-29T09:26:42.386+0200] {processor.py:183} INFO - Processing /Users/pablofrancoherrero/prueba_tecnica/venv/lib/python3.11/site-packages/airflow/example_dags/example_setup_teardown_taskflow.py took 0.049 seconds
[2026-04-29T09:28:04.407+0200] {processor.py:161} INFO - Started process (PID=82408) to work on /Users/pablofrancoherrero/prueba_tecnica/venv/lib/python3.11/site-packages/airflow/example_dags/example_setup_teardown_taskflow.py
[2026-04-29T09:28:04.408+0200] {processor.py:830} INFO - Processing file /Users/pablofrancoherrero/prueba_tecnica/venv/lib/python3.11/site-packages/airflow/example_dags/example_setup_teardown_taskflow.py for tasks to queue
[2026-04-29T09:28:04.408+0200] {logging_mixin.py:188} INFO - [2026-04-29T09:28:04.408+0200] {dagbag.py:540} INFO - Filling up the DagBag from /Users/pablofrancoherrero/prueba_tecnica/venv/lib/python3.11/site-packages/airflow/example_dags/example_setup_teardown_taskflow.py
[2026-04-29T09:28:04.419+0200] {processor.py:840} INFO - DAG(s) 'example_setup_teardown_taskflow' retrieved from /Users/pablofrancoherrero/prueba_tecnica/venv/lib/python3.11/site-packages/airflow/example_dags/example_setup_teardown_taskflow.py
[2026-04-29T09:28:04.445+0200] {logging_mixin.py:188} INFO - [2026-04-29T09:28:04.445+0200] {dag.py:3096} INFO - Sync 1 DAGs
[2026-04-29T09:28:04.450+0200] {logging_mixin.py:188} INFO - [2026-04-29T09:28:04.450+0200] {dag.py:3954} INFO - Setting next_dagrun for example_setup_teardown_taskflow to 2026-04-28 00:00:00+00:00, run_after=2026-04-29 00:00:00+00:00
[2026-04-29T09:28:04.454+0200] {processor.py:183} INFO - Processing /Users/pablofrancoherrero/prueba_tecnica/venv/lib/python3.11/site-packages/airflow/example_dags/example_setup_teardown_taskflow.py took 0.049 seconds
[2026-04-29T09:29:26.334+0200] {processor.py:161} INFO - Started process (PID=82501) to work on /Users/pablofrancoherrero/prueba_tecnica/venv/lib/python3.11/site-packages/airflow/example_dags/example_setup_teardown_taskflow.py
[2026-04-29T09:29:26.335+0200] {processor.py:830} INFO - Processing file /Users/pablofrancoherrero/prueba_tecnica/venv/lib/python3.11/site-packages/airflow/example_dags/example_setup_teardown_taskflow.py for tasks to queue
[2026-04-29T09:29:26.335+0200] {logging_mixin.py:188} INFO - [2026-04-29T09:29:26.335+0200] {dagbag.py:540} INFO - Filling up the DagBag from /Users/pablofrancoherrero/prueba_tecnica/venv/lib/python3.11/site-packages/airflow/example_dags/example_setup_teardown_taskflow.py
[2026-04-29T09:29:26.348+0200] {processor.py:840} INFO - DAG(s) 'example_setup_teardown_taskflow' retrieved from /Users/pablofrancoherrero/prueba_tecnica/venv/lib/python3.11/site-packages/airflow/example_dags/example_setup_teardown_taskflow.py
[2026-04-29T09:29:26.374+0200] {logging_mixin.py:188} INFO - [2026-04-29T09:29:26.374+0200] {dag.py:3096} INFO - Sync 1 DAGs
[2026-04-29T09:29:26.379+0200] {logging_mixin.py:188} INFO - [2026-04-29T09:29:26.379+0200] {dag.py:3954} INFO - Setting next_dagrun for example_setup_teardown_taskflow to 2026-04-28 00:00:00+00:00, run_after=2026-04-29 00:00:00+00:00
[2026-04-29T09:29:26.384+0200] {processor.py:183} INFO - Processing /Users/pablofrancoherrero/prueba_tecnica/venv/lib/python3.11/site-packages/airflow/example_dags/example_setup_teardown_taskflow.py took 0.050 seconds
[2026-04-29T09:30:48.290+0200] {processor.py:161} INFO - Started process (PID=82619) to work on /Users/pablofrancoherrero/prueba_tecnica/venv/lib/python3.11/site-packages/airflow/example_dags/example_setup_teardown_taskflow.py
[2026-04-29T09:30:48.291+0200] {processor.py:830} INFO - Processing file /Users/pablofrancoherrero/prueba_tecnica/venv/lib/python3.11/site-packages/airflow/example_dags/example_setup_teardown_taskflow.py for tasks to queue
[2026-04-29T09:30:48.291+0200] {logging_mixin.py:188} INFO - [2026-04-29T09:30:48.291+0200] {dagbag.py:540} INFO - Filling up the DagBag from /Users/pablofrancoherrero/prueba_tecnica/venv/lib/python3.11/site-packages/airflow/example_dags/example_setup_teardown_taskflow.py
[2026-04-29T09:30:48.303+0200] {processor.py:840} INFO - DAG(s) 'example_setup_teardown_taskflow' retrieved from /Users/pablofrancoherrero/prueba_tecnica/venv/lib/python3.11/site-packages/airflow/example_dags/example_setup_teardown_taskflow.py
[2026-04-29T09:30:48.328+0200] {logging_mixin.py:188} INFO - [2026-04-29T09:30:48.328+0200] {dag.py:3096} INFO - Sync 1 DAGs
[2026-04-29T09:30:48.332+0200] {logging_mixin.py:188} INFO - [2026-04-29T09:30:48.332+0200] {dag.py:3954} INFO - Setting next_dagrun for example_setup_teardown_taskflow to 2026-04-28 00:00:00+00:00, run_after=2026-04-29 00:00:00+00:00
[2026-04-29T09:30:48.337+0200] {processor.py:183} INFO - Processing /Users/pablofrancoherrero/prueba_tecnica/venv/lib/python3.11/site-packages/airflow/example_dags/example_setup_teardown_taskflow.py took 0.048 seconds
[2026-04-29T09:32:11.852+0200] {processor.py:161} INFO - Started process (PID=82716) to work on /Users/pablofrancoherrero/prueba_tecnica/venv/lib/python3.11/site-packages/airflow/example_dags/example_setup_teardown_taskflow.py
[2026-04-29T09:32:11.853+0200] {processor.py:830} INFO - Processing file /Users/pablofrancoherrero/prueba_tecnica/venv/lib/python3.11/site-packages/airflow/example_dags/example_setup_teardown_taskflow.py for tasks to queue
[2026-04-29T09:32:11.853+0200] {logging_mixin.py:188} INFO - [2026-04-29T09:32:11.853+0200] {dagbag.py:540} INFO - Filling up the DagBag from /Users/pablofrancoherrero/prueba_tecnica/venv/lib/python3.11/site-packages/airflow/example_dags/example_setup_teardown_taskflow.py
[2026-04-29T09:32:11.865+0200] {processor.py:840} INFO - DAG(s) 'example_setup_teardown_taskflow' retrieved from /Users/pablofrancoherrero/prueba_tecnica/venv/lib/python3.11/site-packages/airflow/example_dags/example_setup_teardown_taskflow.py
[2026-04-29T09:32:11.891+0200] {logging_mixin.py:188} INFO - [2026-04-29T09:32:11.891+0200] {dag.py:3096} INFO - Sync 1 DAGs
[2026-04-29T09:32:11.896+0200] {logging_mixin.py:188} INFO - [2026-04-29T09:32:11.896+0200] {dag.py:3954} INFO - Setting next_dagrun for example_setup_teardown_taskflow to 2026-04-28 00:00:00+00:00, run_after=2026-04-29 00:00:00+00:00
[2026-04-29T09:32:11.901+0200] {processor.py:183} INFO - Processing /Users/pablofrancoherrero/prueba_tecnica/venv/lib/python3.11/site-packages/airflow/example_dags/example_setup_teardown_taskflow.py took 0.049 seconds
[2026-04-29T09:33:33.352+0200] {processor.py:161} INFO - Started process (PID=82804) to work on /Users/pablofrancoherrero/prueba_tecnica/venv/lib/python3.11/site-packages/airflow/example_dags/example_setup_teardown_taskflow.py
[2026-04-29T09:33:33.353+0200] {processor.py:830} INFO - Processing file /Users/pablofrancoherrero/prueba_tecnica/venv/lib/python3.11/site-packages/airflow/example_dags/example_setup_teardown_taskflow.py for tasks to queue
[2026-04-29T09:33:33.353+0200] {logging_mixin.py:188} INFO - [2026-04-29T09:33:33.353+0200] {dagbag.py:540} INFO - Filling up the DagBag from /Users/pablofrancoherrero/prueba_tecnica/venv/lib/python3.11/site-packages/airflow/example_dags/example_setup_teardown_taskflow.py
[2026-04-29T09:33:33.365+0200] {processor.py:840} INFO - DAG(s) 'example_setup_teardown_taskflow' retrieved from /Users/pablofrancoherrero/prueba_tecnica/venv/lib/python3.11/site-packages/airflow/example_dags/example_setup_teardown_taskflow.py
[2026-04-29T09:33:33.391+0200] {logging_mixin.py:188} INFO - [2026-04-29T09:33:33.391+0200] {dag.py:3096} INFO - Sync 1 DAGs
[2026-04-29T09:33:33.396+0200] {logging_mixin.py:188} INFO - [2026-04-29T09:33:33.396+0200] {dag.py:3954} INFO - Setting next_dagrun for example_setup_teardown_taskflow to 2026-04-28 00:00:00+00:00, run_after=2026-04-29 00:00:00+00:00
[2026-04-29T09:33:33.401+0200] {processor.py:183} INFO - Processing /Users/pablofrancoherrero/prueba_tecnica/venv/lib/python3.11/site-packages/airflow/example_dags/example_setup_teardown_taskflow.py took 0.050 seconds
[2026-04-29T09:34:55.833+0200] {processor.py:161} INFO - Started process (PID=82897) to work on /Users/pablofrancoherrero/prueba_tecnica/venv/lib/python3.11/site-packages/airflow/example_dags/example_setup_teardown_taskflow.py
[2026-04-29T09:34:55.834+0200] {processor.py:830} INFO - Processing file /Users/pablofrancoherrero/prueba_tecnica/venv/lib/python3.11/site-packages/airflow/example_dags/example_setup_teardown_taskflow.py for tasks to queue
[2026-04-29T09:34:55.834+0200] {logging_mixin.py:188} INFO - [2026-04-29T09:34:55.834+0200] {dagbag.py:540} INFO - Filling up the DagBag from /Users/pablofrancoherrero/prueba_tecnica/venv/lib/python3.11/site-packages/airflow/example_dags/example_setup_teardown_taskflow.py
[2026-04-29T09:34:55.846+0200] {processor.py:840} INFO - DAG(s) 'example_setup_teardown_taskflow' retrieved from /Users/pablofrancoherrero/prueba_tecnica/venv/lib/python3.11/site-packages/airflow/example_dags/example_setup_teardown_taskflow.py
[2026-04-29T09:34:55.873+0200] {logging_mixin.py:188} INFO - [2026-04-29T09:34:55.873+0200] {dag.py:3096} INFO - Sync 1 DAGs
[2026-04-29T09:34:55.877+0200] {logging_mixin.py:188} INFO - [2026-04-29T09:34:55.877+0200] {dag.py:3954} INFO - Setting next_dagrun for example_setup_teardown_taskflow to 2026-04-28 00:00:00+00:00, run_after=2026-04-29 00:00:00+00:00
[2026-04-29T09:34:55.882+0200] {processor.py:183} INFO - Processing /Users/pablofrancoherrero/prueba_tecnica/venv/lib/python3.11/site-packages/airflow/example_dags/example_setup_teardown_taskflow.py took 0.049 seconds
[2026-04-29T09:36:17.296+0200] {processor.py:161} INFO - Started process (PID=83000) to work on /Users/pablofrancoherrero/prueba_tecnica/venv/lib/python3.11/site-packages/airflow/example_dags/example_setup_teardown_taskflow.py
[2026-04-29T09:36:17.297+0200] {processor.py:830} INFO - Processing file /Users/pablofrancoherrero/prueba_tecnica/venv/lib/python3.11/site-packages/airflow/example_dags/example_setup_teardown_taskflow.py for tasks to queue
[2026-04-29T09:36:17.297+0200] {logging_mixin.py:188} INFO - [2026-04-29T09:36:17.297+0200] {dagbag.py:540} INFO - Filling up the DagBag from /Users/pablofrancoherrero/prueba_tecnica/venv/lib/python3.11/site-packages/airflow/example_dags/example_setup_teardown_taskflow.py
[2026-04-29T09:36:17.309+0200] {processor.py:840} INFO - DAG(s) 'example_setup_teardown_taskflow' retrieved from /Users/pablofrancoherrero/prueba_tecnica/venv/lib/python3.11/site-packages/airflow/example_dags/example_setup_teardown_taskflow.py
[2026-04-29T09:36:17.336+0200] {logging_mixin.py:188} INFO - [2026-04-29T09:36:17.336+0200] {dag.py:3096} INFO - Sync 1 DAGs
[2026-04-29T09:36:17.340+0200] {logging_mixin.py:188} INFO - [2026-04-29T09:36:17.340+0200] {dag.py:3954} INFO - Setting next_dagrun for example_setup_teardown_taskflow to 2026-04-28 00:00:00+00:00, run_after=2026-04-29 00:00:00+00:00
[2026-04-29T09:36:17.345+0200] {processor.py:183} INFO - Processing /Users/pablofrancoherrero/prueba_tecnica/venv/lib/python3.11/site-packages/airflow/example_dags/example_setup_teardown_taskflow.py took 0.050 seconds
[2026-04-29T09:39:05.401+0200] {processor.py:161} INFO - Started process (PID=83091) to work on /Users/pablofrancoherrero/prueba_tecnica/venv/lib/python3.11/site-packages/airflow/example_dags/example_setup_teardown_taskflow.py
[2026-04-29T09:39:05.402+0200] {processor.py:830} INFO - Processing file /Users/pablofrancoherrero/prueba_tecnica/venv/lib/python3.11/site-packages/airflow/example_dags/example_setup_teardown_taskflow.py for tasks to queue
[2026-04-29T09:39:05.402+0200] {logging_mixin.py:188} INFO - [2026-04-29T09:39:05.402+0200] {dagbag.py:540} INFO - Filling up the DagBag from /Users/pablofrancoherrero/prueba_tecnica/venv/lib/python3.11/site-packages/airflow/example_dags/example_setup_teardown_taskflow.py
[2026-04-29T09:39:05.416+0200] {processor.py:840} INFO - DAG(s) 'example_setup_teardown_taskflow' retrieved from /Users/pablofrancoherrero/prueba_tecnica/venv/lib/python3.11/site-packages/airflow/example_dags/example_setup_teardown_taskflow.py
[2026-04-29T09:39:05.441+0200] {logging_mixin.py:188} INFO - [2026-04-29T09:39:05.441+0200] {dag.py:3096} INFO - Sync 1 DAGs
[2026-04-29T09:39:05.445+0200] {logging_mixin.py:188} INFO - [2026-04-29T09:39:05.445+0200] {dag.py:3954} INFO - Setting next_dagrun for example_setup_teardown_taskflow to 2026-04-28 00:00:00+00:00, run_after=2026-04-29 00:00:00+00:00
[2026-04-29T09:39:05.450+0200] {processor.py:183} INFO - Processing /Users/pablofrancoherrero/prueba_tecnica/venv/lib/python3.11/site-packages/airflow/example_dags/example_setup_teardown_taskflow.py took 0.050 seconds
[2026-04-29T09:45:56.700+0200] {processor.py:161} INFO - Started process (PID=83213) to work on /Users/pablofrancoherrero/prueba_tecnica/venv/lib/python3.11/site-packages/airflow/example_dags/example_setup_teardown_taskflow.py
[2026-04-29T09:45:56.701+0200] {processor.py:830} INFO - Processing file /Users/pablofrancoherrero/prueba_tecnica/venv/lib/python3.11/site-packages/airflow/example_dags/example_setup_teardown_taskflow.py for tasks to queue
[2026-04-29T09:45:56.701+0200] {logging_mixin.py:188} INFO - [2026-04-29T09:45:56.701+0200] {dagbag.py:540} INFO - Filling up the DagBag from /Users/pablofrancoherrero/prueba_tecnica/venv/lib/python3.11/site-packages/airflow/example_dags/example_setup_teardown_taskflow.py
[2026-04-29T09:45:56.713+0200] {processor.py:840} INFO - DAG(s) 'example_setup_teardown_taskflow' retrieved from /Users/pablofrancoherrero/prueba_tecnica/venv/lib/python3.11/site-packages/airflow/example_dags/example_setup_teardown_taskflow.py
[2026-04-29T09:45:56.737+0200] {logging_mixin.py:188} INFO - [2026-04-29T09:45:56.737+0200] {dag.py:3096} INFO - Sync 1 DAGs
[2026-04-29T09:45:56.741+0200] {logging_mixin.py:188} INFO - [2026-04-29T09:45:56.741+0200] {dag.py:3954} INFO - Setting next_dagrun for example_setup_teardown_taskflow to 2026-04-28 00:00:00+00:00, run_after=2026-04-29 00:00:00+00:00
[2026-04-29T09:45:56.746+0200] {processor.py:183} INFO - Processing /Users/pablofrancoherrero/prueba_tecnica/venv/lib/python3.11/site-packages/airflow/example_dags/example_setup_teardown_taskflow.py took 0.047 seconds
[2026-04-29T09:47:22.764+0200] {processor.py:161} INFO - Started process (PID=83272) to work on /Users/pablofrancoherrero/prueba_tecnica/venv/lib/python3.11/site-packages/airflow/example_dags/example_setup_teardown_taskflow.py
[2026-04-29T09:47:22.766+0200] {processor.py:830} INFO - Processing file /Users/pablofrancoherrero/prueba_tecnica/venv/lib/python3.11/site-packages/airflow/example_dags/example_setup_teardown_taskflow.py for tasks to queue
[2026-04-29T09:47:22.766+0200] {logging_mixin.py:188} INFO - [2026-04-29T09:47:22.766+0200] {dagbag.py:540} INFO - Filling up the DagBag from /Users/pablofrancoherrero/prueba_tecnica/venv/lib/python3.11/site-packages/airflow/example_dags/example_setup_teardown_taskflow.py
[2026-04-29T09:47:22.777+0200] {processor.py:840} INFO - DAG(s) 'example_setup_teardown_taskflow' retrieved from /Users/pablofrancoherrero/prueba_tecnica/venv/lib/python3.11/site-packages/airflow/example_dags/example_setup_teardown_taskflow.py
[2026-04-29T09:47:22.802+0200] {logging_mixin.py:188} INFO - [2026-04-29T09:47:22.802+0200] {dag.py:3096} INFO - Sync 1 DAGs
[2026-04-29T09:47:22.806+0200] {logging_mixin.py:188} INFO - [2026-04-29T09:47:22.806+0200] {dag.py:3954} INFO - Setting next_dagrun for example_setup_teardown_taskflow to 2026-04-28 00:00:00+00:00, run_after=2026-04-29 00:00:00+00:00
[2026-04-29T09:47:22.811+0200] {processor.py:183} INFO - Processing /Users/pablofrancoherrero/prueba_tecnica/venv/lib/python3.11/site-packages/airflow/example_dags/example_setup_teardown_taskflow.py took 0.047 seconds
[2026-04-29T10:00:38.408+0200] {processor.py:161} INFO - Started process (PID=83388) to work on /Users/pablofrancoherrero/prueba_tecnica/venv/lib/python3.11/site-packages/airflow/example_dags/example_setup_teardown_taskflow.py
[2026-04-29T10:00:38.409+0200] {processor.py:830} INFO - Processing file /Users/pablofrancoherrero/prueba_tecnica/venv/lib/python3.11/site-packages/airflow/example_dags/example_setup_teardown_taskflow.py for tasks to queue
[2026-04-29T10:00:38.410+0200] {logging_mixin.py:188} INFO - [2026-04-29T10:00:38.410+0200] {dagbag.py:540} INFO - Filling up the DagBag from /Users/pablofrancoherrero/prueba_tecnica/venv/lib/python3.11/site-packages/airflow/example_dags/example_setup_teardown_taskflow.py
[2026-04-29T10:00:38.421+0200] {processor.py:840} INFO - DAG(s) 'example_setup_teardown_taskflow' retrieved from /Users/pablofrancoherrero/prueba_tecnica/venv/lib/python3.11/site-packages/airflow/example_dags/example_setup_teardown_taskflow.py
[2026-04-29T10:00:38.446+0200] {logging_mixin.py:188} INFO - [2026-04-29T10:00:38.446+0200] {dag.py:3096} INFO - Sync 1 DAGs
[2026-04-29T10:00:38.450+0200] {logging_mixin.py:188} INFO - [2026-04-29T10:00:38.450+0200] {dag.py:3954} INFO - Setting next_dagrun for example_setup_teardown_taskflow to 2026-04-28 00:00:00+00:00, run_after=2026-04-29 00:00:00+00:00
[2026-04-29T10:00:38.455+0200] {processor.py:183} INFO - Processing /Users/pablofrancoherrero/prueba_tecnica/venv/lib/python3.11/site-packages/airflow/example_dags/example_setup_teardown_taskflow.py took 0.047 seconds
[2026-04-29T10:32:28.563+0200] {processor.py:161} INFO - Started process (PID=83586) to work on /Users/pablofrancoherrero/prueba_tecnica/venv/lib/python3.11/site-packages/airflow/example_dags/example_setup_teardown_taskflow.py
[2026-04-29T10:32:28.564+0200] {processor.py:830} INFO - Processing file /Users/pablofrancoherrero/prueba_tecnica/venv/lib/python3.11/site-packages/airflow/example_dags/example_setup_teardown_taskflow.py for tasks to queue
[2026-04-29T10:32:28.564+0200] {logging_mixin.py:188} INFO - [2026-04-29T10:32:28.564+0200] {dagbag.py:540} INFO - Filling up the DagBag from /Users/pablofrancoherrero/prueba_tecnica/venv/lib/python3.11/site-packages/airflow/example_dags/example_setup_teardown_taskflow.py
[2026-04-29T10:32:28.576+0200] {processor.py:840} INFO - DAG(s) 'example_setup_teardown_taskflow' retrieved from /Users/pablofrancoherrero/prueba_tecnica/venv/lib/python3.11/site-packages/airflow/example_dags/example_setup_teardown_taskflow.py
[2026-04-29T10:32:28.600+0200] {logging_mixin.py:188} INFO - [2026-04-29T10:32:28.600+0200] {dag.py:3096} INFO - Sync 1 DAGs
[2026-04-29T10:32:28.604+0200] {logging_mixin.py:188} INFO - [2026-04-29T10:32:28.604+0200] {dag.py:3954} INFO - Setting next_dagrun for example_setup_teardown_taskflow to 2026-04-28 00:00:00+00:00, run_after=2026-04-29 00:00:00+00:00
[2026-04-29T10:32:28.609+0200] {processor.py:183} INFO - Processing /Users/pablofrancoherrero/prueba_tecnica/venv/lib/python3.11/site-packages/airflow/example_dags/example_setup_teardown_taskflow.py took 0.046 seconds
[2026-04-29T10:49:18.211+0200] {processor.py:161} INFO - Started process (PID=83748) to work on /Users/pablofrancoherrero/prueba_tecnica/venv/lib/python3.11/site-packages/airflow/example_dags/example_setup_teardown_taskflow.py
[2026-04-29T10:49:18.211+0200] {processor.py:830} INFO - Processing file /Users/pablofrancoherrero/prueba_tecnica/venv/lib/python3.11/site-packages/airflow/example_dags/example_setup_teardown_taskflow.py for tasks to queue
[2026-04-29T10:49:18.211+0200] {logging_mixin.py:188} INFO - [2026-04-29T10:49:18.211+0200] {dagbag.py:540} INFO - Filling up the DagBag from /Users/pablofrancoherrero/prueba_tecnica/venv/lib/python3.11/site-packages/airflow/example_dags/example_setup_teardown_taskflow.py
[2026-04-29T10:49:18.223+0200] {processor.py:840} INFO - DAG(s) 'example_setup_teardown_taskflow' retrieved from /Users/pablofrancoherrero/prueba_tecnica/venv/lib/python3.11/site-packages/airflow/example_dags/example_setup_teardown_taskflow.py
[2026-04-29T10:49:18.248+0200] {logging_mixin.py:188} INFO - [2026-04-29T10:49:18.248+0200] {dag.py:3096} INFO - Sync 1 DAGs
[2026-04-29T10:49:18.252+0200] {logging_mixin.py:188} INFO - [2026-04-29T10:49:18.252+0200] {dag.py:3954} INFO - Setting next_dagrun for example_setup_teardown_taskflow to 2026-04-28 00:00:00+00:00, run_after=2026-04-29 00:00:00+00:00
[2026-04-29T10:49:18.256+0200] {processor.py:183} INFO - Processing /Users/pablofrancoherrero/prueba_tecnica/venv/lib/python3.11/site-packages/airflow/example_dags/example_setup_teardown_taskflow.py took 0.047 seconds
[2026-04-29T11:06:47.523+0200] {processor.py:161} INFO - Started process (PID=83868) to work on /Users/pablofrancoherrero/prueba_tecnica/venv/lib/python3.11/site-packages/airflow/example_dags/example_setup_teardown_taskflow.py
[2026-04-29T11:06:47.523+0200] {processor.py:830} INFO - Processing file /Users/pablofrancoherrero/prueba_tecnica/venv/lib/python3.11/site-packages/airflow/example_dags/example_setup_teardown_taskflow.py for tasks to queue
[2026-04-29T11:06:47.523+0200] {logging_mixin.py:188} INFO - [2026-04-29T11:06:47.523+0200] {dagbag.py:540} INFO - Filling up the DagBag from /Users/pablofrancoherrero/prueba_tecnica/venv/lib/python3.11/site-packages/airflow/example_dags/example_setup_teardown_taskflow.py
[2026-04-29T11:06:47.537+0200] {processor.py:840} INFO - DAG(s) 'example_setup_teardown_taskflow' retrieved from /Users/pablofrancoherrero/prueba_tecnica/venv/lib/python3.11/site-packages/airflow/example_dags/example_setup_teardown_taskflow.py
[2026-04-29T11:06:47.563+0200] {logging_mixin.py:188} INFO - [2026-04-29T11:06:47.563+0200] {dag.py:3096} INFO - Sync 1 DAGs
[2026-04-29T11:06:47.567+0200] {logging_mixin.py:188} INFO - [2026-04-29T11:06:47.567+0200] {dag.py:3954} INFO - Setting next_dagrun for example_setup_teardown_taskflow to 2026-04-28 00:00:00+00:00, run_after=2026-04-29 00:00:00+00:00
[2026-04-29T11:06:47.572+0200] {processor.py:183} INFO - Processing /Users/pablofrancoherrero/prueba_tecnica/venv/lib/python3.11/site-packages/airflow/example_dags/example_setup_teardown_taskflow.py took 0.050 seconds
[2026-04-29T11:23:26.810+0200] {processor.py:161} INFO - Started process (PID=84015) to work on /Users/pablofrancoherrero/prueba_tecnica/venv/lib/python3.11/site-packages/airflow/example_dags/example_setup_teardown_taskflow.py
[2026-04-29T11:23:26.811+0200] {processor.py:830} INFO - Processing file /Users/pablofrancoherrero/prueba_tecnica/venv/lib/python3.11/site-packages/airflow/example_dags/example_setup_teardown_taskflow.py for tasks to queue
[2026-04-29T11:23:26.811+0200] {logging_mixin.py:188} INFO - [2026-04-29T11:23:26.811+0200] {dagbag.py:540} INFO - Filling up the DagBag from /Users/pablofrancoherrero/prueba_tecnica/venv/lib/python3.11/site-packages/airflow/example_dags/example_setup_teardown_taskflow.py
[2026-04-29T11:23:26.822+0200] {processor.py:840} INFO - DAG(s) 'example_setup_teardown_taskflow' retrieved from /Users/pablofrancoherrero/prueba_tecnica/venv/lib/python3.11/site-packages/airflow/example_dags/example_setup_teardown_taskflow.py
[2026-04-29T11:23:26.847+0200] {logging_mixin.py:188} INFO - [2026-04-29T11:23:26.847+0200] {dag.py:3096} INFO - Sync 1 DAGs
[2026-04-29T11:23:26.851+0200] {logging_mixin.py:188} INFO - [2026-04-29T11:23:26.851+0200] {dag.py:3954} INFO - Setting next_dagrun for example_setup_teardown_taskflow to 2026-04-28 00:00:00+00:00, run_after=2026-04-29 00:00:00+00:00
[2026-04-29T11:23:26.856+0200] {processor.py:183} INFO - Processing /Users/pablofrancoherrero/prueba_tecnica/venv/lib/python3.11/site-packages/airflow/example_dags/example_setup_teardown_taskflow.py took 0.047 seconds
[2026-04-29T11:24:44.179+0200] {processor.py:161} INFO - Started process (PID=84119) to work on /Users/pablofrancoherrero/prueba_tecnica/venv/lib/python3.11/site-packages/airflow/example_dags/example_setup_teardown_taskflow.py
[2026-04-29T11:24:44.179+0200] {processor.py:830} INFO - Processing file /Users/pablofrancoherrero/prueba_tecnica/venv/lib/python3.11/site-packages/airflow/example_dags/example_setup_teardown_taskflow.py for tasks to queue
[2026-04-29T11:24:44.180+0200] {logging_mixin.py:188} INFO - [2026-04-29T11:24:44.180+0200] {dagbag.py:540} INFO - Filling up the DagBag from /Users/pablofrancoherrero/prueba_tecnica/venv/lib/python3.11/site-packages/airflow/example_dags/example_setup_teardown_taskflow.py
[2026-04-29T11:24:44.191+0200] {processor.py:840} INFO - DAG(s) 'example_setup_teardown_taskflow' retrieved from /Users/pablofrancoherrero/prueba_tecnica/venv/lib/python3.11/site-packages/airflow/example_dags/example_setup_teardown_taskflow.py
[2026-04-29T11:24:44.216+0200] {logging_mixin.py:188} INFO - [2026-04-29T11:24:44.216+0200] {dag.py:3096} INFO - Sync 1 DAGs
[2026-04-29T11:24:44.220+0200] {logging_mixin.py:188} INFO - [2026-04-29T11:24:44.220+0200] {dag.py:3954} INFO - Setting next_dagrun for example_setup_teardown_taskflow to 2026-04-28 00:00:00+00:00, run_after=2026-04-29 00:00:00+00:00
[2026-04-29T11:24:44.225+0200] {processor.py:183} INFO - Processing /Users/pablofrancoherrero/prueba_tecnica/venv/lib/python3.11/site-packages/airflow/example_dags/example_setup_teardown_taskflow.py took 0.046 seconds
[2026-04-29T11:26:05.133+0200] {processor.py:161} INFO - Started process (PID=84221) to work on /Users/pablofrancoherrero/prueba_tecnica/venv/lib/python3.11/site-packages/airflow/example_dags/example_setup_teardown_taskflow.py
[2026-04-29T11:26:05.134+0200] {processor.py:830} INFO - Processing file /Users/pablofrancoherrero/prueba_tecnica/venv/lib/python3.11/site-packages/airflow/example_dags/example_setup_teardown_taskflow.py for tasks to queue
[2026-04-29T11:26:05.134+0200] {logging_mixin.py:188} INFO - [2026-04-29T11:26:05.134+0200] {dagbag.py:540} INFO - Filling up the DagBag from /Users/pablofrancoherrero/prueba_tecnica/venv/lib/python3.11/site-packages/airflow/example_dags/example_setup_teardown_taskflow.py
[2026-04-29T11:26:05.146+0200] {processor.py:840} INFO - DAG(s) 'example_setup_teardown_taskflow' retrieved from /Users/pablofrancoherrero/prueba_tecnica/venv/lib/python3.11/site-packages/airflow/example_dags/example_setup_teardown_taskflow.py
[2026-04-29T11:26:05.171+0200] {logging_mixin.py:188} INFO - [2026-04-29T11:26:05.171+0200] {dag.py:3096} INFO - Sync 1 DAGs
[2026-04-29T11:26:05.176+0200] {logging_mixin.py:188} INFO - [2026-04-29T11:26:05.176+0200] {dag.py:3954} INFO - Setting next_dagrun for example_setup_teardown_taskflow to 2026-04-28 00:00:00+00:00, run_after=2026-04-29 00:00:00+00:00
[2026-04-29T11:26:05.180+0200] {processor.py:183} INFO - Processing /Users/pablofrancoherrero/prueba_tecnica/venv/lib/python3.11/site-packages/airflow/example_dags/example_setup_teardown_taskflow.py took 0.047 seconds
[2026-04-29T11:32:23.395+0200] {processor.py:161} INFO - Started process (PID=84357) to work on /Users/pablofrancoherrero/prueba_tecnica/venv/lib/python3.11/site-packages/airflow/example_dags/example_setup_teardown_taskflow.py
[2026-04-29T11:32:23.396+0200] {processor.py:830} INFO - Processing file /Users/pablofrancoherrero/prueba_tecnica/venv/lib/python3.11/site-packages/airflow/example_dags/example_setup_teardown_taskflow.py for tasks to queue
[2026-04-29T11:32:23.396+0200] {logging_mixin.py:188} INFO - [2026-04-29T11:32:23.396+0200] {dagbag.py:540} INFO - Filling up the DagBag from /Users/pablofrancoherrero/prueba_tecnica/venv/lib/python3.11/site-packages/airflow/example_dags/example_setup_teardown_taskflow.py
[2026-04-29T11:32:23.408+0200] {processor.py:840} INFO - DAG(s) 'example_setup_teardown_taskflow' retrieved from /Users/pablofrancoherrero/prueba_tecnica/venv/lib/python3.11/site-packages/airflow/example_dags/example_setup_teardown_taskflow.py
[2026-04-29T11:32:23.434+0200] {logging_mixin.py:188} INFO - [2026-04-29T11:32:23.433+0200] {dag.py:3096} INFO - Sync 1 DAGs
[2026-04-29T11:32:23.438+0200] {logging_mixin.py:188} INFO - [2026-04-29T11:32:23.438+0200] {dag.py:3954} INFO - Setting next_dagrun for example_setup_teardown_taskflow to 2026-04-28 00:00:00+00:00, run_after=2026-04-29 00:00:00+00:00
[2026-04-29T11:32:23.442+0200] {processor.py:183} INFO - Processing /Users/pablofrancoherrero/prueba_tecnica/venv/lib/python3.11/site-packages/airflow/example_dags/example_setup_teardown_taskflow.py took 0.048 seconds
[2026-04-29T11:48:03.818+0200] {processor.py:161} INFO - Started process (PID=84496) to work on /Users/pablofrancoherrero/prueba_tecnica/venv/lib/python3.11/site-packages/airflow/example_dags/example_setup_teardown_taskflow.py
[2026-04-29T11:48:03.818+0200] {processor.py:830} INFO - Processing file /Users/pablofrancoherrero/prueba_tecnica/venv/lib/python3.11/site-packages/airflow/example_dags/example_setup_teardown_taskflow.py for tasks to queue
[2026-04-29T11:48:03.818+0200] {logging_mixin.py:188} INFO - [2026-04-29T11:48:03.818+0200] {dagbag.py:540} INFO - Filling up the DagBag from /Users/pablofrancoherrero/prueba_tecnica/venv/lib/python3.11/site-packages/airflow/example_dags/example_setup_teardown_taskflow.py
[2026-04-29T11:48:03.830+0200] {processor.py:840} INFO - DAG(s) 'example_setup_teardown_taskflow' retrieved from /Users/pablofrancoherrero/prueba_tecnica/venv/lib/python3.11/site-packages/airflow/example_dags/example_setup_teardown_taskflow.py
[2026-04-29T11:48:03.856+0200] {logging_mixin.py:188} INFO - [2026-04-29T11:48:03.856+0200] {dag.py:3096} INFO - Sync 1 DAGs
[2026-04-29T11:48:03.860+0200] {logging_mixin.py:188} INFO - [2026-04-29T11:48:03.860+0200] {dag.py:3954} INFO - Setting next_dagrun for example_setup_teardown_taskflow to 2026-04-28 00:00:00+00:00, run_after=2026-04-29 00:00:00+00:00
[2026-04-29T11:48:03.865+0200] {processor.py:183} INFO - Processing /Users/pablofrancoherrero/prueba_tecnica/venv/lib/python3.11/site-packages/airflow/example_dags/example_setup_teardown_taskflow.py took 0.048 seconds
[2026-04-29T11:53:24.311+0200] {processor.py:161} INFO - Started process (PID=84593) to work on /Users/pablofrancoherrero/prueba_tecnica/venv/lib/python3.11/site-packages/airflow/example_dags/example_setup_teardown_taskflow.py
[2026-04-29T11:53:24.312+0200] {processor.py:830} INFO - Processing file /Users/pablofrancoherrero/prueba_tecnica/venv/lib/python3.11/site-packages/airflow/example_dags/example_setup_teardown_taskflow.py for tasks to queue
[2026-04-29T11:53:24.312+0200] {logging_mixin.py:188} INFO - [2026-04-29T11:53:24.312+0200] {dagbag.py:540} INFO - Filling up the DagBag from /Users/pablofrancoherrero/prueba_tecnica/venv/lib/python3.11/site-packages/airflow/example_dags/example_setup_teardown_taskflow.py
[2026-04-29T11:53:24.325+0200] {processor.py:840} INFO - DAG(s) 'example_setup_teardown_taskflow' retrieved from /Users/pablofrancoherrero/prueba_tecnica/venv/lib/python3.11/site-packages/airflow/example_dags/example_setup_teardown_taskflow.py
[2026-04-29T11:53:24.350+0200] {logging_mixin.py:188} INFO - [2026-04-29T11:53:24.350+0200] {dag.py:3096} INFO - Sync 1 DAGs
[2026-04-29T11:53:24.355+0200] {logging_mixin.py:188} INFO - [2026-04-29T11:53:24.355+0200] {dag.py:3954} INFO - Setting next_dagrun for example_setup_teardown_taskflow to 2026-04-28 00:00:00+00:00, run_after=2026-04-29 00:00:00+00:00
[2026-04-29T11:53:24.360+0200] {processor.py:183} INFO - Processing /Users/pablofrancoherrero/prueba_tecnica/venv/lib/python3.11/site-packages/airflow/example_dags/example_setup_teardown_taskflow.py took 0.050 seconds
[2026-04-29T12:03:53.848+0200] {processor.py:161} INFO - Started process (PID=84699) to work on /Users/pablofrancoherrero/prueba_tecnica/venv/lib/python3.11/site-packages/airflow/example_dags/example_setup_teardown_taskflow.py
[2026-04-29T12:03:53.849+0200] {processor.py:830} INFO - Processing file /Users/pablofrancoherrero/prueba_tecnica/venv/lib/python3.11/site-packages/airflow/example_dags/example_setup_teardown_taskflow.py for tasks to queue
[2026-04-29T12:03:53.849+0200] {logging_mixin.py:188} INFO - [2026-04-29T12:03:53.849+0200] {dagbag.py:540} INFO - Filling up the DagBag from /Users/pablofrancoherrero/prueba_tecnica/venv/lib/python3.11/site-packages/airflow/example_dags/example_setup_teardown_taskflow.py
[2026-04-29T12:03:53.861+0200] {processor.py:840} INFO - DAG(s) 'example_setup_teardown_taskflow' retrieved from /Users/pablofrancoherrero/prueba_tecnica/venv/lib/python3.11/site-packages/airflow/example_dags/example_setup_teardown_taskflow.py
[2026-04-29T12:03:53.886+0200] {logging_mixin.py:188} INFO - [2026-04-29T12:03:53.886+0200] {dag.py:3096} INFO - Sync 1 DAGs
[2026-04-29T12:03:53.890+0200] {logging_mixin.py:188} INFO - [2026-04-29T12:03:53.890+0200] {dag.py:3954} INFO - Setting next_dagrun for example_setup_teardown_taskflow to 2026-04-28 00:00:00+00:00, run_after=2026-04-29 00:00:00+00:00
[2026-04-29T12:03:53.895+0200] {processor.py:183} INFO - Processing /Users/pablofrancoherrero/prueba_tecnica/venv/lib/python3.11/site-packages/airflow/example_dags/example_setup_teardown_taskflow.py took 0.047 seconds
[2026-04-29T12:06:45.654+0200] {processor.py:161} INFO - Started process (PID=84849) to work on /Users/pablofrancoherrero/prueba_tecnica/venv/lib/python3.11/site-packages/airflow/example_dags/example_setup_teardown_taskflow.py
[2026-04-29T12:06:45.655+0200] {processor.py:830} INFO - Processing file /Users/pablofrancoherrero/prueba_tecnica/venv/lib/python3.11/site-packages/airflow/example_dags/example_setup_teardown_taskflow.py for tasks to queue
[2026-04-29T12:06:45.655+0200] {logging_mixin.py:188} INFO - [2026-04-29T12:06:45.655+0200] {dagbag.py:540} INFO - Filling up the DagBag from /Users/pablofrancoherrero/prueba_tecnica/venv/lib/python3.11/site-packages/airflow/example_dags/example_setup_teardown_taskflow.py
[2026-04-29T12:06:45.667+0200] {processor.py:840} INFO - DAG(s) 'example_setup_teardown_taskflow' retrieved from /Users/pablofrancoherrero/prueba_tecnica/venv/lib/python3.11/site-packages/airflow/example_dags/example_setup_teardown_taskflow.py
[2026-04-29T12:06:45.693+0200] {logging_mixin.py:188} INFO - [2026-04-29T12:06:45.693+0200] {dag.py:3096} INFO - Sync 1 DAGs
[2026-04-29T12:06:45.698+0200] {logging_mixin.py:188} INFO - [2026-04-29T12:06:45.698+0200] {dag.py:3954} INFO - Setting next_dagrun for example_setup_teardown_taskflow to 2026-04-28 00:00:00+00:00, run_after=2026-04-29 00:00:00+00:00
[2026-04-29T12:06:45.704+0200] {processor.py:183} INFO - Processing /Users/pablofrancoherrero/prueba_tecnica/venv/lib/python3.11/site-packages/airflow/example_dags/example_setup_teardown_taskflow.py took 0.051 seconds
[2026-04-29T12:08:14.097+0200] {processor.py:161} INFO - Started process (PID=84968) to work on /Users/pablofrancoherrero/prueba_tecnica/venv/lib/python3.11/site-packages/airflow/example_dags/example_setup_teardown_taskflow.py
[2026-04-29T12:08:14.098+0200] {processor.py:830} INFO - Processing file /Users/pablofrancoherrero/prueba_tecnica/venv/lib/python3.11/site-packages/airflow/example_dags/example_setup_teardown_taskflow.py for tasks to queue
[2026-04-29T12:08:14.098+0200] {logging_mixin.py:188} INFO - [2026-04-29T12:08:14.098+0200] {dagbag.py:540} INFO - Filling up the DagBag from /Users/pablofrancoherrero/prueba_tecnica/venv/lib/python3.11/site-packages/airflow/example_dags/example_setup_teardown_taskflow.py
[2026-04-29T12:08:14.109+0200] {processor.py:840} INFO - DAG(s) 'example_setup_teardown_taskflow' retrieved from /Users/pablofrancoherrero/prueba_tecnica/venv/lib/python3.11/site-packages/airflow/example_dags/example_setup_teardown_taskflow.py
[2026-04-29T12:08:14.134+0200] {logging_mixin.py:188} INFO - [2026-04-29T12:08:14.134+0200] {dag.py:3096} INFO - Sync 1 DAGs
[2026-04-29T12:08:14.138+0200] {logging_mixin.py:188} INFO - [2026-04-29T12:08:14.138+0200] {dag.py:3954} INFO - Setting next_dagrun for example_setup_teardown_taskflow to 2026-04-28 00:00:00+00:00, run_after=2026-04-29 00:00:00+00:00
[2026-04-29T12:08:14.142+0200] {processor.py:183} INFO - Processing /Users/pablofrancoherrero/prueba_tecnica/venv/lib/python3.11/site-packages/airflow/example_dags/example_setup_teardown_taskflow.py took 0.046 seconds
[2026-04-29T12:26:42.519+0200] {processor.py:161} INFO - Started process (PID=85103) to work on /Users/pablofrancoherrero/prueba_tecnica/venv/lib/python3.11/site-packages/airflow/example_dags/example_setup_teardown_taskflow.py
[2026-04-29T12:26:42.520+0200] {processor.py:830} INFO - Processing file /Users/pablofrancoherrero/prueba_tecnica/venv/lib/python3.11/site-packages/airflow/example_dags/example_setup_teardown_taskflow.py for tasks to queue
[2026-04-29T12:26:42.520+0200] {logging_mixin.py:188} INFO - [2026-04-29T12:26:42.520+0200] {dagbag.py:540} INFO - Filling up the DagBag from /Users/pablofrancoherrero/prueba_tecnica/venv/lib/python3.11/site-packages/airflow/example_dags/example_setup_teardown_taskflow.py
[2026-04-29T12:26:42.533+0200] {processor.py:840} INFO - DAG(s) 'example_setup_teardown_taskflow' retrieved from /Users/pablofrancoherrero/prueba_tecnica/venv/lib/python3.11/site-packages/airflow/example_dags/example_setup_teardown_taskflow.py
[2026-04-29T12:26:42.558+0200] {logging_mixin.py:188} INFO - [2026-04-29T12:26:42.558+0200] {dag.py:3096} INFO - Sync 1 DAGs
[2026-04-29T12:26:42.563+0200] {logging_mixin.py:188} INFO - [2026-04-29T12:26:42.563+0200] {dag.py:3954} INFO - Setting next_dagrun for example_setup_teardown_taskflow to 2026-04-28 00:00:00+00:00, run_after=2026-04-29 00:00:00+00:00
[2026-04-29T12:26:42.567+0200] {processor.py:183} INFO - Processing /Users/pablofrancoherrero/prueba_tecnica/venv/lib/python3.11/site-packages/airflow/example_dags/example_setup_teardown_taskflow.py took 0.049 seconds
[2026-04-29T12:28:10.594+0200] {processor.py:161} INFO - Started process (PID=85246) to work on /Users/pablofrancoherrero/prueba_tecnica/venv/lib/python3.11/site-packages/airflow/example_dags/example_setup_teardown_taskflow.py
[2026-04-29T12:28:10.595+0200] {processor.py:830} INFO - Processing file /Users/pablofrancoherrero/prueba_tecnica/venv/lib/python3.11/site-packages/airflow/example_dags/example_setup_teardown_taskflow.py for tasks to queue
[2026-04-29T12:28:10.596+0200] {logging_mixin.py:188} INFO - [2026-04-29T12:28:10.596+0200] {dagbag.py:540} INFO - Filling up the DagBag from /Users/pablofrancoherrero/prueba_tecnica/venv/lib/python3.11/site-packages/airflow/example_dags/example_setup_teardown_taskflow.py
[2026-04-29T12:28:10.609+0200] {processor.py:840} INFO - DAG(s) 'example_setup_teardown_taskflow' retrieved from /Users/pablofrancoherrero/prueba_tecnica/venv/lib/python3.11/site-packages/airflow/example_dags/example_setup_teardown_taskflow.py
[2026-04-29T12:28:10.635+0200] {logging_mixin.py:188} INFO - [2026-04-29T12:28:10.635+0200] {dag.py:3096} INFO - Sync 1 DAGs
[2026-04-29T12:28:10.640+0200] {logging_mixin.py:188} INFO - [2026-04-29T12:28:10.640+0200] {dag.py:3954} INFO - Setting next_dagrun for example_setup_teardown_taskflow to 2026-04-28 00:00:00+00:00, run_after=2026-04-29 00:00:00+00:00
[2026-04-29T12:28:10.645+0200] {processor.py:183} INFO - Processing /Users/pablofrancoherrero/prueba_tecnica/venv/lib/python3.11/site-packages/airflow/example_dags/example_setup_teardown_taskflow.py took 0.052 seconds
[2026-04-29T12:29:32.715+0200] {processor.py:161} INFO - Started process (PID=85358) to work on /Users/pablofrancoherrero/prueba_tecnica/venv/lib/python3.11/site-packages/airflow/example_dags/example_setup_teardown_taskflow.py
[2026-04-29T12:29:32.717+0200] {processor.py:830} INFO - Processing file /Users/pablofrancoherrero/prueba_tecnica/venv/lib/python3.11/site-packages/airflow/example_dags/example_setup_teardown_taskflow.py for tasks to queue
[2026-04-29T12:29:32.717+0200] {logging_mixin.py:188} INFO - [2026-04-29T12:29:32.717+0200] {dagbag.py:540} INFO - Filling up the DagBag from /Users/pablofrancoherrero/prueba_tecnica/venv/lib/python3.11/site-packages/airflow/example_dags/example_setup_teardown_taskflow.py
[2026-04-29T12:29:32.729+0200] {processor.py:840} INFO - DAG(s) 'example_setup_teardown_taskflow' retrieved from /Users/pablofrancoherrero/prueba_tecnica/venv/lib/python3.11/site-packages/airflow/example_dags/example_setup_teardown_taskflow.py
[2026-04-29T12:29:32.755+0200] {logging_mixin.py:188} INFO - [2026-04-29T12:29:32.755+0200] {dag.py:3096} INFO - Sync 1 DAGs
[2026-04-29T12:29:32.760+0200] {logging_mixin.py:188} INFO - [2026-04-29T12:29:32.760+0200] {dag.py:3954} INFO - Setting next_dagrun for example_setup_teardown_taskflow to 2026-04-28 00:00:00+00:00, run_after=2026-04-29 00:00:00+00:00
[2026-04-29T12:29:32.764+0200] {processor.py:183} INFO - Processing /Users/pablofrancoherrero/prueba_tecnica/venv/lib/python3.11/site-packages/airflow/example_dags/example_setup_teardown_taskflow.py took 0.050 seconds
[2026-04-29T12:30:55.062+0200] {processor.py:161} INFO - Started process (PID=85480) to work on /Users/pablofrancoherrero/prueba_tecnica/venv/lib/python3.11/site-packages/airflow/example_dags/example_setup_teardown_taskflow.py
[2026-04-29T12:30:55.063+0200] {processor.py:830} INFO - Processing file /Users/pablofrancoherrero/prueba_tecnica/venv/lib/python3.11/site-packages/airflow/example_dags/example_setup_teardown_taskflow.py for tasks to queue
[2026-04-29T12:30:55.063+0200] {logging_mixin.py:188} INFO - [2026-04-29T12:30:55.063+0200] {dagbag.py:540} INFO - Filling up the DagBag from /Users/pablofrancoherrero/prueba_tecnica/venv/lib/python3.11/site-packages/airflow/example_dags/example_setup_teardown_taskflow.py
[2026-04-29T12:30:55.077+0200] {processor.py:840} INFO - DAG(s) 'example_setup_teardown_taskflow' retrieved from /Users/pablofrancoherrero/prueba_tecnica/venv/lib/python3.11/site-packages/airflow/example_dags/example_setup_teardown_taskflow.py
[2026-04-29T12:30:55.108+0200] {logging_mixin.py:188} INFO - [2026-04-29T12:30:55.108+0200] {dag.py:3096} INFO - Sync 1 DAGs
[2026-04-29T12:30:55.114+0200] {logging_mixin.py:188} INFO - [2026-04-29T12:30:55.114+0200] {dag.py:3954} INFO - Setting next_dagrun for example_setup_teardown_taskflow to 2026-04-28 00:00:00+00:00, run_after=2026-04-29 00:00:00+00:00
[2026-04-29T12:30:55.120+0200] {processor.py:183} INFO - Processing /Users/pablofrancoherrero/prueba_tecnica/venv/lib/python3.11/site-packages/airflow/example_dags/example_setup_teardown_taskflow.py took 0.059 seconds
[2026-04-29T12:32:18.029+0200] {processor.py:161} INFO - Started process (PID=85575) to work on /Users/pablofrancoherrero/prueba_tecnica/venv/lib/python3.11/site-packages/airflow/example_dags/example_setup_teardown_taskflow.py
[2026-04-29T12:32:18.030+0200] {processor.py:830} INFO - Processing file /Users/pablofrancoherrero/prueba_tecnica/venv/lib/python3.11/site-packages/airflow/example_dags/example_setup_teardown_taskflow.py for tasks to queue
[2026-04-29T12:32:18.031+0200] {logging_mixin.py:188} INFO - [2026-04-29T12:32:18.031+0200] {dagbag.py:540} INFO - Filling up the DagBag from /Users/pablofrancoherrero/prueba_tecnica/venv/lib/python3.11/site-packages/airflow/example_dags/example_setup_teardown_taskflow.py
[2026-04-29T12:32:18.042+0200] {processor.py:840} INFO - DAG(s) 'example_setup_teardown_taskflow' retrieved from /Users/pablofrancoherrero/prueba_tecnica/venv/lib/python3.11/site-packages/airflow/example_dags/example_setup_teardown_taskflow.py
[2026-04-29T12:32:18.068+0200] {logging_mixin.py:188} INFO - [2026-04-29T12:32:18.068+0200] {dag.py:3096} INFO - Sync 1 DAGs
[2026-04-29T12:32:18.073+0200] {logging_mixin.py:188} INFO - [2026-04-29T12:32:18.073+0200] {dag.py:3954} INFO - Setting next_dagrun for example_setup_teardown_taskflow to 2026-04-28 00:00:00+00:00, run_after=2026-04-29 00:00:00+00:00
[2026-04-29T12:32:18.077+0200] {processor.py:183} INFO - Processing /Users/pablofrancoherrero/prueba_tecnica/venv/lib/python3.11/site-packages/airflow/example_dags/example_setup_teardown_taskflow.py took 0.049 seconds
[2026-04-29T12:33:41.341+0200] {processor.py:161} INFO - Started process (PID=85684) to work on /Users/pablofrancoherrero/prueba_tecnica/venv/lib/python3.11/site-packages/airflow/example_dags/example_setup_teardown_taskflow.py
[2026-04-29T12:33:41.342+0200] {processor.py:830} INFO - Processing file /Users/pablofrancoherrero/prueba_tecnica/venv/lib/python3.11/site-packages/airflow/example_dags/example_setup_teardown_taskflow.py for tasks to queue
[2026-04-29T12:33:41.342+0200] {logging_mixin.py:188} INFO - [2026-04-29T12:33:41.342+0200] {dagbag.py:540} INFO - Filling up the DagBag from /Users/pablofrancoherrero/prueba_tecnica/venv/lib/python3.11/site-packages/airflow/example_dags/example_setup_teardown_taskflow.py
[2026-04-29T12:33:41.354+0200] {processor.py:840} INFO - DAG(s) 'example_setup_teardown_taskflow' retrieved from /Users/pablofrancoherrero/prueba_tecnica/venv/lib/python3.11/site-packages/airflow/example_dags/example_setup_teardown_taskflow.py
[2026-04-29T12:33:41.382+0200] {logging_mixin.py:188} INFO - [2026-04-29T12:33:41.381+0200] {dag.py:3096} INFO - Sync 1 DAGs
[2026-04-29T12:33:41.386+0200] {logging_mixin.py:188} INFO - [2026-04-29T12:33:41.386+0200] {dag.py:3954} INFO - Setting next_dagrun for example_setup_teardown_taskflow to 2026-04-28 00:00:00+00:00, run_after=2026-04-29 00:00:00+00:00
[2026-04-29T12:33:41.391+0200] {processor.py:183} INFO - Processing /Users/pablofrancoherrero/prueba_tecnica/venv/lib/python3.11/site-packages/airflow/example_dags/example_setup_teardown_taskflow.py took 0.051 seconds
[2026-04-29T12:35:00.385+0200] {processor.py:161} INFO - Started process (PID=85789) to work on /Users/pablofrancoherrero/prueba_tecnica/venv/lib/python3.11/site-packages/airflow/example_dags/example_setup_teardown_taskflow.py
[2026-04-29T12:35:00.385+0200] {processor.py:830} INFO - Processing file /Users/pablofrancoherrero/prueba_tecnica/venv/lib/python3.11/site-packages/airflow/example_dags/example_setup_teardown_taskflow.py for tasks to queue
[2026-04-29T12:35:00.385+0200] {logging_mixin.py:188} INFO - [2026-04-29T12:35:00.385+0200] {dagbag.py:540} INFO - Filling up the DagBag from /Users/pablofrancoherrero/prueba_tecnica/venv/lib/python3.11/site-packages/airflow/example_dags/example_setup_teardown_taskflow.py
[2026-04-29T12:35:00.397+0200] {processor.py:840} INFO - DAG(s) 'example_setup_teardown_taskflow' retrieved from /Users/pablofrancoherrero/prueba_tecnica/venv/lib/python3.11/site-packages/airflow/example_dags/example_setup_teardown_taskflow.py
[2026-04-29T12:35:00.424+0200] {logging_mixin.py:188} INFO - [2026-04-29T12:35:00.424+0200] {dag.py:3096} INFO - Sync 1 DAGs
[2026-04-29T12:35:00.428+0200] {logging_mixin.py:188} INFO - [2026-04-29T12:35:00.428+0200] {dag.py:3954} INFO - Setting next_dagrun for example_setup_teardown_taskflow to 2026-04-28 00:00:00+00:00, run_after=2026-04-29 00:00:00+00:00
[2026-04-29T12:35:00.433+0200] {processor.py:183} INFO - Processing /Users/pablofrancoherrero/prueba_tecnica/venv/lib/python3.11/site-packages/airflow/example_dags/example_setup_teardown_taskflow.py took 0.049 seconds
[2026-04-29T12:36:23.318+0200] {processor.py:161} INFO - Started process (PID=85906) to work on /Users/pablofrancoherrero/prueba_tecnica/venv/lib/python3.11/site-packages/airflow/example_dags/example_setup_teardown_taskflow.py
[2026-04-29T12:36:23.319+0200] {processor.py:830} INFO - Processing file /Users/pablofrancoherrero/prueba_tecnica/venv/lib/python3.11/site-packages/airflow/example_dags/example_setup_teardown_taskflow.py for tasks to queue
[2026-04-29T12:36:23.319+0200] {logging_mixin.py:188} INFO - [2026-04-29T12:36:23.319+0200] {dagbag.py:540} INFO - Filling up the DagBag from /Users/pablofrancoherrero/prueba_tecnica/venv/lib/python3.11/site-packages/airflow/example_dags/example_setup_teardown_taskflow.py
[2026-04-29T12:36:23.332+0200] {processor.py:840} INFO - DAG(s) 'example_setup_teardown_taskflow' retrieved from /Users/pablofrancoherrero/prueba_tecnica/venv/lib/python3.11/site-packages/airflow/example_dags/example_setup_teardown_taskflow.py
[2026-04-29T12:36:23.358+0200] {logging_mixin.py:188} INFO - [2026-04-29T12:36:23.358+0200] {dag.py:3096} INFO - Sync 1 DAGs
[2026-04-29T12:36:23.363+0200] {logging_mixin.py:188} INFO - [2026-04-29T12:36:23.363+0200] {dag.py:3954} INFO - Setting next_dagrun for example_setup_teardown_taskflow to 2026-04-28 00:00:00+00:00, run_after=2026-04-29 00:00:00+00:00
[2026-04-29T12:36:23.368+0200] {processor.py:183} INFO - Processing /Users/pablofrancoherrero/prueba_tecnica/venv/lib/python3.11/site-packages/airflow/example_dags/example_setup_teardown_taskflow.py took 0.050 seconds
[2026-04-29T12:37:42.565+0200] {processor.py:161} INFO - Started process (PID=85987) to work on /Users/pablofrancoherrero/prueba_tecnica/venv/lib/python3.11/site-packages/airflow/example_dags/example_setup_teardown_taskflow.py
[2026-04-29T12:37:42.565+0200] {processor.py:830} INFO - Processing file /Users/pablofrancoherrero/prueba_tecnica/venv/lib/python3.11/site-packages/airflow/example_dags/example_setup_teardown_taskflow.py for tasks to queue
[2026-04-29T12:37:42.565+0200] {logging_mixin.py:188} INFO - [2026-04-29T12:37:42.565+0200] {dagbag.py:540} INFO - Filling up the DagBag from /Users/pablofrancoherrero/prueba_tecnica/venv/lib/python3.11/site-packages/airflow/example_dags/example_setup_teardown_taskflow.py
[2026-04-29T12:37:42.578+0200] {processor.py:840} INFO - DAG(s) 'example_setup_teardown_taskflow' retrieved from /Users/pablofrancoherrero/prueba_tecnica/venv/lib/python3.11/site-packages/airflow/example_dags/example_setup_teardown_taskflow.py
[2026-04-29T12:37:42.605+0200] {logging_mixin.py:188} INFO - [2026-04-29T12:37:42.604+0200] {dag.py:3096} INFO - Sync 1 DAGs
[2026-04-29T12:37:42.609+0200] {logging_mixin.py:188} INFO - [2026-04-29T12:37:42.609+0200] {dag.py:3954} INFO - Setting next_dagrun for example_setup_teardown_taskflow to 2026-04-28 00:00:00+00:00, run_after=2026-04-29 00:00:00+00:00
[2026-04-29T12:37:42.614+0200] {processor.py:183} INFO - Processing /Users/pablofrancoherrero/prueba_tecnica/venv/lib/python3.11/site-packages/airflow/example_dags/example_setup_teardown_taskflow.py took 0.050 seconds
[2026-04-29T12:39:04.741+0200] {processor.py:161} INFO - Started process (PID=86099) to work on /Users/pablofrancoherrero/prueba_tecnica/venv/lib/python3.11/site-packages/airflow/example_dags/example_setup_teardown_taskflow.py
[2026-04-29T12:39:04.742+0200] {processor.py:830} INFO - Processing file /Users/pablofrancoherrero/prueba_tecnica/venv/lib/python3.11/site-packages/airflow/example_dags/example_setup_teardown_taskflow.py for tasks to queue
[2026-04-29T12:39:04.743+0200] {logging_mixin.py:188} INFO - [2026-04-29T12:39:04.743+0200] {dagbag.py:540} INFO - Filling up the DagBag from /Users/pablofrancoherrero/prueba_tecnica/venv/lib/python3.11/site-packages/airflow/example_dags/example_setup_teardown_taskflow.py
[2026-04-29T12:39:04.754+0200] {processor.py:840} INFO - DAG(s) 'example_setup_teardown_taskflow' retrieved from /Users/pablofrancoherrero/prueba_tecnica/venv/lib/python3.11/site-packages/airflow/example_dags/example_setup_teardown_taskflow.py
[2026-04-29T12:39:04.781+0200] {logging_mixin.py:188} INFO - [2026-04-29T12:39:04.780+0200] {dag.py:3096} INFO - Sync 1 DAGs
[2026-04-29T12:39:04.785+0200] {logging_mixin.py:188} INFO - [2026-04-29T12:39:04.785+0200] {dag.py:3954} INFO - Setting next_dagrun for example_setup_teardown_taskflow to 2026-04-28 00:00:00+00:00, run_after=2026-04-29 00:00:00+00:00
[2026-04-29T12:39:04.790+0200] {processor.py:183} INFO - Processing /Users/pablofrancoherrero/prueba_tecnica/venv/lib/python3.11/site-packages/airflow/example_dags/example_setup_teardown_taskflow.py took 0.049 seconds
[2026-04-29T12:40:26.037+0200] {processor.py:161} INFO - Started process (PID=86243) to work on /Users/pablofrancoherrero/prueba_tecnica/venv/lib/python3.11/site-packages/airflow/example_dags/example_setup_teardown_taskflow.py
[2026-04-29T12:40:26.038+0200] {processor.py:830} INFO - Processing file /Users/pablofrancoherrero/prueba_tecnica/venv/lib/python3.11/site-packages/airflow/example_dags/example_setup_teardown_taskflow.py for tasks to queue
[2026-04-29T12:40:26.038+0200] {logging_mixin.py:188} INFO - [2026-04-29T12:40:26.038+0200] {dagbag.py:540} INFO - Filling up the DagBag from /Users/pablofrancoherrero/prueba_tecnica/venv/lib/python3.11/site-packages/airflow/example_dags/example_setup_teardown_taskflow.py
[2026-04-29T12:40:26.050+0200] {processor.py:840} INFO - DAG(s) 'example_setup_teardown_taskflow' retrieved from /Users/pablofrancoherrero/prueba_tecnica/venv/lib/python3.11/site-packages/airflow/example_dags/example_setup_teardown_taskflow.py
[2026-04-29T12:40:26.077+0200] {logging_mixin.py:188} INFO - [2026-04-29T12:40:26.076+0200] {dag.py:3096} INFO - Sync 1 DAGs
[2026-04-29T12:40:26.081+0200] {logging_mixin.py:188} INFO - [2026-04-29T12:40:26.081+0200] {dag.py:3954} INFO - Setting next_dagrun for example_setup_teardown_taskflow to 2026-04-28 00:00:00+00:00, run_after=2026-04-29 00:00:00+00:00
[2026-04-29T12:40:26.086+0200] {processor.py:183} INFO - Processing /Users/pablofrancoherrero/prueba_tecnica/venv/lib/python3.11/site-packages/airflow/example_dags/example_setup_teardown_taskflow.py took 0.049 seconds
[2026-04-29T12:41:46.498+0200] {processor.py:161} INFO - Started process (PID=86393) to work on /Users/pablofrancoherrero/prueba_tecnica/venv/lib/python3.11/site-packages/airflow/example_dags/example_setup_teardown_taskflow.py
[2026-04-29T12:41:46.498+0200] {processor.py:830} INFO - Processing file /Users/pablofrancoherrero/prueba_tecnica/venv/lib/python3.11/site-packages/airflow/example_dags/example_setup_teardown_taskflow.py for tasks to queue
[2026-04-29T12:41:46.499+0200] {logging_mixin.py:188} INFO - [2026-04-29T12:41:46.499+0200] {dagbag.py:540} INFO - Filling up the DagBag from /Users/pablofrancoherrero/prueba_tecnica/venv/lib/python3.11/site-packages/airflow/example_dags/example_setup_teardown_taskflow.py
[2026-04-29T12:41:46.510+0200] {processor.py:840} INFO - DAG(s) 'example_setup_teardown_taskflow' retrieved from /Users/pablofrancoherrero/prueba_tecnica/venv/lib/python3.11/site-packages/airflow/example_dags/example_setup_teardown_taskflow.py
[2026-04-29T12:41:46.537+0200] {logging_mixin.py:188} INFO - [2026-04-29T12:41:46.536+0200] {dag.py:3096} INFO - Sync 1 DAGs
[2026-04-29T12:41:46.541+0200] {logging_mixin.py:188} INFO - [2026-04-29T12:41:46.541+0200] {dag.py:3954} INFO - Setting next_dagrun for example_setup_teardown_taskflow to 2026-04-28 00:00:00+00:00, run_after=2026-04-29 00:00:00+00:00
[2026-04-29T12:41:46.546+0200] {processor.py:183} INFO - Processing /Users/pablofrancoherrero/prueba_tecnica/venv/lib/python3.11/site-packages/airflow/example_dags/example_setup_teardown_taskflow.py took 0.048 seconds
[2026-04-29T12:43:09.283+0200] {processor.py:161} INFO - Started process (PID=86504) to work on /Users/pablofrancoherrero/prueba_tecnica/venv/lib/python3.11/site-packages/airflow/example_dags/example_setup_teardown_taskflow.py
[2026-04-29T12:43:09.284+0200] {processor.py:830} INFO - Processing file /Users/pablofrancoherrero/prueba_tecnica/venv/lib/python3.11/site-packages/airflow/example_dags/example_setup_teardown_taskflow.py for tasks to queue
[2026-04-29T12:43:09.284+0200] {logging_mixin.py:188} INFO - [2026-04-29T12:43:09.284+0200] {dagbag.py:540} INFO - Filling up the DagBag from /Users/pablofrancoherrero/prueba_tecnica/venv/lib/python3.11/site-packages/airflow/example_dags/example_setup_teardown_taskflow.py
[2026-04-29T12:43:09.295+0200] {processor.py:840} INFO - DAG(s) 'example_setup_teardown_taskflow' retrieved from /Users/pablofrancoherrero/prueba_tecnica/venv/lib/python3.11/site-packages/airflow/example_dags/example_setup_teardown_taskflow.py
[2026-04-29T12:43:09.322+0200] {logging_mixin.py:188} INFO - [2026-04-29T12:43:09.322+0200] {dag.py:3096} INFO - Sync 1 DAGs
[2026-04-29T12:43:09.326+0200] {logging_mixin.py:188} INFO - [2026-04-29T12:43:09.326+0200] {dag.py:3954} INFO - Setting next_dagrun for example_setup_teardown_taskflow to 2026-04-28 00:00:00+00:00, run_after=2026-04-29 00:00:00+00:00
[2026-04-29T12:43:09.331+0200] {processor.py:183} INFO - Processing /Users/pablofrancoherrero/prueba_tecnica/venv/lib/python3.11/site-packages/airflow/example_dags/example_setup_teardown_taskflow.py took 0.049 seconds
[2026-04-29T12:44:29.684+0200] {processor.py:161} INFO - Started process (PID=86595) to work on /Users/pablofrancoherrero/prueba_tecnica/venv/lib/python3.11/site-packages/airflow/example_dags/example_setup_teardown_taskflow.py
[2026-04-29T12:44:29.684+0200] {processor.py:830} INFO - Processing file /Users/pablofrancoherrero/prueba_tecnica/venv/lib/python3.11/site-packages/airflow/example_dags/example_setup_teardown_taskflow.py for tasks to queue
[2026-04-29T12:44:29.685+0200] {logging_mixin.py:188} INFO - [2026-04-29T12:44:29.684+0200] {dagbag.py:540} INFO - Filling up the DagBag from /Users/pablofrancoherrero/prueba_tecnica/venv/lib/python3.11/site-packages/airflow/example_dags/example_setup_teardown_taskflow.py
[2026-04-29T12:44:29.697+0200] {processor.py:840} INFO - DAG(s) 'example_setup_teardown_taskflow' retrieved from /Users/pablofrancoherrero/prueba_tecnica/venv/lib/python3.11/site-packages/airflow/example_dags/example_setup_teardown_taskflow.py
[2026-04-29T12:44:29.725+0200] {logging_mixin.py:188} INFO - [2026-04-29T12:44:29.725+0200] {dag.py:3096} INFO - Sync 1 DAGs
[2026-04-29T12:44:29.729+0200] {logging_mixin.py:188} INFO - [2026-04-29T12:44:29.729+0200] {dag.py:3954} INFO - Setting next_dagrun for example_setup_teardown_taskflow to 2026-04-28 00:00:00+00:00, run_after=2026-04-29 00:00:00+00:00
[2026-04-29T12:44:29.734+0200] {processor.py:183} INFO - Processing /Users/pablofrancoherrero/prueba_tecnica/venv/lib/python3.11/site-packages/airflow/example_dags/example_setup_teardown_taskflow.py took 0.052 seconds
[2026-04-29T12:45:52.967+0200] {processor.py:161} INFO - Started process (PID=86669) to work on /Users/pablofrancoherrero/prueba_tecnica/venv/lib/python3.11/site-packages/airflow/example_dags/example_setup_teardown_taskflow.py
[2026-04-29T12:45:52.968+0200] {processor.py:830} INFO - Processing file /Users/pablofrancoherrero/prueba_tecnica/venv/lib/python3.11/site-packages/airflow/example_dags/example_setup_teardown_taskflow.py for tasks to queue
[2026-04-29T12:45:52.968+0200] {logging_mixin.py:188} INFO - [2026-04-29T12:45:52.968+0200] {dagbag.py:540} INFO - Filling up the DagBag from /Users/pablofrancoherrero/prueba_tecnica/venv/lib/python3.11/site-packages/airflow/example_dags/example_setup_teardown_taskflow.py
[2026-04-29T12:45:52.986+0200] {processor.py:840} INFO - DAG(s) 'example_setup_teardown_taskflow' retrieved from /Users/pablofrancoherrero/prueba_tecnica/venv/lib/python3.11/site-packages/airflow/example_dags/example_setup_teardown_taskflow.py
[2026-04-29T12:45:53.012+0200] {logging_mixin.py:188} INFO - [2026-04-29T12:45:53.012+0200] {dag.py:3096} INFO - Sync 1 DAGs
[2026-04-29T12:45:53.017+0200] {logging_mixin.py:188} INFO - [2026-04-29T12:45:53.017+0200] {dag.py:3954} INFO - Setting next_dagrun for example_setup_teardown_taskflow to 2026-04-28 00:00:00+00:00, run_after=2026-04-29 00:00:00+00:00
[2026-04-29T12:45:53.022+0200] {processor.py:183} INFO - Processing /Users/pablofrancoherrero/prueba_tecnica/venv/lib/python3.11/site-packages/airflow/example_dags/example_setup_teardown_taskflow.py took 0.056 seconds
[2026-04-29T12:47:15.200+0200] {processor.py:161} INFO - Started process (PID=86761) to work on /Users/pablofrancoherrero/prueba_tecnica/venv/lib/python3.11/site-packages/airflow/example_dags/example_setup_teardown_taskflow.py
[2026-04-29T12:47:15.200+0200] {processor.py:830} INFO - Processing file /Users/pablofrancoherrero/prueba_tecnica/venv/lib/python3.11/site-packages/airflow/example_dags/example_setup_teardown_taskflow.py for tasks to queue
[2026-04-29T12:47:15.201+0200] {logging_mixin.py:188} INFO - [2026-04-29T12:47:15.201+0200] {dagbag.py:540} INFO - Filling up the DagBag from /Users/pablofrancoherrero/prueba_tecnica/venv/lib/python3.11/site-packages/airflow/example_dags/example_setup_teardown_taskflow.py
[2026-04-29T12:47:15.218+0200] {processor.py:840} INFO - DAG(s) 'example_setup_teardown_taskflow' retrieved from /Users/pablofrancoherrero/prueba_tecnica/venv/lib/python3.11/site-packages/airflow/example_dags/example_setup_teardown_taskflow.py
[2026-04-29T12:47:15.246+0200] {logging_mixin.py:188} INFO - [2026-04-29T12:47:15.246+0200] {dag.py:3096} INFO - Sync 1 DAGs
[2026-04-29T12:47:15.251+0200] {logging_mixin.py:188} INFO - [2026-04-29T12:47:15.251+0200] {dag.py:3954} INFO - Setting next_dagrun for example_setup_teardown_taskflow to 2026-04-28 00:00:00+00:00, run_after=2026-04-29 00:00:00+00:00
[2026-04-29T12:47:15.256+0200] {processor.py:183} INFO - Processing /Users/pablofrancoherrero/prueba_tecnica/venv/lib/python3.11/site-packages/airflow/example_dags/example_setup_teardown_taskflow.py took 0.058 seconds
[2026-04-29T12:48:44.197+0200] {processor.py:161} INFO - Started process (PID=86874) to work on /Users/pablofrancoherrero/prueba_tecnica/venv/lib/python3.11/site-packages/airflow/example_dags/example_setup_teardown_taskflow.py
[2026-04-29T12:48:44.198+0200] {processor.py:830} INFO - Processing file /Users/pablofrancoherrero/prueba_tecnica/venv/lib/python3.11/site-packages/airflow/example_dags/example_setup_teardown_taskflow.py for tasks to queue
[2026-04-29T12:48:44.198+0200] {logging_mixin.py:188} INFO - [2026-04-29T12:48:44.198+0200] {dagbag.py:540} INFO - Filling up the DagBag from /Users/pablofrancoherrero/prueba_tecnica/venv/lib/python3.11/site-packages/airflow/example_dags/example_setup_teardown_taskflow.py
[2026-04-29T12:48:44.210+0200] {processor.py:840} INFO - DAG(s) 'example_setup_teardown_taskflow' retrieved from /Users/pablofrancoherrero/prueba_tecnica/venv/lib/python3.11/site-packages/airflow/example_dags/example_setup_teardown_taskflow.py
[2026-04-29T12:48:44.238+0200] {logging_mixin.py:188} INFO - [2026-04-29T12:48:44.238+0200] {dag.py:3096} INFO - Sync 1 DAGs
[2026-04-29T12:48:44.243+0200] {logging_mixin.py:188} INFO - [2026-04-29T12:48:44.243+0200] {dag.py:3954} INFO - Setting next_dagrun for example_setup_teardown_taskflow to 2026-04-28 00:00:00+00:00, run_after=2026-04-29 00:00:00+00:00
[2026-04-29T12:48:44.247+0200] {processor.py:183} INFO - Processing /Users/pablofrancoherrero/prueba_tecnica/venv/lib/python3.11/site-packages/airflow/example_dags/example_setup_teardown_taskflow.py took 0.051 seconds
[2026-04-29T12:50:09.737+0200] {processor.py:161} INFO - Started process (PID=86988) to work on /Users/pablofrancoherrero/prueba_tecnica/venv/lib/python3.11/site-packages/airflow/example_dags/example_setup_teardown_taskflow.py
[2026-04-29T12:50:09.738+0200] {processor.py:830} INFO - Processing file /Users/pablofrancoherrero/prueba_tecnica/venv/lib/python3.11/site-packages/airflow/example_dags/example_setup_teardown_taskflow.py for tasks to queue
[2026-04-29T12:50:09.738+0200] {logging_mixin.py:188} INFO - [2026-04-29T12:50:09.738+0200] {dagbag.py:540} INFO - Filling up the DagBag from /Users/pablofrancoherrero/prueba_tecnica/venv/lib/python3.11/site-packages/airflow/example_dags/example_setup_teardown_taskflow.py
[2026-04-29T12:50:09.751+0200] {processor.py:840} INFO - DAG(s) 'example_setup_teardown_taskflow' retrieved from /Users/pablofrancoherrero/prueba_tecnica/venv/lib/python3.11/site-packages/airflow/example_dags/example_setup_teardown_taskflow.py
[2026-04-29T12:50:09.778+0200] {logging_mixin.py:188} INFO - [2026-04-29T12:50:09.778+0200] {dag.py:3096} INFO - Sync 1 DAGs
[2026-04-29T12:50:09.783+0200] {logging_mixin.py:188} INFO - [2026-04-29T12:50:09.783+0200] {dag.py:3954} INFO - Setting next_dagrun for example_setup_teardown_taskflow to 2026-04-28 00:00:00+00:00, run_after=2026-04-29 00:00:00+00:00
[2026-04-29T12:50:09.788+0200] {processor.py:183} INFO - Processing /Users/pablofrancoherrero/prueba_tecnica/venv/lib/python3.11/site-packages/airflow/example_dags/example_setup_teardown_taskflow.py took 0.052 seconds
[2026-04-29T12:51:34.167+0200] {processor.py:161} INFO - Started process (PID=87084) to work on /Users/pablofrancoherrero/prueba_tecnica/venv/lib/python3.11/site-packages/airflow/example_dags/example_setup_teardown_taskflow.py
[2026-04-29T12:51:34.168+0200] {processor.py:830} INFO - Processing file /Users/pablofrancoherrero/prueba_tecnica/venv/lib/python3.11/site-packages/airflow/example_dags/example_setup_teardown_taskflow.py for tasks to queue
[2026-04-29T12:51:34.168+0200] {logging_mixin.py:188} INFO - [2026-04-29T12:51:34.168+0200] {dagbag.py:540} INFO - Filling up the DagBag from /Users/pablofrancoherrero/prueba_tecnica/venv/lib/python3.11/site-packages/airflow/example_dags/example_setup_teardown_taskflow.py
[2026-04-29T12:51:34.181+0200] {processor.py:840} INFO - DAG(s) 'example_setup_teardown_taskflow' retrieved from /Users/pablofrancoherrero/prueba_tecnica/venv/lib/python3.11/site-packages/airflow/example_dags/example_setup_teardown_taskflow.py
[2026-04-29T12:51:34.211+0200] {logging_mixin.py:188} INFO - [2026-04-29T12:51:34.211+0200] {dag.py:3096} INFO - Sync 1 DAGs
[2026-04-29T12:51:34.216+0200] {logging_mixin.py:188} INFO - [2026-04-29T12:51:34.216+0200] {dag.py:3954} INFO - Setting next_dagrun for example_setup_teardown_taskflow to 2026-04-28 00:00:00+00:00, run_after=2026-04-29 00:00:00+00:00
[2026-04-29T12:51:34.221+0200] {processor.py:183} INFO - Processing /Users/pablofrancoherrero/prueba_tecnica/venv/lib/python3.11/site-packages/airflow/example_dags/example_setup_teardown_taskflow.py took 0.055 seconds
[2026-04-29T12:53:01.719+0200] {processor.py:161} INFO - Started process (PID=87187) to work on /Users/pablofrancoherrero/prueba_tecnica/venv/lib/python3.11/site-packages/airflow/example_dags/example_setup_teardown_taskflow.py
[2026-04-29T12:53:01.720+0200] {processor.py:830} INFO - Processing file /Users/pablofrancoherrero/prueba_tecnica/venv/lib/python3.11/site-packages/airflow/example_dags/example_setup_teardown_taskflow.py for tasks to queue
[2026-04-29T12:53:01.720+0200] {logging_mixin.py:188} INFO - [2026-04-29T12:53:01.720+0200] {dagbag.py:540} INFO - Filling up the DagBag from /Users/pablofrancoherrero/prueba_tecnica/venv/lib/python3.11/site-packages/airflow/example_dags/example_setup_teardown_taskflow.py
[2026-04-29T12:53:01.732+0200] {processor.py:840} INFO - DAG(s) 'example_setup_teardown_taskflow' retrieved from /Users/pablofrancoherrero/prueba_tecnica/venv/lib/python3.11/site-packages/airflow/example_dags/example_setup_teardown_taskflow.py
[2026-04-29T12:53:01.759+0200] {logging_mixin.py:188} INFO - [2026-04-29T12:53:01.759+0200] {dag.py:3096} INFO - Sync 1 DAGs
[2026-04-29T12:53:01.764+0200] {logging_mixin.py:188} INFO - [2026-04-29T12:53:01.764+0200] {dag.py:3954} INFO - Setting next_dagrun for example_setup_teardown_taskflow to 2026-04-28 00:00:00+00:00, run_after=2026-04-29 00:00:00+00:00
[2026-04-29T12:53:01.769+0200] {processor.py:183} INFO - Processing /Users/pablofrancoherrero/prueba_tecnica/venv/lib/python3.11/site-packages/airflow/example_dags/example_setup_teardown_taskflow.py took 0.051 seconds
[2026-04-29T12:54:27.408+0200] {processor.py:161} INFO - Started process (PID=87283) to work on /Users/pablofrancoherrero/prueba_tecnica/venv/lib/python3.11/site-packages/airflow/example_dags/example_setup_teardown_taskflow.py
[2026-04-29T12:54:27.408+0200] {processor.py:830} INFO - Processing file /Users/pablofrancoherrero/prueba_tecnica/venv/lib/python3.11/site-packages/airflow/example_dags/example_setup_teardown_taskflow.py for tasks to queue
[2026-04-29T12:54:27.409+0200] {logging_mixin.py:188} INFO - [2026-04-29T12:54:27.408+0200] {dagbag.py:540} INFO - Filling up the DagBag from /Users/pablofrancoherrero/prueba_tecnica/venv/lib/python3.11/site-packages/airflow/example_dags/example_setup_teardown_taskflow.py
[2026-04-29T12:54:27.423+0200] {processor.py:840} INFO - DAG(s) 'example_setup_teardown_taskflow' retrieved from /Users/pablofrancoherrero/prueba_tecnica/venv/lib/python3.11/site-packages/airflow/example_dags/example_setup_teardown_taskflow.py
[2026-04-29T12:54:27.450+0200] {logging_mixin.py:188} INFO - [2026-04-29T12:54:27.450+0200] {dag.py:3096} INFO - Sync 1 DAGs
[2026-04-29T12:54:27.455+0200] {logging_mixin.py:188} INFO - [2026-04-29T12:54:27.455+0200] {dag.py:3954} INFO - Setting next_dagrun for example_setup_teardown_taskflow to 2026-04-28 00:00:00+00:00, run_after=2026-04-29 00:00:00+00:00
[2026-04-29T12:54:27.460+0200] {processor.py:183} INFO - Processing /Users/pablofrancoherrero/prueba_tecnica/venv/lib/python3.11/site-packages/airflow/example_dags/example_setup_teardown_taskflow.py took 0.053 seconds
[2026-04-29T12:55:54.048+0200] {processor.py:161} INFO - Started process (PID=87417) to work on /Users/pablofrancoherrero/prueba_tecnica/venv/lib/python3.11/site-packages/airflow/example_dags/example_setup_teardown_taskflow.py
[2026-04-29T12:55:54.048+0200] {processor.py:830} INFO - Processing file /Users/pablofrancoherrero/prueba_tecnica/venv/lib/python3.11/site-packages/airflow/example_dags/example_setup_teardown_taskflow.py for tasks to queue
[2026-04-29T12:55:54.049+0200] {logging_mixin.py:188} INFO - [2026-04-29T12:55:54.048+0200] {dagbag.py:540} INFO - Filling up the DagBag from /Users/pablofrancoherrero/prueba_tecnica/venv/lib/python3.11/site-packages/airflow/example_dags/example_setup_teardown_taskflow.py
[2026-04-29T12:55:54.062+0200] {processor.py:840} INFO - DAG(s) 'example_setup_teardown_taskflow' retrieved from /Users/pablofrancoherrero/prueba_tecnica/venv/lib/python3.11/site-packages/airflow/example_dags/example_setup_teardown_taskflow.py
[2026-04-29T12:55:54.091+0200] {logging_mixin.py:188} INFO - [2026-04-29T12:55:54.091+0200] {dag.py:3096} INFO - Sync 1 DAGs
[2026-04-29T12:55:54.096+0200] {logging_mixin.py:188} INFO - [2026-04-29T12:55:54.096+0200] {dag.py:3954} INFO - Setting next_dagrun for example_setup_teardown_taskflow to 2026-04-28 00:00:00+00:00, run_after=2026-04-29 00:00:00+00:00
[2026-04-29T12:55:54.101+0200] {processor.py:183} INFO - Processing /Users/pablofrancoherrero/prueba_tecnica/venv/lib/python3.11/site-packages/airflow/example_dags/example_setup_teardown_taskflow.py took 0.054 seconds
[2026-04-29T12:57:18.213+0200] {processor.py:161} INFO - Started process (PID=87527) to work on /Users/pablofrancoherrero/prueba_tecnica/venv/lib/python3.11/site-packages/airflow/example_dags/example_setup_teardown_taskflow.py
[2026-04-29T12:57:18.214+0200] {processor.py:830} INFO - Processing file /Users/pablofrancoherrero/prueba_tecnica/venv/lib/python3.11/site-packages/airflow/example_dags/example_setup_teardown_taskflow.py for tasks to queue
[2026-04-29T12:57:18.214+0200] {logging_mixin.py:188} INFO - [2026-04-29T12:57:18.214+0200] {dagbag.py:540} INFO - Filling up the DagBag from /Users/pablofrancoherrero/prueba_tecnica/venv/lib/python3.11/site-packages/airflow/example_dags/example_setup_teardown_taskflow.py
[2026-04-29T12:57:18.236+0200] {processor.py:840} INFO - DAG(s) 'example_setup_teardown_taskflow' retrieved from /Users/pablofrancoherrero/prueba_tecnica/venv/lib/python3.11/site-packages/airflow/example_dags/example_setup_teardown_taskflow.py
[2026-04-29T12:57:18.263+0200] {logging_mixin.py:188} INFO - [2026-04-29T12:57:18.263+0200] {dag.py:3096} INFO - Sync 1 DAGs
[2026-04-29T12:57:18.267+0200] {logging_mixin.py:188} INFO - [2026-04-29T12:57:18.267+0200] {dag.py:3954} INFO - Setting next_dagrun for example_setup_teardown_taskflow to 2026-04-28 00:00:00+00:00, run_after=2026-04-29 00:00:00+00:00
[2026-04-29T12:57:18.272+0200] {processor.py:183} INFO - Processing /Users/pablofrancoherrero/prueba_tecnica/venv/lib/python3.11/site-packages/airflow/example_dags/example_setup_teardown_taskflow.py took 0.061 seconds
[2026-04-29T12:58:44.188+0200] {processor.py:161} INFO - Started process (PID=87628) to work on /Users/pablofrancoherrero/prueba_tecnica/venv/lib/python3.11/site-packages/airflow/example_dags/example_setup_teardown_taskflow.py
[2026-04-29T12:58:44.188+0200] {processor.py:830} INFO - Processing file /Users/pablofrancoherrero/prueba_tecnica/venv/lib/python3.11/site-packages/airflow/example_dags/example_setup_teardown_taskflow.py for tasks to queue
[2026-04-29T12:58:44.189+0200] {logging_mixin.py:188} INFO - [2026-04-29T12:58:44.188+0200] {dagbag.py:540} INFO - Filling up the DagBag from /Users/pablofrancoherrero/prueba_tecnica/venv/lib/python3.11/site-packages/airflow/example_dags/example_setup_teardown_taskflow.py
[2026-04-29T12:58:44.201+0200] {processor.py:840} INFO - DAG(s) 'example_setup_teardown_taskflow' retrieved from /Users/pablofrancoherrero/prueba_tecnica/venv/lib/python3.11/site-packages/airflow/example_dags/example_setup_teardown_taskflow.py
[2026-04-29T12:58:44.229+0200] {logging_mixin.py:188} INFO - [2026-04-29T12:58:44.229+0200] {dag.py:3096} INFO - Sync 1 DAGs
[2026-04-29T12:58:44.234+0200] {logging_mixin.py:188} INFO - [2026-04-29T12:58:44.234+0200] {dag.py:3954} INFO - Setting next_dagrun for example_setup_teardown_taskflow to 2026-04-28 00:00:00+00:00, run_after=2026-04-29 00:00:00+00:00
[2026-04-29T12:58:44.239+0200] {processor.py:183} INFO - Processing /Users/pablofrancoherrero/prueba_tecnica/venv/lib/python3.11/site-packages/airflow/example_dags/example_setup_teardown_taskflow.py took 0.052 seconds
[2026-04-29T13:00:07.891+0200] {processor.py:161} INFO - Started process (PID=87700) to work on /Users/pablofrancoherrero/prueba_tecnica/venv/lib/python3.11/site-packages/airflow/example_dags/example_setup_teardown_taskflow.py
[2026-04-29T13:00:07.892+0200] {processor.py:830} INFO - Processing file /Users/pablofrancoherrero/prueba_tecnica/venv/lib/python3.11/site-packages/airflow/example_dags/example_setup_teardown_taskflow.py for tasks to queue
[2026-04-29T13:00:07.892+0200] {logging_mixin.py:188} INFO - [2026-04-29T13:00:07.892+0200] {dagbag.py:540} INFO - Filling up the DagBag from /Users/pablofrancoherrero/prueba_tecnica/venv/lib/python3.11/site-packages/airflow/example_dags/example_setup_teardown_taskflow.py
[2026-04-29T13:00:07.905+0200] {processor.py:840} INFO - DAG(s) 'example_setup_teardown_taskflow' retrieved from /Users/pablofrancoherrero/prueba_tecnica/venv/lib/python3.11/site-packages/airflow/example_dags/example_setup_teardown_taskflow.py
[2026-04-29T13:00:07.931+0200] {logging_mixin.py:188} INFO - [2026-04-29T13:00:07.931+0200] {dag.py:3096} INFO - Sync 1 DAGs
[2026-04-29T13:00:07.936+0200] {logging_mixin.py:188} INFO - [2026-04-29T13:00:07.935+0200] {dag.py:3954} INFO - Setting next_dagrun for example_setup_teardown_taskflow to 2026-04-28 00:00:00+00:00, run_after=2026-04-29 00:00:00+00:00
[2026-04-29T13:00:07.941+0200] {processor.py:183} INFO - Processing /Users/pablofrancoherrero/prueba_tecnica/venv/lib/python3.11/site-packages/airflow/example_dags/example_setup_teardown_taskflow.py took 0.051 seconds
[2026-04-29T13:01:32.239+0200] {processor.py:161} INFO - Started process (PID=87825) to work on /Users/pablofrancoherrero/prueba_tecnica/venv/lib/python3.11/site-packages/airflow/example_dags/example_setup_teardown_taskflow.py
[2026-04-29T13:01:32.240+0200] {processor.py:830} INFO - Processing file /Users/pablofrancoherrero/prueba_tecnica/venv/lib/python3.11/site-packages/airflow/example_dags/example_setup_teardown_taskflow.py for tasks to queue
[2026-04-29T13:01:32.240+0200] {logging_mixin.py:188} INFO - [2026-04-29T13:01:32.240+0200] {dagbag.py:540} INFO - Filling up the DagBag from /Users/pablofrancoherrero/prueba_tecnica/venv/lib/python3.11/site-packages/airflow/example_dags/example_setup_teardown_taskflow.py
[2026-04-29T13:01:32.264+0200] {processor.py:840} INFO - DAG(s) 'example_setup_teardown_taskflow' retrieved from /Users/pablofrancoherrero/prueba_tecnica/venv/lib/python3.11/site-packages/airflow/example_dags/example_setup_teardown_taskflow.py
[2026-04-29T13:01:32.325+0200] {logging_mixin.py:188} INFO - [2026-04-29T13:01:32.324+0200] {dag.py:3096} INFO - Sync 1 DAGs
[2026-04-29T13:01:32.335+0200] {logging_mixin.py:188} INFO - [2026-04-29T13:01:32.335+0200] {dag.py:3954} INFO - Setting next_dagrun for example_setup_teardown_taskflow to 2026-04-28 00:00:00+00:00, run_after=2026-04-29 00:00:00+00:00
[2026-04-29T13:01:32.344+0200] {processor.py:183} INFO - Processing /Users/pablofrancoherrero/prueba_tecnica/venv/lib/python3.11/site-packages/airflow/example_dags/example_setup_teardown_taskflow.py took 0.106 seconds
[2026-04-29T13:02:54.398+0200] {processor.py:161} INFO - Started process (PID=87937) to work on /Users/pablofrancoherrero/prueba_tecnica/venv/lib/python3.11/site-packages/airflow/example_dags/example_setup_teardown_taskflow.py
[2026-04-29T13:02:54.400+0200] {processor.py:830} INFO - Processing file /Users/pablofrancoherrero/prueba_tecnica/venv/lib/python3.11/site-packages/airflow/example_dags/example_setup_teardown_taskflow.py for tasks to queue
[2026-04-29T13:02:54.400+0200] {logging_mixin.py:188} INFO - [2026-04-29T13:02:54.400+0200] {dagbag.py:540} INFO - Filling up the DagBag from /Users/pablofrancoherrero/prueba_tecnica/venv/lib/python3.11/site-packages/airflow/example_dags/example_setup_teardown_taskflow.py
[2026-04-29T13:02:54.416+0200] {processor.py:840} INFO - DAG(s) 'example_setup_teardown_taskflow' retrieved from /Users/pablofrancoherrero/prueba_tecnica/venv/lib/python3.11/site-packages/airflow/example_dags/example_setup_teardown_taskflow.py
[2026-04-29T13:02:54.447+0200] {logging_mixin.py:188} INFO - [2026-04-29T13:02:54.447+0200] {dag.py:3096} INFO - Sync 1 DAGs
[2026-04-29T13:02:54.452+0200] {logging_mixin.py:188} INFO - [2026-04-29T13:02:54.452+0200] {dag.py:3954} INFO - Setting next_dagrun for example_setup_teardown_taskflow to 2026-04-28 00:00:00+00:00, run_after=2026-04-29 00:00:00+00:00
[2026-04-29T13:02:54.458+0200] {processor.py:183} INFO - Processing /Users/pablofrancoherrero/prueba_tecnica/venv/lib/python3.11/site-packages/airflow/example_dags/example_setup_teardown_taskflow.py took 0.061 seconds
[2026-04-29T13:04:21.288+0200] {processor.py:161} INFO - Started process (PID=88066) to work on /Users/pablofrancoherrero/prueba_tecnica/venv/lib/python3.11/site-packages/airflow/example_dags/example_setup_teardown_taskflow.py
[2026-04-29T13:04:21.288+0200] {processor.py:830} INFO - Processing file /Users/pablofrancoherrero/prueba_tecnica/venv/lib/python3.11/site-packages/airflow/example_dags/example_setup_teardown_taskflow.py for tasks to queue
[2026-04-29T13:04:21.289+0200] {logging_mixin.py:188} INFO - [2026-04-29T13:04:21.289+0200] {dagbag.py:540} INFO - Filling up the DagBag from /Users/pablofrancoherrero/prueba_tecnica/venv/lib/python3.11/site-packages/airflow/example_dags/example_setup_teardown_taskflow.py
[2026-04-29T13:04:21.301+0200] {processor.py:840} INFO - DAG(s) 'example_setup_teardown_taskflow' retrieved from /Users/pablofrancoherrero/prueba_tecnica/venv/lib/python3.11/site-packages/airflow/example_dags/example_setup_teardown_taskflow.py
[2026-04-29T13:04:21.328+0200] {logging_mixin.py:188} INFO - [2026-04-29T13:04:21.328+0200] {dag.py:3096} INFO - Sync 1 DAGs
[2026-04-29T13:04:21.333+0200] {logging_mixin.py:188} INFO - [2026-04-29T13:04:21.333+0200] {dag.py:3954} INFO - Setting next_dagrun for example_setup_teardown_taskflow to 2026-04-28 00:00:00+00:00, run_after=2026-04-29 00:00:00+00:00
[2026-04-29T13:04:21.338+0200] {processor.py:183} INFO - Processing /Users/pablofrancoherrero/prueba_tecnica/venv/lib/python3.11/site-packages/airflow/example_dags/example_setup_teardown_taskflow.py took 0.051 seconds
[2026-04-29T13:05:45.250+0200] {processor.py:161} INFO - Started process (PID=88177) to work on /Users/pablofrancoherrero/prueba_tecnica/venv/lib/python3.11/site-packages/airflow/example_dags/example_setup_teardown_taskflow.py
[2026-04-29T13:05:45.250+0200] {processor.py:830} INFO - Processing file /Users/pablofrancoherrero/prueba_tecnica/venv/lib/python3.11/site-packages/airflow/example_dags/example_setup_teardown_taskflow.py for tasks to queue
[2026-04-29T13:05:45.251+0200] {logging_mixin.py:188} INFO - [2026-04-29T13:05:45.250+0200] {dagbag.py:540} INFO - Filling up the DagBag from /Users/pablofrancoherrero/prueba_tecnica/venv/lib/python3.11/site-packages/airflow/example_dags/example_setup_teardown_taskflow.py
[2026-04-29T13:05:45.262+0200] {processor.py:840} INFO - DAG(s) 'example_setup_teardown_taskflow' retrieved from /Users/pablofrancoherrero/prueba_tecnica/venv/lib/python3.11/site-packages/airflow/example_dags/example_setup_teardown_taskflow.py
[2026-04-29T13:05:45.289+0200] {logging_mixin.py:188} INFO - [2026-04-29T13:05:45.289+0200] {dag.py:3096} INFO - Sync 1 DAGs
[2026-04-29T13:05:45.293+0200] {logging_mixin.py:188} INFO - [2026-04-29T13:05:45.293+0200] {dag.py:3954} INFO - Setting next_dagrun for example_setup_teardown_taskflow to 2026-04-28 00:00:00+00:00, run_after=2026-04-29 00:00:00+00:00
[2026-04-29T13:05:45.298+0200] {processor.py:183} INFO - Processing /Users/pablofrancoherrero/prueba_tecnica/venv/lib/python3.11/site-packages/airflow/example_dags/example_setup_teardown_taskflow.py took 0.049 seconds
[2026-04-29T13:07:10.087+0200] {processor.py:161} INFO - Started process (PID=88270) to work on /Users/pablofrancoherrero/prueba_tecnica/venv/lib/python3.11/site-packages/airflow/example_dags/example_setup_teardown_taskflow.py
[2026-04-29T13:07:10.088+0200] {processor.py:830} INFO - Processing file /Users/pablofrancoherrero/prueba_tecnica/venv/lib/python3.11/site-packages/airflow/example_dags/example_setup_teardown_taskflow.py for tasks to queue
[2026-04-29T13:07:10.088+0200] {logging_mixin.py:188} INFO - [2026-04-29T13:07:10.088+0200] {dagbag.py:540} INFO - Filling up the DagBag from /Users/pablofrancoherrero/prueba_tecnica/venv/lib/python3.11/site-packages/airflow/example_dags/example_setup_teardown_taskflow.py
[2026-04-29T13:07:10.100+0200] {processor.py:840} INFO - DAG(s) 'example_setup_teardown_taskflow' retrieved from /Users/pablofrancoherrero/prueba_tecnica/venv/lib/python3.11/site-packages/airflow/example_dags/example_setup_teardown_taskflow.py
[2026-04-29T13:07:10.126+0200] {logging_mixin.py:188} INFO - [2026-04-29T13:07:10.126+0200] {dag.py:3096} INFO - Sync 1 DAGs
[2026-04-29T13:07:10.130+0200] {logging_mixin.py:188} INFO - [2026-04-29T13:07:10.130+0200] {dag.py:3954} INFO - Setting next_dagrun for example_setup_teardown_taskflow to 2026-04-28 00:00:00+00:00, run_after=2026-04-29 00:00:00+00:00
[2026-04-29T13:07:10.135+0200] {processor.py:183} INFO - Processing /Users/pablofrancoherrero/prueba_tecnica/venv/lib/python3.11/site-packages/airflow/example_dags/example_setup_teardown_taskflow.py took 0.049 seconds
[2026-04-29T13:08:39.035+0200] {processor.py:161} INFO - Started process (PID=88381) to work on /Users/pablofrancoherrero/prueba_tecnica/venv/lib/python3.11/site-packages/airflow/example_dags/example_setup_teardown_taskflow.py
[2026-04-29T13:08:39.036+0200] {processor.py:830} INFO - Processing file /Users/pablofrancoherrero/prueba_tecnica/venv/lib/python3.11/site-packages/airflow/example_dags/example_setup_teardown_taskflow.py for tasks to queue
[2026-04-29T13:08:39.036+0200] {logging_mixin.py:188} INFO - [2026-04-29T13:08:39.036+0200] {dagbag.py:540} INFO - Filling up the DagBag from /Users/pablofrancoherrero/prueba_tecnica/venv/lib/python3.11/site-packages/airflow/example_dags/example_setup_teardown_taskflow.py
[2026-04-29T13:08:39.048+0200] {processor.py:840} INFO - DAG(s) 'example_setup_teardown_taskflow' retrieved from /Users/pablofrancoherrero/prueba_tecnica/venv/lib/python3.11/site-packages/airflow/example_dags/example_setup_teardown_taskflow.py
[2026-04-29T13:08:39.075+0200] {logging_mixin.py:188} INFO - [2026-04-29T13:08:39.075+0200] {dag.py:3096} INFO - Sync 1 DAGs
[2026-04-29T13:08:39.079+0200] {logging_mixin.py:188} INFO - [2026-04-29T13:08:39.079+0200] {dag.py:3954} INFO - Setting next_dagrun for example_setup_teardown_taskflow to 2026-04-28 00:00:00+00:00, run_after=2026-04-29 00:00:00+00:00
[2026-04-29T13:08:39.084+0200] {processor.py:183} INFO - Processing /Users/pablofrancoherrero/prueba_tecnica/venv/lib/python3.11/site-packages/airflow/example_dags/example_setup_teardown_taskflow.py took 0.050 seconds
[2026-04-29T13:10:02.790+0200] {processor.py:161} INFO - Started process (PID=88463) to work on /Users/pablofrancoherrero/prueba_tecnica/venv/lib/python3.11/site-packages/airflow/example_dags/example_setup_teardown_taskflow.py
[2026-04-29T13:10:02.791+0200] {processor.py:830} INFO - Processing file /Users/pablofrancoherrero/prueba_tecnica/venv/lib/python3.11/site-packages/airflow/example_dags/example_setup_teardown_taskflow.py for tasks to queue
[2026-04-29T13:10:02.791+0200] {logging_mixin.py:188} INFO - [2026-04-29T13:10:02.791+0200] {dagbag.py:540} INFO - Filling up the DagBag from /Users/pablofrancoherrero/prueba_tecnica/venv/lib/python3.11/site-packages/airflow/example_dags/example_setup_teardown_taskflow.py
[2026-04-29T13:10:02.804+0200] {processor.py:840} INFO - DAG(s) 'example_setup_teardown_taskflow' retrieved from /Users/pablofrancoherrero/prueba_tecnica/venv/lib/python3.11/site-packages/airflow/example_dags/example_setup_teardown_taskflow.py
[2026-04-29T13:10:02.830+0200] {logging_mixin.py:188} INFO - [2026-04-29T13:10:02.830+0200] {dag.py:3096} INFO - Sync 1 DAGs
[2026-04-29T13:10:02.835+0200] {logging_mixin.py:188} INFO - [2026-04-29T13:10:02.835+0200] {dag.py:3954} INFO - Setting next_dagrun for example_setup_teardown_taskflow to 2026-04-28 00:00:00+00:00, run_after=2026-04-29 00:00:00+00:00
[2026-04-29T13:10:02.840+0200] {processor.py:183} INFO - Processing /Users/pablofrancoherrero/prueba_tecnica/venv/lib/python3.11/site-packages/airflow/example_dags/example_setup_teardown_taskflow.py took 0.050 seconds
[2026-04-29T13:11:27.835+0200] {processor.py:161} INFO - Started process (PID=88572) to work on /Users/pablofrancoherrero/prueba_tecnica/venv/lib/python3.11/site-packages/airflow/example_dags/example_setup_teardown_taskflow.py
[2026-04-29T13:11:27.835+0200] {processor.py:830} INFO - Processing file /Users/pablofrancoherrero/prueba_tecnica/venv/lib/python3.11/site-packages/airflow/example_dags/example_setup_teardown_taskflow.py for tasks to queue
[2026-04-29T13:11:27.836+0200] {logging_mixin.py:188} INFO - [2026-04-29T13:11:27.836+0200] {dagbag.py:540} INFO - Filling up the DagBag from /Users/pablofrancoherrero/prueba_tecnica/venv/lib/python3.11/site-packages/airflow/example_dags/example_setup_teardown_taskflow.py
[2026-04-29T13:11:27.848+0200] {processor.py:840} INFO - DAG(s) 'example_setup_teardown_taskflow' retrieved from /Users/pablofrancoherrero/prueba_tecnica/venv/lib/python3.11/site-packages/airflow/example_dags/example_setup_teardown_taskflow.py
[2026-04-29T13:11:27.874+0200] {logging_mixin.py:188} INFO - [2026-04-29T13:11:27.874+0200] {dag.py:3096} INFO - Sync 1 DAGs
[2026-04-29T13:11:27.878+0200] {logging_mixin.py:188} INFO - [2026-04-29T13:11:27.878+0200] {dag.py:3954} INFO - Setting next_dagrun for example_setup_teardown_taskflow to 2026-04-28 00:00:00+00:00, run_after=2026-04-29 00:00:00+00:00
[2026-04-29T13:11:27.883+0200] {processor.py:183} INFO - Processing /Users/pablofrancoherrero/prueba_tecnica/venv/lib/python3.11/site-packages/airflow/example_dags/example_setup_teardown_taskflow.py took 0.049 seconds
[2026-04-29T13:12:54.861+0200] {processor.py:161} INFO - Started process (PID=88673) to work on /Users/pablofrancoherrero/prueba_tecnica/venv/lib/python3.11/site-packages/airflow/example_dags/example_setup_teardown_taskflow.py
[2026-04-29T13:12:54.862+0200] {processor.py:830} INFO - Processing file /Users/pablofrancoherrero/prueba_tecnica/venv/lib/python3.11/site-packages/airflow/example_dags/example_setup_teardown_taskflow.py for tasks to queue
[2026-04-29T13:12:54.863+0200] {logging_mixin.py:188} INFO - [2026-04-29T13:12:54.863+0200] {dagbag.py:540} INFO - Filling up the DagBag from /Users/pablofrancoherrero/prueba_tecnica/venv/lib/python3.11/site-packages/airflow/example_dags/example_setup_teardown_taskflow.py
[2026-04-29T13:12:54.875+0200] {processor.py:840} INFO - DAG(s) 'example_setup_teardown_taskflow' retrieved from /Users/pablofrancoherrero/prueba_tecnica/venv/lib/python3.11/site-packages/airflow/example_dags/example_setup_teardown_taskflow.py
[2026-04-29T13:12:54.903+0200] {logging_mixin.py:188} INFO - [2026-04-29T13:12:54.903+0200] {dag.py:3096} INFO - Sync 1 DAGs
[2026-04-29T13:12:54.908+0200] {logging_mixin.py:188} INFO - [2026-04-29T13:12:54.908+0200] {dag.py:3954} INFO - Setting next_dagrun for example_setup_teardown_taskflow to 2026-04-28 00:00:00+00:00, run_after=2026-04-29 00:00:00+00:00
[2026-04-29T13:12:54.913+0200] {processor.py:183} INFO - Processing /Users/pablofrancoherrero/prueba_tecnica/venv/lib/python3.11/site-packages/airflow/example_dags/example_setup_teardown_taskflow.py took 0.052 seconds
[2026-04-29T13:14:21.932+0200] {processor.py:161} INFO - Started process (PID=88772) to work on /Users/pablofrancoherrero/prueba_tecnica/venv/lib/python3.11/site-packages/airflow/example_dags/example_setup_teardown_taskflow.py
[2026-04-29T13:14:21.933+0200] {processor.py:830} INFO - Processing file /Users/pablofrancoherrero/prueba_tecnica/venv/lib/python3.11/site-packages/airflow/example_dags/example_setup_teardown_taskflow.py for tasks to queue
[2026-04-29T13:14:21.933+0200] {logging_mixin.py:188} INFO - [2026-04-29T13:14:21.933+0200] {dagbag.py:540} INFO - Filling up the DagBag from /Users/pablofrancoherrero/prueba_tecnica/venv/lib/python3.11/site-packages/airflow/example_dags/example_setup_teardown_taskflow.py
[2026-04-29T13:14:21.945+0200] {processor.py:840} INFO - DAG(s) 'example_setup_teardown_taskflow' retrieved from /Users/pablofrancoherrero/prueba_tecnica/venv/lib/python3.11/site-packages/airflow/example_dags/example_setup_teardown_taskflow.py
[2026-04-29T13:14:21.972+0200] {logging_mixin.py:188} INFO - [2026-04-29T13:14:21.972+0200] {dag.py:3096} INFO - Sync 1 DAGs
[2026-04-29T13:14:21.976+0200] {logging_mixin.py:188} INFO - [2026-04-29T13:14:21.976+0200] {dag.py:3954} INFO - Setting next_dagrun for example_setup_teardown_taskflow to 2026-04-28 00:00:00+00:00, run_after=2026-04-29 00:00:00+00:00
[2026-04-29T13:14:21.982+0200] {processor.py:183} INFO - Processing /Users/pablofrancoherrero/prueba_tecnica/venv/lib/python3.11/site-packages/airflow/example_dags/example_setup_teardown_taskflow.py took 0.050 seconds
[2026-04-29T13:15:45.653+0200] {processor.py:161} INFO - Started process (PID=88875) to work on /Users/pablofrancoherrero/prueba_tecnica/venv/lib/python3.11/site-packages/airflow/example_dags/example_setup_teardown_taskflow.py
[2026-04-29T13:15:45.654+0200] {processor.py:830} INFO - Processing file /Users/pablofrancoherrero/prueba_tecnica/venv/lib/python3.11/site-packages/airflow/example_dags/example_setup_teardown_taskflow.py for tasks to queue
[2026-04-29T13:15:45.654+0200] {logging_mixin.py:188} INFO - [2026-04-29T13:15:45.654+0200] {dagbag.py:540} INFO - Filling up the DagBag from /Users/pablofrancoherrero/prueba_tecnica/venv/lib/python3.11/site-packages/airflow/example_dags/example_setup_teardown_taskflow.py
[2026-04-29T13:15:45.666+0200] {processor.py:840} INFO - DAG(s) 'example_setup_teardown_taskflow' retrieved from /Users/pablofrancoherrero/prueba_tecnica/venv/lib/python3.11/site-packages/airflow/example_dags/example_setup_teardown_taskflow.py
[2026-04-29T13:15:45.694+0200] {logging_mixin.py:188} INFO - [2026-04-29T13:15:45.694+0200] {dag.py:3096} INFO - Sync 1 DAGs
[2026-04-29T13:15:45.699+0200] {logging_mixin.py:188} INFO - [2026-04-29T13:15:45.699+0200] {dag.py:3954} INFO - Setting next_dagrun for example_setup_teardown_taskflow to 2026-04-28 00:00:00+00:00, run_after=2026-04-29 00:00:00+00:00
[2026-04-29T13:15:45.703+0200] {processor.py:183} INFO - Processing /Users/pablofrancoherrero/prueba_tecnica/venv/lib/python3.11/site-packages/airflow/example_dags/example_setup_teardown_taskflow.py took 0.051 seconds
[2026-04-29T13:17:09.650+0200] {processor.py:161} INFO - Started process (PID=88974) to work on /Users/pablofrancoherrero/prueba_tecnica/venv/lib/python3.11/site-packages/airflow/example_dags/example_setup_teardown_taskflow.py
[2026-04-29T13:17:09.650+0200] {processor.py:830} INFO - Processing file /Users/pablofrancoherrero/prueba_tecnica/venv/lib/python3.11/site-packages/airflow/example_dags/example_setup_teardown_taskflow.py for tasks to queue
[2026-04-29T13:17:09.650+0200] {logging_mixin.py:188} INFO - [2026-04-29T13:17:09.650+0200] {dagbag.py:540} INFO - Filling up the DagBag from /Users/pablofrancoherrero/prueba_tecnica/venv/lib/python3.11/site-packages/airflow/example_dags/example_setup_teardown_taskflow.py
[2026-04-29T13:17:09.663+0200] {processor.py:840} INFO - DAG(s) 'example_setup_teardown_taskflow' retrieved from /Users/pablofrancoherrero/prueba_tecnica/venv/lib/python3.11/site-packages/airflow/example_dags/example_setup_teardown_taskflow.py
[2026-04-29T13:17:09.690+0200] {logging_mixin.py:188} INFO - [2026-04-29T13:17:09.690+0200] {dag.py:3096} INFO - Sync 1 DAGs
[2026-04-29T13:17:09.694+0200] {logging_mixin.py:188} INFO - [2026-04-29T13:17:09.694+0200] {dag.py:3954} INFO - Setting next_dagrun for example_setup_teardown_taskflow to 2026-04-28 00:00:00+00:00, run_after=2026-04-29 00:00:00+00:00
[2026-04-29T13:17:09.700+0200] {processor.py:183} INFO - Processing /Users/pablofrancoherrero/prueba_tecnica/venv/lib/python3.11/site-packages/airflow/example_dags/example_setup_teardown_taskflow.py took 0.051 seconds
[2026-04-29T13:18:33.347+0200] {processor.py:161} INFO - Started process (PID=89083) to work on /Users/pablofrancoherrero/prueba_tecnica/venv/lib/python3.11/site-packages/airflow/example_dags/example_setup_teardown_taskflow.py
[2026-04-29T13:18:33.347+0200] {processor.py:830} INFO - Processing file /Users/pablofrancoherrero/prueba_tecnica/venv/lib/python3.11/site-packages/airflow/example_dags/example_setup_teardown_taskflow.py for tasks to queue
[2026-04-29T13:18:33.347+0200] {logging_mixin.py:188} INFO - [2026-04-29T13:18:33.347+0200] {dagbag.py:540} INFO - Filling up the DagBag from /Users/pablofrancoherrero/prueba_tecnica/venv/lib/python3.11/site-packages/airflow/example_dags/example_setup_teardown_taskflow.py
[2026-04-29T13:18:33.360+0200] {processor.py:840} INFO - DAG(s) 'example_setup_teardown_taskflow' retrieved from /Users/pablofrancoherrero/prueba_tecnica/venv/lib/python3.11/site-packages/airflow/example_dags/example_setup_teardown_taskflow.py
[2026-04-29T13:18:33.387+0200] {logging_mixin.py:188} INFO - [2026-04-29T13:18:33.387+0200] {dag.py:3096} INFO - Sync 1 DAGs
[2026-04-29T13:18:33.392+0200] {logging_mixin.py:188} INFO - [2026-04-29T13:18:33.392+0200] {dag.py:3954} INFO - Setting next_dagrun for example_setup_teardown_taskflow to 2026-04-28 00:00:00+00:00, run_after=2026-04-29 00:00:00+00:00
[2026-04-29T13:18:33.397+0200] {processor.py:183} INFO - Processing /Users/pablofrancoherrero/prueba_tecnica/venv/lib/python3.11/site-packages/airflow/example_dags/example_setup_teardown_taskflow.py took 0.051 seconds
[2026-04-29T13:19:58.220+0200] {processor.py:161} INFO - Started process (PID=89161) to work on /Users/pablofrancoherrero/prueba_tecnica/venv/lib/python3.11/site-packages/airflow/example_dags/example_setup_teardown_taskflow.py
[2026-04-29T13:19:58.220+0200] {processor.py:830} INFO - Processing file /Users/pablofrancoherrero/prueba_tecnica/venv/lib/python3.11/site-packages/airflow/example_dags/example_setup_teardown_taskflow.py for tasks to queue
[2026-04-29T13:19:58.221+0200] {logging_mixin.py:188} INFO - [2026-04-29T13:19:58.221+0200] {dagbag.py:540} INFO - Filling up the DagBag from /Users/pablofrancoherrero/prueba_tecnica/venv/lib/python3.11/site-packages/airflow/example_dags/example_setup_teardown_taskflow.py
[2026-04-29T13:19:58.233+0200] {processor.py:840} INFO - DAG(s) 'example_setup_teardown_taskflow' retrieved from /Users/pablofrancoherrero/prueba_tecnica/venv/lib/python3.11/site-packages/airflow/example_dags/example_setup_teardown_taskflow.py
[2026-04-29T13:19:58.260+0200] {logging_mixin.py:188} INFO - [2026-04-29T13:19:58.260+0200] {dag.py:3096} INFO - Sync 1 DAGs
[2026-04-29T13:19:58.265+0200] {logging_mixin.py:188} INFO - [2026-04-29T13:19:58.265+0200] {dag.py:3954} INFO - Setting next_dagrun for example_setup_teardown_taskflow to 2026-04-28 00:00:00+00:00, run_after=2026-04-29 00:00:00+00:00
[2026-04-29T13:19:58.270+0200] {processor.py:183} INFO - Processing /Users/pablofrancoherrero/prueba_tecnica/venv/lib/python3.11/site-packages/airflow/example_dags/example_setup_teardown_taskflow.py took 0.051 seconds
[2026-04-29T13:21:24.426+0200] {processor.py:161} INFO - Started process (PID=89244) to work on /Users/pablofrancoherrero/prueba_tecnica/venv/lib/python3.11/site-packages/airflow/example_dags/example_setup_teardown_taskflow.py
[2026-04-29T13:21:24.427+0200] {processor.py:830} INFO - Processing file /Users/pablofrancoherrero/prueba_tecnica/venv/lib/python3.11/site-packages/airflow/example_dags/example_setup_teardown_taskflow.py for tasks to queue
[2026-04-29T13:21:24.427+0200] {logging_mixin.py:188} INFO - [2026-04-29T13:21:24.427+0200] {dagbag.py:540} INFO - Filling up the DagBag from /Users/pablofrancoherrero/prueba_tecnica/venv/lib/python3.11/site-packages/airflow/example_dags/example_setup_teardown_taskflow.py
[2026-04-29T13:21:24.440+0200] {processor.py:840} INFO - DAG(s) 'example_setup_teardown_taskflow' retrieved from /Users/pablofrancoherrero/prueba_tecnica/venv/lib/python3.11/site-packages/airflow/example_dags/example_setup_teardown_taskflow.py
[2026-04-29T13:21:24.467+0200] {logging_mixin.py:188} INFO - [2026-04-29T13:21:24.467+0200] {dag.py:3096} INFO - Sync 1 DAGs
[2026-04-29T13:21:24.471+0200] {logging_mixin.py:188} INFO - [2026-04-29T13:21:24.471+0200] {dag.py:3954} INFO - Setting next_dagrun for example_setup_teardown_taskflow to 2026-04-28 00:00:00+00:00, run_after=2026-04-29 00:00:00+00:00
[2026-04-29T13:21:24.476+0200] {processor.py:183} INFO - Processing /Users/pablofrancoherrero/prueba_tecnica/venv/lib/python3.11/site-packages/airflow/example_dags/example_setup_teardown_taskflow.py took 0.051 seconds
[2026-04-29T13:22:48.317+0200] {processor.py:161} INFO - Started process (PID=89335) to work on /Users/pablofrancoherrero/prueba_tecnica/venv/lib/python3.11/site-packages/airflow/example_dags/example_setup_teardown_taskflow.py
[2026-04-29T13:22:48.318+0200] {processor.py:830} INFO - Processing file /Users/pablofrancoherrero/prueba_tecnica/venv/lib/python3.11/site-packages/airflow/example_dags/example_setup_teardown_taskflow.py for tasks to queue
[2026-04-29T13:22:48.318+0200] {logging_mixin.py:188} INFO - [2026-04-29T13:22:48.318+0200] {dagbag.py:540} INFO - Filling up the DagBag from /Users/pablofrancoherrero/prueba_tecnica/venv/lib/python3.11/site-packages/airflow/example_dags/example_setup_teardown_taskflow.py
[2026-04-29T13:22:48.332+0200] {processor.py:840} INFO - DAG(s) 'example_setup_teardown_taskflow' retrieved from /Users/pablofrancoherrero/prueba_tecnica/venv/lib/python3.11/site-packages/airflow/example_dags/example_setup_teardown_taskflow.py
[2026-04-29T13:22:48.362+0200] {logging_mixin.py:188} INFO - [2026-04-29T13:22:48.361+0200] {dag.py:3096} INFO - Sync 1 DAGs
[2026-04-29T13:22:48.366+0200] {logging_mixin.py:188} INFO - [2026-04-29T13:22:48.366+0200] {dag.py:3954} INFO - Setting next_dagrun for example_setup_teardown_taskflow to 2026-04-28 00:00:00+00:00, run_after=2026-04-29 00:00:00+00:00
[2026-04-29T13:22:48.371+0200] {processor.py:183} INFO - Processing /Users/pablofrancoherrero/prueba_tecnica/venv/lib/python3.11/site-packages/airflow/example_dags/example_setup_teardown_taskflow.py took 0.055 seconds
[2026-04-29T13:24:13.907+0200] {processor.py:161} INFO - Started process (PID=89433) to work on /Users/pablofrancoherrero/prueba_tecnica/venv/lib/python3.11/site-packages/airflow/example_dags/example_setup_teardown_taskflow.py
[2026-04-29T13:24:13.908+0200] {processor.py:830} INFO - Processing file /Users/pablofrancoherrero/prueba_tecnica/venv/lib/python3.11/site-packages/airflow/example_dags/example_setup_teardown_taskflow.py for tasks to queue
[2026-04-29T13:24:13.908+0200] {logging_mixin.py:188} INFO - [2026-04-29T13:24:13.908+0200] {dagbag.py:540} INFO - Filling up the DagBag from /Users/pablofrancoherrero/prueba_tecnica/venv/lib/python3.11/site-packages/airflow/example_dags/example_setup_teardown_taskflow.py
[2026-04-29T13:24:13.921+0200] {processor.py:840} INFO - DAG(s) 'example_setup_teardown_taskflow' retrieved from /Users/pablofrancoherrero/prueba_tecnica/venv/lib/python3.11/site-packages/airflow/example_dags/example_setup_teardown_taskflow.py
[2026-04-29T13:24:13.949+0200] {logging_mixin.py:188} INFO - [2026-04-29T13:24:13.949+0200] {dag.py:3096} INFO - Sync 1 DAGs
[2026-04-29T13:24:13.953+0200] {logging_mixin.py:188} INFO - [2026-04-29T13:24:13.953+0200] {dag.py:3954} INFO - Setting next_dagrun for example_setup_teardown_taskflow to 2026-04-28 00:00:00+00:00, run_after=2026-04-29 00:00:00+00:00
[2026-04-29T13:24:13.958+0200] {processor.py:183} INFO - Processing /Users/pablofrancoherrero/prueba_tecnica/venv/lib/python3.11/site-packages/airflow/example_dags/example_setup_teardown_taskflow.py took 0.052 seconds
[2026-04-29T13:25:39.514+0200] {processor.py:161} INFO - Started process (PID=89536) to work on /Users/pablofrancoherrero/prueba_tecnica/venv/lib/python3.11/site-packages/airflow/example_dags/example_setup_teardown_taskflow.py
[2026-04-29T13:25:39.515+0200] {processor.py:830} INFO - Processing file /Users/pablofrancoherrero/prueba_tecnica/venv/lib/python3.11/site-packages/airflow/example_dags/example_setup_teardown_taskflow.py for tasks to queue
[2026-04-29T13:25:39.515+0200] {logging_mixin.py:188} INFO - [2026-04-29T13:25:39.515+0200] {dagbag.py:540} INFO - Filling up the DagBag from /Users/pablofrancoherrero/prueba_tecnica/venv/lib/python3.11/site-packages/airflow/example_dags/example_setup_teardown_taskflow.py
[2026-04-29T13:25:39.527+0200] {processor.py:840} INFO - DAG(s) 'example_setup_teardown_taskflow' retrieved from /Users/pablofrancoherrero/prueba_tecnica/venv/lib/python3.11/site-packages/airflow/example_dags/example_setup_teardown_taskflow.py
[2026-04-29T13:25:39.554+0200] {logging_mixin.py:188} INFO - [2026-04-29T13:25:39.554+0200] {dag.py:3096} INFO - Sync 1 DAGs
[2026-04-29T13:25:39.559+0200] {logging_mixin.py:188} INFO - [2026-04-29T13:25:39.559+0200] {dag.py:3954} INFO - Setting next_dagrun for example_setup_teardown_taskflow to 2026-04-28 00:00:00+00:00, run_after=2026-04-29 00:00:00+00:00
[2026-04-29T13:25:39.564+0200] {processor.py:183} INFO - Processing /Users/pablofrancoherrero/prueba_tecnica/venv/lib/python3.11/site-packages/airflow/example_dags/example_setup_teardown_taskflow.py took 0.051 seconds
[2026-04-29T13:27:02.764+0200] {processor.py:161} INFO - Started process (PID=89626) to work on /Users/pablofrancoherrero/prueba_tecnica/venv/lib/python3.11/site-packages/airflow/example_dags/example_setup_teardown_taskflow.py
[2026-04-29T13:27:02.765+0200] {processor.py:830} INFO - Processing file /Users/pablofrancoherrero/prueba_tecnica/venv/lib/python3.11/site-packages/airflow/example_dags/example_setup_teardown_taskflow.py for tasks to queue
[2026-04-29T13:27:02.765+0200] {logging_mixin.py:188} INFO - [2026-04-29T13:27:02.765+0200] {dagbag.py:540} INFO - Filling up the DagBag from /Users/pablofrancoherrero/prueba_tecnica/venv/lib/python3.11/site-packages/airflow/example_dags/example_setup_teardown_taskflow.py
[2026-04-29T13:27:02.777+0200] {processor.py:840} INFO - DAG(s) 'example_setup_teardown_taskflow' retrieved from /Users/pablofrancoherrero/prueba_tecnica/venv/lib/python3.11/site-packages/airflow/example_dags/example_setup_teardown_taskflow.py
[2026-04-29T13:27:02.803+0200] {logging_mixin.py:188} INFO - [2026-04-29T13:27:02.803+0200] {dag.py:3096} INFO - Sync 1 DAGs
[2026-04-29T13:27:02.807+0200] {logging_mixin.py:188} INFO - [2026-04-29T13:27:02.807+0200] {dag.py:3954} INFO - Setting next_dagrun for example_setup_teardown_taskflow to 2026-04-28 00:00:00+00:00, run_after=2026-04-29 00:00:00+00:00
[2026-04-29T13:27:02.812+0200] {processor.py:183} INFO - Processing /Users/pablofrancoherrero/prueba_tecnica/venv/lib/python3.11/site-packages/airflow/example_dags/example_setup_teardown_taskflow.py took 0.048 seconds
[2026-04-29T13:28:28.944+0200] {processor.py:161} INFO - Started process (PID=89729) to work on /Users/pablofrancoherrero/prueba_tecnica/venv/lib/python3.11/site-packages/airflow/example_dags/example_setup_teardown_taskflow.py
[2026-04-29T13:28:28.945+0200] {processor.py:830} INFO - Processing file /Users/pablofrancoherrero/prueba_tecnica/venv/lib/python3.11/site-packages/airflow/example_dags/example_setup_teardown_taskflow.py for tasks to queue
[2026-04-29T13:28:28.945+0200] {logging_mixin.py:188} INFO - [2026-04-29T13:28:28.945+0200] {dagbag.py:540} INFO - Filling up the DagBag from /Users/pablofrancoherrero/prueba_tecnica/venv/lib/python3.11/site-packages/airflow/example_dags/example_setup_teardown_taskflow.py
[2026-04-29T13:28:28.957+0200] {processor.py:840} INFO - DAG(s) 'example_setup_teardown_taskflow' retrieved from /Users/pablofrancoherrero/prueba_tecnica/venv/lib/python3.11/site-packages/airflow/example_dags/example_setup_teardown_taskflow.py
[2026-04-29T13:28:28.983+0200] {logging_mixin.py:188} INFO - [2026-04-29T13:28:28.983+0200] {dag.py:3096} INFO - Sync 1 DAGs
[2026-04-29T13:28:28.987+0200] {logging_mixin.py:188} INFO - [2026-04-29T13:28:28.987+0200] {dag.py:3954} INFO - Setting next_dagrun for example_setup_teardown_taskflow to 2026-04-28 00:00:00+00:00, run_after=2026-04-29 00:00:00+00:00
[2026-04-29T13:28:28.992+0200] {processor.py:183} INFO - Processing /Users/pablofrancoherrero/prueba_tecnica/venv/lib/python3.11/site-packages/airflow/example_dags/example_setup_teardown_taskflow.py took 0.049 seconds
[2026-04-29T13:29:50.822+0200] {processor.py:161} INFO - Started process (PID=89838) to work on /Users/pablofrancoherrero/prueba_tecnica/venv/lib/python3.11/site-packages/airflow/example_dags/example_setup_teardown_taskflow.py
[2026-04-29T13:29:50.823+0200] {processor.py:830} INFO - Processing file /Users/pablofrancoherrero/prueba_tecnica/venv/lib/python3.11/site-packages/airflow/example_dags/example_setup_teardown_taskflow.py for tasks to queue
[2026-04-29T13:29:50.823+0200] {logging_mixin.py:188} INFO - [2026-04-29T13:29:50.823+0200] {dagbag.py:540} INFO - Filling up the DagBag from /Users/pablofrancoherrero/prueba_tecnica/venv/lib/python3.11/site-packages/airflow/example_dags/example_setup_teardown_taskflow.py
[2026-04-29T13:29:50.835+0200] {processor.py:840} INFO - DAG(s) 'example_setup_teardown_taskflow' retrieved from /Users/pablofrancoherrero/prueba_tecnica/venv/lib/python3.11/site-packages/airflow/example_dags/example_setup_teardown_taskflow.py
[2026-04-29T13:29:50.861+0200] {logging_mixin.py:188} INFO - [2026-04-29T13:29:50.861+0200] {dag.py:3096} INFO - Sync 1 DAGs
[2026-04-29T13:29:50.866+0200] {logging_mixin.py:188} INFO - [2026-04-29T13:29:50.866+0200] {dag.py:3954} INFO - Setting next_dagrun for example_setup_teardown_taskflow to 2026-04-28 00:00:00+00:00, run_after=2026-04-29 00:00:00+00:00
[2026-04-29T13:29:50.870+0200] {processor.py:183} INFO - Processing /Users/pablofrancoherrero/prueba_tecnica/venv/lib/python3.11/site-packages/airflow/example_dags/example_setup_teardown_taskflow.py took 0.050 seconds
[2026-04-29T13:31:14.480+0200] {processor.py:161} INFO - Started process (PID=89934) to work on /Users/pablofrancoherrero/prueba_tecnica/venv/lib/python3.11/site-packages/airflow/example_dags/example_setup_teardown_taskflow.py
[2026-04-29T13:31:14.481+0200] {processor.py:830} INFO - Processing file /Users/pablofrancoherrero/prueba_tecnica/venv/lib/python3.11/site-packages/airflow/example_dags/example_setup_teardown_taskflow.py for tasks to queue
[2026-04-29T13:31:14.481+0200] {logging_mixin.py:188} INFO - [2026-04-29T13:31:14.481+0200] {dagbag.py:540} INFO - Filling up the DagBag from /Users/pablofrancoherrero/prueba_tecnica/venv/lib/python3.11/site-packages/airflow/example_dags/example_setup_teardown_taskflow.py
[2026-04-29T13:31:14.493+0200] {processor.py:840} INFO - DAG(s) 'example_setup_teardown_taskflow' retrieved from /Users/pablofrancoherrero/prueba_tecnica/venv/lib/python3.11/site-packages/airflow/example_dags/example_setup_teardown_taskflow.py
[2026-04-29T13:31:14.520+0200] {logging_mixin.py:188} INFO - [2026-04-29T13:31:14.520+0200] {dag.py:3096} INFO - Sync 1 DAGs
[2026-04-29T13:31:14.525+0200] {logging_mixin.py:188} INFO - [2026-04-29T13:31:14.525+0200] {dag.py:3954} INFO - Setting next_dagrun for example_setup_teardown_taskflow to 2026-04-28 00:00:00+00:00, run_after=2026-04-29 00:00:00+00:00
[2026-04-29T13:31:14.530+0200] {processor.py:183} INFO - Processing /Users/pablofrancoherrero/prueba_tecnica/venv/lib/python3.11/site-packages/airflow/example_dags/example_setup_teardown_taskflow.py took 0.050 seconds
[2026-04-29T13:32:40.254+0200] {processor.py:161} INFO - Started process (PID=90037) to work on /Users/pablofrancoherrero/prueba_tecnica/venv/lib/python3.11/site-packages/airflow/example_dags/example_setup_teardown_taskflow.py
[2026-04-29T13:32:40.255+0200] {processor.py:830} INFO - Processing file /Users/pablofrancoherrero/prueba_tecnica/venv/lib/python3.11/site-packages/airflow/example_dags/example_setup_teardown_taskflow.py for tasks to queue
[2026-04-29T13:32:40.255+0200] {logging_mixin.py:188} INFO - [2026-04-29T13:32:40.255+0200] {dagbag.py:540} INFO - Filling up the DagBag from /Users/pablofrancoherrero/prueba_tecnica/venv/lib/python3.11/site-packages/airflow/example_dags/example_setup_teardown_taskflow.py
[2026-04-29T13:32:40.267+0200] {processor.py:840} INFO - DAG(s) 'example_setup_teardown_taskflow' retrieved from /Users/pablofrancoherrero/prueba_tecnica/venv/lib/python3.11/site-packages/airflow/example_dags/example_setup_teardown_taskflow.py
[2026-04-29T13:32:40.294+0200] {logging_mixin.py:188} INFO - [2026-04-29T13:32:40.293+0200] {dag.py:3096} INFO - Sync 1 DAGs
[2026-04-29T13:32:40.298+0200] {logging_mixin.py:188} INFO - [2026-04-29T13:32:40.298+0200] {dag.py:3954} INFO - Setting next_dagrun for example_setup_teardown_taskflow to 2026-04-28 00:00:00+00:00, run_after=2026-04-29 00:00:00+00:00
[2026-04-29T13:32:40.303+0200] {processor.py:183} INFO - Processing /Users/pablofrancoherrero/prueba_tecnica/venv/lib/python3.11/site-packages/airflow/example_dags/example_setup_teardown_taskflow.py took 0.050 seconds
[2026-04-29T13:34:08.284+0200] {processor.py:161} INFO - Started process (PID=90140) to work on /Users/pablofrancoherrero/prueba_tecnica/venv/lib/python3.11/site-packages/airflow/example_dags/example_setup_teardown_taskflow.py
[2026-04-29T13:34:08.285+0200] {processor.py:830} INFO - Processing file /Users/pablofrancoherrero/prueba_tecnica/venv/lib/python3.11/site-packages/airflow/example_dags/example_setup_teardown_taskflow.py for tasks to queue
[2026-04-29T13:34:08.285+0200] {logging_mixin.py:188} INFO - [2026-04-29T13:34:08.285+0200] {dagbag.py:540} INFO - Filling up the DagBag from /Users/pablofrancoherrero/prueba_tecnica/venv/lib/python3.11/site-packages/airflow/example_dags/example_setup_teardown_taskflow.py
[2026-04-29T13:34:08.297+0200] {processor.py:840} INFO - DAG(s) 'example_setup_teardown_taskflow' retrieved from /Users/pablofrancoherrero/prueba_tecnica/venv/lib/python3.11/site-packages/airflow/example_dags/example_setup_teardown_taskflow.py
[2026-04-29T13:34:08.325+0200] {logging_mixin.py:188} INFO - [2026-04-29T13:34:08.324+0200] {dag.py:3096} INFO - Sync 1 DAGs
[2026-04-29T13:34:08.329+0200] {logging_mixin.py:188} INFO - [2026-04-29T13:34:08.329+0200] {dag.py:3954} INFO - Setting next_dagrun for example_setup_teardown_taskflow to 2026-04-28 00:00:00+00:00, run_after=2026-04-29 00:00:00+00:00
[2026-04-29T13:34:08.334+0200] {processor.py:183} INFO - Processing /Users/pablofrancoherrero/prueba_tecnica/venv/lib/python3.11/site-packages/airflow/example_dags/example_setup_teardown_taskflow.py took 0.051 seconds
[2026-04-29T13:35:32.722+0200] {processor.py:161} INFO - Started process (PID=90230) to work on /Users/pablofrancoherrero/prueba_tecnica/venv/lib/python3.11/site-packages/airflow/example_dags/example_setup_teardown_taskflow.py
[2026-04-29T13:35:32.723+0200] {processor.py:830} INFO - Processing file /Users/pablofrancoherrero/prueba_tecnica/venv/lib/python3.11/site-packages/airflow/example_dags/example_setup_teardown_taskflow.py for tasks to queue
[2026-04-29T13:35:32.723+0200] {logging_mixin.py:188} INFO - [2026-04-29T13:35:32.723+0200] {dagbag.py:540} INFO - Filling up the DagBag from /Users/pablofrancoherrero/prueba_tecnica/venv/lib/python3.11/site-packages/airflow/example_dags/example_setup_teardown_taskflow.py
[2026-04-29T13:35:32.735+0200] {processor.py:840} INFO - DAG(s) 'example_setup_teardown_taskflow' retrieved from /Users/pablofrancoherrero/prueba_tecnica/venv/lib/python3.11/site-packages/airflow/example_dags/example_setup_teardown_taskflow.py
[2026-04-29T13:35:32.763+0200] {logging_mixin.py:188} INFO - [2026-04-29T13:35:32.763+0200] {dag.py:3096} INFO - Sync 1 DAGs
[2026-04-29T13:35:32.768+0200] {logging_mixin.py:188} INFO - [2026-04-29T13:35:32.768+0200] {dag.py:3954} INFO - Setting next_dagrun for example_setup_teardown_taskflow to 2026-04-28 00:00:00+00:00, run_after=2026-04-29 00:00:00+00:00
[2026-04-29T13:35:32.772+0200] {processor.py:183} INFO - Processing /Users/pablofrancoherrero/prueba_tecnica/venv/lib/python3.11/site-packages/airflow/example_dags/example_setup_teardown_taskflow.py took 0.051 seconds
[2026-04-29T13:36:59.117+0200] {processor.py:161} INFO - Started process (PID=90332) to work on /Users/pablofrancoherrero/prueba_tecnica/venv/lib/python3.11/site-packages/airflow/example_dags/example_setup_teardown_taskflow.py
[2026-04-29T13:36:59.118+0200] {processor.py:830} INFO - Processing file /Users/pablofrancoherrero/prueba_tecnica/venv/lib/python3.11/site-packages/airflow/example_dags/example_setup_teardown_taskflow.py for tasks to queue
[2026-04-29T13:36:59.118+0200] {logging_mixin.py:188} INFO - [2026-04-29T13:36:59.118+0200] {dagbag.py:540} INFO - Filling up the DagBag from /Users/pablofrancoherrero/prueba_tecnica/venv/lib/python3.11/site-packages/airflow/example_dags/example_setup_teardown_taskflow.py
[2026-04-29T13:36:59.138+0200] {processor.py:840} INFO - DAG(s) 'example_setup_teardown_taskflow' retrieved from /Users/pablofrancoherrero/prueba_tecnica/venv/lib/python3.11/site-packages/airflow/example_dags/example_setup_teardown_taskflow.py
[2026-04-29T13:36:59.168+0200] {logging_mixin.py:188} INFO - [2026-04-29T13:36:59.168+0200] {dag.py:3096} INFO - Sync 1 DAGs
[2026-04-29T13:36:59.173+0200] {logging_mixin.py:188} INFO - [2026-04-29T13:36:59.173+0200] {dag.py:3954} INFO - Setting next_dagrun for example_setup_teardown_taskflow to 2026-04-28 00:00:00+00:00, run_after=2026-04-29 00:00:00+00:00
[2026-04-29T13:36:59.178+0200] {processor.py:183} INFO - Processing /Users/pablofrancoherrero/prueba_tecnica/venv/lib/python3.11/site-packages/airflow/example_dags/example_setup_teardown_taskflow.py took 0.062 seconds
[2026-04-29T13:38:21.423+0200] {processor.py:161} INFO - Started process (PID=90447) to work on /Users/pablofrancoherrero/prueba_tecnica/venv/lib/python3.11/site-packages/airflow/example_dags/example_setup_teardown_taskflow.py
[2026-04-29T13:38:21.424+0200] {processor.py:830} INFO - Processing file /Users/pablofrancoherrero/prueba_tecnica/venv/lib/python3.11/site-packages/airflow/example_dags/example_setup_teardown_taskflow.py for tasks to queue
[2026-04-29T13:38:21.424+0200] {logging_mixin.py:188} INFO - [2026-04-29T13:38:21.424+0200] {dagbag.py:540} INFO - Filling up the DagBag from /Users/pablofrancoherrero/prueba_tecnica/venv/lib/python3.11/site-packages/airflow/example_dags/example_setup_teardown_taskflow.py
[2026-04-29T13:38:21.436+0200] {processor.py:840} INFO - DAG(s) 'example_setup_teardown_taskflow' retrieved from /Users/pablofrancoherrero/prueba_tecnica/venv/lib/python3.11/site-packages/airflow/example_dags/example_setup_teardown_taskflow.py
[2026-04-29T13:38:21.463+0200] {logging_mixin.py:188} INFO - [2026-04-29T13:38:21.463+0200] {dag.py:3096} INFO - Sync 1 DAGs
[2026-04-29T13:38:21.468+0200] {logging_mixin.py:188} INFO - [2026-04-29T13:38:21.468+0200] {dag.py:3954} INFO - Setting next_dagrun for example_setup_teardown_taskflow to 2026-04-28 00:00:00+00:00, run_after=2026-04-29 00:00:00+00:00
[2026-04-29T13:38:21.473+0200] {processor.py:183} INFO - Processing /Users/pablofrancoherrero/prueba_tecnica/venv/lib/python3.11/site-packages/airflow/example_dags/example_setup_teardown_taskflow.py took 0.050 seconds
[2026-04-29T13:39:48.014+0200] {processor.py:161} INFO - Started process (PID=90577) to work on /Users/pablofrancoherrero/prueba_tecnica/venv/lib/python3.11/site-packages/airflow/example_dags/example_setup_teardown_taskflow.py
[2026-04-29T13:39:48.015+0200] {processor.py:830} INFO - Processing file /Users/pablofrancoherrero/prueba_tecnica/venv/lib/python3.11/site-packages/airflow/example_dags/example_setup_teardown_taskflow.py for tasks to queue
[2026-04-29T13:39:48.015+0200] {logging_mixin.py:188} INFO - [2026-04-29T13:39:48.015+0200] {dagbag.py:540} INFO - Filling up the DagBag from /Users/pablofrancoherrero/prueba_tecnica/venv/lib/python3.11/site-packages/airflow/example_dags/example_setup_teardown_taskflow.py
[2026-04-29T13:39:48.028+0200] {processor.py:840} INFO - DAG(s) 'example_setup_teardown_taskflow' retrieved from /Users/pablofrancoherrero/prueba_tecnica/venv/lib/python3.11/site-packages/airflow/example_dags/example_setup_teardown_taskflow.py
[2026-04-29T13:39:48.055+0200] {logging_mixin.py:188} INFO - [2026-04-29T13:39:48.055+0200] {dag.py:3096} INFO - Sync 1 DAGs
[2026-04-29T13:39:48.060+0200] {logging_mixin.py:188} INFO - [2026-04-29T13:39:48.060+0200] {dag.py:3954} INFO - Setting next_dagrun for example_setup_teardown_taskflow to 2026-04-28 00:00:00+00:00, run_after=2026-04-29 00:00:00+00:00
[2026-04-29T13:39:48.065+0200] {processor.py:183} INFO - Processing /Users/pablofrancoherrero/prueba_tecnica/venv/lib/python3.11/site-packages/airflow/example_dags/example_setup_teardown_taskflow.py took 0.052 seconds
[2026-04-29T13:41:11.092+0200] {processor.py:161} INFO - Started process (PID=90675) to work on /Users/pablofrancoherrero/prueba_tecnica/venv/lib/python3.11/site-packages/airflow/example_dags/example_setup_teardown_taskflow.py
[2026-04-29T13:41:11.093+0200] {processor.py:830} INFO - Processing file /Users/pablofrancoherrero/prueba_tecnica/venv/lib/python3.11/site-packages/airflow/example_dags/example_setup_teardown_taskflow.py for tasks to queue
[2026-04-29T13:41:11.093+0200] {logging_mixin.py:188} INFO - [2026-04-29T13:41:11.093+0200] {dagbag.py:540} INFO - Filling up the DagBag from /Users/pablofrancoherrero/prueba_tecnica/venv/lib/python3.11/site-packages/airflow/example_dags/example_setup_teardown_taskflow.py
[2026-04-29T13:41:11.106+0200] {processor.py:840} INFO - DAG(s) 'example_setup_teardown_taskflow' retrieved from /Users/pablofrancoherrero/prueba_tecnica/venv/lib/python3.11/site-packages/airflow/example_dags/example_setup_teardown_taskflow.py
[2026-04-29T13:41:11.133+0200] {logging_mixin.py:188} INFO - [2026-04-29T13:41:11.133+0200] {dag.py:3096} INFO - Sync 1 DAGs
[2026-04-29T13:41:11.138+0200] {logging_mixin.py:188} INFO - [2026-04-29T13:41:11.138+0200] {dag.py:3954} INFO - Setting next_dagrun for example_setup_teardown_taskflow to 2026-04-28 00:00:00+00:00, run_after=2026-04-29 00:00:00+00:00
[2026-04-29T13:41:11.143+0200] {processor.py:183} INFO - Processing /Users/pablofrancoherrero/prueba_tecnica/venv/lib/python3.11/site-packages/airflow/example_dags/example_setup_teardown_taskflow.py took 0.051 seconds
[2026-04-29T13:42:37.193+0200] {processor.py:161} INFO - Started process (PID=90785) to work on /Users/pablofrancoherrero/prueba_tecnica/venv/lib/python3.11/site-packages/airflow/example_dags/example_setup_teardown_taskflow.py
[2026-04-29T13:42:37.194+0200] {processor.py:830} INFO - Processing file /Users/pablofrancoherrero/prueba_tecnica/venv/lib/python3.11/site-packages/airflow/example_dags/example_setup_teardown_taskflow.py for tasks to queue
[2026-04-29T13:42:37.194+0200] {logging_mixin.py:188} INFO - [2026-04-29T13:42:37.194+0200] {dagbag.py:540} INFO - Filling up the DagBag from /Users/pablofrancoherrero/prueba_tecnica/venv/lib/python3.11/site-packages/airflow/example_dags/example_setup_teardown_taskflow.py
[2026-04-29T13:42:37.207+0200] {processor.py:840} INFO - DAG(s) 'example_setup_teardown_taskflow' retrieved from /Users/pablofrancoherrero/prueba_tecnica/venv/lib/python3.11/site-packages/airflow/example_dags/example_setup_teardown_taskflow.py
[2026-04-29T13:42:37.235+0200] {logging_mixin.py:188} INFO - [2026-04-29T13:42:37.235+0200] {dag.py:3096} INFO - Sync 1 DAGs
[2026-04-29T13:42:37.239+0200] {logging_mixin.py:188} INFO - [2026-04-29T13:42:37.239+0200] {dag.py:3954} INFO - Setting next_dagrun for example_setup_teardown_taskflow to 2026-04-28 00:00:00+00:00, run_after=2026-04-29 00:00:00+00:00
[2026-04-29T13:42:37.244+0200] {processor.py:183} INFO - Processing /Users/pablofrancoherrero/prueba_tecnica/venv/lib/python3.11/site-packages/airflow/example_dags/example_setup_teardown_taskflow.py took 0.052 seconds
[2026-04-29T13:44:01.848+0200] {processor.py:161} INFO - Started process (PID=91045) to work on /Users/pablofrancoherrero/prueba_tecnica/venv/lib/python3.11/site-packages/airflow/example_dags/example_setup_teardown_taskflow.py
[2026-04-29T13:44:01.849+0200] {processor.py:830} INFO - Processing file /Users/pablofrancoherrero/prueba_tecnica/venv/lib/python3.11/site-packages/airflow/example_dags/example_setup_teardown_taskflow.py for tasks to queue
[2026-04-29T13:44:01.849+0200] {logging_mixin.py:188} INFO - [2026-04-29T13:44:01.849+0200] {dagbag.py:540} INFO - Filling up the DagBag from /Users/pablofrancoherrero/prueba_tecnica/venv/lib/python3.11/site-packages/airflow/example_dags/example_setup_teardown_taskflow.py
[2026-04-29T13:44:01.862+0200] {processor.py:840} INFO - DAG(s) 'example_setup_teardown_taskflow' retrieved from /Users/pablofrancoherrero/prueba_tecnica/venv/lib/python3.11/site-packages/airflow/example_dags/example_setup_teardown_taskflow.py
[2026-04-29T13:44:01.890+0200] {logging_mixin.py:188} INFO - [2026-04-29T13:44:01.890+0200] {dag.py:3096} INFO - Sync 1 DAGs
[2026-04-29T13:44:01.894+0200] {logging_mixin.py:188} INFO - [2026-04-29T13:44:01.894+0200] {dag.py:3954} INFO - Setting next_dagrun for example_setup_teardown_taskflow to 2026-04-28 00:00:00+00:00, run_after=2026-04-29 00:00:00+00:00
[2026-04-29T13:44:01.899+0200] {processor.py:183} INFO - Processing /Users/pablofrancoherrero/prueba_tecnica/venv/lib/python3.11/site-packages/airflow/example_dags/example_setup_teardown_taskflow.py took 0.053 seconds
[2026-04-29T13:45:25.923+0200] {processor.py:161} INFO - Started process (PID=91135) to work on /Users/pablofrancoherrero/prueba_tecnica/venv/lib/python3.11/site-packages/airflow/example_dags/example_setup_teardown_taskflow.py
[2026-04-29T13:45:25.923+0200] {processor.py:830} INFO - Processing file /Users/pablofrancoherrero/prueba_tecnica/venv/lib/python3.11/site-packages/airflow/example_dags/example_setup_teardown_taskflow.py for tasks to queue
[2026-04-29T13:45:25.924+0200] {logging_mixin.py:188} INFO - [2026-04-29T13:45:25.924+0200] {dagbag.py:540} INFO - Filling up the DagBag from /Users/pablofrancoherrero/prueba_tecnica/venv/lib/python3.11/site-packages/airflow/example_dags/example_setup_teardown_taskflow.py
[2026-04-29T13:45:25.936+0200] {processor.py:840} INFO - DAG(s) 'example_setup_teardown_taskflow' retrieved from /Users/pablofrancoherrero/prueba_tecnica/venv/lib/python3.11/site-packages/airflow/example_dags/example_setup_teardown_taskflow.py
[2026-04-29T13:45:25.963+0200] {logging_mixin.py:188} INFO - [2026-04-29T13:45:25.962+0200] {dag.py:3096} INFO - Sync 1 DAGs
[2026-04-29T13:45:25.967+0200] {logging_mixin.py:188} INFO - [2026-04-29T13:45:25.967+0200] {dag.py:3954} INFO - Setting next_dagrun for example_setup_teardown_taskflow to 2026-04-28 00:00:00+00:00, run_after=2026-04-29 00:00:00+00:00
[2026-04-29T13:45:25.972+0200] {processor.py:183} INFO - Processing /Users/pablofrancoherrero/prueba_tecnica/venv/lib/python3.11/site-packages/airflow/example_dags/example_setup_teardown_taskflow.py took 0.050 seconds
[2026-04-29T13:46:51.285+0200] {processor.py:161} INFO - Started process (PID=91250) to work on /Users/pablofrancoherrero/prueba_tecnica/venv/lib/python3.11/site-packages/airflow/example_dags/example_setup_teardown_taskflow.py
[2026-04-29T13:46:51.286+0200] {processor.py:830} INFO - Processing file /Users/pablofrancoherrero/prueba_tecnica/venv/lib/python3.11/site-packages/airflow/example_dags/example_setup_teardown_taskflow.py for tasks to queue
[2026-04-29T13:46:51.286+0200] {logging_mixin.py:188} INFO - [2026-04-29T13:46:51.286+0200] {dagbag.py:540} INFO - Filling up the DagBag from /Users/pablofrancoherrero/prueba_tecnica/venv/lib/python3.11/site-packages/airflow/example_dags/example_setup_teardown_taskflow.py
[2026-04-29T13:46:51.298+0200] {processor.py:840} INFO - DAG(s) 'example_setup_teardown_taskflow' retrieved from /Users/pablofrancoherrero/prueba_tecnica/venv/lib/python3.11/site-packages/airflow/example_dags/example_setup_teardown_taskflow.py
[2026-04-29T13:46:51.326+0200] {logging_mixin.py:188} INFO - [2026-04-29T13:46:51.326+0200] {dag.py:3096} INFO - Sync 1 DAGs
[2026-04-29T13:46:51.330+0200] {logging_mixin.py:188} INFO - [2026-04-29T13:46:51.330+0200] {dag.py:3954} INFO - Setting next_dagrun for example_setup_teardown_taskflow to 2026-04-28 00:00:00+00:00, run_after=2026-04-29 00:00:00+00:00
[2026-04-29T13:46:51.335+0200] {processor.py:183} INFO - Processing /Users/pablofrancoherrero/prueba_tecnica/venv/lib/python3.11/site-packages/airflow/example_dags/example_setup_teardown_taskflow.py took 0.052 seconds
[2026-04-29T13:48:13.554+0200] {processor.py:161} INFO - Started process (PID=91357) to work on /Users/pablofrancoherrero/prueba_tecnica/venv/lib/python3.11/site-packages/airflow/example_dags/example_setup_teardown_taskflow.py
[2026-04-29T13:48:13.555+0200] {processor.py:830} INFO - Processing file /Users/pablofrancoherrero/prueba_tecnica/venv/lib/python3.11/site-packages/airflow/example_dags/example_setup_teardown_taskflow.py for tasks to queue
[2026-04-29T13:48:13.555+0200] {logging_mixin.py:188} INFO - [2026-04-29T13:48:13.555+0200] {dagbag.py:540} INFO - Filling up the DagBag from /Users/pablofrancoherrero/prueba_tecnica/venv/lib/python3.11/site-packages/airflow/example_dags/example_setup_teardown_taskflow.py
[2026-04-29T13:48:13.568+0200] {processor.py:840} INFO - DAG(s) 'example_setup_teardown_taskflow' retrieved from /Users/pablofrancoherrero/prueba_tecnica/venv/lib/python3.11/site-packages/airflow/example_dags/example_setup_teardown_taskflow.py
[2026-04-29T13:48:13.594+0200] {logging_mixin.py:188} INFO - [2026-04-29T13:48:13.594+0200] {dag.py:3096} INFO - Sync 1 DAGs
[2026-04-29T13:48:13.598+0200] {logging_mixin.py:188} INFO - [2026-04-29T13:48:13.598+0200] {dag.py:3954} INFO - Setting next_dagrun for example_setup_teardown_taskflow to 2026-04-28 00:00:00+00:00, run_after=2026-04-29 00:00:00+00:00
[2026-04-29T13:48:13.603+0200] {processor.py:183} INFO - Processing /Users/pablofrancoherrero/prueba_tecnica/venv/lib/python3.11/site-packages/airflow/example_dags/example_setup_teardown_taskflow.py took 0.051 seconds
[2026-04-29T13:49:36.898+0200] {processor.py:161} INFO - Started process (PID=91467) to work on /Users/pablofrancoherrero/prueba_tecnica/venv/lib/python3.11/site-packages/airflow/example_dags/example_setup_teardown_taskflow.py
[2026-04-29T13:49:36.898+0200] {processor.py:830} INFO - Processing file /Users/pablofrancoherrero/prueba_tecnica/venv/lib/python3.11/site-packages/airflow/example_dags/example_setup_teardown_taskflow.py for tasks to queue
[2026-04-29T13:49:36.899+0200] {logging_mixin.py:188} INFO - [2026-04-29T13:49:36.899+0200] {dagbag.py:540} INFO - Filling up the DagBag from /Users/pablofrancoherrero/prueba_tecnica/venv/lib/python3.11/site-packages/airflow/example_dags/example_setup_teardown_taskflow.py
[2026-04-29T13:49:36.911+0200] {processor.py:840} INFO - DAG(s) 'example_setup_teardown_taskflow' retrieved from /Users/pablofrancoherrero/prueba_tecnica/venv/lib/python3.11/site-packages/airflow/example_dags/example_setup_teardown_taskflow.py
[2026-04-29T13:49:36.939+0200] {logging_mixin.py:188} INFO - [2026-04-29T13:49:36.939+0200] {dag.py:3096} INFO - Sync 1 DAGs
[2026-04-29T13:49:36.944+0200] {logging_mixin.py:188} INFO - [2026-04-29T13:49:36.943+0200] {dag.py:3954} INFO - Setting next_dagrun for example_setup_teardown_taskflow to 2026-04-28 00:00:00+00:00, run_after=2026-04-29 00:00:00+00:00
[2026-04-29T13:49:36.948+0200] {processor.py:183} INFO - Processing /Users/pablofrancoherrero/prueba_tecnica/venv/lib/python3.11/site-packages/airflow/example_dags/example_setup_teardown_taskflow.py took 0.051 seconds
[2026-04-29T13:50:58.090+0200] {processor.py:161} INFO - Started process (PID=91548) to work on /Users/pablofrancoherrero/prueba_tecnica/venv/lib/python3.11/site-packages/airflow/example_dags/example_setup_teardown_taskflow.py
[2026-04-29T13:50:58.091+0200] {processor.py:830} INFO - Processing file /Users/pablofrancoherrero/prueba_tecnica/venv/lib/python3.11/site-packages/airflow/example_dags/example_setup_teardown_taskflow.py for tasks to queue
[2026-04-29T13:50:58.091+0200] {logging_mixin.py:188} INFO - [2026-04-29T13:50:58.091+0200] {dagbag.py:540} INFO - Filling up the DagBag from /Users/pablofrancoherrero/prueba_tecnica/venv/lib/python3.11/site-packages/airflow/example_dags/example_setup_teardown_taskflow.py
[2026-04-29T13:50:58.104+0200] {processor.py:840} INFO - DAG(s) 'example_setup_teardown_taskflow' retrieved from /Users/pablofrancoherrero/prueba_tecnica/venv/lib/python3.11/site-packages/airflow/example_dags/example_setup_teardown_taskflow.py
[2026-04-29T13:50:58.131+0200] {logging_mixin.py:188} INFO - [2026-04-29T13:50:58.131+0200] {dag.py:3096} INFO - Sync 1 DAGs
[2026-04-29T13:50:58.135+0200] {logging_mixin.py:188} INFO - [2026-04-29T13:50:58.135+0200] {dag.py:3954} INFO - Setting next_dagrun for example_setup_teardown_taskflow to 2026-04-28 00:00:00+00:00, run_after=2026-04-29 00:00:00+00:00
[2026-04-29T13:50:58.140+0200] {processor.py:183} INFO - Processing /Users/pablofrancoherrero/prueba_tecnica/venv/lib/python3.11/site-packages/airflow/example_dags/example_setup_teardown_taskflow.py took 0.051 seconds
[2026-04-29T13:52:23.830+0200] {processor.py:161} INFO - Started process (PID=91619) to work on /Users/pablofrancoherrero/prueba_tecnica/venv/lib/python3.11/site-packages/airflow/example_dags/example_setup_teardown_taskflow.py
[2026-04-29T13:52:23.831+0200] {processor.py:830} INFO - Processing file /Users/pablofrancoherrero/prueba_tecnica/venv/lib/python3.11/site-packages/airflow/example_dags/example_setup_teardown_taskflow.py for tasks to queue
[2026-04-29T13:52:23.831+0200] {logging_mixin.py:188} INFO - [2026-04-29T13:52:23.831+0200] {dagbag.py:540} INFO - Filling up the DagBag from /Users/pablofrancoherrero/prueba_tecnica/venv/lib/python3.11/site-packages/airflow/example_dags/example_setup_teardown_taskflow.py
[2026-04-29T13:52:23.843+0200] {processor.py:840} INFO - DAG(s) 'example_setup_teardown_taskflow' retrieved from /Users/pablofrancoherrero/prueba_tecnica/venv/lib/python3.11/site-packages/airflow/example_dags/example_setup_teardown_taskflow.py
[2026-04-29T13:52:23.869+0200] {logging_mixin.py:188} INFO - [2026-04-29T13:52:23.869+0200] {dag.py:3096} INFO - Sync 1 DAGs
[2026-04-29T13:52:23.873+0200] {logging_mixin.py:188} INFO - [2026-04-29T13:52:23.873+0200] {dag.py:3954} INFO - Setting next_dagrun for example_setup_teardown_taskflow to 2026-04-28 00:00:00+00:00, run_after=2026-04-29 00:00:00+00:00
[2026-04-29T13:52:23.878+0200] {processor.py:183} INFO - Processing /Users/pablofrancoherrero/prueba_tecnica/venv/lib/python3.11/site-packages/airflow/example_dags/example_setup_teardown_taskflow.py took 0.049 seconds
[2026-04-29T13:53:48.645+0200] {processor.py:161} INFO - Started process (PID=91712) to work on /Users/pablofrancoherrero/prueba_tecnica/venv/lib/python3.11/site-packages/airflow/example_dags/example_setup_teardown_taskflow.py
[2026-04-29T13:53:48.646+0200] {processor.py:830} INFO - Processing file /Users/pablofrancoherrero/prueba_tecnica/venv/lib/python3.11/site-packages/airflow/example_dags/example_setup_teardown_taskflow.py for tasks to queue
[2026-04-29T13:53:48.646+0200] {logging_mixin.py:188} INFO - [2026-04-29T13:53:48.646+0200] {dagbag.py:540} INFO - Filling up the DagBag from /Users/pablofrancoherrero/prueba_tecnica/venv/lib/python3.11/site-packages/airflow/example_dags/example_setup_teardown_taskflow.py
[2026-04-29T13:53:48.659+0200] {processor.py:840} INFO - DAG(s) 'example_setup_teardown_taskflow' retrieved from /Users/pablofrancoherrero/prueba_tecnica/venv/lib/python3.11/site-packages/airflow/example_dags/example_setup_teardown_taskflow.py
[2026-04-29T13:53:48.686+0200] {logging_mixin.py:188} INFO - [2026-04-29T13:53:48.686+0200] {dag.py:3096} INFO - Sync 1 DAGs
[2026-04-29T13:53:48.691+0200] {logging_mixin.py:188} INFO - [2026-04-29T13:53:48.691+0200] {dag.py:3954} INFO - Setting next_dagrun for example_setup_teardown_taskflow to 2026-04-28 00:00:00+00:00, run_after=2026-04-29 00:00:00+00:00
[2026-04-29T13:53:48.696+0200] {processor.py:183} INFO - Processing /Users/pablofrancoherrero/prueba_tecnica/venv/lib/python3.11/site-packages/airflow/example_dags/example_setup_teardown_taskflow.py took 0.051 seconds
[2026-04-29T13:55:12.365+0200] {processor.py:161} INFO - Started process (PID=91835) to work on /Users/pablofrancoherrero/prueba_tecnica/venv/lib/python3.11/site-packages/airflow/example_dags/example_setup_teardown_taskflow.py
[2026-04-29T13:55:12.365+0200] {processor.py:830} INFO - Processing file /Users/pablofrancoherrero/prueba_tecnica/venv/lib/python3.11/site-packages/airflow/example_dags/example_setup_teardown_taskflow.py for tasks to queue
[2026-04-29T13:55:12.366+0200] {logging_mixin.py:188} INFO - [2026-04-29T13:55:12.366+0200] {dagbag.py:540} INFO - Filling up the DagBag from /Users/pablofrancoherrero/prueba_tecnica/venv/lib/python3.11/site-packages/airflow/example_dags/example_setup_teardown_taskflow.py
[2026-04-29T13:55:12.378+0200] {processor.py:840} INFO - DAG(s) 'example_setup_teardown_taskflow' retrieved from /Users/pablofrancoherrero/prueba_tecnica/venv/lib/python3.11/site-packages/airflow/example_dags/example_setup_teardown_taskflow.py
[2026-04-29T13:55:12.405+0200] {logging_mixin.py:188} INFO - [2026-04-29T13:55:12.405+0200] {dag.py:3096} INFO - Sync 1 DAGs
[2026-04-29T13:55:12.409+0200] {logging_mixin.py:188} INFO - [2026-04-29T13:55:12.409+0200] {dag.py:3954} INFO - Setting next_dagrun for example_setup_teardown_taskflow to 2026-04-28 00:00:00+00:00, run_after=2026-04-29 00:00:00+00:00
[2026-04-29T13:55:12.414+0200] {processor.py:183} INFO - Processing /Users/pablofrancoherrero/prueba_tecnica/venv/lib/python3.11/site-packages/airflow/example_dags/example_setup_teardown_taskflow.py took 0.050 seconds
[2026-04-29T13:56:39.032+0200] {processor.py:161} INFO - Started process (PID=91978) to work on /Users/pablofrancoherrero/prueba_tecnica/venv/lib/python3.11/site-packages/airflow/example_dags/example_setup_teardown_taskflow.py
[2026-04-29T13:56:39.033+0200] {processor.py:830} INFO - Processing file /Users/pablofrancoherrero/prueba_tecnica/venv/lib/python3.11/site-packages/airflow/example_dags/example_setup_teardown_taskflow.py for tasks to queue
[2026-04-29T13:56:39.033+0200] {logging_mixin.py:188} INFO - [2026-04-29T13:56:39.033+0200] {dagbag.py:540} INFO - Filling up the DagBag from /Users/pablofrancoherrero/prueba_tecnica/venv/lib/python3.11/site-packages/airflow/example_dags/example_setup_teardown_taskflow.py
[2026-04-29T13:56:39.046+0200] {processor.py:840} INFO - DAG(s) 'example_setup_teardown_taskflow' retrieved from /Users/pablofrancoherrero/prueba_tecnica/venv/lib/python3.11/site-packages/airflow/example_dags/example_setup_teardown_taskflow.py
[2026-04-29T13:56:39.072+0200] {logging_mixin.py:188} INFO - [2026-04-29T13:56:39.072+0200] {dag.py:3096} INFO - Sync 1 DAGs
[2026-04-29T13:56:39.077+0200] {logging_mixin.py:188} INFO - [2026-04-29T13:56:39.077+0200] {dag.py:3954} INFO - Setting next_dagrun for example_setup_teardown_taskflow to 2026-04-28 00:00:00+00:00, run_after=2026-04-29 00:00:00+00:00
[2026-04-29T13:56:39.081+0200] {processor.py:183} INFO - Processing /Users/pablofrancoherrero/prueba_tecnica/venv/lib/python3.11/site-packages/airflow/example_dags/example_setup_teardown_taskflow.py took 0.050 seconds
