[2026-04-29T02:00:24.794+0200] {processor.py:161} INFO - Started process (PID=70632) to work on /Users/pablofrancoherrero/prueba_tecnica/venv/lib/python3.11/site-packages/airflow/example_dags/example_complex.py
[2026-04-29T02:00:24.794+0200] {processor.py:830} INFO - Processing file /Users/pablofrancoherrero/prueba_tecnica/venv/lib/python3.11/site-packages/airflow/example_dags/example_complex.py for tasks to queue
[2026-04-29T02:00:24.795+0200] {logging_mixin.py:188} INFO - [2026-04-29T02:00:24.795+0200] {dagbag.py:540} INFO - Filling up the DagBag from /Users/pablofrancoherrero/prueba_tecnica/venv/lib/python3.11/site-packages/airflow/example_dags/example_complex.py
[2026-04-29T02:00:24.799+0200] {processor.py:840} INFO - DAG(s) 'example_complex' retrieved from /Users/pablofrancoherrero/prueba_tecnica/venv/lib/python3.11/site-packages/airflow/example_dags/example_complex.py
[2026-04-29T02:00:24.828+0200] {logging_mixin.py:188} INFO - [2026-04-29T02:00:24.828+0200] {dag.py:3096} INFO - Sync 1 DAGs
[2026-04-29T02:00:24.830+0200] {logging_mixin.py:188} INFO - [2026-04-29T02:00:24.830+0200] {dag.py:3954} INFO - Setting next_dagrun for example_complex to None, run_after=None
[2026-04-29T02:00:24.835+0200] {processor.py:183} INFO - Processing /Users/pablofrancoherrero/prueba_tecnica/venv/lib/python3.11/site-packages/airflow/example_dags/example_complex.py took 0.042 seconds
[2026-04-29T02:01:47.127+0200] {processor.py:161} INFO - Started process (PID=70719) to work on /Users/pablofrancoherrero/prueba_tecnica/venv/lib/python3.11/site-packages/airflow/example_dags/example_complex.py
[2026-04-29T02:01:47.128+0200] {processor.py:830} INFO - Processing file /Users/pablofrancoherrero/prueba_tecnica/venv/lib/python3.11/site-packages/airflow/example_dags/example_complex.py for tasks to queue
[2026-04-29T02:01:47.128+0200] {logging_mixin.py:188} INFO - [2026-04-29T02:01:47.128+0200] {dagbag.py:540} INFO - Filling up the DagBag from /Users/pablofrancoherrero/prueba_tecnica/venv/lib/python3.11/site-packages/airflow/example_dags/example_complex.py
[2026-04-29T02:01:47.131+0200] {processor.py:840} INFO - DAG(s) 'example_complex' retrieved from /Users/pablofrancoherrero/prueba_tecnica/venv/lib/python3.11/site-packages/airflow/example_dags/example_complex.py
[2026-04-29T02:01:47.159+0200] {logging_mixin.py:188} INFO - [2026-04-29T02:01:47.159+0200] {dag.py:3096} INFO - Sync 1 DAGs
[2026-04-29T02:01:47.162+0200] {logging_mixin.py:188} INFO - [2026-04-29T02:01:47.162+0200] {dag.py:3954} INFO - Setting next_dagrun for example_complex to None, run_after=None
[2026-04-29T02:01:47.167+0200] {processor.py:183} INFO - Processing /Users/pablofrancoherrero/prueba_tecnica/venv/lib/python3.11/site-packages/airflow/example_dags/example_complex.py took 0.041 seconds
[2026-04-29T02:03:08.400+0200] {processor.py:161} INFO - Started process (PID=70815) to work on /Users/pablofrancoherrero/prueba_tecnica/venv/lib/python3.11/site-packages/airflow/example_dags/example_complex.py
[2026-04-29T02:03:08.401+0200] {processor.py:830} INFO - Processing file /Users/pablofrancoherrero/prueba_tecnica/venv/lib/python3.11/site-packages/airflow/example_dags/example_complex.py for tasks to queue
[2026-04-29T02:03:08.401+0200] {logging_mixin.py:188} INFO - [2026-04-29T02:03:08.401+0200] {dagbag.py:540} INFO - Filling up the DagBag from /Users/pablofrancoherrero/prueba_tecnica/venv/lib/python3.11/site-packages/airflow/example_dags/example_complex.py
[2026-04-29T02:03:08.405+0200] {processor.py:840} INFO - DAG(s) 'example_complex' retrieved from /Users/pablofrancoherrero/prueba_tecnica/venv/lib/python3.11/site-packages/airflow/example_dags/example_complex.py
[2026-04-29T02:03:08.434+0200] {logging_mixin.py:188} INFO - [2026-04-29T02:03:08.434+0200] {dag.py:3096} INFO - Sync 1 DAGs
[2026-04-29T02:03:08.437+0200] {logging_mixin.py:188} INFO - [2026-04-29T02:03:08.436+0200] {dag.py:3954} INFO - Setting next_dagrun for example_complex to None, run_after=None
[2026-04-29T02:03:08.442+0200] {processor.py:183} INFO - Processing /Users/pablofrancoherrero/prueba_tecnica/venv/lib/python3.11/site-packages/airflow/example_dags/example_complex.py took 0.042 seconds
[2026-04-29T02:04:25.824+0200] {processor.py:161} INFO - Started process (PID=70908) to work on /Users/pablofrancoherrero/prueba_tecnica/venv/lib/python3.11/site-packages/airflow/example_dags/example_complex.py
[2026-04-29T02:04:25.826+0200] {processor.py:830} INFO - Processing file /Users/pablofrancoherrero/prueba_tecnica/venv/lib/python3.11/site-packages/airflow/example_dags/example_complex.py for tasks to queue
[2026-04-29T02:04:25.826+0200] {logging_mixin.py:188} INFO - [2026-04-29T02:04:25.826+0200] {dagbag.py:540} INFO - Filling up the DagBag from /Users/pablofrancoherrero/prueba_tecnica/venv/lib/python3.11/site-packages/airflow/example_dags/example_complex.py
[2026-04-29T02:04:25.829+0200] {processor.py:840} INFO - DAG(s) 'example_complex' retrieved from /Users/pablofrancoherrero/prueba_tecnica/venv/lib/python3.11/site-packages/airflow/example_dags/example_complex.py
[2026-04-29T02:04:25.859+0200] {logging_mixin.py:188} INFO - [2026-04-29T02:04:25.858+0200] {dag.py:3096} INFO - Sync 1 DAGs
[2026-04-29T02:04:25.861+0200] {logging_mixin.py:188} INFO - [2026-04-29T02:04:25.861+0200] {dag.py:3954} INFO - Setting next_dagrun for example_complex to None, run_after=None
[2026-04-29T02:04:25.866+0200] {processor.py:183} INFO - Processing /Users/pablofrancoherrero/prueba_tecnica/venv/lib/python3.11/site-packages/airflow/example_dags/example_complex.py took 0.042 seconds
[2026-04-29T02:05:47.159+0200] {processor.py:161} INFO - Started process (PID=71000) to work on /Users/pablofrancoherrero/prueba_tecnica/venv/lib/python3.11/site-packages/airflow/example_dags/example_complex.py
[2026-04-29T02:05:47.160+0200] {processor.py:830} INFO - Processing file /Users/pablofrancoherrero/prueba_tecnica/venv/lib/python3.11/site-packages/airflow/example_dags/example_complex.py for tasks to queue
[2026-04-29T02:05:47.160+0200] {logging_mixin.py:188} INFO - [2026-04-29T02:05:47.160+0200] {dagbag.py:540} INFO - Filling up the DagBag from /Users/pablofrancoherrero/prueba_tecnica/venv/lib/python3.11/site-packages/airflow/example_dags/example_complex.py
[2026-04-29T02:05:47.164+0200] {processor.py:840} INFO - DAG(s) 'example_complex' retrieved from /Users/pablofrancoherrero/prueba_tecnica/venv/lib/python3.11/site-packages/airflow/example_dags/example_complex.py
[2026-04-29T02:05:47.193+0200] {logging_mixin.py:188} INFO - [2026-04-29T02:05:47.193+0200] {dag.py:3096} INFO - Sync 1 DAGs
[2026-04-29T02:05:47.195+0200] {logging_mixin.py:188} INFO - [2026-04-29T02:05:47.195+0200] {dag.py:3954} INFO - Setting next_dagrun for example_complex to None, run_after=None
[2026-04-29T02:05:47.200+0200] {processor.py:183} INFO - Processing /Users/pablofrancoherrero/prueba_tecnica/venv/lib/python3.11/site-packages/airflow/example_dags/example_complex.py took 0.042 seconds
[2026-04-29T02:07:06.754+0200] {processor.py:161} INFO - Started process (PID=71087) to work on /Users/pablofrancoherrero/prueba_tecnica/venv/lib/python3.11/site-packages/airflow/example_dags/example_complex.py
[2026-04-29T02:07:06.755+0200] {processor.py:830} INFO - Processing file /Users/pablofrancoherrero/prueba_tecnica/venv/lib/python3.11/site-packages/airflow/example_dags/example_complex.py for tasks to queue
[2026-04-29T02:07:06.755+0200] {logging_mixin.py:188} INFO - [2026-04-29T02:07:06.755+0200] {dagbag.py:540} INFO - Filling up the DagBag from /Users/pablofrancoherrero/prueba_tecnica/venv/lib/python3.11/site-packages/airflow/example_dags/example_complex.py
[2026-04-29T02:07:06.758+0200] {processor.py:840} INFO - DAG(s) 'example_complex' retrieved from /Users/pablofrancoherrero/prueba_tecnica/venv/lib/python3.11/site-packages/airflow/example_dags/example_complex.py
[2026-04-29T02:07:06.787+0200] {logging_mixin.py:188} INFO - [2026-04-29T02:07:06.787+0200] {dag.py:3096} INFO - Sync 1 DAGs
[2026-04-29T02:07:06.790+0200] {logging_mixin.py:188} INFO - [2026-04-29T02:07:06.790+0200] {dag.py:3954} INFO - Setting next_dagrun for example_complex to None, run_after=None
[2026-04-29T02:07:06.795+0200] {processor.py:183} INFO - Processing /Users/pablofrancoherrero/prueba_tecnica/venv/lib/python3.11/site-packages/airflow/example_dags/example_complex.py took 0.042 seconds
[2026-04-29T02:08:28.078+0200] {processor.py:161} INFO - Started process (PID=71175) to work on /Users/pablofrancoherrero/prueba_tecnica/venv/lib/python3.11/site-packages/airflow/example_dags/example_complex.py
[2026-04-29T02:08:28.079+0200] {processor.py:830} INFO - Processing file /Users/pablofrancoherrero/prueba_tecnica/venv/lib/python3.11/site-packages/airflow/example_dags/example_complex.py for tasks to queue
[2026-04-29T02:08:28.079+0200] {logging_mixin.py:188} INFO - [2026-04-29T02:08:28.079+0200] {dagbag.py:540} INFO - Filling up the DagBag from /Users/pablofrancoherrero/prueba_tecnica/venv/lib/python3.11/site-packages/airflow/example_dags/example_complex.py
[2026-04-29T02:08:28.083+0200] {processor.py:840} INFO - DAG(s) 'example_complex' retrieved from /Users/pablofrancoherrero/prueba_tecnica/venv/lib/python3.11/site-packages/airflow/example_dags/example_complex.py
[2026-04-29T02:08:28.111+0200] {logging_mixin.py:188} INFO - [2026-04-29T02:08:28.111+0200] {dag.py:3096} INFO - Sync 1 DAGs
[2026-04-29T02:08:28.113+0200] {logging_mixin.py:188} INFO - [2026-04-29T02:08:28.113+0200] {dag.py:3954} INFO - Setting next_dagrun for example_complex to None, run_after=None
[2026-04-29T02:08:28.118+0200] {processor.py:183} INFO - Processing /Users/pablofrancoherrero/prueba_tecnica/venv/lib/python3.11/site-packages/airflow/example_dags/example_complex.py took 0.041 seconds
[2026-04-29T02:09:48.165+0200] {processor.py:161} INFO - Started process (PID=71265) to work on /Users/pablofrancoherrero/prueba_tecnica/venv/lib/python3.11/site-packages/airflow/example_dags/example_complex.py
[2026-04-29T02:09:48.166+0200] {processor.py:830} INFO - Processing file /Users/pablofrancoherrero/prueba_tecnica/venv/lib/python3.11/site-packages/airflow/example_dags/example_complex.py for tasks to queue
[2026-04-29T02:09:48.166+0200] {logging_mixin.py:188} INFO - [2026-04-29T02:09:48.166+0200] {dagbag.py:540} INFO - Filling up the DagBag from /Users/pablofrancoherrero/prueba_tecnica/venv/lib/python3.11/site-packages/airflow/example_dags/example_complex.py
[2026-04-29T02:09:48.170+0200] {processor.py:840} INFO - DAG(s) 'example_complex' retrieved from /Users/pablofrancoherrero/prueba_tecnica/venv/lib/python3.11/site-packages/airflow/example_dags/example_complex.py
[2026-04-29T02:09:48.199+0200] {logging_mixin.py:188} INFO - [2026-04-29T02:09:48.199+0200] {dag.py:3096} INFO - Sync 1 DAGs
[2026-04-29T02:09:48.201+0200] {logging_mixin.py:188} INFO - [2026-04-29T02:09:48.201+0200] {dag.py:3954} INFO - Setting next_dagrun for example_complex to None, run_after=None
[2026-04-29T02:09:48.206+0200] {processor.py:183} INFO - Processing /Users/pablofrancoherrero/prueba_tecnica/venv/lib/python3.11/site-packages/airflow/example_dags/example_complex.py took 0.042 seconds
[2026-04-29T02:11:12.513+0200] {processor.py:161} INFO - Started process (PID=71358) to work on /Users/pablofrancoherrero/prueba_tecnica/venv/lib/python3.11/site-packages/airflow/example_dags/example_complex.py
[2026-04-29T02:11:12.514+0200] {processor.py:830} INFO - Processing file /Users/pablofrancoherrero/prueba_tecnica/venv/lib/python3.11/site-packages/airflow/example_dags/example_complex.py for tasks to queue
[2026-04-29T02:11:12.514+0200] {logging_mixin.py:188} INFO - [2026-04-29T02:11:12.514+0200] {dagbag.py:540} INFO - Filling up the DagBag from /Users/pablofrancoherrero/prueba_tecnica/venv/lib/python3.11/site-packages/airflow/example_dags/example_complex.py
[2026-04-29T02:11:12.518+0200] {processor.py:840} INFO - DAG(s) 'example_complex' retrieved from /Users/pablofrancoherrero/prueba_tecnica/venv/lib/python3.11/site-packages/airflow/example_dags/example_complex.py
[2026-04-29T02:11:12.546+0200] {logging_mixin.py:188} INFO - [2026-04-29T02:11:12.546+0200] {dag.py:3096} INFO - Sync 1 DAGs
[2026-04-29T02:11:12.548+0200] {logging_mixin.py:188} INFO - [2026-04-29T02:11:12.548+0200] {dag.py:3954} INFO - Setting next_dagrun for example_complex to None, run_after=None
[2026-04-29T02:11:12.553+0200] {processor.py:183} INFO - Processing /Users/pablofrancoherrero/prueba_tecnica/venv/lib/python3.11/site-packages/airflow/example_dags/example_complex.py took 0.041 seconds
[2026-04-29T02:12:34.472+0200] {processor.py:161} INFO - Started process (PID=71442) to work on /Users/pablofrancoherrero/prueba_tecnica/venv/lib/python3.11/site-packages/airflow/example_dags/example_complex.py
[2026-04-29T02:12:34.473+0200] {processor.py:830} INFO - Processing file /Users/pablofrancoherrero/prueba_tecnica/venv/lib/python3.11/site-packages/airflow/example_dags/example_complex.py for tasks to queue
[2026-04-29T02:12:34.473+0200] {logging_mixin.py:188} INFO - [2026-04-29T02:12:34.473+0200] {dagbag.py:540} INFO - Filling up the DagBag from /Users/pablofrancoherrero/prueba_tecnica/venv/lib/python3.11/site-packages/airflow/example_dags/example_complex.py
[2026-04-29T02:12:34.477+0200] {processor.py:840} INFO - DAG(s) 'example_complex' retrieved from /Users/pablofrancoherrero/prueba_tecnica/venv/lib/python3.11/site-packages/airflow/example_dags/example_complex.py
[2026-04-29T02:12:34.506+0200] {logging_mixin.py:188} INFO - [2026-04-29T02:12:34.506+0200] {dag.py:3096} INFO - Sync 1 DAGs
[2026-04-29T02:12:34.508+0200] {logging_mixin.py:188} INFO - [2026-04-29T02:12:34.508+0200] {dag.py:3954} INFO - Setting next_dagrun for example_complex to None, run_after=None
[2026-04-29T02:12:34.513+0200] {processor.py:183} INFO - Processing /Users/pablofrancoherrero/prueba_tecnica/venv/lib/python3.11/site-packages/airflow/example_dags/example_complex.py took 0.042 seconds
[2026-04-29T02:13:54.197+0200] {processor.py:161} INFO - Started process (PID=71529) to work on /Users/pablofrancoherrero/prueba_tecnica/venv/lib/python3.11/site-packages/airflow/example_dags/example_complex.py
[2026-04-29T02:13:54.198+0200] {processor.py:830} INFO - Processing file /Users/pablofrancoherrero/prueba_tecnica/venv/lib/python3.11/site-packages/airflow/example_dags/example_complex.py for tasks to queue
[2026-04-29T02:13:54.198+0200] {logging_mixin.py:188} INFO - [2026-04-29T02:13:54.198+0200] {dagbag.py:540} INFO - Filling up the DagBag from /Users/pablofrancoherrero/prueba_tecnica/venv/lib/python3.11/site-packages/airflow/example_dags/example_complex.py
[2026-04-29T02:13:54.202+0200] {processor.py:840} INFO - DAG(s) 'example_complex' retrieved from /Users/pablofrancoherrero/prueba_tecnica/venv/lib/python3.11/site-packages/airflow/example_dags/example_complex.py
[2026-04-29T02:13:54.230+0200] {logging_mixin.py:188} INFO - [2026-04-29T02:13:54.230+0200] {dag.py:3096} INFO - Sync 1 DAGs
[2026-04-29T02:13:54.233+0200] {logging_mixin.py:188} INFO - [2026-04-29T02:13:54.233+0200] {dag.py:3954} INFO - Setting next_dagrun for example_complex to None, run_after=None
[2026-04-29T02:13:54.238+0200] {processor.py:183} INFO - Processing /Users/pablofrancoherrero/prueba_tecnica/venv/lib/python3.11/site-packages/airflow/example_dags/example_complex.py took 0.042 seconds
[2026-04-29T02:15:15.538+0200] {processor.py:161} INFO - Started process (PID=71611) to work on /Users/pablofrancoherrero/prueba_tecnica/venv/lib/python3.11/site-packages/airflow/example_dags/example_complex.py
[2026-04-29T02:15:15.539+0200] {processor.py:830} INFO - Processing file /Users/pablofrancoherrero/prueba_tecnica/venv/lib/python3.11/site-packages/airflow/example_dags/example_complex.py for tasks to queue
[2026-04-29T02:15:15.539+0200] {logging_mixin.py:188} INFO - [2026-04-29T02:15:15.539+0200] {dagbag.py:540} INFO - Filling up the DagBag from /Users/pablofrancoherrero/prueba_tecnica/venv/lib/python3.11/site-packages/airflow/example_dags/example_complex.py
[2026-04-29T02:15:15.543+0200] {processor.py:840} INFO - DAG(s) 'example_complex' retrieved from /Users/pablofrancoherrero/prueba_tecnica/venv/lib/python3.11/site-packages/airflow/example_dags/example_complex.py
[2026-04-29T02:15:15.571+0200] {logging_mixin.py:188} INFO - [2026-04-29T02:15:15.571+0200] {dag.py:3096} INFO - Sync 1 DAGs
[2026-04-29T02:15:15.573+0200] {logging_mixin.py:188} INFO - [2026-04-29T02:15:15.573+0200] {dag.py:3954} INFO - Setting next_dagrun for example_complex to None, run_after=None
[2026-04-29T02:15:15.578+0200] {processor.py:183} INFO - Processing /Users/pablofrancoherrero/prueba_tecnica/venv/lib/python3.11/site-packages/airflow/example_dags/example_complex.py took 0.041 seconds
[2026-04-29T02:16:36.729+0200] {processor.py:161} INFO - Started process (PID=71714) to work on /Users/pablofrancoherrero/prueba_tecnica/venv/lib/python3.11/site-packages/airflow/example_dags/example_complex.py
[2026-04-29T02:16:36.729+0200] {processor.py:830} INFO - Processing file /Users/pablofrancoherrero/prueba_tecnica/venv/lib/python3.11/site-packages/airflow/example_dags/example_complex.py for tasks to queue
[2026-04-29T02:16:36.729+0200] {logging_mixin.py:188} INFO - [2026-04-29T02:16:36.729+0200] {dagbag.py:540} INFO - Filling up the DagBag from /Users/pablofrancoherrero/prueba_tecnica/venv/lib/python3.11/site-packages/airflow/example_dags/example_complex.py
[2026-04-29T02:16:36.733+0200] {processor.py:840} INFO - DAG(s) 'example_complex' retrieved from /Users/pablofrancoherrero/prueba_tecnica/venv/lib/python3.11/site-packages/airflow/example_dags/example_complex.py
[2026-04-29T02:16:36.762+0200] {logging_mixin.py:188} INFO - [2026-04-29T02:16:36.761+0200] {dag.py:3096} INFO - Sync 1 DAGs
[2026-04-29T02:16:36.764+0200] {logging_mixin.py:188} INFO - [2026-04-29T02:16:36.764+0200] {dag.py:3954} INFO - Setting next_dagrun for example_complex to None, run_after=None
[2026-04-29T02:16:36.769+0200] {processor.py:183} INFO - Processing /Users/pablofrancoherrero/prueba_tecnica/venv/lib/python3.11/site-packages/airflow/example_dags/example_complex.py took 0.041 seconds
[2026-04-29T02:34:34.747+0200] {processor.py:161} INFO - Started process (PID=71915) to work on /Users/pablofrancoherrero/prueba_tecnica/venv/lib/python3.11/site-packages/airflow/example_dags/example_complex.py
[2026-04-29T02:34:34.748+0200] {processor.py:830} INFO - Processing file /Users/pablofrancoherrero/prueba_tecnica/venv/lib/python3.11/site-packages/airflow/example_dags/example_complex.py for tasks to queue
[2026-04-29T02:34:34.748+0200] {logging_mixin.py:188} INFO - [2026-04-29T02:34:34.748+0200] {dagbag.py:540} INFO - Filling up the DagBag from /Users/pablofrancoherrero/prueba_tecnica/venv/lib/python3.11/site-packages/airflow/example_dags/example_complex.py
[2026-04-29T02:34:34.752+0200] {processor.py:840} INFO - DAG(s) 'example_complex' retrieved from /Users/pablofrancoherrero/prueba_tecnica/venv/lib/python3.11/site-packages/airflow/example_dags/example_complex.py
[2026-04-29T02:34:34.780+0200] {logging_mixin.py:188} INFO - [2026-04-29T02:34:34.780+0200] {dag.py:3096} INFO - Sync 1 DAGs
[2026-04-29T02:34:34.783+0200] {logging_mixin.py:188} INFO - [2026-04-29T02:34:34.783+0200] {dag.py:3954} INFO - Setting next_dagrun for example_complex to None, run_after=None
[2026-04-29T02:34:34.788+0200] {processor.py:183} INFO - Processing /Users/pablofrancoherrero/prueba_tecnica/venv/lib/python3.11/site-packages/airflow/example_dags/example_complex.py took 0.042 seconds
[2026-04-29T03:09:19.066+0200] {processor.py:161} INFO - Started process (PID=72027) to work on /Users/pablofrancoherrero/prueba_tecnica/venv/lib/python3.11/site-packages/airflow/example_dags/example_complex.py
[2026-04-29T03:09:19.128+0200] {processor.py:830} INFO - Processing file /Users/pablofrancoherrero/prueba_tecnica/venv/lib/python3.11/site-packages/airflow/example_dags/example_complex.py for tasks to queue
[2026-04-29T03:09:19.129+0200] {logging_mixin.py:188} INFO - [2026-04-29T03:09:19.129+0200] {dagbag.py:540} INFO - Filling up the DagBag from /Users/pablofrancoherrero/prueba_tecnica/venv/lib/python3.11/site-packages/airflow/example_dags/example_complex.py
[2026-04-29T03:09:19.135+0200] {processor.py:840} INFO - DAG(s) 'example_complex' retrieved from /Users/pablofrancoherrero/prueba_tecnica/venv/lib/python3.11/site-packages/airflow/example_dags/example_complex.py
[2026-04-29T03:09:19.176+0200] {logging_mixin.py:188} INFO - [2026-04-29T03:09:19.176+0200] {dag.py:3096} INFO - Sync 1 DAGs
[2026-04-29T03:09:19.179+0200] {logging_mixin.py:188} INFO - [2026-04-29T03:09:19.179+0200] {dag.py:3954} INFO - Setting next_dagrun for example_complex to None, run_after=None
[2026-04-29T03:09:19.186+0200] {processor.py:183} INFO - Processing /Users/pablofrancoherrero/prueba_tecnica/venv/lib/python3.11/site-packages/airflow/example_dags/example_complex.py took 0.123 seconds
[2026-04-29T03:26:19.222+0200] {processor.py:161} INFO - Started process (PID=72295) to work on /Users/pablofrancoherrero/prueba_tecnica/venv/lib/python3.11/site-packages/airflow/example_dags/example_complex.py
[2026-04-29T03:26:19.223+0200] {processor.py:830} INFO - Processing file /Users/pablofrancoherrero/prueba_tecnica/venv/lib/python3.11/site-packages/airflow/example_dags/example_complex.py for tasks to queue
[2026-04-29T03:26:19.224+0200] {logging_mixin.py:188} INFO - [2026-04-29T03:26:19.223+0200] {dagbag.py:540} INFO - Filling up the DagBag from /Users/pablofrancoherrero/prueba_tecnica/venv/lib/python3.11/site-packages/airflow/example_dags/example_complex.py
[2026-04-29T03:26:19.227+0200] {processor.py:840} INFO - DAG(s) 'example_complex' retrieved from /Users/pablofrancoherrero/prueba_tecnica/venv/lib/python3.11/site-packages/airflow/example_dags/example_complex.py
[2026-04-29T03:26:19.255+0200] {logging_mixin.py:188} INFO - [2026-04-29T03:26:19.255+0200] {dag.py:3096} INFO - Sync 1 DAGs
[2026-04-29T03:26:19.257+0200] {logging_mixin.py:188} INFO - [2026-04-29T03:26:19.257+0200] {dag.py:3954} INFO - Setting next_dagrun for example_complex to None, run_after=None
[2026-04-29T03:26:19.262+0200] {processor.py:183} INFO - Processing /Users/pablofrancoherrero/prueba_tecnica/venv/lib/python3.11/site-packages/airflow/example_dags/example_complex.py took 0.041 seconds
[2026-04-29T03:53:19.059+0200] {processor.py:161} INFO - Started process (PID=72428) to work on /Users/pablofrancoherrero/prueba_tecnica/venv/lib/python3.11/site-packages/airflow/example_dags/example_complex.py
[2026-04-29T03:53:19.061+0200] {processor.py:830} INFO - Processing file /Users/pablofrancoherrero/prueba_tecnica/venv/lib/python3.11/site-packages/airflow/example_dags/example_complex.py for tasks to queue
[2026-04-29T03:53:19.061+0200] {logging_mixin.py:188} INFO - [2026-04-29T03:53:19.061+0200] {dagbag.py:540} INFO - Filling up the DagBag from /Users/pablofrancoherrero/prueba_tecnica/venv/lib/python3.11/site-packages/airflow/example_dags/example_complex.py
[2026-04-29T03:53:19.064+0200] {processor.py:840} INFO - DAG(s) 'example_complex' retrieved from /Users/pablofrancoherrero/prueba_tecnica/venv/lib/python3.11/site-packages/airflow/example_dags/example_complex.py
[2026-04-29T03:53:19.092+0200] {logging_mixin.py:188} INFO - [2026-04-29T03:53:19.092+0200] {dag.py:3096} INFO - Sync 1 DAGs
[2026-04-29T03:53:19.094+0200] {logging_mixin.py:188} INFO - [2026-04-29T03:53:19.094+0200] {dag.py:3954} INFO - Setting next_dagrun for example_complex to None, run_after=None
[2026-04-29T03:53:19.099+0200] {processor.py:183} INFO - Processing /Users/pablofrancoherrero/prueba_tecnica/venv/lib/python3.11/site-packages/airflow/example_dags/example_complex.py took 0.041 seconds
[2026-04-29T04:26:00.379+0200] {processor.py:161} INFO - Started process (PID=72601) to work on /Users/pablofrancoherrero/prueba_tecnica/venv/lib/python3.11/site-packages/airflow/example_dags/example_complex.py
[2026-04-29T04:26:00.379+0200] {processor.py:830} INFO - Processing file /Users/pablofrancoherrero/prueba_tecnica/venv/lib/python3.11/site-packages/airflow/example_dags/example_complex.py for tasks to queue
[2026-04-29T04:26:00.379+0200] {logging_mixin.py:188} INFO - [2026-04-29T04:26:00.379+0200] {dagbag.py:540} INFO - Filling up the DagBag from /Users/pablofrancoherrero/prueba_tecnica/venv/lib/python3.11/site-packages/airflow/example_dags/example_complex.py
[2026-04-29T04:26:00.383+0200] {processor.py:840} INFO - DAG(s) 'example_complex' retrieved from /Users/pablofrancoherrero/prueba_tecnica/venv/lib/python3.11/site-packages/airflow/example_dags/example_complex.py
[2026-04-29T04:26:00.412+0200] {logging_mixin.py:188} INFO - [2026-04-29T04:26:00.412+0200] {dag.py:3096} INFO - Sync 1 DAGs
[2026-04-29T04:26:00.415+0200] {logging_mixin.py:188} INFO - [2026-04-29T04:26:00.415+0200] {dag.py:3954} INFO - Setting next_dagrun for example_complex to None, run_after=None
[2026-04-29T04:26:00.420+0200] {processor.py:183} INFO - Processing /Users/pablofrancoherrero/prueba_tecnica/venv/lib/python3.11/site-packages/airflow/example_dags/example_complex.py took 0.042 seconds
[2026-04-29T04:45:09.399+0200] {processor.py:161} INFO - Started process (PID=72792) to work on /Users/pablofrancoherrero/prueba_tecnica/venv/lib/python3.11/site-packages/airflow/example_dags/example_complex.py
[2026-04-29T04:45:09.399+0200] {processor.py:830} INFO - Processing file /Users/pablofrancoherrero/prueba_tecnica/venv/lib/python3.11/site-packages/airflow/example_dags/example_complex.py for tasks to queue
[2026-04-29T04:45:09.400+0200] {logging_mixin.py:188} INFO - [2026-04-29T04:45:09.399+0200] {dagbag.py:540} INFO - Filling up the DagBag from /Users/pablofrancoherrero/prueba_tecnica/venv/lib/python3.11/site-packages/airflow/example_dags/example_complex.py
[2026-04-29T04:45:09.403+0200] {processor.py:840} INFO - DAG(s) 'example_complex' retrieved from /Users/pablofrancoherrero/prueba_tecnica/venv/lib/python3.11/site-packages/airflow/example_dags/example_complex.py
[2026-04-29T04:45:09.431+0200] {logging_mixin.py:188} INFO - [2026-04-29T04:45:09.431+0200] {dag.py:3096} INFO - Sync 1 DAGs
[2026-04-29T04:45:09.434+0200] {logging_mixin.py:188} INFO - [2026-04-29T04:45:09.434+0200] {dag.py:3954} INFO - Setting next_dagrun for example_complex to None, run_after=None
[2026-04-29T04:45:09.439+0200] {processor.py:183} INFO - Processing /Users/pablofrancoherrero/prueba_tecnica/venv/lib/python3.11/site-packages/airflow/example_dags/example_complex.py took 0.041 seconds
[2026-04-29T05:17:12.443+0200] {processor.py:161} INFO - Started process (PID=73008) to work on /Users/pablofrancoherrero/prueba_tecnica/venv/lib/python3.11/site-packages/airflow/example_dags/example_complex.py
[2026-04-29T05:17:12.443+0200] {processor.py:830} INFO - Processing file /Users/pablofrancoherrero/prueba_tecnica/venv/lib/python3.11/site-packages/airflow/example_dags/example_complex.py for tasks to queue
[2026-04-29T05:17:12.443+0200] {logging_mixin.py:188} INFO - [2026-04-29T05:17:12.443+0200] {dagbag.py:540} INFO - Filling up the DagBag from /Users/pablofrancoherrero/prueba_tecnica/venv/lib/python3.11/site-packages/airflow/example_dags/example_complex.py
[2026-04-29T05:17:12.447+0200] {processor.py:840} INFO - DAG(s) 'example_complex' retrieved from /Users/pablofrancoherrero/prueba_tecnica/venv/lib/python3.11/site-packages/airflow/example_dags/example_complex.py
[2026-04-29T05:17:12.476+0200] {logging_mixin.py:188} INFO - [2026-04-29T05:17:12.476+0200] {dag.py:3096} INFO - Sync 1 DAGs
[2026-04-29T05:17:12.478+0200] {logging_mixin.py:188} INFO - [2026-04-29T05:17:12.478+0200] {dag.py:3954} INFO - Setting next_dagrun for example_complex to None, run_after=None
[2026-04-29T05:17:12.483+0200] {processor.py:183} INFO - Processing /Users/pablofrancoherrero/prueba_tecnica/venv/lib/python3.11/site-packages/airflow/example_dags/example_complex.py took 0.041 seconds
[2026-04-29T05:18:41.705+0200] {processor.py:161} INFO - Started process (PID=73233) to work on /Users/pablofrancoherrero/prueba_tecnica/venv/lib/python3.11/site-packages/airflow/example_dags/example_complex.py
[2026-04-29T05:18:41.706+0200] {processor.py:830} INFO - Processing file /Users/pablofrancoherrero/prueba_tecnica/venv/lib/python3.11/site-packages/airflow/example_dags/example_complex.py for tasks to queue
[2026-04-29T05:18:41.706+0200] {logging_mixin.py:188} INFO - [2026-04-29T05:18:41.706+0200] {dagbag.py:540} INFO - Filling up the DagBag from /Users/pablofrancoherrero/prueba_tecnica/venv/lib/python3.11/site-packages/airflow/example_dags/example_complex.py
[2026-04-29T05:18:41.710+0200] {processor.py:840} INFO - DAG(s) 'example_complex' retrieved from /Users/pablofrancoherrero/prueba_tecnica/venv/lib/python3.11/site-packages/airflow/example_dags/example_complex.py
[2026-04-29T05:18:41.738+0200] {logging_mixin.py:188} INFO - [2026-04-29T05:18:41.738+0200] {dag.py:3096} INFO - Sync 1 DAGs
[2026-04-29T05:18:41.741+0200] {logging_mixin.py:188} INFO - [2026-04-29T05:18:41.741+0200] {dag.py:3954} INFO - Setting next_dagrun for example_complex to None, run_after=None
[2026-04-29T05:18:41.746+0200] {processor.py:183} INFO - Processing /Users/pablofrancoherrero/prueba_tecnica/venv/lib/python3.11/site-packages/airflow/example_dags/example_complex.py took 0.041 seconds
[2026-04-29T05:20:01.995+0200] {processor.py:161} INFO - Started process (PID=73381) to work on /Users/pablofrancoherrero/prueba_tecnica/venv/lib/python3.11/site-packages/airflow/example_dags/example_complex.py
[2026-04-29T05:20:01.996+0200] {processor.py:830} INFO - Processing file /Users/pablofrancoherrero/prueba_tecnica/venv/lib/python3.11/site-packages/airflow/example_dags/example_complex.py for tasks to queue
[2026-04-29T05:20:01.997+0200] {logging_mixin.py:188} INFO - [2026-04-29T05:20:01.997+0200] {dagbag.py:540} INFO - Filling up the DagBag from /Users/pablofrancoherrero/prueba_tecnica/venv/lib/python3.11/site-packages/airflow/example_dags/example_complex.py
[2026-04-29T05:20:02.000+0200] {processor.py:840} INFO - DAG(s) 'example_complex' retrieved from /Users/pablofrancoherrero/prueba_tecnica/venv/lib/python3.11/site-packages/airflow/example_dags/example_complex.py
[2026-04-29T05:20:02.028+0200] {logging_mixin.py:188} INFO - [2026-04-29T05:20:02.028+0200] {dag.py:3096} INFO - Sync 1 DAGs
[2026-04-29T05:20:02.031+0200] {logging_mixin.py:188} INFO - [2026-04-29T05:20:02.031+0200] {dag.py:3954} INFO - Setting next_dagrun for example_complex to None, run_after=None
[2026-04-29T05:20:02.036+0200] {processor.py:183} INFO - Processing /Users/pablofrancoherrero/prueba_tecnica/venv/lib/python3.11/site-packages/airflow/example_dags/example_complex.py took 0.041 seconds
[2026-04-29T05:21:21.707+0200] {processor.py:161} INFO - Started process (PID=73486) to work on /Users/pablofrancoherrero/prueba_tecnica/venv/lib/python3.11/site-packages/airflow/example_dags/example_complex.py
[2026-04-29T05:21:21.708+0200] {processor.py:830} INFO - Processing file /Users/pablofrancoherrero/prueba_tecnica/venv/lib/python3.11/site-packages/airflow/example_dags/example_complex.py for tasks to queue
[2026-04-29T05:21:21.708+0200] {logging_mixin.py:188} INFO - [2026-04-29T05:21:21.708+0200] {dagbag.py:540} INFO - Filling up the DagBag from /Users/pablofrancoherrero/prueba_tecnica/venv/lib/python3.11/site-packages/airflow/example_dags/example_complex.py
[2026-04-29T05:21:21.712+0200] {processor.py:840} INFO - DAG(s) 'example_complex' retrieved from /Users/pablofrancoherrero/prueba_tecnica/venv/lib/python3.11/site-packages/airflow/example_dags/example_complex.py
[2026-04-29T05:21:21.740+0200] {logging_mixin.py:188} INFO - [2026-04-29T05:21:21.740+0200] {dag.py:3096} INFO - Sync 1 DAGs
[2026-04-29T05:21:21.743+0200] {logging_mixin.py:188} INFO - [2026-04-29T05:21:21.742+0200] {dag.py:3954} INFO - Setting next_dagrun for example_complex to None, run_after=None
[2026-04-29T05:21:21.747+0200] {processor.py:183} INFO - Processing /Users/pablofrancoherrero/prueba_tecnica/venv/lib/python3.11/site-packages/airflow/example_dags/example_complex.py took 0.041 seconds
[2026-04-29T05:22:41.816+0200] {processor.py:161} INFO - Started process (PID=73593) to work on /Users/pablofrancoherrero/prueba_tecnica/venv/lib/python3.11/site-packages/airflow/example_dags/example_complex.py
[2026-04-29T05:22:41.817+0200] {processor.py:830} INFO - Processing file /Users/pablofrancoherrero/prueba_tecnica/venv/lib/python3.11/site-packages/airflow/example_dags/example_complex.py for tasks to queue
[2026-04-29T05:22:41.817+0200] {logging_mixin.py:188} INFO - [2026-04-29T05:22:41.817+0200] {dagbag.py:540} INFO - Filling up the DagBag from /Users/pablofrancoherrero/prueba_tecnica/venv/lib/python3.11/site-packages/airflow/example_dags/example_complex.py
[2026-04-29T05:22:41.821+0200] {processor.py:840} INFO - DAG(s) 'example_complex' retrieved from /Users/pablofrancoherrero/prueba_tecnica/venv/lib/python3.11/site-packages/airflow/example_dags/example_complex.py
[2026-04-29T05:22:41.849+0200] {logging_mixin.py:188} INFO - [2026-04-29T05:22:41.849+0200] {dag.py:3096} INFO - Sync 1 DAGs
[2026-04-29T05:22:41.851+0200] {logging_mixin.py:188} INFO - [2026-04-29T05:22:41.851+0200] {dag.py:3954} INFO - Setting next_dagrun for example_complex to None, run_after=None
[2026-04-29T05:22:41.856+0200] {processor.py:183} INFO - Processing /Users/pablofrancoherrero/prueba_tecnica/venv/lib/python3.11/site-packages/airflow/example_dags/example_complex.py took 0.041 seconds
[2026-04-29T05:24:04.481+0200] {processor.py:161} INFO - Started process (PID=73687) to work on /Users/pablofrancoherrero/prueba_tecnica/venv/lib/python3.11/site-packages/airflow/example_dags/example_complex.py
[2026-04-29T05:24:04.482+0200] {processor.py:830} INFO - Processing file /Users/pablofrancoherrero/prueba_tecnica/venv/lib/python3.11/site-packages/airflow/example_dags/example_complex.py for tasks to queue
[2026-04-29T05:24:04.482+0200] {logging_mixin.py:188} INFO - [2026-04-29T05:24:04.482+0200] {dagbag.py:540} INFO - Filling up the DagBag from /Users/pablofrancoherrero/prueba_tecnica/venv/lib/python3.11/site-packages/airflow/example_dags/example_complex.py
[2026-04-29T05:24:04.486+0200] {processor.py:840} INFO - DAG(s) 'example_complex' retrieved from /Users/pablofrancoherrero/prueba_tecnica/venv/lib/python3.11/site-packages/airflow/example_dags/example_complex.py
[2026-04-29T05:24:04.514+0200] {logging_mixin.py:188} INFO - [2026-04-29T05:24:04.514+0200] {dag.py:3096} INFO - Sync 1 DAGs
[2026-04-29T05:24:04.516+0200] {logging_mixin.py:188} INFO - [2026-04-29T05:24:04.516+0200] {dag.py:3954} INFO - Setting next_dagrun for example_complex to None, run_after=None
[2026-04-29T05:24:04.521+0200] {processor.py:183} INFO - Processing /Users/pablofrancoherrero/prueba_tecnica/venv/lib/python3.11/site-packages/airflow/example_dags/example_complex.py took 0.041 seconds
[2026-04-29T05:25:21.789+0200] {processor.py:161} INFO - Started process (PID=73780) to work on /Users/pablofrancoherrero/prueba_tecnica/venv/lib/python3.11/site-packages/airflow/example_dags/example_complex.py
[2026-04-29T05:25:21.790+0200] {processor.py:830} INFO - Processing file /Users/pablofrancoherrero/prueba_tecnica/venv/lib/python3.11/site-packages/airflow/example_dags/example_complex.py for tasks to queue
[2026-04-29T05:25:21.790+0200] {logging_mixin.py:188} INFO - [2026-04-29T05:25:21.790+0200] {dagbag.py:540} INFO - Filling up the DagBag from /Users/pablofrancoherrero/prueba_tecnica/venv/lib/python3.11/site-packages/airflow/example_dags/example_complex.py
[2026-04-29T05:25:21.794+0200] {processor.py:840} INFO - DAG(s) 'example_complex' retrieved from /Users/pablofrancoherrero/prueba_tecnica/venv/lib/python3.11/site-packages/airflow/example_dags/example_complex.py
[2026-04-29T05:25:21.823+0200] {logging_mixin.py:188} INFO - [2026-04-29T05:25:21.823+0200] {dag.py:3096} INFO - Sync 1 DAGs
[2026-04-29T05:25:21.825+0200] {logging_mixin.py:188} INFO - [2026-04-29T05:25:21.825+0200] {dag.py:3954} INFO - Setting next_dagrun for example_complex to None, run_after=None
[2026-04-29T05:25:21.831+0200] {processor.py:183} INFO - Processing /Users/pablofrancoherrero/prueba_tecnica/venv/lib/python3.11/site-packages/airflow/example_dags/example_complex.py took 0.042 seconds
[2026-04-29T05:26:44.502+0200] {processor.py:161} INFO - Started process (PID=73865) to work on /Users/pablofrancoherrero/prueba_tecnica/venv/lib/python3.11/site-packages/airflow/example_dags/example_complex.py
[2026-04-29T05:26:44.503+0200] {processor.py:830} INFO - Processing file /Users/pablofrancoherrero/prueba_tecnica/venv/lib/python3.11/site-packages/airflow/example_dags/example_complex.py for tasks to queue
[2026-04-29T05:26:44.503+0200] {logging_mixin.py:188} INFO - [2026-04-29T05:26:44.503+0200] {dagbag.py:540} INFO - Filling up the DagBag from /Users/pablofrancoherrero/prueba_tecnica/venv/lib/python3.11/site-packages/airflow/example_dags/example_complex.py
[2026-04-29T05:26:44.507+0200] {processor.py:840} INFO - DAG(s) 'example_complex' retrieved from /Users/pablofrancoherrero/prueba_tecnica/venv/lib/python3.11/site-packages/airflow/example_dags/example_complex.py
[2026-04-29T05:26:44.535+0200] {logging_mixin.py:188} INFO - [2026-04-29T05:26:44.534+0200] {dag.py:3096} INFO - Sync 1 DAGs
[2026-04-29T05:26:44.537+0200] {logging_mixin.py:188} INFO - [2026-04-29T05:26:44.537+0200] {dag.py:3954} INFO - Setting next_dagrun for example_complex to None, run_after=None
[2026-04-29T05:26:44.542+0200] {processor.py:183} INFO - Processing /Users/pablofrancoherrero/prueba_tecnica/venv/lib/python3.11/site-packages/airflow/example_dags/example_complex.py took 0.041 seconds
[2026-04-29T05:28:06.221+0200] {processor.py:161} INFO - Started process (PID=73958) to work on /Users/pablofrancoherrero/prueba_tecnica/venv/lib/python3.11/site-packages/airflow/example_dags/example_complex.py
[2026-04-29T05:28:06.221+0200] {processor.py:830} INFO - Processing file /Users/pablofrancoherrero/prueba_tecnica/venv/lib/python3.11/site-packages/airflow/example_dags/example_complex.py for tasks to queue
[2026-04-29T05:28:06.221+0200] {logging_mixin.py:188} INFO - [2026-04-29T05:28:06.221+0200] {dagbag.py:540} INFO - Filling up the DagBag from /Users/pablofrancoherrero/prueba_tecnica/venv/lib/python3.11/site-packages/airflow/example_dags/example_complex.py
[2026-04-29T05:28:06.225+0200] {processor.py:840} INFO - DAG(s) 'example_complex' retrieved from /Users/pablofrancoherrero/prueba_tecnica/venv/lib/python3.11/site-packages/airflow/example_dags/example_complex.py
[2026-04-29T05:28:06.254+0200] {logging_mixin.py:188} INFO - [2026-04-29T05:28:06.254+0200] {dag.py:3096} INFO - Sync 1 DAGs
[2026-04-29T05:28:06.256+0200] {logging_mixin.py:188} INFO - [2026-04-29T05:28:06.256+0200] {dag.py:3954} INFO - Setting next_dagrun for example_complex to None, run_after=None
[2026-04-29T05:28:06.261+0200] {processor.py:183} INFO - Processing /Users/pablofrancoherrero/prueba_tecnica/venv/lib/python3.11/site-packages/airflow/example_dags/example_complex.py took 0.042 seconds
[2026-04-29T05:29:27.045+0200] {processor.py:161} INFO - Started process (PID=74057) to work on /Users/pablofrancoherrero/prueba_tecnica/venv/lib/python3.11/site-packages/airflow/example_dags/example_complex.py
[2026-04-29T05:29:27.046+0200] {processor.py:830} INFO - Processing file /Users/pablofrancoherrero/prueba_tecnica/venv/lib/python3.11/site-packages/airflow/example_dags/example_complex.py for tasks to queue
[2026-04-29T05:29:27.046+0200] {logging_mixin.py:188} INFO - [2026-04-29T05:29:27.046+0200] {dagbag.py:540} INFO - Filling up the DagBag from /Users/pablofrancoherrero/prueba_tecnica/venv/lib/python3.11/site-packages/airflow/example_dags/example_complex.py
[2026-04-29T05:29:27.050+0200] {processor.py:840} INFO - DAG(s) 'example_complex' retrieved from /Users/pablofrancoherrero/prueba_tecnica/venv/lib/python3.11/site-packages/airflow/example_dags/example_complex.py
[2026-04-29T05:29:27.077+0200] {logging_mixin.py:188} INFO - [2026-04-29T05:29:27.077+0200] {dag.py:3096} INFO - Sync 1 DAGs
[2026-04-29T05:29:27.080+0200] {logging_mixin.py:188} INFO - [2026-04-29T05:29:27.080+0200] {dag.py:3954} INFO - Setting next_dagrun for example_complex to None, run_after=None
[2026-04-29T05:29:27.085+0200] {processor.py:183} INFO - Processing /Users/pablofrancoherrero/prueba_tecnica/venv/lib/python3.11/site-packages/airflow/example_dags/example_complex.py took 0.040 seconds
[2026-04-29T05:30:42.571+0200] {processor.py:161} INFO - Started process (PID=74138) to work on /Users/pablofrancoherrero/prueba_tecnica/venv/lib/python3.11/site-packages/airflow/example_dags/example_complex.py
[2026-04-29T05:30:42.571+0200] {processor.py:830} INFO - Processing file /Users/pablofrancoherrero/prueba_tecnica/venv/lib/python3.11/site-packages/airflow/example_dags/example_complex.py for tasks to queue
[2026-04-29T05:30:42.571+0200] {logging_mixin.py:188} INFO - [2026-04-29T05:30:42.571+0200] {dagbag.py:540} INFO - Filling up the DagBag from /Users/pablofrancoherrero/prueba_tecnica/venv/lib/python3.11/site-packages/airflow/example_dags/example_complex.py
[2026-04-29T05:30:42.575+0200] {processor.py:840} INFO - DAG(s) 'example_complex' retrieved from /Users/pablofrancoherrero/prueba_tecnica/venv/lib/python3.11/site-packages/airflow/example_dags/example_complex.py
[2026-04-29T05:30:42.604+0200] {logging_mixin.py:188} INFO - [2026-04-29T05:30:42.604+0200] {dag.py:3096} INFO - Sync 1 DAGs
[2026-04-29T05:30:42.606+0200] {logging_mixin.py:188} INFO - [2026-04-29T05:30:42.606+0200] {dag.py:3954} INFO - Setting next_dagrun for example_complex to None, run_after=None
[2026-04-29T05:30:42.611+0200] {processor.py:183} INFO - Processing /Users/pablofrancoherrero/prueba_tecnica/venv/lib/python3.11/site-packages/airflow/example_dags/example_complex.py took 0.041 seconds
[2026-04-29T05:32:02.296+0200] {processor.py:161} INFO - Started process (PID=74222) to work on /Users/pablofrancoherrero/prueba_tecnica/venv/lib/python3.11/site-packages/airflow/example_dags/example_complex.py
[2026-04-29T05:32:02.298+0200] {processor.py:830} INFO - Processing file /Users/pablofrancoherrero/prueba_tecnica/venv/lib/python3.11/site-packages/airflow/example_dags/example_complex.py for tasks to queue
[2026-04-29T05:32:02.298+0200] {logging_mixin.py:188} INFO - [2026-04-29T05:32:02.298+0200] {dagbag.py:540} INFO - Filling up the DagBag from /Users/pablofrancoherrero/prueba_tecnica/venv/lib/python3.11/site-packages/airflow/example_dags/example_complex.py
[2026-04-29T05:32:02.302+0200] {processor.py:840} INFO - DAG(s) 'example_complex' retrieved from /Users/pablofrancoherrero/prueba_tecnica/venv/lib/python3.11/site-packages/airflow/example_dags/example_complex.py
[2026-04-29T05:32:02.330+0200] {logging_mixin.py:188} INFO - [2026-04-29T05:32:02.330+0200] {dag.py:3096} INFO - Sync 1 DAGs
[2026-04-29T05:32:02.332+0200] {logging_mixin.py:188} INFO - [2026-04-29T05:32:02.332+0200] {dag.py:3954} INFO - Setting next_dagrun for example_complex to None, run_after=None
[2026-04-29T05:32:02.337+0200] {processor.py:183} INFO - Processing /Users/pablofrancoherrero/prueba_tecnica/venv/lib/python3.11/site-packages/airflow/example_dags/example_complex.py took 0.042 seconds
[2026-04-29T05:33:25.845+0200] {processor.py:161} INFO - Started process (PID=74318) to work on /Users/pablofrancoherrero/prueba_tecnica/venv/lib/python3.11/site-packages/airflow/example_dags/example_complex.py
[2026-04-29T05:33:25.846+0200] {processor.py:830} INFO - Processing file /Users/pablofrancoherrero/prueba_tecnica/venv/lib/python3.11/site-packages/airflow/example_dags/example_complex.py for tasks to queue
[2026-04-29T05:33:25.846+0200] {logging_mixin.py:188} INFO - [2026-04-29T05:33:25.846+0200] {dagbag.py:540} INFO - Filling up the DagBag from /Users/pablofrancoherrero/prueba_tecnica/venv/lib/python3.11/site-packages/airflow/example_dags/example_complex.py
[2026-04-29T05:33:25.850+0200] {processor.py:840} INFO - DAG(s) 'example_complex' retrieved from /Users/pablofrancoherrero/prueba_tecnica/venv/lib/python3.11/site-packages/airflow/example_dags/example_complex.py
[2026-04-29T05:33:25.879+0200] {logging_mixin.py:188} INFO - [2026-04-29T05:33:25.878+0200] {dag.py:3096} INFO - Sync 1 DAGs
[2026-04-29T05:33:25.881+0200] {logging_mixin.py:188} INFO - [2026-04-29T05:33:25.881+0200] {dag.py:3954} INFO - Setting next_dagrun for example_complex to None, run_after=None
[2026-04-29T05:33:25.886+0200] {processor.py:183} INFO - Processing /Users/pablofrancoherrero/prueba_tecnica/venv/lib/python3.11/site-packages/airflow/example_dags/example_complex.py took 0.042 seconds
[2026-04-29T05:34:44.485+0200] {processor.py:161} INFO - Started process (PID=74445) to work on /Users/pablofrancoherrero/prueba_tecnica/venv/lib/python3.11/site-packages/airflow/example_dags/example_complex.py
[2026-04-29T05:34:44.487+0200] {processor.py:830} INFO - Processing file /Users/pablofrancoherrero/prueba_tecnica/venv/lib/python3.11/site-packages/airflow/example_dags/example_complex.py for tasks to queue
[2026-04-29T05:34:44.487+0200] {logging_mixin.py:188} INFO - [2026-04-29T05:34:44.487+0200] {dagbag.py:540} INFO - Filling up the DagBag from /Users/pablofrancoherrero/prueba_tecnica/venv/lib/python3.11/site-packages/airflow/example_dags/example_complex.py
[2026-04-29T05:34:44.490+0200] {processor.py:840} INFO - DAG(s) 'example_complex' retrieved from /Users/pablofrancoherrero/prueba_tecnica/venv/lib/python3.11/site-packages/airflow/example_dags/example_complex.py
[2026-04-29T05:34:44.518+0200] {logging_mixin.py:188} INFO - [2026-04-29T05:34:44.518+0200] {dag.py:3096} INFO - Sync 1 DAGs
[2026-04-29T05:34:44.520+0200] {logging_mixin.py:188} INFO - [2026-04-29T05:34:44.520+0200] {dag.py:3954} INFO - Setting next_dagrun for example_complex to None, run_after=None
[2026-04-29T05:34:44.525+0200] {processor.py:183} INFO - Processing /Users/pablofrancoherrero/prueba_tecnica/venv/lib/python3.11/site-packages/airflow/example_dags/example_complex.py took 0.041 seconds
[2026-04-29T05:36:04.452+0200] {processor.py:161} INFO - Started process (PID=74530) to work on /Users/pablofrancoherrero/prueba_tecnica/venv/lib/python3.11/site-packages/airflow/example_dags/example_complex.py
[2026-04-29T05:36:04.453+0200] {processor.py:830} INFO - Processing file /Users/pablofrancoherrero/prueba_tecnica/venv/lib/python3.11/site-packages/airflow/example_dags/example_complex.py for tasks to queue
[2026-04-29T05:36:04.454+0200] {logging_mixin.py:188} INFO - [2026-04-29T05:36:04.454+0200] {dagbag.py:540} INFO - Filling up the DagBag from /Users/pablofrancoherrero/prueba_tecnica/venv/lib/python3.11/site-packages/airflow/example_dags/example_complex.py
[2026-04-29T05:36:04.457+0200] {processor.py:840} INFO - DAG(s) 'example_complex' retrieved from /Users/pablofrancoherrero/prueba_tecnica/venv/lib/python3.11/site-packages/airflow/example_dags/example_complex.py
[2026-04-29T05:36:04.485+0200] {logging_mixin.py:188} INFO - [2026-04-29T05:36:04.485+0200] {dag.py:3096} INFO - Sync 1 DAGs
[2026-04-29T05:36:04.487+0200] {logging_mixin.py:188} INFO - [2026-04-29T05:36:04.487+0200] {dag.py:3954} INFO - Setting next_dagrun for example_complex to None, run_after=None
[2026-04-29T05:36:04.492+0200] {processor.py:183} INFO - Processing /Users/pablofrancoherrero/prueba_tecnica/venv/lib/python3.11/site-packages/airflow/example_dags/example_complex.py took 0.041 seconds
[2026-04-29T05:37:25.802+0200] {processor.py:161} INFO - Started process (PID=74618) to work on /Users/pablofrancoherrero/prueba_tecnica/venv/lib/python3.11/site-packages/airflow/example_dags/example_complex.py
[2026-04-29T05:37:25.803+0200] {processor.py:830} INFO - Processing file /Users/pablofrancoherrero/prueba_tecnica/venv/lib/python3.11/site-packages/airflow/example_dags/example_complex.py for tasks to queue
[2026-04-29T05:37:25.804+0200] {logging_mixin.py:188} INFO - [2026-04-29T05:37:25.803+0200] {dagbag.py:540} INFO - Filling up the DagBag from /Users/pablofrancoherrero/prueba_tecnica/venv/lib/python3.11/site-packages/airflow/example_dags/example_complex.py
[2026-04-29T05:37:25.807+0200] {processor.py:840} INFO - DAG(s) 'example_complex' retrieved from /Users/pablofrancoherrero/prueba_tecnica/venv/lib/python3.11/site-packages/airflow/example_dags/example_complex.py
[2026-04-29T05:37:25.835+0200] {logging_mixin.py:188} INFO - [2026-04-29T05:37:25.835+0200] {dag.py:3096} INFO - Sync 1 DAGs
[2026-04-29T05:37:25.837+0200] {logging_mixin.py:188} INFO - [2026-04-29T05:37:25.837+0200] {dag.py:3954} INFO - Setting next_dagrun for example_complex to None, run_after=None
[2026-04-29T05:37:25.842+0200] {processor.py:183} INFO - Processing /Users/pablofrancoherrero/prueba_tecnica/venv/lib/python3.11/site-packages/airflow/example_dags/example_complex.py took 0.041 seconds
[2026-04-29T05:38:46.687+0200] {processor.py:161} INFO - Started process (PID=74717) to work on /Users/pablofrancoherrero/prueba_tecnica/venv/lib/python3.11/site-packages/airflow/example_dags/example_complex.py
[2026-04-29T05:38:46.689+0200] {processor.py:830} INFO - Processing file /Users/pablofrancoherrero/prueba_tecnica/venv/lib/python3.11/site-packages/airflow/example_dags/example_complex.py for tasks to queue
[2026-04-29T05:38:46.689+0200] {logging_mixin.py:188} INFO - [2026-04-29T05:38:46.689+0200] {dagbag.py:540} INFO - Filling up the DagBag from /Users/pablofrancoherrero/prueba_tecnica/venv/lib/python3.11/site-packages/airflow/example_dags/example_complex.py
[2026-04-29T05:38:46.692+0200] {processor.py:840} INFO - DAG(s) 'example_complex' retrieved from /Users/pablofrancoherrero/prueba_tecnica/venv/lib/python3.11/site-packages/airflow/example_dags/example_complex.py
[2026-04-29T05:38:46.721+0200] {logging_mixin.py:188} INFO - [2026-04-29T05:38:46.721+0200] {dag.py:3096} INFO - Sync 1 DAGs
[2026-04-29T05:38:46.723+0200] {logging_mixin.py:188} INFO - [2026-04-29T05:38:46.723+0200] {dag.py:3954} INFO - Setting next_dagrun for example_complex to None, run_after=None
[2026-04-29T05:38:46.728+0200] {processor.py:183} INFO - Processing /Users/pablofrancoherrero/prueba_tecnica/venv/lib/python3.11/site-packages/airflow/example_dags/example_complex.py took 0.042 seconds
[2026-04-29T05:40:07.815+0200] {processor.py:161} INFO - Started process (PID=74818) to work on /Users/pablofrancoherrero/prueba_tecnica/venv/lib/python3.11/site-packages/airflow/example_dags/example_complex.py
[2026-04-29T05:40:07.816+0200] {processor.py:830} INFO - Processing file /Users/pablofrancoherrero/prueba_tecnica/venv/lib/python3.11/site-packages/airflow/example_dags/example_complex.py for tasks to queue
[2026-04-29T05:40:07.817+0200] {logging_mixin.py:188} INFO - [2026-04-29T05:40:07.817+0200] {dagbag.py:540} INFO - Filling up the DagBag from /Users/pablofrancoherrero/prueba_tecnica/venv/lib/python3.11/site-packages/airflow/example_dags/example_complex.py
[2026-04-29T05:40:07.820+0200] {processor.py:840} INFO - DAG(s) 'example_complex' retrieved from /Users/pablofrancoherrero/prueba_tecnica/venv/lib/python3.11/site-packages/airflow/example_dags/example_complex.py
[2026-04-29T05:40:07.848+0200] {logging_mixin.py:188} INFO - [2026-04-29T05:40:07.848+0200] {dag.py:3096} INFO - Sync 1 DAGs
[2026-04-29T05:40:07.851+0200] {logging_mixin.py:188} INFO - [2026-04-29T05:40:07.851+0200] {dag.py:3954} INFO - Setting next_dagrun for example_complex to None, run_after=None
[2026-04-29T05:40:07.856+0200] {processor.py:183} INFO - Processing /Users/pablofrancoherrero/prueba_tecnica/venv/lib/python3.11/site-packages/airflow/example_dags/example_complex.py took 0.041 seconds
[2026-04-29T05:41:31.111+0200] {processor.py:161} INFO - Started process (PID=74915) to work on /Users/pablofrancoherrero/prueba_tecnica/venv/lib/python3.11/site-packages/airflow/example_dags/example_complex.py
[2026-04-29T05:41:31.112+0200] {processor.py:830} INFO - Processing file /Users/pablofrancoherrero/prueba_tecnica/venv/lib/python3.11/site-packages/airflow/example_dags/example_complex.py for tasks to queue
[2026-04-29T05:41:31.113+0200] {logging_mixin.py:188} INFO - [2026-04-29T05:41:31.113+0200] {dagbag.py:540} INFO - Filling up the DagBag from /Users/pablofrancoherrero/prueba_tecnica/venv/lib/python3.11/site-packages/airflow/example_dags/example_complex.py
[2026-04-29T05:41:31.116+0200] {processor.py:840} INFO - DAG(s) 'example_complex' retrieved from /Users/pablofrancoherrero/prueba_tecnica/venv/lib/python3.11/site-packages/airflow/example_dags/example_complex.py
[2026-04-29T05:41:31.144+0200] {logging_mixin.py:188} INFO - [2026-04-29T05:41:31.144+0200] {dag.py:3096} INFO - Sync 1 DAGs
[2026-04-29T05:41:31.147+0200] {logging_mixin.py:188} INFO - [2026-04-29T05:41:31.147+0200] {dag.py:3954} INFO - Setting next_dagrun for example_complex to None, run_after=None
[2026-04-29T05:41:31.152+0200] {processor.py:183} INFO - Processing /Users/pablofrancoherrero/prueba_tecnica/venv/lib/python3.11/site-packages/airflow/example_dags/example_complex.py took 0.041 seconds
[2026-04-29T05:42:51.407+0200] {processor.py:161} INFO - Started process (PID=75001) to work on /Users/pablofrancoherrero/prueba_tecnica/venv/lib/python3.11/site-packages/airflow/example_dags/example_complex.py
[2026-04-29T05:42:51.407+0200] {processor.py:830} INFO - Processing file /Users/pablofrancoherrero/prueba_tecnica/venv/lib/python3.11/site-packages/airflow/example_dags/example_complex.py for tasks to queue
[2026-04-29T05:42:51.407+0200] {logging_mixin.py:188} INFO - [2026-04-29T05:42:51.407+0200] {dagbag.py:540} INFO - Filling up the DagBag from /Users/pablofrancoherrero/prueba_tecnica/venv/lib/python3.11/site-packages/airflow/example_dags/example_complex.py
[2026-04-29T05:42:51.411+0200] {processor.py:840} INFO - DAG(s) 'example_complex' retrieved from /Users/pablofrancoherrero/prueba_tecnica/venv/lib/python3.11/site-packages/airflow/example_dags/example_complex.py
[2026-04-29T05:42:51.442+0200] {logging_mixin.py:188} INFO - [2026-04-29T05:42:51.442+0200] {dag.py:3096} INFO - Sync 1 DAGs
[2026-04-29T05:42:51.445+0200] {logging_mixin.py:188} INFO - [2026-04-29T05:42:51.445+0200] {dag.py:3954} INFO - Setting next_dagrun for example_complex to None, run_after=None
[2026-04-29T05:42:51.450+0200] {processor.py:183} INFO - Processing /Users/pablofrancoherrero/prueba_tecnica/venv/lib/python3.11/site-packages/airflow/example_dags/example_complex.py took 0.044 seconds
[2026-04-29T05:44:14.177+0200] {processor.py:161} INFO - Started process (PID=75110) to work on /Users/pablofrancoherrero/prueba_tecnica/venv/lib/python3.11/site-packages/airflow/example_dags/example_complex.py
[2026-04-29T05:44:14.178+0200] {processor.py:830} INFO - Processing file /Users/pablofrancoherrero/prueba_tecnica/venv/lib/python3.11/site-packages/airflow/example_dags/example_complex.py for tasks to queue
[2026-04-29T05:44:14.178+0200] {logging_mixin.py:188} INFO - [2026-04-29T05:44:14.178+0200] {dagbag.py:540} INFO - Filling up the DagBag from /Users/pablofrancoherrero/prueba_tecnica/venv/lib/python3.11/site-packages/airflow/example_dags/example_complex.py
[2026-04-29T05:44:14.182+0200] {processor.py:840} INFO - DAG(s) 'example_complex' retrieved from /Users/pablofrancoherrero/prueba_tecnica/venv/lib/python3.11/site-packages/airflow/example_dags/example_complex.py
[2026-04-29T05:44:14.210+0200] {logging_mixin.py:188} INFO - [2026-04-29T05:44:14.210+0200] {dag.py:3096} INFO - Sync 1 DAGs
[2026-04-29T05:44:14.212+0200] {logging_mixin.py:188} INFO - [2026-04-29T05:44:14.212+0200] {dag.py:3954} INFO - Setting next_dagrun for example_complex to None, run_after=None
[2026-04-29T05:44:14.217+0200] {processor.py:183} INFO - Processing /Users/pablofrancoherrero/prueba_tecnica/venv/lib/python3.11/site-packages/airflow/example_dags/example_complex.py took 0.041 seconds
[2026-04-29T05:45:33.803+0200] {processor.py:161} INFO - Started process (PID=75217) to work on /Users/pablofrancoherrero/prueba_tecnica/venv/lib/python3.11/site-packages/airflow/example_dags/example_complex.py
[2026-04-29T05:45:33.804+0200] {processor.py:830} INFO - Processing file /Users/pablofrancoherrero/prueba_tecnica/venv/lib/python3.11/site-packages/airflow/example_dags/example_complex.py for tasks to queue
[2026-04-29T05:45:33.804+0200] {logging_mixin.py:188} INFO - [2026-04-29T05:45:33.804+0200] {dagbag.py:540} INFO - Filling up the DagBag from /Users/pablofrancoherrero/prueba_tecnica/venv/lib/python3.11/site-packages/airflow/example_dags/example_complex.py
[2026-04-29T05:45:33.808+0200] {processor.py:840} INFO - DAG(s) 'example_complex' retrieved from /Users/pablofrancoherrero/prueba_tecnica/venv/lib/python3.11/site-packages/airflow/example_dags/example_complex.py
[2026-04-29T05:45:33.836+0200] {logging_mixin.py:188} INFO - [2026-04-29T05:45:33.836+0200] {dag.py:3096} INFO - Sync 1 DAGs
[2026-04-29T05:45:33.838+0200] {logging_mixin.py:188} INFO - [2026-04-29T05:45:33.838+0200] {dag.py:3954} INFO - Setting next_dagrun for example_complex to None, run_after=None
[2026-04-29T05:45:33.843+0200] {processor.py:183} INFO - Processing /Users/pablofrancoherrero/prueba_tecnica/venv/lib/python3.11/site-packages/airflow/example_dags/example_complex.py took 0.041 seconds
[2026-04-29T05:46:50.593+0200] {processor.py:161} INFO - Started process (PID=75299) to work on /Users/pablofrancoherrero/prueba_tecnica/venv/lib/python3.11/site-packages/airflow/example_dags/example_complex.py
[2026-04-29T05:46:50.594+0200] {processor.py:830} INFO - Processing file /Users/pablofrancoherrero/prueba_tecnica/venv/lib/python3.11/site-packages/airflow/example_dags/example_complex.py for tasks to queue
[2026-04-29T05:46:50.594+0200] {logging_mixin.py:188} INFO - [2026-04-29T05:46:50.594+0200] {dagbag.py:540} INFO - Filling up the DagBag from /Users/pablofrancoherrero/prueba_tecnica/venv/lib/python3.11/site-packages/airflow/example_dags/example_complex.py
[2026-04-29T05:46:50.598+0200] {processor.py:840} INFO - DAG(s) 'example_complex' retrieved from /Users/pablofrancoherrero/prueba_tecnica/venv/lib/python3.11/site-packages/airflow/example_dags/example_complex.py
[2026-04-29T05:46:50.626+0200] {logging_mixin.py:188} INFO - [2026-04-29T05:46:50.626+0200] {dag.py:3096} INFO - Sync 1 DAGs
[2026-04-29T05:46:50.629+0200] {logging_mixin.py:188} INFO - [2026-04-29T05:46:50.629+0200] {dag.py:3954} INFO - Setting next_dagrun for example_complex to None, run_after=None
[2026-04-29T05:46:50.634+0200] {processor.py:183} INFO - Processing /Users/pablofrancoherrero/prueba_tecnica/venv/lib/python3.11/site-packages/airflow/example_dags/example_complex.py took 0.041 seconds
[2026-04-29T05:48:11.924+0200] {processor.py:161} INFO - Started process (PID=75396) to work on /Users/pablofrancoherrero/prueba_tecnica/venv/lib/python3.11/site-packages/airflow/example_dags/example_complex.py
[2026-04-29T05:48:11.925+0200] {processor.py:830} INFO - Processing file /Users/pablofrancoherrero/prueba_tecnica/venv/lib/python3.11/site-packages/airflow/example_dags/example_complex.py for tasks to queue
[2026-04-29T05:48:11.925+0200] {logging_mixin.py:188} INFO - [2026-04-29T05:48:11.925+0200] {dagbag.py:540} INFO - Filling up the DagBag from /Users/pablofrancoherrero/prueba_tecnica/venv/lib/python3.11/site-packages/airflow/example_dags/example_complex.py
[2026-04-29T05:48:11.929+0200] {processor.py:840} INFO - DAG(s) 'example_complex' retrieved from /Users/pablofrancoherrero/prueba_tecnica/venv/lib/python3.11/site-packages/airflow/example_dags/example_complex.py
[2026-04-29T05:48:11.957+0200] {logging_mixin.py:188} INFO - [2026-04-29T05:48:11.957+0200] {dag.py:3096} INFO - Sync 1 DAGs
[2026-04-29T05:48:11.960+0200] {logging_mixin.py:188} INFO - [2026-04-29T05:48:11.960+0200] {dag.py:3954} INFO - Setting next_dagrun for example_complex to None, run_after=None
[2026-04-29T05:48:11.965+0200] {processor.py:183} INFO - Processing /Users/pablofrancoherrero/prueba_tecnica/venv/lib/python3.11/site-packages/airflow/example_dags/example_complex.py took 0.041 seconds
[2026-04-29T05:49:31.609+0200] {processor.py:161} INFO - Started process (PID=75485) to work on /Users/pablofrancoherrero/prueba_tecnica/venv/lib/python3.11/site-packages/airflow/example_dags/example_complex.py
[2026-04-29T05:49:31.610+0200] {processor.py:830} INFO - Processing file /Users/pablofrancoherrero/prueba_tecnica/venv/lib/python3.11/site-packages/airflow/example_dags/example_complex.py for tasks to queue
[2026-04-29T05:49:31.610+0200] {logging_mixin.py:188} INFO - [2026-04-29T05:49:31.610+0200] {dagbag.py:540} INFO - Filling up the DagBag from /Users/pablofrancoherrero/prueba_tecnica/venv/lib/python3.11/site-packages/airflow/example_dags/example_complex.py
[2026-04-29T05:49:31.613+0200] {processor.py:840} INFO - DAG(s) 'example_complex' retrieved from /Users/pablofrancoherrero/prueba_tecnica/venv/lib/python3.11/site-packages/airflow/example_dags/example_complex.py
[2026-04-29T05:49:31.643+0200] {logging_mixin.py:188} INFO - [2026-04-29T05:49:31.643+0200] {dag.py:3096} INFO - Sync 1 DAGs
[2026-04-29T05:49:31.645+0200] {logging_mixin.py:188} INFO - [2026-04-29T05:49:31.645+0200] {dag.py:3954} INFO - Setting next_dagrun for example_complex to None, run_after=None
[2026-04-29T05:49:31.650+0200] {processor.py:183} INFO - Processing /Users/pablofrancoherrero/prueba_tecnica/venv/lib/python3.11/site-packages/airflow/example_dags/example_complex.py took 0.042 seconds
[2026-04-29T05:50:52.536+0200] {processor.py:161} INFO - Started process (PID=75606) to work on /Users/pablofrancoherrero/prueba_tecnica/venv/lib/python3.11/site-packages/airflow/example_dags/example_complex.py
[2026-04-29T05:50:52.536+0200] {processor.py:830} INFO - Processing file /Users/pablofrancoherrero/prueba_tecnica/venv/lib/python3.11/site-packages/airflow/example_dags/example_complex.py for tasks to queue
[2026-04-29T05:50:52.537+0200] {logging_mixin.py:188} INFO - [2026-04-29T05:50:52.537+0200] {dagbag.py:540} INFO - Filling up the DagBag from /Users/pablofrancoherrero/prueba_tecnica/venv/lib/python3.11/site-packages/airflow/example_dags/example_complex.py
[2026-04-29T05:50:52.540+0200] {processor.py:840} INFO - DAG(s) 'example_complex' retrieved from /Users/pablofrancoherrero/prueba_tecnica/venv/lib/python3.11/site-packages/airflow/example_dags/example_complex.py
[2026-04-29T05:50:52.568+0200] {logging_mixin.py:188} INFO - [2026-04-29T05:50:52.568+0200] {dag.py:3096} INFO - Sync 1 DAGs
[2026-04-29T05:50:52.570+0200] {logging_mixin.py:188} INFO - [2026-04-29T05:50:52.570+0200] {dag.py:3954} INFO - Setting next_dagrun for example_complex to None, run_after=None
[2026-04-29T05:50:52.575+0200] {processor.py:183} INFO - Processing /Users/pablofrancoherrero/prueba_tecnica/venv/lib/python3.11/site-packages/airflow/example_dags/example_complex.py took 0.040 seconds
[2026-04-29T05:52:13.851+0200] {processor.py:161} INFO - Started process (PID=75690) to work on /Users/pablofrancoherrero/prueba_tecnica/venv/lib/python3.11/site-packages/airflow/example_dags/example_complex.py
[2026-04-29T05:52:13.852+0200] {processor.py:830} INFO - Processing file /Users/pablofrancoherrero/prueba_tecnica/venv/lib/python3.11/site-packages/airflow/example_dags/example_complex.py for tasks to queue
[2026-04-29T05:52:13.852+0200] {logging_mixin.py:188} INFO - [2026-04-29T05:52:13.852+0200] {dagbag.py:540} INFO - Filling up the DagBag from /Users/pablofrancoherrero/prueba_tecnica/venv/lib/python3.11/site-packages/airflow/example_dags/example_complex.py
[2026-04-29T05:52:13.856+0200] {processor.py:840} INFO - DAG(s) 'example_complex' retrieved from /Users/pablofrancoherrero/prueba_tecnica/venv/lib/python3.11/site-packages/airflow/example_dags/example_complex.py
[2026-04-29T05:52:13.884+0200] {logging_mixin.py:188} INFO - [2026-04-29T05:52:13.884+0200] {dag.py:3096} INFO - Sync 1 DAGs
[2026-04-29T05:52:13.886+0200] {logging_mixin.py:188} INFO - [2026-04-29T05:52:13.886+0200] {dag.py:3954} INFO - Setting next_dagrun for example_complex to None, run_after=None
[2026-04-29T05:52:13.891+0200] {processor.py:183} INFO - Processing /Users/pablofrancoherrero/prueba_tecnica/venv/lib/python3.11/site-packages/airflow/example_dags/example_complex.py took 0.040 seconds
[2026-04-29T05:53:32.886+0200] {processor.py:161} INFO - Started process (PID=75777) to work on /Users/pablofrancoherrero/prueba_tecnica/venv/lib/python3.11/site-packages/airflow/example_dags/example_complex.py
[2026-04-29T05:53:32.887+0200] {processor.py:830} INFO - Processing file /Users/pablofrancoherrero/prueba_tecnica/venv/lib/python3.11/site-packages/airflow/example_dags/example_complex.py for tasks to queue
[2026-04-29T05:53:32.887+0200] {logging_mixin.py:188} INFO - [2026-04-29T05:53:32.887+0200] {dagbag.py:540} INFO - Filling up the DagBag from /Users/pablofrancoherrero/prueba_tecnica/venv/lib/python3.11/site-packages/airflow/example_dags/example_complex.py
[2026-04-29T05:53:32.891+0200] {processor.py:840} INFO - DAG(s) 'example_complex' retrieved from /Users/pablofrancoherrero/prueba_tecnica/venv/lib/python3.11/site-packages/airflow/example_dags/example_complex.py
[2026-04-29T05:53:32.919+0200] {logging_mixin.py:188} INFO - [2026-04-29T05:53:32.919+0200] {dag.py:3096} INFO - Sync 1 DAGs
[2026-04-29T05:53:32.922+0200] {logging_mixin.py:188} INFO - [2026-04-29T05:53:32.922+0200] {dag.py:3954} INFO - Setting next_dagrun for example_complex to None, run_after=None
[2026-04-29T05:53:32.927+0200] {processor.py:183} INFO - Processing /Users/pablofrancoherrero/prueba_tecnica/venv/lib/python3.11/site-packages/airflow/example_dags/example_complex.py took 0.041 seconds
[2026-04-29T05:54:50.930+0200] {processor.py:161} INFO - Started process (PID=75861) to work on /Users/pablofrancoherrero/prueba_tecnica/venv/lib/python3.11/site-packages/airflow/example_dags/example_complex.py
[2026-04-29T05:54:50.931+0200] {processor.py:830} INFO - Processing file /Users/pablofrancoherrero/prueba_tecnica/venv/lib/python3.11/site-packages/airflow/example_dags/example_complex.py for tasks to queue
[2026-04-29T05:54:50.931+0200] {logging_mixin.py:188} INFO - [2026-04-29T05:54:50.931+0200] {dagbag.py:540} INFO - Filling up the DagBag from /Users/pablofrancoherrero/prueba_tecnica/venv/lib/python3.11/site-packages/airflow/example_dags/example_complex.py
[2026-04-29T05:54:50.935+0200] {processor.py:840} INFO - DAG(s) 'example_complex' retrieved from /Users/pablofrancoherrero/prueba_tecnica/venv/lib/python3.11/site-packages/airflow/example_dags/example_complex.py
[2026-04-29T05:54:50.964+0200] {logging_mixin.py:188} INFO - [2026-04-29T05:54:50.964+0200] {dag.py:3096} INFO - Sync 1 DAGs
[2026-04-29T05:54:50.966+0200] {logging_mixin.py:188} INFO - [2026-04-29T05:54:50.966+0200] {dag.py:3954} INFO - Setting next_dagrun for example_complex to None, run_after=None
[2026-04-29T05:54:50.971+0200] {processor.py:183} INFO - Processing /Users/pablofrancoherrero/prueba_tecnica/venv/lib/python3.11/site-packages/airflow/example_dags/example_complex.py took 0.042 seconds
[2026-04-29T05:56:11.936+0200] {processor.py:161} INFO - Started process (PID=75960) to work on /Users/pablofrancoherrero/prueba_tecnica/venv/lib/python3.11/site-packages/airflow/example_dags/example_complex.py
[2026-04-29T05:56:11.938+0200] {processor.py:830} INFO - Processing file /Users/pablofrancoherrero/prueba_tecnica/venv/lib/python3.11/site-packages/airflow/example_dags/example_complex.py for tasks to queue
[2026-04-29T05:56:11.938+0200] {logging_mixin.py:188} INFO - [2026-04-29T05:56:11.938+0200] {dagbag.py:540} INFO - Filling up the DagBag from /Users/pablofrancoherrero/prueba_tecnica/venv/lib/python3.11/site-packages/airflow/example_dags/example_complex.py
[2026-04-29T05:56:11.941+0200] {processor.py:840} INFO - DAG(s) 'example_complex' retrieved from /Users/pablofrancoherrero/prueba_tecnica/venv/lib/python3.11/site-packages/airflow/example_dags/example_complex.py
[2026-04-29T05:56:11.971+0200] {logging_mixin.py:188} INFO - [2026-04-29T05:56:11.970+0200] {dag.py:3096} INFO - Sync 1 DAGs
[2026-04-29T05:56:11.973+0200] {logging_mixin.py:188} INFO - [2026-04-29T05:56:11.973+0200] {dag.py:3954} INFO - Setting next_dagrun for example_complex to None, run_after=None
[2026-04-29T05:56:11.978+0200] {processor.py:183} INFO - Processing /Users/pablofrancoherrero/prueba_tecnica/venv/lib/python3.11/site-packages/airflow/example_dags/example_complex.py took 0.043 seconds
[2026-04-29T05:57:34.356+0200] {processor.py:161} INFO - Started process (PID=76050) to work on /Users/pablofrancoherrero/prueba_tecnica/venv/lib/python3.11/site-packages/airflow/example_dags/example_complex.py
[2026-04-29T05:57:34.357+0200] {processor.py:830} INFO - Processing file /Users/pablofrancoherrero/prueba_tecnica/venv/lib/python3.11/site-packages/airflow/example_dags/example_complex.py for tasks to queue
[2026-04-29T05:57:34.357+0200] {logging_mixin.py:188} INFO - [2026-04-29T05:57:34.357+0200] {dagbag.py:540} INFO - Filling up the DagBag from /Users/pablofrancoherrero/prueba_tecnica/venv/lib/python3.11/site-packages/airflow/example_dags/example_complex.py
[2026-04-29T05:57:34.360+0200] {processor.py:840} INFO - DAG(s) 'example_complex' retrieved from /Users/pablofrancoherrero/prueba_tecnica/venv/lib/python3.11/site-packages/airflow/example_dags/example_complex.py
[2026-04-29T05:57:34.388+0200] {logging_mixin.py:188} INFO - [2026-04-29T05:57:34.388+0200] {dag.py:3096} INFO - Sync 1 DAGs
[2026-04-29T05:57:34.391+0200] {logging_mixin.py:188} INFO - [2026-04-29T05:57:34.391+0200] {dag.py:3954} INFO - Setting next_dagrun for example_complex to None, run_after=None
[2026-04-29T05:57:34.396+0200] {processor.py:183} INFO - Processing /Users/pablofrancoherrero/prueba_tecnica/venv/lib/python3.11/site-packages/airflow/example_dags/example_complex.py took 0.041 seconds
[2026-04-29T05:58:53.694+0200] {processor.py:161} INFO - Started process (PID=76140) to work on /Users/pablofrancoherrero/prueba_tecnica/venv/lib/python3.11/site-packages/airflow/example_dags/example_complex.py
[2026-04-29T05:58:53.694+0200] {processor.py:830} INFO - Processing file /Users/pablofrancoherrero/prueba_tecnica/venv/lib/python3.11/site-packages/airflow/example_dags/example_complex.py for tasks to queue
[2026-04-29T05:58:53.694+0200] {logging_mixin.py:188} INFO - [2026-04-29T05:58:53.694+0200] {dagbag.py:540} INFO - Filling up the DagBag from /Users/pablofrancoherrero/prueba_tecnica/venv/lib/python3.11/site-packages/airflow/example_dags/example_complex.py
[2026-04-29T05:58:53.698+0200] {processor.py:840} INFO - DAG(s) 'example_complex' retrieved from /Users/pablofrancoherrero/prueba_tecnica/venv/lib/python3.11/site-packages/airflow/example_dags/example_complex.py
[2026-04-29T05:58:53.726+0200] {logging_mixin.py:188} INFO - [2026-04-29T05:58:53.726+0200] {dag.py:3096} INFO - Sync 1 DAGs
[2026-04-29T05:58:53.728+0200] {logging_mixin.py:188} INFO - [2026-04-29T05:58:53.728+0200] {dag.py:3954} INFO - Setting next_dagrun for example_complex to None, run_after=None
[2026-04-29T05:58:53.733+0200] {processor.py:183} INFO - Processing /Users/pablofrancoherrero/prueba_tecnica/venv/lib/python3.11/site-packages/airflow/example_dags/example_complex.py took 0.041 seconds
[2026-04-29T06:00:13.975+0200] {processor.py:161} INFO - Started process (PID=76239) to work on /Users/pablofrancoherrero/prueba_tecnica/venv/lib/python3.11/site-packages/airflow/example_dags/example_complex.py
[2026-04-29T06:00:13.976+0200] {processor.py:830} INFO - Processing file /Users/pablofrancoherrero/prueba_tecnica/venv/lib/python3.11/site-packages/airflow/example_dags/example_complex.py for tasks to queue
[2026-04-29T06:00:13.977+0200] {logging_mixin.py:188} INFO - [2026-04-29T06:00:13.977+0200] {dagbag.py:540} INFO - Filling up the DagBag from /Users/pablofrancoherrero/prueba_tecnica/venv/lib/python3.11/site-packages/airflow/example_dags/example_complex.py
[2026-04-29T06:00:13.980+0200] {processor.py:840} INFO - DAG(s) 'example_complex' retrieved from /Users/pablofrancoherrero/prueba_tecnica/venv/lib/python3.11/site-packages/airflow/example_dags/example_complex.py
[2026-04-29T06:00:14.008+0200] {logging_mixin.py:188} INFO - [2026-04-29T06:00:14.008+0200] {dag.py:3096} INFO - Sync 1 DAGs
[2026-04-29T06:00:14.010+0200] {logging_mixin.py:188} INFO - [2026-04-29T06:00:14.010+0200] {dag.py:3954} INFO - Setting next_dagrun for example_complex to None, run_after=None
[2026-04-29T06:00:14.016+0200] {processor.py:183} INFO - Processing /Users/pablofrancoherrero/prueba_tecnica/venv/lib/python3.11/site-packages/airflow/example_dags/example_complex.py took 0.041 seconds
[2026-04-29T06:01:35.667+0200] {processor.py:161} INFO - Started process (PID=76340) to work on /Users/pablofrancoherrero/prueba_tecnica/venv/lib/python3.11/site-packages/airflow/example_dags/example_complex.py
[2026-04-29T06:01:35.668+0200] {processor.py:830} INFO - Processing file /Users/pablofrancoherrero/prueba_tecnica/venv/lib/python3.11/site-packages/airflow/example_dags/example_complex.py for tasks to queue
[2026-04-29T06:01:35.669+0200] {logging_mixin.py:188} INFO - [2026-04-29T06:01:35.669+0200] {dagbag.py:540} INFO - Filling up the DagBag from /Users/pablofrancoherrero/prueba_tecnica/venv/lib/python3.11/site-packages/airflow/example_dags/example_complex.py
[2026-04-29T06:01:35.673+0200] {processor.py:840} INFO - DAG(s) 'example_complex' retrieved from /Users/pablofrancoherrero/prueba_tecnica/venv/lib/python3.11/site-packages/airflow/example_dags/example_complex.py
[2026-04-29T06:01:35.701+0200] {logging_mixin.py:188} INFO - [2026-04-29T06:01:35.701+0200] {dag.py:3096} INFO - Sync 1 DAGs
[2026-04-29T06:01:35.703+0200] {logging_mixin.py:188} INFO - [2026-04-29T06:01:35.703+0200] {dag.py:3954} INFO - Setting next_dagrun for example_complex to None, run_after=None
[2026-04-29T06:01:35.708+0200] {processor.py:183} INFO - Processing /Users/pablofrancoherrero/prueba_tecnica/venv/lib/python3.11/site-packages/airflow/example_dags/example_complex.py took 0.042 seconds
[2026-04-29T06:02:57.386+0200] {processor.py:161} INFO - Started process (PID=76434) to work on /Users/pablofrancoherrero/prueba_tecnica/venv/lib/python3.11/site-packages/airflow/example_dags/example_complex.py
[2026-04-29T06:02:57.387+0200] {processor.py:830} INFO - Processing file /Users/pablofrancoherrero/prueba_tecnica/venv/lib/python3.11/site-packages/airflow/example_dags/example_complex.py for tasks to queue
[2026-04-29T06:02:57.387+0200] {logging_mixin.py:188} INFO - [2026-04-29T06:02:57.387+0200] {dagbag.py:540} INFO - Filling up the DagBag from /Users/pablofrancoherrero/prueba_tecnica/venv/lib/python3.11/site-packages/airflow/example_dags/example_complex.py
[2026-04-29T06:02:57.391+0200] {processor.py:840} INFO - DAG(s) 'example_complex' retrieved from /Users/pablofrancoherrero/prueba_tecnica/venv/lib/python3.11/site-packages/airflow/example_dags/example_complex.py
[2026-04-29T06:02:57.420+0200] {logging_mixin.py:188} INFO - [2026-04-29T06:02:57.420+0200] {dag.py:3096} INFO - Sync 1 DAGs
[2026-04-29T06:02:57.422+0200] {logging_mixin.py:188} INFO - [2026-04-29T06:02:57.422+0200] {dag.py:3954} INFO - Setting next_dagrun for example_complex to None, run_after=None
[2026-04-29T06:02:57.427+0200] {processor.py:183} INFO - Processing /Users/pablofrancoherrero/prueba_tecnica/venv/lib/python3.11/site-packages/airflow/example_dags/example_complex.py took 0.042 seconds
[2026-04-29T06:04:18.667+0200] {processor.py:161} INFO - Started process (PID=76516) to work on /Users/pablofrancoherrero/prueba_tecnica/venv/lib/python3.11/site-packages/airflow/example_dags/example_complex.py
[2026-04-29T06:04:18.668+0200] {processor.py:830} INFO - Processing file /Users/pablofrancoherrero/prueba_tecnica/venv/lib/python3.11/site-packages/airflow/example_dags/example_complex.py for tasks to queue
[2026-04-29T06:04:18.668+0200] {logging_mixin.py:188} INFO - [2026-04-29T06:04:18.668+0200] {dagbag.py:540} INFO - Filling up the DagBag from /Users/pablofrancoherrero/prueba_tecnica/venv/lib/python3.11/site-packages/airflow/example_dags/example_complex.py
[2026-04-29T06:04:18.672+0200] {processor.py:840} INFO - DAG(s) 'example_complex' retrieved from /Users/pablofrancoherrero/prueba_tecnica/venv/lib/python3.11/site-packages/airflow/example_dags/example_complex.py
[2026-04-29T06:04:18.701+0200] {logging_mixin.py:188} INFO - [2026-04-29T06:04:18.701+0200] {dag.py:3096} INFO - Sync 1 DAGs
[2026-04-29T06:04:18.704+0200] {logging_mixin.py:188} INFO - [2026-04-29T06:04:18.703+0200] {dag.py:3954} INFO - Setting next_dagrun for example_complex to None, run_after=None
[2026-04-29T06:04:18.709+0200] {processor.py:183} INFO - Processing /Users/pablofrancoherrero/prueba_tecnica/venv/lib/python3.11/site-packages/airflow/example_dags/example_complex.py took 0.042 seconds
[2026-04-29T06:05:39.268+0200] {processor.py:161} INFO - Started process (PID=76603) to work on /Users/pablofrancoherrero/prueba_tecnica/venv/lib/python3.11/site-packages/airflow/example_dags/example_complex.py
[2026-04-29T06:05:39.269+0200] {processor.py:830} INFO - Processing file /Users/pablofrancoherrero/prueba_tecnica/venv/lib/python3.11/site-packages/airflow/example_dags/example_complex.py for tasks to queue
[2026-04-29T06:05:39.269+0200] {logging_mixin.py:188} INFO - [2026-04-29T06:05:39.269+0200] {dagbag.py:540} INFO - Filling up the DagBag from /Users/pablofrancoherrero/prueba_tecnica/venv/lib/python3.11/site-packages/airflow/example_dags/example_complex.py
[2026-04-29T06:05:39.273+0200] {processor.py:840} INFO - DAG(s) 'example_complex' retrieved from /Users/pablofrancoherrero/prueba_tecnica/venv/lib/python3.11/site-packages/airflow/example_dags/example_complex.py
[2026-04-29T06:05:39.303+0200] {logging_mixin.py:188} INFO - [2026-04-29T06:05:39.303+0200] {dag.py:3096} INFO - Sync 1 DAGs
[2026-04-29T06:05:39.305+0200] {logging_mixin.py:188} INFO - [2026-04-29T06:05:39.305+0200] {dag.py:3954} INFO - Setting next_dagrun for example_complex to None, run_after=None
[2026-04-29T06:05:39.310+0200] {processor.py:183} INFO - Processing /Users/pablofrancoherrero/prueba_tecnica/venv/lib/python3.11/site-packages/airflow/example_dags/example_complex.py took 0.043 seconds
[2026-04-29T06:06:59.598+0200] {processor.py:161} INFO - Started process (PID=76706) to work on /Users/pablofrancoherrero/prueba_tecnica/venv/lib/python3.11/site-packages/airflow/example_dags/example_complex.py
[2026-04-29T06:06:59.600+0200] {processor.py:830} INFO - Processing file /Users/pablofrancoherrero/prueba_tecnica/venv/lib/python3.11/site-packages/airflow/example_dags/example_complex.py for tasks to queue
[2026-04-29T06:06:59.600+0200] {logging_mixin.py:188} INFO - [2026-04-29T06:06:59.600+0200] {dagbag.py:540} INFO - Filling up the DagBag from /Users/pablofrancoherrero/prueba_tecnica/venv/lib/python3.11/site-packages/airflow/example_dags/example_complex.py
[2026-04-29T06:06:59.603+0200] {processor.py:840} INFO - DAG(s) 'example_complex' retrieved from /Users/pablofrancoherrero/prueba_tecnica/venv/lib/python3.11/site-packages/airflow/example_dags/example_complex.py
[2026-04-29T06:06:59.632+0200] {logging_mixin.py:188} INFO - [2026-04-29T06:06:59.631+0200] {dag.py:3096} INFO - Sync 1 DAGs
[2026-04-29T06:06:59.634+0200] {logging_mixin.py:188} INFO - [2026-04-29T06:06:59.634+0200] {dag.py:3954} INFO - Setting next_dagrun for example_complex to None, run_after=None
[2026-04-29T06:06:59.639+0200] {processor.py:183} INFO - Processing /Users/pablofrancoherrero/prueba_tecnica/venv/lib/python3.11/site-packages/airflow/example_dags/example_complex.py took 0.041 seconds
[2026-04-29T06:08:20.164+0200] {processor.py:161} INFO - Started process (PID=76791) to work on /Users/pablofrancoherrero/prueba_tecnica/venv/lib/python3.11/site-packages/airflow/example_dags/example_complex.py
[2026-04-29T06:08:20.165+0200] {processor.py:830} INFO - Processing file /Users/pablofrancoherrero/prueba_tecnica/venv/lib/python3.11/site-packages/airflow/example_dags/example_complex.py for tasks to queue
[2026-04-29T06:08:20.166+0200] {logging_mixin.py:188} INFO - [2026-04-29T06:08:20.166+0200] {dagbag.py:540} INFO - Filling up the DagBag from /Users/pablofrancoherrero/prueba_tecnica/venv/lib/python3.11/site-packages/airflow/example_dags/example_complex.py
[2026-04-29T06:08:20.169+0200] {processor.py:840} INFO - DAG(s) 'example_complex' retrieved from /Users/pablofrancoherrero/prueba_tecnica/venv/lib/python3.11/site-packages/airflow/example_dags/example_complex.py
[2026-04-29T06:08:20.198+0200] {logging_mixin.py:188} INFO - [2026-04-29T06:08:20.198+0200] {dag.py:3096} INFO - Sync 1 DAGs
[2026-04-29T06:08:20.201+0200] {logging_mixin.py:188} INFO - [2026-04-29T06:08:20.201+0200] {dag.py:3954} INFO - Setting next_dagrun for example_complex to None, run_after=None
[2026-04-29T06:08:20.206+0200] {processor.py:183} INFO - Processing /Users/pablofrancoherrero/prueba_tecnica/venv/lib/python3.11/site-packages/airflow/example_dags/example_complex.py took 0.042 seconds
[2026-04-29T06:09:37.305+0200] {processor.py:161} INFO - Started process (PID=76872) to work on /Users/pablofrancoherrero/prueba_tecnica/venv/lib/python3.11/site-packages/airflow/example_dags/example_complex.py
[2026-04-29T06:09:37.306+0200] {processor.py:830} INFO - Processing file /Users/pablofrancoherrero/prueba_tecnica/venv/lib/python3.11/site-packages/airflow/example_dags/example_complex.py for tasks to queue
[2026-04-29T06:09:37.306+0200] {logging_mixin.py:188} INFO - [2026-04-29T06:09:37.306+0200] {dagbag.py:540} INFO - Filling up the DagBag from /Users/pablofrancoherrero/prueba_tecnica/venv/lib/python3.11/site-packages/airflow/example_dags/example_complex.py
[2026-04-29T06:09:37.310+0200] {processor.py:840} INFO - DAG(s) 'example_complex' retrieved from /Users/pablofrancoherrero/prueba_tecnica/venv/lib/python3.11/site-packages/airflow/example_dags/example_complex.py
[2026-04-29T06:09:37.338+0200] {logging_mixin.py:188} INFO - [2026-04-29T06:09:37.337+0200] {dag.py:3096} INFO - Sync 1 DAGs
[2026-04-29T06:09:37.340+0200] {logging_mixin.py:188} INFO - [2026-04-29T06:09:37.340+0200] {dag.py:3954} INFO - Setting next_dagrun for example_complex to None, run_after=None
[2026-04-29T06:09:37.345+0200] {processor.py:183} INFO - Processing /Users/pablofrancoherrero/prueba_tecnica/venv/lib/python3.11/site-packages/airflow/example_dags/example_complex.py took 0.041 seconds
[2026-04-29T06:10:57.606+0200] {processor.py:161} INFO - Started process (PID=76958) to work on /Users/pablofrancoherrero/prueba_tecnica/venv/lib/python3.11/site-packages/airflow/example_dags/example_complex.py
[2026-04-29T06:10:57.607+0200] {processor.py:830} INFO - Processing file /Users/pablofrancoherrero/prueba_tecnica/venv/lib/python3.11/site-packages/airflow/example_dags/example_complex.py for tasks to queue
[2026-04-29T06:10:57.608+0200] {logging_mixin.py:188} INFO - [2026-04-29T06:10:57.608+0200] {dagbag.py:540} INFO - Filling up the DagBag from /Users/pablofrancoherrero/prueba_tecnica/venv/lib/python3.11/site-packages/airflow/example_dags/example_complex.py
[2026-04-29T06:10:57.611+0200] {processor.py:840} INFO - DAG(s) 'example_complex' retrieved from /Users/pablofrancoherrero/prueba_tecnica/venv/lib/python3.11/site-packages/airflow/example_dags/example_complex.py
[2026-04-29T06:10:57.640+0200] {logging_mixin.py:188} INFO - [2026-04-29T06:10:57.640+0200] {dag.py:3096} INFO - Sync 1 DAGs
[2026-04-29T06:10:57.643+0200] {logging_mixin.py:188} INFO - [2026-04-29T06:10:57.643+0200] {dag.py:3954} INFO - Setting next_dagrun for example_complex to None, run_after=None
[2026-04-29T06:10:57.648+0200] {processor.py:183} INFO - Processing /Users/pablofrancoherrero/prueba_tecnica/venv/lib/python3.11/site-packages/airflow/example_dags/example_complex.py took 0.042 seconds
[2026-04-29T06:12:18.585+0200] {processor.py:161} INFO - Started process (PID=77054) to work on /Users/pablofrancoherrero/prueba_tecnica/venv/lib/python3.11/site-packages/airflow/example_dags/example_complex.py
[2026-04-29T06:12:18.586+0200] {processor.py:830} INFO - Processing file /Users/pablofrancoherrero/prueba_tecnica/venv/lib/python3.11/site-packages/airflow/example_dags/example_complex.py for tasks to queue
[2026-04-29T06:12:18.586+0200] {logging_mixin.py:188} INFO - [2026-04-29T06:12:18.586+0200] {dagbag.py:540} INFO - Filling up the DagBag from /Users/pablofrancoherrero/prueba_tecnica/venv/lib/python3.11/site-packages/airflow/example_dags/example_complex.py
[2026-04-29T06:12:18.589+0200] {processor.py:840} INFO - DAG(s) 'example_complex' retrieved from /Users/pablofrancoherrero/prueba_tecnica/venv/lib/python3.11/site-packages/airflow/example_dags/example_complex.py
[2026-04-29T06:12:18.619+0200] {logging_mixin.py:188} INFO - [2026-04-29T06:12:18.618+0200] {dag.py:3096} INFO - Sync 1 DAGs
[2026-04-29T06:12:18.621+0200] {logging_mixin.py:188} INFO - [2026-04-29T06:12:18.621+0200] {dag.py:3954} INFO - Setting next_dagrun for example_complex to None, run_after=None
[2026-04-29T06:12:18.626+0200] {processor.py:183} INFO - Processing /Users/pablofrancoherrero/prueba_tecnica/venv/lib/python3.11/site-packages/airflow/example_dags/example_complex.py took 0.042 seconds
[2026-04-29T06:13:35.685+0200] {processor.py:161} INFO - Started process (PID=77135) to work on /Users/pablofrancoherrero/prueba_tecnica/venv/lib/python3.11/site-packages/airflow/example_dags/example_complex.py
[2026-04-29T06:13:35.686+0200] {processor.py:830} INFO - Processing file /Users/pablofrancoherrero/prueba_tecnica/venv/lib/python3.11/site-packages/airflow/example_dags/example_complex.py for tasks to queue
[2026-04-29T06:13:35.686+0200] {logging_mixin.py:188} INFO - [2026-04-29T06:13:35.686+0200] {dagbag.py:540} INFO - Filling up the DagBag from /Users/pablofrancoherrero/prueba_tecnica/venv/lib/python3.11/site-packages/airflow/example_dags/example_complex.py
[2026-04-29T06:13:35.690+0200] {processor.py:840} INFO - DAG(s) 'example_complex' retrieved from /Users/pablofrancoherrero/prueba_tecnica/venv/lib/python3.11/site-packages/airflow/example_dags/example_complex.py
[2026-04-29T06:13:35.719+0200] {logging_mixin.py:188} INFO - [2026-04-29T06:13:35.719+0200] {dag.py:3096} INFO - Sync 1 DAGs
[2026-04-29T06:13:35.721+0200] {logging_mixin.py:188} INFO - [2026-04-29T06:13:35.721+0200] {dag.py:3954} INFO - Setting next_dagrun for example_complex to None, run_after=None
[2026-04-29T06:13:35.727+0200] {processor.py:183} INFO - Processing /Users/pablofrancoherrero/prueba_tecnica/venv/lib/python3.11/site-packages/airflow/example_dags/example_complex.py took 0.042 seconds
[2026-04-29T06:14:57.302+0200] {processor.py:161} INFO - Started process (PID=77238) to work on /Users/pablofrancoherrero/prueba_tecnica/venv/lib/python3.11/site-packages/airflow/example_dags/example_complex.py
[2026-04-29T06:14:57.303+0200] {processor.py:830} INFO - Processing file /Users/pablofrancoherrero/prueba_tecnica/venv/lib/python3.11/site-packages/airflow/example_dags/example_complex.py for tasks to queue
[2026-04-29T06:14:57.303+0200] {logging_mixin.py:188} INFO - [2026-04-29T06:14:57.303+0200] {dagbag.py:540} INFO - Filling up the DagBag from /Users/pablofrancoherrero/prueba_tecnica/venv/lib/python3.11/site-packages/airflow/example_dags/example_complex.py
[2026-04-29T06:14:57.307+0200] {processor.py:840} INFO - DAG(s) 'example_complex' retrieved from /Users/pablofrancoherrero/prueba_tecnica/venv/lib/python3.11/site-packages/airflow/example_dags/example_complex.py
[2026-04-29T06:14:57.335+0200] {logging_mixin.py:188} INFO - [2026-04-29T06:14:57.335+0200] {dag.py:3096} INFO - Sync 1 DAGs
[2026-04-29T06:14:57.337+0200] {logging_mixin.py:188} INFO - [2026-04-29T06:14:57.337+0200] {dag.py:3954} INFO - Setting next_dagrun for example_complex to None, run_after=None
[2026-04-29T06:14:57.342+0200] {processor.py:183} INFO - Processing /Users/pablofrancoherrero/prueba_tecnica/venv/lib/python3.11/site-packages/airflow/example_dags/example_complex.py took 0.041 seconds
[2026-04-29T06:16:17.555+0200] {processor.py:161} INFO - Started process (PID=77331) to work on /Users/pablofrancoherrero/prueba_tecnica/venv/lib/python3.11/site-packages/airflow/example_dags/example_complex.py
[2026-04-29T06:16:17.557+0200] {processor.py:830} INFO - Processing file /Users/pablofrancoherrero/prueba_tecnica/venv/lib/python3.11/site-packages/airflow/example_dags/example_complex.py for tasks to queue
[2026-04-29T06:16:17.557+0200] {logging_mixin.py:188} INFO - [2026-04-29T06:16:17.557+0200] {dagbag.py:540} INFO - Filling up the DagBag from /Users/pablofrancoherrero/prueba_tecnica/venv/lib/python3.11/site-packages/airflow/example_dags/example_complex.py
[2026-04-29T06:16:17.560+0200] {processor.py:840} INFO - DAG(s) 'example_complex' retrieved from /Users/pablofrancoherrero/prueba_tecnica/venv/lib/python3.11/site-packages/airflow/example_dags/example_complex.py
[2026-04-29T06:16:17.590+0200] {logging_mixin.py:188} INFO - [2026-04-29T06:16:17.590+0200] {dag.py:3096} INFO - Sync 1 DAGs
[2026-04-29T06:16:17.592+0200] {logging_mixin.py:188} INFO - [2026-04-29T06:16:17.592+0200] {dag.py:3954} INFO - Setting next_dagrun for example_complex to None, run_after=None
[2026-04-29T06:16:17.597+0200] {processor.py:183} INFO - Processing /Users/pablofrancoherrero/prueba_tecnica/venv/lib/python3.11/site-packages/airflow/example_dags/example_complex.py took 0.043 seconds
[2026-04-29T06:17:36.980+0200] {processor.py:161} INFO - Started process (PID=77436) to work on /Users/pablofrancoherrero/prueba_tecnica/venv/lib/python3.11/site-packages/airflow/example_dags/example_complex.py
[2026-04-29T06:17:36.982+0200] {processor.py:830} INFO - Processing file /Users/pablofrancoherrero/prueba_tecnica/venv/lib/python3.11/site-packages/airflow/example_dags/example_complex.py for tasks to queue
[2026-04-29T06:17:36.982+0200] {logging_mixin.py:188} INFO - [2026-04-29T06:17:36.982+0200] {dagbag.py:540} INFO - Filling up the DagBag from /Users/pablofrancoherrero/prueba_tecnica/venv/lib/python3.11/site-packages/airflow/example_dags/example_complex.py
[2026-04-29T06:17:36.985+0200] {processor.py:840} INFO - DAG(s) 'example_complex' retrieved from /Users/pablofrancoherrero/prueba_tecnica/venv/lib/python3.11/site-packages/airflow/example_dags/example_complex.py
[2026-04-29T06:17:37.015+0200] {logging_mixin.py:188} INFO - [2026-04-29T06:17:37.015+0200] {dag.py:3096} INFO - Sync 1 DAGs
[2026-04-29T06:17:37.017+0200] {logging_mixin.py:188} INFO - [2026-04-29T06:17:37.017+0200] {dag.py:3954} INFO - Setting next_dagrun for example_complex to None, run_after=None
[2026-04-29T06:17:37.022+0200] {processor.py:183} INFO - Processing /Users/pablofrancoherrero/prueba_tecnica/venv/lib/python3.11/site-packages/airflow/example_dags/example_complex.py took 0.043 seconds
[2026-04-29T06:18:57.368+0200] {processor.py:161} INFO - Started process (PID=77560) to work on /Users/pablofrancoherrero/prueba_tecnica/venv/lib/python3.11/site-packages/airflow/example_dags/example_complex.py
[2026-04-29T06:18:57.369+0200] {processor.py:830} INFO - Processing file /Users/pablofrancoherrero/prueba_tecnica/venv/lib/python3.11/site-packages/airflow/example_dags/example_complex.py for tasks to queue
[2026-04-29T06:18:57.369+0200] {logging_mixin.py:188} INFO - [2026-04-29T06:18:57.369+0200] {dagbag.py:540} INFO - Filling up the DagBag from /Users/pablofrancoherrero/prueba_tecnica/venv/lib/python3.11/site-packages/airflow/example_dags/example_complex.py
[2026-04-29T06:18:57.373+0200] {processor.py:840} INFO - DAG(s) 'example_complex' retrieved from /Users/pablofrancoherrero/prueba_tecnica/venv/lib/python3.11/site-packages/airflow/example_dags/example_complex.py
[2026-04-29T06:18:57.402+0200] {logging_mixin.py:188} INFO - [2026-04-29T06:18:57.402+0200] {dag.py:3096} INFO - Sync 1 DAGs
[2026-04-29T06:18:57.405+0200] {logging_mixin.py:188} INFO - [2026-04-29T06:18:57.405+0200] {dag.py:3954} INFO - Setting next_dagrun for example_complex to None, run_after=None
[2026-04-29T06:18:57.410+0200] {processor.py:183} INFO - Processing /Users/pablofrancoherrero/prueba_tecnica/venv/lib/python3.11/site-packages/airflow/example_dags/example_complex.py took 0.043 seconds
[2026-04-29T06:20:15.411+0200] {processor.py:161} INFO - Started process (PID=77645) to work on /Users/pablofrancoherrero/prueba_tecnica/venv/lib/python3.11/site-packages/airflow/example_dags/example_complex.py
[2026-04-29T06:20:15.412+0200] {processor.py:830} INFO - Processing file /Users/pablofrancoherrero/prueba_tecnica/venv/lib/python3.11/site-packages/airflow/example_dags/example_complex.py for tasks to queue
[2026-04-29T06:20:15.412+0200] {logging_mixin.py:188} INFO - [2026-04-29T06:20:15.412+0200] {dagbag.py:540} INFO - Filling up the DagBag from /Users/pablofrancoherrero/prueba_tecnica/venv/lib/python3.11/site-packages/airflow/example_dags/example_complex.py
[2026-04-29T06:20:15.416+0200] {processor.py:840} INFO - DAG(s) 'example_complex' retrieved from /Users/pablofrancoherrero/prueba_tecnica/venv/lib/python3.11/site-packages/airflow/example_dags/example_complex.py
[2026-04-29T06:20:15.445+0200] {logging_mixin.py:188} INFO - [2026-04-29T06:20:15.445+0200] {dag.py:3096} INFO - Sync 1 DAGs
[2026-04-29T06:20:15.447+0200] {logging_mixin.py:188} INFO - [2026-04-29T06:20:15.447+0200] {dag.py:3954} INFO - Setting next_dagrun for example_complex to None, run_after=None
[2026-04-29T06:20:15.452+0200] {processor.py:183} INFO - Processing /Users/pablofrancoherrero/prueba_tecnica/venv/lib/python3.11/site-packages/airflow/example_dags/example_complex.py took 0.042 seconds
[2026-04-29T06:21:35.385+0200] {processor.py:161} INFO - Started process (PID=77733) to work on /Users/pablofrancoherrero/prueba_tecnica/venv/lib/python3.11/site-packages/airflow/example_dags/example_complex.py
[2026-04-29T06:21:35.386+0200] {processor.py:830} INFO - Processing file /Users/pablofrancoherrero/prueba_tecnica/venv/lib/python3.11/site-packages/airflow/example_dags/example_complex.py for tasks to queue
[2026-04-29T06:21:35.387+0200] {logging_mixin.py:188} INFO - [2026-04-29T06:21:35.386+0200] {dagbag.py:540} INFO - Filling up the DagBag from /Users/pablofrancoherrero/prueba_tecnica/venv/lib/python3.11/site-packages/airflow/example_dags/example_complex.py
[2026-04-29T06:21:35.390+0200] {processor.py:840} INFO - DAG(s) 'example_complex' retrieved from /Users/pablofrancoherrero/prueba_tecnica/venv/lib/python3.11/site-packages/airflow/example_dags/example_complex.py
[2026-04-29T06:21:35.418+0200] {logging_mixin.py:188} INFO - [2026-04-29T06:21:35.418+0200] {dag.py:3096} INFO - Sync 1 DAGs
[2026-04-29T06:21:35.421+0200] {logging_mixin.py:188} INFO - [2026-04-29T06:21:35.421+0200] {dag.py:3954} INFO - Setting next_dagrun for example_complex to None, run_after=None
[2026-04-29T06:21:35.426+0200] {processor.py:183} INFO - Processing /Users/pablofrancoherrero/prueba_tecnica/venv/lib/python3.11/site-packages/airflow/example_dags/example_complex.py took 0.041 seconds
[2026-04-29T06:22:53.637+0200] {processor.py:161} INFO - Started process (PID=77867) to work on /Users/pablofrancoherrero/prueba_tecnica/venv/lib/python3.11/site-packages/airflow/example_dags/example_complex.py
[2026-04-29T06:22:53.637+0200] {processor.py:830} INFO - Processing file /Users/pablofrancoherrero/prueba_tecnica/venv/lib/python3.11/site-packages/airflow/example_dags/example_complex.py for tasks to queue
[2026-04-29T06:22:53.638+0200] {logging_mixin.py:188} INFO - [2026-04-29T06:22:53.637+0200] {dagbag.py:540} INFO - Filling up the DagBag from /Users/pablofrancoherrero/prueba_tecnica/venv/lib/python3.11/site-packages/airflow/example_dags/example_complex.py
[2026-04-29T06:22:53.641+0200] {processor.py:840} INFO - DAG(s) 'example_complex' retrieved from /Users/pablofrancoherrero/prueba_tecnica/venv/lib/python3.11/site-packages/airflow/example_dags/example_complex.py
[2026-04-29T06:22:53.670+0200] {logging_mixin.py:188} INFO - [2026-04-29T06:22:53.670+0200] {dag.py:3096} INFO - Sync 1 DAGs
[2026-04-29T06:22:53.673+0200] {logging_mixin.py:188} INFO - [2026-04-29T06:22:53.673+0200] {dag.py:3954} INFO - Setting next_dagrun for example_complex to None, run_after=None
[2026-04-29T06:22:53.678+0200] {processor.py:183} INFO - Processing /Users/pablofrancoherrero/prueba_tecnica/venv/lib/python3.11/site-packages/airflow/example_dags/example_complex.py took 0.042 seconds
[2026-04-29T06:24:14.000+0200] {processor.py:161} INFO - Started process (PID=77978) to work on /Users/pablofrancoherrero/prueba_tecnica/venv/lib/python3.11/site-packages/airflow/example_dags/example_complex.py
[2026-04-29T06:24:14.001+0200] {processor.py:830} INFO - Processing file /Users/pablofrancoherrero/prueba_tecnica/venv/lib/python3.11/site-packages/airflow/example_dags/example_complex.py for tasks to queue
[2026-04-29T06:24:14.001+0200] {logging_mixin.py:188} INFO - [2026-04-29T06:24:14.001+0200] {dagbag.py:540} INFO - Filling up the DagBag from /Users/pablofrancoherrero/prueba_tecnica/venv/lib/python3.11/site-packages/airflow/example_dags/example_complex.py
[2026-04-29T06:24:14.005+0200] {processor.py:840} INFO - DAG(s) 'example_complex' retrieved from /Users/pablofrancoherrero/prueba_tecnica/venv/lib/python3.11/site-packages/airflow/example_dags/example_complex.py
[2026-04-29T06:24:14.033+0200] {logging_mixin.py:188} INFO - [2026-04-29T06:24:14.033+0200] {dag.py:3096} INFO - Sync 1 DAGs
[2026-04-29T06:24:14.036+0200] {logging_mixin.py:188} INFO - [2026-04-29T06:24:14.035+0200] {dag.py:3954} INFO - Setting next_dagrun for example_complex to None, run_after=None
[2026-04-29T06:24:14.041+0200] {processor.py:183} INFO - Processing /Users/pablofrancoherrero/prueba_tecnica/venv/lib/python3.11/site-packages/airflow/example_dags/example_complex.py took 0.041 seconds
[2026-04-29T06:25:34.345+0200] {processor.py:161} INFO - Started process (PID=78061) to work on /Users/pablofrancoherrero/prueba_tecnica/venv/lib/python3.11/site-packages/airflow/example_dags/example_complex.py
[2026-04-29T06:25:34.346+0200] {processor.py:830} INFO - Processing file /Users/pablofrancoherrero/prueba_tecnica/venv/lib/python3.11/site-packages/airflow/example_dags/example_complex.py for tasks to queue
[2026-04-29T06:25:34.346+0200] {logging_mixin.py:188} INFO - [2026-04-29T06:25:34.346+0200] {dagbag.py:540} INFO - Filling up the DagBag from /Users/pablofrancoherrero/prueba_tecnica/venv/lib/python3.11/site-packages/airflow/example_dags/example_complex.py
[2026-04-29T06:25:34.350+0200] {processor.py:840} INFO - DAG(s) 'example_complex' retrieved from /Users/pablofrancoherrero/prueba_tecnica/venv/lib/python3.11/site-packages/airflow/example_dags/example_complex.py
[2026-04-29T06:25:34.379+0200] {logging_mixin.py:188} INFO - [2026-04-29T06:25:34.379+0200] {dag.py:3096} INFO - Sync 1 DAGs
[2026-04-29T06:25:34.382+0200] {logging_mixin.py:188} INFO - [2026-04-29T06:25:34.382+0200] {dag.py:3954} INFO - Setting next_dagrun for example_complex to None, run_after=None
[2026-04-29T06:25:34.387+0200] {processor.py:183} INFO - Processing /Users/pablofrancoherrero/prueba_tecnica/venv/lib/python3.11/site-packages/airflow/example_dags/example_complex.py took 0.042 seconds
[2026-04-29T06:43:24.681+0200] {processor.py:161} INFO - Started process (PID=78186) to work on /Users/pablofrancoherrero/prueba_tecnica/venv/lib/python3.11/site-packages/airflow/example_dags/example_complex.py
[2026-04-29T06:43:24.682+0200] {processor.py:830} INFO - Processing file /Users/pablofrancoherrero/prueba_tecnica/venv/lib/python3.11/site-packages/airflow/example_dags/example_complex.py for tasks to queue
[2026-04-29T06:43:24.682+0200] {logging_mixin.py:188} INFO - [2026-04-29T06:43:24.682+0200] {dagbag.py:540} INFO - Filling up the DagBag from /Users/pablofrancoherrero/prueba_tecnica/venv/lib/python3.11/site-packages/airflow/example_dags/example_complex.py
[2026-04-29T06:43:24.686+0200] {processor.py:840} INFO - DAG(s) 'example_complex' retrieved from /Users/pablofrancoherrero/prueba_tecnica/venv/lib/python3.11/site-packages/airflow/example_dags/example_complex.py
[2026-04-29T06:43:24.713+0200] {logging_mixin.py:188} INFO - [2026-04-29T06:43:24.713+0200] {dag.py:3096} INFO - Sync 1 DAGs
[2026-04-29T06:43:24.716+0200] {logging_mixin.py:188} INFO - [2026-04-29T06:43:24.716+0200] {dag.py:3954} INFO - Setting next_dagrun for example_complex to None, run_after=None
[2026-04-29T06:43:24.721+0200] {processor.py:183} INFO - Processing /Users/pablofrancoherrero/prueba_tecnica/venv/lib/python3.11/site-packages/airflow/example_dags/example_complex.py took 0.040 seconds
[2026-04-29T07:17:57.553+0200] {processor.py:161} INFO - Started process (PID=78385) to work on /Users/pablofrancoherrero/prueba_tecnica/venv/lib/python3.11/site-packages/airflow/example_dags/example_complex.py
[2026-04-29T07:17:57.553+0200] {processor.py:830} INFO - Processing file /Users/pablofrancoherrero/prueba_tecnica/venv/lib/python3.11/site-packages/airflow/example_dags/example_complex.py for tasks to queue
[2026-04-29T07:17:57.554+0200] {logging_mixin.py:188} INFO - [2026-04-29T07:17:57.553+0200] {dagbag.py:540} INFO - Filling up the DagBag from /Users/pablofrancoherrero/prueba_tecnica/venv/lib/python3.11/site-packages/airflow/example_dags/example_complex.py
[2026-04-29T07:17:57.557+0200] {processor.py:840} INFO - DAG(s) 'example_complex' retrieved from /Users/pablofrancoherrero/prueba_tecnica/venv/lib/python3.11/site-packages/airflow/example_dags/example_complex.py
[2026-04-29T07:17:57.585+0200] {logging_mixin.py:188} INFO - [2026-04-29T07:17:57.585+0200] {dag.py:3096} INFO - Sync 1 DAGs
[2026-04-29T07:17:57.588+0200] {logging_mixin.py:188} INFO - [2026-04-29T07:17:57.588+0200] {dag.py:3954} INFO - Setting next_dagrun for example_complex to None, run_after=None
[2026-04-29T07:17:57.593+0200] {processor.py:183} INFO - Processing /Users/pablofrancoherrero/prueba_tecnica/venv/lib/python3.11/site-packages/airflow/example_dags/example_complex.py took 0.041 seconds
[2026-04-29T07:36:22.351+0200] {processor.py:161} INFO - Started process (PID=78615) to work on /Users/pablofrancoherrero/prueba_tecnica/venv/lib/python3.11/site-packages/airflow/example_dags/example_complex.py
[2026-04-29T07:36:22.352+0200] {processor.py:830} INFO - Processing file /Users/pablofrancoherrero/prueba_tecnica/venv/lib/python3.11/site-packages/airflow/example_dags/example_complex.py for tasks to queue
[2026-04-29T07:36:22.353+0200] {logging_mixin.py:188} INFO - [2026-04-29T07:36:22.353+0200] {dagbag.py:540} INFO - Filling up the DagBag from /Users/pablofrancoherrero/prueba_tecnica/venv/lib/python3.11/site-packages/airflow/example_dags/example_complex.py
[2026-04-29T07:36:22.356+0200] {processor.py:840} INFO - DAG(s) 'example_complex' retrieved from /Users/pablofrancoherrero/prueba_tecnica/venv/lib/python3.11/site-packages/airflow/example_dags/example_complex.py
[2026-04-29T07:36:22.384+0200] {logging_mixin.py:188} INFO - [2026-04-29T07:36:22.384+0200] {dag.py:3096} INFO - Sync 1 DAGs
[2026-04-29T07:36:22.387+0200] {logging_mixin.py:188} INFO - [2026-04-29T07:36:22.387+0200] {dag.py:3954} INFO - Setting next_dagrun for example_complex to None, run_after=None
[2026-04-29T07:36:22.392+0200] {processor.py:183} INFO - Processing /Users/pablofrancoherrero/prueba_tecnica/venv/lib/python3.11/site-packages/airflow/example_dags/example_complex.py took 0.041 seconds
[2026-04-29T08:00:05.194+0200] {processor.py:161} INFO - Started process (PID=78794) to work on /Users/pablofrancoherrero/prueba_tecnica/venv/lib/python3.11/site-packages/airflow/example_dags/example_complex.py
[2026-04-29T08:00:05.195+0200] {processor.py:830} INFO - Processing file /Users/pablofrancoherrero/prueba_tecnica/venv/lib/python3.11/site-packages/airflow/example_dags/example_complex.py for tasks to queue
[2026-04-29T08:00:05.195+0200] {logging_mixin.py:188} INFO - [2026-04-29T08:00:05.195+0200] {dagbag.py:540} INFO - Filling up the DagBag from /Users/pablofrancoherrero/prueba_tecnica/venv/lib/python3.11/site-packages/airflow/example_dags/example_complex.py
[2026-04-29T08:00:05.199+0200] {processor.py:840} INFO - DAG(s) 'example_complex' retrieved from /Users/pablofrancoherrero/prueba_tecnica/venv/lib/python3.11/site-packages/airflow/example_dags/example_complex.py
[2026-04-29T08:00:05.227+0200] {logging_mixin.py:188} INFO - [2026-04-29T08:00:05.227+0200] {dag.py:3096} INFO - Sync 1 DAGs
[2026-04-29T08:00:05.230+0200] {logging_mixin.py:188} INFO - [2026-04-29T08:00:05.230+0200] {dag.py:3954} INFO - Setting next_dagrun for example_complex to None, run_after=None
[2026-04-29T08:00:05.235+0200] {processor.py:183} INFO - Processing /Users/pablofrancoherrero/prueba_tecnica/venv/lib/python3.11/site-packages/airflow/example_dags/example_complex.py took 0.042 seconds
[2026-04-29T08:01:48.413+0200] {processor.py:161} INFO - Started process (PID=78947) to work on /Users/pablofrancoherrero/prueba_tecnica/venv/lib/python3.11/site-packages/airflow/example_dags/example_complex.py
[2026-04-29T08:01:48.414+0200] {processor.py:830} INFO - Processing file /Users/pablofrancoherrero/prueba_tecnica/venv/lib/python3.11/site-packages/airflow/example_dags/example_complex.py for tasks to queue
[2026-04-29T08:01:48.415+0200] {logging_mixin.py:188} INFO - [2026-04-29T08:01:48.415+0200] {dagbag.py:540} INFO - Filling up the DagBag from /Users/pablofrancoherrero/prueba_tecnica/venv/lib/python3.11/site-packages/airflow/example_dags/example_complex.py
[2026-04-29T08:01:48.418+0200] {processor.py:840} INFO - DAG(s) 'example_complex' retrieved from /Users/pablofrancoherrero/prueba_tecnica/venv/lib/python3.11/site-packages/airflow/example_dags/example_complex.py
[2026-04-29T08:01:48.447+0200] {logging_mixin.py:188} INFO - [2026-04-29T08:01:48.446+0200] {dag.py:3096} INFO - Sync 1 DAGs
[2026-04-29T08:01:48.449+0200] {logging_mixin.py:188} INFO - [2026-04-29T08:01:48.449+0200] {dag.py:3954} INFO - Setting next_dagrun for example_complex to None, run_after=None
[2026-04-29T08:01:48.454+0200] {processor.py:183} INFO - Processing /Users/pablofrancoherrero/prueba_tecnica/venv/lib/python3.11/site-packages/airflow/example_dags/example_complex.py took 0.041 seconds
[2026-04-29T08:03:08.097+0200] {processor.py:161} INFO - Started process (PID=79046) to work on /Users/pablofrancoherrero/prueba_tecnica/venv/lib/python3.11/site-packages/airflow/example_dags/example_complex.py
[2026-04-29T08:03:08.097+0200] {processor.py:830} INFO - Processing file /Users/pablofrancoherrero/prueba_tecnica/venv/lib/python3.11/site-packages/airflow/example_dags/example_complex.py for tasks to queue
[2026-04-29T08:03:08.097+0200] {logging_mixin.py:188} INFO - [2026-04-29T08:03:08.097+0200] {dagbag.py:540} INFO - Filling up the DagBag from /Users/pablofrancoherrero/prueba_tecnica/venv/lib/python3.11/site-packages/airflow/example_dags/example_complex.py
[2026-04-29T08:03:08.101+0200] {processor.py:840} INFO - DAG(s) 'example_complex' retrieved from /Users/pablofrancoherrero/prueba_tecnica/venv/lib/python3.11/site-packages/airflow/example_dags/example_complex.py
[2026-04-29T08:03:08.129+0200] {logging_mixin.py:188} INFO - [2026-04-29T08:03:08.129+0200] {dag.py:3096} INFO - Sync 1 DAGs
[2026-04-29T08:03:08.131+0200] {logging_mixin.py:188} INFO - [2026-04-29T08:03:08.131+0200] {dag.py:3954} INFO - Setting next_dagrun for example_complex to None, run_after=None
[2026-04-29T08:03:08.136+0200] {processor.py:183} INFO - Processing /Users/pablofrancoherrero/prueba_tecnica/venv/lib/python3.11/site-packages/airflow/example_dags/example_complex.py took 0.041 seconds
[2026-04-29T08:04:26.609+0200] {processor.py:161} INFO - Started process (PID=79136) to work on /Users/pablofrancoherrero/prueba_tecnica/venv/lib/python3.11/site-packages/airflow/example_dags/example_complex.py
[2026-04-29T08:04:26.610+0200] {processor.py:830} INFO - Processing file /Users/pablofrancoherrero/prueba_tecnica/venv/lib/python3.11/site-packages/airflow/example_dags/example_complex.py for tasks to queue
[2026-04-29T08:04:26.610+0200] {logging_mixin.py:188} INFO - [2026-04-29T08:04:26.610+0200] {dagbag.py:540} INFO - Filling up the DagBag from /Users/pablofrancoherrero/prueba_tecnica/venv/lib/python3.11/site-packages/airflow/example_dags/example_complex.py
[2026-04-29T08:04:26.614+0200] {processor.py:840} INFO - DAG(s) 'example_complex' retrieved from /Users/pablofrancoherrero/prueba_tecnica/venv/lib/python3.11/site-packages/airflow/example_dags/example_complex.py
[2026-04-29T08:04:26.643+0200] {logging_mixin.py:188} INFO - [2026-04-29T08:04:26.642+0200] {dag.py:3096} INFO - Sync 1 DAGs
[2026-04-29T08:04:26.645+0200] {logging_mixin.py:188} INFO - [2026-04-29T08:04:26.645+0200] {dag.py:3954} INFO - Setting next_dagrun for example_complex to None, run_after=None
[2026-04-29T08:04:26.650+0200] {processor.py:183} INFO - Processing /Users/pablofrancoherrero/prueba_tecnica/venv/lib/python3.11/site-packages/airflow/example_dags/example_complex.py took 0.041 seconds
[2026-04-29T08:05:47.103+0200] {processor.py:161} INFO - Started process (PID=79232) to work on /Users/pablofrancoherrero/prueba_tecnica/venv/lib/python3.11/site-packages/airflow/example_dags/example_complex.py
[2026-04-29T08:05:47.103+0200] {processor.py:830} INFO - Processing file /Users/pablofrancoherrero/prueba_tecnica/venv/lib/python3.11/site-packages/airflow/example_dags/example_complex.py for tasks to queue
[2026-04-29T08:05:47.104+0200] {logging_mixin.py:188} INFO - [2026-04-29T08:05:47.104+0200] {dagbag.py:540} INFO - Filling up the DagBag from /Users/pablofrancoherrero/prueba_tecnica/venv/lib/python3.11/site-packages/airflow/example_dags/example_complex.py
[2026-04-29T08:05:47.107+0200] {processor.py:840} INFO - DAG(s) 'example_complex' retrieved from /Users/pablofrancoherrero/prueba_tecnica/venv/lib/python3.11/site-packages/airflow/example_dags/example_complex.py
[2026-04-29T08:05:47.136+0200] {logging_mixin.py:188} INFO - [2026-04-29T08:05:47.136+0200] {dag.py:3096} INFO - Sync 1 DAGs
[2026-04-29T08:05:47.139+0200] {logging_mixin.py:188} INFO - [2026-04-29T08:05:47.139+0200] {dag.py:3954} INFO - Setting next_dagrun for example_complex to None, run_after=None
[2026-04-29T08:05:47.144+0200] {processor.py:183} INFO - Processing /Users/pablofrancoherrero/prueba_tecnica/venv/lib/python3.11/site-packages/airflow/example_dags/example_complex.py took 0.042 seconds
[2026-04-29T08:07:08.059+0200] {processor.py:161} INFO - Started process (PID=79340) to work on /Users/pablofrancoherrero/prueba_tecnica/venv/lib/python3.11/site-packages/airflow/example_dags/example_complex.py
[2026-04-29T08:07:08.063+0200] {processor.py:830} INFO - Processing file /Users/pablofrancoherrero/prueba_tecnica/venv/lib/python3.11/site-packages/airflow/example_dags/example_complex.py for tasks to queue
[2026-04-29T08:07:08.063+0200] {logging_mixin.py:188} INFO - [2026-04-29T08:07:08.063+0200] {dagbag.py:540} INFO - Filling up the DagBag from /Users/pablofrancoherrero/prueba_tecnica/venv/lib/python3.11/site-packages/airflow/example_dags/example_complex.py
[2026-04-29T08:07:08.067+0200] {processor.py:840} INFO - DAG(s) 'example_complex' retrieved from /Users/pablofrancoherrero/prueba_tecnica/venv/lib/python3.11/site-packages/airflow/example_dags/example_complex.py
[2026-04-29T08:07:08.096+0200] {logging_mixin.py:188} INFO - [2026-04-29T08:07:08.096+0200] {dag.py:3096} INFO - Sync 1 DAGs
[2026-04-29T08:07:08.098+0200] {logging_mixin.py:188} INFO - [2026-04-29T08:07:08.098+0200] {dag.py:3954} INFO - Setting next_dagrun for example_complex to None, run_after=None
[2026-04-29T08:07:08.103+0200] {processor.py:183} INFO - Processing /Users/pablofrancoherrero/prueba_tecnica/venv/lib/python3.11/site-packages/airflow/example_dags/example_complex.py took 0.045 seconds
[2026-04-29T08:08:26.412+0200] {processor.py:161} INFO - Started process (PID=79426) to work on /Users/pablofrancoherrero/prueba_tecnica/venv/lib/python3.11/site-packages/airflow/example_dags/example_complex.py
[2026-04-29T08:08:26.413+0200] {processor.py:830} INFO - Processing file /Users/pablofrancoherrero/prueba_tecnica/venv/lib/python3.11/site-packages/airflow/example_dags/example_complex.py for tasks to queue
[2026-04-29T08:08:26.413+0200] {logging_mixin.py:188} INFO - [2026-04-29T08:08:26.413+0200] {dagbag.py:540} INFO - Filling up the DagBag from /Users/pablofrancoherrero/prueba_tecnica/venv/lib/python3.11/site-packages/airflow/example_dags/example_complex.py
[2026-04-29T08:08:26.417+0200] {processor.py:840} INFO - DAG(s) 'example_complex' retrieved from /Users/pablofrancoherrero/prueba_tecnica/venv/lib/python3.11/site-packages/airflow/example_dags/example_complex.py
[2026-04-29T08:08:26.446+0200] {logging_mixin.py:188} INFO - [2026-04-29T08:08:26.445+0200] {dag.py:3096} INFO - Sync 1 DAGs
[2026-04-29T08:08:26.448+0200] {logging_mixin.py:188} INFO - [2026-04-29T08:08:26.448+0200] {dag.py:3954} INFO - Setting next_dagrun for example_complex to None, run_after=None
[2026-04-29T08:08:26.453+0200] {processor.py:183} INFO - Processing /Users/pablofrancoherrero/prueba_tecnica/venv/lib/python3.11/site-packages/airflow/example_dags/example_complex.py took 0.042 seconds
[2026-04-29T08:22:50.250+0200] {processor.py:161} INFO - Started process (PID=79582) to work on /Users/pablofrancoherrero/prueba_tecnica/venv/lib/python3.11/site-packages/airflow/example_dags/example_complex.py
[2026-04-29T08:22:50.251+0200] {processor.py:830} INFO - Processing file /Users/pablofrancoherrero/prueba_tecnica/venv/lib/python3.11/site-packages/airflow/example_dags/example_complex.py for tasks to queue
[2026-04-29T08:22:50.252+0200] {logging_mixin.py:188} INFO - [2026-04-29T08:22:50.252+0200] {dagbag.py:540} INFO - Filling up the DagBag from /Users/pablofrancoherrero/prueba_tecnica/venv/lib/python3.11/site-packages/airflow/example_dags/example_complex.py
[2026-04-29T08:22:50.255+0200] {processor.py:840} INFO - DAG(s) 'example_complex' retrieved from /Users/pablofrancoherrero/prueba_tecnica/venv/lib/python3.11/site-packages/airflow/example_dags/example_complex.py
[2026-04-29T08:22:50.283+0200] {logging_mixin.py:188} INFO - [2026-04-29T08:22:50.283+0200] {dag.py:3096} INFO - Sync 1 DAGs
[2026-04-29T08:22:50.285+0200] {logging_mixin.py:188} INFO - [2026-04-29T08:22:50.285+0200] {dag.py:3954} INFO - Setting next_dagrun for example_complex to None, run_after=None
[2026-04-29T08:22:50.290+0200] {processor.py:183} INFO - Processing /Users/pablofrancoherrero/prueba_tecnica/venv/lib/python3.11/site-packages/airflow/example_dags/example_complex.py took 0.041 seconds
[2026-04-29T08:27:51.685+0200] {processor.py:161} INFO - Started process (PID=79710) to work on /Users/pablofrancoherrero/prueba_tecnica/venv/lib/python3.11/site-packages/airflow/example_dags/example_complex.py
[2026-04-29T08:27:51.686+0200] {processor.py:830} INFO - Processing file /Users/pablofrancoherrero/prueba_tecnica/venv/lib/python3.11/site-packages/airflow/example_dags/example_complex.py for tasks to queue
[2026-04-29T08:27:51.686+0200] {logging_mixin.py:188} INFO - [2026-04-29T08:27:51.686+0200] {dagbag.py:540} INFO - Filling up the DagBag from /Users/pablofrancoherrero/prueba_tecnica/venv/lib/python3.11/site-packages/airflow/example_dags/example_complex.py
[2026-04-29T08:27:51.690+0200] {processor.py:840} INFO - DAG(s) 'example_complex' retrieved from /Users/pablofrancoherrero/prueba_tecnica/venv/lib/python3.11/site-packages/airflow/example_dags/example_complex.py
[2026-04-29T08:27:51.718+0200] {logging_mixin.py:188} INFO - [2026-04-29T08:27:51.718+0200] {dag.py:3096} INFO - Sync 1 DAGs
[2026-04-29T08:27:51.721+0200] {logging_mixin.py:188} INFO - [2026-04-29T08:27:51.721+0200] {dag.py:3954} INFO - Setting next_dagrun for example_complex to None, run_after=None
[2026-04-29T08:27:51.726+0200] {processor.py:183} INFO - Processing /Users/pablofrancoherrero/prueba_tecnica/venv/lib/python3.11/site-packages/airflow/example_dags/example_complex.py took 0.042 seconds
[2026-04-29T08:48:56.166+0200] {processor.py:161} INFO - Started process (PID=79906) to work on /Users/pablofrancoherrero/prueba_tecnica/venv/lib/python3.11/site-packages/airflow/example_dags/example_complex.py
[2026-04-29T08:48:56.166+0200] {processor.py:830} INFO - Processing file /Users/pablofrancoherrero/prueba_tecnica/venv/lib/python3.11/site-packages/airflow/example_dags/example_complex.py for tasks to queue
[2026-04-29T08:48:56.167+0200] {logging_mixin.py:188} INFO - [2026-04-29T08:48:56.167+0200] {dagbag.py:540} INFO - Filling up the DagBag from /Users/pablofrancoherrero/prueba_tecnica/venv/lib/python3.11/site-packages/airflow/example_dags/example_complex.py
[2026-04-29T08:48:56.170+0200] {processor.py:840} INFO - DAG(s) 'example_complex' retrieved from /Users/pablofrancoherrero/prueba_tecnica/venv/lib/python3.11/site-packages/airflow/example_dags/example_complex.py
[2026-04-29T08:48:56.200+0200] {logging_mixin.py:188} INFO - [2026-04-29T08:48:56.200+0200] {dag.py:3096} INFO - Sync 1 DAGs
[2026-04-29T08:48:56.202+0200] {logging_mixin.py:188} INFO - [2026-04-29T08:48:56.202+0200] {dag.py:3954} INFO - Setting next_dagrun for example_complex to None, run_after=None
[2026-04-29T08:48:56.207+0200] {processor.py:183} INFO - Processing /Users/pablofrancoherrero/prueba_tecnica/venv/lib/python3.11/site-packages/airflow/example_dags/example_complex.py took 0.043 seconds
[2026-04-29T08:53:22.185+0200] {processor.py:161} INFO - Started process (PID=80085) to work on /Users/pablofrancoherrero/prueba_tecnica/venv/lib/python3.11/site-packages/airflow/example_dags/example_complex.py
[2026-04-29T08:53:22.186+0200] {processor.py:830} INFO - Processing file /Users/pablofrancoherrero/prueba_tecnica/venv/lib/python3.11/site-packages/airflow/example_dags/example_complex.py for tasks to queue
[2026-04-29T08:53:22.186+0200] {logging_mixin.py:188} INFO - [2026-04-29T08:53:22.186+0200] {dagbag.py:540} INFO - Filling up the DagBag from /Users/pablofrancoherrero/prueba_tecnica/venv/lib/python3.11/site-packages/airflow/example_dags/example_complex.py
[2026-04-29T08:53:22.190+0200] {processor.py:840} INFO - DAG(s) 'example_complex' retrieved from /Users/pablofrancoherrero/prueba_tecnica/venv/lib/python3.11/site-packages/airflow/example_dags/example_complex.py
[2026-04-29T08:53:22.218+0200] {logging_mixin.py:188} INFO - [2026-04-29T08:53:22.218+0200] {dag.py:3096} INFO - Sync 1 DAGs
[2026-04-29T08:53:22.221+0200] {logging_mixin.py:188} INFO - [2026-04-29T08:53:22.220+0200] {dag.py:3954} INFO - Setting next_dagrun for example_complex to None, run_after=None
[2026-04-29T08:53:22.226+0200] {processor.py:183} INFO - Processing /Users/pablofrancoherrero/prueba_tecnica/venv/lib/python3.11/site-packages/airflow/example_dags/example_complex.py took 0.041 seconds
[2026-04-29T08:57:19.803+0200] {processor.py:161} INFO - Started process (PID=80221) to work on /Users/pablofrancoherrero/prueba_tecnica/venv/lib/python3.11/site-packages/airflow/example_dags/example_complex.py
[2026-04-29T08:57:19.804+0200] {processor.py:830} INFO - Processing file /Users/pablofrancoherrero/prueba_tecnica/venv/lib/python3.11/site-packages/airflow/example_dags/example_complex.py for tasks to queue
[2026-04-29T08:57:19.804+0200] {logging_mixin.py:188} INFO - [2026-04-29T08:57:19.804+0200] {dagbag.py:540} INFO - Filling up the DagBag from /Users/pablofrancoherrero/prueba_tecnica/venv/lib/python3.11/site-packages/airflow/example_dags/example_complex.py
[2026-04-29T08:57:19.808+0200] {processor.py:840} INFO - DAG(s) 'example_complex' retrieved from /Users/pablofrancoherrero/prueba_tecnica/venv/lib/python3.11/site-packages/airflow/example_dags/example_complex.py
[2026-04-29T08:57:19.836+0200] {logging_mixin.py:188} INFO - [2026-04-29T08:57:19.836+0200] {dag.py:3096} INFO - Sync 1 DAGs
[2026-04-29T08:57:19.838+0200] {logging_mixin.py:188} INFO - [2026-04-29T08:57:19.838+0200] {dag.py:3954} INFO - Setting next_dagrun for example_complex to None, run_after=None
[2026-04-29T08:57:19.843+0200] {processor.py:183} INFO - Processing /Users/pablofrancoherrero/prueba_tecnica/venv/lib/python3.11/site-packages/airflow/example_dags/example_complex.py took 0.041 seconds
[2026-04-29T09:00:58.775+0200] {processor.py:161} INFO - Started process (PID=80391) to work on /Users/pablofrancoherrero/prueba_tecnica/venv/lib/python3.11/site-packages/airflow/example_dags/example_complex.py
[2026-04-29T09:00:58.775+0200] {processor.py:830} INFO - Processing file /Users/pablofrancoherrero/prueba_tecnica/venv/lib/python3.11/site-packages/airflow/example_dags/example_complex.py for tasks to queue
[2026-04-29T09:00:58.775+0200] {logging_mixin.py:188} INFO - [2026-04-29T09:00:58.775+0200] {dagbag.py:540} INFO - Filling up the DagBag from /Users/pablofrancoherrero/prueba_tecnica/venv/lib/python3.11/site-packages/airflow/example_dags/example_complex.py
[2026-04-29T09:00:58.779+0200] {processor.py:840} INFO - DAG(s) 'example_complex' retrieved from /Users/pablofrancoherrero/prueba_tecnica/venv/lib/python3.11/site-packages/airflow/example_dags/example_complex.py
[2026-04-29T09:00:58.807+0200] {logging_mixin.py:188} INFO - [2026-04-29T09:00:58.807+0200] {dag.py:3096} INFO - Sync 1 DAGs
[2026-04-29T09:00:58.809+0200] {logging_mixin.py:188} INFO - [2026-04-29T09:00:58.809+0200] {dag.py:3954} INFO - Setting next_dagrun for example_complex to None, run_after=None
[2026-04-29T09:00:58.814+0200] {processor.py:183} INFO - Processing /Users/pablofrancoherrero/prueba_tecnica/venv/lib/python3.11/site-packages/airflow/example_dags/example_complex.py took 0.040 seconds
[2026-04-29T09:02:27.239+0200] {processor.py:161} INFO - Started process (PID=80507) to work on /Users/pablofrancoherrero/prueba_tecnica/venv/lib/python3.11/site-packages/airflow/example_dags/example_complex.py
[2026-04-29T09:02:27.239+0200] {processor.py:830} INFO - Processing file /Users/pablofrancoherrero/prueba_tecnica/venv/lib/python3.11/site-packages/airflow/example_dags/example_complex.py for tasks to queue
[2026-04-29T09:02:27.239+0200] {logging_mixin.py:188} INFO - [2026-04-29T09:02:27.239+0200] {dagbag.py:540} INFO - Filling up the DagBag from /Users/pablofrancoherrero/prueba_tecnica/venv/lib/python3.11/site-packages/airflow/example_dags/example_complex.py
[2026-04-29T09:02:27.243+0200] {processor.py:840} INFO - DAG(s) 'example_complex' retrieved from /Users/pablofrancoherrero/prueba_tecnica/venv/lib/python3.11/site-packages/airflow/example_dags/example_complex.py
[2026-04-29T09:02:27.274+0200] {logging_mixin.py:188} INFO - [2026-04-29T09:02:27.274+0200] {dag.py:3096} INFO - Sync 1 DAGs
[2026-04-29T09:02:27.276+0200] {logging_mixin.py:188} INFO - [2026-04-29T09:02:27.276+0200] {dag.py:3954} INFO - Setting next_dagrun for example_complex to None, run_after=None
[2026-04-29T09:02:27.282+0200] {processor.py:183} INFO - Processing /Users/pablofrancoherrero/prueba_tecnica/venv/lib/python3.11/site-packages/airflow/example_dags/example_complex.py took 0.044 seconds
[2026-04-29T09:03:50.040+0200] {processor.py:161} INFO - Started process (PID=80604) to work on /Users/pablofrancoherrero/prueba_tecnica/venv/lib/python3.11/site-packages/airflow/example_dags/example_complex.py
[2026-04-29T09:03:50.040+0200] {processor.py:830} INFO - Processing file /Users/pablofrancoherrero/prueba_tecnica/venv/lib/python3.11/site-packages/airflow/example_dags/example_complex.py for tasks to queue
[2026-04-29T09:03:50.040+0200] {logging_mixin.py:188} INFO - [2026-04-29T09:03:50.040+0200] {dagbag.py:540} INFO - Filling up the DagBag from /Users/pablofrancoherrero/prueba_tecnica/venv/lib/python3.11/site-packages/airflow/example_dags/example_complex.py
[2026-04-29T09:03:50.045+0200] {processor.py:840} INFO - DAG(s) 'example_complex' retrieved from /Users/pablofrancoherrero/prueba_tecnica/venv/lib/python3.11/site-packages/airflow/example_dags/example_complex.py
[2026-04-29T09:03:50.076+0200] {logging_mixin.py:188} INFO - [2026-04-29T09:03:50.076+0200] {dag.py:3096} INFO - Sync 1 DAGs
[2026-04-29T09:03:50.079+0200] {logging_mixin.py:188} INFO - [2026-04-29T09:03:50.079+0200] {dag.py:3954} INFO - Setting next_dagrun for example_complex to None, run_after=None
[2026-04-29T09:03:50.084+0200] {processor.py:183} INFO - Processing /Users/pablofrancoherrero/prueba_tecnica/venv/lib/python3.11/site-packages/airflow/example_dags/example_complex.py took 0.046 seconds
[2026-04-29T09:05:11.180+0200] {processor.py:161} INFO - Started process (PID=80700) to work on /Users/pablofrancoherrero/prueba_tecnica/venv/lib/python3.11/site-packages/airflow/example_dags/example_complex.py
[2026-04-29T09:05:11.181+0200] {processor.py:830} INFO - Processing file /Users/pablofrancoherrero/prueba_tecnica/venv/lib/python3.11/site-packages/airflow/example_dags/example_complex.py for tasks to queue
[2026-04-29T09:05:11.181+0200] {logging_mixin.py:188} INFO - [2026-04-29T09:05:11.181+0200] {dagbag.py:540} INFO - Filling up the DagBag from /Users/pablofrancoherrero/prueba_tecnica/venv/lib/python3.11/site-packages/airflow/example_dags/example_complex.py
[2026-04-29T09:05:11.185+0200] {processor.py:840} INFO - DAG(s) 'example_complex' retrieved from /Users/pablofrancoherrero/prueba_tecnica/venv/lib/python3.11/site-packages/airflow/example_dags/example_complex.py
[2026-04-29T09:05:11.217+0200] {logging_mixin.py:188} INFO - [2026-04-29T09:05:11.217+0200] {dag.py:3096} INFO - Sync 1 DAGs
[2026-04-29T09:05:11.220+0200] {logging_mixin.py:188} INFO - [2026-04-29T09:05:11.220+0200] {dag.py:3954} INFO - Setting next_dagrun for example_complex to None, run_after=None
[2026-04-29T09:05:11.227+0200] {processor.py:183} INFO - Processing /Users/pablofrancoherrero/prueba_tecnica/venv/lib/python3.11/site-packages/airflow/example_dags/example_complex.py took 0.049 seconds
[2026-04-29T09:06:34.178+0200] {processor.py:161} INFO - Started process (PID=80802) to work on /Users/pablofrancoherrero/prueba_tecnica/venv/lib/python3.11/site-packages/airflow/example_dags/example_complex.py
[2026-04-29T09:06:34.179+0200] {processor.py:830} INFO - Processing file /Users/pablofrancoherrero/prueba_tecnica/venv/lib/python3.11/site-packages/airflow/example_dags/example_complex.py for tasks to queue
[2026-04-29T09:06:34.179+0200] {logging_mixin.py:188} INFO - [2026-04-29T09:06:34.179+0200] {dagbag.py:540} INFO - Filling up the DagBag from /Users/pablofrancoherrero/prueba_tecnica/venv/lib/python3.11/site-packages/airflow/example_dags/example_complex.py
[2026-04-29T09:06:34.183+0200] {processor.py:840} INFO - DAG(s) 'example_complex' retrieved from /Users/pablofrancoherrero/prueba_tecnica/venv/lib/python3.11/site-packages/airflow/example_dags/example_complex.py
[2026-04-29T09:06:34.213+0200] {logging_mixin.py:188} INFO - [2026-04-29T09:06:34.213+0200] {dag.py:3096} INFO - Sync 1 DAGs
[2026-04-29T09:06:34.215+0200] {logging_mixin.py:188} INFO - [2026-04-29T09:06:34.215+0200] {dag.py:3954} INFO - Setting next_dagrun for example_complex to None, run_after=None
[2026-04-29T09:06:34.221+0200] {processor.py:183} INFO - Processing /Users/pablofrancoherrero/prueba_tecnica/venv/lib/python3.11/site-packages/airflow/example_dags/example_complex.py took 0.043 seconds
[2026-04-29T09:07:53.941+0200] {processor.py:161} INFO - Started process (PID=80906) to work on /Users/pablofrancoherrero/prueba_tecnica/venv/lib/python3.11/site-packages/airflow/example_dags/example_complex.py
[2026-04-29T09:07:53.941+0200] {processor.py:830} INFO - Processing file /Users/pablofrancoherrero/prueba_tecnica/venv/lib/python3.11/site-packages/airflow/example_dags/example_complex.py for tasks to queue
[2026-04-29T09:07:53.941+0200] {logging_mixin.py:188} INFO - [2026-04-29T09:07:53.941+0200] {dagbag.py:540} INFO - Filling up the DagBag from /Users/pablofrancoherrero/prueba_tecnica/venv/lib/python3.11/site-packages/airflow/example_dags/example_complex.py
[2026-04-29T09:07:53.945+0200] {processor.py:840} INFO - DAG(s) 'example_complex' retrieved from /Users/pablofrancoherrero/prueba_tecnica/venv/lib/python3.11/site-packages/airflow/example_dags/example_complex.py
[2026-04-29T09:07:53.977+0200] {logging_mixin.py:188} INFO - [2026-04-29T09:07:53.977+0200] {dag.py:3096} INFO - Sync 1 DAGs
[2026-04-29T09:07:53.980+0200] {logging_mixin.py:188} INFO - [2026-04-29T09:07:53.980+0200] {dag.py:3954} INFO - Setting next_dagrun for example_complex to None, run_after=None
[2026-04-29T09:07:53.986+0200] {processor.py:183} INFO - Processing /Users/pablofrancoherrero/prueba_tecnica/venv/lib/python3.11/site-packages/airflow/example_dags/example_complex.py took 0.046 seconds
[2026-04-29T09:09:16.378+0200] {processor.py:161} INFO - Started process (PID=80997) to work on /Users/pablofrancoherrero/prueba_tecnica/venv/lib/python3.11/site-packages/airflow/example_dags/example_complex.py
[2026-04-29T09:09:16.378+0200] {processor.py:830} INFO - Processing file /Users/pablofrancoherrero/prueba_tecnica/venv/lib/python3.11/site-packages/airflow/example_dags/example_complex.py for tasks to queue
[2026-04-29T09:09:16.379+0200] {logging_mixin.py:188} INFO - [2026-04-29T09:09:16.378+0200] {dagbag.py:540} INFO - Filling up the DagBag from /Users/pablofrancoherrero/prueba_tecnica/venv/lib/python3.11/site-packages/airflow/example_dags/example_complex.py
[2026-04-29T09:09:16.382+0200] {processor.py:840} INFO - DAG(s) 'example_complex' retrieved from /Users/pablofrancoherrero/prueba_tecnica/venv/lib/python3.11/site-packages/airflow/example_dags/example_complex.py
[2026-04-29T09:09:16.412+0200] {logging_mixin.py:188} INFO - [2026-04-29T09:09:16.412+0200] {dag.py:3096} INFO - Sync 1 DAGs
[2026-04-29T09:09:16.415+0200] {logging_mixin.py:188} INFO - [2026-04-29T09:09:16.415+0200] {dag.py:3954} INFO - Setting next_dagrun for example_complex to None, run_after=None
[2026-04-29T09:09:16.420+0200] {processor.py:183} INFO - Processing /Users/pablofrancoherrero/prueba_tecnica/venv/lib/python3.11/site-packages/airflow/example_dags/example_complex.py took 0.043 seconds
[2026-04-29T09:10:34.605+0200] {processor.py:161} INFO - Started process (PID=81080) to work on /Users/pablofrancoherrero/prueba_tecnica/venv/lib/python3.11/site-packages/airflow/example_dags/example_complex.py
[2026-04-29T09:10:34.606+0200] {processor.py:830} INFO - Processing file /Users/pablofrancoherrero/prueba_tecnica/venv/lib/python3.11/site-packages/airflow/example_dags/example_complex.py for tasks to queue
[2026-04-29T09:10:34.607+0200] {logging_mixin.py:188} INFO - [2026-04-29T09:10:34.606+0200] {dagbag.py:540} INFO - Filling up the DagBag from /Users/pablofrancoherrero/prueba_tecnica/venv/lib/python3.11/site-packages/airflow/example_dags/example_complex.py
[2026-04-29T09:10:34.610+0200] {processor.py:840} INFO - DAG(s) 'example_complex' retrieved from /Users/pablofrancoherrero/prueba_tecnica/venv/lib/python3.11/site-packages/airflow/example_dags/example_complex.py
[2026-04-29T09:10:34.640+0200] {logging_mixin.py:188} INFO - [2026-04-29T09:10:34.640+0200] {dag.py:3096} INFO - Sync 1 DAGs
[2026-04-29T09:10:34.642+0200] {logging_mixin.py:188} INFO - [2026-04-29T09:10:34.642+0200] {dag.py:3954} INFO - Setting next_dagrun for example_complex to None, run_after=None
[2026-04-29T09:10:34.647+0200] {processor.py:183} INFO - Processing /Users/pablofrancoherrero/prueba_tecnica/venv/lib/python3.11/site-packages/airflow/example_dags/example_complex.py took 0.043 seconds
[2026-04-29T09:11:58.229+0200] {processor.py:161} INFO - Started process (PID=81169) to work on /Users/pablofrancoherrero/prueba_tecnica/venv/lib/python3.11/site-packages/airflow/example_dags/example_complex.py
[2026-04-29T09:11:58.230+0200] {processor.py:830} INFO - Processing file /Users/pablofrancoherrero/prueba_tecnica/venv/lib/python3.11/site-packages/airflow/example_dags/example_complex.py for tasks to queue
[2026-04-29T09:11:58.231+0200] {logging_mixin.py:188} INFO - [2026-04-29T09:11:58.231+0200] {dagbag.py:540} INFO - Filling up the DagBag from /Users/pablofrancoherrero/prueba_tecnica/venv/lib/python3.11/site-packages/airflow/example_dags/example_complex.py
[2026-04-29T09:11:58.234+0200] {processor.py:840} INFO - DAG(s) 'example_complex' retrieved from /Users/pablofrancoherrero/prueba_tecnica/venv/lib/python3.11/site-packages/airflow/example_dags/example_complex.py
[2026-04-29T09:11:58.265+0200] {logging_mixin.py:188} INFO - [2026-04-29T09:11:58.265+0200] {dag.py:3096} INFO - Sync 1 DAGs
[2026-04-29T09:11:58.268+0200] {logging_mixin.py:188} INFO - [2026-04-29T09:11:58.268+0200] {dag.py:3954} INFO - Setting next_dagrun for example_complex to None, run_after=None
[2026-04-29T09:11:58.273+0200] {processor.py:183} INFO - Processing /Users/pablofrancoherrero/prueba_tecnica/venv/lib/python3.11/site-packages/airflow/example_dags/example_complex.py took 0.045 seconds
[2026-04-29T09:13:18.793+0200] {processor.py:161} INFO - Started process (PID=81263) to work on /Users/pablofrancoherrero/prueba_tecnica/venv/lib/python3.11/site-packages/airflow/example_dags/example_complex.py
[2026-04-29T09:13:18.794+0200] {processor.py:830} INFO - Processing file /Users/pablofrancoherrero/prueba_tecnica/venv/lib/python3.11/site-packages/airflow/example_dags/example_complex.py for tasks to queue
[2026-04-29T09:13:18.794+0200] {logging_mixin.py:188} INFO - [2026-04-29T09:13:18.794+0200] {dagbag.py:540} INFO - Filling up the DagBag from /Users/pablofrancoherrero/prueba_tecnica/venv/lib/python3.11/site-packages/airflow/example_dags/example_complex.py
[2026-04-29T09:13:18.798+0200] {processor.py:840} INFO - DAG(s) 'example_complex' retrieved from /Users/pablofrancoherrero/prueba_tecnica/venv/lib/python3.11/site-packages/airflow/example_dags/example_complex.py
[2026-04-29T09:13:18.828+0200] {logging_mixin.py:188} INFO - [2026-04-29T09:13:18.828+0200] {dag.py:3096} INFO - Sync 1 DAGs
[2026-04-29T09:13:18.831+0200] {logging_mixin.py:188} INFO - [2026-04-29T09:13:18.831+0200] {dag.py:3954} INFO - Setting next_dagrun for example_complex to None, run_after=None
[2026-04-29T09:13:18.836+0200] {processor.py:183} INFO - Processing /Users/pablofrancoherrero/prueba_tecnica/venv/lib/python3.11/site-packages/airflow/example_dags/example_complex.py took 0.044 seconds
[2026-04-29T09:14:38.684+0200] {processor.py:161} INFO - Started process (PID=81366) to work on /Users/pablofrancoherrero/prueba_tecnica/venv/lib/python3.11/site-packages/airflow/example_dags/example_complex.py
[2026-04-29T09:14:38.685+0200] {processor.py:830} INFO - Processing file /Users/pablofrancoherrero/prueba_tecnica/venv/lib/python3.11/site-packages/airflow/example_dags/example_complex.py for tasks to queue
[2026-04-29T09:14:38.685+0200] {logging_mixin.py:188} INFO - [2026-04-29T09:14:38.685+0200] {dagbag.py:540} INFO - Filling up the DagBag from /Users/pablofrancoherrero/prueba_tecnica/venv/lib/python3.11/site-packages/airflow/example_dags/example_complex.py
[2026-04-29T09:14:38.689+0200] {processor.py:840} INFO - DAG(s) 'example_complex' retrieved from /Users/pablofrancoherrero/prueba_tecnica/venv/lib/python3.11/site-packages/airflow/example_dags/example_complex.py
[2026-04-29T09:14:38.719+0200] {logging_mixin.py:188} INFO - [2026-04-29T09:14:38.719+0200] {dag.py:3096} INFO - Sync 1 DAGs
[2026-04-29T09:14:38.722+0200] {logging_mixin.py:188} INFO - [2026-04-29T09:14:38.722+0200] {dag.py:3954} INFO - Setting next_dagrun for example_complex to None, run_after=None
[2026-04-29T09:14:38.727+0200] {processor.py:183} INFO - Processing /Users/pablofrancoherrero/prueba_tecnica/venv/lib/python3.11/site-packages/airflow/example_dags/example_complex.py took 0.044 seconds
[2026-04-29T09:15:58.686+0200] {processor.py:161} INFO - Started process (PID=81478) to work on /Users/pablofrancoherrero/prueba_tecnica/venv/lib/python3.11/site-packages/airflow/example_dags/example_complex.py
[2026-04-29T09:15:58.687+0200] {processor.py:830} INFO - Processing file /Users/pablofrancoherrero/prueba_tecnica/venv/lib/python3.11/site-packages/airflow/example_dags/example_complex.py for tasks to queue
[2026-04-29T09:15:58.687+0200] {logging_mixin.py:188} INFO - [2026-04-29T09:15:58.687+0200] {dagbag.py:540} INFO - Filling up the DagBag from /Users/pablofrancoherrero/prueba_tecnica/venv/lib/python3.11/site-packages/airflow/example_dags/example_complex.py
[2026-04-29T09:15:58.691+0200] {processor.py:840} INFO - DAG(s) 'example_complex' retrieved from /Users/pablofrancoherrero/prueba_tecnica/venv/lib/python3.11/site-packages/airflow/example_dags/example_complex.py
[2026-04-29T09:15:58.720+0200] {logging_mixin.py:188} INFO - [2026-04-29T09:15:58.720+0200] {dag.py:3096} INFO - Sync 1 DAGs
[2026-04-29T09:15:58.723+0200] {logging_mixin.py:188} INFO - [2026-04-29T09:15:58.723+0200] {dag.py:3954} INFO - Setting next_dagrun for example_complex to None, run_after=None
[2026-04-29T09:15:58.728+0200] {processor.py:183} INFO - Processing /Users/pablofrancoherrero/prueba_tecnica/venv/lib/python3.11/site-packages/airflow/example_dags/example_complex.py took 0.043 seconds
[2026-04-29T09:17:14.754+0200] {processor.py:161} INFO - Started process (PID=81564) to work on /Users/pablofrancoherrero/prueba_tecnica/venv/lib/python3.11/site-packages/airflow/example_dags/example_complex.py
[2026-04-29T09:17:14.754+0200] {processor.py:830} INFO - Processing file /Users/pablofrancoherrero/prueba_tecnica/venv/lib/python3.11/site-packages/airflow/example_dags/example_complex.py for tasks to queue
[2026-04-29T09:17:14.755+0200] {logging_mixin.py:188} INFO - [2026-04-29T09:17:14.755+0200] {dagbag.py:540} INFO - Filling up the DagBag from /Users/pablofrancoherrero/prueba_tecnica/venv/lib/python3.11/site-packages/airflow/example_dags/example_complex.py
[2026-04-29T09:17:14.758+0200] {processor.py:840} INFO - DAG(s) 'example_complex' retrieved from /Users/pablofrancoherrero/prueba_tecnica/venv/lib/python3.11/site-packages/airflow/example_dags/example_complex.py
[2026-04-29T09:17:14.787+0200] {logging_mixin.py:188} INFO - [2026-04-29T09:17:14.787+0200] {dag.py:3096} INFO - Sync 1 DAGs
[2026-04-29T09:17:14.790+0200] {logging_mixin.py:188} INFO - [2026-04-29T09:17:14.790+0200] {dag.py:3954} INFO - Setting next_dagrun for example_complex to None, run_after=None
[2026-04-29T09:17:14.795+0200] {processor.py:183} INFO - Processing /Users/pablofrancoherrero/prueba_tecnica/venv/lib/python3.11/site-packages/airflow/example_dags/example_complex.py took 0.042 seconds
[2026-04-29T09:18:34.151+0200] {processor.py:161} INFO - Started process (PID=81663) to work on /Users/pablofrancoherrero/prueba_tecnica/venv/lib/python3.11/site-packages/airflow/example_dags/example_complex.py
[2026-04-29T09:18:34.152+0200] {processor.py:830} INFO - Processing file /Users/pablofrancoherrero/prueba_tecnica/venv/lib/python3.11/site-packages/airflow/example_dags/example_complex.py for tasks to queue
[2026-04-29T09:18:34.152+0200] {logging_mixin.py:188} INFO - [2026-04-29T09:18:34.152+0200] {dagbag.py:540} INFO - Filling up the DagBag from /Users/pablofrancoherrero/prueba_tecnica/venv/lib/python3.11/site-packages/airflow/example_dags/example_complex.py
[2026-04-29T09:18:34.156+0200] {processor.py:840} INFO - DAG(s) 'example_complex' retrieved from /Users/pablofrancoherrero/prueba_tecnica/venv/lib/python3.11/site-packages/airflow/example_dags/example_complex.py
[2026-04-29T09:18:34.185+0200] {logging_mixin.py:188} INFO - [2026-04-29T09:18:34.184+0200] {dag.py:3096} INFO - Sync 1 DAGs
[2026-04-29T09:18:34.187+0200] {logging_mixin.py:188} INFO - [2026-04-29T09:18:34.187+0200] {dag.py:3954} INFO - Setting next_dagrun for example_complex to None, run_after=None
[2026-04-29T09:18:34.192+0200] {processor.py:183} INFO - Processing /Users/pablofrancoherrero/prueba_tecnica/venv/lib/python3.11/site-packages/airflow/example_dags/example_complex.py took 0.042 seconds
[2026-04-29T09:19:57.946+0200] {processor.py:161} INFO - Started process (PID=81752) to work on /Users/pablofrancoherrero/prueba_tecnica/venv/lib/python3.11/site-packages/airflow/example_dags/example_complex.py
[2026-04-29T09:19:57.947+0200] {processor.py:830} INFO - Processing file /Users/pablofrancoherrero/prueba_tecnica/venv/lib/python3.11/site-packages/airflow/example_dags/example_complex.py for tasks to queue
[2026-04-29T09:19:57.948+0200] {logging_mixin.py:188} INFO - [2026-04-29T09:19:57.948+0200] {dagbag.py:540} INFO - Filling up the DagBag from /Users/pablofrancoherrero/prueba_tecnica/venv/lib/python3.11/site-packages/airflow/example_dags/example_complex.py
[2026-04-29T09:19:57.951+0200] {processor.py:840} INFO - DAG(s) 'example_complex' retrieved from /Users/pablofrancoherrero/prueba_tecnica/venv/lib/python3.11/site-packages/airflow/example_dags/example_complex.py
[2026-04-29T09:19:57.981+0200] {logging_mixin.py:188} INFO - [2026-04-29T09:19:57.981+0200] {dag.py:3096} INFO - Sync 1 DAGs
[2026-04-29T09:19:57.984+0200] {logging_mixin.py:188} INFO - [2026-04-29T09:19:57.984+0200] {dag.py:3954} INFO - Setting next_dagrun for example_complex to None, run_after=None
[2026-04-29T09:19:57.989+0200] {processor.py:183} INFO - Processing /Users/pablofrancoherrero/prueba_tecnica/venv/lib/python3.11/site-packages/airflow/example_dags/example_complex.py took 0.044 seconds
[2026-04-29T09:21:22.868+0200] {processor.py:161} INFO - Started process (PID=81884) to work on /Users/pablofrancoherrero/prueba_tecnica/venv/lib/python3.11/site-packages/airflow/example_dags/example_complex.py
[2026-04-29T09:21:22.868+0200] {processor.py:830} INFO - Processing file /Users/pablofrancoherrero/prueba_tecnica/venv/lib/python3.11/site-packages/airflow/example_dags/example_complex.py for tasks to queue
[2026-04-29T09:21:22.868+0200] {logging_mixin.py:188} INFO - [2026-04-29T09:21:22.868+0200] {dagbag.py:540} INFO - Filling up the DagBag from /Users/pablofrancoherrero/prueba_tecnica/venv/lib/python3.11/site-packages/airflow/example_dags/example_complex.py
[2026-04-29T09:21:22.872+0200] {processor.py:840} INFO - DAG(s) 'example_complex' retrieved from /Users/pablofrancoherrero/prueba_tecnica/venv/lib/python3.11/site-packages/airflow/example_dags/example_complex.py
[2026-04-29T09:21:22.902+0200] {logging_mixin.py:188} INFO - [2026-04-29T09:21:22.902+0200] {dag.py:3096} INFO - Sync 1 DAGs
[2026-04-29T09:21:22.905+0200] {logging_mixin.py:188} INFO - [2026-04-29T09:21:22.905+0200] {dag.py:3954} INFO - Setting next_dagrun for example_complex to None, run_after=None
[2026-04-29T09:21:22.910+0200] {processor.py:183} INFO - Processing /Users/pablofrancoherrero/prueba_tecnica/venv/lib/python3.11/site-packages/airflow/example_dags/example_complex.py took 0.044 seconds
[2026-04-29T09:22:45.762+0200] {processor.py:161} INFO - Started process (PID=81980) to work on /Users/pablofrancoherrero/prueba_tecnica/venv/lib/python3.11/site-packages/airflow/example_dags/example_complex.py
[2026-04-29T09:22:45.762+0200] {processor.py:830} INFO - Processing file /Users/pablofrancoherrero/prueba_tecnica/venv/lib/python3.11/site-packages/airflow/example_dags/example_complex.py for tasks to queue
[2026-04-29T09:22:45.763+0200] {logging_mixin.py:188} INFO - [2026-04-29T09:22:45.762+0200] {dagbag.py:540} INFO - Filling up the DagBag from /Users/pablofrancoherrero/prueba_tecnica/venv/lib/python3.11/site-packages/airflow/example_dags/example_complex.py
[2026-04-29T09:22:45.766+0200] {processor.py:840} INFO - DAG(s) 'example_complex' retrieved from /Users/pablofrancoherrero/prueba_tecnica/venv/lib/python3.11/site-packages/airflow/example_dags/example_complex.py
[2026-04-29T09:22:45.795+0200] {logging_mixin.py:188} INFO - [2026-04-29T09:22:45.795+0200] {dag.py:3096} INFO - Sync 1 DAGs
[2026-04-29T09:22:45.798+0200] {logging_mixin.py:188} INFO - [2026-04-29T09:22:45.798+0200] {dag.py:3954} INFO - Setting next_dagrun for example_complex to None, run_after=None
[2026-04-29T09:22:45.803+0200] {processor.py:183} INFO - Processing /Users/pablofrancoherrero/prueba_tecnica/venv/lib/python3.11/site-packages/airflow/example_dags/example_complex.py took 0.042 seconds
[2026-04-29T09:24:08.656+0200] {processor.py:161} INFO - Started process (PID=82079) to work on /Users/pablofrancoherrero/prueba_tecnica/venv/lib/python3.11/site-packages/airflow/example_dags/example_complex.py
[2026-04-29T09:24:08.657+0200] {processor.py:830} INFO - Processing file /Users/pablofrancoherrero/prueba_tecnica/venv/lib/python3.11/site-packages/airflow/example_dags/example_complex.py for tasks to queue
[2026-04-29T09:24:08.657+0200] {logging_mixin.py:188} INFO - [2026-04-29T09:24:08.657+0200] {dagbag.py:540} INFO - Filling up the DagBag from /Users/pablofrancoherrero/prueba_tecnica/venv/lib/python3.11/site-packages/airflow/example_dags/example_complex.py
[2026-04-29T09:24:08.661+0200] {processor.py:840} INFO - DAG(s) 'example_complex' retrieved from /Users/pablofrancoherrero/prueba_tecnica/venv/lib/python3.11/site-packages/airflow/example_dags/example_complex.py
[2026-04-29T09:24:08.690+0200] {logging_mixin.py:188} INFO - [2026-04-29T09:24:08.690+0200] {dag.py:3096} INFO - Sync 1 DAGs
[2026-04-29T09:24:08.692+0200] {logging_mixin.py:188} INFO - [2026-04-29T09:24:08.692+0200] {dag.py:3954} INFO - Setting next_dagrun for example_complex to None, run_after=None
[2026-04-29T09:24:08.698+0200] {processor.py:183} INFO - Processing /Users/pablofrancoherrero/prueba_tecnica/venv/lib/python3.11/site-packages/airflow/example_dags/example_complex.py took 0.042 seconds
[2026-04-29T09:25:31.940+0200] {processor.py:161} INFO - Started process (PID=82193) to work on /Users/pablofrancoherrero/prueba_tecnica/venv/lib/python3.11/site-packages/airflow/example_dags/example_complex.py
[2026-04-29T09:25:31.940+0200] {processor.py:830} INFO - Processing file /Users/pablofrancoherrero/prueba_tecnica/venv/lib/python3.11/site-packages/airflow/example_dags/example_complex.py for tasks to queue
[2026-04-29T09:25:31.940+0200] {logging_mixin.py:188} INFO - [2026-04-29T09:25:31.940+0200] {dagbag.py:540} INFO - Filling up the DagBag from /Users/pablofrancoherrero/prueba_tecnica/venv/lib/python3.11/site-packages/airflow/example_dags/example_complex.py
[2026-04-29T09:25:31.944+0200] {processor.py:840} INFO - DAG(s) 'example_complex' retrieved from /Users/pablofrancoherrero/prueba_tecnica/venv/lib/python3.11/site-packages/airflow/example_dags/example_complex.py
[2026-04-29T09:25:31.974+0200] {logging_mixin.py:188} INFO - [2026-04-29T09:25:31.974+0200] {dag.py:3096} INFO - Sync 1 DAGs
[2026-04-29T09:25:31.977+0200] {logging_mixin.py:188} INFO - [2026-04-29T09:25:31.977+0200] {dag.py:3954} INFO - Setting next_dagrun for example_complex to None, run_after=None
[2026-04-29T09:25:31.982+0200] {processor.py:183} INFO - Processing /Users/pablofrancoherrero/prueba_tecnica/venv/lib/python3.11/site-packages/airflow/example_dags/example_complex.py took 0.044 seconds
[2026-04-29T09:26:56.530+0200] {processor.py:161} INFO - Started process (PID=82329) to work on /Users/pablofrancoherrero/prueba_tecnica/venv/lib/python3.11/site-packages/airflow/example_dags/example_complex.py
[2026-04-29T09:26:56.531+0200] {processor.py:830} INFO - Processing file /Users/pablofrancoherrero/prueba_tecnica/venv/lib/python3.11/site-packages/airflow/example_dags/example_complex.py for tasks to queue
[2026-04-29T09:26:56.531+0200] {logging_mixin.py:188} INFO - [2026-04-29T09:26:56.531+0200] {dagbag.py:540} INFO - Filling up the DagBag from /Users/pablofrancoherrero/prueba_tecnica/venv/lib/python3.11/site-packages/airflow/example_dags/example_complex.py
[2026-04-29T09:26:56.535+0200] {processor.py:840} INFO - DAG(s) 'example_complex' retrieved from /Users/pablofrancoherrero/prueba_tecnica/venv/lib/python3.11/site-packages/airflow/example_dags/example_complex.py
[2026-04-29T09:26:56.564+0200] {logging_mixin.py:188} INFO - [2026-04-29T09:26:56.564+0200] {dag.py:3096} INFO - Sync 1 DAGs
[2026-04-29T09:26:56.567+0200] {logging_mixin.py:188} INFO - [2026-04-29T09:26:56.567+0200] {dag.py:3954} INFO - Setting next_dagrun for example_complex to None, run_after=None
[2026-04-29T09:26:56.572+0200] {processor.py:183} INFO - Processing /Users/pablofrancoherrero/prueba_tecnica/venv/lib/python3.11/site-packages/airflow/example_dags/example_complex.py took 0.043 seconds
[2026-04-29T09:28:18.609+0200] {processor.py:161} INFO - Started process (PID=82423) to work on /Users/pablofrancoherrero/prueba_tecnica/venv/lib/python3.11/site-packages/airflow/example_dags/example_complex.py
[2026-04-29T09:28:18.610+0200] {processor.py:830} INFO - Processing file /Users/pablofrancoherrero/prueba_tecnica/venv/lib/python3.11/site-packages/airflow/example_dags/example_complex.py for tasks to queue
[2026-04-29T09:28:18.610+0200] {logging_mixin.py:188} INFO - [2026-04-29T09:28:18.610+0200] {dagbag.py:540} INFO - Filling up the DagBag from /Users/pablofrancoherrero/prueba_tecnica/venv/lib/python3.11/site-packages/airflow/example_dags/example_complex.py
[2026-04-29T09:28:18.613+0200] {processor.py:840} INFO - DAG(s) 'example_complex' retrieved from /Users/pablofrancoherrero/prueba_tecnica/venv/lib/python3.11/site-packages/airflow/example_dags/example_complex.py
[2026-04-29T09:28:18.643+0200] {logging_mixin.py:188} INFO - [2026-04-29T09:28:18.643+0200] {dag.py:3096} INFO - Sync 1 DAGs
[2026-04-29T09:28:18.646+0200] {logging_mixin.py:188} INFO - [2026-04-29T09:28:18.646+0200] {dag.py:3954} INFO - Setting next_dagrun for example_complex to None, run_after=None
[2026-04-29T09:28:18.651+0200] {processor.py:183} INFO - Processing /Users/pablofrancoherrero/prueba_tecnica/venv/lib/python3.11/site-packages/airflow/example_dags/example_complex.py took 0.044 seconds
[2026-04-29T09:29:40.845+0200] {processor.py:161} INFO - Started process (PID=82515) to work on /Users/pablofrancoherrero/prueba_tecnica/venv/lib/python3.11/site-packages/airflow/example_dags/example_complex.py
[2026-04-29T09:29:40.845+0200] {processor.py:830} INFO - Processing file /Users/pablofrancoherrero/prueba_tecnica/venv/lib/python3.11/site-packages/airflow/example_dags/example_complex.py for tasks to queue
[2026-04-29T09:29:40.846+0200] {logging_mixin.py:188} INFO - [2026-04-29T09:29:40.846+0200] {dagbag.py:540} INFO - Filling up the DagBag from /Users/pablofrancoherrero/prueba_tecnica/venv/lib/python3.11/site-packages/airflow/example_dags/example_complex.py
[2026-04-29T09:29:40.849+0200] {processor.py:840} INFO - DAG(s) 'example_complex' retrieved from /Users/pablofrancoherrero/prueba_tecnica/venv/lib/python3.11/site-packages/airflow/example_dags/example_complex.py
[2026-04-29T09:29:40.879+0200] {logging_mixin.py:188} INFO - [2026-04-29T09:29:40.879+0200] {dag.py:3096} INFO - Sync 1 DAGs
[2026-04-29T09:29:40.882+0200] {logging_mixin.py:188} INFO - [2026-04-29T09:29:40.882+0200] {dag.py:3954} INFO - Setting next_dagrun for example_complex to None, run_after=None
[2026-04-29T09:29:40.887+0200] {processor.py:183} INFO - Processing /Users/pablofrancoherrero/prueba_tecnica/venv/lib/python3.11/site-packages/airflow/example_dags/example_complex.py took 0.043 seconds
[2026-04-29T09:31:01.959+0200] {processor.py:161} INFO - Started process (PID=82633) to work on /Users/pablofrancoherrero/prueba_tecnica/venv/lib/python3.11/site-packages/airflow/example_dags/example_complex.py
[2026-04-29T09:31:01.960+0200] {processor.py:830} INFO - Processing file /Users/pablofrancoherrero/prueba_tecnica/venv/lib/python3.11/site-packages/airflow/example_dags/example_complex.py for tasks to queue
[2026-04-29T09:31:01.960+0200] {logging_mixin.py:188} INFO - [2026-04-29T09:31:01.960+0200] {dagbag.py:540} INFO - Filling up the DagBag from /Users/pablofrancoherrero/prueba_tecnica/venv/lib/python3.11/site-packages/airflow/example_dags/example_complex.py
[2026-04-29T09:31:01.964+0200] {processor.py:840} INFO - DAG(s) 'example_complex' retrieved from /Users/pablofrancoherrero/prueba_tecnica/venv/lib/python3.11/site-packages/airflow/example_dags/example_complex.py
[2026-04-29T09:31:01.995+0200] {logging_mixin.py:188} INFO - [2026-04-29T09:31:01.995+0200] {dag.py:3096} INFO - Sync 1 DAGs
[2026-04-29T09:31:01.997+0200] {logging_mixin.py:188} INFO - [2026-04-29T09:31:01.997+0200] {dag.py:3954} INFO - Setting next_dagrun for example_complex to None, run_after=None
[2026-04-29T09:31:02.003+0200] {processor.py:183} INFO - Processing /Users/pablofrancoherrero/prueba_tecnica/venv/lib/python3.11/site-packages/airflow/example_dags/example_complex.py took 0.044 seconds
[2026-04-29T09:32:26.309+0200] {processor.py:161} INFO - Started process (PID=82732) to work on /Users/pablofrancoherrero/prueba_tecnica/venv/lib/python3.11/site-packages/airflow/example_dags/example_complex.py
[2026-04-29T09:32:26.310+0200] {processor.py:830} INFO - Processing file /Users/pablofrancoherrero/prueba_tecnica/venv/lib/python3.11/site-packages/airflow/example_dags/example_complex.py for tasks to queue
[2026-04-29T09:32:26.310+0200] {logging_mixin.py:188} INFO - [2026-04-29T09:32:26.310+0200] {dagbag.py:540} INFO - Filling up the DagBag from /Users/pablofrancoherrero/prueba_tecnica/venv/lib/python3.11/site-packages/airflow/example_dags/example_complex.py
[2026-04-29T09:32:26.314+0200] {processor.py:840} INFO - DAG(s) 'example_complex' retrieved from /Users/pablofrancoherrero/prueba_tecnica/venv/lib/python3.11/site-packages/airflow/example_dags/example_complex.py
[2026-04-29T09:32:26.344+0200] {logging_mixin.py:188} INFO - [2026-04-29T09:32:26.344+0200] {dag.py:3096} INFO - Sync 1 DAGs
[2026-04-29T09:32:26.346+0200] {logging_mixin.py:188} INFO - [2026-04-29T09:32:26.346+0200] {dag.py:3954} INFO - Setting next_dagrun for example_complex to None, run_after=None
[2026-04-29T09:32:26.352+0200] {processor.py:183} INFO - Processing /Users/pablofrancoherrero/prueba_tecnica/venv/lib/python3.11/site-packages/airflow/example_dags/example_complex.py took 0.043 seconds
[2026-04-29T09:33:46.945+0200] {processor.py:161} INFO - Started process (PID=82819) to work on /Users/pablofrancoherrero/prueba_tecnica/venv/lib/python3.11/site-packages/airflow/example_dags/example_complex.py
[2026-04-29T09:33:46.946+0200] {processor.py:830} INFO - Processing file /Users/pablofrancoherrero/prueba_tecnica/venv/lib/python3.11/site-packages/airflow/example_dags/example_complex.py for tasks to queue
[2026-04-29T09:33:46.946+0200] {logging_mixin.py:188} INFO - [2026-04-29T09:33:46.946+0200] {dagbag.py:540} INFO - Filling up the DagBag from /Users/pablofrancoherrero/prueba_tecnica/venv/lib/python3.11/site-packages/airflow/example_dags/example_complex.py
[2026-04-29T09:33:46.950+0200] {processor.py:840} INFO - DAG(s) 'example_complex' retrieved from /Users/pablofrancoherrero/prueba_tecnica/venv/lib/python3.11/site-packages/airflow/example_dags/example_complex.py
[2026-04-29T09:33:46.979+0200] {logging_mixin.py:188} INFO - [2026-04-29T09:33:46.978+0200] {dag.py:3096} INFO - Sync 1 DAGs
[2026-04-29T09:33:46.981+0200] {logging_mixin.py:188} INFO - [2026-04-29T09:33:46.981+0200] {dag.py:3954} INFO - Setting next_dagrun for example_complex to None, run_after=None
[2026-04-29T09:33:46.986+0200] {processor.py:183} INFO - Processing /Users/pablofrancoherrero/prueba_tecnica/venv/lib/python3.11/site-packages/airflow/example_dags/example_complex.py took 0.042 seconds
[2026-04-29T09:35:10.000+0200] {processor.py:161} INFO - Started process (PID=82913) to work on /Users/pablofrancoherrero/prueba_tecnica/venv/lib/python3.11/site-packages/airflow/example_dags/example_complex.py
[2026-04-29T09:35:10.001+0200] {processor.py:830} INFO - Processing file /Users/pablofrancoherrero/prueba_tecnica/venv/lib/python3.11/site-packages/airflow/example_dags/example_complex.py for tasks to queue
[2026-04-29T09:35:10.001+0200] {logging_mixin.py:188} INFO - [2026-04-29T09:35:10.001+0200] {dagbag.py:540} INFO - Filling up the DagBag from /Users/pablofrancoherrero/prueba_tecnica/venv/lib/python3.11/site-packages/airflow/example_dags/example_complex.py
[2026-04-29T09:35:10.004+0200] {processor.py:840} INFO - DAG(s) 'example_complex' retrieved from /Users/pablofrancoherrero/prueba_tecnica/venv/lib/python3.11/site-packages/airflow/example_dags/example_complex.py
[2026-04-29T09:35:10.034+0200] {logging_mixin.py:188} INFO - [2026-04-29T09:35:10.034+0200] {dag.py:3096} INFO - Sync 1 DAGs
[2026-04-29T09:35:10.037+0200] {logging_mixin.py:188} INFO - [2026-04-29T09:35:10.037+0200] {dag.py:3954} INFO - Setting next_dagrun for example_complex to None, run_after=None
[2026-04-29T09:35:10.042+0200] {processor.py:183} INFO - Processing /Users/pablofrancoherrero/prueba_tecnica/venv/lib/python3.11/site-packages/airflow/example_dags/example_complex.py took 0.043 seconds
[2026-04-29T09:36:30.835+0200] {processor.py:161} INFO - Started process (PID=83016) to work on /Users/pablofrancoherrero/prueba_tecnica/venv/lib/python3.11/site-packages/airflow/example_dags/example_complex.py
[2026-04-29T09:36:30.836+0200] {processor.py:830} INFO - Processing file /Users/pablofrancoherrero/prueba_tecnica/venv/lib/python3.11/site-packages/airflow/example_dags/example_complex.py for tasks to queue
[2026-04-29T09:36:30.836+0200] {logging_mixin.py:188} INFO - [2026-04-29T09:36:30.836+0200] {dagbag.py:540} INFO - Filling up the DagBag from /Users/pablofrancoherrero/prueba_tecnica/venv/lib/python3.11/site-packages/airflow/example_dags/example_complex.py
[2026-04-29T09:36:30.840+0200] {processor.py:840} INFO - DAG(s) 'example_complex' retrieved from /Users/pablofrancoherrero/prueba_tecnica/venv/lib/python3.11/site-packages/airflow/example_dags/example_complex.py
[2026-04-29T09:36:30.870+0200] {logging_mixin.py:188} INFO - [2026-04-29T09:36:30.870+0200] {dag.py:3096} INFO - Sync 1 DAGs
[2026-04-29T09:36:30.872+0200] {logging_mixin.py:188} INFO - [2026-04-29T09:36:30.872+0200] {dag.py:3954} INFO - Setting next_dagrun for example_complex to None, run_after=None
[2026-04-29T09:36:30.878+0200] {processor.py:183} INFO - Processing /Users/pablofrancoherrero/prueba_tecnica/venv/lib/python3.11/site-packages/airflow/example_dags/example_complex.py took 0.043 seconds
[2026-04-29T09:39:19.698+0200] {processor.py:161} INFO - Started process (PID=83102) to work on /Users/pablofrancoherrero/prueba_tecnica/venv/lib/python3.11/site-packages/airflow/example_dags/example_complex.py
[2026-04-29T09:39:19.699+0200] {processor.py:830} INFO - Processing file /Users/pablofrancoherrero/prueba_tecnica/venv/lib/python3.11/site-packages/airflow/example_dags/example_complex.py for tasks to queue
[2026-04-29T09:39:19.699+0200] {logging_mixin.py:188} INFO - [2026-04-29T09:39:19.699+0200] {dagbag.py:540} INFO - Filling up the DagBag from /Users/pablofrancoherrero/prueba_tecnica/venv/lib/python3.11/site-packages/airflow/example_dags/example_complex.py
[2026-04-29T09:39:19.702+0200] {processor.py:840} INFO - DAG(s) 'example_complex' retrieved from /Users/pablofrancoherrero/prueba_tecnica/venv/lib/python3.11/site-packages/airflow/example_dags/example_complex.py
[2026-04-29T09:39:19.731+0200] {logging_mixin.py:188} INFO - [2026-04-29T09:39:19.731+0200] {dag.py:3096} INFO - Sync 1 DAGs
[2026-04-29T09:39:19.734+0200] {logging_mixin.py:188} INFO - [2026-04-29T09:39:19.734+0200] {dag.py:3954} INFO - Setting next_dagrun for example_complex to None, run_after=None
[2026-04-29T09:39:19.739+0200] {processor.py:183} INFO - Processing /Users/pablofrancoherrero/prueba_tecnica/venv/lib/python3.11/site-packages/airflow/example_dags/example_complex.py took 0.041 seconds
[2026-04-29T09:46:47.676+0200] {processor.py:161} INFO - Started process (PID=83230) to work on /Users/pablofrancoherrero/prueba_tecnica/venv/lib/python3.11/site-packages/airflow/example_dags/example_complex.py
[2026-04-29T09:46:47.677+0200] {processor.py:830} INFO - Processing file /Users/pablofrancoherrero/prueba_tecnica/venv/lib/python3.11/site-packages/airflow/example_dags/example_complex.py for tasks to queue
[2026-04-29T09:46:47.677+0200] {logging_mixin.py:188} INFO - [2026-04-29T09:46:47.677+0200] {dagbag.py:540} INFO - Filling up the DagBag from /Users/pablofrancoherrero/prueba_tecnica/venv/lib/python3.11/site-packages/airflow/example_dags/example_complex.py
[2026-04-29T09:46:47.681+0200] {processor.py:840} INFO - DAG(s) 'example_complex' retrieved from /Users/pablofrancoherrero/prueba_tecnica/venv/lib/python3.11/site-packages/airflow/example_dags/example_complex.py
[2026-04-29T09:46:47.710+0200] {logging_mixin.py:188} INFO - [2026-04-29T09:46:47.709+0200] {dag.py:3096} INFO - Sync 1 DAGs
[2026-04-29T09:46:47.712+0200] {logging_mixin.py:188} INFO - [2026-04-29T09:46:47.712+0200] {dag.py:3954} INFO - Setting next_dagrun for example_complex to None, run_after=None
[2026-04-29T09:46:47.717+0200] {processor.py:183} INFO - Processing /Users/pablofrancoherrero/prueba_tecnica/venv/lib/python3.11/site-packages/airflow/example_dags/example_complex.py took 0.042 seconds
[2026-04-29T10:00:50.019+0200] {processor.py:161} INFO - Started process (PID=83404) to work on /Users/pablofrancoherrero/prueba_tecnica/venv/lib/python3.11/site-packages/airflow/example_dags/example_complex.py
[2026-04-29T10:00:50.020+0200] {processor.py:830} INFO - Processing file /Users/pablofrancoherrero/prueba_tecnica/venv/lib/python3.11/site-packages/airflow/example_dags/example_complex.py for tasks to queue
[2026-04-29T10:00:50.020+0200] {logging_mixin.py:188} INFO - [2026-04-29T10:00:50.020+0200] {dagbag.py:540} INFO - Filling up the DagBag from /Users/pablofrancoherrero/prueba_tecnica/venv/lib/python3.11/site-packages/airflow/example_dags/example_complex.py
[2026-04-29T10:00:50.023+0200] {processor.py:840} INFO - DAG(s) 'example_complex' retrieved from /Users/pablofrancoherrero/prueba_tecnica/venv/lib/python3.11/site-packages/airflow/example_dags/example_complex.py
[2026-04-29T10:00:50.051+0200] {logging_mixin.py:188} INFO - [2026-04-29T10:00:50.051+0200] {dag.py:3096} INFO - Sync 1 DAGs
[2026-04-29T10:00:50.054+0200] {logging_mixin.py:188} INFO - [2026-04-29T10:00:50.054+0200] {dag.py:3954} INFO - Setting next_dagrun for example_complex to None, run_after=None
[2026-04-29T10:00:50.059+0200] {processor.py:183} INFO - Processing /Users/pablofrancoherrero/prueba_tecnica/venv/lib/python3.11/site-packages/airflow/example_dags/example_complex.py took 0.040 seconds
[2026-04-29T10:32:39.803+0200] {processor.py:161} INFO - Started process (PID=83614) to work on /Users/pablofrancoherrero/prueba_tecnica/venv/lib/python3.11/site-packages/airflow/example_dags/example_complex.py
[2026-04-29T10:32:39.804+0200] {processor.py:830} INFO - Processing file /Users/pablofrancoherrero/prueba_tecnica/venv/lib/python3.11/site-packages/airflow/example_dags/example_complex.py for tasks to queue
[2026-04-29T10:32:39.804+0200] {logging_mixin.py:188} INFO - [2026-04-29T10:32:39.804+0200] {dagbag.py:540} INFO - Filling up the DagBag from /Users/pablofrancoherrero/prueba_tecnica/venv/lib/python3.11/site-packages/airflow/example_dags/example_complex.py
[2026-04-29T10:32:39.807+0200] {processor.py:840} INFO - DAG(s) 'example_complex' retrieved from /Users/pablofrancoherrero/prueba_tecnica/venv/lib/python3.11/site-packages/airflow/example_dags/example_complex.py
[2026-04-29T10:32:39.836+0200] {logging_mixin.py:188} INFO - [2026-04-29T10:32:39.836+0200] {dag.py:3096} INFO - Sync 1 DAGs
[2026-04-29T10:32:39.838+0200] {logging_mixin.py:188} INFO - [2026-04-29T10:32:39.838+0200] {dag.py:3954} INFO - Setting next_dagrun for example_complex to None, run_after=None
[2026-04-29T10:32:39.843+0200] {processor.py:183} INFO - Processing /Users/pablofrancoherrero/prueba_tecnica/venv/lib/python3.11/site-packages/airflow/example_dags/example_complex.py took 0.042 seconds
[2026-04-29T11:06:11.188+0200] {processor.py:161} INFO - Started process (PID=83806) to work on /Users/pablofrancoherrero/prueba_tecnica/venv/lib/python3.11/site-packages/airflow/example_dags/example_complex.py
[2026-04-29T11:06:11.188+0200] {processor.py:830} INFO - Processing file /Users/pablofrancoherrero/prueba_tecnica/venv/lib/python3.11/site-packages/airflow/example_dags/example_complex.py for tasks to queue
[2026-04-29T11:06:11.188+0200] {logging_mixin.py:188} INFO - [2026-04-29T11:06:11.188+0200] {dagbag.py:540} INFO - Filling up the DagBag from /Users/pablofrancoherrero/prueba_tecnica/venv/lib/python3.11/site-packages/airflow/example_dags/example_complex.py
[2026-04-29T11:06:11.192+0200] {processor.py:840} INFO - DAG(s) 'example_complex' retrieved from /Users/pablofrancoherrero/prueba_tecnica/venv/lib/python3.11/site-packages/airflow/example_dags/example_complex.py
[2026-04-29T11:06:11.221+0200] {logging_mixin.py:188} INFO - [2026-04-29T11:06:11.221+0200] {dag.py:3096} INFO - Sync 1 DAGs
[2026-04-29T11:06:11.224+0200] {logging_mixin.py:188} INFO - [2026-04-29T11:06:11.223+0200] {dag.py:3954} INFO - Setting next_dagrun for example_complex to None, run_after=None
[2026-04-29T11:06:11.229+0200] {processor.py:183} INFO - Processing /Users/pablofrancoherrero/prueba_tecnica/venv/lib/python3.11/site-packages/airflow/example_dags/example_complex.py took 0.042 seconds
[2026-04-29T11:23:38.077+0200] {processor.py:161} INFO - Started process (PID=84032) to work on /Users/pablofrancoherrero/prueba_tecnica/venv/lib/python3.11/site-packages/airflow/example_dags/example_complex.py
[2026-04-29T11:23:38.077+0200] {processor.py:830} INFO - Processing file /Users/pablofrancoherrero/prueba_tecnica/venv/lib/python3.11/site-packages/airflow/example_dags/example_complex.py for tasks to queue
[2026-04-29T11:23:38.077+0200] {logging_mixin.py:188} INFO - [2026-04-29T11:23:38.077+0200] {dagbag.py:540} INFO - Filling up the DagBag from /Users/pablofrancoherrero/prueba_tecnica/venv/lib/python3.11/site-packages/airflow/example_dags/example_complex.py
[2026-04-29T11:23:38.081+0200] {processor.py:840} INFO - DAG(s) 'example_complex' retrieved from /Users/pablofrancoherrero/prueba_tecnica/venv/lib/python3.11/site-packages/airflow/example_dags/example_complex.py
[2026-04-29T11:23:38.110+0200] {logging_mixin.py:188} INFO - [2026-04-29T11:23:38.110+0200] {dag.py:3096} INFO - Sync 1 DAGs
[2026-04-29T11:23:38.112+0200] {logging_mixin.py:188} INFO - [2026-04-29T11:23:38.112+0200] {dag.py:3954} INFO - Setting next_dagrun for example_complex to None, run_after=None
[2026-04-29T11:23:38.117+0200] {processor.py:183} INFO - Processing /Users/pablofrancoherrero/prueba_tecnica/venv/lib/python3.11/site-packages/airflow/example_dags/example_complex.py took 0.042 seconds
[2026-04-29T11:24:55.662+0200] {processor.py:161} INFO - Started process (PID=84130) to work on /Users/pablofrancoherrero/prueba_tecnica/venv/lib/python3.11/site-packages/airflow/example_dags/example_complex.py
[2026-04-29T11:24:55.663+0200] {processor.py:830} INFO - Processing file /Users/pablofrancoherrero/prueba_tecnica/venv/lib/python3.11/site-packages/airflow/example_dags/example_complex.py for tasks to queue
[2026-04-29T11:24:55.663+0200] {logging_mixin.py:188} INFO - [2026-04-29T11:24:55.663+0200] {dagbag.py:540} INFO - Filling up the DagBag from /Users/pablofrancoherrero/prueba_tecnica/venv/lib/python3.11/site-packages/airflow/example_dags/example_complex.py
[2026-04-29T11:24:55.666+0200] {processor.py:840} INFO - DAG(s) 'example_complex' retrieved from /Users/pablofrancoherrero/prueba_tecnica/venv/lib/python3.11/site-packages/airflow/example_dags/example_complex.py
[2026-04-29T11:24:55.694+0200] {logging_mixin.py:188} INFO - [2026-04-29T11:24:55.694+0200] {dag.py:3096} INFO - Sync 1 DAGs
[2026-04-29T11:24:55.697+0200] {logging_mixin.py:188} INFO - [2026-04-29T11:24:55.697+0200] {dag.py:3954} INFO - Setting next_dagrun for example_complex to None, run_after=None
[2026-04-29T11:24:55.702+0200] {processor.py:183} INFO - Processing /Users/pablofrancoherrero/prueba_tecnica/venv/lib/python3.11/site-packages/airflow/example_dags/example_complex.py took 0.040 seconds
[2026-04-29T11:26:15.813+0200] {processor.py:161} INFO - Started process (PID=84234) to work on /Users/pablofrancoherrero/prueba_tecnica/venv/lib/python3.11/site-packages/airflow/example_dags/example_complex.py
[2026-04-29T11:26:15.813+0200] {processor.py:830} INFO - Processing file /Users/pablofrancoherrero/prueba_tecnica/venv/lib/python3.11/site-packages/airflow/example_dags/example_complex.py for tasks to queue
[2026-04-29T11:26:15.814+0200] {logging_mixin.py:188} INFO - [2026-04-29T11:26:15.814+0200] {dagbag.py:540} INFO - Filling up the DagBag from /Users/pablofrancoherrero/prueba_tecnica/venv/lib/python3.11/site-packages/airflow/example_dags/example_complex.py
[2026-04-29T11:26:15.817+0200] {processor.py:840} INFO - DAG(s) 'example_complex' retrieved from /Users/pablofrancoherrero/prueba_tecnica/venv/lib/python3.11/site-packages/airflow/example_dags/example_complex.py
[2026-04-29T11:26:15.845+0200] {logging_mixin.py:188} INFO - [2026-04-29T11:26:15.845+0200] {dag.py:3096} INFO - Sync 1 DAGs
[2026-04-29T11:26:15.848+0200] {logging_mixin.py:188} INFO - [2026-04-29T11:26:15.847+0200] {dag.py:3954} INFO - Setting next_dagrun for example_complex to None, run_after=None
[2026-04-29T11:26:15.853+0200] {processor.py:183} INFO - Processing /Users/pablofrancoherrero/prueba_tecnica/venv/lib/python3.11/site-packages/airflow/example_dags/example_complex.py took 0.040 seconds
[2026-04-29T11:32:38.368+0200] {processor.py:161} INFO - Started process (PID=84373) to work on /Users/pablofrancoherrero/prueba_tecnica/venv/lib/python3.11/site-packages/airflow/example_dags/example_complex.py
[2026-04-29T11:32:38.368+0200] {processor.py:830} INFO - Processing file /Users/pablofrancoherrero/prueba_tecnica/venv/lib/python3.11/site-packages/airflow/example_dags/example_complex.py for tasks to queue
[2026-04-29T11:32:38.369+0200] {logging_mixin.py:188} INFO - [2026-04-29T11:32:38.369+0200] {dagbag.py:540} INFO - Filling up the DagBag from /Users/pablofrancoherrero/prueba_tecnica/venv/lib/python3.11/site-packages/airflow/example_dags/example_complex.py
[2026-04-29T11:32:38.372+0200] {processor.py:840} INFO - DAG(s) 'example_complex' retrieved from /Users/pablofrancoherrero/prueba_tecnica/venv/lib/python3.11/site-packages/airflow/example_dags/example_complex.py
[2026-04-29T11:32:38.400+0200] {logging_mixin.py:188} INFO - [2026-04-29T11:32:38.400+0200] {dag.py:3096} INFO - Sync 1 DAGs
[2026-04-29T11:32:38.402+0200] {logging_mixin.py:188} INFO - [2026-04-29T11:32:38.402+0200] {dag.py:3954} INFO - Setting next_dagrun for example_complex to None, run_after=None
[2026-04-29T11:32:38.407+0200] {processor.py:183} INFO - Processing /Users/pablofrancoherrero/prueba_tecnica/venv/lib/python3.11/site-packages/airflow/example_dags/example_complex.py took 0.040 seconds
[2026-04-29T11:52:48.260+0200] {processor.py:161} INFO - Started process (PID=84548) to work on /Users/pablofrancoherrero/prueba_tecnica/venv/lib/python3.11/site-packages/airflow/example_dags/example_complex.py
[2026-04-29T11:52:48.260+0200] {processor.py:830} INFO - Processing file /Users/pablofrancoherrero/prueba_tecnica/venv/lib/python3.11/site-packages/airflow/example_dags/example_complex.py for tasks to queue
[2026-04-29T11:52:48.261+0200] {logging_mixin.py:188} INFO - [2026-04-29T11:52:48.260+0200] {dagbag.py:540} INFO - Filling up the DagBag from /Users/pablofrancoherrero/prueba_tecnica/venv/lib/python3.11/site-packages/airflow/example_dags/example_complex.py
[2026-04-29T11:52:48.264+0200] {processor.py:840} INFO - DAG(s) 'example_complex' retrieved from /Users/pablofrancoherrero/prueba_tecnica/venv/lib/python3.11/site-packages/airflow/example_dags/example_complex.py
[2026-04-29T11:52:48.292+0200] {logging_mixin.py:188} INFO - [2026-04-29T11:52:48.292+0200] {dag.py:3096} INFO - Sync 1 DAGs
[2026-04-29T11:52:48.294+0200] {logging_mixin.py:188} INFO - [2026-04-29T11:52:48.294+0200] {dag.py:3954} INFO - Setting next_dagrun for example_complex to None, run_after=None
[2026-04-29T11:52:48.300+0200] {processor.py:183} INFO - Processing /Users/pablofrancoherrero/prueba_tecnica/venv/lib/python3.11/site-packages/airflow/example_dags/example_complex.py took 0.041 seconds
[2026-04-29T12:04:09.152+0200] {processor.py:161} INFO - Started process (PID=84723) to work on /Users/pablofrancoherrero/prueba_tecnica/venv/lib/python3.11/site-packages/airflow/example_dags/example_complex.py
[2026-04-29T12:04:09.153+0200] {processor.py:830} INFO - Processing file /Users/pablofrancoherrero/prueba_tecnica/venv/lib/python3.11/site-packages/airflow/example_dags/example_complex.py for tasks to queue
[2026-04-29T12:04:09.153+0200] {logging_mixin.py:188} INFO - [2026-04-29T12:04:09.153+0200] {dagbag.py:540} INFO - Filling up the DagBag from /Users/pablofrancoherrero/prueba_tecnica/venv/lib/python3.11/site-packages/airflow/example_dags/example_complex.py
[2026-04-29T12:04:09.157+0200] {processor.py:840} INFO - DAG(s) 'example_complex' retrieved from /Users/pablofrancoherrero/prueba_tecnica/venv/lib/python3.11/site-packages/airflow/example_dags/example_complex.py
[2026-04-29T12:04:09.185+0200] {logging_mixin.py:188} INFO - [2026-04-29T12:04:09.185+0200] {dag.py:3096} INFO - Sync 1 DAGs
[2026-04-29T12:04:09.188+0200] {logging_mixin.py:188} INFO - [2026-04-29T12:04:09.188+0200] {dag.py:3954} INFO - Setting next_dagrun for example_complex to None, run_after=None
[2026-04-29T12:04:09.193+0200] {processor.py:183} INFO - Processing /Users/pablofrancoherrero/prueba_tecnica/venv/lib/python3.11/site-packages/airflow/example_dags/example_complex.py took 0.041 seconds
[2026-04-29T12:07:01.464+0200] {processor.py:161} INFO - Started process (PID=84866) to work on /Users/pablofrancoherrero/prueba_tecnica/venv/lib/python3.11/site-packages/airflow/example_dags/example_complex.py
[2026-04-29T12:07:01.465+0200] {processor.py:830} INFO - Processing file /Users/pablofrancoherrero/prueba_tecnica/venv/lib/python3.11/site-packages/airflow/example_dags/example_complex.py for tasks to queue
[2026-04-29T12:07:01.465+0200] {logging_mixin.py:188} INFO - [2026-04-29T12:07:01.465+0200] {dagbag.py:540} INFO - Filling up the DagBag from /Users/pablofrancoherrero/prueba_tecnica/venv/lib/python3.11/site-packages/airflow/example_dags/example_complex.py
[2026-04-29T12:07:01.469+0200] {processor.py:840} INFO - DAG(s) 'example_complex' retrieved from /Users/pablofrancoherrero/prueba_tecnica/venv/lib/python3.11/site-packages/airflow/example_dags/example_complex.py
[2026-04-29T12:07:01.497+0200] {logging_mixin.py:188} INFO - [2026-04-29T12:07:01.497+0200] {dag.py:3096} INFO - Sync 1 DAGs
[2026-04-29T12:07:01.500+0200] {logging_mixin.py:188} INFO - [2026-04-29T12:07:01.500+0200] {dag.py:3954} INFO - Setting next_dagrun for example_complex to None, run_after=None
[2026-04-29T12:07:01.505+0200] {processor.py:183} INFO - Processing /Users/pablofrancoherrero/prueba_tecnica/venv/lib/python3.11/site-packages/airflow/example_dags/example_complex.py took 0.041 seconds
[2026-04-29T12:23:28.208+0200] {processor.py:161} INFO - Started process (PID=85050) to work on /Users/pablofrancoherrero/prueba_tecnica/venv/lib/python3.11/site-packages/airflow/example_dags/example_complex.py
[2026-04-29T12:23:28.209+0200] {processor.py:830} INFO - Processing file /Users/pablofrancoherrero/prueba_tecnica/venv/lib/python3.11/site-packages/airflow/example_dags/example_complex.py for tasks to queue
[2026-04-29T12:23:28.209+0200] {logging_mixin.py:188} INFO - [2026-04-29T12:23:28.209+0200] {dagbag.py:540} INFO - Filling up the DagBag from /Users/pablofrancoherrero/prueba_tecnica/venv/lib/python3.11/site-packages/airflow/example_dags/example_complex.py
[2026-04-29T12:23:28.213+0200] {processor.py:840} INFO - DAG(s) 'example_complex' retrieved from /Users/pablofrancoherrero/prueba_tecnica/venv/lib/python3.11/site-packages/airflow/example_dags/example_complex.py
[2026-04-29T12:23:28.241+0200] {logging_mixin.py:188} INFO - [2026-04-29T12:23:28.241+0200] {dag.py:3096} INFO - Sync 1 DAGs
[2026-04-29T12:23:28.244+0200] {logging_mixin.py:188} INFO - [2026-04-29T12:23:28.244+0200] {dag.py:3954} INFO - Setting next_dagrun for example_complex to None, run_after=None
[2026-04-29T12:23:28.249+0200] {processor.py:183} INFO - Processing /Users/pablofrancoherrero/prueba_tecnica/venv/lib/python3.11/site-packages/airflow/example_dags/example_complex.py took 0.042 seconds
[2026-04-29T12:27:45.651+0200] {processor.py:161} INFO - Started process (PID=85219) to work on /Users/pablofrancoherrero/prueba_tecnica/venv/lib/python3.11/site-packages/airflow/example_dags/example_complex.py
[2026-04-29T12:27:45.651+0200] {processor.py:830} INFO - Processing file /Users/pablofrancoherrero/prueba_tecnica/venv/lib/python3.11/site-packages/airflow/example_dags/example_complex.py for tasks to queue
[2026-04-29T12:27:45.651+0200] {logging_mixin.py:188} INFO - [2026-04-29T12:27:45.651+0200] {dagbag.py:540} INFO - Filling up the DagBag from /Users/pablofrancoherrero/prueba_tecnica/venv/lib/python3.11/site-packages/airflow/example_dags/example_complex.py
[2026-04-29T12:27:45.655+0200] {processor.py:840} INFO - DAG(s) 'example_complex' retrieved from /Users/pablofrancoherrero/prueba_tecnica/venv/lib/python3.11/site-packages/airflow/example_dags/example_complex.py
[2026-04-29T12:27:45.688+0200] {logging_mixin.py:188} INFO - [2026-04-29T12:27:45.688+0200] {dag.py:3096} INFO - Sync 1 DAGs
[2026-04-29T12:27:45.691+0200] {logging_mixin.py:188} INFO - [2026-04-29T12:27:45.691+0200] {dag.py:3954} INFO - Setting next_dagrun for example_complex to None, run_after=None
[2026-04-29T12:27:45.697+0200] {processor.py:183} INFO - Processing /Users/pablofrancoherrero/prueba_tecnica/venv/lib/python3.11/site-packages/airflow/example_dags/example_complex.py took 0.047 seconds
[2026-04-29T12:29:07.604+0200] {processor.py:161} INFO - Started process (PID=85330) to work on /Users/pablofrancoherrero/prueba_tecnica/venv/lib/python3.11/site-packages/airflow/example_dags/example_complex.py
[2026-04-29T12:29:07.605+0200] {processor.py:830} INFO - Processing file /Users/pablofrancoherrero/prueba_tecnica/venv/lib/python3.11/site-packages/airflow/example_dags/example_complex.py for tasks to queue
[2026-04-29T12:29:07.605+0200] {logging_mixin.py:188} INFO - [2026-04-29T12:29:07.605+0200] {dagbag.py:540} INFO - Filling up the DagBag from /Users/pablofrancoherrero/prueba_tecnica/venv/lib/python3.11/site-packages/airflow/example_dags/example_complex.py
[2026-04-29T12:29:07.609+0200] {processor.py:840} INFO - DAG(s) 'example_complex' retrieved from /Users/pablofrancoherrero/prueba_tecnica/venv/lib/python3.11/site-packages/airflow/example_dags/example_complex.py
[2026-04-29T12:29:07.638+0200] {logging_mixin.py:188} INFO - [2026-04-29T12:29:07.638+0200] {dag.py:3096} INFO - Sync 1 DAGs
[2026-04-29T12:29:07.641+0200] {logging_mixin.py:188} INFO - [2026-04-29T12:29:07.641+0200] {dag.py:3954} INFO - Setting next_dagrun for example_complex to None, run_after=None
[2026-04-29T12:29:07.646+0200] {processor.py:183} INFO - Processing /Users/pablofrancoherrero/prueba_tecnica/venv/lib/python3.11/site-packages/airflow/example_dags/example_complex.py took 0.043 seconds
[2026-04-29T12:30:29.147+0200] {processor.py:161} INFO - Started process (PID=85437) to work on /Users/pablofrancoherrero/prueba_tecnica/venv/lib/python3.11/site-packages/airflow/example_dags/example_complex.py
[2026-04-29T12:30:29.148+0200] {processor.py:830} INFO - Processing file /Users/pablofrancoherrero/prueba_tecnica/venv/lib/python3.11/site-packages/airflow/example_dags/example_complex.py for tasks to queue
[2026-04-29T12:30:29.149+0200] {logging_mixin.py:188} INFO - [2026-04-29T12:30:29.149+0200] {dagbag.py:540} INFO - Filling up the DagBag from /Users/pablofrancoherrero/prueba_tecnica/venv/lib/python3.11/site-packages/airflow/example_dags/example_complex.py
[2026-04-29T12:30:29.152+0200] {processor.py:840} INFO - DAG(s) 'example_complex' retrieved from /Users/pablofrancoherrero/prueba_tecnica/venv/lib/python3.11/site-packages/airflow/example_dags/example_complex.py
[2026-04-29T12:30:29.182+0200] {logging_mixin.py:188} INFO - [2026-04-29T12:30:29.182+0200] {dag.py:3096} INFO - Sync 1 DAGs
[2026-04-29T12:30:29.185+0200] {logging_mixin.py:188} INFO - [2026-04-29T12:30:29.185+0200] {dag.py:3954} INFO - Setting next_dagrun for example_complex to None, run_after=None
[2026-04-29T12:30:29.190+0200] {processor.py:183} INFO - Processing /Users/pablofrancoherrero/prueba_tecnica/venv/lib/python3.11/site-packages/airflow/example_dags/example_complex.py took 0.043 seconds
[2026-04-29T12:31:52.613+0200] {processor.py:161} INFO - Started process (PID=85548) to work on /Users/pablofrancoherrero/prueba_tecnica/venv/lib/python3.11/site-packages/airflow/example_dags/example_complex.py
[2026-04-29T12:31:52.613+0200] {processor.py:830} INFO - Processing file /Users/pablofrancoherrero/prueba_tecnica/venv/lib/python3.11/site-packages/airflow/example_dags/example_complex.py for tasks to queue
[2026-04-29T12:31:52.614+0200] {logging_mixin.py:188} INFO - [2026-04-29T12:31:52.614+0200] {dagbag.py:540} INFO - Filling up the DagBag from /Users/pablofrancoherrero/prueba_tecnica/venv/lib/python3.11/site-packages/airflow/example_dags/example_complex.py
[2026-04-29T12:31:52.618+0200] {processor.py:840} INFO - DAG(s) 'example_complex' retrieved from /Users/pablofrancoherrero/prueba_tecnica/venv/lib/python3.11/site-packages/airflow/example_dags/example_complex.py
[2026-04-29T12:31:52.649+0200] {logging_mixin.py:188} INFO - [2026-04-29T12:31:52.649+0200] {dag.py:3096} INFO - Sync 1 DAGs
[2026-04-29T12:31:52.652+0200] {logging_mixin.py:188} INFO - [2026-04-29T12:31:52.652+0200] {dag.py:3954} INFO - Setting next_dagrun for example_complex to None, run_after=None
[2026-04-29T12:31:52.658+0200] {processor.py:183} INFO - Processing /Users/pablofrancoherrero/prueba_tecnica/venv/lib/python3.11/site-packages/airflow/example_dags/example_complex.py took 0.046 seconds
[2026-04-29T12:33:16.571+0200] {processor.py:161} INFO - Started process (PID=85653) to work on /Users/pablofrancoherrero/prueba_tecnica/venv/lib/python3.11/site-packages/airflow/example_dags/example_complex.py
[2026-04-29T12:33:16.572+0200] {processor.py:830} INFO - Processing file /Users/pablofrancoherrero/prueba_tecnica/venv/lib/python3.11/site-packages/airflow/example_dags/example_complex.py for tasks to queue
[2026-04-29T12:33:16.572+0200] {logging_mixin.py:188} INFO - [2026-04-29T12:33:16.572+0200] {dagbag.py:540} INFO - Filling up the DagBag from /Users/pablofrancoherrero/prueba_tecnica/venv/lib/python3.11/site-packages/airflow/example_dags/example_complex.py
[2026-04-29T12:33:16.576+0200] {processor.py:840} INFO - DAG(s) 'example_complex' retrieved from /Users/pablofrancoherrero/prueba_tecnica/venv/lib/python3.11/site-packages/airflow/example_dags/example_complex.py
[2026-04-29T12:33:16.605+0200] {logging_mixin.py:188} INFO - [2026-04-29T12:33:16.605+0200] {dag.py:3096} INFO - Sync 1 DAGs
[2026-04-29T12:33:16.608+0200] {logging_mixin.py:188} INFO - [2026-04-29T12:33:16.608+0200] {dag.py:3954} INFO - Setting next_dagrun for example_complex to None, run_after=None
[2026-04-29T12:33:16.613+0200] {processor.py:183} INFO - Processing /Users/pablofrancoherrero/prueba_tecnica/venv/lib/python3.11/site-packages/airflow/example_dags/example_complex.py took 0.043 seconds
[2026-04-29T12:34:36.423+0200] {processor.py:161} INFO - Started process (PID=85745) to work on /Users/pablofrancoherrero/prueba_tecnica/venv/lib/python3.11/site-packages/airflow/example_dags/example_complex.py
[2026-04-29T12:34:36.424+0200] {processor.py:830} INFO - Processing file /Users/pablofrancoherrero/prueba_tecnica/venv/lib/python3.11/site-packages/airflow/example_dags/example_complex.py for tasks to queue
[2026-04-29T12:34:36.424+0200] {logging_mixin.py:188} INFO - [2026-04-29T12:34:36.424+0200] {dagbag.py:540} INFO - Filling up the DagBag from /Users/pablofrancoherrero/prueba_tecnica/venv/lib/python3.11/site-packages/airflow/example_dags/example_complex.py
[2026-04-29T12:34:36.427+0200] {processor.py:840} INFO - DAG(s) 'example_complex' retrieved from /Users/pablofrancoherrero/prueba_tecnica/venv/lib/python3.11/site-packages/airflow/example_dags/example_complex.py
[2026-04-29T12:34:36.457+0200] {logging_mixin.py:188} INFO - [2026-04-29T12:34:36.457+0200] {dag.py:3096} INFO - Sync 1 DAGs
[2026-04-29T12:34:36.460+0200] {logging_mixin.py:188} INFO - [2026-04-29T12:34:36.460+0200] {dag.py:3954} INFO - Setting next_dagrun for example_complex to None, run_after=None
[2026-04-29T12:34:36.465+0200] {processor.py:183} INFO - Processing /Users/pablofrancoherrero/prueba_tecnica/venv/lib/python3.11/site-packages/airflow/example_dags/example_complex.py took 0.043 seconds
[2026-04-29T12:35:59.527+0200] {processor.py:161} INFO - Started process (PID=85879) to work on /Users/pablofrancoherrero/prueba_tecnica/venv/lib/python3.11/site-packages/airflow/example_dags/example_complex.py
[2026-04-29T12:35:59.528+0200] {processor.py:830} INFO - Processing file /Users/pablofrancoherrero/prueba_tecnica/venv/lib/python3.11/site-packages/airflow/example_dags/example_complex.py for tasks to queue
[2026-04-29T12:35:59.528+0200] {logging_mixin.py:188} INFO - [2026-04-29T12:35:59.528+0200] {dagbag.py:540} INFO - Filling up the DagBag from /Users/pablofrancoherrero/prueba_tecnica/venv/lib/python3.11/site-packages/airflow/example_dags/example_complex.py
[2026-04-29T12:35:59.532+0200] {processor.py:840} INFO - DAG(s) 'example_complex' retrieved from /Users/pablofrancoherrero/prueba_tecnica/venv/lib/python3.11/site-packages/airflow/example_dags/example_complex.py
[2026-04-29T12:35:59.560+0200] {logging_mixin.py:188} INFO - [2026-04-29T12:35:59.560+0200] {dag.py:3096} INFO - Sync 1 DAGs
[2026-04-29T12:35:59.563+0200] {logging_mixin.py:188} INFO - [2026-04-29T12:35:59.563+0200] {dag.py:3954} INFO - Setting next_dagrun for example_complex to None, run_after=None
[2026-04-29T12:35:59.568+0200] {processor.py:183} INFO - Processing /Users/pablofrancoherrero/prueba_tecnica/venv/lib/python3.11/site-packages/airflow/example_dags/example_complex.py took 0.042 seconds
[2026-04-29T12:37:20.307+0200] {processor.py:161} INFO - Started process (PID=85964) to work on /Users/pablofrancoherrero/prueba_tecnica/venv/lib/python3.11/site-packages/airflow/example_dags/example_complex.py
[2026-04-29T12:37:20.307+0200] {processor.py:830} INFO - Processing file /Users/pablofrancoherrero/prueba_tecnica/venv/lib/python3.11/site-packages/airflow/example_dags/example_complex.py for tasks to queue
[2026-04-29T12:37:20.308+0200] {logging_mixin.py:188} INFO - [2026-04-29T12:37:20.308+0200] {dagbag.py:540} INFO - Filling up the DagBag from /Users/pablofrancoherrero/prueba_tecnica/venv/lib/python3.11/site-packages/airflow/example_dags/example_complex.py
[2026-04-29T12:37:20.312+0200] {processor.py:840} INFO - DAG(s) 'example_complex' retrieved from /Users/pablofrancoherrero/prueba_tecnica/venv/lib/python3.11/site-packages/airflow/example_dags/example_complex.py
[2026-04-29T12:37:20.347+0200] {logging_mixin.py:188} INFO - [2026-04-29T12:37:20.347+0200] {dag.py:3096} INFO - Sync 1 DAGs
[2026-04-29T12:37:20.350+0200] {logging_mixin.py:188} INFO - [2026-04-29T12:37:20.350+0200] {dag.py:3954} INFO - Setting next_dagrun for example_complex to None, run_after=None
[2026-04-29T12:37:20.357+0200] {processor.py:183} INFO - Processing /Users/pablofrancoherrero/prueba_tecnica/venv/lib/python3.11/site-packages/airflow/example_dags/example_complex.py took 0.051 seconds
[2026-04-29T12:38:39.460+0200] {processor.py:161} INFO - Started process (PID=86068) to work on /Users/pablofrancoherrero/prueba_tecnica/venv/lib/python3.11/site-packages/airflow/example_dags/example_complex.py
[2026-04-29T12:38:39.460+0200] {processor.py:830} INFO - Processing file /Users/pablofrancoherrero/prueba_tecnica/venv/lib/python3.11/site-packages/airflow/example_dags/example_complex.py for tasks to queue
[2026-04-29T12:38:39.460+0200] {logging_mixin.py:188} INFO - [2026-04-29T12:38:39.460+0200] {dagbag.py:540} INFO - Filling up the DagBag from /Users/pablofrancoherrero/prueba_tecnica/venv/lib/python3.11/site-packages/airflow/example_dags/example_complex.py
[2026-04-29T12:38:39.464+0200] {processor.py:840} INFO - DAG(s) 'example_complex' retrieved from /Users/pablofrancoherrero/prueba_tecnica/venv/lib/python3.11/site-packages/airflow/example_dags/example_complex.py
[2026-04-29T12:38:39.494+0200] {logging_mixin.py:188} INFO - [2026-04-29T12:38:39.493+0200] {dag.py:3096} INFO - Sync 1 DAGs
[2026-04-29T12:38:39.496+0200] {logging_mixin.py:188} INFO - [2026-04-29T12:38:39.496+0200] {dag.py:3954} INFO - Setting next_dagrun for example_complex to None, run_after=None
[2026-04-29T12:38:39.501+0200] {processor.py:183} INFO - Processing /Users/pablofrancoherrero/prueba_tecnica/venv/lib/python3.11/site-packages/airflow/example_dags/example_complex.py took 0.043 seconds
