[2026-04-29T02:00:34.989+0200] {processor.py:161} INFO - Started process (PID=70640) to work on /Users/pablofrancoherrero/prueba_tecnica/venv/lib/python3.11/site-packages/airflow/example_dags/example_bash_operator.py
[2026-04-29T02:00:34.989+0200] {processor.py:830} INFO - Processing file /Users/pablofrancoherrero/prueba_tecnica/venv/lib/python3.11/site-packages/airflow/example_dags/example_bash_operator.py for tasks to queue
[2026-04-29T02:00:34.989+0200] {logging_mixin.py:188} INFO - [2026-04-29T02:00:34.989+0200] {dagbag.py:540} INFO - Filling up the DagBag from /Users/pablofrancoherrero/prueba_tecnica/venv/lib/python3.11/site-packages/airflow/example_dags/example_bash_operator.py
[2026-04-29T02:00:34.993+0200] {processor.py:840} INFO - DAG(s) 'example_bash_operator' retrieved from /Users/pablofrancoherrero/prueba_tecnica/venv/lib/python3.11/site-packages/airflow/example_dags/example_bash_operator.py
[2026-04-29T02:00:35.020+0200] {logging_mixin.py:188} INFO - [2026-04-29T02:00:35.020+0200] {dag.py:3096} INFO - Sync 1 DAGs
[2026-04-29T02:00:35.024+0200] {logging_mixin.py:188} INFO - [2026-04-29T02:00:35.024+0200] {dag.py:3954} INFO - Setting next_dagrun for example_bash_operator to 2026-04-28 00:00:00+00:00, run_after=2026-04-29 00:00:00+00:00
[2026-04-29T02:00:35.029+0200] {processor.py:183} INFO - Processing /Users/pablofrancoherrero/prueba_tecnica/venv/lib/python3.11/site-packages/airflow/example_dags/example_bash_operator.py took 0.042 seconds
[2026-04-29T02:01:55.791+0200] {processor.py:161} INFO - Started process (PID=70735) to work on /Users/pablofrancoherrero/prueba_tecnica/venv/lib/python3.11/site-packages/airflow/example_dags/example_bash_operator.py
[2026-04-29T02:01:55.794+0200] {processor.py:830} INFO - Processing file /Users/pablofrancoherrero/prueba_tecnica/venv/lib/python3.11/site-packages/airflow/example_dags/example_bash_operator.py for tasks to queue
[2026-04-29T02:01:55.794+0200] {logging_mixin.py:188} INFO - [2026-04-29T02:01:55.794+0200] {dagbag.py:540} INFO - Filling up the DagBag from /Users/pablofrancoherrero/prueba_tecnica/venv/lib/python3.11/site-packages/airflow/example_dags/example_bash_operator.py
[2026-04-29T02:01:55.798+0200] {processor.py:840} INFO - DAG(s) 'example_bash_operator' retrieved from /Users/pablofrancoherrero/prueba_tecnica/venv/lib/python3.11/site-packages/airflow/example_dags/example_bash_operator.py
[2026-04-29T02:01:55.825+0200] {logging_mixin.py:188} INFO - [2026-04-29T02:01:55.825+0200] {dag.py:3096} INFO - Sync 1 DAGs
[2026-04-29T02:01:55.830+0200] {logging_mixin.py:188} INFO - [2026-04-29T02:01:55.830+0200] {dag.py:3954} INFO - Setting next_dagrun for example_bash_operator to 2026-04-28 00:00:00+00:00, run_after=2026-04-29 00:00:00+00:00
[2026-04-29T02:01:55.835+0200] {processor.py:183} INFO - Processing /Users/pablofrancoherrero/prueba_tecnica/venv/lib/python3.11/site-packages/airflow/example_dags/example_bash_operator.py took 0.045 seconds
[2026-04-29T02:03:16.265+0200] {processor.py:161} INFO - Started process (PID=70823) to work on /Users/pablofrancoherrero/prueba_tecnica/venv/lib/python3.11/site-packages/airflow/example_dags/example_bash_operator.py
[2026-04-29T02:03:16.266+0200] {processor.py:830} INFO - Processing file /Users/pablofrancoherrero/prueba_tecnica/venv/lib/python3.11/site-packages/airflow/example_dags/example_bash_operator.py for tasks to queue
[2026-04-29T02:03:16.266+0200] {logging_mixin.py:188} INFO - [2026-04-29T02:03:16.266+0200] {dagbag.py:540} INFO - Filling up the DagBag from /Users/pablofrancoherrero/prueba_tecnica/venv/lib/python3.11/site-packages/airflow/example_dags/example_bash_operator.py
[2026-04-29T02:03:16.270+0200] {processor.py:840} INFO - DAG(s) 'example_bash_operator' retrieved from /Users/pablofrancoherrero/prueba_tecnica/venv/lib/python3.11/site-packages/airflow/example_dags/example_bash_operator.py
[2026-04-29T02:03:16.296+0200] {logging_mixin.py:188} INFO - [2026-04-29T02:03:16.296+0200] {dag.py:3096} INFO - Sync 1 DAGs
[2026-04-29T02:03:16.300+0200] {logging_mixin.py:188} INFO - [2026-04-29T02:03:16.300+0200] {dag.py:3954} INFO - Setting next_dagrun for example_bash_operator to 2026-04-28 00:00:00+00:00, run_after=2026-04-29 00:00:00+00:00
[2026-04-29T02:03:16.305+0200] {processor.py:183} INFO - Processing /Users/pablofrancoherrero/prueba_tecnica/venv/lib/python3.11/site-packages/airflow/example_dags/example_bash_operator.py took 0.041 seconds
[2026-04-29T02:04:34.783+0200] {processor.py:161} INFO - Started process (PID=70924) to work on /Users/pablofrancoherrero/prueba_tecnica/venv/lib/python3.11/site-packages/airflow/example_dags/example_bash_operator.py
[2026-04-29T02:04:34.784+0200] {processor.py:830} INFO - Processing file /Users/pablofrancoherrero/prueba_tecnica/venv/lib/python3.11/site-packages/airflow/example_dags/example_bash_operator.py for tasks to queue
[2026-04-29T02:04:34.784+0200] {logging_mixin.py:188} INFO - [2026-04-29T02:04:34.784+0200] {dagbag.py:540} INFO - Filling up the DagBag from /Users/pablofrancoherrero/prueba_tecnica/venv/lib/python3.11/site-packages/airflow/example_dags/example_bash_operator.py
[2026-04-29T02:04:34.787+0200] {processor.py:840} INFO - DAG(s) 'example_bash_operator' retrieved from /Users/pablofrancoherrero/prueba_tecnica/venv/lib/python3.11/site-packages/airflow/example_dags/example_bash_operator.py
[2026-04-29T02:04:34.815+0200] {logging_mixin.py:188} INFO - [2026-04-29T02:04:34.815+0200] {dag.py:3096} INFO - Sync 1 DAGs
[2026-04-29T02:04:34.819+0200] {logging_mixin.py:188} INFO - [2026-04-29T02:04:34.819+0200] {dag.py:3954} INFO - Setting next_dagrun for example_bash_operator to 2026-04-28 00:00:00+00:00, run_after=2026-04-29 00:00:00+00:00
[2026-04-29T02:04:34.824+0200] {processor.py:183} INFO - Processing /Users/pablofrancoherrero/prueba_tecnica/venv/lib/python3.11/site-packages/airflow/example_dags/example_bash_operator.py took 0.043 seconds
[2026-04-29T02:05:56.571+0200] {processor.py:161} INFO - Started process (PID=71012) to work on /Users/pablofrancoherrero/prueba_tecnica/venv/lib/python3.11/site-packages/airflow/example_dags/example_bash_operator.py
[2026-04-29T02:05:56.572+0200] {processor.py:830} INFO - Processing file /Users/pablofrancoherrero/prueba_tecnica/venv/lib/python3.11/site-packages/airflow/example_dags/example_bash_operator.py for tasks to queue
[2026-04-29T02:05:56.572+0200] {logging_mixin.py:188} INFO - [2026-04-29T02:05:56.572+0200] {dagbag.py:540} INFO - Filling up the DagBag from /Users/pablofrancoherrero/prueba_tecnica/venv/lib/python3.11/site-packages/airflow/example_dags/example_bash_operator.py
[2026-04-29T02:05:56.576+0200] {processor.py:840} INFO - DAG(s) 'example_bash_operator' retrieved from /Users/pablofrancoherrero/prueba_tecnica/venv/lib/python3.11/site-packages/airflow/example_dags/example_bash_operator.py
[2026-04-29T02:05:56.603+0200] {logging_mixin.py:188} INFO - [2026-04-29T02:05:56.603+0200] {dag.py:3096} INFO - Sync 1 DAGs
[2026-04-29T02:05:56.608+0200] {logging_mixin.py:188} INFO - [2026-04-29T02:05:56.608+0200] {dag.py:3954} INFO - Setting next_dagrun for example_bash_operator to 2026-04-28 00:00:00+00:00, run_after=2026-04-29 00:00:00+00:00
[2026-04-29T02:05:56.613+0200] {processor.py:183} INFO - Processing /Users/pablofrancoherrero/prueba_tecnica/venv/lib/python3.11/site-packages/airflow/example_dags/example_bash_operator.py took 0.042 seconds
[2026-04-29T02:07:16.904+0200] {processor.py:161} INFO - Started process (PID=71095) to work on /Users/pablofrancoherrero/prueba_tecnica/venv/lib/python3.11/site-packages/airflow/example_dags/example_bash_operator.py
[2026-04-29T02:07:16.905+0200] {processor.py:830} INFO - Processing file /Users/pablofrancoherrero/prueba_tecnica/venv/lib/python3.11/site-packages/airflow/example_dags/example_bash_operator.py for tasks to queue
[2026-04-29T02:07:16.905+0200] {logging_mixin.py:188} INFO - [2026-04-29T02:07:16.905+0200] {dagbag.py:540} INFO - Filling up the DagBag from /Users/pablofrancoherrero/prueba_tecnica/venv/lib/python3.11/site-packages/airflow/example_dags/example_bash_operator.py
[2026-04-29T02:07:16.909+0200] {processor.py:840} INFO - DAG(s) 'example_bash_operator' retrieved from /Users/pablofrancoherrero/prueba_tecnica/venv/lib/python3.11/site-packages/airflow/example_dags/example_bash_operator.py
[2026-04-29T02:07:16.936+0200] {logging_mixin.py:188} INFO - [2026-04-29T02:07:16.936+0200] {dag.py:3096} INFO - Sync 1 DAGs
[2026-04-29T02:07:16.940+0200] {logging_mixin.py:188} INFO - [2026-04-29T02:07:16.940+0200] {dag.py:3954} INFO - Setting next_dagrun for example_bash_operator to 2026-04-28 00:00:00+00:00, run_after=2026-04-29 00:00:00+00:00
[2026-04-29T02:07:16.945+0200] {processor.py:183} INFO - Processing /Users/pablofrancoherrero/prueba_tecnica/venv/lib/python3.11/site-packages/airflow/example_dags/example_bash_operator.py took 0.042 seconds
[2026-04-29T02:08:37.513+0200] {processor.py:161} INFO - Started process (PID=71186) to work on /Users/pablofrancoherrero/prueba_tecnica/venv/lib/python3.11/site-packages/airflow/example_dags/example_bash_operator.py
[2026-04-29T02:08:37.513+0200] {processor.py:830} INFO - Processing file /Users/pablofrancoherrero/prueba_tecnica/venv/lib/python3.11/site-packages/airflow/example_dags/example_bash_operator.py for tasks to queue
[2026-04-29T02:08:37.513+0200] {logging_mixin.py:188} INFO - [2026-04-29T02:08:37.513+0200] {dagbag.py:540} INFO - Filling up the DagBag from /Users/pablofrancoherrero/prueba_tecnica/venv/lib/python3.11/site-packages/airflow/example_dags/example_bash_operator.py
[2026-04-29T02:08:37.517+0200] {processor.py:840} INFO - DAG(s) 'example_bash_operator' retrieved from /Users/pablofrancoherrero/prueba_tecnica/venv/lib/python3.11/site-packages/airflow/example_dags/example_bash_operator.py
[2026-04-29T02:08:37.545+0200] {logging_mixin.py:188} INFO - [2026-04-29T02:08:37.545+0200] {dag.py:3096} INFO - Sync 1 DAGs
[2026-04-29T02:08:37.550+0200] {logging_mixin.py:188} INFO - [2026-04-29T02:08:37.550+0200] {dag.py:3954} INFO - Setting next_dagrun for example_bash_operator to 2026-04-28 00:00:00+00:00, run_after=2026-04-29 00:00:00+00:00
[2026-04-29T02:08:37.555+0200] {processor.py:183} INFO - Processing /Users/pablofrancoherrero/prueba_tecnica/venv/lib/python3.11/site-packages/airflow/example_dags/example_bash_operator.py took 0.043 seconds
[2026-04-29T02:09:57.698+0200] {processor.py:161} INFO - Started process (PID=71276) to work on /Users/pablofrancoherrero/prueba_tecnica/venv/lib/python3.11/site-packages/airflow/example_dags/example_bash_operator.py
[2026-04-29T02:09:57.699+0200] {processor.py:830} INFO - Processing file /Users/pablofrancoherrero/prueba_tecnica/venv/lib/python3.11/site-packages/airflow/example_dags/example_bash_operator.py for tasks to queue
[2026-04-29T02:09:57.699+0200] {logging_mixin.py:188} INFO - [2026-04-29T02:09:57.699+0200] {dagbag.py:540} INFO - Filling up the DagBag from /Users/pablofrancoherrero/prueba_tecnica/venv/lib/python3.11/site-packages/airflow/example_dags/example_bash_operator.py
[2026-04-29T02:09:57.703+0200] {processor.py:840} INFO - DAG(s) 'example_bash_operator' retrieved from /Users/pablofrancoherrero/prueba_tecnica/venv/lib/python3.11/site-packages/airflow/example_dags/example_bash_operator.py
[2026-04-29T02:09:57.729+0200] {logging_mixin.py:188} INFO - [2026-04-29T02:09:57.729+0200] {dag.py:3096} INFO - Sync 1 DAGs
[2026-04-29T02:09:57.734+0200] {logging_mixin.py:188} INFO - [2026-04-29T02:09:57.734+0200] {dag.py:3954} INFO - Setting next_dagrun for example_bash_operator to 2026-04-28 00:00:00+00:00, run_after=2026-04-29 00:00:00+00:00
[2026-04-29T02:09:57.739+0200] {processor.py:183} INFO - Processing /Users/pablofrancoherrero/prueba_tecnica/venv/lib/python3.11/site-packages/airflow/example_dags/example_bash_operator.py took 0.042 seconds
[2026-04-29T02:11:21.905+0200] {processor.py:161} INFO - Started process (PID=71369) to work on /Users/pablofrancoherrero/prueba_tecnica/venv/lib/python3.11/site-packages/airflow/example_dags/example_bash_operator.py
[2026-04-29T02:11:21.906+0200] {processor.py:830} INFO - Processing file /Users/pablofrancoherrero/prueba_tecnica/venv/lib/python3.11/site-packages/airflow/example_dags/example_bash_operator.py for tasks to queue
[2026-04-29T02:11:21.906+0200] {logging_mixin.py:188} INFO - [2026-04-29T02:11:21.906+0200] {dagbag.py:540} INFO - Filling up the DagBag from /Users/pablofrancoherrero/prueba_tecnica/venv/lib/python3.11/site-packages/airflow/example_dags/example_bash_operator.py
[2026-04-29T02:11:21.910+0200] {processor.py:840} INFO - DAG(s) 'example_bash_operator' retrieved from /Users/pablofrancoherrero/prueba_tecnica/venv/lib/python3.11/site-packages/airflow/example_dags/example_bash_operator.py
[2026-04-29T02:11:21.937+0200] {logging_mixin.py:188} INFO - [2026-04-29T02:11:21.937+0200] {dag.py:3096} INFO - Sync 1 DAGs
[2026-04-29T02:11:21.942+0200] {logging_mixin.py:188} INFO - [2026-04-29T02:11:21.942+0200] {dag.py:3954} INFO - Setting next_dagrun for example_bash_operator to 2026-04-28 00:00:00+00:00, run_after=2026-04-29 00:00:00+00:00
[2026-04-29T02:11:21.947+0200] {processor.py:183} INFO - Processing /Users/pablofrancoherrero/prueba_tecnica/venv/lib/python3.11/site-packages/airflow/example_dags/example_bash_operator.py took 0.042 seconds
[2026-04-29T02:12:43.981+0200] {processor.py:161} INFO - Started process (PID=71454) to work on /Users/pablofrancoherrero/prueba_tecnica/venv/lib/python3.11/site-packages/airflow/example_dags/example_bash_operator.py
[2026-04-29T02:12:43.982+0200] {processor.py:830} INFO - Processing file /Users/pablofrancoherrero/prueba_tecnica/venv/lib/python3.11/site-packages/airflow/example_dags/example_bash_operator.py for tasks to queue
[2026-04-29T02:12:43.982+0200] {logging_mixin.py:188} INFO - [2026-04-29T02:12:43.982+0200] {dagbag.py:540} INFO - Filling up the DagBag from /Users/pablofrancoherrero/prueba_tecnica/venv/lib/python3.11/site-packages/airflow/example_dags/example_bash_operator.py
[2026-04-29T02:12:43.986+0200] {processor.py:840} INFO - DAG(s) 'example_bash_operator' retrieved from /Users/pablofrancoherrero/prueba_tecnica/venv/lib/python3.11/site-packages/airflow/example_dags/example_bash_operator.py
[2026-04-29T02:12:44.013+0200] {logging_mixin.py:188} INFO - [2026-04-29T02:12:44.013+0200] {dag.py:3096} INFO - Sync 1 DAGs
[2026-04-29T02:12:44.018+0200] {logging_mixin.py:188} INFO - [2026-04-29T02:12:44.018+0200] {dag.py:3954} INFO - Setting next_dagrun for example_bash_operator to 2026-04-28 00:00:00+00:00, run_after=2026-04-29 00:00:00+00:00
[2026-04-29T02:12:44.023+0200] {processor.py:183} INFO - Processing /Users/pablofrancoherrero/prueba_tecnica/venv/lib/python3.11/site-packages/airflow/example_dags/example_bash_operator.py took 0.043 seconds
[2026-04-29T02:14:03.289+0200] {processor.py:161} INFO - Started process (PID=71537) to work on /Users/pablofrancoherrero/prueba_tecnica/venv/lib/python3.11/site-packages/airflow/example_dags/example_bash_operator.py
[2026-04-29T02:14:03.290+0200] {processor.py:830} INFO - Processing file /Users/pablofrancoherrero/prueba_tecnica/venv/lib/python3.11/site-packages/airflow/example_dags/example_bash_operator.py for tasks to queue
[2026-04-29T02:14:03.290+0200] {logging_mixin.py:188} INFO - [2026-04-29T02:14:03.290+0200] {dagbag.py:540} INFO - Filling up the DagBag from /Users/pablofrancoherrero/prueba_tecnica/venv/lib/python3.11/site-packages/airflow/example_dags/example_bash_operator.py
[2026-04-29T02:14:03.294+0200] {processor.py:840} INFO - DAG(s) 'example_bash_operator' retrieved from /Users/pablofrancoherrero/prueba_tecnica/venv/lib/python3.11/site-packages/airflow/example_dags/example_bash_operator.py
[2026-04-29T02:14:03.320+0200] {logging_mixin.py:188} INFO - [2026-04-29T02:14:03.320+0200] {dag.py:3096} INFO - Sync 1 DAGs
[2026-04-29T02:14:03.325+0200] {logging_mixin.py:188} INFO - [2026-04-29T02:14:03.325+0200] {dag.py:3954} INFO - Setting next_dagrun for example_bash_operator to 2026-04-28 00:00:00+00:00, run_after=2026-04-29 00:00:00+00:00
[2026-04-29T02:14:03.329+0200] {processor.py:183} INFO - Processing /Users/pablofrancoherrero/prueba_tecnica/venv/lib/python3.11/site-packages/airflow/example_dags/example_bash_operator.py took 0.041 seconds
[2026-04-29T02:15:24.935+0200] {processor.py:161} INFO - Started process (PID=71623) to work on /Users/pablofrancoherrero/prueba_tecnica/venv/lib/python3.11/site-packages/airflow/example_dags/example_bash_operator.py
[2026-04-29T02:15:24.936+0200] {processor.py:830} INFO - Processing file /Users/pablofrancoherrero/prueba_tecnica/venv/lib/python3.11/site-packages/airflow/example_dags/example_bash_operator.py for tasks to queue
[2026-04-29T02:15:24.936+0200] {logging_mixin.py:188} INFO - [2026-04-29T02:15:24.936+0200] {dagbag.py:540} INFO - Filling up the DagBag from /Users/pablofrancoherrero/prueba_tecnica/venv/lib/python3.11/site-packages/airflow/example_dags/example_bash_operator.py
[2026-04-29T02:15:24.940+0200] {processor.py:840} INFO - DAG(s) 'example_bash_operator' retrieved from /Users/pablofrancoherrero/prueba_tecnica/venv/lib/python3.11/site-packages/airflow/example_dags/example_bash_operator.py
[2026-04-29T02:15:24.966+0200] {logging_mixin.py:188} INFO - [2026-04-29T02:15:24.966+0200] {dag.py:3096} INFO - Sync 1 DAGs
[2026-04-29T02:15:24.971+0200] {logging_mixin.py:188} INFO - [2026-04-29T02:15:24.971+0200] {dag.py:3954} INFO - Setting next_dagrun for example_bash_operator to 2026-04-28 00:00:00+00:00, run_after=2026-04-29 00:00:00+00:00
[2026-04-29T02:15:24.976+0200] {processor.py:183} INFO - Processing /Users/pablofrancoherrero/prueba_tecnica/venv/lib/python3.11/site-packages/airflow/example_dags/example_bash_operator.py took 0.041 seconds
[2026-04-29T02:16:46.292+0200] {processor.py:161} INFO - Started process (PID=71729) to work on /Users/pablofrancoherrero/prueba_tecnica/venv/lib/python3.11/site-packages/airflow/example_dags/example_bash_operator.py
[2026-04-29T02:16:46.292+0200] {processor.py:830} INFO - Processing file /Users/pablofrancoherrero/prueba_tecnica/venv/lib/python3.11/site-packages/airflow/example_dags/example_bash_operator.py for tasks to queue
[2026-04-29T02:16:46.292+0200] {logging_mixin.py:188} INFO - [2026-04-29T02:16:46.292+0200] {dagbag.py:540} INFO - Filling up the DagBag from /Users/pablofrancoherrero/prueba_tecnica/venv/lib/python3.11/site-packages/airflow/example_dags/example_bash_operator.py
[2026-04-29T02:16:46.296+0200] {processor.py:840} INFO - DAG(s) 'example_bash_operator' retrieved from /Users/pablofrancoherrero/prueba_tecnica/venv/lib/python3.11/site-packages/airflow/example_dags/example_bash_operator.py
[2026-04-29T02:16:46.322+0200] {logging_mixin.py:188} INFO - [2026-04-29T02:16:46.322+0200] {dag.py:3096} INFO - Sync 1 DAGs
[2026-04-29T02:16:46.327+0200] {logging_mixin.py:188} INFO - [2026-04-29T02:16:46.327+0200] {dag.py:3954} INFO - Setting next_dagrun for example_bash_operator to 2026-04-28 00:00:00+00:00, run_after=2026-04-29 00:00:00+00:00
[2026-04-29T02:16:46.332+0200] {processor.py:183} INFO - Processing /Users/pablofrancoherrero/prueba_tecnica/venv/lib/python3.11/site-packages/airflow/example_dags/example_bash_operator.py took 0.041 seconds
[2026-04-29T02:51:43.825+0200] {processor.py:161} INFO - Started process (PID=71966) to work on /Users/pablofrancoherrero/prueba_tecnica/venv/lib/python3.11/site-packages/airflow/example_dags/example_bash_operator.py
[2026-04-29T02:51:43.826+0200] {processor.py:830} INFO - Processing file /Users/pablofrancoherrero/prueba_tecnica/venv/lib/python3.11/site-packages/airflow/example_dags/example_bash_operator.py for tasks to queue
[2026-04-29T02:51:43.826+0200] {logging_mixin.py:188} INFO - [2026-04-29T02:51:43.826+0200] {dagbag.py:540} INFO - Filling up the DagBag from /Users/pablofrancoherrero/prueba_tecnica/venv/lib/python3.11/site-packages/airflow/example_dags/example_bash_operator.py
[2026-04-29T02:51:43.829+0200] {processor.py:840} INFO - DAG(s) 'example_bash_operator' retrieved from /Users/pablofrancoherrero/prueba_tecnica/venv/lib/python3.11/site-packages/airflow/example_dags/example_bash_operator.py
[2026-04-29T02:51:43.856+0200] {logging_mixin.py:188} INFO - [2026-04-29T02:51:43.856+0200] {dag.py:3096} INFO - Sync 1 DAGs
[2026-04-29T02:51:43.861+0200] {logging_mixin.py:188} INFO - [2026-04-29T02:51:43.861+0200] {dag.py:3954} INFO - Setting next_dagrun for example_bash_operator to 2026-04-28 00:00:00+00:00, run_after=2026-04-29 00:00:00+00:00
[2026-04-29T02:51:43.866+0200] {processor.py:183} INFO - Processing /Users/pablofrancoherrero/prueba_tecnica/venv/lib/python3.11/site-packages/airflow/example_dags/example_bash_operator.py took 0.042 seconds
[2026-04-29T03:10:26.471+0200] {processor.py:161} INFO - Started process (PID=72192) to work on /Users/pablofrancoherrero/prueba_tecnica/venv/lib/python3.11/site-packages/airflow/example_dags/example_bash_operator.py
[2026-04-29T03:10:26.471+0200] {processor.py:830} INFO - Processing file /Users/pablofrancoherrero/prueba_tecnica/venv/lib/python3.11/site-packages/airflow/example_dags/example_bash_operator.py for tasks to queue
[2026-04-29T03:10:26.471+0200] {logging_mixin.py:188} INFO - [2026-04-29T03:10:26.471+0200] {dagbag.py:540} INFO - Filling up the DagBag from /Users/pablofrancoherrero/prueba_tecnica/venv/lib/python3.11/site-packages/airflow/example_dags/example_bash_operator.py
[2026-04-29T03:10:26.478+0200] {processor.py:840} INFO - DAG(s) 'example_bash_operator' retrieved from /Users/pablofrancoherrero/prueba_tecnica/venv/lib/python3.11/site-packages/airflow/example_dags/example_bash_operator.py
[2026-04-29T03:10:26.505+0200] {logging_mixin.py:188} INFO - [2026-04-29T03:10:26.505+0200] {dag.py:3096} INFO - Sync 1 DAGs
[2026-04-29T03:10:26.509+0200] {logging_mixin.py:188} INFO - [2026-04-29T03:10:26.509+0200] {dag.py:3954} INFO - Setting next_dagrun for example_bash_operator to 2026-04-28 00:00:00+00:00, run_after=2026-04-29 00:00:00+00:00
[2026-04-29T03:10:26.514+0200] {processor.py:183} INFO - Processing /Users/pablofrancoherrero/prueba_tecnica/venv/lib/python3.11/site-packages/airflow/example_dags/example_bash_operator.py took 0.045 seconds
[2026-04-29T03:43:19.742+0200] {processor.py:161} INFO - Started process (PID=72356) to work on /Users/pablofrancoherrero/prueba_tecnica/venv/lib/python3.11/site-packages/airflow/example_dags/example_bash_operator.py
[2026-04-29T03:43:19.743+0200] {processor.py:830} INFO - Processing file /Users/pablofrancoherrero/prueba_tecnica/venv/lib/python3.11/site-packages/airflow/example_dags/example_bash_operator.py for tasks to queue
[2026-04-29T03:43:19.743+0200] {logging_mixin.py:188} INFO - [2026-04-29T03:43:19.743+0200] {dagbag.py:540} INFO - Filling up the DagBag from /Users/pablofrancoherrero/prueba_tecnica/venv/lib/python3.11/site-packages/airflow/example_dags/example_bash_operator.py
[2026-04-29T03:43:19.747+0200] {processor.py:840} INFO - DAG(s) 'example_bash_operator' retrieved from /Users/pablofrancoherrero/prueba_tecnica/venv/lib/python3.11/site-packages/airflow/example_dags/example_bash_operator.py
[2026-04-29T03:43:19.774+0200] {logging_mixin.py:188} INFO - [2026-04-29T03:43:19.773+0200] {dag.py:3096} INFO - Sync 1 DAGs
[2026-04-29T03:43:19.778+0200] {logging_mixin.py:188} INFO - [2026-04-29T03:43:19.778+0200] {dag.py:3954} INFO - Setting next_dagrun for example_bash_operator to 2026-04-28 00:00:00+00:00, run_after=2026-04-29 00:00:00+00:00
[2026-04-29T03:43:19.783+0200] {processor.py:183} INFO - Processing /Users/pablofrancoherrero/prueba_tecnica/venv/lib/python3.11/site-packages/airflow/example_dags/example_bash_operator.py took 0.042 seconds
[2026-04-29T04:09:09.467+0200] {processor.py:161} INFO - Started process (PID=72500) to work on /Users/pablofrancoherrero/prueba_tecnica/venv/lib/python3.11/site-packages/airflow/example_dags/example_bash_operator.py
[2026-04-29T04:09:09.468+0200] {processor.py:830} INFO - Processing file /Users/pablofrancoherrero/prueba_tecnica/venv/lib/python3.11/site-packages/airflow/example_dags/example_bash_operator.py for tasks to queue
[2026-04-29T04:09:09.468+0200] {logging_mixin.py:188} INFO - [2026-04-29T04:09:09.468+0200] {dagbag.py:540} INFO - Filling up the DagBag from /Users/pablofrancoherrero/prueba_tecnica/venv/lib/python3.11/site-packages/airflow/example_dags/example_bash_operator.py
[2026-04-29T04:09:09.472+0200] {processor.py:840} INFO - DAG(s) 'example_bash_operator' retrieved from /Users/pablofrancoherrero/prueba_tecnica/venv/lib/python3.11/site-packages/airflow/example_dags/example_bash_operator.py
[2026-04-29T04:09:09.498+0200] {logging_mixin.py:188} INFO - [2026-04-29T04:09:09.498+0200] {dag.py:3096} INFO - Sync 1 DAGs
[2026-04-29T04:09:09.503+0200] {logging_mixin.py:188} INFO - [2026-04-29T04:09:09.502+0200] {dag.py:3954} INFO - Setting next_dagrun for example_bash_operator to 2026-04-28 00:00:00+00:00, run_after=2026-04-29 00:00:00+00:00
[2026-04-29T04:09:09.508+0200] {processor.py:183} INFO - Processing /Users/pablofrancoherrero/prueba_tecnica/venv/lib/python3.11/site-packages/airflow/example_dags/example_bash_operator.py took 0.041 seconds
[2026-04-29T04:26:50.848+0200] {processor.py:161} INFO - Started process (PID=72695) to work on /Users/pablofrancoherrero/prueba_tecnica/venv/lib/python3.11/site-packages/airflow/example_dags/example_bash_operator.py
[2026-04-29T04:26:50.849+0200] {processor.py:830} INFO - Processing file /Users/pablofrancoherrero/prueba_tecnica/venv/lib/python3.11/site-packages/airflow/example_dags/example_bash_operator.py for tasks to queue
[2026-04-29T04:26:50.849+0200] {logging_mixin.py:188} INFO - [2026-04-29T04:26:50.849+0200] {dagbag.py:540} INFO - Filling up the DagBag from /Users/pablofrancoherrero/prueba_tecnica/venv/lib/python3.11/site-packages/airflow/example_dags/example_bash_operator.py
[2026-04-29T04:26:50.853+0200] {processor.py:840} INFO - DAG(s) 'example_bash_operator' retrieved from /Users/pablofrancoherrero/prueba_tecnica/venv/lib/python3.11/site-packages/airflow/example_dags/example_bash_operator.py
[2026-04-29T04:26:50.880+0200] {logging_mixin.py:188} INFO - [2026-04-29T04:26:50.880+0200] {dag.py:3096} INFO - Sync 1 DAGs
[2026-04-29T04:26:50.884+0200] {logging_mixin.py:188} INFO - [2026-04-29T04:26:50.884+0200] {dag.py:3954} INFO - Setting next_dagrun for example_bash_operator to 2026-04-28 00:00:00+00:00, run_after=2026-04-29 00:00:00+00:00
[2026-04-29T04:26:50.890+0200] {processor.py:183} INFO - Processing /Users/pablofrancoherrero/prueba_tecnica/venv/lib/python3.11/site-packages/airflow/example_dags/example_bash_operator.py took 0.042 seconds
[2026-04-29T05:00:56.549+0200] {processor.py:161} INFO - Started process (PID=72849) to work on /Users/pablofrancoherrero/prueba_tecnica/venv/lib/python3.11/site-packages/airflow/example_dags/example_bash_operator.py
[2026-04-29T05:00:56.550+0200] {processor.py:830} INFO - Processing file /Users/pablofrancoherrero/prueba_tecnica/venv/lib/python3.11/site-packages/airflow/example_dags/example_bash_operator.py for tasks to queue
[2026-04-29T05:00:56.550+0200] {logging_mixin.py:188} INFO - [2026-04-29T05:00:56.550+0200] {dagbag.py:540} INFO - Filling up the DagBag from /Users/pablofrancoherrero/prueba_tecnica/venv/lib/python3.11/site-packages/airflow/example_dags/example_bash_operator.py
[2026-04-29T05:00:56.554+0200] {processor.py:840} INFO - DAG(s) 'example_bash_operator' retrieved from /Users/pablofrancoherrero/prueba_tecnica/venv/lib/python3.11/site-packages/airflow/example_dags/example_bash_operator.py
[2026-04-29T05:00:56.581+0200] {logging_mixin.py:188} INFO - [2026-04-29T05:00:56.581+0200] {dag.py:3096} INFO - Sync 1 DAGs
[2026-04-29T05:00:56.585+0200] {logging_mixin.py:188} INFO - [2026-04-29T05:00:56.585+0200] {dag.py:3954} INFO - Setting next_dagrun for example_bash_operator to 2026-04-28 00:00:00+00:00, run_after=2026-04-29 00:00:00+00:00
[2026-04-29T05:00:56.590+0200] {processor.py:183} INFO - Processing /Users/pablofrancoherrero/prueba_tecnica/venv/lib/python3.11/site-packages/airflow/example_dags/example_bash_operator.py took 0.042 seconds
[2026-04-29T05:18:03.822+0200] {processor.py:161} INFO - Started process (PID=73176) to work on /Users/pablofrancoherrero/prueba_tecnica/venv/lib/python3.11/site-packages/airflow/example_dags/example_bash_operator.py
[2026-04-29T05:18:03.823+0200] {processor.py:830} INFO - Processing file /Users/pablofrancoherrero/prueba_tecnica/venv/lib/python3.11/site-packages/airflow/example_dags/example_bash_operator.py for tasks to queue
[2026-04-29T05:18:03.823+0200] {logging_mixin.py:188} INFO - [2026-04-29T05:18:03.823+0200] {dagbag.py:540} INFO - Filling up the DagBag from /Users/pablofrancoherrero/prueba_tecnica/venv/lib/python3.11/site-packages/airflow/example_dags/example_bash_operator.py
[2026-04-29T05:18:03.826+0200] {processor.py:840} INFO - DAG(s) 'example_bash_operator' retrieved from /Users/pablofrancoherrero/prueba_tecnica/venv/lib/python3.11/site-packages/airflow/example_dags/example_bash_operator.py
[2026-04-29T05:18:03.853+0200] {logging_mixin.py:188} INFO - [2026-04-29T05:18:03.853+0200] {dag.py:3096} INFO - Sync 1 DAGs
[2026-04-29T05:18:03.857+0200] {logging_mixin.py:188} INFO - [2026-04-29T05:18:03.857+0200] {dag.py:3954} INFO - Setting next_dagrun for example_bash_operator to 2026-04-28 00:00:00+00:00, run_after=2026-04-29 00:00:00+00:00
[2026-04-29T05:18:03.862+0200] {processor.py:183} INFO - Processing /Users/pablofrancoherrero/prueba_tecnica/venv/lib/python3.11/site-packages/airflow/example_dags/example_bash_operator.py took 0.041 seconds
[2026-04-29T05:19:23.901+0200] {processor.py:161} INFO - Started process (PID=73328) to work on /Users/pablofrancoherrero/prueba_tecnica/venv/lib/python3.11/site-packages/airflow/example_dags/example_bash_operator.py
[2026-04-29T05:19:23.901+0200] {processor.py:830} INFO - Processing file /Users/pablofrancoherrero/prueba_tecnica/venv/lib/python3.11/site-packages/airflow/example_dags/example_bash_operator.py for tasks to queue
[2026-04-29T05:19:23.902+0200] {logging_mixin.py:188} INFO - [2026-04-29T05:19:23.902+0200] {dagbag.py:540} INFO - Filling up the DagBag from /Users/pablofrancoherrero/prueba_tecnica/venv/lib/python3.11/site-packages/airflow/example_dags/example_bash_operator.py
[2026-04-29T05:19:23.905+0200] {processor.py:840} INFO - DAG(s) 'example_bash_operator' retrieved from /Users/pablofrancoherrero/prueba_tecnica/venv/lib/python3.11/site-packages/airflow/example_dags/example_bash_operator.py
[2026-04-29T05:19:23.931+0200] {logging_mixin.py:188} INFO - [2026-04-29T05:19:23.931+0200] {dag.py:3096} INFO - Sync 1 DAGs
[2026-04-29T05:19:23.936+0200] {logging_mixin.py:188} INFO - [2026-04-29T05:19:23.936+0200] {dag.py:3954} INFO - Setting next_dagrun for example_bash_operator to 2026-04-28 00:00:00+00:00, run_after=2026-04-29 00:00:00+00:00
[2026-04-29T05:19:23.941+0200] {processor.py:183} INFO - Processing /Users/pablofrancoherrero/prueba_tecnica/venv/lib/python3.11/site-packages/airflow/example_dags/example_bash_operator.py took 0.040 seconds
[2026-04-29T05:20:44.236+0200] {processor.py:161} INFO - Started process (PID=73428) to work on /Users/pablofrancoherrero/prueba_tecnica/venv/lib/python3.11/site-packages/airflow/example_dags/example_bash_operator.py
[2026-04-29T05:20:44.237+0200] {processor.py:830} INFO - Processing file /Users/pablofrancoherrero/prueba_tecnica/venv/lib/python3.11/site-packages/airflow/example_dags/example_bash_operator.py for tasks to queue
[2026-04-29T05:20:44.238+0200] {logging_mixin.py:188} INFO - [2026-04-29T05:20:44.238+0200] {dagbag.py:540} INFO - Filling up the DagBag from /Users/pablofrancoherrero/prueba_tecnica/venv/lib/python3.11/site-packages/airflow/example_dags/example_bash_operator.py
[2026-04-29T05:20:44.241+0200] {processor.py:840} INFO - DAG(s) 'example_bash_operator' retrieved from /Users/pablofrancoherrero/prueba_tecnica/venv/lib/python3.11/site-packages/airflow/example_dags/example_bash_operator.py
[2026-04-29T05:20:44.268+0200] {logging_mixin.py:188} INFO - [2026-04-29T05:20:44.268+0200] {dag.py:3096} INFO - Sync 1 DAGs
[2026-04-29T05:20:44.272+0200] {logging_mixin.py:188} INFO - [2026-04-29T05:20:44.272+0200] {dag.py:3954} INFO - Setting next_dagrun for example_bash_operator to 2026-04-28 00:00:00+00:00, run_after=2026-04-29 00:00:00+00:00
[2026-04-29T05:20:44.277+0200] {processor.py:183} INFO - Processing /Users/pablofrancoherrero/prueba_tecnica/venv/lib/python3.11/site-packages/airflow/example_dags/example_bash_operator.py took 0.042 seconds
[2026-04-29T05:22:03.825+0200] {processor.py:161} INFO - Started process (PID=73538) to work on /Users/pablofrancoherrero/prueba_tecnica/venv/lib/python3.11/site-packages/airflow/example_dags/example_bash_operator.py
[2026-04-29T05:22:03.826+0200] {processor.py:830} INFO - Processing file /Users/pablofrancoherrero/prueba_tecnica/venv/lib/python3.11/site-packages/airflow/example_dags/example_bash_operator.py for tasks to queue
[2026-04-29T05:22:03.826+0200] {logging_mixin.py:188} INFO - [2026-04-29T05:22:03.826+0200] {dagbag.py:540} INFO - Filling up the DagBag from /Users/pablofrancoherrero/prueba_tecnica/venv/lib/python3.11/site-packages/airflow/example_dags/example_bash_operator.py
[2026-04-29T05:22:03.829+0200] {processor.py:840} INFO - DAG(s) 'example_bash_operator' retrieved from /Users/pablofrancoherrero/prueba_tecnica/venv/lib/python3.11/site-packages/airflow/example_dags/example_bash_operator.py
[2026-04-29T05:22:03.856+0200] {logging_mixin.py:188} INFO - [2026-04-29T05:22:03.856+0200] {dag.py:3096} INFO - Sync 1 DAGs
[2026-04-29T05:22:03.860+0200] {logging_mixin.py:188} INFO - [2026-04-29T05:22:03.860+0200] {dag.py:3954} INFO - Setting next_dagrun for example_bash_operator to 2026-04-28 00:00:00+00:00, run_after=2026-04-29 00:00:00+00:00
[2026-04-29T05:22:03.865+0200] {processor.py:183} INFO - Processing /Users/pablofrancoherrero/prueba_tecnica/venv/lib/python3.11/site-packages/airflow/example_dags/example_bash_operator.py took 0.041 seconds
[2026-04-29T05:23:26.337+0200] {processor.py:161} INFO - Started process (PID=73648) to work on /Users/pablofrancoherrero/prueba_tecnica/venv/lib/python3.11/site-packages/airflow/example_dags/example_bash_operator.py
[2026-04-29T05:23:26.338+0200] {processor.py:830} INFO - Processing file /Users/pablofrancoherrero/prueba_tecnica/venv/lib/python3.11/site-packages/airflow/example_dags/example_bash_operator.py for tasks to queue
[2026-04-29T05:23:26.338+0200] {logging_mixin.py:188} INFO - [2026-04-29T05:23:26.338+0200] {dagbag.py:540} INFO - Filling up the DagBag from /Users/pablofrancoherrero/prueba_tecnica/venv/lib/python3.11/site-packages/airflow/example_dags/example_bash_operator.py
[2026-04-29T05:23:26.342+0200] {processor.py:840} INFO - DAG(s) 'example_bash_operator' retrieved from /Users/pablofrancoherrero/prueba_tecnica/venv/lib/python3.11/site-packages/airflow/example_dags/example_bash_operator.py
[2026-04-29T05:23:26.369+0200] {logging_mixin.py:188} INFO - [2026-04-29T05:23:26.369+0200] {dag.py:3096} INFO - Sync 1 DAGs
[2026-04-29T05:23:26.374+0200] {logging_mixin.py:188} INFO - [2026-04-29T05:23:26.374+0200] {dag.py:3954} INFO - Setting next_dagrun for example_bash_operator to 2026-04-28 00:00:00+00:00, run_after=2026-04-29 00:00:00+00:00
[2026-04-29T05:23:26.378+0200] {processor.py:183} INFO - Processing /Users/pablofrancoherrero/prueba_tecnica/venv/lib/python3.11/site-packages/airflow/example_dags/example_bash_operator.py took 0.042 seconds
[2026-04-29T05:24:44.753+0200] {processor.py:161} INFO - Started process (PID=73738) to work on /Users/pablofrancoherrero/prueba_tecnica/venv/lib/python3.11/site-packages/airflow/example_dags/example_bash_operator.py
[2026-04-29T05:24:44.754+0200] {processor.py:830} INFO - Processing file /Users/pablofrancoherrero/prueba_tecnica/venv/lib/python3.11/site-packages/airflow/example_dags/example_bash_operator.py for tasks to queue
[2026-04-29T05:24:44.754+0200] {logging_mixin.py:188} INFO - [2026-04-29T05:24:44.754+0200] {dagbag.py:540} INFO - Filling up the DagBag from /Users/pablofrancoherrero/prueba_tecnica/venv/lib/python3.11/site-packages/airflow/example_dags/example_bash_operator.py
[2026-04-29T05:24:44.757+0200] {processor.py:840} INFO - DAG(s) 'example_bash_operator' retrieved from /Users/pablofrancoherrero/prueba_tecnica/venv/lib/python3.11/site-packages/airflow/example_dags/example_bash_operator.py
[2026-04-29T05:24:44.785+0200] {logging_mixin.py:188} INFO - [2026-04-29T05:24:44.785+0200] {dag.py:3096} INFO - Sync 1 DAGs
[2026-04-29T05:24:44.789+0200] {logging_mixin.py:188} INFO - [2026-04-29T05:24:44.789+0200] {dag.py:3954} INFO - Setting next_dagrun for example_bash_operator to 2026-04-28 00:00:00+00:00, run_after=2026-04-29 00:00:00+00:00
[2026-04-29T05:24:44.794+0200] {processor.py:183} INFO - Processing /Users/pablofrancoherrero/prueba_tecnica/venv/lib/python3.11/site-packages/airflow/example_dags/example_bash_operator.py took 0.043 seconds
[2026-04-29T05:26:06.277+0200] {processor.py:161} INFO - Started process (PID=73825) to work on /Users/pablofrancoherrero/prueba_tecnica/venv/lib/python3.11/site-packages/airflow/example_dags/example_bash_operator.py
[2026-04-29T05:26:06.278+0200] {processor.py:830} INFO - Processing file /Users/pablofrancoherrero/prueba_tecnica/venv/lib/python3.11/site-packages/airflow/example_dags/example_bash_operator.py for tasks to queue
[2026-04-29T05:26:06.278+0200] {logging_mixin.py:188} INFO - [2026-04-29T05:26:06.278+0200] {dagbag.py:540} INFO - Filling up the DagBag from /Users/pablofrancoherrero/prueba_tecnica/venv/lib/python3.11/site-packages/airflow/example_dags/example_bash_operator.py
[2026-04-29T05:26:06.282+0200] {processor.py:840} INFO - DAG(s) 'example_bash_operator' retrieved from /Users/pablofrancoherrero/prueba_tecnica/venv/lib/python3.11/site-packages/airflow/example_dags/example_bash_operator.py
[2026-04-29T05:26:06.309+0200] {logging_mixin.py:188} INFO - [2026-04-29T05:26:06.309+0200] {dag.py:3096} INFO - Sync 1 DAGs
[2026-04-29T05:26:06.313+0200] {logging_mixin.py:188} INFO - [2026-04-29T05:26:06.313+0200] {dag.py:3954} INFO - Setting next_dagrun for example_bash_operator to 2026-04-28 00:00:00+00:00, run_after=2026-04-29 00:00:00+00:00
[2026-04-29T05:26:06.318+0200] {processor.py:183} INFO - Processing /Users/pablofrancoherrero/prueba_tecnica/venv/lib/python3.11/site-packages/airflow/example_dags/example_bash_operator.py took 0.042 seconds
[2026-04-29T05:27:28.019+0200] {processor.py:161} INFO - Started process (PID=73912) to work on /Users/pablofrancoherrero/prueba_tecnica/venv/lib/python3.11/site-packages/airflow/example_dags/example_bash_operator.py
[2026-04-29T05:27:28.020+0200] {processor.py:830} INFO - Processing file /Users/pablofrancoherrero/prueba_tecnica/venv/lib/python3.11/site-packages/airflow/example_dags/example_bash_operator.py for tasks to queue
[2026-04-29T05:27:28.020+0200] {logging_mixin.py:188} INFO - [2026-04-29T05:27:28.020+0200] {dagbag.py:540} INFO - Filling up the DagBag from /Users/pablofrancoherrero/prueba_tecnica/venv/lib/python3.11/site-packages/airflow/example_dags/example_bash_operator.py
[2026-04-29T05:27:28.023+0200] {processor.py:840} INFO - DAG(s) 'example_bash_operator' retrieved from /Users/pablofrancoherrero/prueba_tecnica/venv/lib/python3.11/site-packages/airflow/example_dags/example_bash_operator.py
[2026-04-29T05:27:28.051+0200] {logging_mixin.py:188} INFO - [2026-04-29T05:27:28.051+0200] {dag.py:3096} INFO - Sync 1 DAGs
[2026-04-29T05:27:28.056+0200] {logging_mixin.py:188} INFO - [2026-04-29T05:27:28.056+0200] {dag.py:3954} INFO - Setting next_dagrun for example_bash_operator to 2026-04-28 00:00:00+00:00, run_after=2026-04-29 00:00:00+00:00
[2026-04-29T05:27:28.061+0200] {processor.py:183} INFO - Processing /Users/pablofrancoherrero/prueba_tecnica/venv/lib/python3.11/site-packages/airflow/example_dags/example_bash_operator.py took 0.042 seconds
[2026-04-29T05:28:49.877+0200] {processor.py:161} INFO - Started process (PID=74015) to work on /Users/pablofrancoherrero/prueba_tecnica/venv/lib/python3.11/site-packages/airflow/example_dags/example_bash_operator.py
[2026-04-29T05:28:49.878+0200] {processor.py:830} INFO - Processing file /Users/pablofrancoherrero/prueba_tecnica/venv/lib/python3.11/site-packages/airflow/example_dags/example_bash_operator.py for tasks to queue
[2026-04-29T05:28:49.878+0200] {logging_mixin.py:188} INFO - [2026-04-29T05:28:49.878+0200] {dagbag.py:540} INFO - Filling up the DagBag from /Users/pablofrancoherrero/prueba_tecnica/venv/lib/python3.11/site-packages/airflow/example_dags/example_bash_operator.py
[2026-04-29T05:28:49.881+0200] {processor.py:840} INFO - DAG(s) 'example_bash_operator' retrieved from /Users/pablofrancoherrero/prueba_tecnica/venv/lib/python3.11/site-packages/airflow/example_dags/example_bash_operator.py
[2026-04-29T05:28:49.908+0200] {logging_mixin.py:188} INFO - [2026-04-29T05:28:49.908+0200] {dag.py:3096} INFO - Sync 1 DAGs
[2026-04-29T05:28:49.912+0200] {logging_mixin.py:188} INFO - [2026-04-29T05:28:49.912+0200] {dag.py:3954} INFO - Setting next_dagrun for example_bash_operator to 2026-04-28 00:00:00+00:00, run_after=2026-04-29 00:00:00+00:00
[2026-04-29T05:28:49.917+0200] {processor.py:183} INFO - Processing /Users/pablofrancoherrero/prueba_tecnica/venv/lib/python3.11/site-packages/airflow/example_dags/example_bash_operator.py took 0.041 seconds
[2026-04-29T05:30:07.480+0200] {processor.py:161} INFO - Started process (PID=74102) to work on /Users/pablofrancoherrero/prueba_tecnica/venv/lib/python3.11/site-packages/airflow/example_dags/example_bash_operator.py
[2026-04-29T05:30:07.481+0200] {processor.py:830} INFO - Processing file /Users/pablofrancoherrero/prueba_tecnica/venv/lib/python3.11/site-packages/airflow/example_dags/example_bash_operator.py for tasks to queue
[2026-04-29T05:30:07.482+0200] {logging_mixin.py:188} INFO - [2026-04-29T05:30:07.482+0200] {dagbag.py:540} INFO - Filling up the DagBag from /Users/pablofrancoherrero/prueba_tecnica/venv/lib/python3.11/site-packages/airflow/example_dags/example_bash_operator.py
[2026-04-29T05:30:07.485+0200] {processor.py:840} INFO - DAG(s) 'example_bash_operator' retrieved from /Users/pablofrancoherrero/prueba_tecnica/venv/lib/python3.11/site-packages/airflow/example_dags/example_bash_operator.py
[2026-04-29T05:30:07.512+0200] {logging_mixin.py:188} INFO - [2026-04-29T05:30:07.512+0200] {dag.py:3096} INFO - Sync 1 DAGs
[2026-04-29T05:30:07.517+0200] {logging_mixin.py:188} INFO - [2026-04-29T05:30:07.517+0200] {dag.py:3954} INFO - Setting next_dagrun for example_bash_operator to 2026-04-28 00:00:00+00:00, run_after=2026-04-29 00:00:00+00:00
[2026-04-29T05:30:07.522+0200] {processor.py:183} INFO - Processing /Users/pablofrancoherrero/prueba_tecnica/venv/lib/python3.11/site-packages/airflow/example_dags/example_bash_operator.py took 0.042 seconds
[2026-04-29T05:31:25.458+0200] {processor.py:161} INFO - Started process (PID=74183) to work on /Users/pablofrancoherrero/prueba_tecnica/venv/lib/python3.11/site-packages/airflow/example_dags/example_bash_operator.py
[2026-04-29T05:31:25.459+0200] {processor.py:830} INFO - Processing file /Users/pablofrancoherrero/prueba_tecnica/venv/lib/python3.11/site-packages/airflow/example_dags/example_bash_operator.py for tasks to queue
[2026-04-29T05:31:25.459+0200] {logging_mixin.py:188} INFO - [2026-04-29T05:31:25.459+0200] {dagbag.py:540} INFO - Filling up the DagBag from /Users/pablofrancoherrero/prueba_tecnica/venv/lib/python3.11/site-packages/airflow/example_dags/example_bash_operator.py
[2026-04-29T05:31:25.463+0200] {processor.py:840} INFO - DAG(s) 'example_bash_operator' retrieved from /Users/pablofrancoherrero/prueba_tecnica/venv/lib/python3.11/site-packages/airflow/example_dags/example_bash_operator.py
[2026-04-29T05:31:25.490+0200] {logging_mixin.py:188} INFO - [2026-04-29T05:31:25.490+0200] {dag.py:3096} INFO - Sync 1 DAGs
[2026-04-29T05:31:25.494+0200] {logging_mixin.py:188} INFO - [2026-04-29T05:31:25.494+0200] {dag.py:3954} INFO - Setting next_dagrun for example_bash_operator to 2026-04-28 00:00:00+00:00, run_after=2026-04-29 00:00:00+00:00
[2026-04-29T05:31:25.499+0200] {processor.py:183} INFO - Processing /Users/pablofrancoherrero/prueba_tecnica/venv/lib/python3.11/site-packages/airflow/example_dags/example_bash_operator.py took 0.042 seconds
[2026-04-29T05:32:47.614+0200] {processor.py:161} INFO - Started process (PID=74276) to work on /Users/pablofrancoherrero/prueba_tecnica/venv/lib/python3.11/site-packages/airflow/example_dags/example_bash_operator.py
[2026-04-29T05:32:47.615+0200] {processor.py:830} INFO - Processing file /Users/pablofrancoherrero/prueba_tecnica/venv/lib/python3.11/site-packages/airflow/example_dags/example_bash_operator.py for tasks to queue
[2026-04-29T05:32:47.615+0200] {logging_mixin.py:188} INFO - [2026-04-29T05:32:47.615+0200] {dagbag.py:540} INFO - Filling up the DagBag from /Users/pablofrancoherrero/prueba_tecnica/venv/lib/python3.11/site-packages/airflow/example_dags/example_bash_operator.py
[2026-04-29T05:32:47.619+0200] {processor.py:840} INFO - DAG(s) 'example_bash_operator' retrieved from /Users/pablofrancoherrero/prueba_tecnica/venv/lib/python3.11/site-packages/airflow/example_dags/example_bash_operator.py
[2026-04-29T05:32:47.645+0200] {logging_mixin.py:188} INFO - [2026-04-29T05:32:47.645+0200] {dag.py:3096} INFO - Sync 1 DAGs
[2026-04-29T05:32:47.650+0200] {logging_mixin.py:188} INFO - [2026-04-29T05:32:47.650+0200] {dag.py:3954} INFO - Setting next_dagrun for example_bash_operator to 2026-04-28 00:00:00+00:00, run_after=2026-04-29 00:00:00+00:00
[2026-04-29T05:32:47.656+0200] {processor.py:183} INFO - Processing /Users/pablofrancoherrero/prueba_tecnica/venv/lib/python3.11/site-packages/airflow/example_dags/example_bash_operator.py took 0.042 seconds
[2026-04-29T05:34:08.785+0200] {processor.py:161} INFO - Started process (PID=74407) to work on /Users/pablofrancoherrero/prueba_tecnica/venv/lib/python3.11/site-packages/airflow/example_dags/example_bash_operator.py
[2026-04-29T05:34:08.787+0200] {processor.py:830} INFO - Processing file /Users/pablofrancoherrero/prueba_tecnica/venv/lib/python3.11/site-packages/airflow/example_dags/example_bash_operator.py for tasks to queue
[2026-04-29T05:34:08.787+0200] {logging_mixin.py:188} INFO - [2026-04-29T05:34:08.787+0200] {dagbag.py:540} INFO - Filling up the DagBag from /Users/pablofrancoherrero/prueba_tecnica/venv/lib/python3.11/site-packages/airflow/example_dags/example_bash_operator.py
[2026-04-29T05:34:08.790+0200] {processor.py:840} INFO - DAG(s) 'example_bash_operator' retrieved from /Users/pablofrancoherrero/prueba_tecnica/venv/lib/python3.11/site-packages/airflow/example_dags/example_bash_operator.py
[2026-04-29T05:34:08.817+0200] {logging_mixin.py:188} INFO - [2026-04-29T05:34:08.817+0200] {dag.py:3096} INFO - Sync 1 DAGs
[2026-04-29T05:34:08.822+0200] {logging_mixin.py:188} INFO - [2026-04-29T05:34:08.822+0200] {dag.py:3954} INFO - Setting next_dagrun for example_bash_operator to 2026-04-28 00:00:00+00:00, run_after=2026-04-29 00:00:00+00:00
[2026-04-29T05:34:08.827+0200] {processor.py:183} INFO - Processing /Users/pablofrancoherrero/prueba_tecnica/venv/lib/python3.11/site-packages/airflow/example_dags/example_bash_operator.py took 0.042 seconds
[2026-04-29T05:35:26.968+0200] {processor.py:161} INFO - Started process (PID=74493) to work on /Users/pablofrancoherrero/prueba_tecnica/venv/lib/python3.11/site-packages/airflow/example_dags/example_bash_operator.py
[2026-04-29T05:35:26.969+0200] {processor.py:830} INFO - Processing file /Users/pablofrancoherrero/prueba_tecnica/venv/lib/python3.11/site-packages/airflow/example_dags/example_bash_operator.py for tasks to queue
[2026-04-29T05:35:26.970+0200] {logging_mixin.py:188} INFO - [2026-04-29T05:35:26.970+0200] {dagbag.py:540} INFO - Filling up the DagBag from /Users/pablofrancoherrero/prueba_tecnica/venv/lib/python3.11/site-packages/airflow/example_dags/example_bash_operator.py
[2026-04-29T05:35:26.973+0200] {processor.py:840} INFO - DAG(s) 'example_bash_operator' retrieved from /Users/pablofrancoherrero/prueba_tecnica/venv/lib/python3.11/site-packages/airflow/example_dags/example_bash_operator.py
[2026-04-29T05:35:27.000+0200] {logging_mixin.py:188} INFO - [2026-04-29T05:35:27.000+0200] {dag.py:3096} INFO - Sync 1 DAGs
[2026-04-29T05:35:27.004+0200] {logging_mixin.py:188} INFO - [2026-04-29T05:35:27.004+0200] {dag.py:3954} INFO - Setting next_dagrun for example_bash_operator to 2026-04-28 00:00:00+00:00, run_after=2026-04-29 00:00:00+00:00
[2026-04-29T05:35:27.009+0200] {processor.py:183} INFO - Processing /Users/pablofrancoherrero/prueba_tecnica/venv/lib/python3.11/site-packages/airflow/example_dags/example_bash_operator.py took 0.041 seconds
[2026-04-29T05:36:48.622+0200] {processor.py:161} INFO - Started process (PID=74579) to work on /Users/pablofrancoherrero/prueba_tecnica/venv/lib/python3.11/site-packages/airflow/example_dags/example_bash_operator.py
[2026-04-29T05:36:48.623+0200] {processor.py:830} INFO - Processing file /Users/pablofrancoherrero/prueba_tecnica/venv/lib/python3.11/site-packages/airflow/example_dags/example_bash_operator.py for tasks to queue
[2026-04-29T05:36:48.623+0200] {logging_mixin.py:188} INFO - [2026-04-29T05:36:48.623+0200] {dagbag.py:540} INFO - Filling up the DagBag from /Users/pablofrancoherrero/prueba_tecnica/venv/lib/python3.11/site-packages/airflow/example_dags/example_bash_operator.py
[2026-04-29T05:36:48.627+0200] {processor.py:840} INFO - DAG(s) 'example_bash_operator' retrieved from /Users/pablofrancoherrero/prueba_tecnica/venv/lib/python3.11/site-packages/airflow/example_dags/example_bash_operator.py
[2026-04-29T05:36:48.655+0200] {logging_mixin.py:188} INFO - [2026-04-29T05:36:48.655+0200] {dag.py:3096} INFO - Sync 1 DAGs
[2026-04-29T05:36:48.659+0200] {logging_mixin.py:188} INFO - [2026-04-29T05:36:48.659+0200] {dag.py:3954} INFO - Setting next_dagrun for example_bash_operator to 2026-04-28 00:00:00+00:00, run_after=2026-04-29 00:00:00+00:00
[2026-04-29T05:36:48.664+0200] {processor.py:183} INFO - Processing /Users/pablofrancoherrero/prueba_tecnica/venv/lib/python3.11/site-packages/airflow/example_dags/example_bash_operator.py took 0.043 seconds
[2026-04-29T05:38:08.470+0200] {processor.py:161} INFO - Started process (PID=74678) to work on /Users/pablofrancoherrero/prueba_tecnica/venv/lib/python3.11/site-packages/airflow/example_dags/example_bash_operator.py
[2026-04-29T05:38:08.471+0200] {processor.py:830} INFO - Processing file /Users/pablofrancoherrero/prueba_tecnica/venv/lib/python3.11/site-packages/airflow/example_dags/example_bash_operator.py for tasks to queue
[2026-04-29T05:38:08.471+0200] {logging_mixin.py:188} INFO - [2026-04-29T05:38:08.471+0200] {dagbag.py:540} INFO - Filling up the DagBag from /Users/pablofrancoherrero/prueba_tecnica/venv/lib/python3.11/site-packages/airflow/example_dags/example_bash_operator.py
[2026-04-29T05:38:08.475+0200] {processor.py:840} INFO - DAG(s) 'example_bash_operator' retrieved from /Users/pablofrancoherrero/prueba_tecnica/venv/lib/python3.11/site-packages/airflow/example_dags/example_bash_operator.py
[2026-04-29T05:38:08.501+0200] {logging_mixin.py:188} INFO - [2026-04-29T05:38:08.501+0200] {dag.py:3096} INFO - Sync 1 DAGs
[2026-04-29T05:38:08.506+0200] {logging_mixin.py:188} INFO - [2026-04-29T05:38:08.505+0200] {dag.py:3954} INFO - Setting next_dagrun for example_bash_operator to 2026-04-28 00:00:00+00:00, run_after=2026-04-29 00:00:00+00:00
[2026-04-29T05:38:08.510+0200] {processor.py:183} INFO - Processing /Users/pablofrancoherrero/prueba_tecnica/venv/lib/python3.11/site-packages/airflow/example_dags/example_bash_operator.py took 0.041 seconds
[2026-04-29T05:39:29.612+0200] {processor.py:161} INFO - Started process (PID=74771) to work on /Users/pablofrancoherrero/prueba_tecnica/venv/lib/python3.11/site-packages/airflow/example_dags/example_bash_operator.py
[2026-04-29T05:39:29.613+0200] {processor.py:830} INFO - Processing file /Users/pablofrancoherrero/prueba_tecnica/venv/lib/python3.11/site-packages/airflow/example_dags/example_bash_operator.py for tasks to queue
[2026-04-29T05:39:29.613+0200] {logging_mixin.py:188} INFO - [2026-04-29T05:39:29.613+0200] {dagbag.py:540} INFO - Filling up the DagBag from /Users/pablofrancoherrero/prueba_tecnica/venv/lib/python3.11/site-packages/airflow/example_dags/example_bash_operator.py
[2026-04-29T05:39:29.617+0200] {processor.py:840} INFO - DAG(s) 'example_bash_operator' retrieved from /Users/pablofrancoherrero/prueba_tecnica/venv/lib/python3.11/site-packages/airflow/example_dags/example_bash_operator.py
[2026-04-29T05:39:29.644+0200] {logging_mixin.py:188} INFO - [2026-04-29T05:39:29.644+0200] {dag.py:3096} INFO - Sync 1 DAGs
[2026-04-29T05:39:29.648+0200] {logging_mixin.py:188} INFO - [2026-04-29T05:39:29.648+0200] {dag.py:3954} INFO - Setting next_dagrun for example_bash_operator to 2026-04-28 00:00:00+00:00, run_after=2026-04-29 00:00:00+00:00
[2026-04-29T05:39:29.653+0200] {processor.py:183} INFO - Processing /Users/pablofrancoherrero/prueba_tecnica/venv/lib/python3.11/site-packages/airflow/example_dags/example_bash_operator.py took 0.042 seconds
[2026-04-29T05:40:52.285+0200] {processor.py:161} INFO - Started process (PID=74875) to work on /Users/pablofrancoherrero/prueba_tecnica/venv/lib/python3.11/site-packages/airflow/example_dags/example_bash_operator.py
[2026-04-29T05:40:52.286+0200] {processor.py:830} INFO - Processing file /Users/pablofrancoherrero/prueba_tecnica/venv/lib/python3.11/site-packages/airflow/example_dags/example_bash_operator.py for tasks to queue
[2026-04-29T05:40:52.286+0200] {logging_mixin.py:188} INFO - [2026-04-29T05:40:52.286+0200] {dagbag.py:540} INFO - Filling up the DagBag from /Users/pablofrancoherrero/prueba_tecnica/venv/lib/python3.11/site-packages/airflow/example_dags/example_bash_operator.py
[2026-04-29T05:40:52.290+0200] {processor.py:840} INFO - DAG(s) 'example_bash_operator' retrieved from /Users/pablofrancoherrero/prueba_tecnica/venv/lib/python3.11/site-packages/airflow/example_dags/example_bash_operator.py
[2026-04-29T05:40:52.318+0200] {logging_mixin.py:188} INFO - [2026-04-29T05:40:52.318+0200] {dag.py:3096} INFO - Sync 1 DAGs
[2026-04-29T05:40:52.322+0200] {logging_mixin.py:188} INFO - [2026-04-29T05:40:52.322+0200] {dag.py:3954} INFO - Setting next_dagrun for example_bash_operator to 2026-04-28 00:00:00+00:00, run_after=2026-04-29 00:00:00+00:00
[2026-04-29T05:40:52.327+0200] {processor.py:183} INFO - Processing /Users/pablofrancoherrero/prueba_tecnica/venv/lib/python3.11/site-packages/airflow/example_dags/example_bash_operator.py took 0.043 seconds
[2026-04-29T05:42:14.664+0200] {processor.py:161} INFO - Started process (PID=74962) to work on /Users/pablofrancoherrero/prueba_tecnica/venv/lib/python3.11/site-packages/airflow/example_dags/example_bash_operator.py
[2026-04-29T05:42:14.665+0200] {processor.py:830} INFO - Processing file /Users/pablofrancoherrero/prueba_tecnica/venv/lib/python3.11/site-packages/airflow/example_dags/example_bash_operator.py for tasks to queue
[2026-04-29T05:42:14.665+0200] {logging_mixin.py:188} INFO - [2026-04-29T05:42:14.665+0200] {dagbag.py:540} INFO - Filling up the DagBag from /Users/pablofrancoherrero/prueba_tecnica/venv/lib/python3.11/site-packages/airflow/example_dags/example_bash_operator.py
[2026-04-29T05:42:14.669+0200] {processor.py:840} INFO - DAG(s) 'example_bash_operator' retrieved from /Users/pablofrancoherrero/prueba_tecnica/venv/lib/python3.11/site-packages/airflow/example_dags/example_bash_operator.py
[2026-04-29T05:42:14.696+0200] {logging_mixin.py:188} INFO - [2026-04-29T05:42:14.696+0200] {dag.py:3096} INFO - Sync 1 DAGs
[2026-04-29T05:42:14.701+0200] {logging_mixin.py:188} INFO - [2026-04-29T05:42:14.700+0200] {dag.py:3954} INFO - Setting next_dagrun for example_bash_operator to 2026-04-28 00:00:00+00:00, run_after=2026-04-29 00:00:00+00:00
[2026-04-29T05:42:14.705+0200] {processor.py:183} INFO - Processing /Users/pablofrancoherrero/prueba_tecnica/venv/lib/python3.11/site-packages/airflow/example_dags/example_bash_operator.py took 0.042 seconds
[2026-04-29T05:43:34.166+0200] {processor.py:161} INFO - Started process (PID=75050) to work on /Users/pablofrancoherrero/prueba_tecnica/venv/lib/python3.11/site-packages/airflow/example_dags/example_bash_operator.py
[2026-04-29T05:43:34.167+0200] {processor.py:830} INFO - Processing file /Users/pablofrancoherrero/prueba_tecnica/venv/lib/python3.11/site-packages/airflow/example_dags/example_bash_operator.py for tasks to queue
[2026-04-29T05:43:34.167+0200] {logging_mixin.py:188} INFO - [2026-04-29T05:43:34.167+0200] {dagbag.py:540} INFO - Filling up the DagBag from /Users/pablofrancoherrero/prueba_tecnica/venv/lib/python3.11/site-packages/airflow/example_dags/example_bash_operator.py
[2026-04-29T05:43:34.171+0200] {processor.py:840} INFO - DAG(s) 'example_bash_operator' retrieved from /Users/pablofrancoherrero/prueba_tecnica/venv/lib/python3.11/site-packages/airflow/example_dags/example_bash_operator.py
[2026-04-29T05:43:34.199+0200] {logging_mixin.py:188} INFO - [2026-04-29T05:43:34.199+0200] {dag.py:3096} INFO - Sync 1 DAGs
[2026-04-29T05:43:34.204+0200] {logging_mixin.py:188} INFO - [2026-04-29T05:43:34.204+0200] {dag.py:3954} INFO - Setting next_dagrun for example_bash_operator to 2026-04-28 00:00:00+00:00, run_after=2026-04-29 00:00:00+00:00
[2026-04-29T05:43:34.209+0200] {processor.py:183} INFO - Processing /Users/pablofrancoherrero/prueba_tecnica/venv/lib/python3.11/site-packages/airflow/example_dags/example_bash_operator.py took 0.044 seconds
[2026-04-29T05:44:56.454+0200] {processor.py:161} INFO - Started process (PID=75174) to work on /Users/pablofrancoherrero/prueba_tecnica/venv/lib/python3.11/site-packages/airflow/example_dags/example_bash_operator.py
[2026-04-29T05:44:56.455+0200] {processor.py:830} INFO - Processing file /Users/pablofrancoherrero/prueba_tecnica/venv/lib/python3.11/site-packages/airflow/example_dags/example_bash_operator.py for tasks to queue
[2026-04-29T05:44:56.456+0200] {logging_mixin.py:188} INFO - [2026-04-29T05:44:56.456+0200] {dagbag.py:540} INFO - Filling up the DagBag from /Users/pablofrancoherrero/prueba_tecnica/venv/lib/python3.11/site-packages/airflow/example_dags/example_bash_operator.py
[2026-04-29T05:44:56.459+0200] {processor.py:840} INFO - DAG(s) 'example_bash_operator' retrieved from /Users/pablofrancoherrero/prueba_tecnica/venv/lib/python3.11/site-packages/airflow/example_dags/example_bash_operator.py
[2026-04-29T05:44:56.486+0200] {logging_mixin.py:188} INFO - [2026-04-29T05:44:56.486+0200] {dag.py:3096} INFO - Sync 1 DAGs
[2026-04-29T05:44:56.490+0200] {logging_mixin.py:188} INFO - [2026-04-29T05:44:56.490+0200] {dag.py:3954} INFO - Setting next_dagrun for example_bash_operator to 2026-04-28 00:00:00+00:00, run_after=2026-04-29 00:00:00+00:00
[2026-04-29T05:44:56.495+0200] {processor.py:183} INFO - Processing /Users/pablofrancoherrero/prueba_tecnica/venv/lib/python3.11/site-packages/airflow/example_dags/example_bash_operator.py took 0.042 seconds
[2026-04-29T05:46:14.254+0200] {processor.py:161} INFO - Started process (PID=75260) to work on /Users/pablofrancoherrero/prueba_tecnica/venv/lib/python3.11/site-packages/airflow/example_dags/example_bash_operator.py
[2026-04-29T05:46:14.255+0200] {processor.py:830} INFO - Processing file /Users/pablofrancoherrero/prueba_tecnica/venv/lib/python3.11/site-packages/airflow/example_dags/example_bash_operator.py for tasks to queue
[2026-04-29T05:46:14.255+0200] {logging_mixin.py:188} INFO - [2026-04-29T05:46:14.255+0200] {dagbag.py:540} INFO - Filling up the DagBag from /Users/pablofrancoherrero/prueba_tecnica/venv/lib/python3.11/site-packages/airflow/example_dags/example_bash_operator.py
[2026-04-29T05:46:14.258+0200] {processor.py:840} INFO - DAG(s) 'example_bash_operator' retrieved from /Users/pablofrancoherrero/prueba_tecnica/venv/lib/python3.11/site-packages/airflow/example_dags/example_bash_operator.py
[2026-04-29T05:46:14.285+0200] {logging_mixin.py:188} INFO - [2026-04-29T05:46:14.285+0200] {dag.py:3096} INFO - Sync 1 DAGs
[2026-04-29T05:46:14.289+0200] {logging_mixin.py:188} INFO - [2026-04-29T05:46:14.289+0200] {dag.py:3954} INFO - Setting next_dagrun for example_bash_operator to 2026-04-28 00:00:00+00:00, run_after=2026-04-29 00:00:00+00:00
[2026-04-29T05:46:14.294+0200] {processor.py:183} INFO - Processing /Users/pablofrancoherrero/prueba_tecnica/venv/lib/python3.11/site-packages/airflow/example_dags/example_bash_operator.py took 0.042 seconds
[2026-04-29T05:47:32.881+0200] {processor.py:161} INFO - Started process (PID=75353) to work on /Users/pablofrancoherrero/prueba_tecnica/venv/lib/python3.11/site-packages/airflow/example_dags/example_bash_operator.py
[2026-04-29T05:47:32.882+0200] {processor.py:830} INFO - Processing file /Users/pablofrancoherrero/prueba_tecnica/venv/lib/python3.11/site-packages/airflow/example_dags/example_bash_operator.py for tasks to queue
[2026-04-29T05:47:32.882+0200] {logging_mixin.py:188} INFO - [2026-04-29T05:47:32.882+0200] {dagbag.py:540} INFO - Filling up the DagBag from /Users/pablofrancoherrero/prueba_tecnica/venv/lib/python3.11/site-packages/airflow/example_dags/example_bash_operator.py
[2026-04-29T05:47:32.885+0200] {processor.py:840} INFO - DAG(s) 'example_bash_operator' retrieved from /Users/pablofrancoherrero/prueba_tecnica/venv/lib/python3.11/site-packages/airflow/example_dags/example_bash_operator.py
[2026-04-29T05:47:32.913+0200] {logging_mixin.py:188} INFO - [2026-04-29T05:47:32.913+0200] {dag.py:3096} INFO - Sync 1 DAGs
[2026-04-29T05:47:32.917+0200] {logging_mixin.py:188} INFO - [2026-04-29T05:47:32.917+0200] {dag.py:3954} INFO - Setting next_dagrun for example_bash_operator to 2026-04-28 00:00:00+00:00, run_after=2026-04-29 00:00:00+00:00
[2026-04-29T05:47:32.922+0200] {processor.py:183} INFO - Processing /Users/pablofrancoherrero/prueba_tecnica/venv/lib/python3.11/site-packages/airflow/example_dags/example_bash_operator.py took 0.042 seconds
[2026-04-29T05:48:54.441+0200] {processor.py:161} INFO - Started process (PID=75442) to work on /Users/pablofrancoherrero/prueba_tecnica/venv/lib/python3.11/site-packages/airflow/example_dags/example_bash_operator.py
[2026-04-29T05:48:54.442+0200] {processor.py:830} INFO - Processing file /Users/pablofrancoherrero/prueba_tecnica/venv/lib/python3.11/site-packages/airflow/example_dags/example_bash_operator.py for tasks to queue
[2026-04-29T05:48:54.442+0200] {logging_mixin.py:188} INFO - [2026-04-29T05:48:54.442+0200] {dagbag.py:540} INFO - Filling up the DagBag from /Users/pablofrancoherrero/prueba_tecnica/venv/lib/python3.11/site-packages/airflow/example_dags/example_bash_operator.py
[2026-04-29T05:48:54.446+0200] {processor.py:840} INFO - DAG(s) 'example_bash_operator' retrieved from /Users/pablofrancoherrero/prueba_tecnica/venv/lib/python3.11/site-packages/airflow/example_dags/example_bash_operator.py
[2026-04-29T05:48:54.472+0200] {logging_mixin.py:188} INFO - [2026-04-29T05:48:54.472+0200] {dag.py:3096} INFO - Sync 1 DAGs
[2026-04-29T05:48:54.477+0200] {logging_mixin.py:188} INFO - [2026-04-29T05:48:54.477+0200] {dag.py:3954} INFO - Setting next_dagrun for example_bash_operator to 2026-04-28 00:00:00+00:00, run_after=2026-04-29 00:00:00+00:00
[2026-04-29T05:48:54.482+0200] {processor.py:183} INFO - Processing /Users/pablofrancoherrero/prueba_tecnica/venv/lib/python3.11/site-packages/airflow/example_dags/example_bash_operator.py took 0.042 seconds
[2026-04-29T05:50:15.120+0200] {processor.py:161} INFO - Started process (PID=75557) to work on /Users/pablofrancoherrero/prueba_tecnica/venv/lib/python3.11/site-packages/airflow/example_dags/example_bash_operator.py
[2026-04-29T05:50:15.120+0200] {processor.py:830} INFO - Processing file /Users/pablofrancoherrero/prueba_tecnica/venv/lib/python3.11/site-packages/airflow/example_dags/example_bash_operator.py for tasks to queue
[2026-04-29T05:50:15.120+0200] {logging_mixin.py:188} INFO - [2026-04-29T05:50:15.120+0200] {dagbag.py:540} INFO - Filling up the DagBag from /Users/pablofrancoherrero/prueba_tecnica/venv/lib/python3.11/site-packages/airflow/example_dags/example_bash_operator.py
[2026-04-29T05:50:15.124+0200] {processor.py:840} INFO - DAG(s) 'example_bash_operator' retrieved from /Users/pablofrancoherrero/prueba_tecnica/venv/lib/python3.11/site-packages/airflow/example_dags/example_bash_operator.py
[2026-04-29T05:50:15.150+0200] {logging_mixin.py:188} INFO - [2026-04-29T05:50:15.150+0200] {dag.py:3096} INFO - Sync 1 DAGs
[2026-04-29T05:50:15.155+0200] {logging_mixin.py:188} INFO - [2026-04-29T05:50:15.155+0200] {dag.py:3954} INFO - Setting next_dagrun for example_bash_operator to 2026-04-28 00:00:00+00:00, run_after=2026-04-29 00:00:00+00:00
[2026-04-29T05:50:15.160+0200] {processor.py:183} INFO - Processing /Users/pablofrancoherrero/prueba_tecnica/venv/lib/python3.11/site-packages/airflow/example_dags/example_bash_operator.py took 0.041 seconds
[2026-04-29T05:51:36.878+0200] {processor.py:161} INFO - Started process (PID=75649) to work on /Users/pablofrancoherrero/prueba_tecnica/venv/lib/python3.11/site-packages/airflow/example_dags/example_bash_operator.py
[2026-04-29T05:51:36.878+0200] {processor.py:830} INFO - Processing file /Users/pablofrancoherrero/prueba_tecnica/venv/lib/python3.11/site-packages/airflow/example_dags/example_bash_operator.py for tasks to queue
[2026-04-29T05:51:36.878+0200] {logging_mixin.py:188} INFO - [2026-04-29T05:51:36.878+0200] {dagbag.py:540} INFO - Filling up the DagBag from /Users/pablofrancoherrero/prueba_tecnica/venv/lib/python3.11/site-packages/airflow/example_dags/example_bash_operator.py
[2026-04-29T05:51:36.882+0200] {processor.py:840} INFO - DAG(s) 'example_bash_operator' retrieved from /Users/pablofrancoherrero/prueba_tecnica/venv/lib/python3.11/site-packages/airflow/example_dags/example_bash_operator.py
[2026-04-29T05:51:36.909+0200] {logging_mixin.py:188} INFO - [2026-04-29T05:51:36.909+0200] {dag.py:3096} INFO - Sync 1 DAGs
[2026-04-29T05:51:36.913+0200] {logging_mixin.py:188} INFO - [2026-04-29T05:51:36.913+0200] {dag.py:3954} INFO - Setting next_dagrun for example_bash_operator to 2026-04-28 00:00:00+00:00, run_after=2026-04-29 00:00:00+00:00
[2026-04-29T05:51:36.918+0200] {processor.py:183} INFO - Processing /Users/pablofrancoherrero/prueba_tecnica/venv/lib/python3.11/site-packages/airflow/example_dags/example_bash_operator.py took 0.041 seconds
[2026-04-29T05:52:56.567+0200] {processor.py:161} INFO - Started process (PID=75739) to work on /Users/pablofrancoherrero/prueba_tecnica/venv/lib/python3.11/site-packages/airflow/example_dags/example_bash_operator.py
[2026-04-29T05:52:56.567+0200] {processor.py:830} INFO - Processing file /Users/pablofrancoherrero/prueba_tecnica/venv/lib/python3.11/site-packages/airflow/example_dags/example_bash_operator.py for tasks to queue
[2026-04-29T05:52:56.568+0200] {logging_mixin.py:188} INFO - [2026-04-29T05:52:56.568+0200] {dagbag.py:540} INFO - Filling up the DagBag from /Users/pablofrancoherrero/prueba_tecnica/venv/lib/python3.11/site-packages/airflow/example_dags/example_bash_operator.py
[2026-04-29T05:52:56.571+0200] {processor.py:840} INFO - DAG(s) 'example_bash_operator' retrieved from /Users/pablofrancoherrero/prueba_tecnica/venv/lib/python3.11/site-packages/airflow/example_dags/example_bash_operator.py
[2026-04-29T05:52:56.597+0200] {logging_mixin.py:188} INFO - [2026-04-29T05:52:56.597+0200] {dag.py:3096} INFO - Sync 1 DAGs
[2026-04-29T05:52:56.602+0200] {logging_mixin.py:188} INFO - [2026-04-29T05:52:56.602+0200] {dag.py:3954} INFO - Setting next_dagrun for example_bash_operator to 2026-04-28 00:00:00+00:00, run_after=2026-04-29 00:00:00+00:00
[2026-04-29T05:52:56.607+0200] {processor.py:183} INFO - Processing /Users/pablofrancoherrero/prueba_tecnica/venv/lib/python3.11/site-packages/airflow/example_dags/example_bash_operator.py took 0.041 seconds
[2026-04-29T05:54:14.835+0200] {processor.py:161} INFO - Started process (PID=75823) to work on /Users/pablofrancoherrero/prueba_tecnica/venv/lib/python3.11/site-packages/airflow/example_dags/example_bash_operator.py
[2026-04-29T05:54:14.836+0200] {processor.py:830} INFO - Processing file /Users/pablofrancoherrero/prueba_tecnica/venv/lib/python3.11/site-packages/airflow/example_dags/example_bash_operator.py for tasks to queue
[2026-04-29T05:54:14.836+0200] {logging_mixin.py:188} INFO - [2026-04-29T05:54:14.836+0200] {dagbag.py:540} INFO - Filling up the DagBag from /Users/pablofrancoherrero/prueba_tecnica/venv/lib/python3.11/site-packages/airflow/example_dags/example_bash_operator.py
[2026-04-29T05:54:14.839+0200] {processor.py:840} INFO - DAG(s) 'example_bash_operator' retrieved from /Users/pablofrancoherrero/prueba_tecnica/venv/lib/python3.11/site-packages/airflow/example_dags/example_bash_operator.py
[2026-04-29T05:54:14.866+0200] {logging_mixin.py:188} INFO - [2026-04-29T05:54:14.866+0200] {dag.py:3096} INFO - Sync 1 DAGs
[2026-04-29T05:54:14.870+0200] {logging_mixin.py:188} INFO - [2026-04-29T05:54:14.870+0200] {dag.py:3954} INFO - Setting next_dagrun for example_bash_operator to 2026-04-28 00:00:00+00:00, run_after=2026-04-29 00:00:00+00:00
[2026-04-29T05:54:14.875+0200] {processor.py:183} INFO - Processing /Users/pablofrancoherrero/prueba_tecnica/venv/lib/python3.11/site-packages/airflow/example_dags/example_bash_operator.py took 0.041 seconds
[2026-04-29T05:55:34.718+0200] {processor.py:161} INFO - Started process (PID=75915) to work on /Users/pablofrancoherrero/prueba_tecnica/venv/lib/python3.11/site-packages/airflow/example_dags/example_bash_operator.py
[2026-04-29T05:55:34.720+0200] {processor.py:830} INFO - Processing file /Users/pablofrancoherrero/prueba_tecnica/venv/lib/python3.11/site-packages/airflow/example_dags/example_bash_operator.py for tasks to queue
[2026-04-29T05:55:34.720+0200] {logging_mixin.py:188} INFO - [2026-04-29T05:55:34.720+0200] {dagbag.py:540} INFO - Filling up the DagBag from /Users/pablofrancoherrero/prueba_tecnica/venv/lib/python3.11/site-packages/airflow/example_dags/example_bash_operator.py
[2026-04-29T05:55:34.723+0200] {processor.py:840} INFO - DAG(s) 'example_bash_operator' retrieved from /Users/pablofrancoherrero/prueba_tecnica/venv/lib/python3.11/site-packages/airflow/example_dags/example_bash_operator.py
[2026-04-29T05:55:34.750+0200] {logging_mixin.py:188} INFO - [2026-04-29T05:55:34.750+0200] {dag.py:3096} INFO - Sync 1 DAGs
[2026-04-29T05:55:34.754+0200] {logging_mixin.py:188} INFO - [2026-04-29T05:55:34.754+0200] {dag.py:3954} INFO - Setting next_dagrun for example_bash_operator to 2026-04-28 00:00:00+00:00, run_after=2026-04-29 00:00:00+00:00
[2026-04-29T05:55:34.759+0200] {processor.py:183} INFO - Processing /Users/pablofrancoherrero/prueba_tecnica/venv/lib/python3.11/site-packages/airflow/example_dags/example_bash_operator.py took 0.041 seconds
[2026-04-29T05:56:55.215+0200] {processor.py:161} INFO - Started process (PID=76012) to work on /Users/pablofrancoherrero/prueba_tecnica/venv/lib/python3.11/site-packages/airflow/example_dags/example_bash_operator.py
[2026-04-29T05:56:55.216+0200] {processor.py:830} INFO - Processing file /Users/pablofrancoherrero/prueba_tecnica/venv/lib/python3.11/site-packages/airflow/example_dags/example_bash_operator.py for tasks to queue
[2026-04-29T05:56:55.216+0200] {logging_mixin.py:188} INFO - [2026-04-29T05:56:55.216+0200] {dagbag.py:540} INFO - Filling up the DagBag from /Users/pablofrancoherrero/prueba_tecnica/venv/lib/python3.11/site-packages/airflow/example_dags/example_bash_operator.py
[2026-04-29T05:56:55.219+0200] {processor.py:840} INFO - DAG(s) 'example_bash_operator' retrieved from /Users/pablofrancoherrero/prueba_tecnica/venv/lib/python3.11/site-packages/airflow/example_dags/example_bash_operator.py
[2026-04-29T05:56:55.246+0200] {logging_mixin.py:188} INFO - [2026-04-29T05:56:55.246+0200] {dag.py:3096} INFO - Sync 1 DAGs
[2026-04-29T05:56:55.250+0200] {logging_mixin.py:188} INFO - [2026-04-29T05:56:55.250+0200] {dag.py:3954} INFO - Setting next_dagrun for example_bash_operator to 2026-04-28 00:00:00+00:00, run_after=2026-04-29 00:00:00+00:00
[2026-04-29T05:56:55.255+0200] {processor.py:183} INFO - Processing /Users/pablofrancoherrero/prueba_tecnica/venv/lib/python3.11/site-packages/airflow/example_dags/example_bash_operator.py took 0.041 seconds
[2026-04-29T05:58:16.126+0200] {processor.py:161} INFO - Started process (PID=76100) to work on /Users/pablofrancoherrero/prueba_tecnica/venv/lib/python3.11/site-packages/airflow/example_dags/example_bash_operator.py
[2026-04-29T05:58:16.127+0200] {processor.py:830} INFO - Processing file /Users/pablofrancoherrero/prueba_tecnica/venv/lib/python3.11/site-packages/airflow/example_dags/example_bash_operator.py for tasks to queue
[2026-04-29T05:58:16.127+0200] {logging_mixin.py:188} INFO - [2026-04-29T05:58:16.127+0200] {dagbag.py:540} INFO - Filling up the DagBag from /Users/pablofrancoherrero/prueba_tecnica/venv/lib/python3.11/site-packages/airflow/example_dags/example_bash_operator.py
[2026-04-29T05:58:16.130+0200] {processor.py:840} INFO - DAG(s) 'example_bash_operator' retrieved from /Users/pablofrancoherrero/prueba_tecnica/venv/lib/python3.11/site-packages/airflow/example_dags/example_bash_operator.py
[2026-04-29T05:58:16.157+0200] {logging_mixin.py:188} INFO - [2026-04-29T05:58:16.157+0200] {dag.py:3096} INFO - Sync 1 DAGs
[2026-04-29T05:58:16.162+0200] {logging_mixin.py:188} INFO - [2026-04-29T05:58:16.162+0200] {dag.py:3954} INFO - Setting next_dagrun for example_bash_operator to 2026-04-28 00:00:00+00:00, run_after=2026-04-29 00:00:00+00:00
[2026-04-29T05:58:16.167+0200] {processor.py:183} INFO - Processing /Users/pablofrancoherrero/prueba_tecnica/venv/lib/python3.11/site-packages/airflow/example_dags/example_bash_operator.py took 0.042 seconds
[2026-04-29T05:59:36.243+0200] {processor.py:161} INFO - Started process (PID=76186) to work on /Users/pablofrancoherrero/prueba_tecnica/venv/lib/python3.11/site-packages/airflow/example_dags/example_bash_operator.py
[2026-04-29T05:59:36.243+0200] {processor.py:830} INFO - Processing file /Users/pablofrancoherrero/prueba_tecnica/venv/lib/python3.11/site-packages/airflow/example_dags/example_bash_operator.py for tasks to queue
[2026-04-29T05:59:36.244+0200] {logging_mixin.py:188} INFO - [2026-04-29T05:59:36.244+0200] {dagbag.py:540} INFO - Filling up the DagBag from /Users/pablofrancoherrero/prueba_tecnica/venv/lib/python3.11/site-packages/airflow/example_dags/example_bash_operator.py
[2026-04-29T05:59:36.247+0200] {processor.py:840} INFO - DAG(s) 'example_bash_operator' retrieved from /Users/pablofrancoherrero/prueba_tecnica/venv/lib/python3.11/site-packages/airflow/example_dags/example_bash_operator.py
[2026-04-29T05:59:36.274+0200] {logging_mixin.py:188} INFO - [2026-04-29T05:59:36.274+0200] {dag.py:3096} INFO - Sync 1 DAGs
[2026-04-29T05:59:36.278+0200] {logging_mixin.py:188} INFO - [2026-04-29T05:59:36.278+0200] {dag.py:3954} INFO - Setting next_dagrun for example_bash_operator to 2026-04-28 00:00:00+00:00, run_after=2026-04-29 00:00:00+00:00
[2026-04-29T05:59:36.283+0200] {processor.py:183} INFO - Processing /Users/pablofrancoherrero/prueba_tecnica/venv/lib/python3.11/site-packages/airflow/example_dags/example_bash_operator.py took 0.041 seconds
[2026-04-29T06:00:58.170+0200] {processor.py:161} INFO - Started process (PID=76297) to work on /Users/pablofrancoherrero/prueba_tecnica/venv/lib/python3.11/site-packages/airflow/example_dags/example_bash_operator.py
[2026-04-29T06:00:58.171+0200] {processor.py:830} INFO - Processing file /Users/pablofrancoherrero/prueba_tecnica/venv/lib/python3.11/site-packages/airflow/example_dags/example_bash_operator.py for tasks to queue
[2026-04-29T06:00:58.171+0200] {logging_mixin.py:188} INFO - [2026-04-29T06:00:58.171+0200] {dagbag.py:540} INFO - Filling up the DagBag from /Users/pablofrancoherrero/prueba_tecnica/venv/lib/python3.11/site-packages/airflow/example_dags/example_bash_operator.py
[2026-04-29T06:00:58.175+0200] {processor.py:840} INFO - DAG(s) 'example_bash_operator' retrieved from /Users/pablofrancoherrero/prueba_tecnica/venv/lib/python3.11/site-packages/airflow/example_dags/example_bash_operator.py
[2026-04-29T06:00:58.202+0200] {logging_mixin.py:188} INFO - [2026-04-29T06:00:58.202+0200] {dag.py:3096} INFO - Sync 1 DAGs
[2026-04-29T06:00:58.206+0200] {logging_mixin.py:188} INFO - [2026-04-29T06:00:58.206+0200] {dag.py:3954} INFO - Setting next_dagrun for example_bash_operator to 2026-04-28 00:00:00+00:00, run_after=2026-04-29 00:00:00+00:00
[2026-04-29T06:00:58.211+0200] {processor.py:183} INFO - Processing /Users/pablofrancoherrero/prueba_tecnica/venv/lib/python3.11/site-packages/airflow/example_dags/example_bash_operator.py took 0.042 seconds
[2026-04-29T06:02:18.464+0200] {processor.py:161} INFO - Started process (PID=76388) to work on /Users/pablofrancoherrero/prueba_tecnica/venv/lib/python3.11/site-packages/airflow/example_dags/example_bash_operator.py
[2026-04-29T06:02:18.465+0200] {processor.py:830} INFO - Processing file /Users/pablofrancoherrero/prueba_tecnica/venv/lib/python3.11/site-packages/airflow/example_dags/example_bash_operator.py for tasks to queue
[2026-04-29T06:02:18.466+0200] {logging_mixin.py:188} INFO - [2026-04-29T06:02:18.466+0200] {dagbag.py:540} INFO - Filling up the DagBag from /Users/pablofrancoherrero/prueba_tecnica/venv/lib/python3.11/site-packages/airflow/example_dags/example_bash_operator.py
[2026-04-29T06:02:18.469+0200] {processor.py:840} INFO - DAG(s) 'example_bash_operator' retrieved from /Users/pablofrancoherrero/prueba_tecnica/venv/lib/python3.11/site-packages/airflow/example_dags/example_bash_operator.py
[2026-04-29T06:02:18.496+0200] {logging_mixin.py:188} INFO - [2026-04-29T06:02:18.496+0200] {dag.py:3096} INFO - Sync 1 DAGs
[2026-04-29T06:02:18.501+0200] {logging_mixin.py:188} INFO - [2026-04-29T06:02:18.501+0200] {dag.py:3954} INFO - Setting next_dagrun for example_bash_operator to 2026-04-28 00:00:00+00:00, run_after=2026-04-29 00:00:00+00:00
[2026-04-29T06:02:18.506+0200] {processor.py:183} INFO - Processing /Users/pablofrancoherrero/prueba_tecnica/venv/lib/python3.11/site-packages/airflow/example_dags/example_bash_operator.py took 0.042 seconds
[2026-04-29T06:03:41.189+0200] {processor.py:161} INFO - Started process (PID=76480) to work on /Users/pablofrancoherrero/prueba_tecnica/venv/lib/python3.11/site-packages/airflow/example_dags/example_bash_operator.py
[2026-04-29T06:03:41.191+0200] {processor.py:830} INFO - Processing file /Users/pablofrancoherrero/prueba_tecnica/venv/lib/python3.11/site-packages/airflow/example_dags/example_bash_operator.py for tasks to queue
[2026-04-29T06:03:41.191+0200] {logging_mixin.py:188} INFO - [2026-04-29T06:03:41.191+0200] {dagbag.py:540} INFO - Filling up the DagBag from /Users/pablofrancoherrero/prueba_tecnica/venv/lib/python3.11/site-packages/airflow/example_dags/example_bash_operator.py
[2026-04-29T06:03:41.194+0200] {processor.py:840} INFO - DAG(s) 'example_bash_operator' retrieved from /Users/pablofrancoherrero/prueba_tecnica/venv/lib/python3.11/site-packages/airflow/example_dags/example_bash_operator.py
[2026-04-29T06:03:41.221+0200] {logging_mixin.py:188} INFO - [2026-04-29T06:03:41.221+0200] {dag.py:3096} INFO - Sync 1 DAGs
[2026-04-29T06:03:41.226+0200] {logging_mixin.py:188} INFO - [2026-04-29T06:03:41.226+0200] {dag.py:3954} INFO - Setting next_dagrun for example_bash_operator to 2026-04-28 00:00:00+00:00, run_after=2026-04-29 00:00:00+00:00
[2026-04-29T06:03:41.231+0200] {processor.py:183} INFO - Processing /Users/pablofrancoherrero/prueba_tecnica/venv/lib/python3.11/site-packages/airflow/example_dags/example_bash_operator.py took 0.042 seconds
[2026-04-29T06:05:02.541+0200] {processor.py:161} INFO - Started process (PID=76564) to work on /Users/pablofrancoherrero/prueba_tecnica/venv/lib/python3.11/site-packages/airflow/example_dags/example_bash_operator.py
[2026-04-29T06:05:02.542+0200] {processor.py:830} INFO - Processing file /Users/pablofrancoherrero/prueba_tecnica/venv/lib/python3.11/site-packages/airflow/example_dags/example_bash_operator.py for tasks to queue
[2026-04-29T06:05:02.542+0200] {logging_mixin.py:188} INFO - [2026-04-29T06:05:02.542+0200] {dagbag.py:540} INFO - Filling up the DagBag from /Users/pablofrancoherrero/prueba_tecnica/venv/lib/python3.11/site-packages/airflow/example_dags/example_bash_operator.py
[2026-04-29T06:05:02.546+0200] {processor.py:840} INFO - DAG(s) 'example_bash_operator' retrieved from /Users/pablofrancoherrero/prueba_tecnica/venv/lib/python3.11/site-packages/airflow/example_dags/example_bash_operator.py
[2026-04-29T06:05:02.572+0200] {logging_mixin.py:188} INFO - [2026-04-29T06:05:02.572+0200] {dag.py:3096} INFO - Sync 1 DAGs
[2026-04-29T06:05:02.577+0200] {logging_mixin.py:188} INFO - [2026-04-29T06:05:02.577+0200] {dag.py:3954} INFO - Setting next_dagrun for example_bash_operator to 2026-04-28 00:00:00+00:00, run_after=2026-04-29 00:00:00+00:00
[2026-04-29T06:05:02.582+0200] {processor.py:183} INFO - Processing /Users/pablofrancoherrero/prueba_tecnica/venv/lib/python3.11/site-packages/airflow/example_dags/example_bash_operator.py took 0.041 seconds
[2026-04-29T06:06:22.087+0200] {processor.py:161} INFO - Started process (PID=76667) to work on /Users/pablofrancoherrero/prueba_tecnica/venv/lib/python3.11/site-packages/airflow/example_dags/example_bash_operator.py
[2026-04-29T06:06:22.088+0200] {processor.py:830} INFO - Processing file /Users/pablofrancoherrero/prueba_tecnica/venv/lib/python3.11/site-packages/airflow/example_dags/example_bash_operator.py for tasks to queue
[2026-04-29T06:06:22.088+0200] {logging_mixin.py:188} INFO - [2026-04-29T06:06:22.088+0200] {dagbag.py:540} INFO - Filling up the DagBag from /Users/pablofrancoherrero/prueba_tecnica/venv/lib/python3.11/site-packages/airflow/example_dags/example_bash_operator.py
[2026-04-29T06:06:22.092+0200] {processor.py:840} INFO - DAG(s) 'example_bash_operator' retrieved from /Users/pablofrancoherrero/prueba_tecnica/venv/lib/python3.11/site-packages/airflow/example_dags/example_bash_operator.py
[2026-04-29T06:06:22.120+0200] {logging_mixin.py:188} INFO - [2026-04-29T06:06:22.120+0200] {dag.py:3096} INFO - Sync 1 DAGs
[2026-04-29T06:06:22.124+0200] {logging_mixin.py:188} INFO - [2026-04-29T06:06:22.124+0200] {dag.py:3954} INFO - Setting next_dagrun for example_bash_operator to 2026-04-28 00:00:00+00:00, run_after=2026-04-29 00:00:00+00:00
[2026-04-29T06:06:22.129+0200] {processor.py:183} INFO - Processing /Users/pablofrancoherrero/prueba_tecnica/venv/lib/python3.11/site-packages/airflow/example_dags/example_bash_operator.py took 0.043 seconds
[2026-04-29T06:07:42.254+0200] {processor.py:161} INFO - Started process (PID=76752) to work on /Users/pablofrancoherrero/prueba_tecnica/venv/lib/python3.11/site-packages/airflow/example_dags/example_bash_operator.py
[2026-04-29T06:07:42.255+0200] {processor.py:830} INFO - Processing file /Users/pablofrancoherrero/prueba_tecnica/venv/lib/python3.11/site-packages/airflow/example_dags/example_bash_operator.py for tasks to queue
[2026-04-29T06:07:42.255+0200] {logging_mixin.py:188} INFO - [2026-04-29T06:07:42.255+0200] {dagbag.py:540} INFO - Filling up the DagBag from /Users/pablofrancoherrero/prueba_tecnica/venv/lib/python3.11/site-packages/airflow/example_dags/example_bash_operator.py
[2026-04-29T06:07:42.258+0200] {processor.py:840} INFO - DAG(s) 'example_bash_operator' retrieved from /Users/pablofrancoherrero/prueba_tecnica/venv/lib/python3.11/site-packages/airflow/example_dags/example_bash_operator.py
[2026-04-29T06:07:42.285+0200] {logging_mixin.py:188} INFO - [2026-04-29T06:07:42.285+0200] {dag.py:3096} INFO - Sync 1 DAGs
[2026-04-29T06:07:42.289+0200] {logging_mixin.py:188} INFO - [2026-04-29T06:07:42.289+0200] {dag.py:3954} INFO - Setting next_dagrun for example_bash_operator to 2026-04-28 00:00:00+00:00, run_after=2026-04-29 00:00:00+00:00
[2026-04-29T06:07:42.294+0200] {processor.py:183} INFO - Processing /Users/pablofrancoherrero/prueba_tecnica/venv/lib/python3.11/site-packages/airflow/example_dags/example_bash_operator.py took 0.041 seconds
[2026-04-29T06:09:01.103+0200] {processor.py:161} INFO - Started process (PID=76835) to work on /Users/pablofrancoherrero/prueba_tecnica/venv/lib/python3.11/site-packages/airflow/example_dags/example_bash_operator.py
[2026-04-29T06:09:01.104+0200] {processor.py:830} INFO - Processing file /Users/pablofrancoherrero/prueba_tecnica/venv/lib/python3.11/site-packages/airflow/example_dags/example_bash_operator.py for tasks to queue
[2026-04-29T06:09:01.104+0200] {logging_mixin.py:188} INFO - [2026-04-29T06:09:01.104+0200] {dagbag.py:540} INFO - Filling up the DagBag from /Users/pablofrancoherrero/prueba_tecnica/venv/lib/python3.11/site-packages/airflow/example_dags/example_bash_operator.py
[2026-04-29T06:09:01.108+0200] {processor.py:840} INFO - DAG(s) 'example_bash_operator' retrieved from /Users/pablofrancoherrero/prueba_tecnica/venv/lib/python3.11/site-packages/airflow/example_dags/example_bash_operator.py
[2026-04-29T06:09:01.134+0200] {logging_mixin.py:188} INFO - [2026-04-29T06:09:01.134+0200] {dag.py:3096} INFO - Sync 1 DAGs
[2026-04-29T06:09:01.139+0200] {logging_mixin.py:188} INFO - [2026-04-29T06:09:01.138+0200] {dag.py:3954} INFO - Setting next_dagrun for example_bash_operator to 2026-04-28 00:00:00+00:00, run_after=2026-04-29 00:00:00+00:00
[2026-04-29T06:09:01.143+0200] {processor.py:183} INFO - Processing /Users/pablofrancoherrero/prueba_tecnica/venv/lib/python3.11/site-packages/airflow/example_dags/example_bash_operator.py took 0.041 seconds
[2026-04-29T06:10:20.012+0200] {processor.py:161} INFO - Started process (PID=76916) to work on /Users/pablofrancoherrero/prueba_tecnica/venv/lib/python3.11/site-packages/airflow/example_dags/example_bash_operator.py
[2026-04-29T06:10:20.014+0200] {processor.py:830} INFO - Processing file /Users/pablofrancoherrero/prueba_tecnica/venv/lib/python3.11/site-packages/airflow/example_dags/example_bash_operator.py for tasks to queue
[2026-04-29T06:10:20.014+0200] {logging_mixin.py:188} INFO - [2026-04-29T06:10:20.014+0200] {dagbag.py:540} INFO - Filling up the DagBag from /Users/pablofrancoherrero/prueba_tecnica/venv/lib/python3.11/site-packages/airflow/example_dags/example_bash_operator.py
[2026-04-29T06:10:20.017+0200] {processor.py:840} INFO - DAG(s) 'example_bash_operator' retrieved from /Users/pablofrancoherrero/prueba_tecnica/venv/lib/python3.11/site-packages/airflow/example_dags/example_bash_operator.py
[2026-04-29T06:10:20.044+0200] {logging_mixin.py:188} INFO - [2026-04-29T06:10:20.043+0200] {dag.py:3096} INFO - Sync 1 DAGs
[2026-04-29T06:10:20.048+0200] {logging_mixin.py:188} INFO - [2026-04-29T06:10:20.048+0200] {dag.py:3954} INFO - Setting next_dagrun for example_bash_operator to 2026-04-28 00:00:00+00:00, run_after=2026-04-29 00:00:00+00:00
[2026-04-29T06:10:20.053+0200] {processor.py:183} INFO - Processing /Users/pablofrancoherrero/prueba_tecnica/venv/lib/python3.11/site-packages/airflow/example_dags/example_bash_operator.py took 0.041 seconds
[2026-04-29T06:11:40.645+0200] {processor.py:161} INFO - Started process (PID=77007) to work on /Users/pablofrancoherrero/prueba_tecnica/venv/lib/python3.11/site-packages/airflow/example_dags/example_bash_operator.py
[2026-04-29T06:11:40.646+0200] {processor.py:830} INFO - Processing file /Users/pablofrancoherrero/prueba_tecnica/venv/lib/python3.11/site-packages/airflow/example_dags/example_bash_operator.py for tasks to queue
[2026-04-29T06:11:40.646+0200] {logging_mixin.py:188} INFO - [2026-04-29T06:11:40.646+0200] {dagbag.py:540} INFO - Filling up the DagBag from /Users/pablofrancoherrero/prueba_tecnica/venv/lib/python3.11/site-packages/airflow/example_dags/example_bash_operator.py
[2026-04-29T06:11:40.650+0200] {processor.py:840} INFO - DAG(s) 'example_bash_operator' retrieved from /Users/pablofrancoherrero/prueba_tecnica/venv/lib/python3.11/site-packages/airflow/example_dags/example_bash_operator.py
[2026-04-29T06:11:40.677+0200] {logging_mixin.py:188} INFO - [2026-04-29T06:11:40.676+0200] {dag.py:3096} INFO - Sync 1 DAGs
[2026-04-29T06:11:40.681+0200] {logging_mixin.py:188} INFO - [2026-04-29T06:11:40.681+0200] {dag.py:3954} INFO - Setting next_dagrun for example_bash_operator to 2026-04-28 00:00:00+00:00, run_after=2026-04-29 00:00:00+00:00
[2026-04-29T06:11:40.686+0200] {processor.py:183} INFO - Processing /Users/pablofrancoherrero/prueba_tecnica/venv/lib/python3.11/site-packages/airflow/example_dags/example_bash_operator.py took 0.041 seconds
[2026-04-29T06:12:59.333+0200] {processor.py:161} INFO - Started process (PID=77100) to work on /Users/pablofrancoherrero/prueba_tecnica/venv/lib/python3.11/site-packages/airflow/example_dags/example_bash_operator.py
[2026-04-29T06:12:59.334+0200] {processor.py:830} INFO - Processing file /Users/pablofrancoherrero/prueba_tecnica/venv/lib/python3.11/site-packages/airflow/example_dags/example_bash_operator.py for tasks to queue
[2026-04-29T06:12:59.335+0200] {logging_mixin.py:188} INFO - [2026-04-29T06:12:59.335+0200] {dagbag.py:540} INFO - Filling up the DagBag from /Users/pablofrancoherrero/prueba_tecnica/venv/lib/python3.11/site-packages/airflow/example_dags/example_bash_operator.py
[2026-04-29T06:12:59.338+0200] {processor.py:840} INFO - DAG(s) 'example_bash_operator' retrieved from /Users/pablofrancoherrero/prueba_tecnica/venv/lib/python3.11/site-packages/airflow/example_dags/example_bash_operator.py
[2026-04-29T06:12:59.367+0200] {logging_mixin.py:188} INFO - [2026-04-29T06:12:59.367+0200] {dag.py:3096} INFO - Sync 1 DAGs
[2026-04-29T06:12:59.372+0200] {logging_mixin.py:188} INFO - [2026-04-29T06:12:59.372+0200] {dag.py:3954} INFO - Setting next_dagrun for example_bash_operator to 2026-04-28 00:00:00+00:00, run_after=2026-04-29 00:00:00+00:00
[2026-04-29T06:12:59.377+0200] {processor.py:183} INFO - Processing /Users/pablofrancoherrero/prueba_tecnica/venv/lib/python3.11/site-packages/airflow/example_dags/example_bash_operator.py took 0.045 seconds
[2026-04-29T06:14:18.549+0200] {processor.py:161} INFO - Started process (PID=77195) to work on /Users/pablofrancoherrero/prueba_tecnica/venv/lib/python3.11/site-packages/airflow/example_dags/example_bash_operator.py
[2026-04-29T06:14:18.550+0200] {processor.py:830} INFO - Processing file /Users/pablofrancoherrero/prueba_tecnica/venv/lib/python3.11/site-packages/airflow/example_dags/example_bash_operator.py for tasks to queue
[2026-04-29T06:14:18.550+0200] {logging_mixin.py:188} INFO - [2026-04-29T06:14:18.550+0200] {dagbag.py:540} INFO - Filling up the DagBag from /Users/pablofrancoherrero/prueba_tecnica/venv/lib/python3.11/site-packages/airflow/example_dags/example_bash_operator.py
[2026-04-29T06:14:18.554+0200] {processor.py:840} INFO - DAG(s) 'example_bash_operator' retrieved from /Users/pablofrancoherrero/prueba_tecnica/venv/lib/python3.11/site-packages/airflow/example_dags/example_bash_operator.py
[2026-04-29T06:14:18.581+0200] {logging_mixin.py:188} INFO - [2026-04-29T06:14:18.581+0200] {dag.py:3096} INFO - Sync 1 DAGs
[2026-04-29T06:14:18.586+0200] {logging_mixin.py:188} INFO - [2026-04-29T06:14:18.586+0200] {dag.py:3954} INFO - Setting next_dagrun for example_bash_operator to 2026-04-28 00:00:00+00:00, run_after=2026-04-29 00:00:00+00:00
[2026-04-29T06:14:18.591+0200] {processor.py:183} INFO - Processing /Users/pablofrancoherrero/prueba_tecnica/venv/lib/python3.11/site-packages/airflow/example_dags/example_bash_operator.py took 0.043 seconds
[2026-04-29T06:15:39.963+0200] {processor.py:161} INFO - Started process (PID=77295) to work on /Users/pablofrancoherrero/prueba_tecnica/venv/lib/python3.11/site-packages/airflow/example_dags/example_bash_operator.py
[2026-04-29T06:15:39.964+0200] {processor.py:830} INFO - Processing file /Users/pablofrancoherrero/prueba_tecnica/venv/lib/python3.11/site-packages/airflow/example_dags/example_bash_operator.py for tasks to queue
[2026-04-29T06:15:39.965+0200] {logging_mixin.py:188} INFO - [2026-04-29T06:15:39.964+0200] {dagbag.py:540} INFO - Filling up the DagBag from /Users/pablofrancoherrero/prueba_tecnica/venv/lib/python3.11/site-packages/airflow/example_dags/example_bash_operator.py
[2026-04-29T06:15:39.968+0200] {processor.py:840} INFO - DAG(s) 'example_bash_operator' retrieved from /Users/pablofrancoherrero/prueba_tecnica/venv/lib/python3.11/site-packages/airflow/example_dags/example_bash_operator.py
[2026-04-29T06:15:39.996+0200] {logging_mixin.py:188} INFO - [2026-04-29T06:15:39.995+0200] {dag.py:3096} INFO - Sync 1 DAGs
[2026-04-29T06:15:40.000+0200] {logging_mixin.py:188} INFO - [2026-04-29T06:15:40.000+0200] {dag.py:3954} INFO - Setting next_dagrun for example_bash_operator to 2026-04-28 00:00:00+00:00, run_after=2026-04-29 00:00:00+00:00
[2026-04-29T06:15:40.005+0200] {processor.py:183} INFO - Processing /Users/pablofrancoherrero/prueba_tecnica/venv/lib/python3.11/site-packages/airflow/example_dags/example_bash_operator.py took 0.043 seconds
[2026-04-29T06:17:00.937+0200] {processor.py:161} INFO - Started process (PID=77398) to work on /Users/pablofrancoherrero/prueba_tecnica/venv/lib/python3.11/site-packages/airflow/example_dags/example_bash_operator.py
[2026-04-29T06:17:00.938+0200] {processor.py:830} INFO - Processing file /Users/pablofrancoherrero/prueba_tecnica/venv/lib/python3.11/site-packages/airflow/example_dags/example_bash_operator.py for tasks to queue
[2026-04-29T06:17:00.939+0200] {logging_mixin.py:188} INFO - [2026-04-29T06:17:00.938+0200] {dagbag.py:540} INFO - Filling up the DagBag from /Users/pablofrancoherrero/prueba_tecnica/venv/lib/python3.11/site-packages/airflow/example_dags/example_bash_operator.py
[2026-04-29T06:17:00.942+0200] {processor.py:840} INFO - DAG(s) 'example_bash_operator' retrieved from /Users/pablofrancoherrero/prueba_tecnica/venv/lib/python3.11/site-packages/airflow/example_dags/example_bash_operator.py
[2026-04-29T06:17:00.969+0200] {logging_mixin.py:188} INFO - [2026-04-29T06:17:00.969+0200] {dag.py:3096} INFO - Sync 1 DAGs
[2026-04-29T06:17:00.973+0200] {logging_mixin.py:188} INFO - [2026-04-29T06:17:00.973+0200] {dag.py:3954} INFO - Setting next_dagrun for example_bash_operator to 2026-04-28 00:00:00+00:00, run_after=2026-04-29 00:00:00+00:00
[2026-04-29T06:17:00.978+0200] {processor.py:183} INFO - Processing /Users/pablofrancoherrero/prueba_tecnica/venv/lib/python3.11/site-packages/airflow/example_dags/example_bash_operator.py took 0.042 seconds
[2026-04-29T06:18:20.800+0200] {processor.py:161} INFO - Started process (PID=77516) to work on /Users/pablofrancoherrero/prueba_tecnica/venv/lib/python3.11/site-packages/airflow/example_dags/example_bash_operator.py
[2026-04-29T06:18:20.801+0200] {processor.py:830} INFO - Processing file /Users/pablofrancoherrero/prueba_tecnica/venv/lib/python3.11/site-packages/airflow/example_dags/example_bash_operator.py for tasks to queue
[2026-04-29T06:18:20.801+0200] {logging_mixin.py:188} INFO - [2026-04-29T06:18:20.801+0200] {dagbag.py:540} INFO - Filling up the DagBag from /Users/pablofrancoherrero/prueba_tecnica/venv/lib/python3.11/site-packages/airflow/example_dags/example_bash_operator.py
[2026-04-29T06:18:20.805+0200] {processor.py:840} INFO - DAG(s) 'example_bash_operator' retrieved from /Users/pablofrancoherrero/prueba_tecnica/venv/lib/python3.11/site-packages/airflow/example_dags/example_bash_operator.py
[2026-04-29T06:18:20.833+0200] {logging_mixin.py:188} INFO - [2026-04-29T06:18:20.833+0200] {dag.py:3096} INFO - Sync 1 DAGs
[2026-04-29T06:18:20.837+0200] {logging_mixin.py:188} INFO - [2026-04-29T06:18:20.837+0200] {dag.py:3954} INFO - Setting next_dagrun for example_bash_operator to 2026-04-28 00:00:00+00:00, run_after=2026-04-29 00:00:00+00:00
[2026-04-29T06:18:20.842+0200] {processor.py:183} INFO - Processing /Users/pablofrancoherrero/prueba_tecnica/venv/lib/python3.11/site-packages/airflow/example_dags/example_bash_operator.py took 0.043 seconds
[2026-04-29T06:19:38.181+0200] {processor.py:161} INFO - Started process (PID=77604) to work on /Users/pablofrancoherrero/prueba_tecnica/venv/lib/python3.11/site-packages/airflow/example_dags/example_bash_operator.py
[2026-04-29T06:19:38.182+0200] {processor.py:830} INFO - Processing file /Users/pablofrancoherrero/prueba_tecnica/venv/lib/python3.11/site-packages/airflow/example_dags/example_bash_operator.py for tasks to queue
[2026-04-29T06:19:38.182+0200] {logging_mixin.py:188} INFO - [2026-04-29T06:19:38.182+0200] {dagbag.py:540} INFO - Filling up the DagBag from /Users/pablofrancoherrero/prueba_tecnica/venv/lib/python3.11/site-packages/airflow/example_dags/example_bash_operator.py
[2026-04-29T06:19:38.185+0200] {processor.py:840} INFO - DAG(s) 'example_bash_operator' retrieved from /Users/pablofrancoherrero/prueba_tecnica/venv/lib/python3.11/site-packages/airflow/example_dags/example_bash_operator.py
[2026-04-29T06:19:38.212+0200] {logging_mixin.py:188} INFO - [2026-04-29T06:19:38.212+0200] {dag.py:3096} INFO - Sync 1 DAGs
[2026-04-29T06:19:38.216+0200] {logging_mixin.py:188} INFO - [2026-04-29T06:19:38.216+0200] {dag.py:3954} INFO - Setting next_dagrun for example_bash_operator to 2026-04-28 00:00:00+00:00, run_after=2026-04-29 00:00:00+00:00
[2026-04-29T06:19:38.221+0200] {processor.py:183} INFO - Processing /Users/pablofrancoherrero/prueba_tecnica/venv/lib/python3.11/site-packages/airflow/example_dags/example_bash_operator.py took 0.041 seconds
[2026-04-29T06:20:58.411+0200] {processor.py:161} INFO - Started process (PID=77694) to work on /Users/pablofrancoherrero/prueba_tecnica/venv/lib/python3.11/site-packages/airflow/example_dags/example_bash_operator.py
[2026-04-29T06:20:58.412+0200] {processor.py:830} INFO - Processing file /Users/pablofrancoherrero/prueba_tecnica/venv/lib/python3.11/site-packages/airflow/example_dags/example_bash_operator.py for tasks to queue
[2026-04-29T06:20:58.412+0200] {logging_mixin.py:188} INFO - [2026-04-29T06:20:58.412+0200] {dagbag.py:540} INFO - Filling up the DagBag from /Users/pablofrancoherrero/prueba_tecnica/venv/lib/python3.11/site-packages/airflow/example_dags/example_bash_operator.py
[2026-04-29T06:20:58.415+0200] {processor.py:840} INFO - DAG(s) 'example_bash_operator' retrieved from /Users/pablofrancoherrero/prueba_tecnica/venv/lib/python3.11/site-packages/airflow/example_dags/example_bash_operator.py
[2026-04-29T06:20:58.442+0200] {logging_mixin.py:188} INFO - [2026-04-29T06:20:58.442+0200] {dag.py:3096} INFO - Sync 1 DAGs
[2026-04-29T06:20:58.447+0200] {logging_mixin.py:188} INFO - [2026-04-29T06:20:58.447+0200] {dag.py:3954} INFO - Setting next_dagrun for example_bash_operator to 2026-04-28 00:00:00+00:00, run_after=2026-04-29 00:00:00+00:00
[2026-04-29T06:20:58.452+0200] {processor.py:183} INFO - Processing /Users/pablofrancoherrero/prueba_tecnica/venv/lib/python3.11/site-packages/airflow/example_dags/example_bash_operator.py took 0.042 seconds
[2026-04-29T06:22:17.776+0200] {processor.py:161} INFO - Started process (PID=77829) to work on /Users/pablofrancoherrero/prueba_tecnica/venv/lib/python3.11/site-packages/airflow/example_dags/example_bash_operator.py
[2026-04-29T06:22:17.777+0200] {processor.py:830} INFO - Processing file /Users/pablofrancoherrero/prueba_tecnica/venv/lib/python3.11/site-packages/airflow/example_dags/example_bash_operator.py for tasks to queue
[2026-04-29T06:22:17.777+0200] {logging_mixin.py:188} INFO - [2026-04-29T06:22:17.777+0200] {dagbag.py:540} INFO - Filling up the DagBag from /Users/pablofrancoherrero/prueba_tecnica/venv/lib/python3.11/site-packages/airflow/example_dags/example_bash_operator.py
[2026-04-29T06:22:17.780+0200] {processor.py:840} INFO - DAG(s) 'example_bash_operator' retrieved from /Users/pablofrancoherrero/prueba_tecnica/venv/lib/python3.11/site-packages/airflow/example_dags/example_bash_operator.py
[2026-04-29T06:22:17.807+0200] {logging_mixin.py:188} INFO - [2026-04-29T06:22:17.807+0200] {dag.py:3096} INFO - Sync 1 DAGs
[2026-04-29T06:22:17.812+0200] {logging_mixin.py:188} INFO - [2026-04-29T06:22:17.812+0200] {dag.py:3954} INFO - Setting next_dagrun for example_bash_operator to 2026-04-28 00:00:00+00:00, run_after=2026-04-29 00:00:00+00:00
[2026-04-29T06:22:17.816+0200] {processor.py:183} INFO - Processing /Users/pablofrancoherrero/prueba_tecnica/venv/lib/python3.11/site-packages/airflow/example_dags/example_bash_operator.py took 0.041 seconds
[2026-04-29T06:23:36.591+0200] {processor.py:161} INFO - Started process (PID=77926) to work on /Users/pablofrancoherrero/prueba_tecnica/venv/lib/python3.11/site-packages/airflow/example_dags/example_bash_operator.py
[2026-04-29T06:23:36.592+0200] {processor.py:830} INFO - Processing file /Users/pablofrancoherrero/prueba_tecnica/venv/lib/python3.11/site-packages/airflow/example_dags/example_bash_operator.py for tasks to queue
[2026-04-29T06:23:36.592+0200] {logging_mixin.py:188} INFO - [2026-04-29T06:23:36.592+0200] {dagbag.py:540} INFO - Filling up the DagBag from /Users/pablofrancoherrero/prueba_tecnica/venv/lib/python3.11/site-packages/airflow/example_dags/example_bash_operator.py
[2026-04-29T06:23:36.596+0200] {processor.py:840} INFO - DAG(s) 'example_bash_operator' retrieved from /Users/pablofrancoherrero/prueba_tecnica/venv/lib/python3.11/site-packages/airflow/example_dags/example_bash_operator.py
[2026-04-29T06:23:36.623+0200] {logging_mixin.py:188} INFO - [2026-04-29T06:23:36.623+0200] {dag.py:3096} INFO - Sync 1 DAGs
[2026-04-29T06:23:36.628+0200] {logging_mixin.py:188} INFO - [2026-04-29T06:23:36.628+0200] {dag.py:3954} INFO - Setting next_dagrun for example_bash_operator to 2026-04-28 00:00:00+00:00, run_after=2026-04-29 00:00:00+00:00
[2026-04-29T06:23:36.633+0200] {processor.py:183} INFO - Processing /Users/pablofrancoherrero/prueba_tecnica/venv/lib/python3.11/site-packages/airflow/example_dags/example_bash_operator.py took 0.043 seconds
[2026-04-29T06:24:57.778+0200] {processor.py:161} INFO - Started process (PID=78025) to work on /Users/pablofrancoherrero/prueba_tecnica/venv/lib/python3.11/site-packages/airflow/example_dags/example_bash_operator.py
[2026-04-29T06:24:57.779+0200] {processor.py:830} INFO - Processing file /Users/pablofrancoherrero/prueba_tecnica/venv/lib/python3.11/site-packages/airflow/example_dags/example_bash_operator.py for tasks to queue
[2026-04-29T06:24:57.779+0200] {logging_mixin.py:188} INFO - [2026-04-29T06:24:57.779+0200] {dagbag.py:540} INFO - Filling up the DagBag from /Users/pablofrancoherrero/prueba_tecnica/venv/lib/python3.11/site-packages/airflow/example_dags/example_bash_operator.py
[2026-04-29T06:24:57.783+0200] {processor.py:840} INFO - DAG(s) 'example_bash_operator' retrieved from /Users/pablofrancoherrero/prueba_tecnica/venv/lib/python3.11/site-packages/airflow/example_dags/example_bash_operator.py
[2026-04-29T06:24:57.809+0200] {logging_mixin.py:188} INFO - [2026-04-29T06:24:57.809+0200] {dag.py:3096} INFO - Sync 1 DAGs
[2026-04-29T06:24:57.814+0200] {logging_mixin.py:188} INFO - [2026-04-29T06:24:57.813+0200] {dag.py:3954} INFO - Setting next_dagrun for example_bash_operator to 2026-04-28 00:00:00+00:00, run_after=2026-04-29 00:00:00+00:00
[2026-04-29T06:24:57.818+0200] {processor.py:183} INFO - Processing /Users/pablofrancoherrero/prueba_tecnica/venv/lib/python3.11/site-packages/airflow/example_dags/example_bash_operator.py took 0.041 seconds
[2026-04-29T06:26:15.520+0200] {processor.py:161} INFO - Started process (PID=78105) to work on /Users/pablofrancoherrero/prueba_tecnica/venv/lib/python3.11/site-packages/airflow/example_dags/example_bash_operator.py
[2026-04-29T06:26:15.521+0200] {processor.py:830} INFO - Processing file /Users/pablofrancoherrero/prueba_tecnica/venv/lib/python3.11/site-packages/airflow/example_dags/example_bash_operator.py for tasks to queue
[2026-04-29T06:26:15.521+0200] {logging_mixin.py:188} INFO - [2026-04-29T06:26:15.521+0200] {dagbag.py:540} INFO - Filling up the DagBag from /Users/pablofrancoherrero/prueba_tecnica/venv/lib/python3.11/site-packages/airflow/example_dags/example_bash_operator.py
[2026-04-29T06:26:15.524+0200] {processor.py:840} INFO - DAG(s) 'example_bash_operator' retrieved from /Users/pablofrancoherrero/prueba_tecnica/venv/lib/python3.11/site-packages/airflow/example_dags/example_bash_operator.py
[2026-04-29T06:26:15.552+0200] {logging_mixin.py:188} INFO - [2026-04-29T06:26:15.552+0200] {dag.py:3096} INFO - Sync 1 DAGs
[2026-04-29T06:26:15.557+0200] {logging_mixin.py:188} INFO - [2026-04-29T06:26:15.557+0200] {dag.py:3954} INFO - Setting next_dagrun for example_bash_operator to 2026-04-28 00:00:00+00:00, run_after=2026-04-29 00:00:00+00:00
[2026-04-29T06:26:15.562+0200] {processor.py:183} INFO - Processing /Users/pablofrancoherrero/prueba_tecnica/venv/lib/python3.11/site-packages/airflow/example_dags/example_bash_operator.py took 0.043 seconds
[2026-04-29T07:00:04.506+0200] {processor.py:161} INFO - Started process (PID=78257) to work on /Users/pablofrancoherrero/prueba_tecnica/venv/lib/python3.11/site-packages/airflow/example_dags/example_bash_operator.py
[2026-04-29T07:00:04.507+0200] {processor.py:830} INFO - Processing file /Users/pablofrancoherrero/prueba_tecnica/venv/lib/python3.11/site-packages/airflow/example_dags/example_bash_operator.py for tasks to queue
[2026-04-29T07:00:04.507+0200] {logging_mixin.py:188} INFO - [2026-04-29T07:00:04.507+0200] {dagbag.py:540} INFO - Filling up the DagBag from /Users/pablofrancoherrero/prueba_tecnica/venv/lib/python3.11/site-packages/airflow/example_dags/example_bash_operator.py
[2026-04-29T07:00:04.510+0200] {processor.py:840} INFO - DAG(s) 'example_bash_operator' retrieved from /Users/pablofrancoherrero/prueba_tecnica/venv/lib/python3.11/site-packages/airflow/example_dags/example_bash_operator.py
[2026-04-29T07:00:04.537+0200] {logging_mixin.py:188} INFO - [2026-04-29T07:00:04.537+0200] {dag.py:3096} INFO - Sync 1 DAGs
[2026-04-29T07:00:04.542+0200] {logging_mixin.py:188} INFO - [2026-04-29T07:00:04.542+0200] {dag.py:3954} INFO - Setting next_dagrun for example_bash_operator to 2026-04-28 00:00:00+00:00, run_after=2026-04-29 00:00:00+00:00
[2026-04-29T07:00:04.547+0200] {processor.py:183} INFO - Processing /Users/pablofrancoherrero/prueba_tecnica/venv/lib/python3.11/site-packages/airflow/example_dags/example_bash_operator.py took 0.042 seconds
[2026-04-29T07:18:48.632+0200] {processor.py:161} INFO - Started process (PID=78477) to work on /Users/pablofrancoherrero/prueba_tecnica/venv/lib/python3.11/site-packages/airflow/example_dags/example_bash_operator.py
[2026-04-29T07:18:48.633+0200] {processor.py:830} INFO - Processing file /Users/pablofrancoherrero/prueba_tecnica/venv/lib/python3.11/site-packages/airflow/example_dags/example_bash_operator.py for tasks to queue
[2026-04-29T07:18:48.633+0200] {logging_mixin.py:188} INFO - [2026-04-29T07:18:48.633+0200] {dagbag.py:540} INFO - Filling up the DagBag from /Users/pablofrancoherrero/prueba_tecnica/venv/lib/python3.11/site-packages/airflow/example_dags/example_bash_operator.py
[2026-04-29T07:18:48.637+0200] {processor.py:840} INFO - DAG(s) 'example_bash_operator' retrieved from /Users/pablofrancoherrero/prueba_tecnica/venv/lib/python3.11/site-packages/airflow/example_dags/example_bash_operator.py
[2026-04-29T07:18:48.664+0200] {logging_mixin.py:188} INFO - [2026-04-29T07:18:48.664+0200] {dag.py:3096} INFO - Sync 1 DAGs
[2026-04-29T07:18:48.668+0200] {logging_mixin.py:188} INFO - [2026-04-29T07:18:48.668+0200] {dag.py:3954} INFO - Setting next_dagrun for example_bash_operator to 2026-04-28 00:00:00+00:00, run_after=2026-04-29 00:00:00+00:00
[2026-04-29T07:18:48.673+0200] {processor.py:183} INFO - Processing /Users/pablofrancoherrero/prueba_tecnica/venv/lib/python3.11/site-packages/airflow/example_dags/example_bash_operator.py took 0.042 seconds
[2026-04-29T07:53:10.060+0200] {processor.py:161} INFO - Started process (PID=78707) to work on /Users/pablofrancoherrero/prueba_tecnica/venv/lib/python3.11/site-packages/airflow/example_dags/example_bash_operator.py
[2026-04-29T07:53:10.061+0200] {processor.py:830} INFO - Processing file /Users/pablofrancoherrero/prueba_tecnica/venv/lib/python3.11/site-packages/airflow/example_dags/example_bash_operator.py for tasks to queue
[2026-04-29T07:53:10.061+0200] {logging_mixin.py:188} INFO - [2026-04-29T07:53:10.061+0200] {dagbag.py:540} INFO - Filling up the DagBag from /Users/pablofrancoherrero/prueba_tecnica/venv/lib/python3.11/site-packages/airflow/example_dags/example_bash_operator.py
[2026-04-29T07:53:10.065+0200] {processor.py:840} INFO - DAG(s) 'example_bash_operator' retrieved from /Users/pablofrancoherrero/prueba_tecnica/venv/lib/python3.11/site-packages/airflow/example_dags/example_bash_operator.py
[2026-04-29T07:53:10.098+0200] {logging_mixin.py:188} INFO - [2026-04-29T07:53:10.098+0200] {dag.py:3096} INFO - Sync 1 DAGs
[2026-04-29T07:53:10.104+0200] {logging_mixin.py:188} INFO - [2026-04-29T07:53:10.104+0200] {dag.py:3954} INFO - Setting next_dagrun for example_bash_operator to 2026-04-28 00:00:00+00:00, run_after=2026-04-29 00:00:00+00:00
[2026-04-29T07:53:10.110+0200] {processor.py:183} INFO - Processing /Users/pablofrancoherrero/prueba_tecnica/venv/lib/python3.11/site-packages/airflow/example_dags/example_bash_operator.py took 0.051 seconds
[2026-04-29T08:01:12.109+0200] {processor.py:161} INFO - Started process (PID=78896) to work on /Users/pablofrancoherrero/prueba_tecnica/venv/lib/python3.11/site-packages/airflow/example_dags/example_bash_operator.py
[2026-04-29T08:01:12.110+0200] {processor.py:830} INFO - Processing file /Users/pablofrancoherrero/prueba_tecnica/venv/lib/python3.11/site-packages/airflow/example_dags/example_bash_operator.py for tasks to queue
[2026-04-29T08:01:12.110+0200] {logging_mixin.py:188} INFO - [2026-04-29T08:01:12.110+0200] {dagbag.py:540} INFO - Filling up the DagBag from /Users/pablofrancoherrero/prueba_tecnica/venv/lib/python3.11/site-packages/airflow/example_dags/example_bash_operator.py
[2026-04-29T08:01:12.114+0200] {processor.py:840} INFO - DAG(s) 'example_bash_operator' retrieved from /Users/pablofrancoherrero/prueba_tecnica/venv/lib/python3.11/site-packages/airflow/example_dags/example_bash_operator.py
[2026-04-29T08:01:12.140+0200] {logging_mixin.py:188} INFO - [2026-04-29T08:01:12.140+0200] {dag.py:3096} INFO - Sync 1 DAGs
[2026-04-29T08:01:12.145+0200] {logging_mixin.py:188} INFO - [2026-04-29T08:01:12.145+0200] {dag.py:3954} INFO - Setting next_dagrun for example_bash_operator to 2026-04-28 00:00:00+00:00, run_after=2026-04-29 00:00:00+00:00
[2026-04-29T08:01:12.150+0200] {processor.py:183} INFO - Processing /Users/pablofrancoherrero/prueba_tecnica/venv/lib/python3.11/site-packages/airflow/example_dags/example_bash_operator.py took 0.041 seconds
[2026-04-29T08:02:32.140+0200] {processor.py:161} INFO - Started process (PID=78996) to work on /Users/pablofrancoherrero/prueba_tecnica/venv/lib/python3.11/site-packages/airflow/example_dags/example_bash_operator.py
[2026-04-29T08:02:32.141+0200] {processor.py:830} INFO - Processing file /Users/pablofrancoherrero/prueba_tecnica/venv/lib/python3.11/site-packages/airflow/example_dags/example_bash_operator.py for tasks to queue
[2026-04-29T08:02:32.141+0200] {logging_mixin.py:188} INFO - [2026-04-29T08:02:32.141+0200] {dagbag.py:540} INFO - Filling up the DagBag from /Users/pablofrancoherrero/prueba_tecnica/venv/lib/python3.11/site-packages/airflow/example_dags/example_bash_operator.py
[2026-04-29T08:02:32.145+0200] {processor.py:840} INFO - DAG(s) 'example_bash_operator' retrieved from /Users/pablofrancoherrero/prueba_tecnica/venv/lib/python3.11/site-packages/airflow/example_dags/example_bash_operator.py
[2026-04-29T08:02:32.172+0200] {logging_mixin.py:188} INFO - [2026-04-29T08:02:32.172+0200] {dag.py:3096} INFO - Sync 1 DAGs
[2026-04-29T08:02:32.176+0200] {logging_mixin.py:188} INFO - [2026-04-29T08:02:32.176+0200] {dag.py:3954} INFO - Setting next_dagrun for example_bash_operator to 2026-04-28 00:00:00+00:00, run_after=2026-04-29 00:00:00+00:00
[2026-04-29T08:02:32.181+0200] {processor.py:183} INFO - Processing /Users/pablofrancoherrero/prueba_tecnica/venv/lib/python3.11/site-packages/airflow/example_dags/example_bash_operator.py took 0.042 seconds
[2026-04-29T08:03:52.003+0200] {processor.py:161} INFO - Started process (PID=79098) to work on /Users/pablofrancoherrero/prueba_tecnica/venv/lib/python3.11/site-packages/airflow/example_dags/example_bash_operator.py
[2026-04-29T08:03:52.008+0200] {processor.py:830} INFO - Processing file /Users/pablofrancoherrero/prueba_tecnica/venv/lib/python3.11/site-packages/airflow/example_dags/example_bash_operator.py for tasks to queue
[2026-04-29T08:03:52.008+0200] {logging_mixin.py:188} INFO - [2026-04-29T08:03:52.008+0200] {dagbag.py:540} INFO - Filling up the DagBag from /Users/pablofrancoherrero/prueba_tecnica/venv/lib/python3.11/site-packages/airflow/example_dags/example_bash_operator.py
[2026-04-29T08:03:52.012+0200] {processor.py:840} INFO - DAG(s) 'example_bash_operator' retrieved from /Users/pablofrancoherrero/prueba_tecnica/venv/lib/python3.11/site-packages/airflow/example_dags/example_bash_operator.py
[2026-04-29T08:03:52.038+0200] {logging_mixin.py:188} INFO - [2026-04-29T08:03:52.038+0200] {dag.py:3096} INFO - Sync 1 DAGs
[2026-04-29T08:03:52.043+0200] {logging_mixin.py:188} INFO - [2026-04-29T08:03:52.043+0200] {dag.py:3954} INFO - Setting next_dagrun for example_bash_operator to 2026-04-28 00:00:00+00:00, run_after=2026-04-29 00:00:00+00:00
[2026-04-29T08:03:52.048+0200] {processor.py:183} INFO - Processing /Users/pablofrancoherrero/prueba_tecnica/venv/lib/python3.11/site-packages/airflow/example_dags/example_bash_operator.py took 0.045 seconds
[2026-04-29T08:05:09.874+0200] {processor.py:161} INFO - Started process (PID=79186) to work on /Users/pablofrancoherrero/prueba_tecnica/venv/lib/python3.11/site-packages/airflow/example_dags/example_bash_operator.py
[2026-04-29T08:05:09.874+0200] {processor.py:830} INFO - Processing file /Users/pablofrancoherrero/prueba_tecnica/venv/lib/python3.11/site-packages/airflow/example_dags/example_bash_operator.py for tasks to queue
[2026-04-29T08:05:09.874+0200] {logging_mixin.py:188} INFO - [2026-04-29T08:05:09.874+0200] {dagbag.py:540} INFO - Filling up the DagBag from /Users/pablofrancoherrero/prueba_tecnica/venv/lib/python3.11/site-packages/airflow/example_dags/example_bash_operator.py
[2026-04-29T08:05:09.878+0200] {processor.py:840} INFO - DAG(s) 'example_bash_operator' retrieved from /Users/pablofrancoherrero/prueba_tecnica/venv/lib/python3.11/site-packages/airflow/example_dags/example_bash_operator.py
[2026-04-29T08:05:09.904+0200] {logging_mixin.py:188} INFO - [2026-04-29T08:05:09.904+0200] {dag.py:3096} INFO - Sync 1 DAGs
[2026-04-29T08:05:09.908+0200] {logging_mixin.py:188} INFO - [2026-04-29T08:05:09.908+0200] {dag.py:3954} INFO - Setting next_dagrun for example_bash_operator to 2026-04-28 00:00:00+00:00, run_after=2026-04-29 00:00:00+00:00
[2026-04-29T08:05:09.913+0200] {processor.py:183} INFO - Processing /Users/pablofrancoherrero/prueba_tecnica/venv/lib/python3.11/site-packages/airflow/example_dags/example_bash_operator.py took 0.040 seconds
[2026-04-29T08:06:31.470+0200] {processor.py:161} INFO - Started process (PID=79300) to work on /Users/pablofrancoherrero/prueba_tecnica/venv/lib/python3.11/site-packages/airflow/example_dags/example_bash_operator.py
[2026-04-29T08:06:31.474+0200] {processor.py:830} INFO - Processing file /Users/pablofrancoherrero/prueba_tecnica/venv/lib/python3.11/site-packages/airflow/example_dags/example_bash_operator.py for tasks to queue
[2026-04-29T08:06:31.474+0200] {logging_mixin.py:188} INFO - [2026-04-29T08:06:31.474+0200] {dagbag.py:540} INFO - Filling up the DagBag from /Users/pablofrancoherrero/prueba_tecnica/venv/lib/python3.11/site-packages/airflow/example_dags/example_bash_operator.py
[2026-04-29T08:06:31.478+0200] {processor.py:840} INFO - DAG(s) 'example_bash_operator' retrieved from /Users/pablofrancoherrero/prueba_tecnica/venv/lib/python3.11/site-packages/airflow/example_dags/example_bash_operator.py
[2026-04-29T08:06:31.505+0200] {logging_mixin.py:188} INFO - [2026-04-29T08:06:31.505+0200] {dag.py:3096} INFO - Sync 1 DAGs
[2026-04-29T08:06:31.510+0200] {logging_mixin.py:188} INFO - [2026-04-29T08:06:31.510+0200] {dag.py:3954} INFO - Setting next_dagrun for example_bash_operator to 2026-04-28 00:00:00+00:00, run_after=2026-04-29 00:00:00+00:00
[2026-04-29T08:06:31.515+0200] {processor.py:183} INFO - Processing /Users/pablofrancoherrero/prueba_tecnica/venv/lib/python3.11/site-packages/airflow/example_dags/example_bash_operator.py took 0.046 seconds
[2026-04-29T08:07:52.321+0200] {processor.py:161} INFO - Started process (PID=79390) to work on /Users/pablofrancoherrero/prueba_tecnica/venv/lib/python3.11/site-packages/airflow/example_dags/example_bash_operator.py
[2026-04-29T08:07:52.322+0200] {processor.py:830} INFO - Processing file /Users/pablofrancoherrero/prueba_tecnica/venv/lib/python3.11/site-packages/airflow/example_dags/example_bash_operator.py for tasks to queue
[2026-04-29T08:07:52.323+0200] {logging_mixin.py:188} INFO - [2026-04-29T08:07:52.322+0200] {dagbag.py:540} INFO - Filling up the DagBag from /Users/pablofrancoherrero/prueba_tecnica/venv/lib/python3.11/site-packages/airflow/example_dags/example_bash_operator.py
[2026-04-29T08:07:52.326+0200] {processor.py:840} INFO - DAG(s) 'example_bash_operator' retrieved from /Users/pablofrancoherrero/prueba_tecnica/venv/lib/python3.11/site-packages/airflow/example_dags/example_bash_operator.py
[2026-04-29T08:07:52.353+0200] {logging_mixin.py:188} INFO - [2026-04-29T08:07:52.353+0200] {dag.py:3096} INFO - Sync 1 DAGs
[2026-04-29T08:07:52.357+0200] {logging_mixin.py:188} INFO - [2026-04-29T08:07:52.357+0200] {dag.py:3954} INFO - Setting next_dagrun for example_bash_operator to 2026-04-28 00:00:00+00:00, run_after=2026-04-29 00:00:00+00:00
[2026-04-29T08:07:52.362+0200] {processor.py:183} INFO - Processing /Users/pablofrancoherrero/prueba_tecnica/venv/lib/python3.11/site-packages/airflow/example_dags/example_bash_operator.py took 0.042 seconds
[2026-04-29T08:09:09.925+0200] {processor.py:161} INFO - Started process (PID=79484) to work on /Users/pablofrancoherrero/prueba_tecnica/venv/lib/python3.11/site-packages/airflow/example_dags/example_bash_operator.py
[2026-04-29T08:09:09.926+0200] {processor.py:830} INFO - Processing file /Users/pablofrancoherrero/prueba_tecnica/venv/lib/python3.11/site-packages/airflow/example_dags/example_bash_operator.py for tasks to queue
[2026-04-29T08:09:09.926+0200] {logging_mixin.py:188} INFO - [2026-04-29T08:09:09.926+0200] {dagbag.py:540} INFO - Filling up the DagBag from /Users/pablofrancoherrero/prueba_tecnica/venv/lib/python3.11/site-packages/airflow/example_dags/example_bash_operator.py
[2026-04-29T08:09:09.929+0200] {processor.py:840} INFO - DAG(s) 'example_bash_operator' retrieved from /Users/pablofrancoherrero/prueba_tecnica/venv/lib/python3.11/site-packages/airflow/example_dags/example_bash_operator.py
[2026-04-29T08:09:09.957+0200] {logging_mixin.py:188} INFO - [2026-04-29T08:09:09.957+0200] {dag.py:3096} INFO - Sync 1 DAGs
[2026-04-29T08:09:09.961+0200] {logging_mixin.py:188} INFO - [2026-04-29T08:09:09.961+0200] {dag.py:3954} INFO - Setting next_dagrun for example_bash_operator to 2026-04-28 00:00:00+00:00, run_after=2026-04-29 00:00:00+00:00
[2026-04-29T08:09:09.966+0200] {processor.py:183} INFO - Processing /Users/pablofrancoherrero/prueba_tecnica/venv/lib/python3.11/site-packages/airflow/example_dags/example_bash_operator.py took 0.042 seconds
[2026-04-29T08:27:13.084+0200] {processor.py:161} INFO - Started process (PID=79652) to work on /Users/pablofrancoherrero/prueba_tecnica/venv/lib/python3.11/site-packages/airflow/example_dags/example_bash_operator.py
[2026-04-29T08:27:13.084+0200] {processor.py:830} INFO - Processing file /Users/pablofrancoherrero/prueba_tecnica/venv/lib/python3.11/site-packages/airflow/example_dags/example_bash_operator.py for tasks to queue
[2026-04-29T08:27:13.085+0200] {logging_mixin.py:188} INFO - [2026-04-29T08:27:13.085+0200] {dagbag.py:540} INFO - Filling up the DagBag from /Users/pablofrancoherrero/prueba_tecnica/venv/lib/python3.11/site-packages/airflow/example_dags/example_bash_operator.py
[2026-04-29T08:27:13.088+0200] {processor.py:840} INFO - DAG(s) 'example_bash_operator' retrieved from /Users/pablofrancoherrero/prueba_tecnica/venv/lib/python3.11/site-packages/airflow/example_dags/example_bash_operator.py
[2026-04-29T08:27:13.115+0200] {logging_mixin.py:188} INFO - [2026-04-29T08:27:13.115+0200] {dag.py:3096} INFO - Sync 1 DAGs
[2026-04-29T08:27:13.119+0200] {logging_mixin.py:188} INFO - [2026-04-29T08:27:13.119+0200] {dag.py:3954} INFO - Setting next_dagrun for example_bash_operator to 2026-04-28 00:00:00+00:00, run_after=2026-04-29 00:00:00+00:00
[2026-04-29T08:27:13.135+0200] {processor.py:183} INFO - Processing /Users/pablofrancoherrero/prueba_tecnica/venv/lib/python3.11/site-packages/airflow/example_dags/example_bash_operator.py took 0.052 seconds
[2026-04-29T08:44:55.961+0200] {processor.py:161} INFO - Started process (PID=79818) to work on /Users/pablofrancoherrero/prueba_tecnica/venv/lib/python3.11/site-packages/airflow/example_dags/example_bash_operator.py
[2026-04-29T08:44:55.962+0200] {processor.py:830} INFO - Processing file /Users/pablofrancoherrero/prueba_tecnica/venv/lib/python3.11/site-packages/airflow/example_dags/example_bash_operator.py for tasks to queue
[2026-04-29T08:44:55.962+0200] {logging_mixin.py:188} INFO - [2026-04-29T08:44:55.962+0200] {dagbag.py:540} INFO - Filling up the DagBag from /Users/pablofrancoherrero/prueba_tecnica/venv/lib/python3.11/site-packages/airflow/example_dags/example_bash_operator.py
[2026-04-29T08:44:55.966+0200] {processor.py:840} INFO - DAG(s) 'example_bash_operator' retrieved from /Users/pablofrancoherrero/prueba_tecnica/venv/lib/python3.11/site-packages/airflow/example_dags/example_bash_operator.py
[2026-04-29T08:44:55.994+0200] {logging_mixin.py:188} INFO - [2026-04-29T08:44:55.994+0200] {dag.py:3096} INFO - Sync 1 DAGs
[2026-04-29T08:44:55.998+0200] {logging_mixin.py:188} INFO - [2026-04-29T08:44:55.998+0200] {dag.py:3954} INFO - Setting next_dagrun for example_bash_operator to 2026-04-28 00:00:00+00:00, run_after=2026-04-29 00:00:00+00:00
[2026-04-29T08:44:56.003+0200] {processor.py:183} INFO - Processing /Users/pablofrancoherrero/prueba_tecnica/venv/lib/python3.11/site-packages/airflow/example_dags/example_bash_operator.py took 0.043 seconds
[2026-04-29T08:50:05.331+0200] {processor.py:161} INFO - Started process (PID=80012) to work on /Users/pablofrancoherrero/prueba_tecnica/venv/lib/python3.11/site-packages/airflow/example_dags/example_bash_operator.py
[2026-04-29T08:50:05.332+0200] {processor.py:830} INFO - Processing file /Users/pablofrancoherrero/prueba_tecnica/venv/lib/python3.11/site-packages/airflow/example_dags/example_bash_operator.py for tasks to queue
[2026-04-29T08:50:05.332+0200] {logging_mixin.py:188} INFO - [2026-04-29T08:50:05.332+0200] {dagbag.py:540} INFO - Filling up the DagBag from /Users/pablofrancoherrero/prueba_tecnica/venv/lib/python3.11/site-packages/airflow/example_dags/example_bash_operator.py
[2026-04-29T08:50:05.335+0200] {processor.py:840} INFO - DAG(s) 'example_bash_operator' retrieved from /Users/pablofrancoherrero/prueba_tecnica/venv/lib/python3.11/site-packages/airflow/example_dags/example_bash_operator.py
[2026-04-29T08:50:05.363+0200] {logging_mixin.py:188} INFO - [2026-04-29T08:50:05.363+0200] {dag.py:3096} INFO - Sync 1 DAGs
[2026-04-29T08:50:05.368+0200] {logging_mixin.py:188} INFO - [2026-04-29T08:50:05.367+0200] {dag.py:3954} INFO - Setting next_dagrun for example_bash_operator to 2026-04-28 00:00:00+00:00, run_after=2026-04-29 00:00:00+00:00
[2026-04-29T08:50:05.373+0200] {processor.py:183} INFO - Processing /Users/pablofrancoherrero/prueba_tecnica/venv/lib/python3.11/site-packages/airflow/example_dags/example_bash_operator.py took 0.042 seconds
[2026-04-29T08:54:19.125+0200] {processor.py:161} INFO - Started process (PID=80170) to work on /Users/pablofrancoherrero/prueba_tecnica/venv/lib/python3.11/site-packages/airflow/example_dags/example_bash_operator.py
[2026-04-29T08:54:19.127+0200] {processor.py:830} INFO - Processing file /Users/pablofrancoherrero/prueba_tecnica/venv/lib/python3.11/site-packages/airflow/example_dags/example_bash_operator.py for tasks to queue
[2026-04-29T08:54:19.127+0200] {logging_mixin.py:188} INFO - [2026-04-29T08:54:19.127+0200] {dagbag.py:540} INFO - Filling up the DagBag from /Users/pablofrancoherrero/prueba_tecnica/venv/lib/python3.11/site-packages/airflow/example_dags/example_bash_operator.py
[2026-04-29T08:54:19.130+0200] {processor.py:840} INFO - DAG(s) 'example_bash_operator' retrieved from /Users/pablofrancoherrero/prueba_tecnica/venv/lib/python3.11/site-packages/airflow/example_dags/example_bash_operator.py
[2026-04-29T08:54:19.157+0200] {logging_mixin.py:188} INFO - [2026-04-29T08:54:19.157+0200] {dag.py:3096} INFO - Sync 1 DAGs
[2026-04-29T08:54:19.162+0200] {logging_mixin.py:188} INFO - [2026-04-29T08:54:19.162+0200] {dag.py:3954} INFO - Setting next_dagrun for example_bash_operator to 2026-04-28 00:00:00+00:00, run_after=2026-04-29 00:00:00+00:00
[2026-04-29T08:54:19.167+0200] {processor.py:183} INFO - Processing /Users/pablofrancoherrero/prueba_tecnica/venv/lib/python3.11/site-packages/airflow/example_dags/example_bash_operator.py took 0.042 seconds
[2026-04-29T08:58:42.269+0200] {processor.py:161} INFO - Started process (PID=80285) to work on /Users/pablofrancoherrero/prueba_tecnica/venv/lib/python3.11/site-packages/airflow/example_dags/example_bash_operator.py
[2026-04-29T08:58:42.270+0200] {processor.py:830} INFO - Processing file /Users/pablofrancoherrero/prueba_tecnica/venv/lib/python3.11/site-packages/airflow/example_dags/example_bash_operator.py for tasks to queue
[2026-04-29T08:58:42.271+0200] {logging_mixin.py:188} INFO - [2026-04-29T08:58:42.271+0200] {dagbag.py:540} INFO - Filling up the DagBag from /Users/pablofrancoherrero/prueba_tecnica/venv/lib/python3.11/site-packages/airflow/example_dags/example_bash_operator.py
[2026-04-29T08:58:42.274+0200] {processor.py:840} INFO - DAG(s) 'example_bash_operator' retrieved from /Users/pablofrancoherrero/prueba_tecnica/venv/lib/python3.11/site-packages/airflow/example_dags/example_bash_operator.py
[2026-04-29T08:58:42.301+0200] {logging_mixin.py:188} INFO - [2026-04-29T08:58:42.301+0200] {dag.py:3096} INFO - Sync 1 DAGs
[2026-04-29T08:58:42.306+0200] {logging_mixin.py:188} INFO - [2026-04-29T08:58:42.306+0200] {dag.py:3954} INFO - Setting next_dagrun for example_bash_operator to 2026-04-28 00:00:00+00:00, run_after=2026-04-29 00:00:00+00:00
[2026-04-29T08:58:42.311+0200] {processor.py:183} INFO - Processing /Users/pablofrancoherrero/prueba_tecnica/venv/lib/python3.11/site-packages/airflow/example_dags/example_bash_operator.py took 0.042 seconds
[2026-04-29T09:01:49.803+0200] {processor.py:161} INFO - Started process (PID=80461) to work on /Users/pablofrancoherrero/prueba_tecnica/venv/lib/python3.11/site-packages/airflow/example_dags/example_bash_operator.py
[2026-04-29T09:01:49.804+0200] {processor.py:830} INFO - Processing file /Users/pablofrancoherrero/prueba_tecnica/venv/lib/python3.11/site-packages/airflow/example_dags/example_bash_operator.py for tasks to queue
[2026-04-29T09:01:49.805+0200] {logging_mixin.py:188} INFO - [2026-04-29T09:01:49.805+0200] {dagbag.py:540} INFO - Filling up the DagBag from /Users/pablofrancoherrero/prueba_tecnica/venv/lib/python3.11/site-packages/airflow/example_dags/example_bash_operator.py
[2026-04-29T09:01:49.808+0200] {processor.py:840} INFO - DAG(s) 'example_bash_operator' retrieved from /Users/pablofrancoherrero/prueba_tecnica/venv/lib/python3.11/site-packages/airflow/example_dags/example_bash_operator.py
[2026-04-29T09:01:49.840+0200] {logging_mixin.py:188} INFO - [2026-04-29T09:01:49.840+0200] {dag.py:3096} INFO - Sync 1 DAGs
[2026-04-29T09:01:49.845+0200] {logging_mixin.py:188} INFO - [2026-04-29T09:01:49.845+0200] {dag.py:3954} INFO - Setting next_dagrun for example_bash_operator to 2026-04-28 00:00:00+00:00, run_after=2026-04-29 00:00:00+00:00
[2026-04-29T09:01:49.851+0200] {processor.py:183} INFO - Processing /Users/pablofrancoherrero/prueba_tecnica/venv/lib/python3.11/site-packages/airflow/example_dags/example_bash_operator.py took 0.049 seconds
[2026-04-29T09:03:13.634+0200] {processor.py:161} INFO - Started process (PID=80557) to work on /Users/pablofrancoherrero/prueba_tecnica/venv/lib/python3.11/site-packages/airflow/example_dags/example_bash_operator.py
[2026-04-29T09:03:13.635+0200] {processor.py:830} INFO - Processing file /Users/pablofrancoherrero/prueba_tecnica/venv/lib/python3.11/site-packages/airflow/example_dags/example_bash_operator.py for tasks to queue
[2026-04-29T09:03:13.635+0200] {logging_mixin.py:188} INFO - [2026-04-29T09:03:13.635+0200] {dagbag.py:540} INFO - Filling up the DagBag from /Users/pablofrancoherrero/prueba_tecnica/venv/lib/python3.11/site-packages/airflow/example_dags/example_bash_operator.py
[2026-04-29T09:03:13.639+0200] {processor.py:840} INFO - DAG(s) 'example_bash_operator' retrieved from /Users/pablofrancoherrero/prueba_tecnica/venv/lib/python3.11/site-packages/airflow/example_dags/example_bash_operator.py
[2026-04-29T09:03:13.668+0200] {logging_mixin.py:188} INFO - [2026-04-29T09:03:13.668+0200] {dag.py:3096} INFO - Sync 1 DAGs
[2026-04-29T09:03:13.673+0200] {logging_mixin.py:188} INFO - [2026-04-29T09:03:13.673+0200] {dag.py:3954} INFO - Setting next_dagrun for example_bash_operator to 2026-04-28 00:00:00+00:00, run_after=2026-04-29 00:00:00+00:00
[2026-04-29T09:03:13.678+0200] {processor.py:183} INFO - Processing /Users/pablofrancoherrero/prueba_tecnica/venv/lib/python3.11/site-packages/airflow/example_dags/example_bash_operator.py took 0.046 seconds
[2026-04-29T09:04:35.131+0200] {processor.py:161} INFO - Started process (PID=80651) to work on /Users/pablofrancoherrero/prueba_tecnica/venv/lib/python3.11/site-packages/airflow/example_dags/example_bash_operator.py
[2026-04-29T09:04:35.132+0200] {processor.py:830} INFO - Processing file /Users/pablofrancoherrero/prueba_tecnica/venv/lib/python3.11/site-packages/airflow/example_dags/example_bash_operator.py for tasks to queue
[2026-04-29T09:04:35.132+0200] {logging_mixin.py:188} INFO - [2026-04-29T09:04:35.132+0200] {dagbag.py:540} INFO - Filling up the DagBag from /Users/pablofrancoherrero/prueba_tecnica/venv/lib/python3.11/site-packages/airflow/example_dags/example_bash_operator.py
[2026-04-29T09:04:35.136+0200] {processor.py:840} INFO - DAG(s) 'example_bash_operator' retrieved from /Users/pablofrancoherrero/prueba_tecnica/venv/lib/python3.11/site-packages/airflow/example_dags/example_bash_operator.py
[2026-04-29T09:04:35.166+0200] {logging_mixin.py:188} INFO - [2026-04-29T09:04:35.165+0200] {dag.py:3096} INFO - Sync 1 DAGs
[2026-04-29T09:04:35.171+0200] {logging_mixin.py:188} INFO - [2026-04-29T09:04:35.171+0200] {dag.py:3954} INFO - Setting next_dagrun for example_bash_operator to 2026-04-28 00:00:00+00:00, run_after=2026-04-29 00:00:00+00:00
[2026-04-29T09:04:35.177+0200] {processor.py:183} INFO - Processing /Users/pablofrancoherrero/prueba_tecnica/venv/lib/python3.11/site-packages/airflow/example_dags/example_bash_operator.py took 0.046 seconds
[2026-04-29T09:05:57.665+0200] {processor.py:161} INFO - Started process (PID=80756) to work on /Users/pablofrancoherrero/prueba_tecnica/venv/lib/python3.11/site-packages/airflow/example_dags/example_bash_operator.py
[2026-04-29T09:05:57.665+0200] {processor.py:830} INFO - Processing file /Users/pablofrancoherrero/prueba_tecnica/venv/lib/python3.11/site-packages/airflow/example_dags/example_bash_operator.py for tasks to queue
[2026-04-29T09:05:57.666+0200] {logging_mixin.py:188} INFO - [2026-04-29T09:05:57.665+0200] {dagbag.py:540} INFO - Filling up the DagBag from /Users/pablofrancoherrero/prueba_tecnica/venv/lib/python3.11/site-packages/airflow/example_dags/example_bash_operator.py
[2026-04-29T09:05:57.669+0200] {processor.py:840} INFO - DAG(s) 'example_bash_operator' retrieved from /Users/pablofrancoherrero/prueba_tecnica/venv/lib/python3.11/site-packages/airflow/example_dags/example_bash_operator.py
[2026-04-29T09:05:57.696+0200] {logging_mixin.py:188} INFO - [2026-04-29T09:05:57.696+0200] {dag.py:3096} INFO - Sync 1 DAGs
[2026-04-29T09:05:57.701+0200] {logging_mixin.py:188} INFO - [2026-04-29T09:05:57.701+0200] {dag.py:3954} INFO - Setting next_dagrun for example_bash_operator to 2026-04-28 00:00:00+00:00, run_after=2026-04-29 00:00:00+00:00
[2026-04-29T09:05:57.706+0200] {processor.py:183} INFO - Processing /Users/pablofrancoherrero/prueba_tecnica/venv/lib/python3.11/site-packages/airflow/example_dags/example_bash_operator.py took 0.042 seconds
[2026-04-29T09:07:17.928+0200] {processor.py:161} INFO - Started process (PID=80861) to work on /Users/pablofrancoherrero/prueba_tecnica/venv/lib/python3.11/site-packages/airflow/example_dags/example_bash_operator.py
[2026-04-29T09:07:17.929+0200] {processor.py:830} INFO - Processing file /Users/pablofrancoherrero/prueba_tecnica/venv/lib/python3.11/site-packages/airflow/example_dags/example_bash_operator.py for tasks to queue
[2026-04-29T09:07:17.929+0200] {logging_mixin.py:188} INFO - [2026-04-29T09:07:17.929+0200] {dagbag.py:540} INFO - Filling up the DagBag from /Users/pablofrancoherrero/prueba_tecnica/venv/lib/python3.11/site-packages/airflow/example_dags/example_bash_operator.py
[2026-04-29T09:07:17.933+0200] {processor.py:840} INFO - DAG(s) 'example_bash_operator' retrieved from /Users/pablofrancoherrero/prueba_tecnica/venv/lib/python3.11/site-packages/airflow/example_dags/example_bash_operator.py
[2026-04-29T09:07:17.961+0200] {logging_mixin.py:188} INFO - [2026-04-29T09:07:17.961+0200] {dag.py:3096} INFO - Sync 1 DAGs
[2026-04-29T09:07:17.966+0200] {logging_mixin.py:188} INFO - [2026-04-29T09:07:17.966+0200] {dag.py:3954} INFO - Setting next_dagrun for example_bash_operator to 2026-04-28 00:00:00+00:00, run_after=2026-04-29 00:00:00+00:00
[2026-04-29T09:07:17.971+0200] {processor.py:183} INFO - Processing /Users/pablofrancoherrero/prueba_tecnica/venv/lib/python3.11/site-packages/airflow/example_dags/example_bash_operator.py took 0.044 seconds
[2026-04-29T09:08:38.716+0200] {processor.py:161} INFO - Started process (PID=80953) to work on /Users/pablofrancoherrero/prueba_tecnica/venv/lib/python3.11/site-packages/airflow/example_dags/example_bash_operator.py
[2026-04-29T09:08:38.717+0200] {processor.py:830} INFO - Processing file /Users/pablofrancoherrero/prueba_tecnica/venv/lib/python3.11/site-packages/airflow/example_dags/example_bash_operator.py for tasks to queue
[2026-04-29T09:08:38.717+0200] {logging_mixin.py:188} INFO - [2026-04-29T09:08:38.717+0200] {dagbag.py:540} INFO - Filling up the DagBag from /Users/pablofrancoherrero/prueba_tecnica/venv/lib/python3.11/site-packages/airflow/example_dags/example_bash_operator.py
[2026-04-29T09:08:38.720+0200] {processor.py:840} INFO - DAG(s) 'example_bash_operator' retrieved from /Users/pablofrancoherrero/prueba_tecnica/venv/lib/python3.11/site-packages/airflow/example_dags/example_bash_operator.py
[2026-04-29T09:08:38.749+0200] {logging_mixin.py:188} INFO - [2026-04-29T09:08:38.749+0200] {dag.py:3096} INFO - Sync 1 DAGs
[2026-04-29T09:08:38.754+0200] {logging_mixin.py:188} INFO - [2026-04-29T09:08:38.754+0200] {dag.py:3954} INFO - Setting next_dagrun for example_bash_operator to 2026-04-28 00:00:00+00:00, run_after=2026-04-29 00:00:00+00:00
[2026-04-29T09:08:38.759+0200] {processor.py:183} INFO - Processing /Users/pablofrancoherrero/prueba_tecnica/venv/lib/python3.11/site-packages/airflow/example_dags/example_bash_operator.py took 0.045 seconds
[2026-04-29T09:10:00.989+0200] {processor.py:161} INFO - Started process (PID=81044) to work on /Users/pablofrancoherrero/prueba_tecnica/venv/lib/python3.11/site-packages/airflow/example_dags/example_bash_operator.py
[2026-04-29T09:10:00.990+0200] {processor.py:830} INFO - Processing file /Users/pablofrancoherrero/prueba_tecnica/venv/lib/python3.11/site-packages/airflow/example_dags/example_bash_operator.py for tasks to queue
[2026-04-29T09:10:00.990+0200] {logging_mixin.py:188} INFO - [2026-04-29T09:10:00.990+0200] {dagbag.py:540} INFO - Filling up the DagBag from /Users/pablofrancoherrero/prueba_tecnica/venv/lib/python3.11/site-packages/airflow/example_dags/example_bash_operator.py
[2026-04-29T09:10:00.994+0200] {processor.py:840} INFO - DAG(s) 'example_bash_operator' retrieved from /Users/pablofrancoherrero/prueba_tecnica/venv/lib/python3.11/site-packages/airflow/example_dags/example_bash_operator.py
[2026-04-29T09:10:01.022+0200] {logging_mixin.py:188} INFO - [2026-04-29T09:10:01.022+0200] {dag.py:3096} INFO - Sync 1 DAGs
[2026-04-29T09:10:01.027+0200] {logging_mixin.py:188} INFO - [2026-04-29T09:10:01.027+0200] {dag.py:3954} INFO - Setting next_dagrun for example_bash_operator to 2026-04-28 00:00:00+00:00, run_after=2026-04-29 00:00:00+00:00
[2026-04-29T09:10:01.032+0200] {processor.py:183} INFO - Processing /Users/pablofrancoherrero/prueba_tecnica/venv/lib/python3.11/site-packages/airflow/example_dags/example_bash_operator.py took 0.043 seconds
[2026-04-29T09:11:20.096+0200] {processor.py:161} INFO - Started process (PID=81128) to work on /Users/pablofrancoherrero/prueba_tecnica/venv/lib/python3.11/site-packages/airflow/example_dags/example_bash_operator.py
[2026-04-29T09:11:20.097+0200] {processor.py:830} INFO - Processing file /Users/pablofrancoherrero/prueba_tecnica/venv/lib/python3.11/site-packages/airflow/example_dags/example_bash_operator.py for tasks to queue
[2026-04-29T09:11:20.097+0200] {logging_mixin.py:188} INFO - [2026-04-29T09:11:20.097+0200] {dagbag.py:540} INFO - Filling up the DagBag from /Users/pablofrancoherrero/prueba_tecnica/venv/lib/python3.11/site-packages/airflow/example_dags/example_bash_operator.py
[2026-04-29T09:11:20.101+0200] {processor.py:840} INFO - DAG(s) 'example_bash_operator' retrieved from /Users/pablofrancoherrero/prueba_tecnica/venv/lib/python3.11/site-packages/airflow/example_dags/example_bash_operator.py
[2026-04-29T09:11:20.129+0200] {logging_mixin.py:188} INFO - [2026-04-29T09:11:20.129+0200] {dag.py:3096} INFO - Sync 1 DAGs
[2026-04-29T09:11:20.134+0200] {logging_mixin.py:188} INFO - [2026-04-29T09:11:20.134+0200] {dag.py:3954} INFO - Setting next_dagrun for example_bash_operator to 2026-04-28 00:00:00+00:00, run_after=2026-04-29 00:00:00+00:00
[2026-04-29T09:11:20.139+0200] {processor.py:183} INFO - Processing /Users/pablofrancoherrero/prueba_tecnica/venv/lib/python3.11/site-packages/airflow/example_dags/example_bash_operator.py took 0.044 seconds
[2026-04-29T09:12:41.286+0200] {processor.py:161} INFO - Started process (PID=81217) to work on /Users/pablofrancoherrero/prueba_tecnica/venv/lib/python3.11/site-packages/airflow/example_dags/example_bash_operator.py
[2026-04-29T09:12:41.287+0200] {processor.py:830} INFO - Processing file /Users/pablofrancoherrero/prueba_tecnica/venv/lib/python3.11/site-packages/airflow/example_dags/example_bash_operator.py for tasks to queue
[2026-04-29T09:12:41.288+0200] {logging_mixin.py:188} INFO - [2026-04-29T09:12:41.288+0200] {dagbag.py:540} INFO - Filling up the DagBag from /Users/pablofrancoherrero/prueba_tecnica/venv/lib/python3.11/site-packages/airflow/example_dags/example_bash_operator.py
[2026-04-29T09:12:41.291+0200] {processor.py:840} INFO - DAG(s) 'example_bash_operator' retrieved from /Users/pablofrancoherrero/prueba_tecnica/venv/lib/python3.11/site-packages/airflow/example_dags/example_bash_operator.py
[2026-04-29T09:12:41.321+0200] {logging_mixin.py:188} INFO - [2026-04-29T09:12:41.321+0200] {dag.py:3096} INFO - Sync 1 DAGs
[2026-04-29T09:12:41.327+0200] {logging_mixin.py:188} INFO - [2026-04-29T09:12:41.327+0200] {dag.py:3954} INFO - Setting next_dagrun for example_bash_operator to 2026-04-28 00:00:00+00:00, run_after=2026-04-29 00:00:00+00:00
[2026-04-29T09:12:41.333+0200] {processor.py:183} INFO - Processing /Users/pablofrancoherrero/prueba_tecnica/venv/lib/python3.11/site-packages/airflow/example_dags/example_bash_operator.py took 0.047 seconds
[2026-04-29T09:14:03.105+0200] {processor.py:161} INFO - Started process (PID=81315) to work on /Users/pablofrancoherrero/prueba_tecnica/venv/lib/python3.11/site-packages/airflow/example_dags/example_bash_operator.py
[2026-04-29T09:14:03.105+0200] {processor.py:830} INFO - Processing file /Users/pablofrancoherrero/prueba_tecnica/venv/lib/python3.11/site-packages/airflow/example_dags/example_bash_operator.py for tasks to queue
[2026-04-29T09:14:03.105+0200] {logging_mixin.py:188} INFO - [2026-04-29T09:14:03.105+0200] {dagbag.py:540} INFO - Filling up the DagBag from /Users/pablofrancoherrero/prueba_tecnica/venv/lib/python3.11/site-packages/airflow/example_dags/example_bash_operator.py
[2026-04-29T09:14:03.109+0200] {processor.py:840} INFO - DAG(s) 'example_bash_operator' retrieved from /Users/pablofrancoherrero/prueba_tecnica/venv/lib/python3.11/site-packages/airflow/example_dags/example_bash_operator.py
[2026-04-29T09:14:03.137+0200] {logging_mixin.py:188} INFO - [2026-04-29T09:14:03.137+0200] {dag.py:3096} INFO - Sync 1 DAGs
[2026-04-29T09:14:03.142+0200] {logging_mixin.py:188} INFO - [2026-04-29T09:14:03.142+0200] {dag.py:3954} INFO - Setting next_dagrun for example_bash_operator to 2026-04-28 00:00:00+00:00, run_after=2026-04-29 00:00:00+00:00
[2026-04-29T09:14:03.147+0200] {processor.py:183} INFO - Processing /Users/pablofrancoherrero/prueba_tecnica/venv/lib/python3.11/site-packages/airflow/example_dags/example_bash_operator.py took 0.043 seconds
[2026-04-29T09:15:23.103+0200] {processor.py:161} INFO - Started process (PID=81437) to work on /Users/pablofrancoherrero/prueba_tecnica/venv/lib/python3.11/site-packages/airflow/example_dags/example_bash_operator.py
[2026-04-29T09:15:23.104+0200] {processor.py:830} INFO - Processing file /Users/pablofrancoherrero/prueba_tecnica/venv/lib/python3.11/site-packages/airflow/example_dags/example_bash_operator.py for tasks to queue
[2026-04-29T09:15:23.104+0200] {logging_mixin.py:188} INFO - [2026-04-29T09:15:23.104+0200] {dagbag.py:540} INFO - Filling up the DagBag from /Users/pablofrancoherrero/prueba_tecnica/venv/lib/python3.11/site-packages/airflow/example_dags/example_bash_operator.py
[2026-04-29T09:15:23.107+0200] {processor.py:840} INFO - DAG(s) 'example_bash_operator' retrieved from /Users/pablofrancoherrero/prueba_tecnica/venv/lib/python3.11/site-packages/airflow/example_dags/example_bash_operator.py
[2026-04-29T09:15:23.135+0200] {logging_mixin.py:188} INFO - [2026-04-29T09:15:23.135+0200] {dag.py:3096} INFO - Sync 1 DAGs
[2026-04-29T09:15:23.140+0200] {logging_mixin.py:188} INFO - [2026-04-29T09:15:23.140+0200] {dag.py:3954} INFO - Setting next_dagrun for example_bash_operator to 2026-04-28 00:00:00+00:00, run_after=2026-04-29 00:00:00+00:00
[2026-04-29T09:15:23.145+0200] {processor.py:183} INFO - Processing /Users/pablofrancoherrero/prueba_tecnica/venv/lib/python3.11/site-packages/airflow/example_dags/example_bash_operator.py took 0.044 seconds
[2026-04-29T09:16:38.739+0200] {processor.py:161} INFO - Started process (PID=81523) to work on /Users/pablofrancoherrero/prueba_tecnica/venv/lib/python3.11/site-packages/airflow/example_dags/example_bash_operator.py
[2026-04-29T09:16:38.740+0200] {processor.py:830} INFO - Processing file /Users/pablofrancoherrero/prueba_tecnica/venv/lib/python3.11/site-packages/airflow/example_dags/example_bash_operator.py for tasks to queue
[2026-04-29T09:16:38.740+0200] {logging_mixin.py:188} INFO - [2026-04-29T09:16:38.740+0200] {dagbag.py:540} INFO - Filling up the DagBag from /Users/pablofrancoherrero/prueba_tecnica/venv/lib/python3.11/site-packages/airflow/example_dags/example_bash_operator.py
[2026-04-29T09:16:38.743+0200] {processor.py:840} INFO - DAG(s) 'example_bash_operator' retrieved from /Users/pablofrancoherrero/prueba_tecnica/venv/lib/python3.11/site-packages/airflow/example_dags/example_bash_operator.py
[2026-04-29T09:16:38.771+0200] {logging_mixin.py:188} INFO - [2026-04-29T09:16:38.771+0200] {dag.py:3096} INFO - Sync 1 DAGs
[2026-04-29T09:16:38.775+0200] {logging_mixin.py:188} INFO - [2026-04-29T09:16:38.775+0200] {dag.py:3954} INFO - Setting next_dagrun for example_bash_operator to 2026-04-28 00:00:00+00:00, run_after=2026-04-29 00:00:00+00:00
[2026-04-29T09:16:38.781+0200] {processor.py:183} INFO - Processing /Users/pablofrancoherrero/prueba_tecnica/venv/lib/python3.11/site-packages/airflow/example_dags/example_bash_operator.py took 0.043 seconds
[2026-04-29T09:17:58.789+0200] {processor.py:161} INFO - Started process (PID=81625) to work on /Users/pablofrancoherrero/prueba_tecnica/venv/lib/python3.11/site-packages/airflow/example_dags/example_bash_operator.py
[2026-04-29T09:17:58.790+0200] {processor.py:830} INFO - Processing file /Users/pablofrancoherrero/prueba_tecnica/venv/lib/python3.11/site-packages/airflow/example_dags/example_bash_operator.py for tasks to queue
[2026-04-29T09:17:58.790+0200] {logging_mixin.py:188} INFO - [2026-04-29T09:17:58.790+0200] {dagbag.py:540} INFO - Filling up the DagBag from /Users/pablofrancoherrero/prueba_tecnica/venv/lib/python3.11/site-packages/airflow/example_dags/example_bash_operator.py
[2026-04-29T09:17:58.794+0200] {processor.py:840} INFO - DAG(s) 'example_bash_operator' retrieved from /Users/pablofrancoherrero/prueba_tecnica/venv/lib/python3.11/site-packages/airflow/example_dags/example_bash_operator.py
[2026-04-29T09:17:58.822+0200] {logging_mixin.py:188} INFO - [2026-04-29T09:17:58.822+0200] {dag.py:3096} INFO - Sync 1 DAGs
[2026-04-29T09:17:58.827+0200] {logging_mixin.py:188} INFO - [2026-04-29T09:17:58.827+0200] {dag.py:3954} INFO - Setting next_dagrun for example_bash_operator to 2026-04-28 00:00:00+00:00, run_after=2026-04-29 00:00:00+00:00
[2026-04-29T09:17:58.832+0200] {processor.py:183} INFO - Processing /Users/pablofrancoherrero/prueba_tecnica/venv/lib/python3.11/site-packages/airflow/example_dags/example_bash_operator.py took 0.044 seconds
[2026-04-29T09:19:19.570+0200] {processor.py:161} INFO - Started process (PID=81711) to work on /Users/pablofrancoherrero/prueba_tecnica/venv/lib/python3.11/site-packages/airflow/example_dags/example_bash_operator.py
[2026-04-29T09:19:19.571+0200] {processor.py:830} INFO - Processing file /Users/pablofrancoherrero/prueba_tecnica/venv/lib/python3.11/site-packages/airflow/example_dags/example_bash_operator.py for tasks to queue
[2026-04-29T09:19:19.572+0200] {logging_mixin.py:188} INFO - [2026-04-29T09:19:19.572+0200] {dagbag.py:540} INFO - Filling up the DagBag from /Users/pablofrancoherrero/prueba_tecnica/venv/lib/python3.11/site-packages/airflow/example_dags/example_bash_operator.py
[2026-04-29T09:19:19.575+0200] {processor.py:840} INFO - DAG(s) 'example_bash_operator' retrieved from /Users/pablofrancoherrero/prueba_tecnica/venv/lib/python3.11/site-packages/airflow/example_dags/example_bash_operator.py
[2026-04-29T09:19:19.604+0200] {logging_mixin.py:188} INFO - [2026-04-29T09:19:19.604+0200] {dag.py:3096} INFO - Sync 1 DAGs
[2026-04-29T09:19:19.609+0200] {logging_mixin.py:188} INFO - [2026-04-29T09:19:19.609+0200] {dag.py:3954} INFO - Setting next_dagrun for example_bash_operator to 2026-04-28 00:00:00+00:00, run_after=2026-04-29 00:00:00+00:00
[2026-04-29T09:19:19.614+0200] {processor.py:183} INFO - Processing /Users/pablofrancoherrero/prueba_tecnica/venv/lib/python3.11/site-packages/airflow/example_dags/example_bash_operator.py took 0.044 seconds
[2026-04-29T09:20:44.932+0200] {processor.py:161} INFO - Started process (PID=81833) to work on /Users/pablofrancoherrero/prueba_tecnica/venv/lib/python3.11/site-packages/airflow/example_dags/example_bash_operator.py
[2026-04-29T09:20:44.933+0200] {processor.py:830} INFO - Processing file /Users/pablofrancoherrero/prueba_tecnica/venv/lib/python3.11/site-packages/airflow/example_dags/example_bash_operator.py for tasks to queue
[2026-04-29T09:20:44.933+0200] {logging_mixin.py:188} INFO - [2026-04-29T09:20:44.933+0200] {dagbag.py:540} INFO - Filling up the DagBag from /Users/pablofrancoherrero/prueba_tecnica/venv/lib/python3.11/site-packages/airflow/example_dags/example_bash_operator.py
[2026-04-29T09:20:44.936+0200] {processor.py:840} INFO - DAG(s) 'example_bash_operator' retrieved from /Users/pablofrancoherrero/prueba_tecnica/venv/lib/python3.11/site-packages/airflow/example_dags/example_bash_operator.py
[2026-04-29T09:20:44.964+0200] {logging_mixin.py:188} INFO - [2026-04-29T09:20:44.964+0200] {dag.py:3096} INFO - Sync 1 DAGs
[2026-04-29T09:20:44.969+0200] {logging_mixin.py:188} INFO - [2026-04-29T09:20:44.969+0200] {dag.py:3954} INFO - Setting next_dagrun for example_bash_operator to 2026-04-28 00:00:00+00:00, run_after=2026-04-29 00:00:00+00:00
[2026-04-29T09:20:44.974+0200] {processor.py:183} INFO - Processing /Users/pablofrancoherrero/prueba_tecnica/venv/lib/python3.11/site-packages/airflow/example_dags/example_bash_operator.py took 0.044 seconds
[2026-04-29T09:22:08.528+0200] {processor.py:161} INFO - Started process (PID=81936) to work on /Users/pablofrancoherrero/prueba_tecnica/venv/lib/python3.11/site-packages/airflow/example_dags/example_bash_operator.py
[2026-04-29T09:22:08.529+0200] {processor.py:830} INFO - Processing file /Users/pablofrancoherrero/prueba_tecnica/venv/lib/python3.11/site-packages/airflow/example_dags/example_bash_operator.py for tasks to queue
[2026-04-29T09:22:08.529+0200] {logging_mixin.py:188} INFO - [2026-04-29T09:22:08.529+0200] {dagbag.py:540} INFO - Filling up the DagBag from /Users/pablofrancoherrero/prueba_tecnica/venv/lib/python3.11/site-packages/airflow/example_dags/example_bash_operator.py
[2026-04-29T09:22:08.533+0200] {processor.py:840} INFO - DAG(s) 'example_bash_operator' retrieved from /Users/pablofrancoherrero/prueba_tecnica/venv/lib/python3.11/site-packages/airflow/example_dags/example_bash_operator.py
[2026-04-29T09:22:08.562+0200] {logging_mixin.py:188} INFO - [2026-04-29T09:22:08.561+0200] {dag.py:3096} INFO - Sync 1 DAGs
[2026-04-29T09:22:08.566+0200] {logging_mixin.py:188} INFO - [2026-04-29T09:22:08.566+0200] {dag.py:3954} INFO - Setting next_dagrun for example_bash_operator to 2026-04-28 00:00:00+00:00, run_after=2026-04-29 00:00:00+00:00
[2026-04-29T09:22:08.572+0200] {processor.py:183} INFO - Processing /Users/pablofrancoherrero/prueba_tecnica/venv/lib/python3.11/site-packages/airflow/example_dags/example_bash_operator.py took 0.044 seconds
[2026-04-29T09:23:33.521+0200] {processor.py:161} INFO - Started process (PID=82039) to work on /Users/pablofrancoherrero/prueba_tecnica/venv/lib/python3.11/site-packages/airflow/example_dags/example_bash_operator.py
[2026-04-29T09:23:33.523+0200] {processor.py:830} INFO - Processing file /Users/pablofrancoherrero/prueba_tecnica/venv/lib/python3.11/site-packages/airflow/example_dags/example_bash_operator.py for tasks to queue
[2026-04-29T09:23:33.523+0200] {logging_mixin.py:188} INFO - [2026-04-29T09:23:33.523+0200] {dagbag.py:540} INFO - Filling up the DagBag from /Users/pablofrancoherrero/prueba_tecnica/venv/lib/python3.11/site-packages/airflow/example_dags/example_bash_operator.py
[2026-04-29T09:23:33.526+0200] {processor.py:840} INFO - DAG(s) 'example_bash_operator' retrieved from /Users/pablofrancoherrero/prueba_tecnica/venv/lib/python3.11/site-packages/airflow/example_dags/example_bash_operator.py
[2026-04-29T09:23:33.554+0200] {logging_mixin.py:188} INFO - [2026-04-29T09:23:33.554+0200] {dag.py:3096} INFO - Sync 1 DAGs
[2026-04-29T09:23:33.558+0200] {logging_mixin.py:188} INFO - [2026-04-29T09:23:33.558+0200] {dag.py:3954} INFO - Setting next_dagrun for example_bash_operator to 2026-04-28 00:00:00+00:00, run_after=2026-04-29 00:00:00+00:00
[2026-04-29T09:23:33.563+0200] {processor.py:183} INFO - Processing /Users/pablofrancoherrero/prueba_tecnica/venv/lib/python3.11/site-packages/airflow/example_dags/example_bash_operator.py took 0.043 seconds
[2026-04-29T09:24:54.684+0200] {processor.py:161} INFO - Started process (PID=82145) to work on /Users/pablofrancoherrero/prueba_tecnica/venv/lib/python3.11/site-packages/airflow/example_dags/example_bash_operator.py
[2026-04-29T09:24:54.684+0200] {processor.py:830} INFO - Processing file /Users/pablofrancoherrero/prueba_tecnica/venv/lib/python3.11/site-packages/airflow/example_dags/example_bash_operator.py for tasks to queue
[2026-04-29T09:24:54.685+0200] {logging_mixin.py:188} INFO - [2026-04-29T09:24:54.685+0200] {dagbag.py:540} INFO - Filling up the DagBag from /Users/pablofrancoherrero/prueba_tecnica/venv/lib/python3.11/site-packages/airflow/example_dags/example_bash_operator.py
[2026-04-29T09:24:54.688+0200] {processor.py:840} INFO - DAG(s) 'example_bash_operator' retrieved from /Users/pablofrancoherrero/prueba_tecnica/venv/lib/python3.11/site-packages/airflow/example_dags/example_bash_operator.py
[2026-04-29T09:24:54.716+0200] {logging_mixin.py:188} INFO - [2026-04-29T09:24:54.716+0200] {dag.py:3096} INFO - Sync 1 DAGs
[2026-04-29T09:24:54.721+0200] {logging_mixin.py:188} INFO - [2026-04-29T09:24:54.721+0200] {dag.py:3954} INFO - Setting next_dagrun for example_bash_operator to 2026-04-28 00:00:00+00:00, run_after=2026-04-29 00:00:00+00:00
[2026-04-29T09:24:54.726+0200] {processor.py:183} INFO - Processing /Users/pablofrancoherrero/prueba_tecnica/venv/lib/python3.11/site-packages/airflow/example_dags/example_bash_operator.py took 0.043 seconds
[2026-04-29T09:26:19.679+0200] {processor.py:161} INFO - Started process (PID=82267) to work on /Users/pablofrancoherrero/prueba_tecnica/venv/lib/python3.11/site-packages/airflow/example_dags/example_bash_operator.py
[2026-04-29T09:26:19.680+0200] {processor.py:830} INFO - Processing file /Users/pablofrancoherrero/prueba_tecnica/venv/lib/python3.11/site-packages/airflow/example_dags/example_bash_operator.py for tasks to queue
[2026-04-29T09:26:19.680+0200] {logging_mixin.py:188} INFO - [2026-04-29T09:26:19.680+0200] {dagbag.py:540} INFO - Filling up the DagBag from /Users/pablofrancoherrero/prueba_tecnica/venv/lib/python3.11/site-packages/airflow/example_dags/example_bash_operator.py
[2026-04-29T09:26:19.684+0200] {processor.py:840} INFO - DAG(s) 'example_bash_operator' retrieved from /Users/pablofrancoherrero/prueba_tecnica/venv/lib/python3.11/site-packages/airflow/example_dags/example_bash_operator.py
[2026-04-29T09:26:19.712+0200] {logging_mixin.py:188} INFO - [2026-04-29T09:26:19.712+0200] {dag.py:3096} INFO - Sync 1 DAGs
[2026-04-29T09:26:19.716+0200] {logging_mixin.py:188} INFO - [2026-04-29T09:26:19.716+0200] {dag.py:3954} INFO - Setting next_dagrun for example_bash_operator to 2026-04-28 00:00:00+00:00, run_after=2026-04-29 00:00:00+00:00
[2026-04-29T09:26:19.721+0200] {processor.py:183} INFO - Processing /Users/pablofrancoherrero/prueba_tecnica/venv/lib/python3.11/site-packages/airflow/example_dags/example_bash_operator.py took 0.043 seconds
[2026-04-29T09:27:43.099+0200] {processor.py:161} INFO - Started process (PID=82386) to work on /Users/pablofrancoherrero/prueba_tecnica/venv/lib/python3.11/site-packages/airflow/example_dags/example_bash_operator.py
[2026-04-29T09:27:43.100+0200] {processor.py:830} INFO - Processing file /Users/pablofrancoherrero/prueba_tecnica/venv/lib/python3.11/site-packages/airflow/example_dags/example_bash_operator.py for tasks to queue
[2026-04-29T09:27:43.101+0200] {logging_mixin.py:188} INFO - [2026-04-29T09:27:43.101+0200] {dagbag.py:540} INFO - Filling up the DagBag from /Users/pablofrancoherrero/prueba_tecnica/venv/lib/python3.11/site-packages/airflow/example_dags/example_bash_operator.py
[2026-04-29T09:27:43.104+0200] {processor.py:840} INFO - DAG(s) 'example_bash_operator' retrieved from /Users/pablofrancoherrero/prueba_tecnica/venv/lib/python3.11/site-packages/airflow/example_dags/example_bash_operator.py
[2026-04-29T09:27:43.132+0200] {logging_mixin.py:188} INFO - [2026-04-29T09:27:43.132+0200] {dag.py:3096} INFO - Sync 1 DAGs
[2026-04-29T09:27:43.137+0200] {logging_mixin.py:188} INFO - [2026-04-29T09:27:43.137+0200] {dag.py:3954} INFO - Setting next_dagrun for example_bash_operator to 2026-04-28 00:00:00+00:00, run_after=2026-04-29 00:00:00+00:00
[2026-04-29T09:27:43.142+0200] {processor.py:183} INFO - Processing /Users/pablofrancoherrero/prueba_tecnica/venv/lib/python3.11/site-packages/airflow/example_dags/example_bash_operator.py took 0.043 seconds
[2026-04-29T09:29:03.154+0200] {processor.py:161} INFO - Started process (PID=82475) to work on /Users/pablofrancoherrero/prueba_tecnica/venv/lib/python3.11/site-packages/airflow/example_dags/example_bash_operator.py
[2026-04-29T09:29:03.155+0200] {processor.py:830} INFO - Processing file /Users/pablofrancoherrero/prueba_tecnica/venv/lib/python3.11/site-packages/airflow/example_dags/example_bash_operator.py for tasks to queue
[2026-04-29T09:29:03.156+0200] {logging_mixin.py:188} INFO - [2026-04-29T09:29:03.155+0200] {dagbag.py:540} INFO - Filling up the DagBag from /Users/pablofrancoherrero/prueba_tecnica/venv/lib/python3.11/site-packages/airflow/example_dags/example_bash_operator.py
[2026-04-29T09:29:03.159+0200] {processor.py:840} INFO - DAG(s) 'example_bash_operator' retrieved from /Users/pablofrancoherrero/prueba_tecnica/venv/lib/python3.11/site-packages/airflow/example_dags/example_bash_operator.py
[2026-04-29T09:29:03.186+0200] {logging_mixin.py:188} INFO - [2026-04-29T09:29:03.186+0200] {dag.py:3096} INFO - Sync 1 DAGs
[2026-04-29T09:29:03.191+0200] {logging_mixin.py:188} INFO - [2026-04-29T09:29:03.191+0200] {dag.py:3954} INFO - Setting next_dagrun for example_bash_operator to 2026-04-28 00:00:00+00:00, run_after=2026-04-29 00:00:00+00:00
[2026-04-29T09:29:03.196+0200] {processor.py:183} INFO - Processing /Users/pablofrancoherrero/prueba_tecnica/venv/lib/python3.11/site-packages/airflow/example_dags/example_bash_operator.py took 0.043 seconds
[2026-04-29T09:30:25.771+0200] {processor.py:161} INFO - Started process (PID=82563) to work on /Users/pablofrancoherrero/prueba_tecnica/venv/lib/python3.11/site-packages/airflow/example_dags/example_bash_operator.py
[2026-04-29T09:30:25.772+0200] {processor.py:830} INFO - Processing file /Users/pablofrancoherrero/prueba_tecnica/venv/lib/python3.11/site-packages/airflow/example_dags/example_bash_operator.py for tasks to queue
[2026-04-29T09:30:25.772+0200] {logging_mixin.py:188} INFO - [2026-04-29T09:30:25.772+0200] {dagbag.py:540} INFO - Filling up the DagBag from /Users/pablofrancoherrero/prueba_tecnica/venv/lib/python3.11/site-packages/airflow/example_dags/example_bash_operator.py
[2026-04-29T09:30:25.776+0200] {processor.py:840} INFO - DAG(s) 'example_bash_operator' retrieved from /Users/pablofrancoherrero/prueba_tecnica/venv/lib/python3.11/site-packages/airflow/example_dags/example_bash_operator.py
[2026-04-29T09:30:25.803+0200] {logging_mixin.py:188} INFO - [2026-04-29T09:30:25.803+0200] {dag.py:3096} INFO - Sync 1 DAGs
[2026-04-29T09:30:25.808+0200] {logging_mixin.py:188} INFO - [2026-04-29T09:30:25.808+0200] {dag.py:3954} INFO - Setting next_dagrun for example_bash_operator to 2026-04-28 00:00:00+00:00, run_after=2026-04-29 00:00:00+00:00
[2026-04-29T09:30:25.813+0200] {processor.py:183} INFO - Processing /Users/pablofrancoherrero/prueba_tecnica/venv/lib/python3.11/site-packages/airflow/example_dags/example_bash_operator.py took 0.043 seconds
[2026-04-29T09:31:49.211+0200] {processor.py:161} INFO - Started process (PID=82689) to work on /Users/pablofrancoherrero/prueba_tecnica/venv/lib/python3.11/site-packages/airflow/example_dags/example_bash_operator.py
[2026-04-29T09:31:49.211+0200] {processor.py:830} INFO - Processing file /Users/pablofrancoherrero/prueba_tecnica/venv/lib/python3.11/site-packages/airflow/example_dags/example_bash_operator.py for tasks to queue
[2026-04-29T09:31:49.211+0200] {logging_mixin.py:188} INFO - [2026-04-29T09:31:49.211+0200] {dagbag.py:540} INFO - Filling up the DagBag from /Users/pablofrancoherrero/prueba_tecnica/venv/lib/python3.11/site-packages/airflow/example_dags/example_bash_operator.py
[2026-04-29T09:31:49.215+0200] {processor.py:840} INFO - DAG(s) 'example_bash_operator' retrieved from /Users/pablofrancoherrero/prueba_tecnica/venv/lib/python3.11/site-packages/airflow/example_dags/example_bash_operator.py
[2026-04-29T09:31:49.242+0200] {logging_mixin.py:188} INFO - [2026-04-29T09:31:49.242+0200] {dag.py:3096} INFO - Sync 1 DAGs
[2026-04-29T09:31:49.246+0200] {logging_mixin.py:188} INFO - [2026-04-29T09:31:49.246+0200] {dag.py:3954} INFO - Setting next_dagrun for example_bash_operator to 2026-04-28 00:00:00+00:00, run_after=2026-04-29 00:00:00+00:00
[2026-04-29T09:31:49.251+0200] {processor.py:183} INFO - Processing /Users/pablofrancoherrero/prueba_tecnica/venv/lib/python3.11/site-packages/airflow/example_dags/example_bash_operator.py took 0.042 seconds
[2026-04-29T09:33:10.694+0200] {processor.py:161} INFO - Started process (PID=82782) to work on /Users/pablofrancoherrero/prueba_tecnica/venv/lib/python3.11/site-packages/airflow/example_dags/example_bash_operator.py
[2026-04-29T09:33:10.695+0200] {processor.py:830} INFO - Processing file /Users/pablofrancoherrero/prueba_tecnica/venv/lib/python3.11/site-packages/airflow/example_dags/example_bash_operator.py for tasks to queue
[2026-04-29T09:33:10.695+0200] {logging_mixin.py:188} INFO - [2026-04-29T09:33:10.695+0200] {dagbag.py:540} INFO - Filling up the DagBag from /Users/pablofrancoherrero/prueba_tecnica/venv/lib/python3.11/site-packages/airflow/example_dags/example_bash_operator.py
[2026-04-29T09:33:10.698+0200] {processor.py:840} INFO - DAG(s) 'example_bash_operator' retrieved from /Users/pablofrancoherrero/prueba_tecnica/venv/lib/python3.11/site-packages/airflow/example_dags/example_bash_operator.py
[2026-04-29T09:33:10.727+0200] {logging_mixin.py:188} INFO - [2026-04-29T09:33:10.727+0200] {dag.py:3096} INFO - Sync 1 DAGs
[2026-04-29T09:33:10.732+0200] {logging_mixin.py:188} INFO - [2026-04-29T09:33:10.732+0200] {dag.py:3954} INFO - Setting next_dagrun for example_bash_operator to 2026-04-28 00:00:00+00:00, run_after=2026-04-29 00:00:00+00:00
[2026-04-29T09:33:10.737+0200] {processor.py:183} INFO - Processing /Users/pablofrancoherrero/prueba_tecnica/venv/lib/python3.11/site-packages/airflow/example_dags/example_bash_operator.py took 0.045 seconds
[2026-04-29T09:34:32.548+0200] {processor.py:161} INFO - Started process (PID=82872) to work on /Users/pablofrancoherrero/prueba_tecnica/venv/lib/python3.11/site-packages/airflow/example_dags/example_bash_operator.py
[2026-04-29T09:34:32.549+0200] {processor.py:830} INFO - Processing file /Users/pablofrancoherrero/prueba_tecnica/venv/lib/python3.11/site-packages/airflow/example_dags/example_bash_operator.py for tasks to queue
[2026-04-29T09:34:32.549+0200] {logging_mixin.py:188} INFO - [2026-04-29T09:34:32.549+0200] {dagbag.py:540} INFO - Filling up the DagBag from /Users/pablofrancoherrero/prueba_tecnica/venv/lib/python3.11/site-packages/airflow/example_dags/example_bash_operator.py
[2026-04-29T09:34:32.553+0200] {processor.py:840} INFO - DAG(s) 'example_bash_operator' retrieved from /Users/pablofrancoherrero/prueba_tecnica/venv/lib/python3.11/site-packages/airflow/example_dags/example_bash_operator.py
[2026-04-29T09:34:32.581+0200] {logging_mixin.py:188} INFO - [2026-04-29T09:34:32.581+0200] {dag.py:3096} INFO - Sync 1 DAGs
[2026-04-29T09:34:32.586+0200] {logging_mixin.py:188} INFO - [2026-04-29T09:34:32.586+0200] {dag.py:3954} INFO - Setting next_dagrun for example_bash_operator to 2026-04-28 00:00:00+00:00, run_after=2026-04-29 00:00:00+00:00
[2026-04-29T09:34:32.591+0200] {processor.py:183} INFO - Processing /Users/pablofrancoherrero/prueba_tecnica/venv/lib/python3.11/site-packages/airflow/example_dags/example_bash_operator.py took 0.044 seconds
[2026-04-29T09:35:55.053+0200] {processor.py:161} INFO - Started process (PID=82975) to work on /Users/pablofrancoherrero/prueba_tecnica/venv/lib/python3.11/site-packages/airflow/example_dags/example_bash_operator.py
[2026-04-29T09:35:55.054+0200] {processor.py:830} INFO - Processing file /Users/pablofrancoherrero/prueba_tecnica/venv/lib/python3.11/site-packages/airflow/example_dags/example_bash_operator.py for tasks to queue
[2026-04-29T09:35:55.054+0200] {logging_mixin.py:188} INFO - [2026-04-29T09:35:55.054+0200] {dagbag.py:540} INFO - Filling up the DagBag from /Users/pablofrancoherrero/prueba_tecnica/venv/lib/python3.11/site-packages/airflow/example_dags/example_bash_operator.py
[2026-04-29T09:35:55.057+0200] {processor.py:840} INFO - DAG(s) 'example_bash_operator' retrieved from /Users/pablofrancoherrero/prueba_tecnica/venv/lib/python3.11/site-packages/airflow/example_dags/example_bash_operator.py
[2026-04-29T09:35:55.085+0200] {logging_mixin.py:188} INFO - [2026-04-29T09:35:55.085+0200] {dag.py:3096} INFO - Sync 1 DAGs
[2026-04-29T09:35:55.090+0200] {logging_mixin.py:188} INFO - [2026-04-29T09:35:55.090+0200] {dag.py:3954} INFO - Setting next_dagrun for example_bash_operator to 2026-04-28 00:00:00+00:00, run_after=2026-04-29 00:00:00+00:00
[2026-04-29T09:35:55.095+0200] {processor.py:183} INFO - Processing /Users/pablofrancoherrero/prueba_tecnica/venv/lib/python3.11/site-packages/airflow/example_dags/example_bash_operator.py took 0.043 seconds
[2026-04-29T09:37:51.001+0200] {processor.py:161} INFO - Started process (PID=83064) to work on /Users/pablofrancoherrero/prueba_tecnica/venv/lib/python3.11/site-packages/airflow/example_dags/example_bash_operator.py
[2026-04-29T09:37:51.003+0200] {processor.py:830} INFO - Processing file /Users/pablofrancoherrero/prueba_tecnica/venv/lib/python3.11/site-packages/airflow/example_dags/example_bash_operator.py for tasks to queue
[2026-04-29T09:37:51.003+0200] {logging_mixin.py:188} INFO - [2026-04-29T09:37:51.003+0200] {dagbag.py:540} INFO - Filling up the DagBag from /Users/pablofrancoherrero/prueba_tecnica/venv/lib/python3.11/site-packages/airflow/example_dags/example_bash_operator.py
[2026-04-29T09:37:51.006+0200] {processor.py:840} INFO - DAG(s) 'example_bash_operator' retrieved from /Users/pablofrancoherrero/prueba_tecnica/venv/lib/python3.11/site-packages/airflow/example_dags/example_bash_operator.py
[2026-04-29T09:37:51.033+0200] {logging_mixin.py:188} INFO - [2026-04-29T09:37:51.033+0200] {dag.py:3096} INFO - Sync 1 DAGs
[2026-04-29T09:37:51.038+0200] {logging_mixin.py:188} INFO - [2026-04-29T09:37:51.038+0200] {dag.py:3954} INFO - Setting next_dagrun for example_bash_operator to 2026-04-28 00:00:00+00:00, run_after=2026-04-29 00:00:00+00:00
[2026-04-29T09:37:51.043+0200] {processor.py:183} INFO - Processing /Users/pablofrancoherrero/prueba_tecnica/venv/lib/python3.11/site-packages/airflow/example_dags/example_bash_operator.py took 0.042 seconds
[2026-04-29T09:45:33.071+0200] {processor.py:161} INFO - Started process (PID=83191) to work on /Users/pablofrancoherrero/prueba_tecnica/venv/lib/python3.11/site-packages/airflow/example_dags/example_bash_operator.py
[2026-04-29T09:45:33.072+0200] {processor.py:830} INFO - Processing file /Users/pablofrancoherrero/prueba_tecnica/venv/lib/python3.11/site-packages/airflow/example_dags/example_bash_operator.py for tasks to queue
[2026-04-29T09:45:33.073+0200] {logging_mixin.py:188} INFO - [2026-04-29T09:45:33.073+0200] {dagbag.py:540} INFO - Filling up the DagBag from /Users/pablofrancoherrero/prueba_tecnica/venv/lib/python3.11/site-packages/airflow/example_dags/example_bash_operator.py
[2026-04-29T09:45:33.076+0200] {processor.py:840} INFO - DAG(s) 'example_bash_operator' retrieved from /Users/pablofrancoherrero/prueba_tecnica/venv/lib/python3.11/site-packages/airflow/example_dags/example_bash_operator.py
[2026-04-29T09:45:33.103+0200] {logging_mixin.py:188} INFO - [2026-04-29T09:45:33.103+0200] {dag.py:3096} INFO - Sync 1 DAGs
[2026-04-29T09:45:33.107+0200] {logging_mixin.py:188} INFO - [2026-04-29T09:45:33.107+0200] {dag.py:3954} INFO - Setting next_dagrun for example_bash_operator to 2026-04-28 00:00:00+00:00, run_after=2026-04-29 00:00:00+00:00
[2026-04-29T09:45:33.112+0200] {processor.py:183} INFO - Processing /Users/pablofrancoherrero/prueba_tecnica/venv/lib/python3.11/site-packages/airflow/example_dags/example_bash_operator.py took 0.041 seconds
[2026-04-29T09:52:43.118+0200] {processor.py:161} INFO - Started process (PID=83331) to work on /Users/pablofrancoherrero/prueba_tecnica/venv/lib/python3.11/site-packages/airflow/example_dags/example_bash_operator.py
[2026-04-29T09:52:43.118+0200] {processor.py:830} INFO - Processing file /Users/pablofrancoherrero/prueba_tecnica/venv/lib/python3.11/site-packages/airflow/example_dags/example_bash_operator.py for tasks to queue
[2026-04-29T09:52:43.119+0200] {logging_mixin.py:188} INFO - [2026-04-29T09:52:43.119+0200] {dagbag.py:540} INFO - Filling up the DagBag from /Users/pablofrancoherrero/prueba_tecnica/venv/lib/python3.11/site-packages/airflow/example_dags/example_bash_operator.py
[2026-04-29T09:52:43.122+0200] {processor.py:840} INFO - DAG(s) 'example_bash_operator' retrieved from /Users/pablofrancoherrero/prueba_tecnica/venv/lib/python3.11/site-packages/airflow/example_dags/example_bash_operator.py
[2026-04-29T09:52:43.150+0200] {logging_mixin.py:188} INFO - [2026-04-29T09:52:43.150+0200] {dag.py:3096} INFO - Sync 1 DAGs
[2026-04-29T09:52:43.154+0200] {logging_mixin.py:188} INFO - [2026-04-29T09:52:43.154+0200] {dag.py:3954} INFO - Setting next_dagrun for example_bash_operator to 2026-04-28 00:00:00+00:00, run_after=2026-04-29 00:00:00+00:00
[2026-04-29T09:52:43.159+0200] {processor.py:183} INFO - Processing /Users/pablofrancoherrero/prueba_tecnica/venv/lib/python3.11/site-packages/airflow/example_dags/example_bash_operator.py took 0.042 seconds
[2026-04-29T10:16:55.474+0200] {processor.py:161} INFO - Started process (PID=83521) to work on /Users/pablofrancoherrero/prueba_tecnica/venv/lib/python3.11/site-packages/airflow/example_dags/example_bash_operator.py
[2026-04-29T10:16:55.475+0200] {processor.py:830} INFO - Processing file /Users/pablofrancoherrero/prueba_tecnica/venv/lib/python3.11/site-packages/airflow/example_dags/example_bash_operator.py for tasks to queue
[2026-04-29T10:16:55.476+0200] {logging_mixin.py:188} INFO - [2026-04-29T10:16:55.475+0200] {dagbag.py:540} INFO - Filling up the DagBag from /Users/pablofrancoherrero/prueba_tecnica/venv/lib/python3.11/site-packages/airflow/example_dags/example_bash_operator.py
[2026-04-29T10:16:55.479+0200] {processor.py:840} INFO - DAG(s) 'example_bash_operator' retrieved from /Users/pablofrancoherrero/prueba_tecnica/venv/lib/python3.11/site-packages/airflow/example_dags/example_bash_operator.py
[2026-04-29T10:16:55.506+0200] {logging_mixin.py:188} INFO - [2026-04-29T10:16:55.506+0200] {dag.py:3096} INFO - Sync 1 DAGs
[2026-04-29T10:16:55.511+0200] {logging_mixin.py:188} INFO - [2026-04-29T10:16:55.511+0200] {dag.py:3954} INFO - Setting next_dagrun for example_bash_operator to 2026-04-28 00:00:00+00:00, run_after=2026-04-29 00:00:00+00:00
[2026-04-29T10:16:55.516+0200] {processor.py:183} INFO - Processing /Users/pablofrancoherrero/prueba_tecnica/venv/lib/python3.11/site-packages/airflow/example_dags/example_bash_operator.py took 0.042 seconds
[2026-04-29T10:48:46.544+0200] {processor.py:161} INFO - Started process (PID=83705) to work on /Users/pablofrancoherrero/prueba_tecnica/venv/lib/python3.11/site-packages/airflow/example_dags/example_bash_operator.py
[2026-04-29T10:48:46.544+0200] {processor.py:830} INFO - Processing file /Users/pablofrancoherrero/prueba_tecnica/venv/lib/python3.11/site-packages/airflow/example_dags/example_bash_operator.py for tasks to queue
[2026-04-29T10:48:46.545+0200] {logging_mixin.py:188} INFO - [2026-04-29T10:48:46.545+0200] {dagbag.py:540} INFO - Filling up the DagBag from /Users/pablofrancoherrero/prueba_tecnica/venv/lib/python3.11/site-packages/airflow/example_dags/example_bash_operator.py
[2026-04-29T10:48:46.548+0200] {processor.py:840} INFO - DAG(s) 'example_bash_operator' retrieved from /Users/pablofrancoherrero/prueba_tecnica/venv/lib/python3.11/site-packages/airflow/example_dags/example_bash_operator.py
[2026-04-29T10:48:46.575+0200] {logging_mixin.py:188} INFO - [2026-04-29T10:48:46.575+0200] {dag.py:3096} INFO - Sync 1 DAGs
[2026-04-29T10:48:46.579+0200] {logging_mixin.py:188} INFO - [2026-04-29T10:48:46.579+0200] {dag.py:3954} INFO - Setting next_dagrun for example_bash_operator to 2026-04-28 00:00:00+00:00, run_after=2026-04-29 00:00:00+00:00
[2026-04-29T10:48:46.584+0200] {processor.py:183} INFO - Processing /Users/pablofrancoherrero/prueba_tecnica/venv/lib/python3.11/site-packages/airflow/example_dags/example_bash_operator.py took 0.041 seconds
[2026-04-29T11:22:55.378+0200] {processor.py:161} INFO - Started process (PID=83971) to work on /Users/pablofrancoherrero/prueba_tecnica/venv/lib/python3.11/site-packages/airflow/example_dags/example_bash_operator.py
[2026-04-29T11:22:55.378+0200] {processor.py:830} INFO - Processing file /Users/pablofrancoherrero/prueba_tecnica/venv/lib/python3.11/site-packages/airflow/example_dags/example_bash_operator.py for tasks to queue
[2026-04-29T11:22:55.379+0200] {logging_mixin.py:188} INFO - [2026-04-29T11:22:55.379+0200] {dagbag.py:540} INFO - Filling up the DagBag from /Users/pablofrancoherrero/prueba_tecnica/venv/lib/python3.11/site-packages/airflow/example_dags/example_bash_operator.py
[2026-04-29T11:22:55.382+0200] {processor.py:840} INFO - DAG(s) 'example_bash_operator' retrieved from /Users/pablofrancoherrero/prueba_tecnica/venv/lib/python3.11/site-packages/airflow/example_dags/example_bash_operator.py
[2026-04-29T11:22:55.409+0200] {logging_mixin.py:188} INFO - [2026-04-29T11:22:55.409+0200] {dag.py:3096} INFO - Sync 1 DAGs
[2026-04-29T11:22:55.413+0200] {logging_mixin.py:188} INFO - [2026-04-29T11:22:55.413+0200] {dag.py:3954} INFO - Setting next_dagrun for example_bash_operator to 2026-04-28 00:00:00+00:00, run_after=2026-04-29 00:00:00+00:00
[2026-04-29T11:22:55.418+0200] {processor.py:183} INFO - Processing /Users/pablofrancoherrero/prueba_tecnica/venv/lib/python3.11/site-packages/airflow/example_dags/example_bash_operator.py took 0.041 seconds
[2026-04-29T11:24:20.795+0200] {processor.py:161} INFO - Started process (PID=84085) to work on /Users/pablofrancoherrero/prueba_tecnica/venv/lib/python3.11/site-packages/airflow/example_dags/example_bash_operator.py
[2026-04-29T11:24:20.796+0200] {processor.py:830} INFO - Processing file /Users/pablofrancoherrero/prueba_tecnica/venv/lib/python3.11/site-packages/airflow/example_dags/example_bash_operator.py for tasks to queue
[2026-04-29T11:24:20.796+0200] {logging_mixin.py:188} INFO - [2026-04-29T11:24:20.796+0200] {dagbag.py:540} INFO - Filling up the DagBag from /Users/pablofrancoherrero/prueba_tecnica/venv/lib/python3.11/site-packages/airflow/example_dags/example_bash_operator.py
[2026-04-29T11:24:20.799+0200] {processor.py:840} INFO - DAG(s) 'example_bash_operator' retrieved from /Users/pablofrancoherrero/prueba_tecnica/venv/lib/python3.11/site-packages/airflow/example_dags/example_bash_operator.py
[2026-04-29T11:24:20.826+0200] {logging_mixin.py:188} INFO - [2026-04-29T11:24:20.826+0200] {dag.py:3096} INFO - Sync 1 DAGs
[2026-04-29T11:24:20.830+0200] {logging_mixin.py:188} INFO - [2026-04-29T11:24:20.830+0200] {dag.py:3954} INFO - Setting next_dagrun for example_bash_operator to 2026-04-28 00:00:00+00:00, run_after=2026-04-29 00:00:00+00:00
[2026-04-29T11:24:20.835+0200] {processor.py:183} INFO - Processing /Users/pablofrancoherrero/prueba_tecnica/venv/lib/python3.11/site-packages/airflow/example_dags/example_bash_operator.py took 0.040 seconds
[2026-04-29T11:25:39.983+0200] {processor.py:161} INFO - Started process (PID=84181) to work on /Users/pablofrancoherrero/prueba_tecnica/venv/lib/python3.11/site-packages/airflow/example_dags/example_bash_operator.py
[2026-04-29T11:25:39.984+0200] {processor.py:830} INFO - Processing file /Users/pablofrancoherrero/prueba_tecnica/venv/lib/python3.11/site-packages/airflow/example_dags/example_bash_operator.py for tasks to queue
[2026-04-29T11:25:39.984+0200] {logging_mixin.py:188} INFO - [2026-04-29T11:25:39.984+0200] {dagbag.py:540} INFO - Filling up the DagBag from /Users/pablofrancoherrero/prueba_tecnica/venv/lib/python3.11/site-packages/airflow/example_dags/example_bash_operator.py
[2026-04-29T11:25:39.987+0200] {processor.py:840} INFO - DAG(s) 'example_bash_operator' retrieved from /Users/pablofrancoherrero/prueba_tecnica/venv/lib/python3.11/site-packages/airflow/example_dags/example_bash_operator.py
[2026-04-29T11:25:40.014+0200] {logging_mixin.py:188} INFO - [2026-04-29T11:25:40.014+0200] {dag.py:3096} INFO - Sync 1 DAGs
[2026-04-29T11:25:40.019+0200] {logging_mixin.py:188} INFO - [2026-04-29T11:25:40.019+0200] {dag.py:3954} INFO - Setting next_dagrun for example_bash_operator to 2026-04-28 00:00:00+00:00, run_after=2026-04-29 00:00:00+00:00
[2026-04-29T11:25:40.024+0200] {processor.py:183} INFO - Processing /Users/pablofrancoherrero/prueba_tecnica/venv/lib/python3.11/site-packages/airflow/example_dags/example_bash_operator.py took 0.041 seconds
[2026-04-29T11:31:52.271+0200] {processor.py:161} INFO - Started process (PID=84314) to work on /Users/pablofrancoherrero/prueba_tecnica/venv/lib/python3.11/site-packages/airflow/example_dags/example_bash_operator.py
[2026-04-29T11:31:52.272+0200] {processor.py:830} INFO - Processing file /Users/pablofrancoherrero/prueba_tecnica/venv/lib/python3.11/site-packages/airflow/example_dags/example_bash_operator.py for tasks to queue
[2026-04-29T11:31:52.272+0200] {logging_mixin.py:188} INFO - [2026-04-29T11:31:52.272+0200] {dagbag.py:540} INFO - Filling up the DagBag from /Users/pablofrancoherrero/prueba_tecnica/venv/lib/python3.11/site-packages/airflow/example_dags/example_bash_operator.py
[2026-04-29T11:31:52.275+0200] {processor.py:840} INFO - DAG(s) 'example_bash_operator' retrieved from /Users/pablofrancoherrero/prueba_tecnica/venv/lib/python3.11/site-packages/airflow/example_dags/example_bash_operator.py
[2026-04-29T11:31:52.303+0200] {logging_mixin.py:188} INFO - [2026-04-29T11:31:52.303+0200] {dag.py:3096} INFO - Sync 1 DAGs
[2026-04-29T11:31:52.307+0200] {logging_mixin.py:188} INFO - [2026-04-29T11:31:52.307+0200] {dag.py:3954} INFO - Setting next_dagrun for example_bash_operator to 2026-04-28 00:00:00+00:00, run_after=2026-04-29 00:00:00+00:00
[2026-04-29T11:31:52.312+0200] {processor.py:183} INFO - Processing /Users/pablofrancoherrero/prueba_tecnica/venv/lib/python3.11/site-packages/airflow/example_dags/example_bash_operator.py took 0.042 seconds
[2026-04-29T11:47:41.476+0200] {processor.py:161} INFO - Started process (PID=84470) to work on /Users/pablofrancoherrero/prueba_tecnica/venv/lib/python3.11/site-packages/airflow/example_dags/example_bash_operator.py
[2026-04-29T11:47:41.476+0200] {processor.py:830} INFO - Processing file /Users/pablofrancoherrero/prueba_tecnica/venv/lib/python3.11/site-packages/airflow/example_dags/example_bash_operator.py for tasks to queue
[2026-04-29T11:47:41.477+0200] {logging_mixin.py:188} INFO - [2026-04-29T11:47:41.477+0200] {dagbag.py:540} INFO - Filling up the DagBag from /Users/pablofrancoherrero/prueba_tecnica/venv/lib/python3.11/site-packages/airflow/example_dags/example_bash_operator.py
[2026-04-29T11:47:41.480+0200] {processor.py:840} INFO - DAG(s) 'example_bash_operator' retrieved from /Users/pablofrancoherrero/prueba_tecnica/venv/lib/python3.11/site-packages/airflow/example_dags/example_bash_operator.py
[2026-04-29T11:47:41.507+0200] {logging_mixin.py:188} INFO - [2026-04-29T11:47:41.507+0200] {dag.py:3096} INFO - Sync 1 DAGs
[2026-04-29T11:47:41.512+0200] {logging_mixin.py:188} INFO - [2026-04-29T11:47:41.512+0200] {dag.py:3954} INFO - Setting next_dagrun for example_bash_operator to 2026-04-28 00:00:00+00:00, run_after=2026-04-29 00:00:00+00:00
[2026-04-29T11:47:41.517+0200] {processor.py:183} INFO - Processing /Users/pablofrancoherrero/prueba_tecnica/venv/lib/python3.11/site-packages/airflow/example_dags/example_bash_operator.py took 0.041 seconds
[2026-04-29T11:55:30.043+0200] {processor.py:161} INFO - Started process (PID=84630) to work on /Users/pablofrancoherrero/prueba_tecnica/venv/lib/python3.11/site-packages/airflow/example_dags/example_bash_operator.py
[2026-04-29T11:55:30.044+0200] {processor.py:830} INFO - Processing file /Users/pablofrancoherrero/prueba_tecnica/venv/lib/python3.11/site-packages/airflow/example_dags/example_bash_operator.py for tasks to queue
[2026-04-29T11:55:30.044+0200] {logging_mixin.py:188} INFO - [2026-04-29T11:55:30.044+0200] {dagbag.py:540} INFO - Filling up the DagBag from /Users/pablofrancoherrero/prueba_tecnica/venv/lib/python3.11/site-packages/airflow/example_dags/example_bash_operator.py
[2026-04-29T11:55:30.047+0200] {processor.py:840} INFO - DAG(s) 'example_bash_operator' retrieved from /Users/pablofrancoherrero/prueba_tecnica/venv/lib/python3.11/site-packages/airflow/example_dags/example_bash_operator.py
[2026-04-29T11:55:30.074+0200] {logging_mixin.py:188} INFO - [2026-04-29T11:55:30.074+0200] {dag.py:3096} INFO - Sync 1 DAGs
[2026-04-29T11:55:30.078+0200] {logging_mixin.py:188} INFO - [2026-04-29T11:55:30.078+0200] {dag.py:3954} INFO - Setting next_dagrun for example_bash_operator to 2026-04-28 00:00:00+00:00, run_after=2026-04-29 00:00:00+00:00
[2026-04-29T11:55:30.083+0200] {processor.py:183} INFO - Processing /Users/pablofrancoherrero/prueba_tecnica/venv/lib/python3.11/site-packages/airflow/example_dags/example_bash_operator.py took 0.041 seconds
[2026-04-29T12:06:04.430+0200] {processor.py:161} INFO - Started process (PID=84814) to work on /Users/pablofrancoherrero/prueba_tecnica/venv/lib/python3.11/site-packages/airflow/example_dags/example_bash_operator.py
[2026-04-29T12:06:04.431+0200] {processor.py:830} INFO - Processing file /Users/pablofrancoherrero/prueba_tecnica/venv/lib/python3.11/site-packages/airflow/example_dags/example_bash_operator.py for tasks to queue
[2026-04-29T12:06:04.431+0200] {logging_mixin.py:188} INFO - [2026-04-29T12:06:04.431+0200] {dagbag.py:540} INFO - Filling up the DagBag from /Users/pablofrancoherrero/prueba_tecnica/venv/lib/python3.11/site-packages/airflow/example_dags/example_bash_operator.py
[2026-04-29T12:06:04.434+0200] {processor.py:840} INFO - DAG(s) 'example_bash_operator' retrieved from /Users/pablofrancoherrero/prueba_tecnica/venv/lib/python3.11/site-packages/airflow/example_dags/example_bash_operator.py
[2026-04-29T12:06:04.461+0200] {logging_mixin.py:188} INFO - [2026-04-29T12:06:04.461+0200] {dag.py:3096} INFO - Sync 1 DAGs
[2026-04-29T12:06:04.466+0200] {logging_mixin.py:188} INFO - [2026-04-29T12:06:04.466+0200] {dag.py:3954} INFO - Setting next_dagrun for example_bash_operator to 2026-04-28 00:00:00+00:00, run_after=2026-04-29 00:00:00+00:00
[2026-04-29T12:06:04.471+0200] {processor.py:183} INFO - Processing /Users/pablofrancoherrero/prueba_tecnica/venv/lib/python3.11/site-packages/airflow/example_dags/example_bash_operator.py took 0.043 seconds
[2026-04-29T12:07:52.003+0200] {processor.py:161} INFO - Started process (PID=84942) to work on /Users/pablofrancoherrero/prueba_tecnica/venv/lib/python3.11/site-packages/airflow/example_dags/example_bash_operator.py
[2026-04-29T12:07:52.004+0200] {processor.py:830} INFO - Processing file /Users/pablofrancoherrero/prueba_tecnica/venv/lib/python3.11/site-packages/airflow/example_dags/example_bash_operator.py for tasks to queue
[2026-04-29T12:07:52.004+0200] {logging_mixin.py:188} INFO - [2026-04-29T12:07:52.004+0200] {dagbag.py:540} INFO - Filling up the DagBag from /Users/pablofrancoherrero/prueba_tecnica/venv/lib/python3.11/site-packages/airflow/example_dags/example_bash_operator.py
[2026-04-29T12:07:52.007+0200] {processor.py:840} INFO - DAG(s) 'example_bash_operator' retrieved from /Users/pablofrancoherrero/prueba_tecnica/venv/lib/python3.11/site-packages/airflow/example_dags/example_bash_operator.py
[2026-04-29T12:07:52.034+0200] {logging_mixin.py:188} INFO - [2026-04-29T12:07:52.034+0200] {dag.py:3096} INFO - Sync 1 DAGs
[2026-04-29T12:07:52.038+0200] {logging_mixin.py:188} INFO - [2026-04-29T12:07:52.038+0200] {dag.py:3954} INFO - Setting next_dagrun for example_bash_operator to 2026-04-28 00:00:00+00:00, run_after=2026-04-29 00:00:00+00:00
[2026-04-29T12:07:52.043+0200] {processor.py:183} INFO - Processing /Users/pablofrancoherrero/prueba_tecnica/venv/lib/python3.11/site-packages/airflow/example_dags/example_bash_operator.py took 0.041 seconds
[2026-04-29T12:27:03.149+0200] {processor.py:161} INFO - Started process (PID=85146) to work on /Users/pablofrancoherrero/prueba_tecnica/venv/lib/python3.11/site-packages/airflow/example_dags/example_bash_operator.py
[2026-04-29T12:27:03.150+0200] {processor.py:830} INFO - Processing file /Users/pablofrancoherrero/prueba_tecnica/venv/lib/python3.11/site-packages/airflow/example_dags/example_bash_operator.py for tasks to queue
[2026-04-29T12:27:03.151+0200] {logging_mixin.py:188} INFO - [2026-04-29T12:27:03.151+0200] {dagbag.py:540} INFO - Filling up the DagBag from /Users/pablofrancoherrero/prueba_tecnica/venv/lib/python3.11/site-packages/airflow/example_dags/example_bash_operator.py
[2026-04-29T12:27:03.154+0200] {processor.py:840} INFO - DAG(s) 'example_bash_operator' retrieved from /Users/pablofrancoherrero/prueba_tecnica/venv/lib/python3.11/site-packages/airflow/example_dags/example_bash_operator.py
[2026-04-29T12:27:03.182+0200] {logging_mixin.py:188} INFO - [2026-04-29T12:27:03.182+0200] {dag.py:3096} INFO - Sync 1 DAGs
[2026-04-29T12:27:03.186+0200] {logging_mixin.py:188} INFO - [2026-04-29T12:27:03.186+0200] {dag.py:3954} INFO - Setting next_dagrun for example_bash_operator to 2026-04-28 00:00:00+00:00, run_after=2026-04-29 00:00:00+00:00
[2026-04-29T12:27:03.191+0200] {processor.py:183} INFO - Processing /Users/pablofrancoherrero/prueba_tecnica/venv/lib/python3.11/site-packages/airflow/example_dags/example_bash_operator.py took 0.043 seconds
[2026-04-29T12:28:31.347+0200] {processor.py:161} INFO - Started process (PID=85271) to work on /Users/pablofrancoherrero/prueba_tecnica/venv/lib/python3.11/site-packages/airflow/example_dags/example_bash_operator.py
[2026-04-29T12:28:31.348+0200] {processor.py:830} INFO - Processing file /Users/pablofrancoherrero/prueba_tecnica/venv/lib/python3.11/site-packages/airflow/example_dags/example_bash_operator.py for tasks to queue
[2026-04-29T12:28:31.348+0200] {logging_mixin.py:188} INFO - [2026-04-29T12:28:31.348+0200] {dagbag.py:540} INFO - Filling up the DagBag from /Users/pablofrancoherrero/prueba_tecnica/venv/lib/python3.11/site-packages/airflow/example_dags/example_bash_operator.py
[2026-04-29T12:28:31.351+0200] {processor.py:840} INFO - DAG(s) 'example_bash_operator' retrieved from /Users/pablofrancoherrero/prueba_tecnica/venv/lib/python3.11/site-packages/airflow/example_dags/example_bash_operator.py
[2026-04-29T12:28:31.379+0200] {logging_mixin.py:188} INFO - [2026-04-29T12:28:31.379+0200] {dag.py:3096} INFO - Sync 1 DAGs
[2026-04-29T12:28:31.384+0200] {logging_mixin.py:188} INFO - [2026-04-29T12:28:31.384+0200] {dag.py:3954} INFO - Setting next_dagrun for example_bash_operator to 2026-04-28 00:00:00+00:00, run_after=2026-04-29 00:00:00+00:00
[2026-04-29T12:28:31.389+0200] {processor.py:183} INFO - Processing /Users/pablofrancoherrero/prueba_tecnica/venv/lib/python3.11/site-packages/airflow/example_dags/example_bash_operator.py took 0.043 seconds
[2026-04-29T12:29:53.070+0200] {processor.py:161} INFO - Started process (PID=85397) to work on /Users/pablofrancoherrero/prueba_tecnica/venv/lib/python3.11/site-packages/airflow/example_dags/example_bash_operator.py
[2026-04-29T12:29:53.071+0200] {processor.py:830} INFO - Processing file /Users/pablofrancoherrero/prueba_tecnica/venv/lib/python3.11/site-packages/airflow/example_dags/example_bash_operator.py for tasks to queue
[2026-04-29T12:29:53.071+0200] {logging_mixin.py:188} INFO - [2026-04-29T12:29:53.071+0200] {dagbag.py:540} INFO - Filling up the DagBag from /Users/pablofrancoherrero/prueba_tecnica/venv/lib/python3.11/site-packages/airflow/example_dags/example_bash_operator.py
[2026-04-29T12:29:53.075+0200] {processor.py:840} INFO - DAG(s) 'example_bash_operator' retrieved from /Users/pablofrancoherrero/prueba_tecnica/venv/lib/python3.11/site-packages/airflow/example_dags/example_bash_operator.py
[2026-04-29T12:29:53.103+0200] {logging_mixin.py:188} INFO - [2026-04-29T12:29:53.102+0200] {dag.py:3096} INFO - Sync 1 DAGs
[2026-04-29T12:29:53.107+0200] {logging_mixin.py:188} INFO - [2026-04-29T12:29:53.107+0200] {dag.py:3954} INFO - Setting next_dagrun for example_bash_operator to 2026-04-28 00:00:00+00:00, run_after=2026-04-29 00:00:00+00:00
[2026-04-29T12:29:53.112+0200] {processor.py:183} INFO - Processing /Users/pablofrancoherrero/prueba_tecnica/venv/lib/python3.11/site-packages/airflow/example_dags/example_bash_operator.py took 0.043 seconds
[2026-04-29T12:31:15.715+0200] {processor.py:161} INFO - Started process (PID=85502) to work on /Users/pablofrancoherrero/prueba_tecnica/venv/lib/python3.11/site-packages/airflow/example_dags/example_bash_operator.py
[2026-04-29T12:31:15.716+0200] {processor.py:830} INFO - Processing file /Users/pablofrancoherrero/prueba_tecnica/venv/lib/python3.11/site-packages/airflow/example_dags/example_bash_operator.py for tasks to queue
[2026-04-29T12:31:15.716+0200] {logging_mixin.py:188} INFO - [2026-04-29T12:31:15.716+0200] {dagbag.py:540} INFO - Filling up the DagBag from /Users/pablofrancoherrero/prueba_tecnica/venv/lib/python3.11/site-packages/airflow/example_dags/example_bash_operator.py
[2026-04-29T12:31:15.719+0200] {processor.py:840} INFO - DAG(s) 'example_bash_operator' retrieved from /Users/pablofrancoherrero/prueba_tecnica/venv/lib/python3.11/site-packages/airflow/example_dags/example_bash_operator.py
[2026-04-29T12:31:15.748+0200] {logging_mixin.py:188} INFO - [2026-04-29T12:31:15.747+0200] {dag.py:3096} INFO - Sync 1 DAGs
[2026-04-29T12:31:15.752+0200] {logging_mixin.py:188} INFO - [2026-04-29T12:31:15.752+0200] {dag.py:3954} INFO - Setting next_dagrun for example_bash_operator to 2026-04-28 00:00:00+00:00, run_after=2026-04-29 00:00:00+00:00
[2026-04-29T12:31:15.757+0200] {processor.py:183} INFO - Processing /Users/pablofrancoherrero/prueba_tecnica/venv/lib/python3.11/site-packages/airflow/example_dags/example_bash_operator.py took 0.044 seconds
[2026-04-29T12:32:38.778+0200] {processor.py:161} INFO - Started process (PID=85609) to work on /Users/pablofrancoherrero/prueba_tecnica/venv/lib/python3.11/site-packages/airflow/example_dags/example_bash_operator.py
[2026-04-29T12:32:38.778+0200] {processor.py:830} INFO - Processing file /Users/pablofrancoherrero/prueba_tecnica/venv/lib/python3.11/site-packages/airflow/example_dags/example_bash_operator.py for tasks to queue
[2026-04-29T12:32:38.779+0200] {logging_mixin.py:188} INFO - [2026-04-29T12:32:38.779+0200] {dagbag.py:540} INFO - Filling up the DagBag from /Users/pablofrancoherrero/prueba_tecnica/venv/lib/python3.11/site-packages/airflow/example_dags/example_bash_operator.py
[2026-04-29T12:32:38.783+0200] {processor.py:840} INFO - DAG(s) 'example_bash_operator' retrieved from /Users/pablofrancoherrero/prueba_tecnica/venv/lib/python3.11/site-packages/airflow/example_dags/example_bash_operator.py
[2026-04-29T12:32:38.813+0200] {logging_mixin.py:188} INFO - [2026-04-29T12:32:38.813+0200] {dag.py:3096} INFO - Sync 1 DAGs
[2026-04-29T12:32:38.818+0200] {logging_mixin.py:188} INFO - [2026-04-29T12:32:38.818+0200] {dag.py:3954} INFO - Setting next_dagrun for example_bash_operator to 2026-04-28 00:00:00+00:00, run_after=2026-04-29 00:00:00+00:00
[2026-04-29T12:32:38.824+0200] {processor.py:183} INFO - Processing /Users/pablofrancoherrero/prueba_tecnica/venv/lib/python3.11/site-packages/airflow/example_dags/example_bash_operator.py took 0.047 seconds
[2026-04-29T12:34:02.083+0200] {processor.py:161} INFO - Started process (PID=85713) to work on /Users/pablofrancoherrero/prueba_tecnica/venv/lib/python3.11/site-packages/airflow/example_dags/example_bash_operator.py
[2026-04-29T12:34:02.084+0200] {processor.py:830} INFO - Processing file /Users/pablofrancoherrero/prueba_tecnica/venv/lib/python3.11/site-packages/airflow/example_dags/example_bash_operator.py for tasks to queue
[2026-04-29T12:34:02.084+0200] {logging_mixin.py:188} INFO - [2026-04-29T12:34:02.084+0200] {dagbag.py:540} INFO - Filling up the DagBag from /Users/pablofrancoherrero/prueba_tecnica/venv/lib/python3.11/site-packages/airflow/example_dags/example_bash_operator.py
[2026-04-29T12:34:02.088+0200] {processor.py:840} INFO - DAG(s) 'example_bash_operator' retrieved from /Users/pablofrancoherrero/prueba_tecnica/venv/lib/python3.11/site-packages/airflow/example_dags/example_bash_operator.py
[2026-04-29T12:34:02.116+0200] {logging_mixin.py:188} INFO - [2026-04-29T12:34:02.116+0200] {dag.py:3096} INFO - Sync 1 DAGs
[2026-04-29T12:34:02.121+0200] {logging_mixin.py:188} INFO - [2026-04-29T12:34:02.121+0200] {dag.py:3954} INFO - Setting next_dagrun for example_bash_operator to 2026-04-28 00:00:00+00:00, run_after=2026-04-29 00:00:00+00:00
[2026-04-29T12:34:02.127+0200] {processor.py:183} INFO - Processing /Users/pablofrancoherrero/prueba_tecnica/venv/lib/python3.11/site-packages/airflow/example_dags/example_bash_operator.py took 0.044 seconds
[2026-04-29T12:35:20.827+0200] {processor.py:161} INFO - Started process (PID=85825) to work on /Users/pablofrancoherrero/prueba_tecnica/venv/lib/python3.11/site-packages/airflow/example_dags/example_bash_operator.py
[2026-04-29T12:35:20.828+0200] {processor.py:830} INFO - Processing file /Users/pablofrancoherrero/prueba_tecnica/venv/lib/python3.11/site-packages/airflow/example_dags/example_bash_operator.py for tasks to queue
[2026-04-29T12:35:20.828+0200] {logging_mixin.py:188} INFO - [2026-04-29T12:35:20.828+0200] {dagbag.py:540} INFO - Filling up the DagBag from /Users/pablofrancoherrero/prueba_tecnica/venv/lib/python3.11/site-packages/airflow/example_dags/example_bash_operator.py
[2026-04-29T12:35:20.831+0200] {processor.py:840} INFO - DAG(s) 'example_bash_operator' retrieved from /Users/pablofrancoherrero/prueba_tecnica/venv/lib/python3.11/site-packages/airflow/example_dags/example_bash_operator.py
[2026-04-29T12:35:20.860+0200] {logging_mixin.py:188} INFO - [2026-04-29T12:35:20.860+0200] {dag.py:3096} INFO - Sync 1 DAGs
[2026-04-29T12:35:20.865+0200] {logging_mixin.py:188} INFO - [2026-04-29T12:35:20.865+0200] {dag.py:3954} INFO - Setting next_dagrun for example_bash_operator to 2026-04-28 00:00:00+00:00, run_after=2026-04-29 00:00:00+00:00
[2026-04-29T12:35:20.870+0200] {processor.py:183} INFO - Processing /Users/pablofrancoherrero/prueba_tecnica/venv/lib/python3.11/site-packages/airflow/example_dags/example_bash_operator.py took 0.044 seconds
[2026-04-29T12:36:43.403+0200] {processor.py:161} INFO - Started process (PID=85930) to work on /Users/pablofrancoherrero/prueba_tecnica/venv/lib/python3.11/site-packages/airflow/example_dags/example_bash_operator.py
[2026-04-29T12:36:43.403+0200] {processor.py:830} INFO - Processing file /Users/pablofrancoherrero/prueba_tecnica/venv/lib/python3.11/site-packages/airflow/example_dags/example_bash_operator.py for tasks to queue
[2026-04-29T12:36:43.404+0200] {logging_mixin.py:188} INFO - [2026-04-29T12:36:43.404+0200] {dagbag.py:540} INFO - Filling up the DagBag from /Users/pablofrancoherrero/prueba_tecnica/venv/lib/python3.11/site-packages/airflow/example_dags/example_bash_operator.py
[2026-04-29T12:36:43.407+0200] {processor.py:840} INFO - DAG(s) 'example_bash_operator' retrieved from /Users/pablofrancoherrero/prueba_tecnica/venv/lib/python3.11/site-packages/airflow/example_dags/example_bash_operator.py
[2026-04-29T12:36:43.435+0200] {logging_mixin.py:188} INFO - [2026-04-29T12:36:43.435+0200] {dag.py:3096} INFO - Sync 1 DAGs
[2026-04-29T12:36:43.439+0200] {logging_mixin.py:188} INFO - [2026-04-29T12:36:43.439+0200] {dag.py:3954} INFO - Setting next_dagrun for example_bash_operator to 2026-04-28 00:00:00+00:00, run_after=2026-04-29 00:00:00+00:00
[2026-04-29T12:36:43.444+0200] {processor.py:183} INFO - Processing /Users/pablofrancoherrero/prueba_tecnica/venv/lib/python3.11/site-packages/airflow/example_dags/example_bash_operator.py took 0.042 seconds
[2026-04-29T12:38:03.973+0200] {processor.py:161} INFO - Started process (PID=86017) to work on /Users/pablofrancoherrero/prueba_tecnica/venv/lib/python3.11/site-packages/airflow/example_dags/example_bash_operator.py
[2026-04-29T12:38:03.974+0200] {processor.py:830} INFO - Processing file /Users/pablofrancoherrero/prueba_tecnica/venv/lib/python3.11/site-packages/airflow/example_dags/example_bash_operator.py for tasks to queue
[2026-04-29T12:38:03.974+0200] {logging_mixin.py:188} INFO - [2026-04-29T12:38:03.974+0200] {dagbag.py:540} INFO - Filling up the DagBag from /Users/pablofrancoherrero/prueba_tecnica/venv/lib/python3.11/site-packages/airflow/example_dags/example_bash_operator.py
[2026-04-29T12:38:03.977+0200] {processor.py:840} INFO - DAG(s) 'example_bash_operator' retrieved from /Users/pablofrancoherrero/prueba_tecnica/venv/lib/python3.11/site-packages/airflow/example_dags/example_bash_operator.py
[2026-04-29T12:38:04.006+0200] {logging_mixin.py:188} INFO - [2026-04-29T12:38:04.006+0200] {dag.py:3096} INFO - Sync 1 DAGs
[2026-04-29T12:38:04.011+0200] {logging_mixin.py:188} INFO - [2026-04-29T12:38:04.011+0200] {dag.py:3954} INFO - Setting next_dagrun for example_bash_operator to 2026-04-28 00:00:00+00:00, run_after=2026-04-29 00:00:00+00:00
[2026-04-29T12:38:04.016+0200] {processor.py:183} INFO - Processing /Users/pablofrancoherrero/prueba_tecnica/venv/lib/python3.11/site-packages/airflow/example_dags/example_bash_operator.py took 0.044 seconds
[2026-04-29T12:39:25.414+0200] {processor.py:161} INFO - Started process (PID=86144) to work on /Users/pablofrancoherrero/prueba_tecnica/venv/lib/python3.11/site-packages/airflow/example_dags/example_bash_operator.py
[2026-04-29T12:39:25.414+0200] {processor.py:830} INFO - Processing file /Users/pablofrancoherrero/prueba_tecnica/venv/lib/python3.11/site-packages/airflow/example_dags/example_bash_operator.py for tasks to queue
[2026-04-29T12:39:25.414+0200] {logging_mixin.py:188} INFO - [2026-04-29T12:39:25.414+0200] {dagbag.py:540} INFO - Filling up the DagBag from /Users/pablofrancoherrero/prueba_tecnica/venv/lib/python3.11/site-packages/airflow/example_dags/example_bash_operator.py
[2026-04-29T12:39:25.418+0200] {processor.py:840} INFO - DAG(s) 'example_bash_operator' retrieved from /Users/pablofrancoherrero/prueba_tecnica/venv/lib/python3.11/site-packages/airflow/example_dags/example_bash_operator.py
[2026-04-29T12:39:25.446+0200] {logging_mixin.py:188} INFO - [2026-04-29T12:39:25.446+0200] {dag.py:3096} INFO - Sync 1 DAGs
[2026-04-29T12:39:25.451+0200] {logging_mixin.py:188} INFO - [2026-04-29T12:39:25.451+0200] {dag.py:3954} INFO - Setting next_dagrun for example_bash_operator to 2026-04-28 00:00:00+00:00, run_after=2026-04-29 00:00:00+00:00
[2026-04-29T12:39:25.456+0200] {processor.py:183} INFO - Processing /Users/pablofrancoherrero/prueba_tecnica/venv/lib/python3.11/site-packages/airflow/example_dags/example_bash_operator.py took 0.043 seconds
