[2026-04-29T02:01:05.202+0200] {processor.py:161} INFO - Started process (PID=70673) to work on /Users/pablofrancoherrero/prueba_tecnica/venv/lib/python3.11/site-packages/airflow/example_dags/example_short_circuit_decorator.py
[2026-04-29T02:01:05.202+0200] {processor.py:830} INFO - Processing file /Users/pablofrancoherrero/prueba_tecnica/venv/lib/python3.11/site-packages/airflow/example_dags/example_short_circuit_decorator.py for tasks to queue
[2026-04-29T02:01:05.203+0200] {logging_mixin.py:188} INFO - [2026-04-29T02:01:05.203+0200] {dagbag.py:540} INFO - Filling up the DagBag from /Users/pablofrancoherrero/prueba_tecnica/venv/lib/python3.11/site-packages/airflow/example_dags/example_short_circuit_decorator.py
[2026-04-29T02:01:05.219+0200] {processor.py:840} INFO - DAG(s) 'example_short_circuit_decorator' retrieved from /Users/pablofrancoherrero/prueba_tecnica/venv/lib/python3.11/site-packages/airflow/example_dags/example_short_circuit_decorator.py
[2026-04-29T02:01:05.263+0200] {logging_mixin.py:188} INFO - [2026-04-29T02:01:05.263+0200] {dag.py:3096} INFO - Sync 1 DAGs
[2026-04-29T02:01:05.268+0200] {logging_mixin.py:188} INFO - [2026-04-29T02:01:05.268+0200] {dag.py:3954} INFO - Setting next_dagrun for example_short_circuit_decorator to 2026-04-28 00:00:00+00:00, run_after=2026-04-29 00:00:00+00:00
[2026-04-29T02:01:05.273+0200] {processor.py:183} INFO - Processing /Users/pablofrancoherrero/prueba_tecnica/venv/lib/python3.11/site-packages/airflow/example_dags/example_short_circuit_decorator.py took 0.072 seconds
[2026-04-29T02:02:28.171+0200] {processor.py:161} INFO - Started process (PID=70772) to work on /Users/pablofrancoherrero/prueba_tecnica/venv/lib/python3.11/site-packages/airflow/example_dags/example_short_circuit_decorator.py
[2026-04-29T02:02:28.172+0200] {processor.py:830} INFO - Processing file /Users/pablofrancoherrero/prueba_tecnica/venv/lib/python3.11/site-packages/airflow/example_dags/example_short_circuit_decorator.py for tasks to queue
[2026-04-29T02:02:28.173+0200] {logging_mixin.py:188} INFO - [2026-04-29T02:02:28.173+0200] {dagbag.py:540} INFO - Filling up the DagBag from /Users/pablofrancoherrero/prueba_tecnica/venv/lib/python3.11/site-packages/airflow/example_dags/example_short_circuit_decorator.py
[2026-04-29T02:02:28.184+0200] {processor.py:840} INFO - DAG(s) 'example_short_circuit_decorator' retrieved from /Users/pablofrancoherrero/prueba_tecnica/venv/lib/python3.11/site-packages/airflow/example_dags/example_short_circuit_decorator.py
[2026-04-29T02:02:28.209+0200] {logging_mixin.py:188} INFO - [2026-04-29T02:02:28.209+0200] {dag.py:3096} INFO - Sync 1 DAGs
[2026-04-29T02:02:28.213+0200] {logging_mixin.py:188} INFO - [2026-04-29T02:02:28.213+0200] {dag.py:3954} INFO - Setting next_dagrun for example_short_circuit_decorator to 2026-04-28 00:00:00+00:00, run_after=2026-04-29 00:00:00+00:00
[2026-04-29T02:02:28.218+0200] {processor.py:183} INFO - Processing /Users/pablofrancoherrero/prueba_tecnica/venv/lib/python3.11/site-packages/airflow/example_dags/example_short_circuit_decorator.py took 0.047 seconds
[2026-04-29T02:03:47.743+0200] {processor.py:161} INFO - Started process (PID=70855) to work on /Users/pablofrancoherrero/prueba_tecnica/venv/lib/python3.11/site-packages/airflow/example_dags/example_short_circuit_decorator.py
[2026-04-29T02:03:47.744+0200] {processor.py:830} INFO - Processing file /Users/pablofrancoherrero/prueba_tecnica/venv/lib/python3.11/site-packages/airflow/example_dags/example_short_circuit_decorator.py for tasks to queue
[2026-04-29T02:03:47.744+0200] {logging_mixin.py:188} INFO - [2026-04-29T02:03:47.744+0200] {dagbag.py:540} INFO - Filling up the DagBag from /Users/pablofrancoherrero/prueba_tecnica/venv/lib/python3.11/site-packages/airflow/example_dags/example_short_circuit_decorator.py
[2026-04-29T02:03:47.756+0200] {processor.py:840} INFO - DAG(s) 'example_short_circuit_decorator' retrieved from /Users/pablofrancoherrero/prueba_tecnica/venv/lib/python3.11/site-packages/airflow/example_dags/example_short_circuit_decorator.py
[2026-04-29T02:03:47.780+0200] {logging_mixin.py:188} INFO - [2026-04-29T02:03:47.780+0200] {dag.py:3096} INFO - Sync 1 DAGs
[2026-04-29T02:03:47.785+0200] {logging_mixin.py:188} INFO - [2026-04-29T02:03:47.784+0200] {dag.py:3954} INFO - Setting next_dagrun for example_short_circuit_decorator to 2026-04-28 00:00:00+00:00, run_after=2026-04-29 00:00:00+00:00
[2026-04-29T02:03:47.789+0200] {processor.py:183} INFO - Processing /Users/pablofrancoherrero/prueba_tecnica/venv/lib/python3.11/site-packages/airflow/example_dags/example_short_circuit_decorator.py took 0.046 seconds
[2026-04-29T02:05:05.281+0200] {processor.py:161} INFO - Started process (PID=70956) to work on /Users/pablofrancoherrero/prueba_tecnica/venv/lib/python3.11/site-packages/airflow/example_dags/example_short_circuit_decorator.py
[2026-04-29T02:05:05.282+0200] {processor.py:830} INFO - Processing file /Users/pablofrancoherrero/prueba_tecnica/venv/lib/python3.11/site-packages/airflow/example_dags/example_short_circuit_decorator.py for tasks to queue
[2026-04-29T02:05:05.282+0200] {logging_mixin.py:188} INFO - [2026-04-29T02:05:05.282+0200] {dagbag.py:540} INFO - Filling up the DagBag from /Users/pablofrancoherrero/prueba_tecnica/venv/lib/python3.11/site-packages/airflow/example_dags/example_short_circuit_decorator.py
[2026-04-29T02:05:05.294+0200] {processor.py:840} INFO - DAG(s) 'example_short_circuit_decorator' retrieved from /Users/pablofrancoherrero/prueba_tecnica/venv/lib/python3.11/site-packages/airflow/example_dags/example_short_circuit_decorator.py
[2026-04-29T02:05:05.321+0200] {logging_mixin.py:188} INFO - [2026-04-29T02:05:05.321+0200] {dag.py:3096} INFO - Sync 1 DAGs
[2026-04-29T02:05:05.325+0200] {logging_mixin.py:188} INFO - [2026-04-29T02:05:05.325+0200] {dag.py:3954} INFO - Setting next_dagrun for example_short_circuit_decorator to 2026-04-28 00:00:00+00:00, run_after=2026-04-29 00:00:00+00:00
[2026-04-29T02:05:05.330+0200] {processor.py:183} INFO - Processing /Users/pablofrancoherrero/prueba_tecnica/venv/lib/python3.11/site-packages/airflow/example_dags/example_short_circuit_decorator.py took 0.049 seconds
[2026-04-29T02:06:27.210+0200] {processor.py:161} INFO - Started process (PID=71043) to work on /Users/pablofrancoherrero/prueba_tecnica/venv/lib/python3.11/site-packages/airflow/example_dags/example_short_circuit_decorator.py
[2026-04-29T02:06:27.211+0200] {processor.py:830} INFO - Processing file /Users/pablofrancoherrero/prueba_tecnica/venv/lib/python3.11/site-packages/airflow/example_dags/example_short_circuit_decorator.py for tasks to queue
[2026-04-29T02:06:27.211+0200] {logging_mixin.py:188} INFO - [2026-04-29T02:06:27.211+0200] {dagbag.py:540} INFO - Filling up the DagBag from /Users/pablofrancoherrero/prueba_tecnica/venv/lib/python3.11/site-packages/airflow/example_dags/example_short_circuit_decorator.py
[2026-04-29T02:06:27.223+0200] {processor.py:840} INFO - DAG(s) 'example_short_circuit_decorator' retrieved from /Users/pablofrancoherrero/prueba_tecnica/venv/lib/python3.11/site-packages/airflow/example_dags/example_short_circuit_decorator.py
[2026-04-29T02:06:27.248+0200] {logging_mixin.py:188} INFO - [2026-04-29T02:06:27.248+0200] {dag.py:3096} INFO - Sync 1 DAGs
[2026-04-29T02:06:27.252+0200] {logging_mixin.py:188} INFO - [2026-04-29T02:06:27.252+0200] {dag.py:3954} INFO - Setting next_dagrun for example_short_circuit_decorator to 2026-04-28 00:00:00+00:00, run_after=2026-04-29 00:00:00+00:00
[2026-04-29T02:06:27.257+0200] {processor.py:183} INFO - Processing /Users/pablofrancoherrero/prueba_tecnica/venv/lib/python3.11/site-packages/airflow/example_dags/example_short_circuit_decorator.py took 0.047 seconds
[2026-04-29T02:07:47.126+0200] {processor.py:161} INFO - Started process (PID=71130) to work on /Users/pablofrancoherrero/prueba_tecnica/venv/lib/python3.11/site-packages/airflow/example_dags/example_short_circuit_decorator.py
[2026-04-29T02:07:47.127+0200] {processor.py:830} INFO - Processing file /Users/pablofrancoherrero/prueba_tecnica/venv/lib/python3.11/site-packages/airflow/example_dags/example_short_circuit_decorator.py for tasks to queue
[2026-04-29T02:07:47.127+0200] {logging_mixin.py:188} INFO - [2026-04-29T02:07:47.127+0200] {dagbag.py:540} INFO - Filling up the DagBag from /Users/pablofrancoherrero/prueba_tecnica/venv/lib/python3.11/site-packages/airflow/example_dags/example_short_circuit_decorator.py
[2026-04-29T02:07:47.139+0200] {processor.py:840} INFO - DAG(s) 'example_short_circuit_decorator' retrieved from /Users/pablofrancoherrero/prueba_tecnica/venv/lib/python3.11/site-packages/airflow/example_dags/example_short_circuit_decorator.py
[2026-04-29T02:07:47.165+0200] {logging_mixin.py:188} INFO - [2026-04-29T02:07:47.165+0200] {dag.py:3096} INFO - Sync 1 DAGs
[2026-04-29T02:07:47.170+0200] {logging_mixin.py:188} INFO - [2026-04-29T02:07:47.170+0200] {dag.py:3954} INFO - Setting next_dagrun for example_short_circuit_decorator to 2026-04-28 00:00:00+00:00, run_after=2026-04-29 00:00:00+00:00
[2026-04-29T02:07:47.175+0200] {processor.py:183} INFO - Processing /Users/pablofrancoherrero/prueba_tecnica/venv/lib/python3.11/site-packages/airflow/example_dags/example_short_circuit_decorator.py took 0.049 seconds
[2026-04-29T02:09:07.634+0200] {processor.py:161} INFO - Started process (PID=71217) to work on /Users/pablofrancoherrero/prueba_tecnica/venv/lib/python3.11/site-packages/airflow/example_dags/example_short_circuit_decorator.py
[2026-04-29T02:09:07.635+0200] {processor.py:830} INFO - Processing file /Users/pablofrancoherrero/prueba_tecnica/venv/lib/python3.11/site-packages/airflow/example_dags/example_short_circuit_decorator.py for tasks to queue
[2026-04-29T02:09:07.635+0200] {logging_mixin.py:188} INFO - [2026-04-29T02:09:07.635+0200] {dagbag.py:540} INFO - Filling up the DagBag from /Users/pablofrancoherrero/prueba_tecnica/venv/lib/python3.11/site-packages/airflow/example_dags/example_short_circuit_decorator.py
[2026-04-29T02:09:07.646+0200] {processor.py:840} INFO - DAG(s) 'example_short_circuit_decorator' retrieved from /Users/pablofrancoherrero/prueba_tecnica/venv/lib/python3.11/site-packages/airflow/example_dags/example_short_circuit_decorator.py
[2026-04-29T02:09:07.672+0200] {logging_mixin.py:188} INFO - [2026-04-29T02:09:07.672+0200] {dag.py:3096} INFO - Sync 1 DAGs
[2026-04-29T02:09:07.676+0200] {logging_mixin.py:188} INFO - [2026-04-29T02:09:07.676+0200] {dag.py:3954} INFO - Setting next_dagrun for example_short_circuit_decorator to 2026-04-28 00:00:00+00:00, run_after=2026-04-29 00:00:00+00:00
[2026-04-29T02:09:07.680+0200] {processor.py:183} INFO - Processing /Users/pablofrancoherrero/prueba_tecnica/venv/lib/python3.11/site-packages/airflow/example_dags/example_short_circuit_decorator.py took 0.047 seconds
[2026-04-29T02:10:30.359+0200] {processor.py:161} INFO - Started process (PID=71315) to work on /Users/pablofrancoherrero/prueba_tecnica/venv/lib/python3.11/site-packages/airflow/example_dags/example_short_circuit_decorator.py
[2026-04-29T02:10:30.360+0200] {processor.py:830} INFO - Processing file /Users/pablofrancoherrero/prueba_tecnica/venv/lib/python3.11/site-packages/airflow/example_dags/example_short_circuit_decorator.py for tasks to queue
[2026-04-29T02:10:30.360+0200] {logging_mixin.py:188} INFO - [2026-04-29T02:10:30.360+0200] {dagbag.py:540} INFO - Filling up the DagBag from /Users/pablofrancoherrero/prueba_tecnica/venv/lib/python3.11/site-packages/airflow/example_dags/example_short_circuit_decorator.py
[2026-04-29T02:10:30.372+0200] {processor.py:840} INFO - DAG(s) 'example_short_circuit_decorator' retrieved from /Users/pablofrancoherrero/prueba_tecnica/venv/lib/python3.11/site-packages/airflow/example_dags/example_short_circuit_decorator.py
[2026-04-29T02:10:30.397+0200] {logging_mixin.py:188} INFO - [2026-04-29T02:10:30.397+0200] {dag.py:3096} INFO - Sync 1 DAGs
[2026-04-29T02:10:30.401+0200] {logging_mixin.py:188} INFO - [2026-04-29T02:10:30.401+0200] {dag.py:3954} INFO - Setting next_dagrun for example_short_circuit_decorator to 2026-04-28 00:00:00+00:00, run_after=2026-04-29 00:00:00+00:00
[2026-04-29T02:10:30.406+0200] {processor.py:183} INFO - Processing /Users/pablofrancoherrero/prueba_tecnica/venv/lib/python3.11/site-packages/airflow/example_dags/example_short_circuit_decorator.py took 0.047 seconds
[2026-04-29T02:11:53.989+0200] {processor.py:161} INFO - Started process (PID=71402) to work on /Users/pablofrancoherrero/prueba_tecnica/venv/lib/python3.11/site-packages/airflow/example_dags/example_short_circuit_decorator.py
[2026-04-29T02:11:53.990+0200] {processor.py:830} INFO - Processing file /Users/pablofrancoherrero/prueba_tecnica/venv/lib/python3.11/site-packages/airflow/example_dags/example_short_circuit_decorator.py for tasks to queue
[2026-04-29T02:11:53.990+0200] {logging_mixin.py:188} INFO - [2026-04-29T02:11:53.990+0200] {dagbag.py:540} INFO - Filling up the DagBag from /Users/pablofrancoherrero/prueba_tecnica/venv/lib/python3.11/site-packages/airflow/example_dags/example_short_circuit_decorator.py
[2026-04-29T02:11:54.001+0200] {processor.py:840} INFO - DAG(s) 'example_short_circuit_decorator' retrieved from /Users/pablofrancoherrero/prueba_tecnica/venv/lib/python3.11/site-packages/airflow/example_dags/example_short_circuit_decorator.py
[2026-04-29T02:11:54.026+0200] {logging_mixin.py:188} INFO - [2026-04-29T02:11:54.026+0200] {dag.py:3096} INFO - Sync 1 DAGs
[2026-04-29T02:11:54.030+0200] {logging_mixin.py:188} INFO - [2026-04-29T02:11:54.030+0200] {dag.py:3954} INFO - Setting next_dagrun for example_short_circuit_decorator to 2026-04-28 00:00:00+00:00, run_after=2026-04-29 00:00:00+00:00
[2026-04-29T02:11:54.035+0200] {processor.py:183} INFO - Processing /Users/pablofrancoherrero/prueba_tecnica/venv/lib/python3.11/site-packages/airflow/example_dags/example_short_circuit_decorator.py took 0.047 seconds
[2026-04-29T02:13:15.413+0200] {processor.py:161} INFO - Started process (PID=71487) to work on /Users/pablofrancoherrero/prueba_tecnica/venv/lib/python3.11/site-packages/airflow/example_dags/example_short_circuit_decorator.py
[2026-04-29T02:13:15.414+0200] {processor.py:830} INFO - Processing file /Users/pablofrancoherrero/prueba_tecnica/venv/lib/python3.11/site-packages/airflow/example_dags/example_short_circuit_decorator.py for tasks to queue
[2026-04-29T02:13:15.414+0200] {logging_mixin.py:188} INFO - [2026-04-29T02:13:15.414+0200] {dagbag.py:540} INFO - Filling up the DagBag from /Users/pablofrancoherrero/prueba_tecnica/venv/lib/python3.11/site-packages/airflow/example_dags/example_short_circuit_decorator.py
[2026-04-29T02:13:15.425+0200] {processor.py:840} INFO - DAG(s) 'example_short_circuit_decorator' retrieved from /Users/pablofrancoherrero/prueba_tecnica/venv/lib/python3.11/site-packages/airflow/example_dags/example_short_circuit_decorator.py
[2026-04-29T02:13:15.452+0200] {logging_mixin.py:188} INFO - [2026-04-29T02:13:15.452+0200] {dag.py:3096} INFO - Sync 1 DAGs
[2026-04-29T02:13:15.456+0200] {logging_mixin.py:188} INFO - [2026-04-29T02:13:15.456+0200] {dag.py:3954} INFO - Setting next_dagrun for example_short_circuit_decorator to 2026-04-28 00:00:00+00:00, run_after=2026-04-29 00:00:00+00:00
[2026-04-29T02:13:15.461+0200] {processor.py:183} INFO - Processing /Users/pablofrancoherrero/prueba_tecnica/venv/lib/python3.11/site-packages/airflow/example_dags/example_short_circuit_decorator.py took 0.049 seconds
[2026-04-29T02:14:33.440+0200] {processor.py:161} INFO - Started process (PID=71568) to work on /Users/pablofrancoherrero/prueba_tecnica/venv/lib/python3.11/site-packages/airflow/example_dags/example_short_circuit_decorator.py
[2026-04-29T02:14:33.441+0200] {processor.py:830} INFO - Processing file /Users/pablofrancoherrero/prueba_tecnica/venv/lib/python3.11/site-packages/airflow/example_dags/example_short_circuit_decorator.py for tasks to queue
[2026-04-29T02:14:33.441+0200] {logging_mixin.py:188} INFO - [2026-04-29T02:14:33.441+0200] {dagbag.py:540} INFO - Filling up the DagBag from /Users/pablofrancoherrero/prueba_tecnica/venv/lib/python3.11/site-packages/airflow/example_dags/example_short_circuit_decorator.py
[2026-04-29T02:14:33.453+0200] {processor.py:840} INFO - DAG(s) 'example_short_circuit_decorator' retrieved from /Users/pablofrancoherrero/prueba_tecnica/venv/lib/python3.11/site-packages/airflow/example_dags/example_short_circuit_decorator.py
[2026-04-29T02:14:33.478+0200] {logging_mixin.py:188} INFO - [2026-04-29T02:14:33.478+0200] {dag.py:3096} INFO - Sync 1 DAGs
[2026-04-29T02:14:33.482+0200] {logging_mixin.py:188} INFO - [2026-04-29T02:14:33.482+0200] {dag.py:3954} INFO - Setting next_dagrun for example_short_circuit_decorator to 2026-04-28 00:00:00+00:00, run_after=2026-04-29 00:00:00+00:00
[2026-04-29T02:14:33.487+0200] {processor.py:183} INFO - Processing /Users/pablofrancoherrero/prueba_tecnica/venv/lib/python3.11/site-packages/airflow/example_dags/example_short_circuit_decorator.py took 0.048 seconds
[2026-04-29T02:15:56.978+0200] {processor.py:161} INFO - Started process (PID=71670) to work on /Users/pablofrancoherrero/prueba_tecnica/venv/lib/python3.11/site-packages/airflow/example_dags/example_short_circuit_decorator.py
[2026-04-29T02:15:56.979+0200] {processor.py:830} INFO - Processing file /Users/pablofrancoherrero/prueba_tecnica/venv/lib/python3.11/site-packages/airflow/example_dags/example_short_circuit_decorator.py for tasks to queue
[2026-04-29T02:15:56.979+0200] {logging_mixin.py:188} INFO - [2026-04-29T02:15:56.979+0200] {dagbag.py:540} INFO - Filling up the DagBag from /Users/pablofrancoherrero/prueba_tecnica/venv/lib/python3.11/site-packages/airflow/example_dags/example_short_circuit_decorator.py
[2026-04-29T02:15:56.991+0200] {processor.py:840} INFO - DAG(s) 'example_short_circuit_decorator' retrieved from /Users/pablofrancoherrero/prueba_tecnica/venv/lib/python3.11/site-packages/airflow/example_dags/example_short_circuit_decorator.py
[2026-04-29T02:15:57.017+0200] {logging_mixin.py:188} INFO - [2026-04-29T02:15:57.017+0200] {dag.py:3096} INFO - Sync 1 DAGs
[2026-04-29T02:15:57.022+0200] {logging_mixin.py:188} INFO - [2026-04-29T02:15:57.021+0200] {dag.py:3954} INFO - Setting next_dagrun for example_short_circuit_decorator to 2026-04-28 00:00:00+00:00, run_after=2026-04-29 00:00:00+00:00
[2026-04-29T02:15:57.026+0200] {processor.py:183} INFO - Processing /Users/pablofrancoherrero/prueba_tecnica/venv/lib/python3.11/site-packages/airflow/example_dags/example_short_circuit_decorator.py took 0.049 seconds
[2026-04-29T02:33:37.273+0200] {processor.py:161} INFO - Started process (PID=71775) to work on /Users/pablofrancoherrero/prueba_tecnica/venv/lib/python3.11/site-packages/airflow/example_dags/example_short_circuit_decorator.py
[2026-04-29T02:33:37.273+0200] {processor.py:830} INFO - Processing file /Users/pablofrancoherrero/prueba_tecnica/venv/lib/python3.11/site-packages/airflow/example_dags/example_short_circuit_decorator.py for tasks to queue
[2026-04-29T02:33:37.273+0200] {logging_mixin.py:188} INFO - [2026-04-29T02:33:37.273+0200] {dagbag.py:540} INFO - Filling up the DagBag from /Users/pablofrancoherrero/prueba_tecnica/venv/lib/python3.11/site-packages/airflow/example_dags/example_short_circuit_decorator.py
[2026-04-29T02:33:37.285+0200] {processor.py:840} INFO - DAG(s) 'example_short_circuit_decorator' retrieved from /Users/pablofrancoherrero/prueba_tecnica/venv/lib/python3.11/site-packages/airflow/example_dags/example_short_circuit_decorator.py
[2026-04-29T02:33:37.311+0200] {logging_mixin.py:188} INFO - [2026-04-29T02:33:37.311+0200] {dag.py:3096} INFO - Sync 1 DAGs
[2026-04-29T02:33:37.315+0200] {logging_mixin.py:188} INFO - [2026-04-29T02:33:37.315+0200] {dag.py:3954} INFO - Setting next_dagrun for example_short_circuit_decorator to 2026-04-28 00:00:00+00:00, run_after=2026-04-29 00:00:00+00:00
[2026-04-29T02:33:37.320+0200] {processor.py:183} INFO - Processing /Users/pablofrancoherrero/prueba_tecnica/venv/lib/python3.11/site-packages/airflow/example_dags/example_short_circuit_decorator.py took 0.048 seconds
[2026-04-29T02:52:14.894+0200] {processor.py:161} INFO - Started process (PID=71999) to work on /Users/pablofrancoherrero/prueba_tecnica/venv/lib/python3.11/site-packages/airflow/example_dags/example_short_circuit_decorator.py
[2026-04-29T02:52:14.895+0200] {processor.py:830} INFO - Processing file /Users/pablofrancoherrero/prueba_tecnica/venv/lib/python3.11/site-packages/airflow/example_dags/example_short_circuit_decorator.py for tasks to queue
[2026-04-29T02:52:14.896+0200] {logging_mixin.py:188} INFO - [2026-04-29T02:52:14.896+0200] {dagbag.py:540} INFO - Filling up the DagBag from /Users/pablofrancoherrero/prueba_tecnica/venv/lib/python3.11/site-packages/airflow/example_dags/example_short_circuit_decorator.py
[2026-04-29T02:52:14.907+0200] {processor.py:840} INFO - DAG(s) 'example_short_circuit_decorator' retrieved from /Users/pablofrancoherrero/prueba_tecnica/venv/lib/python3.11/site-packages/airflow/example_dags/example_short_circuit_decorator.py
[2026-04-29T02:52:14.933+0200] {logging_mixin.py:188} INFO - [2026-04-29T02:52:14.932+0200] {dag.py:3096} INFO - Sync 1 DAGs
[2026-04-29T02:52:14.937+0200] {logging_mixin.py:188} INFO - [2026-04-29T02:52:14.937+0200] {dag.py:3954} INFO - Setting next_dagrun for example_short_circuit_decorator to 2026-04-28 00:00:00+00:00, run_after=2026-04-29 00:00:00+00:00
[2026-04-29T02:52:14.941+0200] {processor.py:183} INFO - Processing /Users/pablofrancoherrero/prueba_tecnica/venv/lib/python3.11/site-packages/airflow/example_dags/example_short_circuit_decorator.py took 0.048 seconds
[2026-04-29T03:09:53.480+0200] {processor.py:161} INFO - Started process (PID=72137) to work on /Users/pablofrancoherrero/prueba_tecnica/venv/lib/python3.11/site-packages/airflow/example_dags/example_short_circuit_decorator.py
[2026-04-29T03:09:53.480+0200] {processor.py:830} INFO - Processing file /Users/pablofrancoherrero/prueba_tecnica/venv/lib/python3.11/site-packages/airflow/example_dags/example_short_circuit_decorator.py for tasks to queue
[2026-04-29T03:09:53.480+0200] {logging_mixin.py:188} INFO - [2026-04-29T03:09:53.480+0200] {dagbag.py:540} INFO - Filling up the DagBag from /Users/pablofrancoherrero/prueba_tecnica/venv/lib/python3.11/site-packages/airflow/example_dags/example_short_circuit_decorator.py
[2026-04-29T03:09:53.493+0200] {processor.py:840} INFO - DAG(s) 'example_short_circuit_decorator' retrieved from /Users/pablofrancoherrero/prueba_tecnica/venv/lib/python3.11/site-packages/airflow/example_dags/example_short_circuit_decorator.py
[2026-04-29T03:09:53.518+0200] {logging_mixin.py:188} INFO - [2026-04-29T03:09:53.518+0200] {dag.py:3096} INFO - Sync 1 DAGs
[2026-04-29T03:09:53.522+0200] {logging_mixin.py:188} INFO - [2026-04-29T03:09:53.522+0200] {dag.py:3954} INFO - Setting next_dagrun for example_short_circuit_decorator to 2026-04-28 00:00:00+00:00, run_after=2026-04-29 00:00:00+00:00
[2026-04-29T03:09:53.527+0200] {processor.py:183} INFO - Processing /Users/pablofrancoherrero/prueba_tecnica/venv/lib/python3.11/site-packages/airflow/example_dags/example_short_circuit_decorator.py took 0.048 seconds
[2026-04-29T03:26:13.452+0200] {processor.py:161} INFO - Started process (PID=72291) to work on /Users/pablofrancoherrero/prueba_tecnica/venv/lib/python3.11/site-packages/airflow/example_dags/example_short_circuit_decorator.py
[2026-04-29T03:26:13.453+0200] {processor.py:830} INFO - Processing file /Users/pablofrancoherrero/prueba_tecnica/venv/lib/python3.11/site-packages/airflow/example_dags/example_short_circuit_decorator.py for tasks to queue
[2026-04-29T03:26:13.453+0200] {logging_mixin.py:188} INFO - [2026-04-29T03:26:13.453+0200] {dagbag.py:540} INFO - Filling up the DagBag from /Users/pablofrancoherrero/prueba_tecnica/venv/lib/python3.11/site-packages/airflow/example_dags/example_short_circuit_decorator.py
[2026-04-29T03:26:13.465+0200] {processor.py:840} INFO - DAG(s) 'example_short_circuit_decorator' retrieved from /Users/pablofrancoherrero/prueba_tecnica/venv/lib/python3.11/site-packages/airflow/example_dags/example_short_circuit_decorator.py
[2026-04-29T03:26:13.490+0200] {logging_mixin.py:188} INFO - [2026-04-29T03:26:13.490+0200] {dag.py:3096} INFO - Sync 1 DAGs
[2026-04-29T03:26:13.494+0200] {logging_mixin.py:188} INFO - [2026-04-29T03:26:13.494+0200] {dag.py:3954} INFO - Setting next_dagrun for example_short_circuit_decorator to 2026-04-28 00:00:00+00:00, run_after=2026-04-29 00:00:00+00:00
[2026-04-29T03:26:13.499+0200] {processor.py:183} INFO - Processing /Users/pablofrancoherrero/prueba_tecnica/venv/lib/python3.11/site-packages/airflow/example_dags/example_short_circuit_decorator.py took 0.047 seconds
[2026-04-29T03:53:11.960+0200] {processor.py:161} INFO - Started process (PID=72420) to work on /Users/pablofrancoherrero/prueba_tecnica/venv/lib/python3.11/site-packages/airflow/example_dags/example_short_circuit_decorator.py
[2026-04-29T03:53:11.961+0200] {processor.py:830} INFO - Processing file /Users/pablofrancoherrero/prueba_tecnica/venv/lib/python3.11/site-packages/airflow/example_dags/example_short_circuit_decorator.py for tasks to queue
[2026-04-29T03:53:11.961+0200] {logging_mixin.py:188} INFO - [2026-04-29T03:53:11.961+0200] {dagbag.py:540} INFO - Filling up the DagBag from /Users/pablofrancoherrero/prueba_tecnica/venv/lib/python3.11/site-packages/airflow/example_dags/example_short_circuit_decorator.py
[2026-04-29T03:53:11.972+0200] {processor.py:840} INFO - DAG(s) 'example_short_circuit_decorator' retrieved from /Users/pablofrancoherrero/prueba_tecnica/venv/lib/python3.11/site-packages/airflow/example_dags/example_short_circuit_decorator.py
[2026-04-29T03:53:11.997+0200] {logging_mixin.py:188} INFO - [2026-04-29T03:53:11.997+0200] {dag.py:3096} INFO - Sync 1 DAGs
[2026-04-29T03:53:12.001+0200] {logging_mixin.py:188} INFO - [2026-04-29T03:53:12.001+0200] {dag.py:3954} INFO - Setting next_dagrun for example_short_circuit_decorator to 2026-04-28 00:00:00+00:00, run_after=2026-04-29 00:00:00+00:00
[2026-04-29T03:53:12.006+0200] {processor.py:183} INFO - Processing /Users/pablofrancoherrero/prueba_tecnica/venv/lib/python3.11/site-packages/airflow/example_dags/example_short_circuit_decorator.py took 0.047 seconds
[2026-04-29T04:25:48.794+0200] {processor.py:161} INFO - Started process (PID=72577) to work on /Users/pablofrancoherrero/prueba_tecnica/venv/lib/python3.11/site-packages/airflow/example_dags/example_short_circuit_decorator.py
[2026-04-29T04:25:48.794+0200] {processor.py:830} INFO - Processing file /Users/pablofrancoherrero/prueba_tecnica/venv/lib/python3.11/site-packages/airflow/example_dags/example_short_circuit_decorator.py for tasks to queue
[2026-04-29T04:25:48.795+0200] {logging_mixin.py:188} INFO - [2026-04-29T04:25:48.795+0200] {dagbag.py:540} INFO - Filling up the DagBag from /Users/pablofrancoherrero/prueba_tecnica/venv/lib/python3.11/site-packages/airflow/example_dags/example_short_circuit_decorator.py
[2026-04-29T04:25:48.807+0200] {processor.py:840} INFO - DAG(s) 'example_short_circuit_decorator' retrieved from /Users/pablofrancoherrero/prueba_tecnica/venv/lib/python3.11/site-packages/airflow/example_dags/example_short_circuit_decorator.py
[2026-04-29T04:25:48.834+0200] {logging_mixin.py:188} INFO - [2026-04-29T04:25:48.834+0200] {dag.py:3096} INFO - Sync 1 DAGs
[2026-04-29T04:25:48.838+0200] {logging_mixin.py:188} INFO - [2026-04-29T04:25:48.838+0200] {dag.py:3954} INFO - Setting next_dagrun for example_short_circuit_decorator to 2026-04-28 00:00:00+00:00, run_after=2026-04-29 00:00:00+00:00
[2026-04-29T04:25:48.844+0200] {processor.py:183} INFO - Processing /Users/pablofrancoherrero/prueba_tecnica/venv/lib/python3.11/site-packages/airflow/example_dags/example_short_circuit_decorator.py took 0.050 seconds
[2026-04-29T04:44:40.186+0200] {processor.py:161} INFO - Started process (PID=72760) to work on /Users/pablofrancoherrero/prueba_tecnica/venv/lib/python3.11/site-packages/airflow/example_dags/example_short_circuit_decorator.py
[2026-04-29T04:44:40.187+0200] {processor.py:830} INFO - Processing file /Users/pablofrancoherrero/prueba_tecnica/venv/lib/python3.11/site-packages/airflow/example_dags/example_short_circuit_decorator.py for tasks to queue
[2026-04-29T04:44:40.188+0200] {logging_mixin.py:188} INFO - [2026-04-29T04:44:40.187+0200] {dagbag.py:540} INFO - Filling up the DagBag from /Users/pablofrancoherrero/prueba_tecnica/venv/lib/python3.11/site-packages/airflow/example_dags/example_short_circuit_decorator.py
[2026-04-29T04:44:40.199+0200] {processor.py:840} INFO - DAG(s) 'example_short_circuit_decorator' retrieved from /Users/pablofrancoherrero/prueba_tecnica/venv/lib/python3.11/site-packages/airflow/example_dags/example_short_circuit_decorator.py
[2026-04-29T04:44:40.225+0200] {logging_mixin.py:188} INFO - [2026-04-29T04:44:40.224+0200] {dag.py:3096} INFO - Sync 1 DAGs
[2026-04-29T04:44:40.229+0200] {logging_mixin.py:188} INFO - [2026-04-29T04:44:40.229+0200] {dag.py:3954} INFO - Setting next_dagrun for example_short_circuit_decorator to 2026-04-28 00:00:00+00:00, run_after=2026-04-29 00:00:00+00:00
[2026-04-29T04:44:40.233+0200] {processor.py:183} INFO - Processing /Users/pablofrancoherrero/prueba_tecnica/venv/lib/python3.11/site-packages/airflow/example_dags/example_short_circuit_decorator.py took 0.048 seconds
[2026-04-29T05:01:27.567+0200] {processor.py:161} INFO - Started process (PID=72893) to work on /Users/pablofrancoherrero/prueba_tecnica/venv/lib/python3.11/site-packages/airflow/example_dags/example_short_circuit_decorator.py
[2026-04-29T05:01:27.569+0200] {processor.py:830} INFO - Processing file /Users/pablofrancoherrero/prueba_tecnica/venv/lib/python3.11/site-packages/airflow/example_dags/example_short_circuit_decorator.py for tasks to queue
[2026-04-29T05:01:27.569+0200] {logging_mixin.py:188} INFO - [2026-04-29T05:01:27.569+0200] {dagbag.py:540} INFO - Filling up the DagBag from /Users/pablofrancoherrero/prueba_tecnica/venv/lib/python3.11/site-packages/airflow/example_dags/example_short_circuit_decorator.py
[2026-04-29T05:01:27.581+0200] {processor.py:840} INFO - DAG(s) 'example_short_circuit_decorator' retrieved from /Users/pablofrancoherrero/prueba_tecnica/venv/lib/python3.11/site-packages/airflow/example_dags/example_short_circuit_decorator.py
[2026-04-29T05:01:27.606+0200] {logging_mixin.py:188} INFO - [2026-04-29T05:01:27.606+0200] {dag.py:3096} INFO - Sync 1 DAGs
[2026-04-29T05:01:27.610+0200] {logging_mixin.py:188} INFO - [2026-04-29T05:01:27.610+0200] {dag.py:3954} INFO - Setting next_dagrun for example_short_circuit_decorator to 2026-04-28 00:00:00+00:00, run_after=2026-04-29 00:00:00+00:00
[2026-04-29T05:01:27.615+0200] {processor.py:183} INFO - Processing /Users/pablofrancoherrero/prueba_tecnica/venv/lib/python3.11/site-packages/airflow/example_dags/example_short_circuit_decorator.py took 0.048 seconds
[2026-04-29T05:17:47.135+0200] {processor.py:161} INFO - Started process (PID=73107) to work on /Users/pablofrancoherrero/prueba_tecnica/venv/lib/python3.11/site-packages/airflow/example_dags/example_short_circuit_decorator.py
[2026-04-29T05:17:47.135+0200] {processor.py:830} INFO - Processing file /Users/pablofrancoherrero/prueba_tecnica/venv/lib/python3.11/site-packages/airflow/example_dags/example_short_circuit_decorator.py for tasks to queue
[2026-04-29T05:17:47.136+0200] {logging_mixin.py:188} INFO - [2026-04-29T05:17:47.136+0200] {dagbag.py:540} INFO - Filling up the DagBag from /Users/pablofrancoherrero/prueba_tecnica/venv/lib/python3.11/site-packages/airflow/example_dags/example_short_circuit_decorator.py
[2026-04-29T05:17:47.148+0200] {processor.py:840} INFO - DAG(s) 'example_short_circuit_decorator' retrieved from /Users/pablofrancoherrero/prueba_tecnica/venv/lib/python3.11/site-packages/airflow/example_dags/example_short_circuit_decorator.py
[2026-04-29T05:17:47.174+0200] {logging_mixin.py:188} INFO - [2026-04-29T05:17:47.174+0200] {dag.py:3096} INFO - Sync 1 DAGs
[2026-04-29T05:17:47.179+0200] {logging_mixin.py:188} INFO - [2026-04-29T05:17:47.179+0200] {dag.py:3954} INFO - Setting next_dagrun for example_short_circuit_decorator to 2026-04-28 00:00:00+00:00, run_after=2026-04-29 00:00:00+00:00
[2026-04-29T05:17:47.184+0200] {processor.py:183} INFO - Processing /Users/pablofrancoherrero/prueba_tecnica/venv/lib/python3.11/site-packages/airflow/example_dags/example_short_circuit_decorator.py took 0.050 seconds
[2026-04-29T05:19:07.276+0200] {processor.py:161} INFO - Started process (PID=73303) to work on /Users/pablofrancoherrero/prueba_tecnica/venv/lib/python3.11/site-packages/airflow/example_dags/example_short_circuit_decorator.py
[2026-04-29T05:19:07.278+0200] {processor.py:830} INFO - Processing file /Users/pablofrancoherrero/prueba_tecnica/venv/lib/python3.11/site-packages/airflow/example_dags/example_short_circuit_decorator.py for tasks to queue
[2026-04-29T05:19:07.278+0200] {logging_mixin.py:188} INFO - [2026-04-29T05:19:07.278+0200] {dagbag.py:540} INFO - Filling up the DagBag from /Users/pablofrancoherrero/prueba_tecnica/venv/lib/python3.11/site-packages/airflow/example_dags/example_short_circuit_decorator.py
[2026-04-29T05:19:07.290+0200] {processor.py:840} INFO - DAG(s) 'example_short_circuit_decorator' retrieved from /Users/pablofrancoherrero/prueba_tecnica/venv/lib/python3.11/site-packages/airflow/example_dags/example_short_circuit_decorator.py
[2026-04-29T05:19:07.315+0200] {logging_mixin.py:188} INFO - [2026-04-29T05:19:07.315+0200] {dag.py:3096} INFO - Sync 1 DAGs
[2026-04-29T05:19:07.319+0200] {logging_mixin.py:188} INFO - [2026-04-29T05:19:07.319+0200] {dag.py:3954} INFO - Setting next_dagrun for example_short_circuit_decorator to 2026-04-28 00:00:00+00:00, run_after=2026-04-29 00:00:00+00:00
[2026-04-29T05:19:07.323+0200] {processor.py:183} INFO - Processing /Users/pablofrancoherrero/prueba_tecnica/venv/lib/python3.11/site-packages/airflow/example_dags/example_short_circuit_decorator.py took 0.048 seconds
[2026-04-29T05:20:27.553+0200] {processor.py:161} INFO - Started process (PID=73410) to work on /Users/pablofrancoherrero/prueba_tecnica/venv/lib/python3.11/site-packages/airflow/example_dags/example_short_circuit_decorator.py
[2026-04-29T05:20:27.554+0200] {processor.py:830} INFO - Processing file /Users/pablofrancoherrero/prueba_tecnica/venv/lib/python3.11/site-packages/airflow/example_dags/example_short_circuit_decorator.py for tasks to queue
[2026-04-29T05:20:27.554+0200] {logging_mixin.py:188} INFO - [2026-04-29T05:20:27.554+0200] {dagbag.py:540} INFO - Filling up the DagBag from /Users/pablofrancoherrero/prueba_tecnica/venv/lib/python3.11/site-packages/airflow/example_dags/example_short_circuit_decorator.py
[2026-04-29T05:20:27.566+0200] {processor.py:840} INFO - DAG(s) 'example_short_circuit_decorator' retrieved from /Users/pablofrancoherrero/prueba_tecnica/venv/lib/python3.11/site-packages/airflow/example_dags/example_short_circuit_decorator.py
[2026-04-29T05:20:27.591+0200] {logging_mixin.py:188} INFO - [2026-04-29T05:20:27.591+0200] {dag.py:3096} INFO - Sync 1 DAGs
[2026-04-29T05:20:27.595+0200] {logging_mixin.py:188} INFO - [2026-04-29T05:20:27.595+0200] {dag.py:3954} INFO - Setting next_dagrun for example_short_circuit_decorator to 2026-04-28 00:00:00+00:00, run_after=2026-04-29 00:00:00+00:00
[2026-04-29T05:20:27.600+0200] {processor.py:183} INFO - Processing /Users/pablofrancoherrero/prueba_tecnica/venv/lib/python3.11/site-packages/airflow/example_dags/example_short_circuit_decorator.py took 0.048 seconds
[2026-04-29T05:21:47.731+0200] {processor.py:161} INFO - Started process (PID=73512) to work on /Users/pablofrancoherrero/prueba_tecnica/venv/lib/python3.11/site-packages/airflow/example_dags/example_short_circuit_decorator.py
[2026-04-29T05:21:47.732+0200] {processor.py:830} INFO - Processing file /Users/pablofrancoherrero/prueba_tecnica/venv/lib/python3.11/site-packages/airflow/example_dags/example_short_circuit_decorator.py for tasks to queue
[2026-04-29T05:21:47.732+0200] {logging_mixin.py:188} INFO - [2026-04-29T05:21:47.732+0200] {dagbag.py:540} INFO - Filling up the DagBag from /Users/pablofrancoherrero/prueba_tecnica/venv/lib/python3.11/site-packages/airflow/example_dags/example_short_circuit_decorator.py
[2026-04-29T05:21:47.744+0200] {processor.py:840} INFO - DAG(s) 'example_short_circuit_decorator' retrieved from /Users/pablofrancoherrero/prueba_tecnica/venv/lib/python3.11/site-packages/airflow/example_dags/example_short_circuit_decorator.py
[2026-04-29T05:21:47.770+0200] {logging_mixin.py:188} INFO - [2026-04-29T05:21:47.769+0200] {dag.py:3096} INFO - Sync 1 DAGs
[2026-04-29T05:21:47.774+0200] {logging_mixin.py:188} INFO - [2026-04-29T05:21:47.774+0200] {dag.py:3954} INFO - Setting next_dagrun for example_short_circuit_decorator to 2026-04-28 00:00:00+00:00, run_after=2026-04-29 00:00:00+00:00
[2026-04-29T05:21:47.778+0200] {processor.py:183} INFO - Processing /Users/pablofrancoherrero/prueba_tecnica/venv/lib/python3.11/site-packages/airflow/example_dags/example_short_circuit_decorator.py took 0.048 seconds
[2026-04-29T05:23:09.758+0200] {processor.py:161} INFO - Started process (PID=73625) to work on /Users/pablofrancoherrero/prueba_tecnica/venv/lib/python3.11/site-packages/airflow/example_dags/example_short_circuit_decorator.py
[2026-04-29T05:23:09.759+0200] {processor.py:830} INFO - Processing file /Users/pablofrancoherrero/prueba_tecnica/venv/lib/python3.11/site-packages/airflow/example_dags/example_short_circuit_decorator.py for tasks to queue
[2026-04-29T05:23:09.759+0200] {logging_mixin.py:188} INFO - [2026-04-29T05:23:09.759+0200] {dagbag.py:540} INFO - Filling up the DagBag from /Users/pablofrancoherrero/prueba_tecnica/venv/lib/python3.11/site-packages/airflow/example_dags/example_short_circuit_decorator.py
[2026-04-29T05:23:09.771+0200] {processor.py:840} INFO - DAG(s) 'example_short_circuit_decorator' retrieved from /Users/pablofrancoherrero/prueba_tecnica/venv/lib/python3.11/site-packages/airflow/example_dags/example_short_circuit_decorator.py
[2026-04-29T05:23:09.796+0200] {logging_mixin.py:188} INFO - [2026-04-29T05:23:09.796+0200] {dag.py:3096} INFO - Sync 1 DAGs
[2026-04-29T05:23:09.800+0200] {logging_mixin.py:188} INFO - [2026-04-29T05:23:09.800+0200] {dag.py:3954} INFO - Setting next_dagrun for example_short_circuit_decorator to 2026-04-28 00:00:00+00:00, run_after=2026-04-29 00:00:00+00:00
[2026-04-29T05:23:09.804+0200] {processor.py:183} INFO - Processing /Users/pablofrancoherrero/prueba_tecnica/venv/lib/python3.11/site-packages/airflow/example_dags/example_short_circuit_decorator.py took 0.047 seconds
[2026-04-29T05:24:30.186+0200] {processor.py:161} INFO - Started process (PID=73721) to work on /Users/pablofrancoherrero/prueba_tecnica/venv/lib/python3.11/site-packages/airflow/example_dags/example_short_circuit_decorator.py
[2026-04-29T05:24:30.187+0200] {processor.py:830} INFO - Processing file /Users/pablofrancoherrero/prueba_tecnica/venv/lib/python3.11/site-packages/airflow/example_dags/example_short_circuit_decorator.py for tasks to queue
[2026-04-29T05:24:30.187+0200] {logging_mixin.py:188} INFO - [2026-04-29T05:24:30.187+0200] {dagbag.py:540} INFO - Filling up the DagBag from /Users/pablofrancoherrero/prueba_tecnica/venv/lib/python3.11/site-packages/airflow/example_dags/example_short_circuit_decorator.py
[2026-04-29T05:24:30.199+0200] {processor.py:840} INFO - DAG(s) 'example_short_circuit_decorator' retrieved from /Users/pablofrancoherrero/prueba_tecnica/venv/lib/python3.11/site-packages/airflow/example_dags/example_short_circuit_decorator.py
[2026-04-29T05:24:30.225+0200] {logging_mixin.py:188} INFO - [2026-04-29T05:24:30.224+0200] {dag.py:3096} INFO - Sync 1 DAGs
[2026-04-29T05:24:30.229+0200] {logging_mixin.py:188} INFO - [2026-04-29T05:24:30.229+0200] {dag.py:3954} INFO - Setting next_dagrun for example_short_circuit_decorator to 2026-04-28 00:00:00+00:00, run_after=2026-04-29 00:00:00+00:00
[2026-04-29T05:24:30.233+0200] {processor.py:183} INFO - Processing /Users/pablofrancoherrero/prueba_tecnica/venv/lib/python3.11/site-packages/airflow/example_dags/example_short_circuit_decorator.py took 0.048 seconds
[2026-04-29T05:25:49.616+0200] {processor.py:161} INFO - Started process (PID=73806) to work on /Users/pablofrancoherrero/prueba_tecnica/venv/lib/python3.11/site-packages/airflow/example_dags/example_short_circuit_decorator.py
[2026-04-29T05:25:49.617+0200] {processor.py:830} INFO - Processing file /Users/pablofrancoherrero/prueba_tecnica/venv/lib/python3.11/site-packages/airflow/example_dags/example_short_circuit_decorator.py for tasks to queue
[2026-04-29T05:25:49.618+0200] {logging_mixin.py:188} INFO - [2026-04-29T05:25:49.618+0200] {dagbag.py:540} INFO - Filling up the DagBag from /Users/pablofrancoherrero/prueba_tecnica/venv/lib/python3.11/site-packages/airflow/example_dags/example_short_circuit_decorator.py
[2026-04-29T05:25:49.629+0200] {processor.py:840} INFO - DAG(s) 'example_short_circuit_decorator' retrieved from /Users/pablofrancoherrero/prueba_tecnica/venv/lib/python3.11/site-packages/airflow/example_dags/example_short_circuit_decorator.py
[2026-04-29T05:25:49.655+0200] {logging_mixin.py:188} INFO - [2026-04-29T05:25:49.655+0200] {dag.py:3096} INFO - Sync 1 DAGs
[2026-04-29T05:25:49.659+0200] {logging_mixin.py:188} INFO - [2026-04-29T05:25:49.659+0200] {dag.py:3954} INFO - Setting next_dagrun for example_short_circuit_decorator to 2026-04-28 00:00:00+00:00, run_after=2026-04-29 00:00:00+00:00
[2026-04-29T05:25:49.664+0200] {processor.py:183} INFO - Processing /Users/pablofrancoherrero/prueba_tecnica/venv/lib/python3.11/site-packages/airflow/example_dags/example_short_circuit_decorator.py took 0.048 seconds
[2026-04-29T05:27:11.411+0200] {processor.py:161} INFO - Started process (PID=73894) to work on /Users/pablofrancoherrero/prueba_tecnica/venv/lib/python3.11/site-packages/airflow/example_dags/example_short_circuit_decorator.py
[2026-04-29T05:27:11.412+0200] {processor.py:830} INFO - Processing file /Users/pablofrancoherrero/prueba_tecnica/venv/lib/python3.11/site-packages/airflow/example_dags/example_short_circuit_decorator.py for tasks to queue
[2026-04-29T05:27:11.412+0200] {logging_mixin.py:188} INFO - [2026-04-29T05:27:11.412+0200] {dagbag.py:540} INFO - Filling up the DagBag from /Users/pablofrancoherrero/prueba_tecnica/venv/lib/python3.11/site-packages/airflow/example_dags/example_short_circuit_decorator.py
[2026-04-29T05:27:11.424+0200] {processor.py:840} INFO - DAG(s) 'example_short_circuit_decorator' retrieved from /Users/pablofrancoherrero/prueba_tecnica/venv/lib/python3.11/site-packages/airflow/example_dags/example_short_circuit_decorator.py
[2026-04-29T05:27:11.449+0200] {logging_mixin.py:188} INFO - [2026-04-29T05:27:11.449+0200] {dag.py:3096} INFO - Sync 1 DAGs
[2026-04-29T05:27:11.453+0200] {logging_mixin.py:188} INFO - [2026-04-29T05:27:11.453+0200] {dag.py:3954} INFO - Setting next_dagrun for example_short_circuit_decorator to 2026-04-28 00:00:00+00:00, run_after=2026-04-29 00:00:00+00:00
[2026-04-29T05:27:11.457+0200] {processor.py:183} INFO - Processing /Users/pablofrancoherrero/prueba_tecnica/venv/lib/python3.11/site-packages/airflow/example_dags/example_short_circuit_decorator.py took 0.047 seconds
[2026-04-29T05:28:33.275+0200] {processor.py:161} INFO - Started process (PID=73993) to work on /Users/pablofrancoherrero/prueba_tecnica/venv/lib/python3.11/site-packages/airflow/example_dags/example_short_circuit_decorator.py
[2026-04-29T05:28:33.276+0200] {processor.py:830} INFO - Processing file /Users/pablofrancoherrero/prueba_tecnica/venv/lib/python3.11/site-packages/airflow/example_dags/example_short_circuit_decorator.py for tasks to queue
[2026-04-29T05:28:33.276+0200] {logging_mixin.py:188} INFO - [2026-04-29T05:28:33.276+0200] {dagbag.py:540} INFO - Filling up the DagBag from /Users/pablofrancoherrero/prueba_tecnica/venv/lib/python3.11/site-packages/airflow/example_dags/example_short_circuit_decorator.py
[2026-04-29T05:28:33.288+0200] {processor.py:840} INFO - DAG(s) 'example_short_circuit_decorator' retrieved from /Users/pablofrancoherrero/prueba_tecnica/venv/lib/python3.11/site-packages/airflow/example_dags/example_short_circuit_decorator.py
[2026-04-29T05:28:33.314+0200] {logging_mixin.py:188} INFO - [2026-04-29T05:28:33.313+0200] {dag.py:3096} INFO - Sync 1 DAGs
[2026-04-29T05:28:33.318+0200] {logging_mixin.py:188} INFO - [2026-04-29T05:28:33.318+0200] {dag.py:3954} INFO - Setting next_dagrun for example_short_circuit_decorator to 2026-04-28 00:00:00+00:00, run_after=2026-04-29 00:00:00+00:00
[2026-04-29T05:28:33.322+0200] {processor.py:183} INFO - Processing /Users/pablofrancoherrero/prueba_tecnica/venv/lib/python3.11/site-packages/airflow/example_dags/example_short_circuit_decorator.py took 0.048 seconds
[2026-04-29T05:29:51.766+0200] {processor.py:161} INFO - Started process (PID=74084) to work on /Users/pablofrancoherrero/prueba_tecnica/venv/lib/python3.11/site-packages/airflow/example_dags/example_short_circuit_decorator.py
[2026-04-29T05:29:51.767+0200] {processor.py:830} INFO - Processing file /Users/pablofrancoherrero/prueba_tecnica/venv/lib/python3.11/site-packages/airflow/example_dags/example_short_circuit_decorator.py for tasks to queue
[2026-04-29T05:29:51.767+0200] {logging_mixin.py:188} INFO - [2026-04-29T05:29:51.767+0200] {dagbag.py:540} INFO - Filling up the DagBag from /Users/pablofrancoherrero/prueba_tecnica/venv/lib/python3.11/site-packages/airflow/example_dags/example_short_circuit_decorator.py
[2026-04-29T05:29:51.779+0200] {processor.py:840} INFO - DAG(s) 'example_short_circuit_decorator' retrieved from /Users/pablofrancoherrero/prueba_tecnica/venv/lib/python3.11/site-packages/airflow/example_dags/example_short_circuit_decorator.py
[2026-04-29T05:29:51.804+0200] {logging_mixin.py:188} INFO - [2026-04-29T05:29:51.804+0200] {dag.py:3096} INFO - Sync 1 DAGs
[2026-04-29T05:29:51.808+0200] {logging_mixin.py:188} INFO - [2026-04-29T05:29:51.808+0200] {dag.py:3954} INFO - Setting next_dagrun for example_short_circuit_decorator to 2026-04-28 00:00:00+00:00, run_after=2026-04-29 00:00:00+00:00
[2026-04-29T05:29:51.813+0200] {processor.py:183} INFO - Processing /Users/pablofrancoherrero/prueba_tecnica/venv/lib/python3.11/site-packages/airflow/example_dags/example_short_circuit_decorator.py took 0.048 seconds
[2026-04-29T05:31:08.841+0200] {processor.py:161} INFO - Started process (PID=74166) to work on /Users/pablofrancoherrero/prueba_tecnica/venv/lib/python3.11/site-packages/airflow/example_dags/example_short_circuit_decorator.py
[2026-04-29T05:31:08.842+0200] {processor.py:830} INFO - Processing file /Users/pablofrancoherrero/prueba_tecnica/venv/lib/python3.11/site-packages/airflow/example_dags/example_short_circuit_decorator.py for tasks to queue
[2026-04-29T05:31:08.843+0200] {logging_mixin.py:188} INFO - [2026-04-29T05:31:08.843+0200] {dagbag.py:540} INFO - Filling up the DagBag from /Users/pablofrancoherrero/prueba_tecnica/venv/lib/python3.11/site-packages/airflow/example_dags/example_short_circuit_decorator.py
[2026-04-29T05:31:08.854+0200] {processor.py:840} INFO - DAG(s) 'example_short_circuit_decorator' retrieved from /Users/pablofrancoherrero/prueba_tecnica/venv/lib/python3.11/site-packages/airflow/example_dags/example_short_circuit_decorator.py
[2026-04-29T05:31:08.879+0200] {logging_mixin.py:188} INFO - [2026-04-29T05:31:08.879+0200] {dag.py:3096} INFO - Sync 1 DAGs
[2026-04-29T05:31:08.883+0200] {logging_mixin.py:188} INFO - [2026-04-29T05:31:08.883+0200] {dag.py:3954} INFO - Setting next_dagrun for example_short_circuit_decorator to 2026-04-28 00:00:00+00:00, run_after=2026-04-29 00:00:00+00:00
[2026-04-29T05:31:08.888+0200] {processor.py:183} INFO - Processing /Users/pablofrancoherrero/prueba_tecnica/venv/lib/python3.11/site-packages/airflow/example_dags/example_short_circuit_decorator.py took 0.047 seconds
[2026-04-29T05:32:30.933+0200] {processor.py:161} INFO - Started process (PID=74253) to work on /Users/pablofrancoherrero/prueba_tecnica/venv/lib/python3.11/site-packages/airflow/example_dags/example_short_circuit_decorator.py
[2026-04-29T05:32:30.934+0200] {processor.py:830} INFO - Processing file /Users/pablofrancoherrero/prueba_tecnica/venv/lib/python3.11/site-packages/airflow/example_dags/example_short_circuit_decorator.py for tasks to queue
[2026-04-29T05:32:30.934+0200] {logging_mixin.py:188} INFO - [2026-04-29T05:32:30.934+0200] {dagbag.py:540} INFO - Filling up the DagBag from /Users/pablofrancoherrero/prueba_tecnica/venv/lib/python3.11/site-packages/airflow/example_dags/example_short_circuit_decorator.py
[2026-04-29T05:32:30.945+0200] {processor.py:840} INFO - DAG(s) 'example_short_circuit_decorator' retrieved from /Users/pablofrancoherrero/prueba_tecnica/venv/lib/python3.11/site-packages/airflow/example_dags/example_short_circuit_decorator.py
[2026-04-29T05:32:30.970+0200] {logging_mixin.py:188} INFO - [2026-04-29T05:32:30.970+0200] {dag.py:3096} INFO - Sync 1 DAGs
[2026-04-29T05:32:30.974+0200] {logging_mixin.py:188} INFO - [2026-04-29T05:32:30.974+0200] {dag.py:3954} INFO - Setting next_dagrun for example_short_circuit_decorator to 2026-04-28 00:00:00+00:00, run_after=2026-04-29 00:00:00+00:00
[2026-04-29T05:32:30.979+0200] {processor.py:183} INFO - Processing /Users/pablofrancoherrero/prueba_tecnica/venv/lib/python3.11/site-packages/airflow/example_dags/example_short_circuit_decorator.py took 0.047 seconds
[2026-04-29T05:33:52.709+0200] {processor.py:161} INFO - Started process (PID=74373) to work on /Users/pablofrancoherrero/prueba_tecnica/venv/lib/python3.11/site-packages/airflow/example_dags/example_short_circuit_decorator.py
[2026-04-29T05:33:52.710+0200] {processor.py:830} INFO - Processing file /Users/pablofrancoherrero/prueba_tecnica/venv/lib/python3.11/site-packages/airflow/example_dags/example_short_circuit_decorator.py for tasks to queue
[2026-04-29T05:33:52.711+0200] {logging_mixin.py:188} INFO - [2026-04-29T05:33:52.710+0200] {dagbag.py:540} INFO - Filling up the DagBag from /Users/pablofrancoherrero/prueba_tecnica/venv/lib/python3.11/site-packages/airflow/example_dags/example_short_circuit_decorator.py
[2026-04-29T05:33:52.722+0200] {processor.py:840} INFO - DAG(s) 'example_short_circuit_decorator' retrieved from /Users/pablofrancoherrero/prueba_tecnica/venv/lib/python3.11/site-packages/airflow/example_dags/example_short_circuit_decorator.py
[2026-04-29T05:33:52.747+0200] {logging_mixin.py:188} INFO - [2026-04-29T05:33:52.747+0200] {dag.py:3096} INFO - Sync 1 DAGs
[2026-04-29T05:33:52.751+0200] {logging_mixin.py:188} INFO - [2026-04-29T05:33:52.751+0200] {dag.py:3954} INFO - Setting next_dagrun for example_short_circuit_decorator to 2026-04-28 00:00:00+00:00, run_after=2026-04-29 00:00:00+00:00
[2026-04-29T05:33:52.756+0200] {processor.py:183} INFO - Processing /Users/pablofrancoherrero/prueba_tecnica/venv/lib/python3.11/site-packages/airflow/example_dags/example_short_circuit_decorator.py took 0.047 seconds
[2026-04-29T05:35:10.339+0200] {processor.py:161} INFO - Started process (PID=74476) to work on /Users/pablofrancoherrero/prueba_tecnica/venv/lib/python3.11/site-packages/airflow/example_dags/example_short_circuit_decorator.py
[2026-04-29T05:35:10.340+0200] {processor.py:830} INFO - Processing file /Users/pablofrancoherrero/prueba_tecnica/venv/lib/python3.11/site-packages/airflow/example_dags/example_short_circuit_decorator.py for tasks to queue
[2026-04-29T05:35:10.340+0200] {logging_mixin.py:188} INFO - [2026-04-29T05:35:10.340+0200] {dagbag.py:540} INFO - Filling up the DagBag from /Users/pablofrancoherrero/prueba_tecnica/venv/lib/python3.11/site-packages/airflow/example_dags/example_short_circuit_decorator.py
[2026-04-29T05:35:10.352+0200] {processor.py:840} INFO - DAG(s) 'example_short_circuit_decorator' retrieved from /Users/pablofrancoherrero/prueba_tecnica/venv/lib/python3.11/site-packages/airflow/example_dags/example_short_circuit_decorator.py
[2026-04-29T05:35:10.376+0200] {logging_mixin.py:188} INFO - [2026-04-29T05:35:10.376+0200] {dag.py:3096} INFO - Sync 1 DAGs
[2026-04-29T05:35:10.381+0200] {logging_mixin.py:188} INFO - [2026-04-29T05:35:10.381+0200] {dag.py:3954} INFO - Setting next_dagrun for example_short_circuit_decorator to 2026-04-28 00:00:00+00:00, run_after=2026-04-29 00:00:00+00:00
[2026-04-29T05:35:10.385+0200] {processor.py:183} INFO - Processing /Users/pablofrancoherrero/prueba_tecnica/venv/lib/python3.11/site-packages/airflow/example_dags/example_short_circuit_decorator.py took 0.047 seconds
[2026-04-29T05:36:32.028+0200] {processor.py:161} INFO - Started process (PID=74561) to work on /Users/pablofrancoherrero/prueba_tecnica/venv/lib/python3.11/site-packages/airflow/example_dags/example_short_circuit_decorator.py
[2026-04-29T05:36:32.029+0200] {processor.py:830} INFO - Processing file /Users/pablofrancoherrero/prueba_tecnica/venv/lib/python3.11/site-packages/airflow/example_dags/example_short_circuit_decorator.py for tasks to queue
[2026-04-29T05:36:32.029+0200] {logging_mixin.py:188} INFO - [2026-04-29T05:36:32.029+0200] {dagbag.py:540} INFO - Filling up the DagBag from /Users/pablofrancoherrero/prueba_tecnica/venv/lib/python3.11/site-packages/airflow/example_dags/example_short_circuit_decorator.py
[2026-04-29T05:36:32.041+0200] {processor.py:840} INFO - DAG(s) 'example_short_circuit_decorator' retrieved from /Users/pablofrancoherrero/prueba_tecnica/venv/lib/python3.11/site-packages/airflow/example_dags/example_short_circuit_decorator.py
[2026-04-29T05:36:32.066+0200] {logging_mixin.py:188} INFO - [2026-04-29T05:36:32.066+0200] {dag.py:3096} INFO - Sync 1 DAGs
[2026-04-29T05:36:32.071+0200] {logging_mixin.py:188} INFO - [2026-04-29T05:36:32.071+0200] {dag.py:3954} INFO - Setting next_dagrun for example_short_circuit_decorator to 2026-04-28 00:00:00+00:00, run_after=2026-04-29 00:00:00+00:00
[2026-04-29T05:36:32.075+0200] {processor.py:183} INFO - Processing /Users/pablofrancoherrero/prueba_tecnica/venv/lib/python3.11/site-packages/airflow/example_dags/example_short_circuit_decorator.py took 0.048 seconds
[2026-04-29T05:37:51.950+0200] {processor.py:161} INFO - Started process (PID=74649) to work on /Users/pablofrancoherrero/prueba_tecnica/venv/lib/python3.11/site-packages/airflow/example_dags/example_short_circuit_decorator.py
[2026-04-29T05:37:51.951+0200] {processor.py:830} INFO - Processing file /Users/pablofrancoherrero/prueba_tecnica/venv/lib/python3.11/site-packages/airflow/example_dags/example_short_circuit_decorator.py for tasks to queue
[2026-04-29T05:37:51.951+0200] {logging_mixin.py:188} INFO - [2026-04-29T05:37:51.951+0200] {dagbag.py:540} INFO - Filling up the DagBag from /Users/pablofrancoherrero/prueba_tecnica/venv/lib/python3.11/site-packages/airflow/example_dags/example_short_circuit_decorator.py
[2026-04-29T05:37:51.963+0200] {processor.py:840} INFO - DAG(s) 'example_short_circuit_decorator' retrieved from /Users/pablofrancoherrero/prueba_tecnica/venv/lib/python3.11/site-packages/airflow/example_dags/example_short_circuit_decorator.py
[2026-04-29T05:37:51.988+0200] {logging_mixin.py:188} INFO - [2026-04-29T05:37:51.988+0200] {dag.py:3096} INFO - Sync 1 DAGs
[2026-04-29T05:37:51.992+0200] {logging_mixin.py:188} INFO - [2026-04-29T05:37:51.992+0200] {dag.py:3954} INFO - Setting next_dagrun for example_short_circuit_decorator to 2026-04-28 00:00:00+00:00, run_after=2026-04-29 00:00:00+00:00
[2026-04-29T05:37:51.996+0200] {processor.py:183} INFO - Processing /Users/pablofrancoherrero/prueba_tecnica/venv/lib/python3.11/site-packages/airflow/example_dags/example_short_circuit_decorator.py took 0.047 seconds
[2026-04-29T05:39:12.985+0200] {processor.py:161} INFO - Started process (PID=74745) to work on /Users/pablofrancoherrero/prueba_tecnica/venv/lib/python3.11/site-packages/airflow/example_dags/example_short_circuit_decorator.py
[2026-04-29T05:39:12.985+0200] {processor.py:830} INFO - Processing file /Users/pablofrancoherrero/prueba_tecnica/venv/lib/python3.11/site-packages/airflow/example_dags/example_short_circuit_decorator.py for tasks to queue
[2026-04-29T05:39:12.985+0200] {logging_mixin.py:188} INFO - [2026-04-29T05:39:12.985+0200] {dagbag.py:540} INFO - Filling up the DagBag from /Users/pablofrancoherrero/prueba_tecnica/venv/lib/python3.11/site-packages/airflow/example_dags/example_short_circuit_decorator.py
[2026-04-29T05:39:12.997+0200] {processor.py:840} INFO - DAG(s) 'example_short_circuit_decorator' retrieved from /Users/pablofrancoherrero/prueba_tecnica/venv/lib/python3.11/site-packages/airflow/example_dags/example_short_circuit_decorator.py
[2026-04-29T05:39:13.022+0200] {logging_mixin.py:188} INFO - [2026-04-29T05:39:13.022+0200] {dag.py:3096} INFO - Sync 1 DAGs
[2026-04-29T05:39:13.026+0200] {logging_mixin.py:188} INFO - [2026-04-29T05:39:13.026+0200] {dag.py:3954} INFO - Setting next_dagrun for example_short_circuit_decorator to 2026-04-28 00:00:00+00:00, run_after=2026-04-29 00:00:00+00:00
[2026-04-29T05:39:13.030+0200] {processor.py:183} INFO - Processing /Users/pablofrancoherrero/prueba_tecnica/venv/lib/python3.11/site-packages/airflow/example_dags/example_short_circuit_decorator.py took 0.046 seconds
[2026-04-29T05:40:35.587+0200] {processor.py:161} INFO - Started process (PID=74854) to work on /Users/pablofrancoherrero/prueba_tecnica/venv/lib/python3.11/site-packages/airflow/example_dags/example_short_circuit_decorator.py
[2026-04-29T05:40:35.588+0200] {processor.py:830} INFO - Processing file /Users/pablofrancoherrero/prueba_tecnica/venv/lib/python3.11/site-packages/airflow/example_dags/example_short_circuit_decorator.py for tasks to queue
[2026-04-29T05:40:35.588+0200] {logging_mixin.py:188} INFO - [2026-04-29T05:40:35.588+0200] {dagbag.py:540} INFO - Filling up the DagBag from /Users/pablofrancoherrero/prueba_tecnica/venv/lib/python3.11/site-packages/airflow/example_dags/example_short_circuit_decorator.py
[2026-04-29T05:40:35.600+0200] {processor.py:840} INFO - DAG(s) 'example_short_circuit_decorator' retrieved from /Users/pablofrancoherrero/prueba_tecnica/venv/lib/python3.11/site-packages/airflow/example_dags/example_short_circuit_decorator.py
[2026-04-29T05:40:35.625+0200] {logging_mixin.py:188} INFO - [2026-04-29T05:40:35.625+0200] {dag.py:3096} INFO - Sync 1 DAGs
[2026-04-29T05:40:35.630+0200] {logging_mixin.py:188} INFO - [2026-04-29T05:40:35.630+0200] {dag.py:3954} INFO - Setting next_dagrun for example_short_circuit_decorator to 2026-04-28 00:00:00+00:00, run_after=2026-04-29 00:00:00+00:00
[2026-04-29T05:40:35.634+0200] {processor.py:183} INFO - Processing /Users/pablofrancoherrero/prueba_tecnica/venv/lib/python3.11/site-packages/airflow/example_dags/example_short_circuit_decorator.py took 0.047 seconds
[2026-04-29T05:41:57.996+0200] {processor.py:161} INFO - Started process (PID=74943) to work on /Users/pablofrancoherrero/prueba_tecnica/venv/lib/python3.11/site-packages/airflow/example_dags/example_short_circuit_decorator.py
[2026-04-29T05:41:57.996+0200] {processor.py:830} INFO - Processing file /Users/pablofrancoherrero/prueba_tecnica/venv/lib/python3.11/site-packages/airflow/example_dags/example_short_circuit_decorator.py for tasks to queue
[2026-04-29T05:41:57.996+0200] {logging_mixin.py:188} INFO - [2026-04-29T05:41:57.996+0200] {dagbag.py:540} INFO - Filling up the DagBag from /Users/pablofrancoherrero/prueba_tecnica/venv/lib/python3.11/site-packages/airflow/example_dags/example_short_circuit_decorator.py
[2026-04-29T05:41:58.008+0200] {processor.py:840} INFO - DAG(s) 'example_short_circuit_decorator' retrieved from /Users/pablofrancoherrero/prueba_tecnica/venv/lib/python3.11/site-packages/airflow/example_dags/example_short_circuit_decorator.py
[2026-04-29T05:41:58.032+0200] {logging_mixin.py:188} INFO - [2026-04-29T05:41:58.032+0200] {dag.py:3096} INFO - Sync 1 DAGs
[2026-04-29T05:41:58.037+0200] {logging_mixin.py:188} INFO - [2026-04-29T05:41:58.037+0200] {dag.py:3954} INFO - Setting next_dagrun for example_short_circuit_decorator to 2026-04-28 00:00:00+00:00, run_after=2026-04-29 00:00:00+00:00
[2026-04-29T05:41:58.041+0200] {processor.py:183} INFO - Processing /Users/pablofrancoherrero/prueba_tecnica/venv/lib/python3.11/site-packages/airflow/example_dags/example_short_circuit_decorator.py took 0.046 seconds
[2026-04-29T05:43:17.500+0200] {processor.py:161} INFO - Started process (PID=75031) to work on /Users/pablofrancoherrero/prueba_tecnica/venv/lib/python3.11/site-packages/airflow/example_dags/example_short_circuit_decorator.py
[2026-04-29T05:43:17.501+0200] {processor.py:830} INFO - Processing file /Users/pablofrancoherrero/prueba_tecnica/venv/lib/python3.11/site-packages/airflow/example_dags/example_short_circuit_decorator.py for tasks to queue
[2026-04-29T05:43:17.501+0200] {logging_mixin.py:188} INFO - [2026-04-29T05:43:17.501+0200] {dagbag.py:540} INFO - Filling up the DagBag from /Users/pablofrancoherrero/prueba_tecnica/venv/lib/python3.11/site-packages/airflow/example_dags/example_short_circuit_decorator.py
[2026-04-29T05:43:17.513+0200] {processor.py:840} INFO - DAG(s) 'example_short_circuit_decorator' retrieved from /Users/pablofrancoherrero/prueba_tecnica/venv/lib/python3.11/site-packages/airflow/example_dags/example_short_circuit_decorator.py
[2026-04-29T05:43:17.538+0200] {logging_mixin.py:188} INFO - [2026-04-29T05:43:17.538+0200] {dag.py:3096} INFO - Sync 1 DAGs
[2026-04-29T05:43:17.543+0200] {logging_mixin.py:188} INFO - [2026-04-29T05:43:17.542+0200] {dag.py:3954} INFO - Setting next_dagrun for example_short_circuit_decorator to 2026-04-28 00:00:00+00:00, run_after=2026-04-29 00:00:00+00:00
[2026-04-29T05:43:17.547+0200] {processor.py:183} INFO - Processing /Users/pablofrancoherrero/prueba_tecnica/venv/lib/python3.11/site-packages/airflow/example_dags/example_short_circuit_decorator.py took 0.048 seconds
[2026-04-29T05:44:40.072+0200] {processor.py:161} INFO - Started process (PID=75150) to work on /Users/pablofrancoherrero/prueba_tecnica/venv/lib/python3.11/site-packages/airflow/example_dags/example_short_circuit_decorator.py
[2026-04-29T05:44:40.073+0200] {processor.py:830} INFO - Processing file /Users/pablofrancoherrero/prueba_tecnica/venv/lib/python3.11/site-packages/airflow/example_dags/example_short_circuit_decorator.py for tasks to queue
[2026-04-29T05:44:40.073+0200] {logging_mixin.py:188} INFO - [2026-04-29T05:44:40.073+0200] {dagbag.py:540} INFO - Filling up the DagBag from /Users/pablofrancoherrero/prueba_tecnica/venv/lib/python3.11/site-packages/airflow/example_dags/example_short_circuit_decorator.py
[2026-04-29T05:44:40.084+0200] {processor.py:840} INFO - DAG(s) 'example_short_circuit_decorator' retrieved from /Users/pablofrancoherrero/prueba_tecnica/venv/lib/python3.11/site-packages/airflow/example_dags/example_short_circuit_decorator.py
[2026-04-29T05:44:40.109+0200] {logging_mixin.py:188} INFO - [2026-04-29T05:44:40.109+0200] {dag.py:3096} INFO - Sync 1 DAGs
[2026-04-29T05:44:40.113+0200] {logging_mixin.py:188} INFO - [2026-04-29T05:44:40.113+0200] {dag.py:3954} INFO - Setting next_dagrun for example_short_circuit_decorator to 2026-04-28 00:00:00+00:00, run_after=2026-04-29 00:00:00+00:00
[2026-04-29T05:44:40.118+0200] {processor.py:183} INFO - Processing /Users/pablofrancoherrero/prueba_tecnica/venv/lib/python3.11/site-packages/airflow/example_dags/example_short_circuit_decorator.py took 0.047 seconds
[2026-04-29T05:45:57.676+0200] {processor.py:161} INFO - Started process (PID=75244) to work on /Users/pablofrancoherrero/prueba_tecnica/venv/lib/python3.11/site-packages/airflow/example_dags/example_short_circuit_decorator.py
[2026-04-29T05:45:57.677+0200] {processor.py:830} INFO - Processing file /Users/pablofrancoherrero/prueba_tecnica/venv/lib/python3.11/site-packages/airflow/example_dags/example_short_circuit_decorator.py for tasks to queue
[2026-04-29T05:45:57.678+0200] {logging_mixin.py:188} INFO - [2026-04-29T05:45:57.678+0200] {dagbag.py:540} INFO - Filling up the DagBag from /Users/pablofrancoherrero/prueba_tecnica/venv/lib/python3.11/site-packages/airflow/example_dags/example_short_circuit_decorator.py
[2026-04-29T05:45:57.689+0200] {processor.py:840} INFO - DAG(s) 'example_short_circuit_decorator' retrieved from /Users/pablofrancoherrero/prueba_tecnica/venv/lib/python3.11/site-packages/airflow/example_dags/example_short_circuit_decorator.py
[2026-04-29T05:45:57.715+0200] {logging_mixin.py:188} INFO - [2026-04-29T05:45:57.715+0200] {dag.py:3096} INFO - Sync 1 DAGs
[2026-04-29T05:45:57.719+0200] {logging_mixin.py:188} INFO - [2026-04-29T05:45:57.719+0200] {dag.py:3954} INFO - Setting next_dagrun for example_short_circuit_decorator to 2026-04-28 00:00:00+00:00, run_after=2026-04-29 00:00:00+00:00
[2026-04-29T05:45:57.724+0200] {processor.py:183} INFO - Processing /Users/pablofrancoherrero/prueba_tecnica/venv/lib/python3.11/site-packages/airflow/example_dags/example_short_circuit_decorator.py took 0.048 seconds
[2026-04-29T05:47:15.701+0200] {processor.py:161} INFO - Started process (PID=75335) to work on /Users/pablofrancoherrero/prueba_tecnica/venv/lib/python3.11/site-packages/airflow/example_dags/example_short_circuit_decorator.py
[2026-04-29T05:47:15.701+0200] {processor.py:830} INFO - Processing file /Users/pablofrancoherrero/prueba_tecnica/venv/lib/python3.11/site-packages/airflow/example_dags/example_short_circuit_decorator.py for tasks to queue
[2026-04-29T05:47:15.702+0200] {logging_mixin.py:188} INFO - [2026-04-29T05:47:15.701+0200] {dagbag.py:540} INFO - Filling up the DagBag from /Users/pablofrancoherrero/prueba_tecnica/venv/lib/python3.11/site-packages/airflow/example_dags/example_short_circuit_decorator.py
[2026-04-29T05:47:15.713+0200] {processor.py:840} INFO - DAG(s) 'example_short_circuit_decorator' retrieved from /Users/pablofrancoherrero/prueba_tecnica/venv/lib/python3.11/site-packages/airflow/example_dags/example_short_circuit_decorator.py
[2026-04-29T05:47:15.739+0200] {logging_mixin.py:188} INFO - [2026-04-29T05:47:15.739+0200] {dag.py:3096} INFO - Sync 1 DAGs
[2026-04-29T05:47:15.744+0200] {logging_mixin.py:188} INFO - [2026-04-29T05:47:15.744+0200] {dag.py:3954} INFO - Setting next_dagrun for example_short_circuit_decorator to 2026-04-28 00:00:00+00:00, run_after=2026-04-29 00:00:00+00:00
[2026-04-29T05:47:15.748+0200] {processor.py:183} INFO - Processing /Users/pablofrancoherrero/prueba_tecnica/venv/lib/python3.11/site-packages/airflow/example_dags/example_short_circuit_decorator.py took 0.048 seconds
[2026-04-29T05:48:38.452+0200] {processor.py:161} INFO - Started process (PID=75425) to work on /Users/pablofrancoherrero/prueba_tecnica/venv/lib/python3.11/site-packages/airflow/example_dags/example_short_circuit_decorator.py
[2026-04-29T05:48:38.453+0200] {processor.py:830} INFO - Processing file /Users/pablofrancoherrero/prueba_tecnica/venv/lib/python3.11/site-packages/airflow/example_dags/example_short_circuit_decorator.py for tasks to queue
[2026-04-29T05:48:38.453+0200] {logging_mixin.py:188} INFO - [2026-04-29T05:48:38.453+0200] {dagbag.py:540} INFO - Filling up the DagBag from /Users/pablofrancoherrero/prueba_tecnica/venv/lib/python3.11/site-packages/airflow/example_dags/example_short_circuit_decorator.py
[2026-04-29T05:48:38.465+0200] {processor.py:840} INFO - DAG(s) 'example_short_circuit_decorator' retrieved from /Users/pablofrancoherrero/prueba_tecnica/venv/lib/python3.11/site-packages/airflow/example_dags/example_short_circuit_decorator.py
[2026-04-29T05:48:38.491+0200] {logging_mixin.py:188} INFO - [2026-04-29T05:48:38.491+0200] {dag.py:3096} INFO - Sync 1 DAGs
[2026-04-29T05:48:38.495+0200] {logging_mixin.py:188} INFO - [2026-04-29T05:48:38.495+0200] {dag.py:3954} INFO - Setting next_dagrun for example_short_circuit_decorator to 2026-04-28 00:00:00+00:00, run_after=2026-04-29 00:00:00+00:00
[2026-04-29T05:48:38.500+0200] {processor.py:183} INFO - Processing /Users/pablofrancoherrero/prueba_tecnica/venv/lib/python3.11/site-packages/airflow/example_dags/example_short_circuit_decorator.py took 0.048 seconds
[2026-04-29T05:49:58.951+0200] {processor.py:161} INFO - Started process (PID=75528) to work on /Users/pablofrancoherrero/prueba_tecnica/venv/lib/python3.11/site-packages/airflow/example_dags/example_short_circuit_decorator.py
[2026-04-29T05:49:58.951+0200] {processor.py:830} INFO - Processing file /Users/pablofrancoherrero/prueba_tecnica/venv/lib/python3.11/site-packages/airflow/example_dags/example_short_circuit_decorator.py for tasks to queue
[2026-04-29T05:49:58.951+0200] {logging_mixin.py:188} INFO - [2026-04-29T05:49:58.951+0200] {dagbag.py:540} INFO - Filling up the DagBag from /Users/pablofrancoherrero/prueba_tecnica/venv/lib/python3.11/site-packages/airflow/example_dags/example_short_circuit_decorator.py
[2026-04-29T05:49:58.963+0200] {processor.py:840} INFO - DAG(s) 'example_short_circuit_decorator' retrieved from /Users/pablofrancoherrero/prueba_tecnica/venv/lib/python3.11/site-packages/airflow/example_dags/example_short_circuit_decorator.py
[2026-04-29T05:49:58.988+0200] {logging_mixin.py:188} INFO - [2026-04-29T05:49:58.988+0200] {dag.py:3096} INFO - Sync 1 DAGs
[2026-04-29T05:49:58.992+0200] {logging_mixin.py:188} INFO - [2026-04-29T05:49:58.992+0200] {dag.py:3954} INFO - Setting next_dagrun for example_short_circuit_decorator to 2026-04-28 00:00:00+00:00, run_after=2026-04-29 00:00:00+00:00
[2026-04-29T05:49:58.996+0200] {processor.py:183} INFO - Processing /Users/pablofrancoherrero/prueba_tecnica/venv/lib/python3.11/site-packages/airflow/example_dags/example_short_circuit_decorator.py took 0.047 seconds
[2026-04-29T05:51:20.515+0200] {processor.py:161} INFO - Started process (PID=75633) to work on /Users/pablofrancoherrero/prueba_tecnica/venv/lib/python3.11/site-packages/airflow/example_dags/example_short_circuit_decorator.py
[2026-04-29T05:51:20.515+0200] {processor.py:830} INFO - Processing file /Users/pablofrancoherrero/prueba_tecnica/venv/lib/python3.11/site-packages/airflow/example_dags/example_short_circuit_decorator.py for tasks to queue
[2026-04-29T05:51:20.516+0200] {logging_mixin.py:188} INFO - [2026-04-29T05:51:20.516+0200] {dagbag.py:540} INFO - Filling up the DagBag from /Users/pablofrancoherrero/prueba_tecnica/venv/lib/python3.11/site-packages/airflow/example_dags/example_short_circuit_decorator.py
[2026-04-29T05:51:20.527+0200] {processor.py:840} INFO - DAG(s) 'example_short_circuit_decorator' retrieved from /Users/pablofrancoherrero/prueba_tecnica/venv/lib/python3.11/site-packages/airflow/example_dags/example_short_circuit_decorator.py
[2026-04-29T05:51:20.553+0200] {logging_mixin.py:188} INFO - [2026-04-29T05:51:20.552+0200] {dag.py:3096} INFO - Sync 1 DAGs
[2026-04-29T05:51:20.557+0200] {logging_mixin.py:188} INFO - [2026-04-29T05:51:20.557+0200] {dag.py:3954} INFO - Setting next_dagrun for example_short_circuit_decorator to 2026-04-28 00:00:00+00:00, run_after=2026-04-29 00:00:00+00:00
[2026-04-29T05:51:20.561+0200] {processor.py:183} INFO - Processing /Users/pablofrancoherrero/prueba_tecnica/venv/lib/python3.11/site-packages/airflow/example_dags/example_short_circuit_decorator.py took 0.047 seconds
[2026-04-29T05:52:41.531+0200] {processor.py:161} INFO - Started process (PID=75720) to work on /Users/pablofrancoherrero/prueba_tecnica/venv/lib/python3.11/site-packages/airflow/example_dags/example_short_circuit_decorator.py
[2026-04-29T05:52:41.531+0200] {processor.py:830} INFO - Processing file /Users/pablofrancoherrero/prueba_tecnica/venv/lib/python3.11/site-packages/airflow/example_dags/example_short_circuit_decorator.py for tasks to queue
[2026-04-29T05:52:41.532+0200] {logging_mixin.py:188} INFO - [2026-04-29T05:52:41.532+0200] {dagbag.py:540} INFO - Filling up the DagBag from /Users/pablofrancoherrero/prueba_tecnica/venv/lib/python3.11/site-packages/airflow/example_dags/example_short_circuit_decorator.py
[2026-04-29T05:52:41.543+0200] {processor.py:840} INFO - DAG(s) 'example_short_circuit_decorator' retrieved from /Users/pablofrancoherrero/prueba_tecnica/venv/lib/python3.11/site-packages/airflow/example_dags/example_short_circuit_decorator.py
[2026-04-29T05:52:41.569+0200] {logging_mixin.py:188} INFO - [2026-04-29T05:52:41.569+0200] {dag.py:3096} INFO - Sync 1 DAGs
[2026-04-29T05:52:41.574+0200] {logging_mixin.py:188} INFO - [2026-04-29T05:52:41.573+0200] {dag.py:3954} INFO - Setting next_dagrun for example_short_circuit_decorator to 2026-04-28 00:00:00+00:00, run_after=2026-04-29 00:00:00+00:00
[2026-04-29T05:52:41.578+0200] {processor.py:183} INFO - Processing /Users/pablofrancoherrero/prueba_tecnica/venv/lib/python3.11/site-packages/airflow/example_dags/example_short_circuit_decorator.py took 0.048 seconds
[2026-04-29T05:53:58.239+0200] {processor.py:161} INFO - Started process (PID=75805) to work on /Users/pablofrancoherrero/prueba_tecnica/venv/lib/python3.11/site-packages/airflow/example_dags/example_short_circuit_decorator.py
[2026-04-29T05:53:58.240+0200] {processor.py:830} INFO - Processing file /Users/pablofrancoherrero/prueba_tecnica/venv/lib/python3.11/site-packages/airflow/example_dags/example_short_circuit_decorator.py for tasks to queue
[2026-04-29T05:53:58.240+0200] {logging_mixin.py:188} INFO - [2026-04-29T05:53:58.240+0200] {dagbag.py:540} INFO - Filling up the DagBag from /Users/pablofrancoherrero/prueba_tecnica/venv/lib/python3.11/site-packages/airflow/example_dags/example_short_circuit_decorator.py
[2026-04-29T05:53:58.252+0200] {processor.py:840} INFO - DAG(s) 'example_short_circuit_decorator' retrieved from /Users/pablofrancoherrero/prueba_tecnica/venv/lib/python3.11/site-packages/airflow/example_dags/example_short_circuit_decorator.py
[2026-04-29T05:53:58.277+0200] {logging_mixin.py:188} INFO - [2026-04-29T05:53:58.277+0200] {dag.py:3096} INFO - Sync 1 DAGs
[2026-04-29T05:53:58.282+0200] {logging_mixin.py:188} INFO - [2026-04-29T05:53:58.282+0200] {dag.py:3954} INFO - Setting next_dagrun for example_short_circuit_decorator to 2026-04-28 00:00:00+00:00, run_after=2026-04-29 00:00:00+00:00
[2026-04-29T05:53:58.286+0200] {processor.py:183} INFO - Processing /Users/pablofrancoherrero/prueba_tecnica/venv/lib/python3.11/site-packages/airflow/example_dags/example_short_circuit_decorator.py took 0.048 seconds
[2026-04-29T05:55:18.072+0200] {processor.py:161} INFO - Started process (PID=75889) to work on /Users/pablofrancoherrero/prueba_tecnica/venv/lib/python3.11/site-packages/airflow/example_dags/example_short_circuit_decorator.py
[2026-04-29T05:55:18.073+0200] {processor.py:830} INFO - Processing file /Users/pablofrancoherrero/prueba_tecnica/venv/lib/python3.11/site-packages/airflow/example_dags/example_short_circuit_decorator.py for tasks to queue
[2026-04-29T05:55:18.073+0200] {logging_mixin.py:188} INFO - [2026-04-29T05:55:18.073+0200] {dagbag.py:540} INFO - Filling up the DagBag from /Users/pablofrancoherrero/prueba_tecnica/venv/lib/python3.11/site-packages/airflow/example_dags/example_short_circuit_decorator.py
[2026-04-29T05:55:18.085+0200] {processor.py:840} INFO - DAG(s) 'example_short_circuit_decorator' retrieved from /Users/pablofrancoherrero/prueba_tecnica/venv/lib/python3.11/site-packages/airflow/example_dags/example_short_circuit_decorator.py
[2026-04-29T05:55:18.111+0200] {logging_mixin.py:188} INFO - [2026-04-29T05:55:18.110+0200] {dag.py:3096} INFO - Sync 1 DAGs
[2026-04-29T05:55:18.115+0200] {logging_mixin.py:188} INFO - [2026-04-29T05:55:18.115+0200] {dag.py:3954} INFO - Setting next_dagrun for example_short_circuit_decorator to 2026-04-28 00:00:00+00:00, run_after=2026-04-29 00:00:00+00:00
[2026-04-29T05:55:18.119+0200] {processor.py:183} INFO - Processing /Users/pablofrancoherrero/prueba_tecnica/venv/lib/python3.11/site-packages/airflow/example_dags/example_short_circuit_decorator.py took 0.048 seconds
[2026-04-29T05:56:38.780+0200] {processor.py:161} INFO - Started process (PID=75995) to work on /Users/pablofrancoherrero/prueba_tecnica/venv/lib/python3.11/site-packages/airflow/example_dags/example_short_circuit_decorator.py
[2026-04-29T05:56:38.782+0200] {processor.py:830} INFO - Processing file /Users/pablofrancoherrero/prueba_tecnica/venv/lib/python3.11/site-packages/airflow/example_dags/example_short_circuit_decorator.py for tasks to queue
[2026-04-29T05:56:38.782+0200] {logging_mixin.py:188} INFO - [2026-04-29T05:56:38.782+0200] {dagbag.py:540} INFO - Filling up the DagBag from /Users/pablofrancoherrero/prueba_tecnica/venv/lib/python3.11/site-packages/airflow/example_dags/example_short_circuit_decorator.py
[2026-04-29T05:56:38.793+0200] {processor.py:840} INFO - DAG(s) 'example_short_circuit_decorator' retrieved from /Users/pablofrancoherrero/prueba_tecnica/venv/lib/python3.11/site-packages/airflow/example_dags/example_short_circuit_decorator.py
[2026-04-29T05:56:38.819+0200] {logging_mixin.py:188} INFO - [2026-04-29T05:56:38.819+0200] {dag.py:3096} INFO - Sync 1 DAGs
[2026-04-29T05:56:38.824+0200] {logging_mixin.py:188} INFO - [2026-04-29T05:56:38.824+0200] {dag.py:3954} INFO - Setting next_dagrun for example_short_circuit_decorator to 2026-04-28 00:00:00+00:00, run_after=2026-04-29 00:00:00+00:00
[2026-04-29T05:56:38.828+0200] {processor.py:183} INFO - Processing /Users/pablofrancoherrero/prueba_tecnica/venv/lib/python3.11/site-packages/airflow/example_dags/example_short_circuit_decorator.py took 0.049 seconds
[2026-04-29T05:57:59.848+0200] {processor.py:161} INFO - Started process (PID=76083) to work on /Users/pablofrancoherrero/prueba_tecnica/venv/lib/python3.11/site-packages/airflow/example_dags/example_short_circuit_decorator.py
[2026-04-29T05:57:59.849+0200] {processor.py:830} INFO - Processing file /Users/pablofrancoherrero/prueba_tecnica/venv/lib/python3.11/site-packages/airflow/example_dags/example_short_circuit_decorator.py for tasks to queue
[2026-04-29T05:57:59.850+0200] {logging_mixin.py:188} INFO - [2026-04-29T05:57:59.850+0200] {dagbag.py:540} INFO - Filling up the DagBag from /Users/pablofrancoherrero/prueba_tecnica/venv/lib/python3.11/site-packages/airflow/example_dags/example_short_circuit_decorator.py
[2026-04-29T05:57:59.861+0200] {processor.py:840} INFO - DAG(s) 'example_short_circuit_decorator' retrieved from /Users/pablofrancoherrero/prueba_tecnica/venv/lib/python3.11/site-packages/airflow/example_dags/example_short_circuit_decorator.py
[2026-04-29T05:57:59.887+0200] {logging_mixin.py:188} INFO - [2026-04-29T05:57:59.887+0200] {dag.py:3096} INFO - Sync 1 DAGs
[2026-04-29T05:57:59.891+0200] {logging_mixin.py:188} INFO - [2026-04-29T05:57:59.891+0200] {dag.py:3954} INFO - Setting next_dagrun for example_short_circuit_decorator to 2026-04-28 00:00:00+00:00, run_after=2026-04-29 00:00:00+00:00
[2026-04-29T05:57:59.896+0200] {processor.py:183} INFO - Processing /Users/pablofrancoherrero/prueba_tecnica/venv/lib/python3.11/site-packages/airflow/example_dags/example_short_circuit_decorator.py took 0.048 seconds
[2026-04-29T05:59:19.806+0200] {processor.py:161} INFO - Started process (PID=76166) to work on /Users/pablofrancoherrero/prueba_tecnica/venv/lib/python3.11/site-packages/airflow/example_dags/example_short_circuit_decorator.py
[2026-04-29T05:59:19.807+0200] {processor.py:830} INFO - Processing file /Users/pablofrancoherrero/prueba_tecnica/venv/lib/python3.11/site-packages/airflow/example_dags/example_short_circuit_decorator.py for tasks to queue
[2026-04-29T05:59:19.808+0200] {logging_mixin.py:188} INFO - [2026-04-29T05:59:19.808+0200] {dagbag.py:540} INFO - Filling up the DagBag from /Users/pablofrancoherrero/prueba_tecnica/venv/lib/python3.11/site-packages/airflow/example_dags/example_short_circuit_decorator.py
[2026-04-29T05:59:19.819+0200] {processor.py:840} INFO - DAG(s) 'example_short_circuit_decorator' retrieved from /Users/pablofrancoherrero/prueba_tecnica/venv/lib/python3.11/site-packages/airflow/example_dags/example_short_circuit_decorator.py
[2026-04-29T05:59:19.845+0200] {logging_mixin.py:188} INFO - [2026-04-29T05:59:19.845+0200] {dag.py:3096} INFO - Sync 1 DAGs
[2026-04-29T05:59:19.849+0200] {logging_mixin.py:188} INFO - [2026-04-29T05:59:19.849+0200] {dag.py:3954} INFO - Setting next_dagrun for example_short_circuit_decorator to 2026-04-28 00:00:00+00:00, run_after=2026-04-29 00:00:00+00:00
[2026-04-29T05:59:19.854+0200] {processor.py:183} INFO - Processing /Users/pablofrancoherrero/prueba_tecnica/venv/lib/python3.11/site-packages/airflow/example_dags/example_short_circuit_decorator.py took 0.048 seconds
[2026-04-29T06:00:41.751+0200] {processor.py:161} INFO - Started process (PID=76276) to work on /Users/pablofrancoherrero/prueba_tecnica/venv/lib/python3.11/site-packages/airflow/example_dags/example_short_circuit_decorator.py
[2026-04-29T06:00:41.752+0200] {processor.py:830} INFO - Processing file /Users/pablofrancoherrero/prueba_tecnica/venv/lib/python3.11/site-packages/airflow/example_dags/example_short_circuit_decorator.py for tasks to queue
[2026-04-29T06:00:41.752+0200] {logging_mixin.py:188} INFO - [2026-04-29T06:00:41.752+0200] {dagbag.py:540} INFO - Filling up the DagBag from /Users/pablofrancoherrero/prueba_tecnica/venv/lib/python3.11/site-packages/airflow/example_dags/example_short_circuit_decorator.py
[2026-04-29T06:00:41.764+0200] {processor.py:840} INFO - DAG(s) 'example_short_circuit_decorator' retrieved from /Users/pablofrancoherrero/prueba_tecnica/venv/lib/python3.11/site-packages/airflow/example_dags/example_short_circuit_decorator.py
[2026-04-29T06:00:41.790+0200] {logging_mixin.py:188} INFO - [2026-04-29T06:00:41.790+0200] {dag.py:3096} INFO - Sync 1 DAGs
[2026-04-29T06:00:41.795+0200] {logging_mixin.py:188} INFO - [2026-04-29T06:00:41.795+0200] {dag.py:3954} INFO - Setting next_dagrun for example_short_circuit_decorator to 2026-04-28 00:00:00+00:00, run_after=2026-04-29 00:00:00+00:00
[2026-04-29T06:00:41.799+0200] {processor.py:183} INFO - Processing /Users/pablofrancoherrero/prueba_tecnica/venv/lib/python3.11/site-packages/airflow/example_dags/example_short_circuit_decorator.py took 0.049 seconds
[2026-04-29T06:02:01.871+0200] {processor.py:161} INFO - Started process (PID=76371) to work on /Users/pablofrancoherrero/prueba_tecnica/venv/lib/python3.11/site-packages/airflow/example_dags/example_short_circuit_decorator.py
[2026-04-29T06:02:01.871+0200] {processor.py:830} INFO - Processing file /Users/pablofrancoherrero/prueba_tecnica/venv/lib/python3.11/site-packages/airflow/example_dags/example_short_circuit_decorator.py for tasks to queue
[2026-04-29T06:02:01.872+0200] {logging_mixin.py:188} INFO - [2026-04-29T06:02:01.871+0200] {dagbag.py:540} INFO - Filling up the DagBag from /Users/pablofrancoherrero/prueba_tecnica/venv/lib/python3.11/site-packages/airflow/example_dags/example_short_circuit_decorator.py
[2026-04-29T06:02:01.883+0200] {processor.py:840} INFO - DAG(s) 'example_short_circuit_decorator' retrieved from /Users/pablofrancoherrero/prueba_tecnica/venv/lib/python3.11/site-packages/airflow/example_dags/example_short_circuit_decorator.py
[2026-04-29T06:02:01.908+0200] {logging_mixin.py:188} INFO - [2026-04-29T06:02:01.908+0200] {dag.py:3096} INFO - Sync 1 DAGs
[2026-04-29T06:02:01.912+0200] {logging_mixin.py:188} INFO - [2026-04-29T06:02:01.912+0200] {dag.py:3954} INFO - Setting next_dagrun for example_short_circuit_decorator to 2026-04-28 00:00:00+00:00, run_after=2026-04-29 00:00:00+00:00
[2026-04-29T06:02:01.917+0200] {processor.py:183} INFO - Processing /Users/pablofrancoherrero/prueba_tecnica/venv/lib/python3.11/site-packages/airflow/example_dags/example_short_circuit_decorator.py took 0.047 seconds
[2026-04-29T06:03:25.098+0200] {processor.py:161} INFO - Started process (PID=76463) to work on /Users/pablofrancoherrero/prueba_tecnica/venv/lib/python3.11/site-packages/airflow/example_dags/example_short_circuit_decorator.py
[2026-04-29T06:03:25.099+0200] {processor.py:830} INFO - Processing file /Users/pablofrancoherrero/prueba_tecnica/venv/lib/python3.11/site-packages/airflow/example_dags/example_short_circuit_decorator.py for tasks to queue
[2026-04-29T06:03:25.099+0200] {logging_mixin.py:188} INFO - [2026-04-29T06:03:25.099+0200] {dagbag.py:540} INFO - Filling up the DagBag from /Users/pablofrancoherrero/prueba_tecnica/venv/lib/python3.11/site-packages/airflow/example_dags/example_short_circuit_decorator.py
[2026-04-29T06:03:25.110+0200] {processor.py:840} INFO - DAG(s) 'example_short_circuit_decorator' retrieved from /Users/pablofrancoherrero/prueba_tecnica/venv/lib/python3.11/site-packages/airflow/example_dags/example_short_circuit_decorator.py
[2026-04-29T06:03:25.135+0200] {logging_mixin.py:188} INFO - [2026-04-29T06:03:25.135+0200] {dag.py:3096} INFO - Sync 1 DAGs
[2026-04-29T06:03:25.139+0200] {logging_mixin.py:188} INFO - [2026-04-29T06:03:25.139+0200] {dag.py:3954} INFO - Setting next_dagrun for example_short_circuit_decorator to 2026-04-28 00:00:00+00:00, run_after=2026-04-29 00:00:00+00:00
[2026-04-29T06:03:25.144+0200] {processor.py:183} INFO - Processing /Users/pablofrancoherrero/prueba_tecnica/venv/lib/python3.11/site-packages/airflow/example_dags/example_short_circuit_decorator.py took 0.047 seconds
[2026-04-29T06:04:46.322+0200] {processor.py:161} INFO - Started process (PID=76545) to work on /Users/pablofrancoherrero/prueba_tecnica/venv/lib/python3.11/site-packages/airflow/example_dags/example_short_circuit_decorator.py
[2026-04-29T06:04:46.323+0200] {processor.py:830} INFO - Processing file /Users/pablofrancoherrero/prueba_tecnica/venv/lib/python3.11/site-packages/airflow/example_dags/example_short_circuit_decorator.py for tasks to queue
[2026-04-29T06:04:46.323+0200] {logging_mixin.py:188} INFO - [2026-04-29T06:04:46.323+0200] {dagbag.py:540} INFO - Filling up the DagBag from /Users/pablofrancoherrero/prueba_tecnica/venv/lib/python3.11/site-packages/airflow/example_dags/example_short_circuit_decorator.py
[2026-04-29T06:04:46.335+0200] {processor.py:840} INFO - DAG(s) 'example_short_circuit_decorator' retrieved from /Users/pablofrancoherrero/prueba_tecnica/venv/lib/python3.11/site-packages/airflow/example_dags/example_short_circuit_decorator.py
[2026-04-29T06:04:46.361+0200] {logging_mixin.py:188} INFO - [2026-04-29T06:04:46.361+0200] {dag.py:3096} INFO - Sync 1 DAGs
[2026-04-29T06:04:46.365+0200] {logging_mixin.py:188} INFO - [2026-04-29T06:04:46.365+0200] {dag.py:3954} INFO - Setting next_dagrun for example_short_circuit_decorator to 2026-04-28 00:00:00+00:00, run_after=2026-04-29 00:00:00+00:00
[2026-04-29T06:04:46.370+0200] {processor.py:183} INFO - Processing /Users/pablofrancoherrero/prueba_tecnica/venv/lib/python3.11/site-packages/airflow/example_dags/example_short_circuit_decorator.py took 0.048 seconds
[2026-04-29T06:06:05.673+0200] {processor.py:161} INFO - Started process (PID=76639) to work on /Users/pablofrancoherrero/prueba_tecnica/venv/lib/python3.11/site-packages/airflow/example_dags/example_short_circuit_decorator.py
[2026-04-29T06:06:05.674+0200] {processor.py:830} INFO - Processing file /Users/pablofrancoherrero/prueba_tecnica/venv/lib/python3.11/site-packages/airflow/example_dags/example_short_circuit_decorator.py for tasks to queue
[2026-04-29T06:06:05.674+0200] {logging_mixin.py:188} INFO - [2026-04-29T06:06:05.674+0200] {dagbag.py:540} INFO - Filling up the DagBag from /Users/pablofrancoherrero/prueba_tecnica/venv/lib/python3.11/site-packages/airflow/example_dags/example_short_circuit_decorator.py
[2026-04-29T06:06:05.685+0200] {processor.py:840} INFO - DAG(s) 'example_short_circuit_decorator' retrieved from /Users/pablofrancoherrero/prueba_tecnica/venv/lib/python3.11/site-packages/airflow/example_dags/example_short_circuit_decorator.py
[2026-04-29T06:06:05.710+0200] {logging_mixin.py:188} INFO - [2026-04-29T06:06:05.710+0200] {dag.py:3096} INFO - Sync 1 DAGs
[2026-04-29T06:06:05.714+0200] {logging_mixin.py:188} INFO - [2026-04-29T06:06:05.714+0200] {dag.py:3954} INFO - Setting next_dagrun for example_short_circuit_decorator to 2026-04-28 00:00:00+00:00, run_after=2026-04-29 00:00:00+00:00
[2026-04-29T06:06:05.719+0200] {processor.py:183} INFO - Processing /Users/pablofrancoherrero/prueba_tecnica/venv/lib/python3.11/site-packages/airflow/example_dags/example_short_circuit_decorator.py took 0.047 seconds
[2026-04-29T06:07:25.628+0200] {processor.py:161} INFO - Started process (PID=76734) to work on /Users/pablofrancoherrero/prueba_tecnica/venv/lib/python3.11/site-packages/airflow/example_dags/example_short_circuit_decorator.py
[2026-04-29T06:07:25.629+0200] {processor.py:830} INFO - Processing file /Users/pablofrancoherrero/prueba_tecnica/venv/lib/python3.11/site-packages/airflow/example_dags/example_short_circuit_decorator.py for tasks to queue
[2026-04-29T06:07:25.629+0200] {logging_mixin.py:188} INFO - [2026-04-29T06:07:25.629+0200] {dagbag.py:540} INFO - Filling up the DagBag from /Users/pablofrancoherrero/prueba_tecnica/venv/lib/python3.11/site-packages/airflow/example_dags/example_short_circuit_decorator.py
[2026-04-29T06:07:25.640+0200] {processor.py:840} INFO - DAG(s) 'example_short_circuit_decorator' retrieved from /Users/pablofrancoherrero/prueba_tecnica/venv/lib/python3.11/site-packages/airflow/example_dags/example_short_circuit_decorator.py
[2026-04-29T06:07:25.666+0200] {logging_mixin.py:188} INFO - [2026-04-29T06:07:25.666+0200] {dag.py:3096} INFO - Sync 1 DAGs
[2026-04-29T06:07:25.671+0200] {logging_mixin.py:188} INFO - [2026-04-29T06:07:25.671+0200] {dag.py:3954} INFO - Setting next_dagrun for example_short_circuit_decorator to 2026-04-28 00:00:00+00:00, run_after=2026-04-29 00:00:00+00:00
[2026-04-29T06:07:25.675+0200] {processor.py:183} INFO - Processing /Users/pablofrancoherrero/prueba_tecnica/venv/lib/python3.11/site-packages/airflow/example_dags/example_short_circuit_decorator.py took 0.048 seconds
[2026-04-29T06:08:45.554+0200] {processor.py:161} INFO - Started process (PID=76819) to work on /Users/pablofrancoherrero/prueba_tecnica/venv/lib/python3.11/site-packages/airflow/example_dags/example_short_circuit_decorator.py
[2026-04-29T06:08:45.555+0200] {processor.py:830} INFO - Processing file /Users/pablofrancoherrero/prueba_tecnica/venv/lib/python3.11/site-packages/airflow/example_dags/example_short_circuit_decorator.py for tasks to queue
[2026-04-29T06:08:45.555+0200] {logging_mixin.py:188} INFO - [2026-04-29T06:08:45.555+0200] {dagbag.py:540} INFO - Filling up the DagBag from /Users/pablofrancoherrero/prueba_tecnica/venv/lib/python3.11/site-packages/airflow/example_dags/example_short_circuit_decorator.py
[2026-04-29T06:08:45.567+0200] {processor.py:840} INFO - DAG(s) 'example_short_circuit_decorator' retrieved from /Users/pablofrancoherrero/prueba_tecnica/venv/lib/python3.11/site-packages/airflow/example_dags/example_short_circuit_decorator.py
[2026-04-29T06:08:45.593+0200] {logging_mixin.py:188} INFO - [2026-04-29T06:08:45.593+0200] {dag.py:3096} INFO - Sync 1 DAGs
[2026-04-29T06:08:45.597+0200] {logging_mixin.py:188} INFO - [2026-04-29T06:08:45.597+0200] {dag.py:3954} INFO - Setting next_dagrun for example_short_circuit_decorator to 2026-04-28 00:00:00+00:00, run_after=2026-04-29 00:00:00+00:00
[2026-04-29T06:08:45.602+0200] {processor.py:183} INFO - Processing /Users/pablofrancoherrero/prueba_tecnica/venv/lib/python3.11/site-packages/airflow/example_dags/example_short_circuit_decorator.py took 0.048 seconds
[2026-04-29T06:10:03.359+0200] {processor.py:161} INFO - Started process (PID=76899) to work on /Users/pablofrancoherrero/prueba_tecnica/venv/lib/python3.11/site-packages/airflow/example_dags/example_short_circuit_decorator.py
[2026-04-29T06:10:03.360+0200] {processor.py:830} INFO - Processing file /Users/pablofrancoherrero/prueba_tecnica/venv/lib/python3.11/site-packages/airflow/example_dags/example_short_circuit_decorator.py for tasks to queue
[2026-04-29T06:10:03.360+0200] {logging_mixin.py:188} INFO - [2026-04-29T06:10:03.360+0200] {dagbag.py:540} INFO - Filling up the DagBag from /Users/pablofrancoherrero/prueba_tecnica/venv/lib/python3.11/site-packages/airflow/example_dags/example_short_circuit_decorator.py
[2026-04-29T06:10:03.371+0200] {processor.py:840} INFO - DAG(s) 'example_short_circuit_decorator' retrieved from /Users/pablofrancoherrero/prueba_tecnica/venv/lib/python3.11/site-packages/airflow/example_dags/example_short_circuit_decorator.py
[2026-04-29T06:10:03.396+0200] {logging_mixin.py:188} INFO - [2026-04-29T06:10:03.396+0200] {dag.py:3096} INFO - Sync 1 DAGs
[2026-04-29T06:10:03.401+0200] {logging_mixin.py:188} INFO - [2026-04-29T06:10:03.400+0200] {dag.py:3954} INFO - Setting next_dagrun for example_short_circuit_decorator to 2026-04-28 00:00:00+00:00, run_after=2026-04-29 00:00:00+00:00
[2026-04-29T06:10:03.405+0200] {processor.py:183} INFO - Processing /Users/pablofrancoherrero/prueba_tecnica/venv/lib/python3.11/site-packages/airflow/example_dags/example_short_circuit_decorator.py took 0.047 seconds
[2026-04-29T06:11:24.595+0200] {processor.py:161} INFO - Started process (PID=76985) to work on /Users/pablofrancoherrero/prueba_tecnica/venv/lib/python3.11/site-packages/airflow/example_dags/example_short_circuit_decorator.py
[2026-04-29T06:11:24.595+0200] {processor.py:830} INFO - Processing file /Users/pablofrancoherrero/prueba_tecnica/venv/lib/python3.11/site-packages/airflow/example_dags/example_short_circuit_decorator.py for tasks to queue
[2026-04-29T06:11:24.595+0200] {logging_mixin.py:188} INFO - [2026-04-29T06:11:24.595+0200] {dagbag.py:540} INFO - Filling up the DagBag from /Users/pablofrancoherrero/prueba_tecnica/venv/lib/python3.11/site-packages/airflow/example_dags/example_short_circuit_decorator.py
[2026-04-29T06:11:24.607+0200] {processor.py:840} INFO - DAG(s) 'example_short_circuit_decorator' retrieved from /Users/pablofrancoherrero/prueba_tecnica/venv/lib/python3.11/site-packages/airflow/example_dags/example_short_circuit_decorator.py
[2026-04-29T06:11:24.633+0200] {logging_mixin.py:188} INFO - [2026-04-29T06:11:24.633+0200] {dag.py:3096} INFO - Sync 1 DAGs
[2026-04-29T06:11:24.637+0200] {logging_mixin.py:188} INFO - [2026-04-29T06:11:24.637+0200] {dag.py:3954} INFO - Setting next_dagrun for example_short_circuit_decorator to 2026-04-28 00:00:00+00:00, run_after=2026-04-29 00:00:00+00:00
[2026-04-29T06:11:24.641+0200] {processor.py:183} INFO - Processing /Users/pablofrancoherrero/prueba_tecnica/venv/lib/python3.11/site-packages/airflow/example_dags/example_short_circuit_decorator.py took 0.048 seconds
[2026-04-29T06:12:44.303+0200] {processor.py:161} INFO - Started process (PID=77082) to work on /Users/pablofrancoherrero/prueba_tecnica/venv/lib/python3.11/site-packages/airflow/example_dags/example_short_circuit_decorator.py
[2026-04-29T06:12:44.304+0200] {processor.py:830} INFO - Processing file /Users/pablofrancoherrero/prueba_tecnica/venv/lib/python3.11/site-packages/airflow/example_dags/example_short_circuit_decorator.py for tasks to queue
[2026-04-29T06:12:44.304+0200] {logging_mixin.py:188} INFO - [2026-04-29T06:12:44.304+0200] {dagbag.py:540} INFO - Filling up the DagBag from /Users/pablofrancoherrero/prueba_tecnica/venv/lib/python3.11/site-packages/airflow/example_dags/example_short_circuit_decorator.py
[2026-04-29T06:12:44.315+0200] {processor.py:840} INFO - DAG(s) 'example_short_circuit_decorator' retrieved from /Users/pablofrancoherrero/prueba_tecnica/venv/lib/python3.11/site-packages/airflow/example_dags/example_short_circuit_decorator.py
[2026-04-29T06:12:44.340+0200] {logging_mixin.py:188} INFO - [2026-04-29T06:12:44.340+0200] {dag.py:3096} INFO - Sync 1 DAGs
[2026-04-29T06:12:44.344+0200] {logging_mixin.py:188} INFO - [2026-04-29T06:12:44.344+0200] {dag.py:3954} INFO - Setting next_dagrun for example_short_circuit_decorator to 2026-04-28 00:00:00+00:00, run_after=2026-04-29 00:00:00+00:00
[2026-04-29T06:12:44.349+0200] {processor.py:183} INFO - Processing /Users/pablofrancoherrero/prueba_tecnica/venv/lib/python3.11/site-packages/airflow/example_dags/example_short_circuit_decorator.py took 0.046 seconds
[2026-04-29T06:14:01.923+0200] {processor.py:161} INFO - Started process (PID=77163) to work on /Users/pablofrancoherrero/prueba_tecnica/venv/lib/python3.11/site-packages/airflow/example_dags/example_short_circuit_decorator.py
[2026-04-29T06:14:01.924+0200] {processor.py:830} INFO - Processing file /Users/pablofrancoherrero/prueba_tecnica/venv/lib/python3.11/site-packages/airflow/example_dags/example_short_circuit_decorator.py for tasks to queue
[2026-04-29T06:14:01.924+0200] {logging_mixin.py:188} INFO - [2026-04-29T06:14:01.924+0200] {dagbag.py:540} INFO - Filling up the DagBag from /Users/pablofrancoherrero/prueba_tecnica/venv/lib/python3.11/site-packages/airflow/example_dags/example_short_circuit_decorator.py
[2026-04-29T06:14:01.936+0200] {processor.py:840} INFO - DAG(s) 'example_short_circuit_decorator' retrieved from /Users/pablofrancoherrero/prueba_tecnica/venv/lib/python3.11/site-packages/airflow/example_dags/example_short_circuit_decorator.py
[2026-04-29T06:14:01.962+0200] {logging_mixin.py:188} INFO - [2026-04-29T06:14:01.962+0200] {dag.py:3096} INFO - Sync 1 DAGs
[2026-04-29T06:14:01.967+0200] {logging_mixin.py:188} INFO - [2026-04-29T06:14:01.967+0200] {dag.py:3954} INFO - Setting next_dagrun for example_short_circuit_decorator to 2026-04-28 00:00:00+00:00, run_after=2026-04-29 00:00:00+00:00
[2026-04-29T06:14:01.971+0200] {processor.py:183} INFO - Processing /Users/pablofrancoherrero/prueba_tecnica/venv/lib/python3.11/site-packages/airflow/example_dags/example_short_circuit_decorator.py took 0.049 seconds
[2026-04-29T06:15:23.463+0200] {processor.py:161} INFO - Started process (PID=77274) to work on /Users/pablofrancoherrero/prueba_tecnica/venv/lib/python3.11/site-packages/airflow/example_dags/example_short_circuit_decorator.py
[2026-04-29T06:15:23.464+0200] {processor.py:830} INFO - Processing file /Users/pablofrancoherrero/prueba_tecnica/venv/lib/python3.11/site-packages/airflow/example_dags/example_short_circuit_decorator.py for tasks to queue
[2026-04-29T06:15:23.464+0200] {logging_mixin.py:188} INFO - [2026-04-29T06:15:23.464+0200] {dagbag.py:540} INFO - Filling up the DagBag from /Users/pablofrancoherrero/prueba_tecnica/venv/lib/python3.11/site-packages/airflow/example_dags/example_short_circuit_decorator.py
[2026-04-29T06:15:23.475+0200] {processor.py:840} INFO - DAG(s) 'example_short_circuit_decorator' retrieved from /Users/pablofrancoherrero/prueba_tecnica/venv/lib/python3.11/site-packages/airflow/example_dags/example_short_circuit_decorator.py
[2026-04-29T06:15:23.500+0200] {logging_mixin.py:188} INFO - [2026-04-29T06:15:23.500+0200] {dag.py:3096} INFO - Sync 1 DAGs
[2026-04-29T06:15:23.505+0200] {logging_mixin.py:188} INFO - [2026-04-29T06:15:23.505+0200] {dag.py:3954} INFO - Setting next_dagrun for example_short_circuit_decorator to 2026-04-28 00:00:00+00:00, run_after=2026-04-29 00:00:00+00:00
[2026-04-29T06:15:23.510+0200] {processor.py:183} INFO - Processing /Users/pablofrancoherrero/prueba_tecnica/venv/lib/python3.11/site-packages/airflow/example_dags/example_short_circuit_decorator.py took 0.047 seconds
[2026-04-29T06:16:44.206+0200] {processor.py:161} INFO - Started process (PID=77381) to work on /Users/pablofrancoherrero/prueba_tecnica/venv/lib/python3.11/site-packages/airflow/example_dags/example_short_circuit_decorator.py
[2026-04-29T06:16:44.207+0200] {processor.py:830} INFO - Processing file /Users/pablofrancoherrero/prueba_tecnica/venv/lib/python3.11/site-packages/airflow/example_dags/example_short_circuit_decorator.py for tasks to queue
[2026-04-29T06:16:44.207+0200] {logging_mixin.py:188} INFO - [2026-04-29T06:16:44.207+0200] {dagbag.py:540} INFO - Filling up the DagBag from /Users/pablofrancoherrero/prueba_tecnica/venv/lib/python3.11/site-packages/airflow/example_dags/example_short_circuit_decorator.py
[2026-04-29T06:16:44.218+0200] {processor.py:840} INFO - DAG(s) 'example_short_circuit_decorator' retrieved from /Users/pablofrancoherrero/prueba_tecnica/venv/lib/python3.11/site-packages/airflow/example_dags/example_short_circuit_decorator.py
[2026-04-29T06:16:44.244+0200] {logging_mixin.py:188} INFO - [2026-04-29T06:16:44.244+0200] {dag.py:3096} INFO - Sync 1 DAGs
[2026-04-29T06:16:44.248+0200] {logging_mixin.py:188} INFO - [2026-04-29T06:16:44.248+0200] {dag.py:3954} INFO - Setting next_dagrun for example_short_circuit_decorator to 2026-04-28 00:00:00+00:00, run_after=2026-04-29 00:00:00+00:00
[2026-04-29T06:16:44.252+0200] {processor.py:183} INFO - Processing /Users/pablofrancoherrero/prueba_tecnica/venv/lib/python3.11/site-packages/airflow/example_dags/example_short_circuit_decorator.py took 0.047 seconds
[2026-04-29T06:18:04.199+0200] {processor.py:161} INFO - Started process (PID=77499) to work on /Users/pablofrancoherrero/prueba_tecnica/venv/lib/python3.11/site-packages/airflow/example_dags/example_short_circuit_decorator.py
[2026-04-29T06:18:04.200+0200] {processor.py:830} INFO - Processing file /Users/pablofrancoherrero/prueba_tecnica/venv/lib/python3.11/site-packages/airflow/example_dags/example_short_circuit_decorator.py for tasks to queue
[2026-04-29T06:18:04.200+0200] {logging_mixin.py:188} INFO - [2026-04-29T06:18:04.200+0200] {dagbag.py:540} INFO - Filling up the DagBag from /Users/pablofrancoherrero/prueba_tecnica/venv/lib/python3.11/site-packages/airflow/example_dags/example_short_circuit_decorator.py
[2026-04-29T06:18:04.212+0200] {processor.py:840} INFO - DAG(s) 'example_short_circuit_decorator' retrieved from /Users/pablofrancoherrero/prueba_tecnica/venv/lib/python3.11/site-packages/airflow/example_dags/example_short_circuit_decorator.py
[2026-04-29T06:18:04.238+0200] {logging_mixin.py:188} INFO - [2026-04-29T06:18:04.238+0200] {dag.py:3096} INFO - Sync 1 DAGs
[2026-04-29T06:18:04.242+0200] {logging_mixin.py:188} INFO - [2026-04-29T06:18:04.242+0200] {dag.py:3954} INFO - Setting next_dagrun for example_short_circuit_decorator to 2026-04-28 00:00:00+00:00, run_after=2026-04-29 00:00:00+00:00
[2026-04-29T06:18:04.247+0200] {processor.py:183} INFO - Processing /Users/pablofrancoherrero/prueba_tecnica/venv/lib/python3.11/site-packages/airflow/example_dags/example_short_circuit_decorator.py took 0.048 seconds
[2026-04-29T06:19:21.518+0200] {processor.py:161} INFO - Started process (PID=77587) to work on /Users/pablofrancoherrero/prueba_tecnica/venv/lib/python3.11/site-packages/airflow/example_dags/example_short_circuit_decorator.py
[2026-04-29T06:19:21.518+0200] {processor.py:830} INFO - Processing file /Users/pablofrancoherrero/prueba_tecnica/venv/lib/python3.11/site-packages/airflow/example_dags/example_short_circuit_decorator.py for tasks to queue
[2026-04-29T06:19:21.519+0200] {logging_mixin.py:188} INFO - [2026-04-29T06:19:21.518+0200] {dagbag.py:540} INFO - Filling up the DagBag from /Users/pablofrancoherrero/prueba_tecnica/venv/lib/python3.11/site-packages/airflow/example_dags/example_short_circuit_decorator.py
[2026-04-29T06:19:21.530+0200] {processor.py:840} INFO - DAG(s) 'example_short_circuit_decorator' retrieved from /Users/pablofrancoherrero/prueba_tecnica/venv/lib/python3.11/site-packages/airflow/example_dags/example_short_circuit_decorator.py
[2026-04-29T06:19:21.556+0200] {logging_mixin.py:188} INFO - [2026-04-29T06:19:21.556+0200] {dag.py:3096} INFO - Sync 1 DAGs
[2026-04-29T06:19:21.560+0200] {logging_mixin.py:188} INFO - [2026-04-29T06:19:21.560+0200] {dag.py:3954} INFO - Setting next_dagrun for example_short_circuit_decorator to 2026-04-28 00:00:00+00:00, run_after=2026-04-29 00:00:00+00:00
[2026-04-29T06:19:21.564+0200] {processor.py:183} INFO - Processing /Users/pablofrancoherrero/prueba_tecnica/venv/lib/python3.11/site-packages/airflow/example_dags/example_short_circuit_decorator.py took 0.047 seconds
[2026-04-29T06:20:43.239+0200] {processor.py:161} INFO - Started process (PID=77675) to work on /Users/pablofrancoherrero/prueba_tecnica/venv/lib/python3.11/site-packages/airflow/example_dags/example_short_circuit_decorator.py
[2026-04-29T06:20:43.240+0200] {processor.py:830} INFO - Processing file /Users/pablofrancoherrero/prueba_tecnica/venv/lib/python3.11/site-packages/airflow/example_dags/example_short_circuit_decorator.py for tasks to queue
[2026-04-29T06:20:43.240+0200] {logging_mixin.py:188} INFO - [2026-04-29T06:20:43.240+0200] {dagbag.py:540} INFO - Filling up the DagBag from /Users/pablofrancoherrero/prueba_tecnica/venv/lib/python3.11/site-packages/airflow/example_dags/example_short_circuit_decorator.py
[2026-04-29T06:20:43.252+0200] {processor.py:840} INFO - DAG(s) 'example_short_circuit_decorator' retrieved from /Users/pablofrancoherrero/prueba_tecnica/venv/lib/python3.11/site-packages/airflow/example_dags/example_short_circuit_decorator.py
[2026-04-29T06:20:43.277+0200] {logging_mixin.py:188} INFO - [2026-04-29T06:20:43.277+0200] {dag.py:3096} INFO - Sync 1 DAGs
[2026-04-29T06:20:43.282+0200] {logging_mixin.py:188} INFO - [2026-04-29T06:20:43.282+0200] {dag.py:3954} INFO - Setting next_dagrun for example_short_circuit_decorator to 2026-04-28 00:00:00+00:00, run_after=2026-04-29 00:00:00+00:00
[2026-04-29T06:20:43.286+0200] {processor.py:183} INFO - Processing /Users/pablofrancoherrero/prueba_tecnica/venv/lib/python3.11/site-packages/airflow/example_dags/example_short_circuit_decorator.py took 0.048 seconds
[2026-04-29T06:22:01.257+0200] {processor.py:161} INFO - Started process (PID=77803) to work on /Users/pablofrancoherrero/prueba_tecnica/venv/lib/python3.11/site-packages/airflow/example_dags/example_short_circuit_decorator.py
[2026-04-29T06:22:01.258+0200] {processor.py:830} INFO - Processing file /Users/pablofrancoherrero/prueba_tecnica/venv/lib/python3.11/site-packages/airflow/example_dags/example_short_circuit_decorator.py for tasks to queue
[2026-04-29T06:22:01.258+0200] {logging_mixin.py:188} INFO - [2026-04-29T06:22:01.258+0200] {dagbag.py:540} INFO - Filling up the DagBag from /Users/pablofrancoherrero/prueba_tecnica/venv/lib/python3.11/site-packages/airflow/example_dags/example_short_circuit_decorator.py
[2026-04-29T06:22:01.272+0200] {processor.py:840} INFO - DAG(s) 'example_short_circuit_decorator' retrieved from /Users/pablofrancoherrero/prueba_tecnica/venv/lib/python3.11/site-packages/airflow/example_dags/example_short_circuit_decorator.py
[2026-04-29T06:22:01.301+0200] {logging_mixin.py:188} INFO - [2026-04-29T06:22:01.301+0200] {dag.py:3096} INFO - Sync 1 DAGs
[2026-04-29T06:22:01.306+0200] {logging_mixin.py:188} INFO - [2026-04-29T06:22:01.305+0200] {dag.py:3954} INFO - Setting next_dagrun for example_short_circuit_decorator to 2026-04-28 00:00:00+00:00, run_after=2026-04-29 00:00:00+00:00
[2026-04-29T06:22:01.310+0200] {processor.py:183} INFO - Processing /Users/pablofrancoherrero/prueba_tecnica/venv/lib/python3.11/site-packages/airflow/example_dags/example_short_circuit_decorator.py took 0.053 seconds
[2026-04-29T06:23:20.406+0200] {processor.py:161} INFO - Started process (PID=77906) to work on /Users/pablofrancoherrero/prueba_tecnica/venv/lib/python3.11/site-packages/airflow/example_dags/example_short_circuit_decorator.py
[2026-04-29T06:23:20.407+0200] {processor.py:830} INFO - Processing file /Users/pablofrancoherrero/prueba_tecnica/venv/lib/python3.11/site-packages/airflow/example_dags/example_short_circuit_decorator.py for tasks to queue
[2026-04-29T06:23:20.408+0200] {logging_mixin.py:188} INFO - [2026-04-29T06:23:20.408+0200] {dagbag.py:540} INFO - Filling up the DagBag from /Users/pablofrancoherrero/prueba_tecnica/venv/lib/python3.11/site-packages/airflow/example_dags/example_short_circuit_decorator.py
[2026-04-29T06:23:20.419+0200] {processor.py:840} INFO - DAG(s) 'example_short_circuit_decorator' retrieved from /Users/pablofrancoherrero/prueba_tecnica/venv/lib/python3.11/site-packages/airflow/example_dags/example_short_circuit_decorator.py
[2026-04-29T06:23:20.445+0200] {logging_mixin.py:188} INFO - [2026-04-29T06:23:20.445+0200] {dag.py:3096} INFO - Sync 1 DAGs
[2026-04-29T06:23:20.450+0200] {logging_mixin.py:188} INFO - [2026-04-29T06:23:20.450+0200] {dag.py:3954} INFO - Setting next_dagrun for example_short_circuit_decorator to 2026-04-28 00:00:00+00:00, run_after=2026-04-29 00:00:00+00:00
[2026-04-29T06:23:20.454+0200] {processor.py:183} INFO - Processing /Users/pablofrancoherrero/prueba_tecnica/venv/lib/python3.11/site-packages/airflow/example_dags/example_short_circuit_decorator.py took 0.049 seconds
[2026-04-29T06:24:41.648+0200] {processor.py:161} INFO - Started process (PID=78008) to work on /Users/pablofrancoherrero/prueba_tecnica/venv/lib/python3.11/site-packages/airflow/example_dags/example_short_circuit_decorator.py
[2026-04-29T06:24:41.649+0200] {processor.py:830} INFO - Processing file /Users/pablofrancoherrero/prueba_tecnica/venv/lib/python3.11/site-packages/airflow/example_dags/example_short_circuit_decorator.py for tasks to queue
[2026-04-29T06:24:41.649+0200] {logging_mixin.py:188} INFO - [2026-04-29T06:24:41.649+0200] {dagbag.py:540} INFO - Filling up the DagBag from /Users/pablofrancoherrero/prueba_tecnica/venv/lib/python3.11/site-packages/airflow/example_dags/example_short_circuit_decorator.py
[2026-04-29T06:24:41.661+0200] {processor.py:840} INFO - DAG(s) 'example_short_circuit_decorator' retrieved from /Users/pablofrancoherrero/prueba_tecnica/venv/lib/python3.11/site-packages/airflow/example_dags/example_short_circuit_decorator.py
[2026-04-29T06:24:41.688+0200] {logging_mixin.py:188} INFO - [2026-04-29T06:24:41.688+0200] {dag.py:3096} INFO - Sync 1 DAGs
[2026-04-29T06:24:41.692+0200] {logging_mixin.py:188} INFO - [2026-04-29T06:24:41.692+0200] {dag.py:3954} INFO - Setting next_dagrun for example_short_circuit_decorator to 2026-04-28 00:00:00+00:00, run_after=2026-04-29 00:00:00+00:00
[2026-04-29T06:24:41.697+0200] {processor.py:183} INFO - Processing /Users/pablofrancoherrero/prueba_tecnica/venv/lib/python3.11/site-packages/airflow/example_dags/example_short_circuit_decorator.py took 0.049 seconds
[2026-04-29T06:26:00.419+0200] {processor.py:161} INFO - Started process (PID=78089) to work on /Users/pablofrancoherrero/prueba_tecnica/venv/lib/python3.11/site-packages/airflow/example_dags/example_short_circuit_decorator.py
[2026-04-29T06:26:00.420+0200] {processor.py:830} INFO - Processing file /Users/pablofrancoherrero/prueba_tecnica/venv/lib/python3.11/site-packages/airflow/example_dags/example_short_circuit_decorator.py for tasks to queue
[2026-04-29T06:26:00.420+0200] {logging_mixin.py:188} INFO - [2026-04-29T06:26:00.420+0200] {dagbag.py:540} INFO - Filling up the DagBag from /Users/pablofrancoherrero/prueba_tecnica/venv/lib/python3.11/site-packages/airflow/example_dags/example_short_circuit_decorator.py
[2026-04-29T06:26:00.432+0200] {processor.py:840} INFO - DAG(s) 'example_short_circuit_decorator' retrieved from /Users/pablofrancoherrero/prueba_tecnica/venv/lib/python3.11/site-packages/airflow/example_dags/example_short_circuit_decorator.py
[2026-04-29T06:26:00.457+0200] {logging_mixin.py:188} INFO - [2026-04-29T06:26:00.457+0200] {dag.py:3096} INFO - Sync 1 DAGs
[2026-04-29T06:26:00.461+0200] {logging_mixin.py:188} INFO - [2026-04-29T06:26:00.461+0200] {dag.py:3954} INFO - Setting next_dagrun for example_short_circuit_decorator to 2026-04-28 00:00:00+00:00, run_after=2026-04-29 00:00:00+00:00
[2026-04-29T06:26:00.466+0200] {processor.py:183} INFO - Processing /Users/pablofrancoherrero/prueba_tecnica/venv/lib/python3.11/site-packages/airflow/example_dags/example_short_circuit_decorator.py took 0.047 seconds
[2026-04-29T06:43:51.831+0200] {processor.py:161} INFO - Started process (PID=78222) to work on /Users/pablofrancoherrero/prueba_tecnica/venv/lib/python3.11/site-packages/airflow/example_dags/example_short_circuit_decorator.py
[2026-04-29T06:43:51.832+0200] {processor.py:830} INFO - Processing file /Users/pablofrancoherrero/prueba_tecnica/venv/lib/python3.11/site-packages/airflow/example_dags/example_short_circuit_decorator.py for tasks to queue
[2026-04-29T06:43:51.832+0200] {logging_mixin.py:188} INFO - [2026-04-29T06:43:51.832+0200] {dagbag.py:540} INFO - Filling up the DagBag from /Users/pablofrancoherrero/prueba_tecnica/venv/lib/python3.11/site-packages/airflow/example_dags/example_short_circuit_decorator.py
[2026-04-29T06:43:51.844+0200] {processor.py:840} INFO - DAG(s) 'example_short_circuit_decorator' retrieved from /Users/pablofrancoherrero/prueba_tecnica/venv/lib/python3.11/site-packages/airflow/example_dags/example_short_circuit_decorator.py
[2026-04-29T06:43:51.869+0200] {logging_mixin.py:188} INFO - [2026-04-29T06:43:51.869+0200] {dag.py:3096} INFO - Sync 1 DAGs
[2026-04-29T06:43:51.874+0200] {logging_mixin.py:188} INFO - [2026-04-29T06:43:51.874+0200] {dag.py:3954} INFO - Setting next_dagrun for example_short_circuit_decorator to 2026-04-28 00:00:00+00:00, run_after=2026-04-29 00:00:00+00:00
[2026-04-29T06:43:51.878+0200] {processor.py:183} INFO - Processing /Users/pablofrancoherrero/prueba_tecnica/venv/lib/python3.11/site-packages/airflow/example_dags/example_short_circuit_decorator.py took 0.048 seconds
[2026-04-29T07:00:35.490+0200] {processor.py:161} INFO - Started process (PID=78316) to work on /Users/pablofrancoherrero/prueba_tecnica/venv/lib/python3.11/site-packages/airflow/example_dags/example_short_circuit_decorator.py
[2026-04-29T07:00:35.491+0200] {processor.py:830} INFO - Processing file /Users/pablofrancoherrero/prueba_tecnica/venv/lib/python3.11/site-packages/airflow/example_dags/example_short_circuit_decorator.py for tasks to queue
[2026-04-29T07:00:35.491+0200] {logging_mixin.py:188} INFO - [2026-04-29T07:00:35.491+0200] {dagbag.py:540} INFO - Filling up the DagBag from /Users/pablofrancoherrero/prueba_tecnica/venv/lib/python3.11/site-packages/airflow/example_dags/example_short_circuit_decorator.py
[2026-04-29T07:00:35.503+0200] {processor.py:840} INFO - DAG(s) 'example_short_circuit_decorator' retrieved from /Users/pablofrancoherrero/prueba_tecnica/venv/lib/python3.11/site-packages/airflow/example_dags/example_short_circuit_decorator.py
[2026-04-29T07:00:35.528+0200] {logging_mixin.py:188} INFO - [2026-04-29T07:00:35.528+0200] {dag.py:3096} INFO - Sync 1 DAGs
[2026-04-29T07:00:35.532+0200] {logging_mixin.py:188} INFO - [2026-04-29T07:00:35.532+0200] {dag.py:3954} INFO - Setting next_dagrun for example_short_circuit_decorator to 2026-04-28 00:00:00+00:00, run_after=2026-04-29 00:00:00+00:00
[2026-04-29T07:00:35.537+0200] {processor.py:183} INFO - Processing /Users/pablofrancoherrero/prueba_tecnica/venv/lib/python3.11/site-packages/airflow/example_dags/example_short_circuit_decorator.py took 0.048 seconds
[2026-04-29T07:18:30.354+0200] {processor.py:161} INFO - Started process (PID=78449) to work on /Users/pablofrancoherrero/prueba_tecnica/venv/lib/python3.11/site-packages/airflow/example_dags/example_short_circuit_decorator.py
[2026-04-29T07:18:30.354+0200] {processor.py:830} INFO - Processing file /Users/pablofrancoherrero/prueba_tecnica/venv/lib/python3.11/site-packages/airflow/example_dags/example_short_circuit_decorator.py for tasks to queue
[2026-04-29T07:18:30.354+0200] {logging_mixin.py:188} INFO - [2026-04-29T07:18:30.354+0200] {dagbag.py:540} INFO - Filling up the DagBag from /Users/pablofrancoherrero/prueba_tecnica/venv/lib/python3.11/site-packages/airflow/example_dags/example_short_circuit_decorator.py
[2026-04-29T07:18:30.366+0200] {processor.py:840} INFO - DAG(s) 'example_short_circuit_decorator' retrieved from /Users/pablofrancoherrero/prueba_tecnica/venv/lib/python3.11/site-packages/airflow/example_dags/example_short_circuit_decorator.py
[2026-04-29T07:18:30.391+0200] {logging_mixin.py:188} INFO - [2026-04-29T07:18:30.391+0200] {dag.py:3096} INFO - Sync 1 DAGs
[2026-04-29T07:18:30.395+0200] {logging_mixin.py:188} INFO - [2026-04-29T07:18:30.395+0200] {dag.py:3954} INFO - Setting next_dagrun for example_short_circuit_decorator to 2026-04-28 00:00:00+00:00, run_after=2026-04-29 00:00:00+00:00
[2026-04-29T07:18:30.399+0200] {processor.py:183} INFO - Processing /Users/pablofrancoherrero/prueba_tecnica/venv/lib/python3.11/site-packages/airflow/example_dags/example_short_circuit_decorator.py took 0.047 seconds
[2026-04-29T07:36:54.071+0200] {processor.py:161} INFO - Started process (PID=78664) to work on /Users/pablofrancoherrero/prueba_tecnica/venv/lib/python3.11/site-packages/airflow/example_dags/example_short_circuit_decorator.py
[2026-04-29T07:36:54.071+0200] {processor.py:830} INFO - Processing file /Users/pablofrancoherrero/prueba_tecnica/venv/lib/python3.11/site-packages/airflow/example_dags/example_short_circuit_decorator.py for tasks to queue
[2026-04-29T07:36:54.071+0200] {logging_mixin.py:188} INFO - [2026-04-29T07:36:54.071+0200] {dagbag.py:540} INFO - Filling up the DagBag from /Users/pablofrancoherrero/prueba_tecnica/venv/lib/python3.11/site-packages/airflow/example_dags/example_short_circuit_decorator.py
[2026-04-29T07:36:54.083+0200] {processor.py:840} INFO - DAG(s) 'example_short_circuit_decorator' retrieved from /Users/pablofrancoherrero/prueba_tecnica/venv/lib/python3.11/site-packages/airflow/example_dags/example_short_circuit_decorator.py
[2026-04-29T07:36:54.108+0200] {logging_mixin.py:188} INFO - [2026-04-29T07:36:54.108+0200] {dag.py:3096} INFO - Sync 1 DAGs
[2026-04-29T07:36:54.112+0200] {logging_mixin.py:188} INFO - [2026-04-29T07:36:54.112+0200] {dag.py:3954} INFO - Setting next_dagrun for example_short_circuit_decorator to 2026-04-28 00:00:00+00:00, run_after=2026-04-29 00:00:00+00:00
[2026-04-29T07:36:54.117+0200] {processor.py:183} INFO - Processing /Users/pablofrancoherrero/prueba_tecnica/venv/lib/python3.11/site-packages/airflow/example_dags/example_short_circuit_decorator.py took 0.047 seconds
[2026-04-29T07:53:40.866+0200] {processor.py:161} INFO - Started process (PID=78742) to work on /Users/pablofrancoherrero/prueba_tecnica/venv/lib/python3.11/site-packages/airflow/example_dags/example_short_circuit_decorator.py
[2026-04-29T07:53:40.867+0200] {processor.py:830} INFO - Processing file /Users/pablofrancoherrero/prueba_tecnica/venv/lib/python3.11/site-packages/airflow/example_dags/example_short_circuit_decorator.py for tasks to queue
[2026-04-29T07:53:40.867+0200] {logging_mixin.py:188} INFO - [2026-04-29T07:53:40.867+0200] {dagbag.py:540} INFO - Filling up the DagBag from /Users/pablofrancoherrero/prueba_tecnica/venv/lib/python3.11/site-packages/airflow/example_dags/example_short_circuit_decorator.py
[2026-04-29T07:53:40.879+0200] {processor.py:840} INFO - DAG(s) 'example_short_circuit_decorator' retrieved from /Users/pablofrancoherrero/prueba_tecnica/venv/lib/python3.11/site-packages/airflow/example_dags/example_short_circuit_decorator.py
[2026-04-29T07:53:40.904+0200] {logging_mixin.py:188} INFO - [2026-04-29T07:53:40.904+0200] {dag.py:3096} INFO - Sync 1 DAGs
[2026-04-29T07:53:40.908+0200] {logging_mixin.py:188} INFO - [2026-04-29T07:53:40.908+0200] {dag.py:3954} INFO - Setting next_dagrun for example_short_circuit_decorator to 2026-04-28 00:00:00+00:00, run_after=2026-04-29 00:00:00+00:00
[2026-04-29T07:53:40.912+0200] {processor.py:183} INFO - Processing /Users/pablofrancoherrero/prueba_tecnica/venv/lib/python3.11/site-packages/airflow/example_dags/example_short_circuit_decorator.py took 0.047 seconds
[2026-04-29T08:00:40.616+0200] {processor.py:161} INFO - Started process (PID=78856) to work on /Users/pablofrancoherrero/prueba_tecnica/venv/lib/python3.11/site-packages/airflow/example_dags/example_short_circuit_decorator.py
[2026-04-29T08:00:40.621+0200] {processor.py:830} INFO - Processing file /Users/pablofrancoherrero/prueba_tecnica/venv/lib/python3.11/site-packages/airflow/example_dags/example_short_circuit_decorator.py for tasks to queue
[2026-04-29T08:00:40.621+0200] {logging_mixin.py:188} INFO - [2026-04-29T08:00:40.621+0200] {dagbag.py:540} INFO - Filling up the DagBag from /Users/pablofrancoherrero/prueba_tecnica/venv/lib/python3.11/site-packages/airflow/example_dags/example_short_circuit_decorator.py
[2026-04-29T08:00:40.633+0200] {processor.py:840} INFO - DAG(s) 'example_short_circuit_decorator' retrieved from /Users/pablofrancoherrero/prueba_tecnica/venv/lib/python3.11/site-packages/airflow/example_dags/example_short_circuit_decorator.py
[2026-04-29T08:00:40.658+0200] {logging_mixin.py:188} INFO - [2026-04-29T08:00:40.658+0200] {dag.py:3096} INFO - Sync 1 DAGs
[2026-04-29T08:00:40.662+0200] {logging_mixin.py:188} INFO - [2026-04-29T08:00:40.662+0200] {dag.py:3954} INFO - Setting next_dagrun for example_short_circuit_decorator to 2026-04-28 00:00:00+00:00, run_after=2026-04-29 00:00:00+00:00
[2026-04-29T08:00:40.666+0200] {processor.py:183} INFO - Processing /Users/pablofrancoherrero/prueba_tecnica/venv/lib/python3.11/site-packages/airflow/example_dags/example_short_circuit_decorator.py took 0.051 seconds
[2026-04-29T08:01:43.642+0200] {processor.py:161} INFO - Started process (PID=78943) to work on /Users/pablofrancoherrero/prueba_tecnica/venv/lib/python3.11/site-packages/airflow/example_dags/example_short_circuit_decorator.py
[2026-04-29T08:01:43.646+0200] {processor.py:830} INFO - Processing file /Users/pablofrancoherrero/prueba_tecnica/venv/lib/python3.11/site-packages/airflow/example_dags/example_short_circuit_decorator.py for tasks to queue
[2026-04-29T08:01:43.647+0200] {logging_mixin.py:188} INFO - [2026-04-29T08:01:43.647+0200] {dagbag.py:540} INFO - Filling up the DagBag from /Users/pablofrancoherrero/prueba_tecnica/venv/lib/python3.11/site-packages/airflow/example_dags/example_short_circuit_decorator.py
[2026-04-29T08:01:43.658+0200] {processor.py:840} INFO - DAG(s) 'example_short_circuit_decorator' retrieved from /Users/pablofrancoherrero/prueba_tecnica/venv/lib/python3.11/site-packages/airflow/example_dags/example_short_circuit_decorator.py
[2026-04-29T08:01:43.683+0200] {logging_mixin.py:188} INFO - [2026-04-29T08:01:43.683+0200] {dag.py:3096} INFO - Sync 1 DAGs
[2026-04-29T08:01:43.687+0200] {logging_mixin.py:188} INFO - [2026-04-29T08:01:43.687+0200] {dag.py:3954} INFO - Setting next_dagrun for example_short_circuit_decorator to 2026-04-28 00:00:00+00:00, run_after=2026-04-29 00:00:00+00:00
[2026-04-29T08:01:43.692+0200] {processor.py:183} INFO - Processing /Users/pablofrancoherrero/prueba_tecnica/venv/lib/python3.11/site-packages/airflow/example_dags/example_short_circuit_decorator.py took 0.051 seconds
[2026-04-29T08:03:02.548+0200] {processor.py:161} INFO - Started process (PID=79038) to work on /Users/pablofrancoherrero/prueba_tecnica/venv/lib/python3.11/site-packages/airflow/example_dags/example_short_circuit_decorator.py
[2026-04-29T08:03:02.548+0200] {processor.py:830} INFO - Processing file /Users/pablofrancoherrero/prueba_tecnica/venv/lib/python3.11/site-packages/airflow/example_dags/example_short_circuit_decorator.py for tasks to queue
[2026-04-29T08:03:02.549+0200] {logging_mixin.py:188} INFO - [2026-04-29T08:03:02.549+0200] {dagbag.py:540} INFO - Filling up the DagBag from /Users/pablofrancoherrero/prueba_tecnica/venv/lib/python3.11/site-packages/airflow/example_dags/example_short_circuit_decorator.py
[2026-04-29T08:03:02.560+0200] {processor.py:840} INFO - DAG(s) 'example_short_circuit_decorator' retrieved from /Users/pablofrancoherrero/prueba_tecnica/venv/lib/python3.11/site-packages/airflow/example_dags/example_short_circuit_decorator.py
[2026-04-29T08:03:02.586+0200] {logging_mixin.py:188} INFO - [2026-04-29T08:03:02.586+0200] {dag.py:3096} INFO - Sync 1 DAGs
[2026-04-29T08:03:02.590+0200] {logging_mixin.py:188} INFO - [2026-04-29T08:03:02.590+0200] {dag.py:3954} INFO - Setting next_dagrun for example_short_circuit_decorator to 2026-04-28 00:00:00+00:00, run_after=2026-04-29 00:00:00+00:00
[2026-04-29T08:03:02.595+0200] {processor.py:183} INFO - Processing /Users/pablofrancoherrero/prueba_tecnica/venv/lib/python3.11/site-packages/airflow/example_dags/example_short_circuit_decorator.py took 0.048 seconds
[2026-04-29T08:04:22.447+0200] {processor.py:161} INFO - Started process (PID=79131) to work on /Users/pablofrancoherrero/prueba_tecnica/venv/lib/python3.11/site-packages/airflow/example_dags/example_short_circuit_decorator.py
[2026-04-29T08:04:22.448+0200] {processor.py:830} INFO - Processing file /Users/pablofrancoherrero/prueba_tecnica/venv/lib/python3.11/site-packages/airflow/example_dags/example_short_circuit_decorator.py for tasks to queue
[2026-04-29T08:04:22.448+0200] {logging_mixin.py:188} INFO - [2026-04-29T08:04:22.448+0200] {dagbag.py:540} INFO - Filling up the DagBag from /Users/pablofrancoherrero/prueba_tecnica/venv/lib/python3.11/site-packages/airflow/example_dags/example_short_circuit_decorator.py
[2026-04-29T08:04:22.460+0200] {processor.py:840} INFO - DAG(s) 'example_short_circuit_decorator' retrieved from /Users/pablofrancoherrero/prueba_tecnica/venv/lib/python3.11/site-packages/airflow/example_dags/example_short_circuit_decorator.py
[2026-04-29T08:04:22.485+0200] {logging_mixin.py:188} INFO - [2026-04-29T08:04:22.485+0200] {dag.py:3096} INFO - Sync 1 DAGs
[2026-04-29T08:04:22.489+0200] {logging_mixin.py:188} INFO - [2026-04-29T08:04:22.489+0200] {dag.py:3954} INFO - Setting next_dagrun for example_short_circuit_decorator to 2026-04-28 00:00:00+00:00, run_after=2026-04-29 00:00:00+00:00
[2026-04-29T08:04:22.494+0200] {processor.py:183} INFO - Processing /Users/pablofrancoherrero/prueba_tecnica/venv/lib/python3.11/site-packages/airflow/example_dags/example_short_circuit_decorator.py took 0.047 seconds
[2026-04-29T08:05:40.516+0200] {processor.py:161} INFO - Started process (PID=79224) to work on /Users/pablofrancoherrero/prueba_tecnica/venv/lib/python3.11/site-packages/airflow/example_dags/example_short_circuit_decorator.py
[2026-04-29T08:05:40.517+0200] {processor.py:830} INFO - Processing file /Users/pablofrancoherrero/prueba_tecnica/venv/lib/python3.11/site-packages/airflow/example_dags/example_short_circuit_decorator.py for tasks to queue
[2026-04-29T08:05:40.517+0200] {logging_mixin.py:188} INFO - [2026-04-29T08:05:40.517+0200] {dagbag.py:540} INFO - Filling up the DagBag from /Users/pablofrancoherrero/prueba_tecnica/venv/lib/python3.11/site-packages/airflow/example_dags/example_short_circuit_decorator.py
[2026-04-29T08:05:40.528+0200] {processor.py:840} INFO - DAG(s) 'example_short_circuit_decorator' retrieved from /Users/pablofrancoherrero/prueba_tecnica/venv/lib/python3.11/site-packages/airflow/example_dags/example_short_circuit_decorator.py
[2026-04-29T08:05:40.553+0200] {logging_mixin.py:188} INFO - [2026-04-29T08:05:40.553+0200] {dag.py:3096} INFO - Sync 1 DAGs
[2026-04-29T08:05:40.557+0200] {logging_mixin.py:188} INFO - [2026-04-29T08:05:40.557+0200] {dag.py:3954} INFO - Setting next_dagrun for example_short_circuit_decorator to 2026-04-28 00:00:00+00:00, run_after=2026-04-29 00:00:00+00:00
[2026-04-29T08:05:40.562+0200] {processor.py:183} INFO - Processing /Users/pablofrancoherrero/prueba_tecnica/venv/lib/python3.11/site-packages/airflow/example_dags/example_short_circuit_decorator.py took 0.046 seconds
[2026-04-29T08:07:00.802+0200] {processor.py:161} INFO - Started process (PID=79331) to work on /Users/pablofrancoherrero/prueba_tecnica/venv/lib/python3.11/site-packages/airflow/example_dags/example_short_circuit_decorator.py
[2026-04-29T08:07:00.803+0200] {processor.py:830} INFO - Processing file /Users/pablofrancoherrero/prueba_tecnica/venv/lib/python3.11/site-packages/airflow/example_dags/example_short_circuit_decorator.py for tasks to queue
[2026-04-29T08:07:00.803+0200] {logging_mixin.py:188} INFO - [2026-04-29T08:07:00.803+0200] {dagbag.py:540} INFO - Filling up the DagBag from /Users/pablofrancoherrero/prueba_tecnica/venv/lib/python3.11/site-packages/airflow/example_dags/example_short_circuit_decorator.py
[2026-04-29T08:07:00.815+0200] {processor.py:840} INFO - DAG(s) 'example_short_circuit_decorator' retrieved from /Users/pablofrancoherrero/prueba_tecnica/venv/lib/python3.11/site-packages/airflow/example_dags/example_short_circuit_decorator.py
[2026-04-29T08:07:00.840+0200] {logging_mixin.py:188} INFO - [2026-04-29T08:07:00.839+0200] {dag.py:3096} INFO - Sync 1 DAGs
[2026-04-29T08:07:00.844+0200] {logging_mixin.py:188} INFO - [2026-04-29T08:07:00.844+0200] {dag.py:3954} INFO - Setting next_dagrun for example_short_circuit_decorator to 2026-04-28 00:00:00+00:00, run_after=2026-04-29 00:00:00+00:00
[2026-04-29T08:07:00.848+0200] {processor.py:183} INFO - Processing /Users/pablofrancoherrero/prueba_tecnica/venv/lib/python3.11/site-packages/airflow/example_dags/example_short_circuit_decorator.py took 0.047 seconds
[2026-04-29T08:08:19.988+0200] {processor.py:161} INFO - Started process (PID=79418) to work on /Users/pablofrancoherrero/prueba_tecnica/venv/lib/python3.11/site-packages/airflow/example_dags/example_short_circuit_decorator.py
[2026-04-29T08:08:19.989+0200] {processor.py:830} INFO - Processing file /Users/pablofrancoherrero/prueba_tecnica/venv/lib/python3.11/site-packages/airflow/example_dags/example_short_circuit_decorator.py for tasks to queue
[2026-04-29T08:08:19.989+0200] {logging_mixin.py:188} INFO - [2026-04-29T08:08:19.989+0200] {dagbag.py:540} INFO - Filling up the DagBag from /Users/pablofrancoherrero/prueba_tecnica/venv/lib/python3.11/site-packages/airflow/example_dags/example_short_circuit_decorator.py
[2026-04-29T08:08:20.001+0200] {processor.py:840} INFO - DAG(s) 'example_short_circuit_decorator' retrieved from /Users/pablofrancoherrero/prueba_tecnica/venv/lib/python3.11/site-packages/airflow/example_dags/example_short_circuit_decorator.py
[2026-04-29T08:08:20.027+0200] {logging_mixin.py:188} INFO - [2026-04-29T08:08:20.027+0200] {dag.py:3096} INFO - Sync 1 DAGs
[2026-04-29T08:08:20.031+0200] {logging_mixin.py:188} INFO - [2026-04-29T08:08:20.031+0200] {dag.py:3954} INFO - Setting next_dagrun for example_short_circuit_decorator to 2026-04-28 00:00:00+00:00, run_after=2026-04-29 00:00:00+00:00
[2026-04-29T08:08:20.036+0200] {processor.py:183} INFO - Processing /Users/pablofrancoherrero/prueba_tecnica/venv/lib/python3.11/site-packages/airflow/example_dags/example_short_circuit_decorator.py took 0.048 seconds
[2026-04-29T08:22:44.051+0200] {processor.py:161} INFO - Started process (PID=79573) to work on /Users/pablofrancoherrero/prueba_tecnica/venv/lib/python3.11/site-packages/airflow/example_dags/example_short_circuit_decorator.py
[2026-04-29T08:22:44.052+0200] {processor.py:830} INFO - Processing file /Users/pablofrancoherrero/prueba_tecnica/venv/lib/python3.11/site-packages/airflow/example_dags/example_short_circuit_decorator.py for tasks to queue
[2026-04-29T08:22:44.053+0200] {logging_mixin.py:188} INFO - [2026-04-29T08:22:44.052+0200] {dagbag.py:540} INFO - Filling up the DagBag from /Users/pablofrancoherrero/prueba_tecnica/venv/lib/python3.11/site-packages/airflow/example_dags/example_short_circuit_decorator.py
[2026-04-29T08:22:44.064+0200] {processor.py:840} INFO - DAG(s) 'example_short_circuit_decorator' retrieved from /Users/pablofrancoherrero/prueba_tecnica/venv/lib/python3.11/site-packages/airflow/example_dags/example_short_circuit_decorator.py
[2026-04-29T08:22:44.090+0200] {logging_mixin.py:188} INFO - [2026-04-29T08:22:44.090+0200] {dag.py:3096} INFO - Sync 1 DAGs
[2026-04-29T08:22:44.094+0200] {logging_mixin.py:188} INFO - [2026-04-29T08:22:44.094+0200] {dag.py:3954} INFO - Setting next_dagrun for example_short_circuit_decorator to 2026-04-28 00:00:00+00:00, run_after=2026-04-29 00:00:00+00:00
[2026-04-29T08:22:44.098+0200] {processor.py:183} INFO - Processing /Users/pablofrancoherrero/prueba_tecnica/venv/lib/python3.11/site-packages/airflow/example_dags/example_short_circuit_decorator.py took 0.048 seconds
[2026-04-29T08:27:44.460+0200] {processor.py:161} INFO - Started process (PID=79697) to work on /Users/pablofrancoherrero/prueba_tecnica/venv/lib/python3.11/site-packages/airflow/example_dags/example_short_circuit_decorator.py
[2026-04-29T08:27:44.460+0200] {processor.py:830} INFO - Processing file /Users/pablofrancoherrero/prueba_tecnica/venv/lib/python3.11/site-packages/airflow/example_dags/example_short_circuit_decorator.py for tasks to queue
[2026-04-29T08:27:44.461+0200] {logging_mixin.py:188} INFO - [2026-04-29T08:27:44.461+0200] {dagbag.py:540} INFO - Filling up the DagBag from /Users/pablofrancoherrero/prueba_tecnica/venv/lib/python3.11/site-packages/airflow/example_dags/example_short_circuit_decorator.py
[2026-04-29T08:27:44.472+0200] {processor.py:840} INFO - DAG(s) 'example_short_circuit_decorator' retrieved from /Users/pablofrancoherrero/prueba_tecnica/venv/lib/python3.11/site-packages/airflow/example_dags/example_short_circuit_decorator.py
[2026-04-29T08:27:44.498+0200] {logging_mixin.py:188} INFO - [2026-04-29T08:27:44.498+0200] {dag.py:3096} INFO - Sync 1 DAGs
[2026-04-29T08:27:44.502+0200] {logging_mixin.py:188} INFO - [2026-04-29T08:27:44.502+0200] {dag.py:3954} INFO - Setting next_dagrun for example_short_circuit_decorator to 2026-04-28 00:00:00+00:00, run_after=2026-04-29 00:00:00+00:00
[2026-04-29T08:27:44.507+0200] {processor.py:183} INFO - Processing /Users/pablofrancoherrero/prueba_tecnica/venv/lib/python3.11/site-packages/airflow/example_dags/example_short_circuit_decorator.py took 0.047 seconds
[2026-04-29T08:45:26.823+0200] {processor.py:161} INFO - Started process (PID=79878) to work on /Users/pablofrancoherrero/prueba_tecnica/venv/lib/python3.11/site-packages/airflow/example_dags/example_short_circuit_decorator.py
[2026-04-29T08:45:26.823+0200] {processor.py:830} INFO - Processing file /Users/pablofrancoherrero/prueba_tecnica/venv/lib/python3.11/site-packages/airflow/example_dags/example_short_circuit_decorator.py for tasks to queue
[2026-04-29T08:45:26.823+0200] {logging_mixin.py:188} INFO - [2026-04-29T08:45:26.823+0200] {dagbag.py:540} INFO - Filling up the DagBag from /Users/pablofrancoherrero/prueba_tecnica/venv/lib/python3.11/site-packages/airflow/example_dags/example_short_circuit_decorator.py
[2026-04-29T08:45:26.835+0200] {processor.py:840} INFO - DAG(s) 'example_short_circuit_decorator' retrieved from /Users/pablofrancoherrero/prueba_tecnica/venv/lib/python3.11/site-packages/airflow/example_dags/example_short_circuit_decorator.py
[2026-04-29T08:45:26.859+0200] {logging_mixin.py:188} INFO - [2026-04-29T08:45:26.859+0200] {dag.py:3096} INFO - Sync 1 DAGs
[2026-04-29T08:45:26.863+0200] {logging_mixin.py:188} INFO - [2026-04-29T08:45:26.863+0200] {dag.py:3954} INFO - Setting next_dagrun for example_short_circuit_decorator to 2026-04-28 00:00:00+00:00, run_after=2026-04-29 00:00:00+00:00
[2026-04-29T08:45:26.868+0200] {processor.py:183} INFO - Processing /Users/pablofrancoherrero/prueba_tecnica/venv/lib/python3.11/site-packages/airflow/example_dags/example_short_circuit_decorator.py took 0.046 seconds
[2026-04-29T08:49:31.470+0200] {processor.py:161} INFO - Started process (PID=79967) to work on /Users/pablofrancoherrero/prueba_tecnica/venv/lib/python3.11/site-packages/airflow/example_dags/example_short_circuit_decorator.py
[2026-04-29T08:49:31.471+0200] {processor.py:830} INFO - Processing file /Users/pablofrancoherrero/prueba_tecnica/venv/lib/python3.11/site-packages/airflow/example_dags/example_short_circuit_decorator.py for tasks to queue
[2026-04-29T08:49:31.471+0200] {logging_mixin.py:188} INFO - [2026-04-29T08:49:31.471+0200] {dagbag.py:540} INFO - Filling up the DagBag from /Users/pablofrancoherrero/prueba_tecnica/venv/lib/python3.11/site-packages/airflow/example_dags/example_short_circuit_decorator.py
[2026-04-29T08:49:31.483+0200] {processor.py:840} INFO - DAG(s) 'example_short_circuit_decorator' retrieved from /Users/pablofrancoherrero/prueba_tecnica/venv/lib/python3.11/site-packages/airflow/example_dags/example_short_circuit_decorator.py
[2026-04-29T08:49:31.507+0200] {logging_mixin.py:188} INFO - [2026-04-29T08:49:31.507+0200] {dag.py:3096} INFO - Sync 1 DAGs
[2026-04-29T08:49:31.511+0200] {logging_mixin.py:188} INFO - [2026-04-29T08:49:31.511+0200] {dag.py:3954} INFO - Setting next_dagrun for example_short_circuit_decorator to 2026-04-28 00:00:00+00:00, run_after=2026-04-29 00:00:00+00:00
[2026-04-29T08:49:31.516+0200] {processor.py:183} INFO - Processing /Users/pablofrancoherrero/prueba_tecnica/venv/lib/python3.11/site-packages/airflow/example_dags/example_short_circuit_decorator.py took 0.046 seconds
[2026-04-29T08:53:14.564+0200] {processor.py:161} INFO - Started process (PID=80064) to work on /Users/pablofrancoherrero/prueba_tecnica/venv/lib/python3.11/site-packages/airflow/example_dags/example_short_circuit_decorator.py
[2026-04-29T08:53:14.565+0200] {processor.py:830} INFO - Processing file /Users/pablofrancoherrero/prueba_tecnica/venv/lib/python3.11/site-packages/airflow/example_dags/example_short_circuit_decorator.py for tasks to queue
[2026-04-29T08:53:14.565+0200] {logging_mixin.py:188} INFO - [2026-04-29T08:53:14.565+0200] {dagbag.py:540} INFO - Filling up the DagBag from /Users/pablofrancoherrero/prueba_tecnica/venv/lib/python3.11/site-packages/airflow/example_dags/example_short_circuit_decorator.py
[2026-04-29T08:53:14.579+0200] {processor.py:840} INFO - DAG(s) 'example_short_circuit_decorator' retrieved from /Users/pablofrancoherrero/prueba_tecnica/venv/lib/python3.11/site-packages/airflow/example_dags/example_short_circuit_decorator.py
[2026-04-29T08:53:14.605+0200] {logging_mixin.py:188} INFO - [2026-04-29T08:53:14.605+0200] {dag.py:3096} INFO - Sync 1 DAGs
[2026-04-29T08:53:14.609+0200] {logging_mixin.py:188} INFO - [2026-04-29T08:53:14.609+0200] {dag.py:3954} INFO - Setting next_dagrun for example_short_circuit_decorator to 2026-04-28 00:00:00+00:00, run_after=2026-04-29 00:00:00+00:00
[2026-04-29T08:53:14.614+0200] {processor.py:183} INFO - Processing /Users/pablofrancoherrero/prueba_tecnica/venv/lib/python3.11/site-packages/airflow/example_dags/example_short_circuit_decorator.py took 0.051 seconds
[2026-04-29T08:57:12.711+0200] {processor.py:161} INFO - Started process (PID=80214) to work on /Users/pablofrancoherrero/prueba_tecnica/venv/lib/python3.11/site-packages/airflow/example_dags/example_short_circuit_decorator.py
[2026-04-29T08:57:12.712+0200] {processor.py:830} INFO - Processing file /Users/pablofrancoherrero/prueba_tecnica/venv/lib/python3.11/site-packages/airflow/example_dags/example_short_circuit_decorator.py for tasks to queue
[2026-04-29T08:57:12.712+0200] {logging_mixin.py:188} INFO - [2026-04-29T08:57:12.712+0200] {dagbag.py:540} INFO - Filling up the DagBag from /Users/pablofrancoherrero/prueba_tecnica/venv/lib/python3.11/site-packages/airflow/example_dags/example_short_circuit_decorator.py
[2026-04-29T08:57:12.724+0200] {processor.py:840} INFO - DAG(s) 'example_short_circuit_decorator' retrieved from /Users/pablofrancoherrero/prueba_tecnica/venv/lib/python3.11/site-packages/airflow/example_dags/example_short_circuit_decorator.py
[2026-04-29T08:57:12.751+0200] {logging_mixin.py:188} INFO - [2026-04-29T08:57:12.750+0200] {dag.py:3096} INFO - Sync 1 DAGs
[2026-04-29T08:57:12.755+0200] {logging_mixin.py:188} INFO - [2026-04-29T08:57:12.755+0200] {dag.py:3954} INFO - Setting next_dagrun for example_short_circuit_decorator to 2026-04-28 00:00:00+00:00, run_after=2026-04-29 00:00:00+00:00
[2026-04-29T08:57:12.760+0200] {processor.py:183} INFO - Processing /Users/pablofrancoherrero/prueba_tecnica/venv/lib/python3.11/site-packages/airflow/example_dags/example_short_circuit_decorator.py took 0.049 seconds
[2026-04-29T09:00:42.027+0200] {processor.py:161} INFO - Started process (PID=80329) to work on /Users/pablofrancoherrero/prueba_tecnica/venv/lib/python3.11/site-packages/airflow/example_dags/example_short_circuit_decorator.py
[2026-04-29T09:00:42.028+0200] {processor.py:830} INFO - Processing file /Users/pablofrancoherrero/prueba_tecnica/venv/lib/python3.11/site-packages/airflow/example_dags/example_short_circuit_decorator.py for tasks to queue
[2026-04-29T09:00:42.028+0200] {logging_mixin.py:188} INFO - [2026-04-29T09:00:42.028+0200] {dagbag.py:540} INFO - Filling up the DagBag from /Users/pablofrancoherrero/prueba_tecnica/venv/lib/python3.11/site-packages/airflow/example_dags/example_short_circuit_decorator.py
[2026-04-29T09:00:42.039+0200] {processor.py:840} INFO - DAG(s) 'example_short_circuit_decorator' retrieved from /Users/pablofrancoherrero/prueba_tecnica/venv/lib/python3.11/site-packages/airflow/example_dags/example_short_circuit_decorator.py
[2026-04-29T09:00:42.065+0200] {logging_mixin.py:188} INFO - [2026-04-29T09:00:42.065+0200] {dag.py:3096} INFO - Sync 1 DAGs
[2026-04-29T09:00:42.069+0200] {logging_mixin.py:188} INFO - [2026-04-29T09:00:42.069+0200] {dag.py:3954} INFO - Setting next_dagrun for example_short_circuit_decorator to 2026-04-28 00:00:00+00:00, run_after=2026-04-29 00:00:00+00:00
[2026-04-29T09:00:42.074+0200] {processor.py:183} INFO - Processing /Users/pablofrancoherrero/prueba_tecnica/venv/lib/python3.11/site-packages/airflow/example_dags/example_short_circuit_decorator.py took 0.048 seconds
[2026-04-29T09:02:11.991+0200] {processor.py:161} INFO - Started process (PID=80491) to work on /Users/pablofrancoherrero/prueba_tecnica/venv/lib/python3.11/site-packages/airflow/example_dags/example_short_circuit_decorator.py
[2026-04-29T09:02:11.991+0200] {processor.py:830} INFO - Processing file /Users/pablofrancoherrero/prueba_tecnica/venv/lib/python3.11/site-packages/airflow/example_dags/example_short_circuit_decorator.py for tasks to queue
[2026-04-29T09:02:11.992+0200] {logging_mixin.py:188} INFO - [2026-04-29T09:02:11.991+0200] {dagbag.py:540} INFO - Filling up the DagBag from /Users/pablofrancoherrero/prueba_tecnica/venv/lib/python3.11/site-packages/airflow/example_dags/example_short_circuit_decorator.py
[2026-04-29T09:02:12.003+0200] {processor.py:840} INFO - DAG(s) 'example_short_circuit_decorator' retrieved from /Users/pablofrancoherrero/prueba_tecnica/venv/lib/python3.11/site-packages/airflow/example_dags/example_short_circuit_decorator.py
[2026-04-29T09:02:12.030+0200] {logging_mixin.py:188} INFO - [2026-04-29T09:02:12.029+0200] {dag.py:3096} INFO - Sync 1 DAGs
[2026-04-29T09:02:12.034+0200] {logging_mixin.py:188} INFO - [2026-04-29T09:02:12.034+0200] {dag.py:3954} INFO - Setting next_dagrun for example_short_circuit_decorator to 2026-04-28 00:00:00+00:00, run_after=2026-04-29 00:00:00+00:00
[2026-04-29T09:02:12.038+0200] {processor.py:183} INFO - Processing /Users/pablofrancoherrero/prueba_tecnica/venv/lib/python3.11/site-packages/airflow/example_dags/example_short_circuit_decorator.py took 0.048 seconds
[2026-04-29T09:03:34.784+0200] {processor.py:161} INFO - Started process (PID=80580) to work on /Users/pablofrancoherrero/prueba_tecnica/venv/lib/python3.11/site-packages/airflow/example_dags/example_short_circuit_decorator.py
[2026-04-29T09:03:34.785+0200] {processor.py:830} INFO - Processing file /Users/pablofrancoherrero/prueba_tecnica/venv/lib/python3.11/site-packages/airflow/example_dags/example_short_circuit_decorator.py for tasks to queue
[2026-04-29T09:03:34.785+0200] {logging_mixin.py:188} INFO - [2026-04-29T09:03:34.785+0200] {dagbag.py:540} INFO - Filling up the DagBag from /Users/pablofrancoherrero/prueba_tecnica/venv/lib/python3.11/site-packages/airflow/example_dags/example_short_circuit_decorator.py
[2026-04-29T09:03:34.798+0200] {processor.py:840} INFO - DAG(s) 'example_short_circuit_decorator' retrieved from /Users/pablofrancoherrero/prueba_tecnica/venv/lib/python3.11/site-packages/airflow/example_dags/example_short_circuit_decorator.py
[2026-04-29T09:03:34.828+0200] {logging_mixin.py:188} INFO - [2026-04-29T09:03:34.828+0200] {dag.py:3096} INFO - Sync 1 DAGs
[2026-04-29T09:03:34.833+0200] {logging_mixin.py:188} INFO - [2026-04-29T09:03:34.833+0200] {dag.py:3954} INFO - Setting next_dagrun for example_short_circuit_decorator to 2026-04-28 00:00:00+00:00, run_after=2026-04-29 00:00:00+00:00
[2026-04-29T09:03:34.838+0200] {processor.py:183} INFO - Processing /Users/pablofrancoherrero/prueba_tecnica/venv/lib/python3.11/site-packages/airflow/example_dags/example_short_circuit_decorator.py took 0.055 seconds
[2026-04-29T09:04:55.951+0200] {processor.py:161} INFO - Started process (PID=80678) to work on /Users/pablofrancoherrero/prueba_tecnica/venv/lib/python3.11/site-packages/airflow/example_dags/example_short_circuit_decorator.py
[2026-04-29T09:04:55.951+0200] {processor.py:830} INFO - Processing file /Users/pablofrancoherrero/prueba_tecnica/venv/lib/python3.11/site-packages/airflow/example_dags/example_short_circuit_decorator.py for tasks to queue
[2026-04-29T09:04:55.951+0200] {logging_mixin.py:188} INFO - [2026-04-29T09:04:55.951+0200] {dagbag.py:540} INFO - Filling up the DagBag from /Users/pablofrancoherrero/prueba_tecnica/venv/lib/python3.11/site-packages/airflow/example_dags/example_short_circuit_decorator.py
[2026-04-29T09:04:55.964+0200] {processor.py:840} INFO - DAG(s) 'example_short_circuit_decorator' retrieved from /Users/pablofrancoherrero/prueba_tecnica/venv/lib/python3.11/site-packages/airflow/example_dags/example_short_circuit_decorator.py
[2026-04-29T09:04:55.991+0200] {logging_mixin.py:188} INFO - [2026-04-29T09:04:55.991+0200] {dag.py:3096} INFO - Sync 1 DAGs
[2026-04-29T09:04:55.995+0200] {logging_mixin.py:188} INFO - [2026-04-29T09:04:55.995+0200] {dag.py:3954} INFO - Setting next_dagrun for example_short_circuit_decorator to 2026-04-28 00:00:00+00:00, run_after=2026-04-29 00:00:00+00:00
[2026-04-29T09:04:56.000+0200] {processor.py:183} INFO - Processing /Users/pablofrancoherrero/prueba_tecnica/venv/lib/python3.11/site-packages/airflow/example_dags/example_short_circuit_decorator.py took 0.050 seconds
[2026-04-29T09:06:18.698+0200] {processor.py:161} INFO - Started process (PID=80787) to work on /Users/pablofrancoherrero/prueba_tecnica/venv/lib/python3.11/site-packages/airflow/example_dags/example_short_circuit_decorator.py
[2026-04-29T09:06:18.699+0200] {processor.py:830} INFO - Processing file /Users/pablofrancoherrero/prueba_tecnica/venv/lib/python3.11/site-packages/airflow/example_dags/example_short_circuit_decorator.py for tasks to queue
[2026-04-29T09:06:18.699+0200] {logging_mixin.py:188} INFO - [2026-04-29T09:06:18.699+0200] {dagbag.py:540} INFO - Filling up the DagBag from /Users/pablofrancoherrero/prueba_tecnica/venv/lib/python3.11/site-packages/airflow/example_dags/example_short_circuit_decorator.py
[2026-04-29T09:06:18.710+0200] {processor.py:840} INFO - DAG(s) 'example_short_circuit_decorator' retrieved from /Users/pablofrancoherrero/prueba_tecnica/venv/lib/python3.11/site-packages/airflow/example_dags/example_short_circuit_decorator.py
[2026-04-29T09:06:18.737+0200] {logging_mixin.py:188} INFO - [2026-04-29T09:06:18.737+0200] {dag.py:3096} INFO - Sync 1 DAGs
[2026-04-29T09:06:18.741+0200] {logging_mixin.py:188} INFO - [2026-04-29T09:06:18.741+0200] {dag.py:3954} INFO - Setting next_dagrun for example_short_circuit_decorator to 2026-04-28 00:00:00+00:00, run_after=2026-04-29 00:00:00+00:00
[2026-04-29T09:06:18.746+0200] {processor.py:183} INFO - Processing /Users/pablofrancoherrero/prueba_tecnica/venv/lib/python3.11/site-packages/airflow/example_dags/example_short_circuit_decorator.py took 0.049 seconds
[2026-04-29T09:07:39.719+0200] {processor.py:161} INFO - Started process (PID=80887) to work on /Users/pablofrancoherrero/prueba_tecnica/venv/lib/python3.11/site-packages/airflow/example_dags/example_short_circuit_decorator.py
[2026-04-29T09:07:39.719+0200] {processor.py:830} INFO - Processing file /Users/pablofrancoherrero/prueba_tecnica/venv/lib/python3.11/site-packages/airflow/example_dags/example_short_circuit_decorator.py for tasks to queue
[2026-04-29T09:07:39.720+0200] {logging_mixin.py:188} INFO - [2026-04-29T09:07:39.720+0200] {dagbag.py:540} INFO - Filling up the DagBag from /Users/pablofrancoherrero/prueba_tecnica/venv/lib/python3.11/site-packages/airflow/example_dags/example_short_circuit_decorator.py
[2026-04-29T09:07:39.731+0200] {processor.py:840} INFO - DAG(s) 'example_short_circuit_decorator' retrieved from /Users/pablofrancoherrero/prueba_tecnica/venv/lib/python3.11/site-packages/airflow/example_dags/example_short_circuit_decorator.py
[2026-04-29T09:07:39.758+0200] {logging_mixin.py:188} INFO - [2026-04-29T09:07:39.758+0200] {dag.py:3096} INFO - Sync 1 DAGs
[2026-04-29T09:07:39.763+0200] {logging_mixin.py:188} INFO - [2026-04-29T09:07:39.763+0200] {dag.py:3954} INFO - Setting next_dagrun for example_short_circuit_decorator to 2026-04-28 00:00:00+00:00, run_after=2026-04-29 00:00:00+00:00
[2026-04-29T09:07:39.767+0200] {processor.py:183} INFO - Processing /Users/pablofrancoherrero/prueba_tecnica/venv/lib/python3.11/site-packages/airflow/example_dags/example_short_circuit_decorator.py took 0.049 seconds
[2026-04-29T09:09:00.186+0200] {processor.py:161} INFO - Started process (PID=80977) to work on /Users/pablofrancoherrero/prueba_tecnica/venv/lib/python3.11/site-packages/airflow/example_dags/example_short_circuit_decorator.py
[2026-04-29T09:09:00.187+0200] {processor.py:830} INFO - Processing file /Users/pablofrancoherrero/prueba_tecnica/venv/lib/python3.11/site-packages/airflow/example_dags/example_short_circuit_decorator.py for tasks to queue
[2026-04-29T09:09:00.187+0200] {logging_mixin.py:188} INFO - [2026-04-29T09:09:00.187+0200] {dagbag.py:540} INFO - Filling up the DagBag from /Users/pablofrancoherrero/prueba_tecnica/venv/lib/python3.11/site-packages/airflow/example_dags/example_short_circuit_decorator.py
[2026-04-29T09:09:00.202+0200] {processor.py:840} INFO - DAG(s) 'example_short_circuit_decorator' retrieved from /Users/pablofrancoherrero/prueba_tecnica/venv/lib/python3.11/site-packages/airflow/example_dags/example_short_circuit_decorator.py
[2026-04-29T09:09:00.232+0200] {logging_mixin.py:188} INFO - [2026-04-29T09:09:00.232+0200] {dag.py:3096} INFO - Sync 1 DAGs
[2026-04-29T09:09:00.237+0200] {logging_mixin.py:188} INFO - [2026-04-29T09:09:00.237+0200] {dag.py:3954} INFO - Setting next_dagrun for example_short_circuit_decorator to 2026-04-28 00:00:00+00:00, run_after=2026-04-29 00:00:00+00:00
[2026-04-29T09:09:00.246+0200] {processor.py:183} INFO - Processing /Users/pablofrancoherrero/prueba_tecnica/venv/lib/python3.11/site-packages/airflow/example_dags/example_short_circuit_decorator.py took 0.061 seconds
[2026-04-29T09:10:19.648+0200] {processor.py:161} INFO - Started process (PID=81065) to work on /Users/pablofrancoherrero/prueba_tecnica/venv/lib/python3.11/site-packages/airflow/example_dags/example_short_circuit_decorator.py
[2026-04-29T09:10:19.648+0200] {processor.py:830} INFO - Processing file /Users/pablofrancoherrero/prueba_tecnica/venv/lib/python3.11/site-packages/airflow/example_dags/example_short_circuit_decorator.py for tasks to queue
[2026-04-29T09:10:19.649+0200] {logging_mixin.py:188} INFO - [2026-04-29T09:10:19.648+0200] {dagbag.py:540} INFO - Filling up the DagBag from /Users/pablofrancoherrero/prueba_tecnica/venv/lib/python3.11/site-packages/airflow/example_dags/example_short_circuit_decorator.py
[2026-04-29T09:10:19.660+0200] {processor.py:840} INFO - DAG(s) 'example_short_circuit_decorator' retrieved from /Users/pablofrancoherrero/prueba_tecnica/venv/lib/python3.11/site-packages/airflow/example_dags/example_short_circuit_decorator.py
[2026-04-29T09:10:19.689+0200] {logging_mixin.py:188} INFO - [2026-04-29T09:10:19.689+0200] {dag.py:3096} INFO - Sync 1 DAGs
[2026-04-29T09:10:19.694+0200] {logging_mixin.py:188} INFO - [2026-04-29T09:10:19.694+0200] {dag.py:3954} INFO - Setting next_dagrun for example_short_circuit_decorator to 2026-04-28 00:00:00+00:00, run_after=2026-04-29 00:00:00+00:00
[2026-04-29T09:10:19.698+0200] {processor.py:183} INFO - Processing /Users/pablofrancoherrero/prueba_tecnica/venv/lib/python3.11/site-packages/airflow/example_dags/example_short_circuit_decorator.py took 0.051 seconds
[2026-04-29T09:11:43.087+0200] {processor.py:161} INFO - Started process (PID=81153) to work on /Users/pablofrancoherrero/prueba_tecnica/venv/lib/python3.11/site-packages/airflow/example_dags/example_short_circuit_decorator.py
[2026-04-29T09:11:43.088+0200] {processor.py:830} INFO - Processing file /Users/pablofrancoherrero/prueba_tecnica/venv/lib/python3.11/site-packages/airflow/example_dags/example_short_circuit_decorator.py for tasks to queue
[2026-04-29T09:11:43.088+0200] {logging_mixin.py:188} INFO - [2026-04-29T09:11:43.088+0200] {dagbag.py:540} INFO - Filling up the DagBag from /Users/pablofrancoherrero/prueba_tecnica/venv/lib/python3.11/site-packages/airflow/example_dags/example_short_circuit_decorator.py
[2026-04-29T09:11:43.100+0200] {processor.py:840} INFO - DAG(s) 'example_short_circuit_decorator' retrieved from /Users/pablofrancoherrero/prueba_tecnica/venv/lib/python3.11/site-packages/airflow/example_dags/example_short_circuit_decorator.py
[2026-04-29T09:11:43.127+0200] {logging_mixin.py:188} INFO - [2026-04-29T09:11:43.127+0200] {dag.py:3096} INFO - Sync 1 DAGs
[2026-04-29T09:11:43.131+0200] {logging_mixin.py:188} INFO - [2026-04-29T09:11:43.131+0200] {dag.py:3954} INFO - Setting next_dagrun for example_short_circuit_decorator to 2026-04-28 00:00:00+00:00, run_after=2026-04-29 00:00:00+00:00
[2026-04-29T09:11:43.136+0200] {processor.py:183} INFO - Processing /Users/pablofrancoherrero/prueba_tecnica/venv/lib/python3.11/site-packages/airflow/example_dags/example_short_circuit_decorator.py took 0.050 seconds
[2026-04-29T09:13:02.827+0200] {processor.py:161} INFO - Started process (PID=81248) to work on /Users/pablofrancoherrero/prueba_tecnica/venv/lib/python3.11/site-packages/airflow/example_dags/example_short_circuit_decorator.py
[2026-04-29T09:13:02.827+0200] {processor.py:830} INFO - Processing file /Users/pablofrancoherrero/prueba_tecnica/venv/lib/python3.11/site-packages/airflow/example_dags/example_short_circuit_decorator.py for tasks to queue
[2026-04-29T09:13:02.828+0200] {logging_mixin.py:188} INFO - [2026-04-29T09:13:02.828+0200] {dagbag.py:540} INFO - Filling up the DagBag from /Users/pablofrancoherrero/prueba_tecnica/venv/lib/python3.11/site-packages/airflow/example_dags/example_short_circuit_decorator.py
[2026-04-29T09:13:02.839+0200] {processor.py:840} INFO - DAG(s) 'example_short_circuit_decorator' retrieved from /Users/pablofrancoherrero/prueba_tecnica/venv/lib/python3.11/site-packages/airflow/example_dags/example_short_circuit_decorator.py
[2026-04-29T09:13:02.866+0200] {logging_mixin.py:188} INFO - [2026-04-29T09:13:02.865+0200] {dag.py:3096} INFO - Sync 1 DAGs
[2026-04-29T09:13:02.870+0200] {logging_mixin.py:188} INFO - [2026-04-29T09:13:02.870+0200] {dag.py:3954} INFO - Setting next_dagrun for example_short_circuit_decorator to 2026-04-28 00:00:00+00:00, run_after=2026-04-29 00:00:00+00:00
[2026-04-29T09:13:02.875+0200] {processor.py:183} INFO - Processing /Users/pablofrancoherrero/prueba_tecnica/venv/lib/python3.11/site-packages/airflow/example_dags/example_short_circuit_decorator.py took 0.049 seconds
[2026-04-29T09:14:23.125+0200] {processor.py:161} INFO - Started process (PID=81349) to work on /Users/pablofrancoherrero/prueba_tecnica/venv/lib/python3.11/site-packages/airflow/example_dags/example_short_circuit_decorator.py
[2026-04-29T09:14:23.125+0200] {processor.py:830} INFO - Processing file /Users/pablofrancoherrero/prueba_tecnica/venv/lib/python3.11/site-packages/airflow/example_dags/example_short_circuit_decorator.py for tasks to queue
[2026-04-29T09:14:23.126+0200] {logging_mixin.py:188} INFO - [2026-04-29T09:14:23.125+0200] {dagbag.py:540} INFO - Filling up the DagBag from /Users/pablofrancoherrero/prueba_tecnica/venv/lib/python3.11/site-packages/airflow/example_dags/example_short_circuit_decorator.py
[2026-04-29T09:14:23.137+0200] {processor.py:840} INFO - DAG(s) 'example_short_circuit_decorator' retrieved from /Users/pablofrancoherrero/prueba_tecnica/venv/lib/python3.11/site-packages/airflow/example_dags/example_short_circuit_decorator.py
[2026-04-29T09:14:23.164+0200] {logging_mixin.py:188} INFO - [2026-04-29T09:14:23.164+0200] {dag.py:3096} INFO - Sync 1 DAGs
[2026-04-29T09:14:23.168+0200] {logging_mixin.py:188} INFO - [2026-04-29T09:14:23.168+0200] {dag.py:3954} INFO - Setting next_dagrun for example_short_circuit_decorator to 2026-04-28 00:00:00+00:00, run_after=2026-04-29 00:00:00+00:00
[2026-04-29T09:14:23.173+0200] {processor.py:183} INFO - Processing /Users/pablofrancoherrero/prueba_tecnica/venv/lib/python3.11/site-packages/airflow/example_dags/example_short_circuit_decorator.py took 0.049 seconds
[2026-04-29T09:15:43.346+0200] {processor.py:161} INFO - Started process (PID=81461) to work on /Users/pablofrancoherrero/prueba_tecnica/venv/lib/python3.11/site-packages/airflow/example_dags/example_short_circuit_decorator.py
[2026-04-29T09:15:43.347+0200] {processor.py:830} INFO - Processing file /Users/pablofrancoherrero/prueba_tecnica/venv/lib/python3.11/site-packages/airflow/example_dags/example_short_circuit_decorator.py for tasks to queue
[2026-04-29T09:15:43.347+0200] {logging_mixin.py:188} INFO - [2026-04-29T09:15:43.347+0200] {dagbag.py:540} INFO - Filling up the DagBag from /Users/pablofrancoherrero/prueba_tecnica/venv/lib/python3.11/site-packages/airflow/example_dags/example_short_circuit_decorator.py
[2026-04-29T09:15:43.359+0200] {processor.py:840} INFO - DAG(s) 'example_short_circuit_decorator' retrieved from /Users/pablofrancoherrero/prueba_tecnica/venv/lib/python3.11/site-packages/airflow/example_dags/example_short_circuit_decorator.py
[2026-04-29T09:15:43.387+0200] {logging_mixin.py:188} INFO - [2026-04-29T09:15:43.387+0200] {dag.py:3096} INFO - Sync 1 DAGs
[2026-04-29T09:15:43.391+0200] {logging_mixin.py:188} INFO - [2026-04-29T09:15:43.391+0200] {dag.py:3954} INFO - Setting next_dagrun for example_short_circuit_decorator to 2026-04-28 00:00:00+00:00, run_after=2026-04-29 00:00:00+00:00
[2026-04-29T09:15:43.396+0200] {processor.py:183} INFO - Processing /Users/pablofrancoherrero/prueba_tecnica/venv/lib/python3.11/site-packages/airflow/example_dags/example_short_circuit_decorator.py took 0.051 seconds
[2026-04-29T09:17:00.044+0200] {processor.py:161} INFO - Started process (PID=81543) to work on /Users/pablofrancoherrero/prueba_tecnica/venv/lib/python3.11/site-packages/airflow/example_dags/example_short_circuit_decorator.py
[2026-04-29T09:17:00.044+0200] {processor.py:830} INFO - Processing file /Users/pablofrancoherrero/prueba_tecnica/venv/lib/python3.11/site-packages/airflow/example_dags/example_short_circuit_decorator.py for tasks to queue
[2026-04-29T09:17:00.045+0200] {logging_mixin.py:188} INFO - [2026-04-29T09:17:00.045+0200] {dagbag.py:540} INFO - Filling up the DagBag from /Users/pablofrancoherrero/prueba_tecnica/venv/lib/python3.11/site-packages/airflow/example_dags/example_short_circuit_decorator.py
[2026-04-29T09:17:00.056+0200] {processor.py:840} INFO - DAG(s) 'example_short_circuit_decorator' retrieved from /Users/pablofrancoherrero/prueba_tecnica/venv/lib/python3.11/site-packages/airflow/example_dags/example_short_circuit_decorator.py
[2026-04-29T09:17:00.082+0200] {logging_mixin.py:188} INFO - [2026-04-29T09:17:00.082+0200] {dag.py:3096} INFO - Sync 1 DAGs
[2026-04-29T09:17:00.086+0200] {logging_mixin.py:188} INFO - [2026-04-29T09:17:00.086+0200] {dag.py:3954} INFO - Setting next_dagrun for example_short_circuit_decorator to 2026-04-28 00:00:00+00:00, run_after=2026-04-29 00:00:00+00:00
[2026-04-29T09:17:00.091+0200] {processor.py:183} INFO - Processing /Users/pablofrancoherrero/prueba_tecnica/venv/lib/python3.11/site-packages/airflow/example_dags/example_short_circuit_decorator.py took 0.048 seconds
[2026-04-29T09:18:18.204+0200] {processor.py:161} INFO - Started process (PID=81647) to work on /Users/pablofrancoherrero/prueba_tecnica/venv/lib/python3.11/site-packages/airflow/example_dags/example_short_circuit_decorator.py
[2026-04-29T09:18:18.204+0200] {processor.py:830} INFO - Processing file /Users/pablofrancoherrero/prueba_tecnica/venv/lib/python3.11/site-packages/airflow/example_dags/example_short_circuit_decorator.py for tasks to queue
[2026-04-29T09:18:18.204+0200] {logging_mixin.py:188} INFO - [2026-04-29T09:18:18.204+0200] {dagbag.py:540} INFO - Filling up the DagBag from /Users/pablofrancoherrero/prueba_tecnica/venv/lib/python3.11/site-packages/airflow/example_dags/example_short_circuit_decorator.py
[2026-04-29T09:18:18.216+0200] {processor.py:840} INFO - DAG(s) 'example_short_circuit_decorator' retrieved from /Users/pablofrancoherrero/prueba_tecnica/venv/lib/python3.11/site-packages/airflow/example_dags/example_short_circuit_decorator.py
[2026-04-29T09:18:18.242+0200] {logging_mixin.py:188} INFO - [2026-04-29T09:18:18.242+0200] {dag.py:3096} INFO - Sync 1 DAGs
[2026-04-29T09:18:18.246+0200] {logging_mixin.py:188} INFO - [2026-04-29T09:18:18.246+0200] {dag.py:3954} INFO - Setting next_dagrun for example_short_circuit_decorator to 2026-04-28 00:00:00+00:00, run_after=2026-04-29 00:00:00+00:00
[2026-04-29T09:18:18.251+0200] {processor.py:183} INFO - Processing /Users/pablofrancoherrero/prueba_tecnica/venv/lib/python3.11/site-packages/airflow/example_dags/example_short_circuit_decorator.py took 0.048 seconds
[2026-04-29T09:19:42.913+0200] {processor.py:161} INFO - Started process (PID=81736) to work on /Users/pablofrancoherrero/prueba_tecnica/venv/lib/python3.11/site-packages/airflow/example_dags/example_short_circuit_decorator.py
[2026-04-29T09:19:42.913+0200] {processor.py:830} INFO - Processing file /Users/pablofrancoherrero/prueba_tecnica/venv/lib/python3.11/site-packages/airflow/example_dags/example_short_circuit_decorator.py for tasks to queue
[2026-04-29T09:19:42.914+0200] {logging_mixin.py:188} INFO - [2026-04-29T09:19:42.914+0200] {dagbag.py:540} INFO - Filling up the DagBag from /Users/pablofrancoherrero/prueba_tecnica/venv/lib/python3.11/site-packages/airflow/example_dags/example_short_circuit_decorator.py
[2026-04-29T09:19:42.925+0200] {processor.py:840} INFO - DAG(s) 'example_short_circuit_decorator' retrieved from /Users/pablofrancoherrero/prueba_tecnica/venv/lib/python3.11/site-packages/airflow/example_dags/example_short_circuit_decorator.py
[2026-04-29T09:19:42.951+0200] {logging_mixin.py:188} INFO - [2026-04-29T09:19:42.951+0200] {dag.py:3096} INFO - Sync 1 DAGs
[2026-04-29T09:19:42.956+0200] {logging_mixin.py:188} INFO - [2026-04-29T09:19:42.955+0200] {dag.py:3954} INFO - Setting next_dagrun for example_short_circuit_decorator to 2026-04-28 00:00:00+00:00, run_after=2026-04-29 00:00:00+00:00
[2026-04-29T09:19:42.960+0200] {processor.py:183} INFO - Processing /Users/pablofrancoherrero/prueba_tecnica/venv/lib/python3.11/site-packages/airflow/example_dags/example_short_circuit_decorator.py took 0.048 seconds
[2026-04-29T09:21:07.520+0200] {processor.py:161} INFO - Started process (PID=81860) to work on /Users/pablofrancoherrero/prueba_tecnica/venv/lib/python3.11/site-packages/airflow/example_dags/example_short_circuit_decorator.py
[2026-04-29T09:21:07.521+0200] {processor.py:830} INFO - Processing file /Users/pablofrancoherrero/prueba_tecnica/venv/lib/python3.11/site-packages/airflow/example_dags/example_short_circuit_decorator.py for tasks to queue
[2026-04-29T09:21:07.521+0200] {logging_mixin.py:188} INFO - [2026-04-29T09:21:07.521+0200] {dagbag.py:540} INFO - Filling up the DagBag from /Users/pablofrancoherrero/prueba_tecnica/venv/lib/python3.11/site-packages/airflow/example_dags/example_short_circuit_decorator.py
[2026-04-29T09:21:07.533+0200] {processor.py:840} INFO - DAG(s) 'example_short_circuit_decorator' retrieved from /Users/pablofrancoherrero/prueba_tecnica/venv/lib/python3.11/site-packages/airflow/example_dags/example_short_circuit_decorator.py
[2026-04-29T09:21:07.561+0200] {logging_mixin.py:188} INFO - [2026-04-29T09:21:07.561+0200] {dag.py:3096} INFO - Sync 1 DAGs
[2026-04-29T09:21:07.566+0200] {logging_mixin.py:188} INFO - [2026-04-29T09:21:07.566+0200] {dag.py:3954} INFO - Setting next_dagrun for example_short_circuit_decorator to 2026-04-28 00:00:00+00:00, run_after=2026-04-29 00:00:00+00:00
[2026-04-29T09:21:07.571+0200] {processor.py:183} INFO - Processing /Users/pablofrancoherrero/prueba_tecnica/venv/lib/python3.11/site-packages/airflow/example_dags/example_short_circuit_decorator.py took 0.051 seconds
[2026-04-29T09:22:31.147+0200] {processor.py:161} INFO - Started process (PID=81957) to work on /Users/pablofrancoherrero/prueba_tecnica/venv/lib/python3.11/site-packages/airflow/example_dags/example_short_circuit_decorator.py
[2026-04-29T09:22:31.148+0200] {processor.py:830} INFO - Processing file /Users/pablofrancoherrero/prueba_tecnica/venv/lib/python3.11/site-packages/airflow/example_dags/example_short_circuit_decorator.py for tasks to queue
[2026-04-29T09:22:31.148+0200] {logging_mixin.py:188} INFO - [2026-04-29T09:22:31.148+0200] {dagbag.py:540} INFO - Filling up the DagBag from /Users/pablofrancoherrero/prueba_tecnica/venv/lib/python3.11/site-packages/airflow/example_dags/example_short_circuit_decorator.py
[2026-04-29T09:22:31.159+0200] {processor.py:840} INFO - DAG(s) 'example_short_circuit_decorator' retrieved from /Users/pablofrancoherrero/prueba_tecnica/venv/lib/python3.11/site-packages/airflow/example_dags/example_short_circuit_decorator.py
[2026-04-29T09:22:31.186+0200] {logging_mixin.py:188} INFO - [2026-04-29T09:22:31.185+0200] {dag.py:3096} INFO - Sync 1 DAGs
[2026-04-29T09:22:31.190+0200] {logging_mixin.py:188} INFO - [2026-04-29T09:22:31.190+0200] {dag.py:3954} INFO - Setting next_dagrun for example_short_circuit_decorator to 2026-04-28 00:00:00+00:00, run_after=2026-04-29 00:00:00+00:00
[2026-04-29T09:22:31.195+0200] {processor.py:183} INFO - Processing /Users/pablofrancoherrero/prueba_tecnica/venv/lib/python3.11/site-packages/airflow/example_dags/example_short_circuit_decorator.py took 0.048 seconds
[2026-04-29T09:23:54.080+0200] {processor.py:161} INFO - Started process (PID=82062) to work on /Users/pablofrancoherrero/prueba_tecnica/venv/lib/python3.11/site-packages/airflow/example_dags/example_short_circuit_decorator.py
[2026-04-29T09:23:54.080+0200] {processor.py:830} INFO - Processing file /Users/pablofrancoherrero/prueba_tecnica/venv/lib/python3.11/site-packages/airflow/example_dags/example_short_circuit_decorator.py for tasks to queue
[2026-04-29T09:23:54.080+0200] {logging_mixin.py:188} INFO - [2026-04-29T09:23:54.080+0200] {dagbag.py:540} INFO - Filling up the DagBag from /Users/pablofrancoherrero/prueba_tecnica/venv/lib/python3.11/site-packages/airflow/example_dags/example_short_circuit_decorator.py
[2026-04-29T09:23:54.092+0200] {processor.py:840} INFO - DAG(s) 'example_short_circuit_decorator' retrieved from /Users/pablofrancoherrero/prueba_tecnica/venv/lib/python3.11/site-packages/airflow/example_dags/example_short_circuit_decorator.py
[2026-04-29T09:23:54.119+0200] {logging_mixin.py:188} INFO - [2026-04-29T09:23:54.119+0200] {dag.py:3096} INFO - Sync 1 DAGs
[2026-04-29T09:23:54.124+0200] {logging_mixin.py:188} INFO - [2026-04-29T09:23:54.124+0200] {dag.py:3954} INFO - Setting next_dagrun for example_short_circuit_decorator to 2026-04-28 00:00:00+00:00, run_after=2026-04-29 00:00:00+00:00
[2026-04-29T09:23:54.129+0200] {processor.py:183} INFO - Processing /Users/pablofrancoherrero/prueba_tecnica/venv/lib/python3.11/site-packages/airflow/example_dags/example_short_circuit_decorator.py took 0.050 seconds
[2026-04-29T09:25:17.373+0200] {processor.py:161} INFO - Started process (PID=82177) to work on /Users/pablofrancoherrero/prueba_tecnica/venv/lib/python3.11/site-packages/airflow/example_dags/example_short_circuit_decorator.py
[2026-04-29T09:25:17.374+0200] {processor.py:830} INFO - Processing file /Users/pablofrancoherrero/prueba_tecnica/venv/lib/python3.11/site-packages/airflow/example_dags/example_short_circuit_decorator.py for tasks to queue
[2026-04-29T09:25:17.374+0200] {logging_mixin.py:188} INFO - [2026-04-29T09:25:17.374+0200] {dagbag.py:540} INFO - Filling up the DagBag from /Users/pablofrancoherrero/prueba_tecnica/venv/lib/python3.11/site-packages/airflow/example_dags/example_short_circuit_decorator.py
[2026-04-29T09:25:17.386+0200] {processor.py:840} INFO - DAG(s) 'example_short_circuit_decorator' retrieved from /Users/pablofrancoherrero/prueba_tecnica/venv/lib/python3.11/site-packages/airflow/example_dags/example_short_circuit_decorator.py
[2026-04-29T09:25:17.413+0200] {logging_mixin.py:188} INFO - [2026-04-29T09:25:17.412+0200] {dag.py:3096} INFO - Sync 1 DAGs
[2026-04-29T09:25:17.417+0200] {logging_mixin.py:188} INFO - [2026-04-29T09:25:17.417+0200] {dag.py:3954} INFO - Setting next_dagrun for example_short_circuit_decorator to 2026-04-28 00:00:00+00:00, run_after=2026-04-29 00:00:00+00:00
[2026-04-29T09:25:17.422+0200] {processor.py:183} INFO - Processing /Users/pablofrancoherrero/prueba_tecnica/venv/lib/python3.11/site-packages/airflow/example_dags/example_short_circuit_decorator.py took 0.049 seconds
[2026-04-29T09:26:41.481+0200] {processor.py:161} INFO - Started process (PID=82309) to work on /Users/pablofrancoherrero/prueba_tecnica/venv/lib/python3.11/site-packages/airflow/example_dags/example_short_circuit_decorator.py
[2026-04-29T09:26:41.481+0200] {processor.py:830} INFO - Processing file /Users/pablofrancoherrero/prueba_tecnica/venv/lib/python3.11/site-packages/airflow/example_dags/example_short_circuit_decorator.py for tasks to queue
[2026-04-29T09:26:41.482+0200] {logging_mixin.py:188} INFO - [2026-04-29T09:26:41.481+0200] {dagbag.py:540} INFO - Filling up the DagBag from /Users/pablofrancoherrero/prueba_tecnica/venv/lib/python3.11/site-packages/airflow/example_dags/example_short_circuit_decorator.py
[2026-04-29T09:26:41.493+0200] {processor.py:840} INFO - DAG(s) 'example_short_circuit_decorator' retrieved from /Users/pablofrancoherrero/prueba_tecnica/venv/lib/python3.11/site-packages/airflow/example_dags/example_short_circuit_decorator.py
[2026-04-29T09:26:41.520+0200] {logging_mixin.py:188} INFO - [2026-04-29T09:26:41.520+0200] {dag.py:3096} INFO - Sync 1 DAGs
[2026-04-29T09:26:41.524+0200] {logging_mixin.py:188} INFO - [2026-04-29T09:26:41.524+0200] {dag.py:3954} INFO - Setting next_dagrun for example_short_circuit_decorator to 2026-04-28 00:00:00+00:00, run_after=2026-04-29 00:00:00+00:00
[2026-04-29T09:26:41.529+0200] {processor.py:183} INFO - Processing /Users/pablofrancoherrero/prueba_tecnica/venv/lib/python3.11/site-packages/airflow/example_dags/example_short_circuit_decorator.py took 0.049 seconds
[2026-04-29T09:28:03.337+0200] {processor.py:161} INFO - Started process (PID=82407) to work on /Users/pablofrancoherrero/prueba_tecnica/venv/lib/python3.11/site-packages/airflow/example_dags/example_short_circuit_decorator.py
[2026-04-29T09:28:03.337+0200] {processor.py:830} INFO - Processing file /Users/pablofrancoherrero/prueba_tecnica/venv/lib/python3.11/site-packages/airflow/example_dags/example_short_circuit_decorator.py for tasks to queue
[2026-04-29T09:28:03.337+0200] {logging_mixin.py:188} INFO - [2026-04-29T09:28:03.337+0200] {dagbag.py:540} INFO - Filling up the DagBag from /Users/pablofrancoherrero/prueba_tecnica/venv/lib/python3.11/site-packages/airflow/example_dags/example_short_circuit_decorator.py
[2026-04-29T09:28:03.349+0200] {processor.py:840} INFO - DAG(s) 'example_short_circuit_decorator' retrieved from /Users/pablofrancoherrero/prueba_tecnica/venv/lib/python3.11/site-packages/airflow/example_dags/example_short_circuit_decorator.py
[2026-04-29T09:28:03.375+0200] {logging_mixin.py:188} INFO - [2026-04-29T09:28:03.375+0200] {dag.py:3096} INFO - Sync 1 DAGs
[2026-04-29T09:28:03.380+0200] {logging_mixin.py:188} INFO - [2026-04-29T09:28:03.380+0200] {dag.py:3954} INFO - Setting next_dagrun for example_short_circuit_decorator to 2026-04-28 00:00:00+00:00, run_after=2026-04-29 00:00:00+00:00
[2026-04-29T09:28:03.384+0200] {processor.py:183} INFO - Processing /Users/pablofrancoherrero/prueba_tecnica/venv/lib/python3.11/site-packages/airflow/example_dags/example_short_circuit_decorator.py took 0.048 seconds
[2026-04-29T09:29:24.760+0200] {processor.py:161} INFO - Started process (PID=82500) to work on /Users/pablofrancoherrero/prueba_tecnica/venv/lib/python3.11/site-packages/airflow/example_dags/example_short_circuit_decorator.py
[2026-04-29T09:29:24.760+0200] {processor.py:830} INFO - Processing file /Users/pablofrancoherrero/prueba_tecnica/venv/lib/python3.11/site-packages/airflow/example_dags/example_short_circuit_decorator.py for tasks to queue
[2026-04-29T09:29:24.760+0200] {logging_mixin.py:188} INFO - [2026-04-29T09:29:24.760+0200] {dagbag.py:540} INFO - Filling up the DagBag from /Users/pablofrancoherrero/prueba_tecnica/venv/lib/python3.11/site-packages/airflow/example_dags/example_short_circuit_decorator.py
[2026-04-29T09:29:24.772+0200] {processor.py:840} INFO - DAG(s) 'example_short_circuit_decorator' retrieved from /Users/pablofrancoherrero/prueba_tecnica/venv/lib/python3.11/site-packages/airflow/example_dags/example_short_circuit_decorator.py
[2026-04-29T09:29:24.799+0200] {logging_mixin.py:188} INFO - [2026-04-29T09:29:24.799+0200] {dag.py:3096} INFO - Sync 1 DAGs
[2026-04-29T09:29:24.804+0200] {logging_mixin.py:188} INFO - [2026-04-29T09:29:24.803+0200] {dag.py:3954} INFO - Setting next_dagrun for example_short_circuit_decorator to 2026-04-28 00:00:00+00:00, run_after=2026-04-29 00:00:00+00:00
[2026-04-29T09:29:24.808+0200] {processor.py:183} INFO - Processing /Users/pablofrancoherrero/prueba_tecnica/venv/lib/python3.11/site-packages/airflow/example_dags/example_short_circuit_decorator.py took 0.050 seconds
[2026-04-29T09:30:46.730+0200] {processor.py:161} INFO - Started process (PID=82618) to work on /Users/pablofrancoherrero/prueba_tecnica/venv/lib/python3.11/site-packages/airflow/example_dags/example_short_circuit_decorator.py
[2026-04-29T09:30:46.730+0200] {processor.py:830} INFO - Processing file /Users/pablofrancoherrero/prueba_tecnica/venv/lib/python3.11/site-packages/airflow/example_dags/example_short_circuit_decorator.py for tasks to queue
[2026-04-29T09:30:46.731+0200] {logging_mixin.py:188} INFO - [2026-04-29T09:30:46.730+0200] {dagbag.py:540} INFO - Filling up the DagBag from /Users/pablofrancoherrero/prueba_tecnica/venv/lib/python3.11/site-packages/airflow/example_dags/example_short_circuit_decorator.py
[2026-04-29T09:30:46.742+0200] {processor.py:840} INFO - DAG(s) 'example_short_circuit_decorator' retrieved from /Users/pablofrancoherrero/prueba_tecnica/venv/lib/python3.11/site-packages/airflow/example_dags/example_short_circuit_decorator.py
[2026-04-29T09:30:46.769+0200] {logging_mixin.py:188} INFO - [2026-04-29T09:30:46.769+0200] {dag.py:3096} INFO - Sync 1 DAGs
[2026-04-29T09:30:46.774+0200] {logging_mixin.py:188} INFO - [2026-04-29T09:30:46.774+0200] {dag.py:3954} INFO - Setting next_dagrun for example_short_circuit_decorator to 2026-04-28 00:00:00+00:00, run_after=2026-04-29 00:00:00+00:00
[2026-04-29T09:30:46.778+0200] {processor.py:183} INFO - Processing /Users/pablofrancoherrero/prueba_tecnica/venv/lib/python3.11/site-packages/airflow/example_dags/example_short_circuit_decorator.py took 0.049 seconds
[2026-04-29T09:32:10.340+0200] {processor.py:161} INFO - Started process (PID=82715) to work on /Users/pablofrancoherrero/prueba_tecnica/venv/lib/python3.11/site-packages/airflow/example_dags/example_short_circuit_decorator.py
[2026-04-29T09:32:10.341+0200] {processor.py:830} INFO - Processing file /Users/pablofrancoherrero/prueba_tecnica/venv/lib/python3.11/site-packages/airflow/example_dags/example_short_circuit_decorator.py for tasks to queue
[2026-04-29T09:32:10.341+0200] {logging_mixin.py:188} INFO - [2026-04-29T09:32:10.341+0200] {dagbag.py:540} INFO - Filling up the DagBag from /Users/pablofrancoherrero/prueba_tecnica/venv/lib/python3.11/site-packages/airflow/example_dags/example_short_circuit_decorator.py
[2026-04-29T09:32:10.353+0200] {processor.py:840} INFO - DAG(s) 'example_short_circuit_decorator' retrieved from /Users/pablofrancoherrero/prueba_tecnica/venv/lib/python3.11/site-packages/airflow/example_dags/example_short_circuit_decorator.py
[2026-04-29T09:32:10.380+0200] {logging_mixin.py:188} INFO - [2026-04-29T09:32:10.380+0200] {dag.py:3096} INFO - Sync 1 DAGs
[2026-04-29T09:32:10.385+0200] {logging_mixin.py:188} INFO - [2026-04-29T09:32:10.385+0200] {dag.py:3954} INFO - Setting next_dagrun for example_short_circuit_decorator to 2026-04-28 00:00:00+00:00, run_after=2026-04-29 00:00:00+00:00
[2026-04-29T09:32:10.390+0200] {processor.py:183} INFO - Processing /Users/pablofrancoherrero/prueba_tecnica/venv/lib/python3.11/site-packages/airflow/example_dags/example_short_circuit_decorator.py took 0.050 seconds
[2026-04-29T09:33:31.783+0200] {processor.py:161} INFO - Started process (PID=82803) to work on /Users/pablofrancoherrero/prueba_tecnica/venv/lib/python3.11/site-packages/airflow/example_dags/example_short_circuit_decorator.py
[2026-04-29T09:33:31.783+0200] {processor.py:830} INFO - Processing file /Users/pablofrancoherrero/prueba_tecnica/venv/lib/python3.11/site-packages/airflow/example_dags/example_short_circuit_decorator.py for tasks to queue
[2026-04-29T09:33:31.784+0200] {logging_mixin.py:188} INFO - [2026-04-29T09:33:31.784+0200] {dagbag.py:540} INFO - Filling up the DagBag from /Users/pablofrancoherrero/prueba_tecnica/venv/lib/python3.11/site-packages/airflow/example_dags/example_short_circuit_decorator.py
[2026-04-29T09:33:31.795+0200] {processor.py:840} INFO - DAG(s) 'example_short_circuit_decorator' retrieved from /Users/pablofrancoherrero/prueba_tecnica/venv/lib/python3.11/site-packages/airflow/example_dags/example_short_circuit_decorator.py
[2026-04-29T09:33:31.821+0200] {logging_mixin.py:188} INFO - [2026-04-29T09:33:31.821+0200] {dag.py:3096} INFO - Sync 1 DAGs
[2026-04-29T09:33:31.826+0200] {logging_mixin.py:188} INFO - [2026-04-29T09:33:31.826+0200] {dag.py:3954} INFO - Setting next_dagrun for example_short_circuit_decorator to 2026-04-28 00:00:00+00:00, run_after=2026-04-29 00:00:00+00:00
[2026-04-29T09:33:31.830+0200] {processor.py:183} INFO - Processing /Users/pablofrancoherrero/prueba_tecnica/venv/lib/python3.11/site-packages/airflow/example_dags/example_short_circuit_decorator.py took 0.048 seconds
[2026-04-29T09:34:54.828+0200] {processor.py:161} INFO - Started process (PID=82896) to work on /Users/pablofrancoherrero/prueba_tecnica/venv/lib/python3.11/site-packages/airflow/example_dags/example_short_circuit_decorator.py
[2026-04-29T09:34:54.829+0200] {processor.py:830} INFO - Processing file /Users/pablofrancoherrero/prueba_tecnica/venv/lib/python3.11/site-packages/airflow/example_dags/example_short_circuit_decorator.py for tasks to queue
[2026-04-29T09:34:54.829+0200] {logging_mixin.py:188} INFO - [2026-04-29T09:34:54.829+0200] {dagbag.py:540} INFO - Filling up the DagBag from /Users/pablofrancoherrero/prueba_tecnica/venv/lib/python3.11/site-packages/airflow/example_dags/example_short_circuit_decorator.py
[2026-04-29T09:34:54.841+0200] {processor.py:840} INFO - DAG(s) 'example_short_circuit_decorator' retrieved from /Users/pablofrancoherrero/prueba_tecnica/venv/lib/python3.11/site-packages/airflow/example_dags/example_short_circuit_decorator.py
[2026-04-29T09:34:54.867+0200] {logging_mixin.py:188} INFO - [2026-04-29T09:34:54.867+0200] {dag.py:3096} INFO - Sync 1 DAGs
[2026-04-29T09:34:54.872+0200] {logging_mixin.py:188} INFO - [2026-04-29T09:34:54.872+0200] {dag.py:3954} INFO - Setting next_dagrun for example_short_circuit_decorator to 2026-04-28 00:00:00+00:00, run_after=2026-04-29 00:00:00+00:00
[2026-04-29T09:34:54.877+0200] {processor.py:183} INFO - Processing /Users/pablofrancoherrero/prueba_tecnica/venv/lib/python3.11/site-packages/airflow/example_dags/example_short_circuit_decorator.py took 0.049 seconds
[2026-04-29T09:36:16.465+0200] {processor.py:161} INFO - Started process (PID=82999) to work on /Users/pablofrancoherrero/prueba_tecnica/venv/lib/python3.11/site-packages/airflow/example_dags/example_short_circuit_decorator.py
[2026-04-29T09:36:16.466+0200] {processor.py:830} INFO - Processing file /Users/pablofrancoherrero/prueba_tecnica/venv/lib/python3.11/site-packages/airflow/example_dags/example_short_circuit_decorator.py for tasks to queue
[2026-04-29T09:36:16.466+0200] {logging_mixin.py:188} INFO - [2026-04-29T09:36:16.466+0200] {dagbag.py:540} INFO - Filling up the DagBag from /Users/pablofrancoherrero/prueba_tecnica/venv/lib/python3.11/site-packages/airflow/example_dags/example_short_circuit_decorator.py
[2026-04-29T09:36:16.477+0200] {processor.py:840} INFO - DAG(s) 'example_short_circuit_decorator' retrieved from /Users/pablofrancoherrero/prueba_tecnica/venv/lib/python3.11/site-packages/airflow/example_dags/example_short_circuit_decorator.py
[2026-04-29T09:36:16.504+0200] {logging_mixin.py:188} INFO - [2026-04-29T09:36:16.503+0200] {dag.py:3096} INFO - Sync 1 DAGs
[2026-04-29T09:36:16.508+0200] {logging_mixin.py:188} INFO - [2026-04-29T09:36:16.508+0200] {dag.py:3954} INFO - Setting next_dagrun for example_short_circuit_decorator to 2026-04-28 00:00:00+00:00, run_after=2026-04-29 00:00:00+00:00
[2026-04-29T09:36:16.512+0200] {processor.py:183} INFO - Processing /Users/pablofrancoherrero/prueba_tecnica/venv/lib/python3.11/site-packages/airflow/example_dags/example_short_circuit_decorator.py took 0.048 seconds
[2026-04-29T09:39:04.586+0200] {processor.py:161} INFO - Started process (PID=83086) to work on /Users/pablofrancoherrero/prueba_tecnica/venv/lib/python3.11/site-packages/airflow/example_dags/example_short_circuit_decorator.py
[2026-04-29T09:39:04.587+0200] {processor.py:830} INFO - Processing file /Users/pablofrancoherrero/prueba_tecnica/venv/lib/python3.11/site-packages/airflow/example_dags/example_short_circuit_decorator.py for tasks to queue
[2026-04-29T09:39:04.587+0200] {logging_mixin.py:188} INFO - [2026-04-29T09:39:04.587+0200] {dagbag.py:540} INFO - Filling up the DagBag from /Users/pablofrancoherrero/prueba_tecnica/venv/lib/python3.11/site-packages/airflow/example_dags/example_short_circuit_decorator.py
[2026-04-29T09:39:04.600+0200] {processor.py:840} INFO - DAG(s) 'example_short_circuit_decorator' retrieved from /Users/pablofrancoherrero/prueba_tecnica/venv/lib/python3.11/site-packages/airflow/example_dags/example_short_circuit_decorator.py
[2026-04-29T09:39:04.626+0200] {logging_mixin.py:188} INFO - [2026-04-29T09:39:04.626+0200] {dag.py:3096} INFO - Sync 1 DAGs
[2026-04-29T09:39:04.631+0200] {logging_mixin.py:188} INFO - [2026-04-29T09:39:04.630+0200] {dag.py:3954} INFO - Setting next_dagrun for example_short_circuit_decorator to 2026-04-28 00:00:00+00:00, run_after=2026-04-29 00:00:00+00:00
[2026-04-29T09:39:04.635+0200] {processor.py:183} INFO - Processing /Users/pablofrancoherrero/prueba_tecnica/venv/lib/python3.11/site-packages/airflow/example_dags/example_short_circuit_decorator.py took 0.050 seconds
[2026-04-29T09:45:55.149+0200] {processor.py:161} INFO - Started process (PID=83212) to work on /Users/pablofrancoherrero/prueba_tecnica/venv/lib/python3.11/site-packages/airflow/example_dags/example_short_circuit_decorator.py
[2026-04-29T09:45:55.149+0200] {processor.py:830} INFO - Processing file /Users/pablofrancoherrero/prueba_tecnica/venv/lib/python3.11/site-packages/airflow/example_dags/example_short_circuit_decorator.py for tasks to queue
[2026-04-29T09:45:55.149+0200] {logging_mixin.py:188} INFO - [2026-04-29T09:45:55.149+0200] {dagbag.py:540} INFO - Filling up the DagBag from /Users/pablofrancoherrero/prueba_tecnica/venv/lib/python3.11/site-packages/airflow/example_dags/example_short_circuit_decorator.py
[2026-04-29T09:45:55.161+0200] {processor.py:840} INFO - DAG(s) 'example_short_circuit_decorator' retrieved from /Users/pablofrancoherrero/prueba_tecnica/venv/lib/python3.11/site-packages/airflow/example_dags/example_short_circuit_decorator.py
[2026-04-29T09:45:55.187+0200] {logging_mixin.py:188} INFO - [2026-04-29T09:45:55.187+0200] {dag.py:3096} INFO - Sync 1 DAGs
[2026-04-29T09:45:55.191+0200] {logging_mixin.py:188} INFO - [2026-04-29T09:45:55.191+0200] {dag.py:3954} INFO - Setting next_dagrun for example_short_circuit_decorator to 2026-04-28 00:00:00+00:00, run_after=2026-04-29 00:00:00+00:00
[2026-04-29T09:45:55.195+0200] {processor.py:183} INFO - Processing /Users/pablofrancoherrero/prueba_tecnica/venv/lib/python3.11/site-packages/airflow/example_dags/example_short_circuit_decorator.py took 0.048 seconds
[2026-04-29T09:47:21.830+0200] {processor.py:161} INFO - Started process (PID=83271) to work on /Users/pablofrancoherrero/prueba_tecnica/venv/lib/python3.11/site-packages/airflow/example_dags/example_short_circuit_decorator.py
[2026-04-29T09:47:21.831+0200] {processor.py:830} INFO - Processing file /Users/pablofrancoherrero/prueba_tecnica/venv/lib/python3.11/site-packages/airflow/example_dags/example_short_circuit_decorator.py for tasks to queue
[2026-04-29T09:47:21.831+0200] {logging_mixin.py:188} INFO - [2026-04-29T09:47:21.831+0200] {dagbag.py:540} INFO - Filling up the DagBag from /Users/pablofrancoherrero/prueba_tecnica/venv/lib/python3.11/site-packages/airflow/example_dags/example_short_circuit_decorator.py
[2026-04-29T09:47:21.843+0200] {processor.py:840} INFO - DAG(s) 'example_short_circuit_decorator' retrieved from /Users/pablofrancoherrero/prueba_tecnica/venv/lib/python3.11/site-packages/airflow/example_dags/example_short_circuit_decorator.py
[2026-04-29T09:47:21.868+0200] {logging_mixin.py:188} INFO - [2026-04-29T09:47:21.868+0200] {dag.py:3096} INFO - Sync 1 DAGs
[2026-04-29T09:47:21.872+0200] {logging_mixin.py:188} INFO - [2026-04-29T09:47:21.872+0200] {dag.py:3954} INFO - Setting next_dagrun for example_short_circuit_decorator to 2026-04-28 00:00:00+00:00, run_after=2026-04-29 00:00:00+00:00
[2026-04-29T09:47:21.877+0200] {processor.py:183} INFO - Processing /Users/pablofrancoherrero/prueba_tecnica/venv/lib/python3.11/site-packages/airflow/example_dags/example_short_circuit_decorator.py took 0.048 seconds
[2026-04-29T10:00:36.826+0200] {processor.py:161} INFO - Started process (PID=83381) to work on /Users/pablofrancoherrero/prueba_tecnica/venv/lib/python3.11/site-packages/airflow/example_dags/example_short_circuit_decorator.py
[2026-04-29T10:00:36.826+0200] {processor.py:830} INFO - Processing file /Users/pablofrancoherrero/prueba_tecnica/venv/lib/python3.11/site-packages/airflow/example_dags/example_short_circuit_decorator.py for tasks to queue
[2026-04-29T10:00:36.826+0200] {logging_mixin.py:188} INFO - [2026-04-29T10:00:36.826+0200] {dagbag.py:540} INFO - Filling up the DagBag from /Users/pablofrancoherrero/prueba_tecnica/venv/lib/python3.11/site-packages/airflow/example_dags/example_short_circuit_decorator.py
[2026-04-29T10:00:36.838+0200] {processor.py:840} INFO - DAG(s) 'example_short_circuit_decorator' retrieved from /Users/pablofrancoherrero/prueba_tecnica/venv/lib/python3.11/site-packages/airflow/example_dags/example_short_circuit_decorator.py
[2026-04-29T10:00:36.863+0200] {logging_mixin.py:188} INFO - [2026-04-29T10:00:36.863+0200] {dag.py:3096} INFO - Sync 1 DAGs
[2026-04-29T10:00:36.867+0200] {logging_mixin.py:188} INFO - [2026-04-29T10:00:36.867+0200] {dag.py:3954} INFO - Setting next_dagrun for example_short_circuit_decorator to 2026-04-28 00:00:00+00:00, run_after=2026-04-29 00:00:00+00:00
[2026-04-29T10:00:36.879+0200] {processor.py:183} INFO - Processing /Users/pablofrancoherrero/prueba_tecnica/venv/lib/python3.11/site-packages/airflow/example_dags/example_short_circuit_decorator.py took 0.055 seconds
[2026-04-29T10:32:27.637+0200] {processor.py:161} INFO - Started process (PID=83585) to work on /Users/pablofrancoherrero/prueba_tecnica/venv/lib/python3.11/site-packages/airflow/example_dags/example_short_circuit_decorator.py
[2026-04-29T10:32:27.638+0200] {processor.py:830} INFO - Processing file /Users/pablofrancoherrero/prueba_tecnica/venv/lib/python3.11/site-packages/airflow/example_dags/example_short_circuit_decorator.py for tasks to queue
[2026-04-29T10:32:27.639+0200] {logging_mixin.py:188} INFO - [2026-04-29T10:32:27.638+0200] {dagbag.py:540} INFO - Filling up the DagBag from /Users/pablofrancoherrero/prueba_tecnica/venv/lib/python3.11/site-packages/airflow/example_dags/example_short_circuit_decorator.py
[2026-04-29T10:32:27.650+0200] {processor.py:840} INFO - DAG(s) 'example_short_circuit_decorator' retrieved from /Users/pablofrancoherrero/prueba_tecnica/venv/lib/python3.11/site-packages/airflow/example_dags/example_short_circuit_decorator.py
[2026-04-29T10:32:27.676+0200] {logging_mixin.py:188} INFO - [2026-04-29T10:32:27.676+0200] {dag.py:3096} INFO - Sync 1 DAGs
[2026-04-29T10:32:27.680+0200] {logging_mixin.py:188} INFO - [2026-04-29T10:32:27.680+0200] {dag.py:3954} INFO - Setting next_dagrun for example_short_circuit_decorator to 2026-04-28 00:00:00+00:00, run_after=2026-04-29 00:00:00+00:00
[2026-04-29T10:32:27.684+0200] {processor.py:183} INFO - Processing /Users/pablofrancoherrero/prueba_tecnica/venv/lib/python3.11/site-packages/airflow/example_dags/example_short_circuit_decorator.py took 0.048 seconds
[2026-04-29T10:49:16.674+0200] {processor.py:161} INFO - Started process (PID=83746) to work on /Users/pablofrancoherrero/prueba_tecnica/venv/lib/python3.11/site-packages/airflow/example_dags/example_short_circuit_decorator.py
[2026-04-29T10:49:16.674+0200] {processor.py:830} INFO - Processing file /Users/pablofrancoherrero/prueba_tecnica/venv/lib/python3.11/site-packages/airflow/example_dags/example_short_circuit_decorator.py for tasks to queue
[2026-04-29T10:49:16.675+0200] {logging_mixin.py:188} INFO - [2026-04-29T10:49:16.675+0200] {dagbag.py:540} INFO - Filling up the DagBag from /Users/pablofrancoherrero/prueba_tecnica/venv/lib/python3.11/site-packages/airflow/example_dags/example_short_circuit_decorator.py
[2026-04-29T10:49:16.688+0200] {processor.py:840} INFO - DAG(s) 'example_short_circuit_decorator' retrieved from /Users/pablofrancoherrero/prueba_tecnica/venv/lib/python3.11/site-packages/airflow/example_dags/example_short_circuit_decorator.py
[2026-04-29T10:49:16.715+0200] {logging_mixin.py:188} INFO - [2026-04-29T10:49:16.715+0200] {dag.py:3096} INFO - Sync 1 DAGs
[2026-04-29T10:49:16.719+0200] {logging_mixin.py:188} INFO - [2026-04-29T10:49:16.719+0200] {dag.py:3954} INFO - Setting next_dagrun for example_short_circuit_decorator to 2026-04-28 00:00:00+00:00, run_after=2026-04-29 00:00:00+00:00
[2026-04-29T10:49:16.725+0200] {processor.py:183} INFO - Processing /Users/pablofrancoherrero/prueba_tecnica/venv/lib/python3.11/site-packages/airflow/example_dags/example_short_circuit_decorator.py took 0.052 seconds
[2026-04-29T11:06:45.939+0200] {processor.py:161} INFO - Started process (PID=83867) to work on /Users/pablofrancoherrero/prueba_tecnica/venv/lib/python3.11/site-packages/airflow/example_dags/example_short_circuit_decorator.py
[2026-04-29T11:06:45.940+0200] {processor.py:830} INFO - Processing file /Users/pablofrancoherrero/prueba_tecnica/venv/lib/python3.11/site-packages/airflow/example_dags/example_short_circuit_decorator.py for tasks to queue
[2026-04-29T11:06:45.940+0200] {logging_mixin.py:188} INFO - [2026-04-29T11:06:45.940+0200] {dagbag.py:540} INFO - Filling up the DagBag from /Users/pablofrancoherrero/prueba_tecnica/venv/lib/python3.11/site-packages/airflow/example_dags/example_short_circuit_decorator.py
[2026-04-29T11:06:45.952+0200] {processor.py:840} INFO - DAG(s) 'example_short_circuit_decorator' retrieved from /Users/pablofrancoherrero/prueba_tecnica/venv/lib/python3.11/site-packages/airflow/example_dags/example_short_circuit_decorator.py
[2026-04-29T11:06:45.978+0200] {logging_mixin.py:188} INFO - [2026-04-29T11:06:45.978+0200] {dag.py:3096} INFO - Sync 1 DAGs
[2026-04-29T11:06:45.983+0200] {logging_mixin.py:188} INFO - [2026-04-29T11:06:45.982+0200] {dag.py:3954} INFO - Setting next_dagrun for example_short_circuit_decorator to 2026-04-28 00:00:00+00:00, run_after=2026-04-29 00:00:00+00:00
[2026-04-29T11:06:45.987+0200] {processor.py:183} INFO - Processing /Users/pablofrancoherrero/prueba_tecnica/venv/lib/python3.11/site-packages/airflow/example_dags/example_short_circuit_decorator.py took 0.049 seconds
[2026-04-29T11:23:25.257+0200] {processor.py:161} INFO - Started process (PID=84011) to work on /Users/pablofrancoherrero/prueba_tecnica/venv/lib/python3.11/site-packages/airflow/example_dags/example_short_circuit_decorator.py
[2026-04-29T11:23:25.257+0200] {processor.py:830} INFO - Processing file /Users/pablofrancoherrero/prueba_tecnica/venv/lib/python3.11/site-packages/airflow/example_dags/example_short_circuit_decorator.py for tasks to queue
[2026-04-29T11:23:25.258+0200] {logging_mixin.py:188} INFO - [2026-04-29T11:23:25.258+0200] {dagbag.py:540} INFO - Filling up the DagBag from /Users/pablofrancoherrero/prueba_tecnica/venv/lib/python3.11/site-packages/airflow/example_dags/example_short_circuit_decorator.py
[2026-04-29T11:23:25.270+0200] {processor.py:840} INFO - DAG(s) 'example_short_circuit_decorator' retrieved from /Users/pablofrancoherrero/prueba_tecnica/venv/lib/python3.11/site-packages/airflow/example_dags/example_short_circuit_decorator.py
[2026-04-29T11:23:25.298+0200] {logging_mixin.py:188} INFO - [2026-04-29T11:23:25.298+0200] {dag.py:3096} INFO - Sync 1 DAGs
[2026-04-29T11:23:25.302+0200] {logging_mixin.py:188} INFO - [2026-04-29T11:23:25.302+0200] {dag.py:3954} INFO - Setting next_dagrun for example_short_circuit_decorator to 2026-04-28 00:00:00+00:00, run_after=2026-04-29 00:00:00+00:00
[2026-04-29T11:23:25.307+0200] {processor.py:183} INFO - Processing /Users/pablofrancoherrero/prueba_tecnica/venv/lib/python3.11/site-packages/airflow/example_dags/example_short_circuit_decorator.py took 0.050 seconds
[2026-04-29T11:24:42.904+0200] {processor.py:161} INFO - Started process (PID=84118) to work on /Users/pablofrancoherrero/prueba_tecnica/venv/lib/python3.11/site-packages/airflow/example_dags/example_short_circuit_decorator.py
[2026-04-29T11:24:42.904+0200] {processor.py:830} INFO - Processing file /Users/pablofrancoherrero/prueba_tecnica/venv/lib/python3.11/site-packages/airflow/example_dags/example_short_circuit_decorator.py for tasks to queue
[2026-04-29T11:24:42.904+0200] {logging_mixin.py:188} INFO - [2026-04-29T11:24:42.904+0200] {dagbag.py:540} INFO - Filling up the DagBag from /Users/pablofrancoherrero/prueba_tecnica/venv/lib/python3.11/site-packages/airflow/example_dags/example_short_circuit_decorator.py
[2026-04-29T11:24:42.916+0200] {processor.py:840} INFO - DAG(s) 'example_short_circuit_decorator' retrieved from /Users/pablofrancoherrero/prueba_tecnica/venv/lib/python3.11/site-packages/airflow/example_dags/example_short_circuit_decorator.py
[2026-04-29T11:24:42.942+0200] {logging_mixin.py:188} INFO - [2026-04-29T11:24:42.942+0200] {dag.py:3096} INFO - Sync 1 DAGs
[2026-04-29T11:24:42.946+0200] {logging_mixin.py:188} INFO - [2026-04-29T11:24:42.946+0200] {dag.py:3954} INFO - Setting next_dagrun for example_short_circuit_decorator to 2026-04-28 00:00:00+00:00, run_after=2026-04-29 00:00:00+00:00
[2026-04-29T11:24:42.951+0200] {processor.py:183} INFO - Processing /Users/pablofrancoherrero/prueba_tecnica/venv/lib/python3.11/site-packages/airflow/example_dags/example_short_circuit_decorator.py took 0.048 seconds
[2026-04-29T11:26:03.570+0200] {processor.py:161} INFO - Started process (PID=84220) to work on /Users/pablofrancoherrero/prueba_tecnica/venv/lib/python3.11/site-packages/airflow/example_dags/example_short_circuit_decorator.py
[2026-04-29T11:26:03.571+0200] {processor.py:830} INFO - Processing file /Users/pablofrancoherrero/prueba_tecnica/venv/lib/python3.11/site-packages/airflow/example_dags/example_short_circuit_decorator.py for tasks to queue
[2026-04-29T11:26:03.571+0200] {logging_mixin.py:188} INFO - [2026-04-29T11:26:03.571+0200] {dagbag.py:540} INFO - Filling up the DagBag from /Users/pablofrancoherrero/prueba_tecnica/venv/lib/python3.11/site-packages/airflow/example_dags/example_short_circuit_decorator.py
[2026-04-29T11:26:03.582+0200] {processor.py:840} INFO - DAG(s) 'example_short_circuit_decorator' retrieved from /Users/pablofrancoherrero/prueba_tecnica/venv/lib/python3.11/site-packages/airflow/example_dags/example_short_circuit_decorator.py
[2026-04-29T11:26:03.608+0200] {logging_mixin.py:188} INFO - [2026-04-29T11:26:03.607+0200] {dag.py:3096} INFO - Sync 1 DAGs
[2026-04-29T11:26:03.612+0200] {logging_mixin.py:188} INFO - [2026-04-29T11:26:03.612+0200] {dag.py:3954} INFO - Setting next_dagrun for example_short_circuit_decorator to 2026-04-28 00:00:00+00:00, run_after=2026-04-29 00:00:00+00:00
[2026-04-29T11:26:03.616+0200] {processor.py:183} INFO - Processing /Users/pablofrancoherrero/prueba_tecnica/venv/lib/python3.11/site-packages/airflow/example_dags/example_short_circuit_decorator.py took 0.047 seconds
[2026-04-29T11:32:22.457+0200] {processor.py:161} INFO - Started process (PID=84356) to work on /Users/pablofrancoherrero/prueba_tecnica/venv/lib/python3.11/site-packages/airflow/example_dags/example_short_circuit_decorator.py
[2026-04-29T11:32:22.458+0200] {processor.py:830} INFO - Processing file /Users/pablofrancoherrero/prueba_tecnica/venv/lib/python3.11/site-packages/airflow/example_dags/example_short_circuit_decorator.py for tasks to queue
[2026-04-29T11:32:22.458+0200] {logging_mixin.py:188} INFO - [2026-04-29T11:32:22.458+0200] {dagbag.py:540} INFO - Filling up the DagBag from /Users/pablofrancoherrero/prueba_tecnica/venv/lib/python3.11/site-packages/airflow/example_dags/example_short_circuit_decorator.py
[2026-04-29T11:32:22.470+0200] {processor.py:840} INFO - DAG(s) 'example_short_circuit_decorator' retrieved from /Users/pablofrancoherrero/prueba_tecnica/venv/lib/python3.11/site-packages/airflow/example_dags/example_short_circuit_decorator.py
[2026-04-29T11:32:22.494+0200] {logging_mixin.py:188} INFO - [2026-04-29T11:32:22.494+0200] {dag.py:3096} INFO - Sync 1 DAGs
[2026-04-29T11:32:22.499+0200] {logging_mixin.py:188} INFO - [2026-04-29T11:32:22.498+0200] {dag.py:3954} INFO - Setting next_dagrun for example_short_circuit_decorator to 2026-04-28 00:00:00+00:00, run_after=2026-04-29 00:00:00+00:00
[2026-04-29T11:32:22.503+0200] {processor.py:183} INFO - Processing /Users/pablofrancoherrero/prueba_tecnica/venv/lib/python3.11/site-packages/airflow/example_dags/example_short_circuit_decorator.py took 0.047 seconds
[2026-04-29T11:48:02.260+0200] {processor.py:161} INFO - Started process (PID=84494) to work on /Users/pablofrancoherrero/prueba_tecnica/venv/lib/python3.11/site-packages/airflow/example_dags/example_short_circuit_decorator.py
[2026-04-29T11:48:02.260+0200] {processor.py:830} INFO - Processing file /Users/pablofrancoherrero/prueba_tecnica/venv/lib/python3.11/site-packages/airflow/example_dags/example_short_circuit_decorator.py for tasks to queue
[2026-04-29T11:48:02.260+0200] {logging_mixin.py:188} INFO - [2026-04-29T11:48:02.260+0200] {dagbag.py:540} INFO - Filling up the DagBag from /Users/pablofrancoherrero/prueba_tecnica/venv/lib/python3.11/site-packages/airflow/example_dags/example_short_circuit_decorator.py
[2026-04-29T11:48:02.273+0200] {processor.py:840} INFO - DAG(s) 'example_short_circuit_decorator' retrieved from /Users/pablofrancoherrero/prueba_tecnica/venv/lib/python3.11/site-packages/airflow/example_dags/example_short_circuit_decorator.py
[2026-04-29T11:48:02.299+0200] {logging_mixin.py:188} INFO - [2026-04-29T11:48:02.299+0200] {dag.py:3096} INFO - Sync 1 DAGs
[2026-04-29T11:48:02.303+0200] {logging_mixin.py:188} INFO - [2026-04-29T11:48:02.303+0200] {dag.py:3954} INFO - Setting next_dagrun for example_short_circuit_decorator to 2026-04-28 00:00:00+00:00, run_after=2026-04-29 00:00:00+00:00
[2026-04-29T11:48:02.308+0200] {processor.py:183} INFO - Processing /Users/pablofrancoherrero/prueba_tecnica/venv/lib/python3.11/site-packages/airflow/example_dags/example_short_circuit_decorator.py took 0.049 seconds
[2026-04-29T11:53:22.773+0200] {processor.py:161} INFO - Started process (PID=84592) to work on /Users/pablofrancoherrero/prueba_tecnica/venv/lib/python3.11/site-packages/airflow/example_dags/example_short_circuit_decorator.py
[2026-04-29T11:53:22.774+0200] {processor.py:830} INFO - Processing file /Users/pablofrancoherrero/prueba_tecnica/venv/lib/python3.11/site-packages/airflow/example_dags/example_short_circuit_decorator.py for tasks to queue
[2026-04-29T11:53:22.774+0200] {logging_mixin.py:188} INFO - [2026-04-29T11:53:22.774+0200] {dagbag.py:540} INFO - Filling up the DagBag from /Users/pablofrancoherrero/prueba_tecnica/venv/lib/python3.11/site-packages/airflow/example_dags/example_short_circuit_decorator.py
[2026-04-29T11:53:22.786+0200] {processor.py:840} INFO - DAG(s) 'example_short_circuit_decorator' retrieved from /Users/pablofrancoherrero/prueba_tecnica/venv/lib/python3.11/site-packages/airflow/example_dags/example_short_circuit_decorator.py
[2026-04-29T11:53:22.812+0200] {logging_mixin.py:188} INFO - [2026-04-29T11:53:22.812+0200] {dag.py:3096} INFO - Sync 1 DAGs
[2026-04-29T11:53:22.816+0200] {logging_mixin.py:188} INFO - [2026-04-29T11:53:22.816+0200] {dag.py:3954} INFO - Setting next_dagrun for example_short_circuit_decorator to 2026-04-28 00:00:00+00:00, run_after=2026-04-29 00:00:00+00:00
[2026-04-29T11:53:22.821+0200] {processor.py:183} INFO - Processing /Users/pablofrancoherrero/prueba_tecnica/venv/lib/python3.11/site-packages/airflow/example_dags/example_short_circuit_decorator.py took 0.049 seconds
[2026-04-29T12:03:52.579+0200] {processor.py:161} INFO - Started process (PID=84694) to work on /Users/pablofrancoherrero/prueba_tecnica/venv/lib/python3.11/site-packages/airflow/example_dags/example_short_circuit_decorator.py
[2026-04-29T12:03:52.580+0200] {processor.py:830} INFO - Processing file /Users/pablofrancoherrero/prueba_tecnica/venv/lib/python3.11/site-packages/airflow/example_dags/example_short_circuit_decorator.py for tasks to queue
[2026-04-29T12:03:52.580+0200] {logging_mixin.py:188} INFO - [2026-04-29T12:03:52.580+0200] {dagbag.py:540} INFO - Filling up the DagBag from /Users/pablofrancoherrero/prueba_tecnica/venv/lib/python3.11/site-packages/airflow/example_dags/example_short_circuit_decorator.py
[2026-04-29T12:03:52.592+0200] {processor.py:840} INFO - DAG(s) 'example_short_circuit_decorator' retrieved from /Users/pablofrancoherrero/prueba_tecnica/venv/lib/python3.11/site-packages/airflow/example_dags/example_short_circuit_decorator.py
[2026-04-29T12:03:52.617+0200] {logging_mixin.py:188} INFO - [2026-04-29T12:03:52.617+0200] {dag.py:3096} INFO - Sync 1 DAGs
[2026-04-29T12:03:52.621+0200] {logging_mixin.py:188} INFO - [2026-04-29T12:03:52.621+0200] {dag.py:3954} INFO - Setting next_dagrun for example_short_circuit_decorator to 2026-04-28 00:00:00+00:00, run_after=2026-04-29 00:00:00+00:00
[2026-04-29T12:03:52.626+0200] {processor.py:183} INFO - Processing /Users/pablofrancoherrero/prueba_tecnica/venv/lib/python3.11/site-packages/airflow/example_dags/example_short_circuit_decorator.py took 0.047 seconds
[2026-04-29T12:06:44.090+0200] {processor.py:161} INFO - Started process (PID=84848) to work on /Users/pablofrancoherrero/prueba_tecnica/venv/lib/python3.11/site-packages/airflow/example_dags/example_short_circuit_decorator.py
[2026-04-29T12:06:44.090+0200] {processor.py:830} INFO - Processing file /Users/pablofrancoherrero/prueba_tecnica/venv/lib/python3.11/site-packages/airflow/example_dags/example_short_circuit_decorator.py for tasks to queue
[2026-04-29T12:06:44.091+0200] {logging_mixin.py:188} INFO - [2026-04-29T12:06:44.091+0200] {dagbag.py:540} INFO - Filling up the DagBag from /Users/pablofrancoherrero/prueba_tecnica/venv/lib/python3.11/site-packages/airflow/example_dags/example_short_circuit_decorator.py
[2026-04-29T12:06:44.103+0200] {processor.py:840} INFO - DAG(s) 'example_short_circuit_decorator' retrieved from /Users/pablofrancoherrero/prueba_tecnica/venv/lib/python3.11/site-packages/airflow/example_dags/example_short_circuit_decorator.py
[2026-04-29T12:06:44.128+0200] {logging_mixin.py:188} INFO - [2026-04-29T12:06:44.127+0200] {dag.py:3096} INFO - Sync 1 DAGs
[2026-04-29T12:06:44.132+0200] {logging_mixin.py:188} INFO - [2026-04-29T12:06:44.132+0200] {dag.py:3954} INFO - Setting next_dagrun for example_short_circuit_decorator to 2026-04-28 00:00:00+00:00, run_after=2026-04-29 00:00:00+00:00
[2026-04-29T12:06:44.136+0200] {processor.py:183} INFO - Processing /Users/pablofrancoherrero/prueba_tecnica/venv/lib/python3.11/site-packages/airflow/example_dags/example_short_circuit_decorator.py took 0.047 seconds
[2026-04-29T12:08:12.554+0200] {processor.py:161} INFO - Started process (PID=84967) to work on /Users/pablofrancoherrero/prueba_tecnica/venv/lib/python3.11/site-packages/airflow/example_dags/example_short_circuit_decorator.py
[2026-04-29T12:08:12.555+0200] {processor.py:830} INFO - Processing file /Users/pablofrancoherrero/prueba_tecnica/venv/lib/python3.11/site-packages/airflow/example_dags/example_short_circuit_decorator.py for tasks to queue
[2026-04-29T12:08:12.555+0200] {logging_mixin.py:188} INFO - [2026-04-29T12:08:12.555+0200] {dagbag.py:540} INFO - Filling up the DagBag from /Users/pablofrancoherrero/prueba_tecnica/venv/lib/python3.11/site-packages/airflow/example_dags/example_short_circuit_decorator.py
[2026-04-29T12:08:12.567+0200] {processor.py:840} INFO - DAG(s) 'example_short_circuit_decorator' retrieved from /Users/pablofrancoherrero/prueba_tecnica/venv/lib/python3.11/site-packages/airflow/example_dags/example_short_circuit_decorator.py
[2026-04-29T12:08:12.592+0200] {logging_mixin.py:188} INFO - [2026-04-29T12:08:12.592+0200] {dag.py:3096} INFO - Sync 1 DAGs
[2026-04-29T12:08:12.596+0200] {logging_mixin.py:188} INFO - [2026-04-29T12:08:12.596+0200] {dag.py:3954} INFO - Setting next_dagrun for example_short_circuit_decorator to 2026-04-28 00:00:00+00:00, run_after=2026-04-29 00:00:00+00:00
[2026-04-29T12:08:12.600+0200] {processor.py:183} INFO - Processing /Users/pablofrancoherrero/prueba_tecnica/venv/lib/python3.11/site-packages/airflow/example_dags/example_short_circuit_decorator.py took 0.047 seconds
[2026-04-29T12:26:40.962+0200] {processor.py:161} INFO - Started process (PID=85096) to work on /Users/pablofrancoherrero/prueba_tecnica/venv/lib/python3.11/site-packages/airflow/example_dags/example_short_circuit_decorator.py
[2026-04-29T12:26:40.963+0200] {processor.py:830} INFO - Processing file /Users/pablofrancoherrero/prueba_tecnica/venv/lib/python3.11/site-packages/airflow/example_dags/example_short_circuit_decorator.py for tasks to queue
[2026-04-29T12:26:40.963+0200] {logging_mixin.py:188} INFO - [2026-04-29T12:26:40.963+0200] {dagbag.py:540} INFO - Filling up the DagBag from /Users/pablofrancoherrero/prueba_tecnica/venv/lib/python3.11/site-packages/airflow/example_dags/example_short_circuit_decorator.py
[2026-04-29T12:26:40.977+0200] {processor.py:840} INFO - DAG(s) 'example_short_circuit_decorator' retrieved from /Users/pablofrancoherrero/prueba_tecnica/venv/lib/python3.11/site-packages/airflow/example_dags/example_short_circuit_decorator.py
[2026-04-29T12:26:41.002+0200] {logging_mixin.py:188} INFO - [2026-04-29T12:26:41.002+0200] {dag.py:3096} INFO - Sync 1 DAGs
[2026-04-29T12:26:41.007+0200] {logging_mixin.py:188} INFO - [2026-04-29T12:26:41.007+0200] {dag.py:3954} INFO - Setting next_dagrun for example_short_circuit_decorator to 2026-04-28 00:00:00+00:00, run_after=2026-04-29 00:00:00+00:00
[2026-04-29T12:26:41.012+0200] {processor.py:183} INFO - Processing /Users/pablofrancoherrero/prueba_tecnica/venv/lib/python3.11/site-packages/airflow/example_dags/example_short_circuit_decorator.py took 0.050 seconds
[2026-04-29T12:28:09.030+0200] {processor.py:161} INFO - Started process (PID=85245) to work on /Users/pablofrancoherrero/prueba_tecnica/venv/lib/python3.11/site-packages/airflow/example_dags/example_short_circuit_decorator.py
[2026-04-29T12:28:09.031+0200] {processor.py:830} INFO - Processing file /Users/pablofrancoherrero/prueba_tecnica/venv/lib/python3.11/site-packages/airflow/example_dags/example_short_circuit_decorator.py for tasks to queue
[2026-04-29T12:28:09.031+0200] {logging_mixin.py:188} INFO - [2026-04-29T12:28:09.031+0200] {dagbag.py:540} INFO - Filling up the DagBag from /Users/pablofrancoherrero/prueba_tecnica/venv/lib/python3.11/site-packages/airflow/example_dags/example_short_circuit_decorator.py
[2026-04-29T12:28:09.044+0200] {processor.py:840} INFO - DAG(s) 'example_short_circuit_decorator' retrieved from /Users/pablofrancoherrero/prueba_tecnica/venv/lib/python3.11/site-packages/airflow/example_dags/example_short_circuit_decorator.py
[2026-04-29T12:28:09.070+0200] {logging_mixin.py:188} INFO - [2026-04-29T12:28:09.070+0200] {dag.py:3096} INFO - Sync 1 DAGs
[2026-04-29T12:28:09.075+0200] {logging_mixin.py:188} INFO - [2026-04-29T12:28:09.075+0200] {dag.py:3954} INFO - Setting next_dagrun for example_short_circuit_decorator to 2026-04-28 00:00:00+00:00, run_after=2026-04-29 00:00:00+00:00
[2026-04-29T12:28:09.080+0200] {processor.py:183} INFO - Processing /Users/pablofrancoherrero/prueba_tecnica/venv/lib/python3.11/site-packages/airflow/example_dags/example_short_circuit_decorator.py took 0.050 seconds
[2026-04-29T12:29:31.150+0200] {processor.py:161} INFO - Started process (PID=85357) to work on /Users/pablofrancoherrero/prueba_tecnica/venv/lib/python3.11/site-packages/airflow/example_dags/example_short_circuit_decorator.py
[2026-04-29T12:29:31.151+0200] {processor.py:830} INFO - Processing file /Users/pablofrancoherrero/prueba_tecnica/venv/lib/python3.11/site-packages/airflow/example_dags/example_short_circuit_decorator.py for tasks to queue
[2026-04-29T12:29:31.151+0200] {logging_mixin.py:188} INFO - [2026-04-29T12:29:31.151+0200] {dagbag.py:540} INFO - Filling up the DagBag from /Users/pablofrancoherrero/prueba_tecnica/venv/lib/python3.11/site-packages/airflow/example_dags/example_short_circuit_decorator.py
[2026-04-29T12:29:31.163+0200] {processor.py:840} INFO - DAG(s) 'example_short_circuit_decorator' retrieved from /Users/pablofrancoherrero/prueba_tecnica/venv/lib/python3.11/site-packages/airflow/example_dags/example_short_circuit_decorator.py
[2026-04-29T12:29:31.190+0200] {logging_mixin.py:188} INFO - [2026-04-29T12:29:31.190+0200] {dag.py:3096} INFO - Sync 1 DAGs
[2026-04-29T12:29:31.194+0200] {logging_mixin.py:188} INFO - [2026-04-29T12:29:31.194+0200] {dag.py:3954} INFO - Setting next_dagrun for example_short_circuit_decorator to 2026-04-28 00:00:00+00:00, run_after=2026-04-29 00:00:00+00:00
[2026-04-29T12:29:31.199+0200] {processor.py:183} INFO - Processing /Users/pablofrancoherrero/prueba_tecnica/venv/lib/python3.11/site-packages/airflow/example_dags/example_short_circuit_decorator.py took 0.050 seconds
[2026-04-29T12:30:53.450+0200] {processor.py:161} INFO - Started process (PID=85479) to work on /Users/pablofrancoherrero/prueba_tecnica/venv/lib/python3.11/site-packages/airflow/example_dags/example_short_circuit_decorator.py
[2026-04-29T12:30:53.450+0200] {processor.py:830} INFO - Processing file /Users/pablofrancoherrero/prueba_tecnica/venv/lib/python3.11/site-packages/airflow/example_dags/example_short_circuit_decorator.py for tasks to queue
[2026-04-29T12:30:53.450+0200] {logging_mixin.py:188} INFO - [2026-04-29T12:30:53.450+0200] {dagbag.py:540} INFO - Filling up the DagBag from /Users/pablofrancoherrero/prueba_tecnica/venv/lib/python3.11/site-packages/airflow/example_dags/example_short_circuit_decorator.py
[2026-04-29T12:30:53.468+0200] {processor.py:840} INFO - DAG(s) 'example_short_circuit_decorator' retrieved from /Users/pablofrancoherrero/prueba_tecnica/venv/lib/python3.11/site-packages/airflow/example_dags/example_short_circuit_decorator.py
[2026-04-29T12:30:53.494+0200] {logging_mixin.py:188} INFO - [2026-04-29T12:30:53.494+0200] {dag.py:3096} INFO - Sync 1 DAGs
[2026-04-29T12:30:53.499+0200] {logging_mixin.py:188} INFO - [2026-04-29T12:30:53.499+0200] {dag.py:3954} INFO - Setting next_dagrun for example_short_circuit_decorator to 2026-04-28 00:00:00+00:00, run_after=2026-04-29 00:00:00+00:00
[2026-04-29T12:30:53.504+0200] {processor.py:183} INFO - Processing /Users/pablofrancoherrero/prueba_tecnica/venv/lib/python3.11/site-packages/airflow/example_dags/example_short_circuit_decorator.py took 0.055 seconds
[2026-04-29T12:32:16.462+0200] {processor.py:161} INFO - Started process (PID=85574) to work on /Users/pablofrancoherrero/prueba_tecnica/venv/lib/python3.11/site-packages/airflow/example_dags/example_short_circuit_decorator.py
[2026-04-29T12:32:16.463+0200] {processor.py:830} INFO - Processing file /Users/pablofrancoherrero/prueba_tecnica/venv/lib/python3.11/site-packages/airflow/example_dags/example_short_circuit_decorator.py for tasks to queue
[2026-04-29T12:32:16.463+0200] {logging_mixin.py:188} INFO - [2026-04-29T12:32:16.463+0200] {dagbag.py:540} INFO - Filling up the DagBag from /Users/pablofrancoherrero/prueba_tecnica/venv/lib/python3.11/site-packages/airflow/example_dags/example_short_circuit_decorator.py
[2026-04-29T12:32:16.475+0200] {processor.py:840} INFO - DAG(s) 'example_short_circuit_decorator' retrieved from /Users/pablofrancoherrero/prueba_tecnica/venv/lib/python3.11/site-packages/airflow/example_dags/example_short_circuit_decorator.py
[2026-04-29T12:32:16.502+0200] {logging_mixin.py:188} INFO - [2026-04-29T12:32:16.502+0200] {dag.py:3096} INFO - Sync 1 DAGs
[2026-04-29T12:32:16.506+0200] {logging_mixin.py:188} INFO - [2026-04-29T12:32:16.506+0200] {dag.py:3954} INFO - Setting next_dagrun for example_short_circuit_decorator to 2026-04-28 00:00:00+00:00, run_after=2026-04-29 00:00:00+00:00
[2026-04-29T12:32:16.511+0200] {processor.py:183} INFO - Processing /Users/pablofrancoherrero/prueba_tecnica/venv/lib/python3.11/site-packages/airflow/example_dags/example_short_circuit_decorator.py took 0.050 seconds
[2026-04-29T12:33:39.778+0200] {processor.py:161} INFO - Started process (PID=85681) to work on /Users/pablofrancoherrero/prueba_tecnica/venv/lib/python3.11/site-packages/airflow/example_dags/example_short_circuit_decorator.py
[2026-04-29T12:33:39.779+0200] {processor.py:830} INFO - Processing file /Users/pablofrancoherrero/prueba_tecnica/venv/lib/python3.11/site-packages/airflow/example_dags/example_short_circuit_decorator.py for tasks to queue
[2026-04-29T12:33:39.779+0200] {logging_mixin.py:188} INFO - [2026-04-29T12:33:39.779+0200] {dagbag.py:540} INFO - Filling up the DagBag from /Users/pablofrancoherrero/prueba_tecnica/venv/lib/python3.11/site-packages/airflow/example_dags/example_short_circuit_decorator.py
[2026-04-29T12:33:39.791+0200] {processor.py:840} INFO - DAG(s) 'example_short_circuit_decorator' retrieved from /Users/pablofrancoherrero/prueba_tecnica/venv/lib/python3.11/site-packages/airflow/example_dags/example_short_circuit_decorator.py
[2026-04-29T12:33:39.818+0200] {logging_mixin.py:188} INFO - [2026-04-29T12:33:39.818+0200] {dag.py:3096} INFO - Sync 1 DAGs
[2026-04-29T12:33:39.823+0200] {logging_mixin.py:188} INFO - [2026-04-29T12:33:39.823+0200] {dag.py:3954} INFO - Setting next_dagrun for example_short_circuit_decorator to 2026-04-28 00:00:00+00:00, run_after=2026-04-29 00:00:00+00:00
[2026-04-29T12:33:39.828+0200] {processor.py:183} INFO - Processing /Users/pablofrancoherrero/prueba_tecnica/venv/lib/python3.11/site-packages/airflow/example_dags/example_short_circuit_decorator.py took 0.050 seconds
[2026-04-29T12:34:58.803+0200] {processor.py:161} INFO - Started process (PID=85783) to work on /Users/pablofrancoherrero/prueba_tecnica/venv/lib/python3.11/site-packages/airflow/example_dags/example_short_circuit_decorator.py
[2026-04-29T12:34:58.804+0200] {processor.py:830} INFO - Processing file /Users/pablofrancoherrero/prueba_tecnica/venv/lib/python3.11/site-packages/airflow/example_dags/example_short_circuit_decorator.py for tasks to queue
[2026-04-29T12:34:58.804+0200] {logging_mixin.py:188} INFO - [2026-04-29T12:34:58.804+0200] {dagbag.py:540} INFO - Filling up the DagBag from /Users/pablofrancoherrero/prueba_tecnica/venv/lib/python3.11/site-packages/airflow/example_dags/example_short_circuit_decorator.py
[2026-04-29T12:34:58.821+0200] {processor.py:840} INFO - DAG(s) 'example_short_circuit_decorator' retrieved from /Users/pablofrancoherrero/prueba_tecnica/venv/lib/python3.11/site-packages/airflow/example_dags/example_short_circuit_decorator.py
[2026-04-29T12:34:58.849+0200] {logging_mixin.py:188} INFO - [2026-04-29T12:34:58.848+0200] {dag.py:3096} INFO - Sync 1 DAGs
[2026-04-29T12:34:58.853+0200] {logging_mixin.py:188} INFO - [2026-04-29T12:34:58.853+0200] {dag.py:3954} INFO - Setting next_dagrun for example_short_circuit_decorator to 2026-04-28 00:00:00+00:00, run_after=2026-04-29 00:00:00+00:00
[2026-04-29T12:34:58.858+0200] {processor.py:183} INFO - Processing /Users/pablofrancoherrero/prueba_tecnica/venv/lib/python3.11/site-packages/airflow/example_dags/example_short_circuit_decorator.py took 0.056 seconds
[2026-04-29T12:36:21.763+0200] {processor.py:161} INFO - Started process (PID=85904) to work on /Users/pablofrancoherrero/prueba_tecnica/venv/lib/python3.11/site-packages/airflow/example_dags/example_short_circuit_decorator.py
[2026-04-29T12:36:21.763+0200] {processor.py:830} INFO - Processing file /Users/pablofrancoherrero/prueba_tecnica/venv/lib/python3.11/site-packages/airflow/example_dags/example_short_circuit_decorator.py for tasks to queue
[2026-04-29T12:36:21.764+0200] {logging_mixin.py:188} INFO - [2026-04-29T12:36:21.763+0200] {dagbag.py:540} INFO - Filling up the DagBag from /Users/pablofrancoherrero/prueba_tecnica/venv/lib/python3.11/site-packages/airflow/example_dags/example_short_circuit_decorator.py
[2026-04-29T12:36:21.777+0200] {processor.py:840} INFO - DAG(s) 'example_short_circuit_decorator' retrieved from /Users/pablofrancoherrero/prueba_tecnica/venv/lib/python3.11/site-packages/airflow/example_dags/example_short_circuit_decorator.py
[2026-04-29T12:36:21.803+0200] {logging_mixin.py:188} INFO - [2026-04-29T12:36:21.803+0200] {dag.py:3096} INFO - Sync 1 DAGs
[2026-04-29T12:36:21.808+0200] {logging_mixin.py:188} INFO - [2026-04-29T12:36:21.808+0200] {dag.py:3954} INFO - Setting next_dagrun for example_short_circuit_decorator to 2026-04-28 00:00:00+00:00, run_after=2026-04-29 00:00:00+00:00
[2026-04-29T12:36:21.812+0200] {processor.py:183} INFO - Processing /Users/pablofrancoherrero/prueba_tecnica/venv/lib/python3.11/site-packages/airflow/example_dags/example_short_circuit_decorator.py took 0.051 seconds
[2026-04-29T12:37:41.723+0200] {processor.py:161} INFO - Started process (PID=85986) to work on /Users/pablofrancoherrero/prueba_tecnica/venv/lib/python3.11/site-packages/airflow/example_dags/example_short_circuit_decorator.py
[2026-04-29T12:37:41.723+0200] {processor.py:830} INFO - Processing file /Users/pablofrancoherrero/prueba_tecnica/venv/lib/python3.11/site-packages/airflow/example_dags/example_short_circuit_decorator.py for tasks to queue
[2026-04-29T12:37:41.723+0200] {logging_mixin.py:188} INFO - [2026-04-29T12:37:41.723+0200] {dagbag.py:540} INFO - Filling up the DagBag from /Users/pablofrancoherrero/prueba_tecnica/venv/lib/python3.11/site-packages/airflow/example_dags/example_short_circuit_decorator.py
[2026-04-29T12:37:41.735+0200] {processor.py:840} INFO - DAG(s) 'example_short_circuit_decorator' retrieved from /Users/pablofrancoherrero/prueba_tecnica/venv/lib/python3.11/site-packages/airflow/example_dags/example_short_circuit_decorator.py
[2026-04-29T12:37:41.761+0200] {logging_mixin.py:188} INFO - [2026-04-29T12:37:41.761+0200] {dag.py:3096} INFO - Sync 1 DAGs
[2026-04-29T12:37:41.765+0200] {logging_mixin.py:188} INFO - [2026-04-29T12:37:41.765+0200] {dag.py:3954} INFO - Setting next_dagrun for example_short_circuit_decorator to 2026-04-28 00:00:00+00:00, run_after=2026-04-29 00:00:00+00:00
[2026-04-29T12:37:41.770+0200] {processor.py:183} INFO - Processing /Users/pablofrancoherrero/prueba_tecnica/venv/lib/python3.11/site-packages/airflow/example_dags/example_short_circuit_decorator.py took 0.048 seconds
[2026-04-29T12:39:03.171+0200] {processor.py:161} INFO - Started process (PID=86098) to work on /Users/pablofrancoherrero/prueba_tecnica/venv/lib/python3.11/site-packages/airflow/example_dags/example_short_circuit_decorator.py
[2026-04-29T12:39:03.171+0200] {processor.py:830} INFO - Processing file /Users/pablofrancoherrero/prueba_tecnica/venv/lib/python3.11/site-packages/airflow/example_dags/example_short_circuit_decorator.py for tasks to queue
[2026-04-29T12:39:03.171+0200] {logging_mixin.py:188} INFO - [2026-04-29T12:39:03.171+0200] {dagbag.py:540} INFO - Filling up the DagBag from /Users/pablofrancoherrero/prueba_tecnica/venv/lib/python3.11/site-packages/airflow/example_dags/example_short_circuit_decorator.py
[2026-04-29T12:39:03.185+0200] {processor.py:840} INFO - DAG(s) 'example_short_circuit_decorator' retrieved from /Users/pablofrancoherrero/prueba_tecnica/venv/lib/python3.11/site-packages/airflow/example_dags/example_short_circuit_decorator.py
[2026-04-29T12:39:03.212+0200] {logging_mixin.py:188} INFO - [2026-04-29T12:39:03.212+0200] {dag.py:3096} INFO - Sync 1 DAGs
[2026-04-29T12:39:03.217+0200] {logging_mixin.py:188} INFO - [2026-04-29T12:39:03.217+0200] {dag.py:3954} INFO - Setting next_dagrun for example_short_circuit_decorator to 2026-04-28 00:00:00+00:00, run_after=2026-04-29 00:00:00+00:00
[2026-04-29T12:39:03.221+0200] {processor.py:183} INFO - Processing /Users/pablofrancoherrero/prueba_tecnica/venv/lib/python3.11/site-packages/airflow/example_dags/example_short_circuit_decorator.py took 0.051 seconds
