[2026-04-29T02:00:05.642+0200] {processor.py:161} INFO - Started process (PID=70612) to work on /Users/pablofrancoherrero/prueba_tecnica/venv/lib/python3.11/site-packages/airflow/example_dags/tutorial_taskflow_api.py
[2026-04-29T02:00:05.642+0200] {processor.py:830} INFO - Processing file /Users/pablofrancoherrero/prueba_tecnica/venv/lib/python3.11/site-packages/airflow/example_dags/tutorial_taskflow_api.py for tasks to queue
[2026-04-29T02:00:05.643+0200] {logging_mixin.py:188} INFO - [2026-04-29T02:00:05.642+0200] {dagbag.py:540} INFO - Filling up the DagBag from /Users/pablofrancoherrero/prueba_tecnica/venv/lib/python3.11/site-packages/airflow/example_dags/tutorial_taskflow_api.py
[2026-04-29T02:00:05.654+0200] {processor.py:840} INFO - DAG(s) 'tutorial_taskflow_api' retrieved from /Users/pablofrancoherrero/prueba_tecnica/venv/lib/python3.11/site-packages/airflow/example_dags/tutorial_taskflow_api.py
[2026-04-29T02:00:05.679+0200] {logging_mixin.py:188} INFO - [2026-04-29T02:00:05.679+0200] {dag.py:3096} INFO - Sync 1 DAGs
[2026-04-29T02:00:05.682+0200] {logging_mixin.py:188} INFO - [2026-04-29T02:00:05.682+0200] {dag.py:3954} INFO - Setting next_dagrun for tutorial_taskflow_api to None, run_after=None
[2026-04-29T02:00:05.687+0200] {processor.py:183} INFO - Processing /Users/pablofrancoherrero/prueba_tecnica/venv/lib/python3.11/site-packages/airflow/example_dags/tutorial_taskflow_api.py took 0.045 seconds
[2026-04-29T02:00:46.034+0200] {processor.py:161} INFO - Started process (PID=70653) to work on /Users/pablofrancoherrero/prueba_tecnica/venv/lib/python3.11/site-packages/airflow/example_dags/tutorial_taskflow_api.py
[2026-04-29T02:00:46.035+0200] {processor.py:830} INFO - Processing file /Users/pablofrancoherrero/prueba_tecnica/venv/lib/python3.11/site-packages/airflow/example_dags/tutorial_taskflow_api.py for tasks to queue
[2026-04-29T02:00:46.035+0200] {logging_mixin.py:188} INFO - [2026-04-29T02:00:46.035+0200] {dagbag.py:540} INFO - Filling up the DagBag from /Users/pablofrancoherrero/prueba_tecnica/venv/lib/python3.11/site-packages/airflow/example_dags/tutorial_taskflow_api.py
[2026-04-29T02:00:46.046+0200] {processor.py:840} INFO - DAG(s) 'tutorial_taskflow_api' retrieved from /Users/pablofrancoherrero/prueba_tecnica/venv/lib/python3.11/site-packages/airflow/example_dags/tutorial_taskflow_api.py
[2026-04-29T02:00:46.071+0200] {logging_mixin.py:188} INFO - [2026-04-29T02:00:46.071+0200] {dag.py:3096} INFO - Sync 1 DAGs
[2026-04-29T02:00:46.073+0200] {logging_mixin.py:188} INFO - [2026-04-29T02:00:46.073+0200] {dag.py:3954} INFO - Setting next_dagrun for tutorial_taskflow_api to None, run_after=None
[2026-04-29T02:00:46.078+0200] {processor.py:183} INFO - Processing /Users/pablofrancoherrero/prueba_tecnica/venv/lib/python3.11/site-packages/airflow/example_dags/tutorial_taskflow_api.py took 0.045 seconds
[2026-04-29T02:01:25.707+0200] {processor.py:161} INFO - Started process (PID=70698) to work on /Users/pablofrancoherrero/prueba_tecnica/venv/lib/python3.11/site-packages/airflow/example_dags/tutorial_taskflow_api.py
[2026-04-29T02:01:25.708+0200] {processor.py:830} INFO - Processing file /Users/pablofrancoherrero/prueba_tecnica/venv/lib/python3.11/site-packages/airflow/example_dags/tutorial_taskflow_api.py for tasks to queue
[2026-04-29T02:01:25.708+0200] {logging_mixin.py:188} INFO - [2026-04-29T02:01:25.708+0200] {dagbag.py:540} INFO - Filling up the DagBag from /Users/pablofrancoherrero/prueba_tecnica/venv/lib/python3.11/site-packages/airflow/example_dags/tutorial_taskflow_api.py
[2026-04-29T02:01:25.719+0200] {processor.py:840} INFO - DAG(s) 'tutorial_taskflow_api' retrieved from /Users/pablofrancoherrero/prueba_tecnica/venv/lib/python3.11/site-packages/airflow/example_dags/tutorial_taskflow_api.py
[2026-04-29T02:01:25.744+0200] {logging_mixin.py:188} INFO - [2026-04-29T02:01:25.744+0200] {dag.py:3096} INFO - Sync 1 DAGs
[2026-04-29T02:01:25.746+0200] {logging_mixin.py:188} INFO - [2026-04-29T02:01:25.746+0200] {dag.py:3954} INFO - Setting next_dagrun for tutorial_taskflow_api to None, run_after=None
[2026-04-29T02:01:25.751+0200] {processor.py:183} INFO - Processing /Users/pablofrancoherrero/prueba_tecnica/venv/lib/python3.11/site-packages/airflow/example_dags/tutorial_taskflow_api.py took 0.045 seconds
[2026-04-29T02:02:07.525+0200] {processor.py:161} INFO - Started process (PID=70747) to work on /Users/pablofrancoherrero/prueba_tecnica/venv/lib/python3.11/site-packages/airflow/example_dags/tutorial_taskflow_api.py
[2026-04-29T02:02:07.526+0200] {processor.py:830} INFO - Processing file /Users/pablofrancoherrero/prueba_tecnica/venv/lib/python3.11/site-packages/airflow/example_dags/tutorial_taskflow_api.py for tasks to queue
[2026-04-29T02:02:07.527+0200] {logging_mixin.py:188} INFO - [2026-04-29T02:02:07.526+0200] {dagbag.py:540} INFO - Filling up the DagBag from /Users/pablofrancoherrero/prueba_tecnica/venv/lib/python3.11/site-packages/airflow/example_dags/tutorial_taskflow_api.py
[2026-04-29T02:02:07.537+0200] {processor.py:840} INFO - DAG(s) 'tutorial_taskflow_api' retrieved from /Users/pablofrancoherrero/prueba_tecnica/venv/lib/python3.11/site-packages/airflow/example_dags/tutorial_taskflow_api.py
[2026-04-29T02:02:07.563+0200] {logging_mixin.py:188} INFO - [2026-04-29T02:02:07.563+0200] {dag.py:3096} INFO - Sync 1 DAGs
[2026-04-29T02:02:07.565+0200] {logging_mixin.py:188} INFO - [2026-04-29T02:02:07.565+0200] {dag.py:3954} INFO - Setting next_dagrun for tutorial_taskflow_api to None, run_after=None
[2026-04-29T02:02:07.570+0200] {processor.py:183} INFO - Processing /Users/pablofrancoherrero/prueba_tecnica/venv/lib/python3.11/site-packages/airflow/example_dags/tutorial_taskflow_api.py took 0.045 seconds
[2026-04-29T02:02:48.799+0200] {processor.py:161} INFO - Started process (PID=70793) to work on /Users/pablofrancoherrero/prueba_tecnica/venv/lib/python3.11/site-packages/airflow/example_dags/tutorial_taskflow_api.py
[2026-04-29T02:02:48.800+0200] {processor.py:830} INFO - Processing file /Users/pablofrancoherrero/prueba_tecnica/venv/lib/python3.11/site-packages/airflow/example_dags/tutorial_taskflow_api.py for tasks to queue
[2026-04-29T02:02:48.800+0200] {logging_mixin.py:188} INFO - [2026-04-29T02:02:48.800+0200] {dagbag.py:540} INFO - Filling up the DagBag from /Users/pablofrancoherrero/prueba_tecnica/venv/lib/python3.11/site-packages/airflow/example_dags/tutorial_taskflow_api.py
[2026-04-29T02:02:48.811+0200] {processor.py:840} INFO - DAG(s) 'tutorial_taskflow_api' retrieved from /Users/pablofrancoherrero/prueba_tecnica/venv/lib/python3.11/site-packages/airflow/example_dags/tutorial_taskflow_api.py
[2026-04-29T02:02:48.835+0200] {logging_mixin.py:188} INFO - [2026-04-29T02:02:48.835+0200] {dag.py:3096} INFO - Sync 1 DAGs
[2026-04-29T02:02:48.837+0200] {logging_mixin.py:188} INFO - [2026-04-29T02:02:48.837+0200] {dag.py:3954} INFO - Setting next_dagrun for tutorial_taskflow_api to None, run_after=None
[2026-04-29T02:02:48.842+0200] {processor.py:183} INFO - Processing /Users/pablofrancoherrero/prueba_tecnica/venv/lib/python3.11/site-packages/airflow/example_dags/tutorial_taskflow_api.py took 0.044 seconds
[2026-04-29T02:03:28.062+0200] {processor.py:161} INFO - Started process (PID=70835) to work on /Users/pablofrancoherrero/prueba_tecnica/venv/lib/python3.11/site-packages/airflow/example_dags/tutorial_taskflow_api.py
[2026-04-29T02:03:28.063+0200] {processor.py:830} INFO - Processing file /Users/pablofrancoherrero/prueba_tecnica/venv/lib/python3.11/site-packages/airflow/example_dags/tutorial_taskflow_api.py for tasks to queue
[2026-04-29T02:03:28.063+0200] {logging_mixin.py:188} INFO - [2026-04-29T02:03:28.063+0200] {dagbag.py:540} INFO - Filling up the DagBag from /Users/pablofrancoherrero/prueba_tecnica/venv/lib/python3.11/site-packages/airflow/example_dags/tutorial_taskflow_api.py
[2026-04-29T02:03:28.074+0200] {processor.py:840} INFO - DAG(s) 'tutorial_taskflow_api' retrieved from /Users/pablofrancoherrero/prueba_tecnica/venv/lib/python3.11/site-packages/airflow/example_dags/tutorial_taskflow_api.py
[2026-04-29T02:03:28.098+0200] {logging_mixin.py:188} INFO - [2026-04-29T02:03:28.098+0200] {dag.py:3096} INFO - Sync 1 DAGs
[2026-04-29T02:03:28.101+0200] {logging_mixin.py:188} INFO - [2026-04-29T02:03:28.100+0200] {dag.py:3954} INFO - Setting next_dagrun for tutorial_taskflow_api to None, run_after=None
[2026-04-29T02:03:28.105+0200] {processor.py:183} INFO - Processing /Users/pablofrancoherrero/prueba_tecnica/venv/lib/python3.11/site-packages/airflow/example_dags/tutorial_taskflow_api.py took 0.044 seconds
[2026-04-29T02:04:06.468+0200] {processor.py:161} INFO - Started process (PID=70878) to work on /Users/pablofrancoherrero/prueba_tecnica/venv/lib/python3.11/site-packages/airflow/example_dags/tutorial_taskflow_api.py
[2026-04-29T02:04:06.469+0200] {processor.py:830} INFO - Processing file /Users/pablofrancoherrero/prueba_tecnica/venv/lib/python3.11/site-packages/airflow/example_dags/tutorial_taskflow_api.py for tasks to queue
[2026-04-29T02:04:06.469+0200] {logging_mixin.py:188} INFO - [2026-04-29T02:04:06.469+0200] {dagbag.py:540} INFO - Filling up the DagBag from /Users/pablofrancoherrero/prueba_tecnica/venv/lib/python3.11/site-packages/airflow/example_dags/tutorial_taskflow_api.py
[2026-04-29T02:04:06.480+0200] {processor.py:840} INFO - DAG(s) 'tutorial_taskflow_api' retrieved from /Users/pablofrancoherrero/prueba_tecnica/venv/lib/python3.11/site-packages/airflow/example_dags/tutorial_taskflow_api.py
[2026-04-29T02:04:06.504+0200] {logging_mixin.py:188} INFO - [2026-04-29T02:04:06.504+0200] {dag.py:3096} INFO - Sync 1 DAGs
[2026-04-29T02:04:06.507+0200] {logging_mixin.py:188} INFO - [2026-04-29T02:04:06.507+0200] {dag.py:3954} INFO - Setting next_dagrun for tutorial_taskflow_api to None, run_after=None
[2026-04-29T02:04:06.511+0200] {processor.py:183} INFO - Processing /Users/pablofrancoherrero/prueba_tecnica/venv/lib/python3.11/site-packages/airflow/example_dags/tutorial_taskflow_api.py took 0.044 seconds
[2026-04-29T02:04:46.483+0200] {processor.py:161} INFO - Started process (PID=70937) to work on /Users/pablofrancoherrero/prueba_tecnica/venv/lib/python3.11/site-packages/airflow/example_dags/tutorial_taskflow_api.py
[2026-04-29T02:04:46.484+0200] {processor.py:830} INFO - Processing file /Users/pablofrancoherrero/prueba_tecnica/venv/lib/python3.11/site-packages/airflow/example_dags/tutorial_taskflow_api.py for tasks to queue
[2026-04-29T02:04:46.484+0200] {logging_mixin.py:188} INFO - [2026-04-29T02:04:46.484+0200] {dagbag.py:540} INFO - Filling up the DagBag from /Users/pablofrancoherrero/prueba_tecnica/venv/lib/python3.11/site-packages/airflow/example_dags/tutorial_taskflow_api.py
[2026-04-29T02:04:46.495+0200] {processor.py:840} INFO - DAG(s) 'tutorial_taskflow_api' retrieved from /Users/pablofrancoherrero/prueba_tecnica/venv/lib/python3.11/site-packages/airflow/example_dags/tutorial_taskflow_api.py
[2026-04-29T02:04:46.519+0200] {logging_mixin.py:188} INFO - [2026-04-29T02:04:46.519+0200] {dag.py:3096} INFO - Sync 1 DAGs
[2026-04-29T02:04:46.522+0200] {logging_mixin.py:188} INFO - [2026-04-29T02:04:46.522+0200] {dag.py:3954} INFO - Setting next_dagrun for tutorial_taskflow_api to None, run_after=None
[2026-04-29T02:04:46.526+0200] {processor.py:183} INFO - Processing /Users/pablofrancoherrero/prueba_tecnica/venv/lib/python3.11/site-packages/airflow/example_dags/tutorial_taskflow_api.py took 0.044 seconds
[2026-04-29T02:05:26.280+0200] {processor.py:161} INFO - Started process (PID=70979) to work on /Users/pablofrancoherrero/prueba_tecnica/venv/lib/python3.11/site-packages/airflow/example_dags/tutorial_taskflow_api.py
[2026-04-29T02:05:26.281+0200] {processor.py:830} INFO - Processing file /Users/pablofrancoherrero/prueba_tecnica/venv/lib/python3.11/site-packages/airflow/example_dags/tutorial_taskflow_api.py for tasks to queue
[2026-04-29T02:05:26.281+0200] {logging_mixin.py:188} INFO - [2026-04-29T02:05:26.281+0200] {dagbag.py:540} INFO - Filling up the DagBag from /Users/pablofrancoherrero/prueba_tecnica/venv/lib/python3.11/site-packages/airflow/example_dags/tutorial_taskflow_api.py
[2026-04-29T02:05:26.292+0200] {processor.py:840} INFO - DAG(s) 'tutorial_taskflow_api' retrieved from /Users/pablofrancoherrero/prueba_tecnica/venv/lib/python3.11/site-packages/airflow/example_dags/tutorial_taskflow_api.py
[2026-04-29T02:05:26.317+0200] {logging_mixin.py:188} INFO - [2026-04-29T02:05:26.317+0200] {dag.py:3096} INFO - Sync 1 DAGs
[2026-04-29T02:05:26.320+0200] {logging_mixin.py:188} INFO - [2026-04-29T02:05:26.319+0200] {dag.py:3954} INFO - Setting next_dagrun for tutorial_taskflow_api to None, run_after=None
[2026-04-29T02:05:26.324+0200] {processor.py:183} INFO - Processing /Users/pablofrancoherrero/prueba_tecnica/venv/lib/python3.11/site-packages/airflow/example_dags/tutorial_taskflow_api.py took 0.045 seconds
[2026-04-29T02:06:07.759+0200] {processor.py:161} INFO - Started process (PID=71024) to work on /Users/pablofrancoherrero/prueba_tecnica/venv/lib/python3.11/site-packages/airflow/example_dags/tutorial_taskflow_api.py
[2026-04-29T02:06:07.760+0200] {processor.py:830} INFO - Processing file /Users/pablofrancoherrero/prueba_tecnica/venv/lib/python3.11/site-packages/airflow/example_dags/tutorial_taskflow_api.py for tasks to queue
[2026-04-29T02:06:07.760+0200] {logging_mixin.py:188} INFO - [2026-04-29T02:06:07.760+0200] {dagbag.py:540} INFO - Filling up the DagBag from /Users/pablofrancoherrero/prueba_tecnica/venv/lib/python3.11/site-packages/airflow/example_dags/tutorial_taskflow_api.py
[2026-04-29T02:06:07.771+0200] {processor.py:840} INFO - DAG(s) 'tutorial_taskflow_api' retrieved from /Users/pablofrancoherrero/prueba_tecnica/venv/lib/python3.11/site-packages/airflow/example_dags/tutorial_taskflow_api.py
[2026-04-29T02:06:07.795+0200] {logging_mixin.py:188} INFO - [2026-04-29T02:06:07.795+0200] {dag.py:3096} INFO - Sync 1 DAGs
[2026-04-29T02:06:07.797+0200] {logging_mixin.py:188} INFO - [2026-04-29T02:06:07.797+0200] {dag.py:3954} INFO - Setting next_dagrun for tutorial_taskflow_api to None, run_after=None
[2026-04-29T02:06:07.802+0200] {processor.py:183} INFO - Processing /Users/pablofrancoherrero/prueba_tecnica/venv/lib/python3.11/site-packages/airflow/example_dags/tutorial_taskflow_api.py took 0.044 seconds
[2026-04-29T02:06:47.584+0200] {processor.py:161} INFO - Started process (PID=71064) to work on /Users/pablofrancoherrero/prueba_tecnica/venv/lib/python3.11/site-packages/airflow/example_dags/tutorial_taskflow_api.py
[2026-04-29T02:06:47.585+0200] {processor.py:830} INFO - Processing file /Users/pablofrancoherrero/prueba_tecnica/venv/lib/python3.11/site-packages/airflow/example_dags/tutorial_taskflow_api.py for tasks to queue
[2026-04-29T02:06:47.585+0200] {logging_mixin.py:188} INFO - [2026-04-29T02:06:47.585+0200] {dagbag.py:540} INFO - Filling up the DagBag from /Users/pablofrancoherrero/prueba_tecnica/venv/lib/python3.11/site-packages/airflow/example_dags/tutorial_taskflow_api.py
[2026-04-29T02:06:47.596+0200] {processor.py:840} INFO - DAG(s) 'tutorial_taskflow_api' retrieved from /Users/pablofrancoherrero/prueba_tecnica/venv/lib/python3.11/site-packages/airflow/example_dags/tutorial_taskflow_api.py
[2026-04-29T02:06:47.620+0200] {logging_mixin.py:188} INFO - [2026-04-29T02:06:47.620+0200] {dag.py:3096} INFO - Sync 1 DAGs
[2026-04-29T02:06:47.622+0200] {logging_mixin.py:188} INFO - [2026-04-29T02:06:47.622+0200] {dag.py:3954} INFO - Setting next_dagrun for tutorial_taskflow_api to None, run_after=None
[2026-04-29T02:06:47.627+0200] {processor.py:183} INFO - Processing /Users/pablofrancoherrero/prueba_tecnica/venv/lib/python3.11/site-packages/airflow/example_dags/tutorial_taskflow_api.py took 0.043 seconds
[2026-04-29T02:07:28.006+0200] {processor.py:161} INFO - Started process (PID=71107) to work on /Users/pablofrancoherrero/prueba_tecnica/venv/lib/python3.11/site-packages/airflow/example_dags/tutorial_taskflow_api.py
[2026-04-29T02:07:28.007+0200] {processor.py:830} INFO - Processing file /Users/pablofrancoherrero/prueba_tecnica/venv/lib/python3.11/site-packages/airflow/example_dags/tutorial_taskflow_api.py for tasks to queue
[2026-04-29T02:07:28.008+0200] {logging_mixin.py:188} INFO - [2026-04-29T02:07:28.008+0200] {dagbag.py:540} INFO - Filling up the DagBag from /Users/pablofrancoherrero/prueba_tecnica/venv/lib/python3.11/site-packages/airflow/example_dags/tutorial_taskflow_api.py
[2026-04-29T02:07:28.018+0200] {processor.py:840} INFO - DAG(s) 'tutorial_taskflow_api' retrieved from /Users/pablofrancoherrero/prueba_tecnica/venv/lib/python3.11/site-packages/airflow/example_dags/tutorial_taskflow_api.py
[2026-04-29T02:07:28.043+0200] {logging_mixin.py:188} INFO - [2026-04-29T02:07:28.042+0200] {dag.py:3096} INFO - Sync 1 DAGs
[2026-04-29T02:07:28.045+0200] {logging_mixin.py:188} INFO - [2026-04-29T02:07:28.045+0200] {dag.py:3954} INFO - Setting next_dagrun for tutorial_taskflow_api to None, run_after=None
[2026-04-29T02:07:28.049+0200] {processor.py:183} INFO - Processing /Users/pablofrancoherrero/prueba_tecnica/venv/lib/python3.11/site-packages/airflow/example_dags/tutorial_taskflow_api.py took 0.044 seconds
[2026-04-29T02:08:07.190+0200] {processor.py:161} INFO - Started process (PID=71155) to work on /Users/pablofrancoherrero/prueba_tecnica/venv/lib/python3.11/site-packages/airflow/example_dags/tutorial_taskflow_api.py
[2026-04-29T02:08:07.191+0200] {processor.py:830} INFO - Processing file /Users/pablofrancoherrero/prueba_tecnica/venv/lib/python3.11/site-packages/airflow/example_dags/tutorial_taskflow_api.py for tasks to queue
[2026-04-29T02:08:07.191+0200] {logging_mixin.py:188} INFO - [2026-04-29T02:08:07.191+0200] {dagbag.py:540} INFO - Filling up the DagBag from /Users/pablofrancoherrero/prueba_tecnica/venv/lib/python3.11/site-packages/airflow/example_dags/tutorial_taskflow_api.py
[2026-04-29T02:08:07.202+0200] {processor.py:840} INFO - DAG(s) 'tutorial_taskflow_api' retrieved from /Users/pablofrancoherrero/prueba_tecnica/venv/lib/python3.11/site-packages/airflow/example_dags/tutorial_taskflow_api.py
[2026-04-29T02:08:07.226+0200] {logging_mixin.py:188} INFO - [2026-04-29T02:08:07.226+0200] {dag.py:3096} INFO - Sync 1 DAGs
[2026-04-29T02:08:07.229+0200] {logging_mixin.py:188} INFO - [2026-04-29T02:08:07.229+0200] {dag.py:3954} INFO - Setting next_dagrun for tutorial_taskflow_api to None, run_after=None
[2026-04-29T02:08:07.233+0200] {processor.py:183} INFO - Processing /Users/pablofrancoherrero/prueba_tecnica/venv/lib/python3.11/site-packages/airflow/example_dags/tutorial_taskflow_api.py took 0.044 seconds
[2026-04-29T02:08:48.486+0200] {processor.py:161} INFO - Started process (PID=71195) to work on /Users/pablofrancoherrero/prueba_tecnica/venv/lib/python3.11/site-packages/airflow/example_dags/tutorial_taskflow_api.py
[2026-04-29T02:08:48.486+0200] {processor.py:830} INFO - Processing file /Users/pablofrancoherrero/prueba_tecnica/venv/lib/python3.11/site-packages/airflow/example_dags/tutorial_taskflow_api.py for tasks to queue
[2026-04-29T02:08:48.487+0200] {logging_mixin.py:188} INFO - [2026-04-29T02:08:48.487+0200] {dagbag.py:540} INFO - Filling up the DagBag from /Users/pablofrancoherrero/prueba_tecnica/venv/lib/python3.11/site-packages/airflow/example_dags/tutorial_taskflow_api.py
[2026-04-29T02:08:48.497+0200] {processor.py:840} INFO - DAG(s) 'tutorial_taskflow_api' retrieved from /Users/pablofrancoherrero/prueba_tecnica/venv/lib/python3.11/site-packages/airflow/example_dags/tutorial_taskflow_api.py
[2026-04-29T02:08:48.522+0200] {logging_mixin.py:188} INFO - [2026-04-29T02:08:48.522+0200] {dag.py:3096} INFO - Sync 1 DAGs
[2026-04-29T02:08:48.524+0200] {logging_mixin.py:188} INFO - [2026-04-29T02:08:48.524+0200] {dag.py:3954} INFO - Setting next_dagrun for tutorial_taskflow_api to None, run_after=None
[2026-04-29T02:08:48.529+0200] {processor.py:183} INFO - Processing /Users/pablofrancoherrero/prueba_tecnica/venv/lib/python3.11/site-packages/airflow/example_dags/tutorial_taskflow_api.py took 0.044 seconds
[2026-04-29T02:09:28.308+0200] {processor.py:161} INFO - Started process (PID=71238) to work on /Users/pablofrancoherrero/prueba_tecnica/venv/lib/python3.11/site-packages/airflow/example_dags/tutorial_taskflow_api.py
[2026-04-29T02:09:28.308+0200] {processor.py:830} INFO - Processing file /Users/pablofrancoherrero/prueba_tecnica/venv/lib/python3.11/site-packages/airflow/example_dags/tutorial_taskflow_api.py for tasks to queue
[2026-04-29T02:09:28.308+0200] {logging_mixin.py:188} INFO - [2026-04-29T02:09:28.308+0200] {dagbag.py:540} INFO - Filling up the DagBag from /Users/pablofrancoherrero/prueba_tecnica/venv/lib/python3.11/site-packages/airflow/example_dags/tutorial_taskflow_api.py
[2026-04-29T02:09:28.319+0200] {processor.py:840} INFO - DAG(s) 'tutorial_taskflow_api' retrieved from /Users/pablofrancoherrero/prueba_tecnica/venv/lib/python3.11/site-packages/airflow/example_dags/tutorial_taskflow_api.py
[2026-04-29T02:09:28.344+0200] {logging_mixin.py:188} INFO - [2026-04-29T02:09:28.344+0200] {dag.py:3096} INFO - Sync 1 DAGs
[2026-04-29T02:09:28.346+0200] {logging_mixin.py:188} INFO - [2026-04-29T02:09:28.346+0200] {dag.py:3954} INFO - Setting next_dagrun for tutorial_taskflow_api to None, run_after=None
[2026-04-29T02:09:28.351+0200] {processor.py:183} INFO - Processing /Users/pablofrancoherrero/prueba_tecnica/venv/lib/python3.11/site-packages/airflow/example_dags/tutorial_taskflow_api.py took 0.044 seconds
[2026-04-29T02:10:09.245+0200] {processor.py:161} INFO - Started process (PID=71295) to work on /Users/pablofrancoherrero/prueba_tecnica/venv/lib/python3.11/site-packages/airflow/example_dags/tutorial_taskflow_api.py
[2026-04-29T02:10:09.246+0200] {processor.py:830} INFO - Processing file /Users/pablofrancoherrero/prueba_tecnica/venv/lib/python3.11/site-packages/airflow/example_dags/tutorial_taskflow_api.py for tasks to queue
[2026-04-29T02:10:09.246+0200] {logging_mixin.py:188} INFO - [2026-04-29T02:10:09.246+0200] {dagbag.py:540} INFO - Filling up the DagBag from /Users/pablofrancoherrero/prueba_tecnica/venv/lib/python3.11/site-packages/airflow/example_dags/tutorial_taskflow_api.py
[2026-04-29T02:10:09.257+0200] {processor.py:840} INFO - DAG(s) 'tutorial_taskflow_api' retrieved from /Users/pablofrancoherrero/prueba_tecnica/venv/lib/python3.11/site-packages/airflow/example_dags/tutorial_taskflow_api.py
[2026-04-29T02:10:09.282+0200] {logging_mixin.py:188} INFO - [2026-04-29T02:10:09.282+0200] {dag.py:3096} INFO - Sync 1 DAGs
[2026-04-29T02:10:09.284+0200] {logging_mixin.py:188} INFO - [2026-04-29T02:10:09.284+0200] {dag.py:3954} INFO - Setting next_dagrun for tutorial_taskflow_api to None, run_after=None
[2026-04-29T02:10:09.289+0200] {processor.py:183} INFO - Processing /Users/pablofrancoherrero/prueba_tecnica/venv/lib/python3.11/site-packages/airflow/example_dags/tutorial_taskflow_api.py took 0.045 seconds
[2026-04-29T02:10:51.086+0200] {processor.py:161} INFO - Started process (PID=71335) to work on /Users/pablofrancoherrero/prueba_tecnica/venv/lib/python3.11/site-packages/airflow/example_dags/tutorial_taskflow_api.py
[2026-04-29T02:10:51.087+0200] {processor.py:830} INFO - Processing file /Users/pablofrancoherrero/prueba_tecnica/venv/lib/python3.11/site-packages/airflow/example_dags/tutorial_taskflow_api.py for tasks to queue
[2026-04-29T02:10:51.087+0200] {logging_mixin.py:188} INFO - [2026-04-29T02:10:51.087+0200] {dagbag.py:540} INFO - Filling up the DagBag from /Users/pablofrancoherrero/prueba_tecnica/venv/lib/python3.11/site-packages/airflow/example_dags/tutorial_taskflow_api.py
[2026-04-29T02:10:51.097+0200] {processor.py:840} INFO - DAG(s) 'tutorial_taskflow_api' retrieved from /Users/pablofrancoherrero/prueba_tecnica/venv/lib/python3.11/site-packages/airflow/example_dags/tutorial_taskflow_api.py
[2026-04-29T02:10:51.122+0200] {logging_mixin.py:188} INFO - [2026-04-29T02:10:51.122+0200] {dag.py:3096} INFO - Sync 1 DAGs
[2026-04-29T02:10:51.124+0200] {logging_mixin.py:188} INFO - [2026-04-29T02:10:51.124+0200] {dag.py:3954} INFO - Setting next_dagrun for tutorial_taskflow_api to None, run_after=None
[2026-04-29T02:10:51.129+0200] {processor.py:183} INFO - Processing /Users/pablofrancoherrero/prueba_tecnica/venv/lib/python3.11/site-packages/airflow/example_dags/tutorial_taskflow_api.py took 0.044 seconds
[2026-04-29T02:11:33.308+0200] {processor.py:161} INFO - Started process (PID=71378) to work on /Users/pablofrancoherrero/prueba_tecnica/venv/lib/python3.11/site-packages/airflow/example_dags/tutorial_taskflow_api.py
[2026-04-29T02:11:33.309+0200] {processor.py:830} INFO - Processing file /Users/pablofrancoherrero/prueba_tecnica/venv/lib/python3.11/site-packages/airflow/example_dags/tutorial_taskflow_api.py for tasks to queue
[2026-04-29T02:11:33.309+0200] {logging_mixin.py:188} INFO - [2026-04-29T02:11:33.309+0200] {dagbag.py:540} INFO - Filling up the DagBag from /Users/pablofrancoherrero/prueba_tecnica/venv/lib/python3.11/site-packages/airflow/example_dags/tutorial_taskflow_api.py
[2026-04-29T02:11:33.320+0200] {processor.py:840} INFO - DAG(s) 'tutorial_taskflow_api' retrieved from /Users/pablofrancoherrero/prueba_tecnica/venv/lib/python3.11/site-packages/airflow/example_dags/tutorial_taskflow_api.py
[2026-04-29T02:11:33.345+0200] {logging_mixin.py:188} INFO - [2026-04-29T02:11:33.345+0200] {dag.py:3096} INFO - Sync 1 DAGs
[2026-04-29T02:11:33.347+0200] {logging_mixin.py:188} INFO - [2026-04-29T02:11:33.347+0200] {dag.py:3954} INFO - Setting next_dagrun for tutorial_taskflow_api to None, run_after=None
[2026-04-29T02:11:33.352+0200] {processor.py:183} INFO - Processing /Users/pablofrancoherrero/prueba_tecnica/venv/lib/python3.11/site-packages/airflow/example_dags/tutorial_taskflow_api.py took 0.045 seconds
[2026-04-29T02:12:15.189+0200] {processor.py:161} INFO - Started process (PID=71422) to work on /Users/pablofrancoherrero/prueba_tecnica/venv/lib/python3.11/site-packages/airflow/example_dags/tutorial_taskflow_api.py
[2026-04-29T02:12:15.190+0200] {processor.py:830} INFO - Processing file /Users/pablofrancoherrero/prueba_tecnica/venv/lib/python3.11/site-packages/airflow/example_dags/tutorial_taskflow_api.py for tasks to queue
[2026-04-29T02:12:15.190+0200] {logging_mixin.py:188} INFO - [2026-04-29T02:12:15.190+0200] {dagbag.py:540} INFO - Filling up the DagBag from /Users/pablofrancoherrero/prueba_tecnica/venv/lib/python3.11/site-packages/airflow/example_dags/tutorial_taskflow_api.py
[2026-04-29T02:12:15.201+0200] {processor.py:840} INFO - DAG(s) 'tutorial_taskflow_api' retrieved from /Users/pablofrancoherrero/prueba_tecnica/venv/lib/python3.11/site-packages/airflow/example_dags/tutorial_taskflow_api.py
[2026-04-29T02:12:15.226+0200] {logging_mixin.py:188} INFO - [2026-04-29T02:12:15.226+0200] {dag.py:3096} INFO - Sync 1 DAGs
[2026-04-29T02:12:15.228+0200] {logging_mixin.py:188} INFO - [2026-04-29T02:12:15.228+0200] {dag.py:3954} INFO - Setting next_dagrun for tutorial_taskflow_api to None, run_after=None
[2026-04-29T02:12:15.233+0200] {processor.py:183} INFO - Processing /Users/pablofrancoherrero/prueba_tecnica/venv/lib/python3.11/site-packages/airflow/example_dags/tutorial_taskflow_api.py took 0.045 seconds
[2026-04-29T02:12:56.074+0200] {processor.py:161} INFO - Started process (PID=71466) to work on /Users/pablofrancoherrero/prueba_tecnica/venv/lib/python3.11/site-packages/airflow/example_dags/tutorial_taskflow_api.py
[2026-04-29T02:12:56.075+0200] {processor.py:830} INFO - Processing file /Users/pablofrancoherrero/prueba_tecnica/venv/lib/python3.11/site-packages/airflow/example_dags/tutorial_taskflow_api.py for tasks to queue
[2026-04-29T02:12:56.075+0200] {logging_mixin.py:188} INFO - [2026-04-29T02:12:56.075+0200] {dagbag.py:540} INFO - Filling up the DagBag from /Users/pablofrancoherrero/prueba_tecnica/venv/lib/python3.11/site-packages/airflow/example_dags/tutorial_taskflow_api.py
[2026-04-29T02:12:56.086+0200] {processor.py:840} INFO - DAG(s) 'tutorial_taskflow_api' retrieved from /Users/pablofrancoherrero/prueba_tecnica/venv/lib/python3.11/site-packages/airflow/example_dags/tutorial_taskflow_api.py
[2026-04-29T02:12:56.111+0200] {logging_mixin.py:188} INFO - [2026-04-29T02:12:56.111+0200] {dag.py:3096} INFO - Sync 1 DAGs
[2026-04-29T02:12:56.113+0200] {logging_mixin.py:188} INFO - [2026-04-29T02:12:56.113+0200] {dag.py:3954} INFO - Setting next_dagrun for tutorial_taskflow_api to None, run_after=None
[2026-04-29T02:12:56.118+0200] {processor.py:183} INFO - Processing /Users/pablofrancoherrero/prueba_tecnica/venv/lib/python3.11/site-packages/airflow/example_dags/tutorial_taskflow_api.py took 0.045 seconds
[2026-04-29T02:13:35.289+0200] {processor.py:161} INFO - Started process (PID=71508) to work on /Users/pablofrancoherrero/prueba_tecnica/venv/lib/python3.11/site-packages/airflow/example_dags/tutorial_taskflow_api.py
[2026-04-29T02:13:35.289+0200] {processor.py:830} INFO - Processing file /Users/pablofrancoherrero/prueba_tecnica/venv/lib/python3.11/site-packages/airflow/example_dags/tutorial_taskflow_api.py for tasks to queue
[2026-04-29T02:13:35.289+0200] {logging_mixin.py:188} INFO - [2026-04-29T02:13:35.289+0200] {dagbag.py:540} INFO - Filling up the DagBag from /Users/pablofrancoherrero/prueba_tecnica/venv/lib/python3.11/site-packages/airflow/example_dags/tutorial_taskflow_api.py
[2026-04-29T02:13:35.300+0200] {processor.py:840} INFO - DAG(s) 'tutorial_taskflow_api' retrieved from /Users/pablofrancoherrero/prueba_tecnica/venv/lib/python3.11/site-packages/airflow/example_dags/tutorial_taskflow_api.py
[2026-04-29T02:13:35.325+0200] {logging_mixin.py:188} INFO - [2026-04-29T02:13:35.325+0200] {dag.py:3096} INFO - Sync 1 DAGs
[2026-04-29T02:13:35.328+0200] {logging_mixin.py:188} INFO - [2026-04-29T02:13:35.328+0200] {dag.py:3954} INFO - Setting next_dagrun for tutorial_taskflow_api to None, run_after=None
[2026-04-29T02:13:35.332+0200] {processor.py:183} INFO - Processing /Users/pablofrancoherrero/prueba_tecnica/venv/lib/python3.11/site-packages/airflow/example_dags/tutorial_taskflow_api.py took 0.045 seconds
[2026-04-29T02:14:54.626+0200] {processor.py:161} INFO - Started process (PID=71591) to work on /Users/pablofrancoherrero/prueba_tecnica/venv/lib/python3.11/site-packages/airflow/example_dags/tutorial_taskflow_api.py
[2026-04-29T02:14:54.627+0200] {processor.py:830} INFO - Processing file /Users/pablofrancoherrero/prueba_tecnica/venv/lib/python3.11/site-packages/airflow/example_dags/tutorial_taskflow_api.py for tasks to queue
[2026-04-29T02:14:54.627+0200] {logging_mixin.py:188} INFO - [2026-04-29T02:14:54.627+0200] {dagbag.py:540} INFO - Filling up the DagBag from /Users/pablofrancoherrero/prueba_tecnica/venv/lib/python3.11/site-packages/airflow/example_dags/tutorial_taskflow_api.py
[2026-04-29T02:14:54.638+0200] {processor.py:840} INFO - DAG(s) 'tutorial_taskflow_api' retrieved from /Users/pablofrancoherrero/prueba_tecnica/venv/lib/python3.11/site-packages/airflow/example_dags/tutorial_taskflow_api.py
[2026-04-29T02:14:54.663+0200] {logging_mixin.py:188} INFO - [2026-04-29T02:14:54.663+0200] {dag.py:3096} INFO - Sync 1 DAGs
[2026-04-29T02:14:54.665+0200] {logging_mixin.py:188} INFO - [2026-04-29T02:14:54.665+0200] {dag.py:3954} INFO - Setting next_dagrun for tutorial_taskflow_api to None, run_after=None
[2026-04-29T02:14:54.670+0200] {processor.py:183} INFO - Processing /Users/pablofrancoherrero/prueba_tecnica/venv/lib/python3.11/site-packages/airflow/example_dags/tutorial_taskflow_api.py took 0.044 seconds
[2026-04-29T02:15:36.291+0200] {processor.py:161} INFO - Started process (PID=71640) to work on /Users/pablofrancoherrero/prueba_tecnica/venv/lib/python3.11/site-packages/airflow/example_dags/tutorial_taskflow_api.py
[2026-04-29T02:15:36.292+0200] {processor.py:830} INFO - Processing file /Users/pablofrancoherrero/prueba_tecnica/venv/lib/python3.11/site-packages/airflow/example_dags/tutorial_taskflow_api.py for tasks to queue
[2026-04-29T02:15:36.292+0200] {logging_mixin.py:188} INFO - [2026-04-29T02:15:36.292+0200] {dagbag.py:540} INFO - Filling up the DagBag from /Users/pablofrancoherrero/prueba_tecnica/venv/lib/python3.11/site-packages/airflow/example_dags/tutorial_taskflow_api.py
[2026-04-29T02:15:36.307+0200] {processor.py:840} INFO - DAG(s) 'tutorial_taskflow_api' retrieved from /Users/pablofrancoherrero/prueba_tecnica/venv/lib/python3.11/site-packages/airflow/example_dags/tutorial_taskflow_api.py
[2026-04-29T02:15:36.335+0200] {logging_mixin.py:188} INFO - [2026-04-29T02:15:36.335+0200] {dag.py:3096} INFO - Sync 1 DAGs
[2026-04-29T02:15:36.337+0200] {logging_mixin.py:188} INFO - [2026-04-29T02:15:36.337+0200] {dag.py:3954} INFO - Setting next_dagrun for tutorial_taskflow_api to None, run_after=None
[2026-04-29T02:15:36.342+0200] {processor.py:183} INFO - Processing /Users/pablofrancoherrero/prueba_tecnica/venv/lib/python3.11/site-packages/airflow/example_dags/tutorial_taskflow_api.py took 0.051 seconds
[2026-04-29T02:16:17.997+0200] {processor.py:161} INFO - Started process (PID=71690) to work on /Users/pablofrancoherrero/prueba_tecnica/venv/lib/python3.11/site-packages/airflow/example_dags/tutorial_taskflow_api.py
[2026-04-29T02:16:17.998+0200] {processor.py:830} INFO - Processing file /Users/pablofrancoherrero/prueba_tecnica/venv/lib/python3.11/site-packages/airflow/example_dags/tutorial_taskflow_api.py for tasks to queue
[2026-04-29T02:16:17.998+0200] {logging_mixin.py:188} INFO - [2026-04-29T02:16:17.998+0200] {dagbag.py:540} INFO - Filling up the DagBag from /Users/pablofrancoherrero/prueba_tecnica/venv/lib/python3.11/site-packages/airflow/example_dags/tutorial_taskflow_api.py
[2026-04-29T02:16:18.009+0200] {processor.py:840} INFO - DAG(s) 'tutorial_taskflow_api' retrieved from /Users/pablofrancoherrero/prueba_tecnica/venv/lib/python3.11/site-packages/airflow/example_dags/tutorial_taskflow_api.py
[2026-04-29T02:16:18.034+0200] {logging_mixin.py:188} INFO - [2026-04-29T02:16:18.034+0200] {dag.py:3096} INFO - Sync 1 DAGs
[2026-04-29T02:16:18.036+0200] {logging_mixin.py:188} INFO - [2026-04-29T02:16:18.036+0200] {dag.py:3954} INFO - Setting next_dagrun for tutorial_taskflow_api to None, run_after=None
[2026-04-29T02:16:18.041+0200] {processor.py:183} INFO - Processing /Users/pablofrancoherrero/prueba_tecnica/venv/lib/python3.11/site-packages/airflow/example_dags/tutorial_taskflow_api.py took 0.045 seconds
[2026-04-29T02:16:57.413+0200] {processor.py:161} INFO - Started process (PID=71748) to work on /Users/pablofrancoherrero/prueba_tecnica/venv/lib/python3.11/site-packages/airflow/example_dags/tutorial_taskflow_api.py
[2026-04-29T02:16:57.414+0200] {processor.py:830} INFO - Processing file /Users/pablofrancoherrero/prueba_tecnica/venv/lib/python3.11/site-packages/airflow/example_dags/tutorial_taskflow_api.py for tasks to queue
[2026-04-29T02:16:57.415+0200] {logging_mixin.py:188} INFO - [2026-04-29T02:16:57.414+0200] {dagbag.py:540} INFO - Filling up the DagBag from /Users/pablofrancoherrero/prueba_tecnica/venv/lib/python3.11/site-packages/airflow/example_dags/tutorial_taskflow_api.py
[2026-04-29T02:16:57.425+0200] {processor.py:840} INFO - DAG(s) 'tutorial_taskflow_api' retrieved from /Users/pablofrancoherrero/prueba_tecnica/venv/lib/python3.11/site-packages/airflow/example_dags/tutorial_taskflow_api.py
[2026-04-29T02:16:57.450+0200] {logging_mixin.py:188} INFO - [2026-04-29T02:16:57.450+0200] {dag.py:3096} INFO - Sync 1 DAGs
[2026-04-29T02:16:57.452+0200] {logging_mixin.py:188} INFO - [2026-04-29T02:16:57.452+0200] {dag.py:3954} INFO - Setting next_dagrun for tutorial_taskflow_api to None, run_after=None
[2026-04-29T02:16:57.457+0200] {processor.py:183} INFO - Processing /Users/pablofrancoherrero/prueba_tecnica/venv/lib/python3.11/site-packages/airflow/example_dags/tutorial_taskflow_api.py took 0.045 seconds
[2026-04-29T02:33:58.644+0200] {processor.py:161} INFO - Started process (PID=71870) to work on /Users/pablofrancoherrero/prueba_tecnica/venv/lib/python3.11/site-packages/airflow/example_dags/tutorial_taskflow_api.py
[2026-04-29T02:33:58.644+0200] {processor.py:830} INFO - Processing file /Users/pablofrancoherrero/prueba_tecnica/venv/lib/python3.11/site-packages/airflow/example_dags/tutorial_taskflow_api.py for tasks to queue
[2026-04-29T02:33:58.645+0200] {logging_mixin.py:188} INFO - [2026-04-29T02:33:58.644+0200] {dagbag.py:540} INFO - Filling up the DagBag from /Users/pablofrancoherrero/prueba_tecnica/venv/lib/python3.11/site-packages/airflow/example_dags/tutorial_taskflow_api.py
[2026-04-29T02:33:58.657+0200] {processor.py:840} INFO - DAG(s) 'tutorial_taskflow_api' retrieved from /Users/pablofrancoherrero/prueba_tecnica/venv/lib/python3.11/site-packages/airflow/example_dags/tutorial_taskflow_api.py
[2026-04-29T02:33:58.685+0200] {logging_mixin.py:188} INFO - [2026-04-29T02:33:58.685+0200] {dag.py:3096} INFO - Sync 1 DAGs
[2026-04-29T02:33:58.687+0200] {logging_mixin.py:188} INFO - [2026-04-29T02:33:58.687+0200] {dag.py:3954} INFO - Setting next_dagrun for tutorial_taskflow_api to None, run_after=None
[2026-04-29T02:33:58.692+0200] {processor.py:183} INFO - Processing /Users/pablofrancoherrero/prueba_tecnica/venv/lib/python3.11/site-packages/airflow/example_dags/tutorial_taskflow_api.py took 0.049 seconds
[2026-04-29T02:51:54.556+0200] {processor.py:161} INFO - Started process (PID=71976) to work on /Users/pablofrancoherrero/prueba_tecnica/venv/lib/python3.11/site-packages/airflow/example_dags/tutorial_taskflow_api.py
[2026-04-29T02:51:54.557+0200] {processor.py:830} INFO - Processing file /Users/pablofrancoherrero/prueba_tecnica/venv/lib/python3.11/site-packages/airflow/example_dags/tutorial_taskflow_api.py for tasks to queue
[2026-04-29T02:51:54.557+0200] {logging_mixin.py:188} INFO - [2026-04-29T02:51:54.557+0200] {dagbag.py:540} INFO - Filling up the DagBag from /Users/pablofrancoherrero/prueba_tecnica/venv/lib/python3.11/site-packages/airflow/example_dags/tutorial_taskflow_api.py
[2026-04-29T02:51:54.572+0200] {processor.py:840} INFO - DAG(s) 'tutorial_taskflow_api' retrieved from /Users/pablofrancoherrero/prueba_tecnica/venv/lib/python3.11/site-packages/airflow/example_dags/tutorial_taskflow_api.py
[2026-04-29T02:51:54.602+0200] {logging_mixin.py:188} INFO - [2026-04-29T02:51:54.602+0200] {dag.py:3096} INFO - Sync 1 DAGs
[2026-04-29T02:51:54.604+0200] {logging_mixin.py:188} INFO - [2026-04-29T02:51:54.604+0200] {dag.py:3954} INFO - Setting next_dagrun for tutorial_taskflow_api to None, run_after=None
[2026-04-29T02:51:54.609+0200] {processor.py:183} INFO - Processing /Users/pablofrancoherrero/prueba_tecnica/venv/lib/python3.11/site-packages/airflow/example_dags/tutorial_taskflow_api.py took 0.053 seconds
[2026-04-29T03:09:33.393+0200] {processor.py:161} INFO - Started process (PID=72093) to work on /Users/pablofrancoherrero/prueba_tecnica/venv/lib/python3.11/site-packages/airflow/example_dags/tutorial_taskflow_api.py
[2026-04-29T03:09:33.393+0200] {processor.py:830} INFO - Processing file /Users/pablofrancoherrero/prueba_tecnica/venv/lib/python3.11/site-packages/airflow/example_dags/tutorial_taskflow_api.py for tasks to queue
[2026-04-29T03:09:33.393+0200] {logging_mixin.py:188} INFO - [2026-04-29T03:09:33.393+0200] {dagbag.py:540} INFO - Filling up the DagBag from /Users/pablofrancoherrero/prueba_tecnica/venv/lib/python3.11/site-packages/airflow/example_dags/tutorial_taskflow_api.py
[2026-04-29T03:09:33.405+0200] {processor.py:840} INFO - DAG(s) 'tutorial_taskflow_api' retrieved from /Users/pablofrancoherrero/prueba_tecnica/venv/lib/python3.11/site-packages/airflow/example_dags/tutorial_taskflow_api.py
[2026-04-29T03:09:33.434+0200] {logging_mixin.py:188} INFO - [2026-04-29T03:09:33.433+0200] {dag.py:3096} INFO - Sync 1 DAGs
[2026-04-29T03:09:33.436+0200] {logging_mixin.py:188} INFO - [2026-04-29T03:09:33.436+0200] {dag.py:3954} INFO - Setting next_dagrun for tutorial_taskflow_api to None, run_after=None
[2026-04-29T03:09:33.441+0200] {processor.py:183} INFO - Processing /Users/pablofrancoherrero/prueba_tecnica/venv/lib/python3.11/site-packages/airflow/example_dags/tutorial_taskflow_api.py took 0.049 seconds
[2026-04-29T03:25:54.567+0200] {processor.py:161} INFO - Started process (PID=72256) to work on /Users/pablofrancoherrero/prueba_tecnica/venv/lib/python3.11/site-packages/airflow/example_dags/tutorial_taskflow_api.py
[2026-04-29T03:25:54.568+0200] {processor.py:830} INFO - Processing file /Users/pablofrancoherrero/prueba_tecnica/venv/lib/python3.11/site-packages/airflow/example_dags/tutorial_taskflow_api.py for tasks to queue
[2026-04-29T03:25:54.569+0200] {logging_mixin.py:188} INFO - [2026-04-29T03:25:54.569+0200] {dagbag.py:540} INFO - Filling up the DagBag from /Users/pablofrancoherrero/prueba_tecnica/venv/lib/python3.11/site-packages/airflow/example_dags/tutorial_taskflow_api.py
[2026-04-29T03:25:54.579+0200] {processor.py:840} INFO - DAG(s) 'tutorial_taskflow_api' retrieved from /Users/pablofrancoherrero/prueba_tecnica/venv/lib/python3.11/site-packages/airflow/example_dags/tutorial_taskflow_api.py
[2026-04-29T03:25:54.603+0200] {logging_mixin.py:188} INFO - [2026-04-29T03:25:54.603+0200] {dag.py:3096} INFO - Sync 1 DAGs
[2026-04-29T03:25:54.606+0200] {logging_mixin.py:188} INFO - [2026-04-29T03:25:54.606+0200] {dag.py:3954} INFO - Setting next_dagrun for tutorial_taskflow_api to None, run_after=None
[2026-04-29T03:25:54.610+0200] {processor.py:183} INFO - Processing /Users/pablofrancoherrero/prueba_tecnica/venv/lib/python3.11/site-packages/airflow/example_dags/tutorial_taskflow_api.py took 0.044 seconds
[2026-04-29T03:26:31.961+0200] {processor.py:161} INFO - Started process (PID=72310) to work on /Users/pablofrancoherrero/prueba_tecnica/venv/lib/python3.11/site-packages/airflow/example_dags/tutorial_taskflow_api.py
[2026-04-29T03:26:31.962+0200] {processor.py:830} INFO - Processing file /Users/pablofrancoherrero/prueba_tecnica/venv/lib/python3.11/site-packages/airflow/example_dags/tutorial_taskflow_api.py for tasks to queue
[2026-04-29T03:26:31.962+0200] {logging_mixin.py:188} INFO - [2026-04-29T03:26:31.962+0200] {dagbag.py:540} INFO - Filling up the DagBag from /Users/pablofrancoherrero/prueba_tecnica/venv/lib/python3.11/site-packages/airflow/example_dags/tutorial_taskflow_api.py
[2026-04-29T03:26:31.973+0200] {processor.py:840} INFO - DAG(s) 'tutorial_taskflow_api' retrieved from /Users/pablofrancoherrero/prueba_tecnica/venv/lib/python3.11/site-packages/airflow/example_dags/tutorial_taskflow_api.py
[2026-04-29T03:26:31.998+0200] {logging_mixin.py:188} INFO - [2026-04-29T03:26:31.997+0200] {dag.py:3096} INFO - Sync 1 DAGs
[2026-04-29T03:26:32.000+0200] {logging_mixin.py:188} INFO - [2026-04-29T03:26:32.000+0200] {dag.py:3954} INFO - Setting next_dagrun for tutorial_taskflow_api to None, run_after=None
[2026-04-29T03:26:32.005+0200] {processor.py:183} INFO - Processing /Users/pablofrancoherrero/prueba_tecnica/venv/lib/python3.11/site-packages/airflow/example_dags/tutorial_taskflow_api.py took 0.044 seconds
[2026-04-29T03:43:31.885+0200] {processor.py:161} INFO - Started process (PID=72370) to work on /Users/pablofrancoherrero/prueba_tecnica/venv/lib/python3.11/site-packages/airflow/example_dags/tutorial_taskflow_api.py
[2026-04-29T03:43:31.886+0200] {processor.py:830} INFO - Processing file /Users/pablofrancoherrero/prueba_tecnica/venv/lib/python3.11/site-packages/airflow/example_dags/tutorial_taskflow_api.py for tasks to queue
[2026-04-29T03:43:31.887+0200] {logging_mixin.py:188} INFO - [2026-04-29T03:43:31.886+0200] {dagbag.py:540} INFO - Filling up the DagBag from /Users/pablofrancoherrero/prueba_tecnica/venv/lib/python3.11/site-packages/airflow/example_dags/tutorial_taskflow_api.py
[2026-04-29T03:43:31.897+0200] {processor.py:840} INFO - DAG(s) 'tutorial_taskflow_api' retrieved from /Users/pablofrancoherrero/prueba_tecnica/venv/lib/python3.11/site-packages/airflow/example_dags/tutorial_taskflow_api.py
[2026-04-29T03:43:31.922+0200] {logging_mixin.py:188} INFO - [2026-04-29T03:43:31.922+0200] {dag.py:3096} INFO - Sync 1 DAGs
[2026-04-29T03:43:31.924+0200] {logging_mixin.py:188} INFO - [2026-04-29T03:43:31.924+0200] {dag.py:3954} INFO - Setting next_dagrun for tutorial_taskflow_api to None, run_after=None
[2026-04-29T03:43:31.929+0200] {processor.py:183} INFO - Processing /Users/pablofrancoherrero/prueba_tecnica/venv/lib/python3.11/site-packages/airflow/example_dags/tutorial_taskflow_api.py took 0.044 seconds
[2026-04-29T03:53:32.711+0200] {processor.py:161} INFO - Started process (PID=72445) to work on /Users/pablofrancoherrero/prueba_tecnica/venv/lib/python3.11/site-packages/airflow/example_dags/tutorial_taskflow_api.py
[2026-04-29T03:53:32.712+0200] {processor.py:830} INFO - Processing file /Users/pablofrancoherrero/prueba_tecnica/venv/lib/python3.11/site-packages/airflow/example_dags/tutorial_taskflow_api.py for tasks to queue
[2026-04-29T03:53:32.712+0200] {logging_mixin.py:188} INFO - [2026-04-29T03:53:32.712+0200] {dagbag.py:540} INFO - Filling up the DagBag from /Users/pablofrancoherrero/prueba_tecnica/venv/lib/python3.11/site-packages/airflow/example_dags/tutorial_taskflow_api.py
[2026-04-29T03:53:32.724+0200] {processor.py:840} INFO - DAG(s) 'tutorial_taskflow_api' retrieved from /Users/pablofrancoherrero/prueba_tecnica/venv/lib/python3.11/site-packages/airflow/example_dags/tutorial_taskflow_api.py
[2026-04-29T03:53:32.753+0200] {logging_mixin.py:188} INFO - [2026-04-29T03:53:32.752+0200] {dag.py:3096} INFO - Sync 1 DAGs
[2026-04-29T03:53:32.755+0200] {logging_mixin.py:188} INFO - [2026-04-29T03:53:32.755+0200] {dag.py:3954} INFO - Setting next_dagrun for tutorial_taskflow_api to None, run_after=None
[2026-04-29T03:53:32.759+0200] {processor.py:183} INFO - Processing /Users/pablofrancoherrero/prueba_tecnica/venv/lib/python3.11/site-packages/airflow/example_dags/tutorial_taskflow_api.py took 0.049 seconds
[2026-04-29T04:09:19.459+0200] {processor.py:161} INFO - Started process (PID=72514) to work on /Users/pablofrancoherrero/prueba_tecnica/venv/lib/python3.11/site-packages/airflow/example_dags/tutorial_taskflow_api.py
[2026-04-29T04:09:19.460+0200] {processor.py:830} INFO - Processing file /Users/pablofrancoherrero/prueba_tecnica/venv/lib/python3.11/site-packages/airflow/example_dags/tutorial_taskflow_api.py for tasks to queue
[2026-04-29T04:09:19.460+0200] {logging_mixin.py:188} INFO - [2026-04-29T04:09:19.460+0200] {dagbag.py:540} INFO - Filling up the DagBag from /Users/pablofrancoherrero/prueba_tecnica/venv/lib/python3.11/site-packages/airflow/example_dags/tutorial_taskflow_api.py
[2026-04-29T04:09:19.471+0200] {processor.py:840} INFO - DAG(s) 'tutorial_taskflow_api' retrieved from /Users/pablofrancoherrero/prueba_tecnica/venv/lib/python3.11/site-packages/airflow/example_dags/tutorial_taskflow_api.py
[2026-04-29T04:09:19.495+0200] {logging_mixin.py:188} INFO - [2026-04-29T04:09:19.495+0200] {dag.py:3096} INFO - Sync 1 DAGs
[2026-04-29T04:09:19.498+0200] {logging_mixin.py:188} INFO - [2026-04-29T04:09:19.498+0200] {dag.py:3954} INFO - Setting next_dagrun for tutorial_taskflow_api to None, run_after=None
[2026-04-29T04:09:19.503+0200] {processor.py:183} INFO - Processing /Users/pablofrancoherrero/prueba_tecnica/venv/lib/python3.11/site-packages/airflow/example_dags/tutorial_taskflow_api.py took 0.045 seconds
[2026-04-29T04:26:13.385+0200] {processor.py:161} INFO - Started process (PID=72636) to work on /Users/pablofrancoherrero/prueba_tecnica/venv/lib/python3.11/site-packages/airflow/example_dags/tutorial_taskflow_api.py
[2026-04-29T04:26:13.386+0200] {processor.py:830} INFO - Processing file /Users/pablofrancoherrero/prueba_tecnica/venv/lib/python3.11/site-packages/airflow/example_dags/tutorial_taskflow_api.py for tasks to queue
[2026-04-29T04:26:13.386+0200] {logging_mixin.py:188} INFO - [2026-04-29T04:26:13.386+0200] {dagbag.py:540} INFO - Filling up the DagBag from /Users/pablofrancoherrero/prueba_tecnica/venv/lib/python3.11/site-packages/airflow/example_dags/tutorial_taskflow_api.py
[2026-04-29T04:26:13.397+0200] {processor.py:840} INFO - DAG(s) 'tutorial_taskflow_api' retrieved from /Users/pablofrancoherrero/prueba_tecnica/venv/lib/python3.11/site-packages/airflow/example_dags/tutorial_taskflow_api.py
[2026-04-29T04:26:13.422+0200] {logging_mixin.py:188} INFO - [2026-04-29T04:26:13.422+0200] {dag.py:3096} INFO - Sync 1 DAGs
[2026-04-29T04:26:13.424+0200] {logging_mixin.py:188} INFO - [2026-04-29T04:26:13.424+0200] {dag.py:3954} INFO - Setting next_dagrun for tutorial_taskflow_api to None, run_after=None
[2026-04-29T04:26:13.429+0200] {processor.py:183} INFO - Processing /Users/pablofrancoherrero/prueba_tecnica/venv/lib/python3.11/site-packages/airflow/example_dags/tutorial_taskflow_api.py took 0.045 seconds
[2026-04-29T04:44:19.822+0200] {processor.py:161} INFO - Started process (PID=72739) to work on /Users/pablofrancoherrero/prueba_tecnica/venv/lib/python3.11/site-packages/airflow/example_dags/tutorial_taskflow_api.py
[2026-04-29T04:44:19.823+0200] {processor.py:830} INFO - Processing file /Users/pablofrancoherrero/prueba_tecnica/venv/lib/python3.11/site-packages/airflow/example_dags/tutorial_taskflow_api.py for tasks to queue
[2026-04-29T04:44:19.823+0200] {logging_mixin.py:188} INFO - [2026-04-29T04:44:19.823+0200] {dagbag.py:540} INFO - Filling up the DagBag from /Users/pablofrancoherrero/prueba_tecnica/venv/lib/python3.11/site-packages/airflow/example_dags/tutorial_taskflow_api.py
[2026-04-29T04:44:19.834+0200] {processor.py:840} INFO - DAG(s) 'tutorial_taskflow_api' retrieved from /Users/pablofrancoherrero/prueba_tecnica/venv/lib/python3.11/site-packages/airflow/example_dags/tutorial_taskflow_api.py
[2026-04-29T04:44:19.858+0200] {logging_mixin.py:188} INFO - [2026-04-29T04:44:19.858+0200] {dag.py:3096} INFO - Sync 1 DAGs
[2026-04-29T04:44:19.860+0200] {logging_mixin.py:188} INFO - [2026-04-29T04:44:19.860+0200] {dag.py:3954} INFO - Setting next_dagrun for tutorial_taskflow_api to None, run_after=None
[2026-04-29T04:44:19.865+0200] {processor.py:183} INFO - Processing /Users/pablofrancoherrero/prueba_tecnica/venv/lib/python3.11/site-packages/airflow/example_dags/tutorial_taskflow_api.py took 0.044 seconds
[2026-04-29T05:01:06.963+0200] {processor.py:161} INFO - Started process (PID=72867) to work on /Users/pablofrancoherrero/prueba_tecnica/venv/lib/python3.11/site-packages/airflow/example_dags/tutorial_taskflow_api.py
[2026-04-29T05:01:06.964+0200] {processor.py:830} INFO - Processing file /Users/pablofrancoherrero/prueba_tecnica/venv/lib/python3.11/site-packages/airflow/example_dags/tutorial_taskflow_api.py for tasks to queue
[2026-04-29T05:01:06.964+0200] {logging_mixin.py:188} INFO - [2026-04-29T05:01:06.964+0200] {dagbag.py:540} INFO - Filling up the DagBag from /Users/pablofrancoherrero/prueba_tecnica/venv/lib/python3.11/site-packages/airflow/example_dags/tutorial_taskflow_api.py
[2026-04-29T05:01:06.975+0200] {processor.py:840} INFO - DAG(s) 'tutorial_taskflow_api' retrieved from /Users/pablofrancoherrero/prueba_tecnica/venv/lib/python3.11/site-packages/airflow/example_dags/tutorial_taskflow_api.py
[2026-04-29T05:01:06.999+0200] {logging_mixin.py:188} INFO - [2026-04-29T05:01:06.999+0200] {dag.py:3096} INFO - Sync 1 DAGs
[2026-04-29T05:01:07.001+0200] {logging_mixin.py:188} INFO - [2026-04-29T05:01:07.001+0200] {dag.py:3954} INFO - Setting next_dagrun for tutorial_taskflow_api to None, run_after=None
[2026-04-29T05:01:07.006+0200] {processor.py:183} INFO - Processing /Users/pablofrancoherrero/prueba_tecnica/venv/lib/python3.11/site-packages/airflow/example_dags/tutorial_taskflow_api.py took 0.044 seconds
[2026-04-29T05:17:26.168+0200] {processor.py:161} INFO - Started process (PID=73050) to work on /Users/pablofrancoherrero/prueba_tecnica/venv/lib/python3.11/site-packages/airflow/example_dags/tutorial_taskflow_api.py
[2026-04-29T05:17:26.169+0200] {processor.py:830} INFO - Processing file /Users/pablofrancoherrero/prueba_tecnica/venv/lib/python3.11/site-packages/airflow/example_dags/tutorial_taskflow_api.py for tasks to queue
[2026-04-29T05:17:26.169+0200] {logging_mixin.py:188} INFO - [2026-04-29T05:17:26.169+0200] {dagbag.py:540} INFO - Filling up the DagBag from /Users/pablofrancoherrero/prueba_tecnica/venv/lib/python3.11/site-packages/airflow/example_dags/tutorial_taskflow_api.py
[2026-04-29T05:17:26.182+0200] {processor.py:840} INFO - DAG(s) 'tutorial_taskflow_api' retrieved from /Users/pablofrancoherrero/prueba_tecnica/venv/lib/python3.11/site-packages/airflow/example_dags/tutorial_taskflow_api.py
[2026-04-29T05:17:26.210+0200] {logging_mixin.py:188} INFO - [2026-04-29T05:17:26.210+0200] {dag.py:3096} INFO - Sync 1 DAGs
[2026-04-29T05:17:26.213+0200] {logging_mixin.py:188} INFO - [2026-04-29T05:17:26.213+0200] {dag.py:3954} INFO - Setting next_dagrun for tutorial_taskflow_api to None, run_after=None
[2026-04-29T05:17:26.217+0200] {processor.py:183} INFO - Processing /Users/pablofrancoherrero/prueba_tecnica/venv/lib/python3.11/site-packages/airflow/example_dags/tutorial_taskflow_api.py took 0.050 seconds
[2026-04-29T05:18:12.142+0200] {processor.py:161} INFO - Started process (PID=73186) to work on /Users/pablofrancoherrero/prueba_tecnica/venv/lib/python3.11/site-packages/airflow/example_dags/tutorial_taskflow_api.py
[2026-04-29T05:18:12.143+0200] {processor.py:830} INFO - Processing file /Users/pablofrancoherrero/prueba_tecnica/venv/lib/python3.11/site-packages/airflow/example_dags/tutorial_taskflow_api.py for tasks to queue
[2026-04-29T05:18:12.143+0200] {logging_mixin.py:188} INFO - [2026-04-29T05:18:12.143+0200] {dagbag.py:540} INFO - Filling up the DagBag from /Users/pablofrancoherrero/prueba_tecnica/venv/lib/python3.11/site-packages/airflow/example_dags/tutorial_taskflow_api.py
[2026-04-29T05:18:12.154+0200] {processor.py:840} INFO - DAG(s) 'tutorial_taskflow_api' retrieved from /Users/pablofrancoherrero/prueba_tecnica/venv/lib/python3.11/site-packages/airflow/example_dags/tutorial_taskflow_api.py
[2026-04-29T05:18:12.178+0200] {logging_mixin.py:188} INFO - [2026-04-29T05:18:12.178+0200] {dag.py:3096} INFO - Sync 1 DAGs
[2026-04-29T05:18:12.181+0200] {logging_mixin.py:188} INFO - [2026-04-29T05:18:12.181+0200] {dag.py:3954} INFO - Setting next_dagrun for tutorial_taskflow_api to None, run_after=None
[2026-04-29T05:18:12.185+0200] {processor.py:183} INFO - Processing /Users/pablofrancoherrero/prueba_tecnica/venv/lib/python3.11/site-packages/airflow/example_dags/tutorial_taskflow_api.py took 0.044 seconds
[2026-04-29T05:18:53.057+0200] {processor.py:161} INFO - Started process (PID=73258) to work on /Users/pablofrancoherrero/prueba_tecnica/venv/lib/python3.11/site-packages/airflow/example_dags/tutorial_taskflow_api.py
[2026-04-29T05:18:53.057+0200] {processor.py:830} INFO - Processing file /Users/pablofrancoherrero/prueba_tecnica/venv/lib/python3.11/site-packages/airflow/example_dags/tutorial_taskflow_api.py for tasks to queue
[2026-04-29T05:18:53.057+0200] {logging_mixin.py:188} INFO - [2026-04-29T05:18:53.057+0200] {dagbag.py:540} INFO - Filling up the DagBag from /Users/pablofrancoherrero/prueba_tecnica/venv/lib/python3.11/site-packages/airflow/example_dags/tutorial_taskflow_api.py
[2026-04-29T05:18:53.068+0200] {processor.py:840} INFO - DAG(s) 'tutorial_taskflow_api' retrieved from /Users/pablofrancoherrero/prueba_tecnica/venv/lib/python3.11/site-packages/airflow/example_dags/tutorial_taskflow_api.py
[2026-04-29T05:18:53.093+0200] {logging_mixin.py:188} INFO - [2026-04-29T05:18:53.093+0200] {dag.py:3096} INFO - Sync 1 DAGs
[2026-04-29T05:18:53.095+0200] {logging_mixin.py:188} INFO - [2026-04-29T05:18:53.095+0200] {dag.py:3954} INFO - Setting next_dagrun for tutorial_taskflow_api to None, run_after=None
[2026-04-29T05:18:53.100+0200] {processor.py:183} INFO - Processing /Users/pablofrancoherrero/prueba_tecnica/venv/lib/python3.11/site-packages/airflow/example_dags/tutorial_taskflow_api.py took 0.044 seconds
[2026-04-29T05:19:33.556+0200] {processor.py:161} INFO - Started process (PID=73345) to work on /Users/pablofrancoherrero/prueba_tecnica/venv/lib/python3.11/site-packages/airflow/example_dags/tutorial_taskflow_api.py
[2026-04-29T05:19:33.556+0200] {processor.py:830} INFO - Processing file /Users/pablofrancoherrero/prueba_tecnica/venv/lib/python3.11/site-packages/airflow/example_dags/tutorial_taskflow_api.py for tasks to queue
[2026-04-29T05:19:33.556+0200] {logging_mixin.py:188} INFO - [2026-04-29T05:19:33.556+0200] {dagbag.py:540} INFO - Filling up the DagBag from /Users/pablofrancoherrero/prueba_tecnica/venv/lib/python3.11/site-packages/airflow/example_dags/tutorial_taskflow_api.py
[2026-04-29T05:19:33.567+0200] {processor.py:840} INFO - DAG(s) 'tutorial_taskflow_api' retrieved from /Users/pablofrancoherrero/prueba_tecnica/venv/lib/python3.11/site-packages/airflow/example_dags/tutorial_taskflow_api.py
[2026-04-29T05:19:33.592+0200] {logging_mixin.py:188} INFO - [2026-04-29T05:19:33.592+0200] {dag.py:3096} INFO - Sync 1 DAGs
[2026-04-29T05:19:33.595+0200] {logging_mixin.py:188} INFO - [2026-04-29T05:19:33.595+0200] {dag.py:3954} INFO - Setting next_dagrun for tutorial_taskflow_api to None, run_after=None
[2026-04-29T05:19:33.599+0200] {processor.py:183} INFO - Processing /Users/pablofrancoherrero/prueba_tecnica/venv/lib/python3.11/site-packages/airflow/example_dags/tutorial_taskflow_api.py took 0.044 seconds
[2026-04-29T05:20:14.853+0200] {processor.py:161} INFO - Started process (PID=73394) to work on /Users/pablofrancoherrero/prueba_tecnica/venv/lib/python3.11/site-packages/airflow/example_dags/tutorial_taskflow_api.py
[2026-04-29T05:20:14.854+0200] {processor.py:830} INFO - Processing file /Users/pablofrancoherrero/prueba_tecnica/venv/lib/python3.11/site-packages/airflow/example_dags/tutorial_taskflow_api.py for tasks to queue
[2026-04-29T05:20:14.854+0200] {logging_mixin.py:188} INFO - [2026-04-29T05:20:14.854+0200] {dagbag.py:540} INFO - Filling up the DagBag from /Users/pablofrancoherrero/prueba_tecnica/venv/lib/python3.11/site-packages/airflow/example_dags/tutorial_taskflow_api.py
[2026-04-29T05:20:14.865+0200] {processor.py:840} INFO - DAG(s) 'tutorial_taskflow_api' retrieved from /Users/pablofrancoherrero/prueba_tecnica/venv/lib/python3.11/site-packages/airflow/example_dags/tutorial_taskflow_api.py
[2026-04-29T05:20:14.889+0200] {logging_mixin.py:188} INFO - [2026-04-29T05:20:14.889+0200] {dag.py:3096} INFO - Sync 1 DAGs
[2026-04-29T05:20:14.892+0200] {logging_mixin.py:188} INFO - [2026-04-29T05:20:14.892+0200] {dag.py:3954} INFO - Setting next_dagrun for tutorial_taskflow_api to None, run_after=None
[2026-04-29T05:20:14.897+0200] {processor.py:183} INFO - Processing /Users/pablofrancoherrero/prueba_tecnica/venv/lib/python3.11/site-packages/airflow/example_dags/tutorial_taskflow_api.py took 0.044 seconds
[2026-04-29T05:20:54.080+0200] {processor.py:161} INFO - Started process (PID=73449) to work on /Users/pablofrancoherrero/prueba_tecnica/venv/lib/python3.11/site-packages/airflow/example_dags/tutorial_taskflow_api.py
[2026-04-29T05:20:54.081+0200] {processor.py:830} INFO - Processing file /Users/pablofrancoherrero/prueba_tecnica/venv/lib/python3.11/site-packages/airflow/example_dags/tutorial_taskflow_api.py for tasks to queue
[2026-04-29T05:20:54.081+0200] {logging_mixin.py:188} INFO - [2026-04-29T05:20:54.081+0200] {dagbag.py:540} INFO - Filling up the DagBag from /Users/pablofrancoherrero/prueba_tecnica/venv/lib/python3.11/site-packages/airflow/example_dags/tutorial_taskflow_api.py
[2026-04-29T05:20:54.092+0200] {processor.py:840} INFO - DAG(s) 'tutorial_taskflow_api' retrieved from /Users/pablofrancoherrero/prueba_tecnica/venv/lib/python3.11/site-packages/airflow/example_dags/tutorial_taskflow_api.py
[2026-04-29T05:20:54.117+0200] {logging_mixin.py:188} INFO - [2026-04-29T05:20:54.117+0200] {dag.py:3096} INFO - Sync 1 DAGs
[2026-04-29T05:20:54.119+0200] {logging_mixin.py:188} INFO - [2026-04-29T05:20:54.119+0200] {dag.py:3954} INFO - Setting next_dagrun for tutorial_taskflow_api to None, run_after=None
[2026-04-29T05:20:54.124+0200] {processor.py:183} INFO - Processing /Users/pablofrancoherrero/prueba_tecnica/venv/lib/python3.11/site-packages/airflow/example_dags/tutorial_taskflow_api.py took 0.045 seconds
[2026-04-29T05:21:34.154+0200] {processor.py:161} INFO - Started process (PID=73497) to work on /Users/pablofrancoherrero/prueba_tecnica/venv/lib/python3.11/site-packages/airflow/example_dags/tutorial_taskflow_api.py
[2026-04-29T05:21:34.156+0200] {processor.py:830} INFO - Processing file /Users/pablofrancoherrero/prueba_tecnica/venv/lib/python3.11/site-packages/airflow/example_dags/tutorial_taskflow_api.py for tasks to queue
[2026-04-29T05:21:34.156+0200] {logging_mixin.py:188} INFO - [2026-04-29T05:21:34.156+0200] {dagbag.py:540} INFO - Filling up the DagBag from /Users/pablofrancoherrero/prueba_tecnica/venv/lib/python3.11/site-packages/airflow/example_dags/tutorial_taskflow_api.py
[2026-04-29T05:21:34.167+0200] {processor.py:840} INFO - DAG(s) 'tutorial_taskflow_api' retrieved from /Users/pablofrancoherrero/prueba_tecnica/venv/lib/python3.11/site-packages/airflow/example_dags/tutorial_taskflow_api.py
[2026-04-29T05:21:34.191+0200] {logging_mixin.py:188} INFO - [2026-04-29T05:21:34.191+0200] {dag.py:3096} INFO - Sync 1 DAGs
[2026-04-29T05:21:34.193+0200] {logging_mixin.py:188} INFO - [2026-04-29T05:21:34.193+0200] {dag.py:3954} INFO - Setting next_dagrun for tutorial_taskflow_api to None, run_after=None
[2026-04-29T05:21:34.198+0200] {processor.py:183} INFO - Processing /Users/pablofrancoherrero/prueba_tecnica/venv/lib/python3.11/site-packages/airflow/example_dags/tutorial_taskflow_api.py took 0.044 seconds
[2026-04-29T05:22:13.925+0200] {processor.py:161} INFO - Started process (PID=73549) to work on /Users/pablofrancoherrero/prueba_tecnica/venv/lib/python3.11/site-packages/airflow/example_dags/tutorial_taskflow_api.py
[2026-04-29T05:22:13.926+0200] {processor.py:830} INFO - Processing file /Users/pablofrancoherrero/prueba_tecnica/venv/lib/python3.11/site-packages/airflow/example_dags/tutorial_taskflow_api.py for tasks to queue
[2026-04-29T05:22:13.926+0200] {logging_mixin.py:188} INFO - [2026-04-29T05:22:13.926+0200] {dagbag.py:540} INFO - Filling up the DagBag from /Users/pablofrancoherrero/prueba_tecnica/venv/lib/python3.11/site-packages/airflow/example_dags/tutorial_taskflow_api.py
[2026-04-29T05:22:13.937+0200] {processor.py:840} INFO - DAG(s) 'tutorial_taskflow_api' retrieved from /Users/pablofrancoherrero/prueba_tecnica/venv/lib/python3.11/site-packages/airflow/example_dags/tutorial_taskflow_api.py
[2026-04-29T05:22:13.961+0200] {logging_mixin.py:188} INFO - [2026-04-29T05:22:13.961+0200] {dag.py:3096} INFO - Sync 1 DAGs
[2026-04-29T05:22:13.963+0200] {logging_mixin.py:188} INFO - [2026-04-29T05:22:13.963+0200] {dag.py:3954} INFO - Setting next_dagrun for tutorial_taskflow_api to None, run_after=None
[2026-04-29T05:22:13.968+0200] {processor.py:183} INFO - Processing /Users/pablofrancoherrero/prueba_tecnica/venv/lib/python3.11/site-packages/airflow/example_dags/tutorial_taskflow_api.py took 0.044 seconds
[2026-04-29T05:22:54.686+0200] {processor.py:161} INFO - Started process (PID=73607) to work on /Users/pablofrancoherrero/prueba_tecnica/venv/lib/python3.11/site-packages/airflow/example_dags/tutorial_taskflow_api.py
[2026-04-29T05:22:54.687+0200] {processor.py:830} INFO - Processing file /Users/pablofrancoherrero/prueba_tecnica/venv/lib/python3.11/site-packages/airflow/example_dags/tutorial_taskflow_api.py for tasks to queue
[2026-04-29T05:22:54.687+0200] {logging_mixin.py:188} INFO - [2026-04-29T05:22:54.687+0200] {dagbag.py:540} INFO - Filling up the DagBag from /Users/pablofrancoherrero/prueba_tecnica/venv/lib/python3.11/site-packages/airflow/example_dags/tutorial_taskflow_api.py
[2026-04-29T05:22:54.698+0200] {processor.py:840} INFO - DAG(s) 'tutorial_taskflow_api' retrieved from /Users/pablofrancoherrero/prueba_tecnica/venv/lib/python3.11/site-packages/airflow/example_dags/tutorial_taskflow_api.py
[2026-04-29T05:22:54.723+0200] {logging_mixin.py:188} INFO - [2026-04-29T05:22:54.723+0200] {dag.py:3096} INFO - Sync 1 DAGs
[2026-04-29T05:22:54.725+0200] {logging_mixin.py:188} INFO - [2026-04-29T05:22:54.725+0200] {dag.py:3954} INFO - Setting next_dagrun for tutorial_taskflow_api to None, run_after=None
[2026-04-29T05:22:54.730+0200] {processor.py:183} INFO - Processing /Users/pablofrancoherrero/prueba_tecnica/venv/lib/python3.11/site-packages/airflow/example_dags/tutorial_taskflow_api.py took 0.045 seconds
[2026-04-29T05:23:36.513+0200] {processor.py:161} INFO - Started process (PID=73660) to work on /Users/pablofrancoherrero/prueba_tecnica/venv/lib/python3.11/site-packages/airflow/example_dags/tutorial_taskflow_api.py
[2026-04-29T05:23:36.514+0200] {processor.py:830} INFO - Processing file /Users/pablofrancoherrero/prueba_tecnica/venv/lib/python3.11/site-packages/airflow/example_dags/tutorial_taskflow_api.py for tasks to queue
[2026-04-29T05:23:36.514+0200] {logging_mixin.py:188} INFO - [2026-04-29T05:23:36.514+0200] {dagbag.py:540} INFO - Filling up the DagBag from /Users/pablofrancoherrero/prueba_tecnica/venv/lib/python3.11/site-packages/airflow/example_dags/tutorial_taskflow_api.py
[2026-04-29T05:23:36.525+0200] {processor.py:840} INFO - DAG(s) 'tutorial_taskflow_api' retrieved from /Users/pablofrancoherrero/prueba_tecnica/venv/lib/python3.11/site-packages/airflow/example_dags/tutorial_taskflow_api.py
[2026-04-29T05:23:36.550+0200] {logging_mixin.py:188} INFO - [2026-04-29T05:23:36.550+0200] {dag.py:3096} INFO - Sync 1 DAGs
[2026-04-29T05:23:36.553+0200] {logging_mixin.py:188} INFO - [2026-04-29T05:23:36.553+0200] {dag.py:3954} INFO - Setting next_dagrun for tutorial_taskflow_api to None, run_after=None
[2026-04-29T05:23:36.557+0200] {processor.py:183} INFO - Processing /Users/pablofrancoherrero/prueba_tecnica/venv/lib/python3.11/site-packages/airflow/example_dags/tutorial_taskflow_api.py took 0.045 seconds
[2026-04-29T05:24:15.023+0200] {processor.py:161} INFO - Started process (PID=73701) to work on /Users/pablofrancoherrero/prueba_tecnica/venv/lib/python3.11/site-packages/airflow/example_dags/tutorial_taskflow_api.py
[2026-04-29T05:24:15.024+0200] {processor.py:830} INFO - Processing file /Users/pablofrancoherrero/prueba_tecnica/venv/lib/python3.11/site-packages/airflow/example_dags/tutorial_taskflow_api.py for tasks to queue
[2026-04-29T05:24:15.024+0200] {logging_mixin.py:188} INFO - [2026-04-29T05:24:15.024+0200] {dagbag.py:540} INFO - Filling up the DagBag from /Users/pablofrancoherrero/prueba_tecnica/venv/lib/python3.11/site-packages/airflow/example_dags/tutorial_taskflow_api.py
[2026-04-29T05:24:15.035+0200] {processor.py:840} INFO - DAG(s) 'tutorial_taskflow_api' retrieved from /Users/pablofrancoherrero/prueba_tecnica/venv/lib/python3.11/site-packages/airflow/example_dags/tutorial_taskflow_api.py
[2026-04-29T05:24:15.061+0200] {logging_mixin.py:188} INFO - [2026-04-29T05:24:15.061+0200] {dag.py:3096} INFO - Sync 1 DAGs
[2026-04-29T05:24:15.063+0200] {logging_mixin.py:188} INFO - [2026-04-29T05:24:15.063+0200] {dag.py:3954} INFO - Setting next_dagrun for tutorial_taskflow_api to None, run_after=None
[2026-04-29T05:24:15.068+0200] {processor.py:183} INFO - Processing /Users/pablofrancoherrero/prueba_tecnica/venv/lib/python3.11/site-packages/airflow/example_dags/tutorial_taskflow_api.py took 0.046 seconds
[2026-04-29T05:24:54.758+0200] {processor.py:161} INFO - Started process (PID=73749) to work on /Users/pablofrancoherrero/prueba_tecnica/venv/lib/python3.11/site-packages/airflow/example_dags/tutorial_taskflow_api.py
[2026-04-29T05:24:54.759+0200] {processor.py:830} INFO - Processing file /Users/pablofrancoherrero/prueba_tecnica/venv/lib/python3.11/site-packages/airflow/example_dags/tutorial_taskflow_api.py for tasks to queue
[2026-04-29T05:24:54.759+0200] {logging_mixin.py:188} INFO - [2026-04-29T05:24:54.759+0200] {dagbag.py:540} INFO - Filling up the DagBag from /Users/pablofrancoherrero/prueba_tecnica/venv/lib/python3.11/site-packages/airflow/example_dags/tutorial_taskflow_api.py
[2026-04-29T05:24:54.770+0200] {processor.py:840} INFO - DAG(s) 'tutorial_taskflow_api' retrieved from /Users/pablofrancoherrero/prueba_tecnica/venv/lib/python3.11/site-packages/airflow/example_dags/tutorial_taskflow_api.py
[2026-04-29T05:24:54.795+0200] {logging_mixin.py:188} INFO - [2026-04-29T05:24:54.795+0200] {dag.py:3096} INFO - Sync 1 DAGs
[2026-04-29T05:24:54.798+0200] {logging_mixin.py:188} INFO - [2026-04-29T05:24:54.798+0200] {dag.py:3954} INFO - Setting next_dagrun for tutorial_taskflow_api to None, run_after=None
[2026-04-29T05:24:54.802+0200] {processor.py:183} INFO - Processing /Users/pablofrancoherrero/prueba_tecnica/venv/lib/python3.11/site-packages/airflow/example_dags/tutorial_taskflow_api.py took 0.045 seconds
[2026-04-29T05:25:34.066+0200] {processor.py:161} INFO - Started process (PID=73790) to work on /Users/pablofrancoherrero/prueba_tecnica/venv/lib/python3.11/site-packages/airflow/example_dags/tutorial_taskflow_api.py
[2026-04-29T05:25:34.067+0200] {processor.py:830} INFO - Processing file /Users/pablofrancoherrero/prueba_tecnica/venv/lib/python3.11/site-packages/airflow/example_dags/tutorial_taskflow_api.py for tasks to queue
[2026-04-29T05:25:34.067+0200] {logging_mixin.py:188} INFO - [2026-04-29T05:25:34.067+0200] {dagbag.py:540} INFO - Filling up the DagBag from /Users/pablofrancoherrero/prueba_tecnica/venv/lib/python3.11/site-packages/airflow/example_dags/tutorial_taskflow_api.py
[2026-04-29T05:25:34.078+0200] {processor.py:840} INFO - DAG(s) 'tutorial_taskflow_api' retrieved from /Users/pablofrancoherrero/prueba_tecnica/venv/lib/python3.11/site-packages/airflow/example_dags/tutorial_taskflow_api.py
[2026-04-29T05:25:34.103+0200] {logging_mixin.py:188} INFO - [2026-04-29T05:25:34.103+0200] {dag.py:3096} INFO - Sync 1 DAGs
[2026-04-29T05:25:34.106+0200] {logging_mixin.py:188} INFO - [2026-04-29T05:25:34.106+0200] {dag.py:3954} INFO - Setting next_dagrun for tutorial_taskflow_api to None, run_after=None
[2026-04-29T05:25:34.110+0200] {processor.py:183} INFO - Processing /Users/pablofrancoherrero/prueba_tecnica/venv/lib/python3.11/site-packages/airflow/example_dags/tutorial_taskflow_api.py took 0.045 seconds
[2026-04-29T05:26:16.331+0200] {processor.py:161} INFO - Started process (PID=73834) to work on /Users/pablofrancoherrero/prueba_tecnica/venv/lib/python3.11/site-packages/airflow/example_dags/tutorial_taskflow_api.py
[2026-04-29T05:26:16.332+0200] {processor.py:830} INFO - Processing file /Users/pablofrancoherrero/prueba_tecnica/venv/lib/python3.11/site-packages/airflow/example_dags/tutorial_taskflow_api.py for tasks to queue
[2026-04-29T05:26:16.332+0200] {logging_mixin.py:188} INFO - [2026-04-29T05:26:16.332+0200] {dagbag.py:540} INFO - Filling up the DagBag from /Users/pablofrancoherrero/prueba_tecnica/venv/lib/python3.11/site-packages/airflow/example_dags/tutorial_taskflow_api.py
[2026-04-29T05:26:16.343+0200] {processor.py:840} INFO - DAG(s) 'tutorial_taskflow_api' retrieved from /Users/pablofrancoherrero/prueba_tecnica/venv/lib/python3.11/site-packages/airflow/example_dags/tutorial_taskflow_api.py
[2026-04-29T05:26:16.367+0200] {logging_mixin.py:188} INFO - [2026-04-29T05:26:16.367+0200] {dag.py:3096} INFO - Sync 1 DAGs
[2026-04-29T05:26:16.370+0200] {logging_mixin.py:188} INFO - [2026-04-29T05:26:16.370+0200] {dag.py:3954} INFO - Setting next_dagrun for tutorial_taskflow_api to None, run_after=None
[2026-04-29T05:26:16.374+0200] {processor.py:183} INFO - Processing /Users/pablofrancoherrero/prueba_tecnica/venv/lib/python3.11/site-packages/airflow/example_dags/tutorial_taskflow_api.py took 0.044 seconds
[2026-04-29T05:26:57.524+0200] {processor.py:161} INFO - Started process (PID=73878) to work on /Users/pablofrancoherrero/prueba_tecnica/venv/lib/python3.11/site-packages/airflow/example_dags/tutorial_taskflow_api.py
[2026-04-29T05:26:57.524+0200] {processor.py:830} INFO - Processing file /Users/pablofrancoherrero/prueba_tecnica/venv/lib/python3.11/site-packages/airflow/example_dags/tutorial_taskflow_api.py for tasks to queue
[2026-04-29T05:26:57.525+0200] {logging_mixin.py:188} INFO - [2026-04-29T05:26:57.524+0200] {dagbag.py:540} INFO - Filling up the DagBag from /Users/pablofrancoherrero/prueba_tecnica/venv/lib/python3.11/site-packages/airflow/example_dags/tutorial_taskflow_api.py
[2026-04-29T05:26:57.535+0200] {processor.py:840} INFO - DAG(s) 'tutorial_taskflow_api' retrieved from /Users/pablofrancoherrero/prueba_tecnica/venv/lib/python3.11/site-packages/airflow/example_dags/tutorial_taskflow_api.py
[2026-04-29T05:26:57.560+0200] {logging_mixin.py:188} INFO - [2026-04-29T05:26:57.560+0200] {dag.py:3096} INFO - Sync 1 DAGs
[2026-04-29T05:26:57.563+0200] {logging_mixin.py:188} INFO - [2026-04-29T05:26:57.562+0200] {dag.py:3954} INFO - Setting next_dagrun for tutorial_taskflow_api to None, run_after=None
[2026-04-29T05:26:57.567+0200] {processor.py:183} INFO - Processing /Users/pablofrancoherrero/prueba_tecnica/venv/lib/python3.11/site-packages/airflow/example_dags/tutorial_taskflow_api.py took 0.044 seconds
[2026-04-29T05:27:37.290+0200] {processor.py:161} INFO - Started process (PID=73923) to work on /Users/pablofrancoherrero/prueba_tecnica/venv/lib/python3.11/site-packages/airflow/example_dags/tutorial_taskflow_api.py
[2026-04-29T05:27:37.291+0200] {processor.py:830} INFO - Processing file /Users/pablofrancoherrero/prueba_tecnica/venv/lib/python3.11/site-packages/airflow/example_dags/tutorial_taskflow_api.py for tasks to queue
[2026-04-29T05:27:37.292+0200] {logging_mixin.py:188} INFO - [2026-04-29T05:27:37.291+0200] {dagbag.py:540} INFO - Filling up the DagBag from /Users/pablofrancoherrero/prueba_tecnica/venv/lib/python3.11/site-packages/airflow/example_dags/tutorial_taskflow_api.py
[2026-04-29T05:27:37.302+0200] {processor.py:840} INFO - DAG(s) 'tutorial_taskflow_api' retrieved from /Users/pablofrancoherrero/prueba_tecnica/venv/lib/python3.11/site-packages/airflow/example_dags/tutorial_taskflow_api.py
[2026-04-29T05:27:37.328+0200] {logging_mixin.py:188} INFO - [2026-04-29T05:27:37.328+0200] {dag.py:3096} INFO - Sync 1 DAGs
[2026-04-29T05:27:37.330+0200] {logging_mixin.py:188} INFO - [2026-04-29T05:27:37.330+0200] {dag.py:3954} INFO - Setting next_dagrun for tutorial_taskflow_api to None, run_after=None
[2026-04-29T05:27:37.335+0200] {processor.py:183} INFO - Processing /Users/pablofrancoherrero/prueba_tecnica/venv/lib/python3.11/site-packages/airflow/example_dags/tutorial_taskflow_api.py took 0.045 seconds
[2026-04-29T05:28:18.029+0200] {processor.py:161} INFO - Started process (PID=73968) to work on /Users/pablofrancoherrero/prueba_tecnica/venv/lib/python3.11/site-packages/airflow/example_dags/tutorial_taskflow_api.py
[2026-04-29T05:28:18.029+0200] {processor.py:830} INFO - Processing file /Users/pablofrancoherrero/prueba_tecnica/venv/lib/python3.11/site-packages/airflow/example_dags/tutorial_taskflow_api.py for tasks to queue
[2026-04-29T05:28:18.029+0200] {logging_mixin.py:188} INFO - [2026-04-29T05:28:18.029+0200] {dagbag.py:540} INFO - Filling up the DagBag from /Users/pablofrancoherrero/prueba_tecnica/venv/lib/python3.11/site-packages/airflow/example_dags/tutorial_taskflow_api.py
[2026-04-29T05:28:18.040+0200] {processor.py:840} INFO - DAG(s) 'tutorial_taskflow_api' retrieved from /Users/pablofrancoherrero/prueba_tecnica/venv/lib/python3.11/site-packages/airflow/example_dags/tutorial_taskflow_api.py
[2026-04-29T05:28:18.065+0200] {logging_mixin.py:188} INFO - [2026-04-29T05:28:18.065+0200] {dag.py:3096} INFO - Sync 1 DAGs
[2026-04-29T05:28:18.067+0200] {logging_mixin.py:188} INFO - [2026-04-29T05:28:18.067+0200] {dag.py:3954} INFO - Setting next_dagrun for tutorial_taskflow_api to None, run_after=None
[2026-04-29T05:28:18.072+0200] {processor.py:183} INFO - Processing /Users/pablofrancoherrero/prueba_tecnica/venv/lib/python3.11/site-packages/airflow/example_dags/tutorial_taskflow_api.py took 0.044 seconds
[2026-04-29T05:28:59.380+0200] {processor.py:161} INFO - Started process (PID=74028) to work on /Users/pablofrancoherrero/prueba_tecnica/venv/lib/python3.11/site-packages/airflow/example_dags/tutorial_taskflow_api.py
[2026-04-29T05:28:59.381+0200] {processor.py:830} INFO - Processing file /Users/pablofrancoherrero/prueba_tecnica/venv/lib/python3.11/site-packages/airflow/example_dags/tutorial_taskflow_api.py for tasks to queue
[2026-04-29T05:28:59.382+0200] {logging_mixin.py:188} INFO - [2026-04-29T05:28:59.382+0200] {dagbag.py:540} INFO - Filling up the DagBag from /Users/pablofrancoherrero/prueba_tecnica/venv/lib/python3.11/site-packages/airflow/example_dags/tutorial_taskflow_api.py
[2026-04-29T05:28:59.392+0200] {processor.py:840} INFO - DAG(s) 'tutorial_taskflow_api' retrieved from /Users/pablofrancoherrero/prueba_tecnica/venv/lib/python3.11/site-packages/airflow/example_dags/tutorial_taskflow_api.py
[2026-04-29T05:28:59.417+0200] {logging_mixin.py:188} INFO - [2026-04-29T05:28:59.417+0200] {dag.py:3096} INFO - Sync 1 DAGs
[2026-04-29T05:28:59.419+0200] {logging_mixin.py:188} INFO - [2026-04-29T05:28:59.419+0200] {dag.py:3954} INFO - Setting next_dagrun for tutorial_taskflow_api to None, run_after=None
[2026-04-29T05:28:59.424+0200] {processor.py:183} INFO - Processing /Users/pablofrancoherrero/prueba_tecnica/venv/lib/python3.11/site-packages/airflow/example_dags/tutorial_taskflow_api.py took 0.044 seconds
[2026-04-29T05:29:38.186+0200] {processor.py:161} INFO - Started process (PID=74070) to work on /Users/pablofrancoherrero/prueba_tecnica/venv/lib/python3.11/site-packages/airflow/example_dags/tutorial_taskflow_api.py
[2026-04-29T05:29:38.187+0200] {processor.py:830} INFO - Processing file /Users/pablofrancoherrero/prueba_tecnica/venv/lib/python3.11/site-packages/airflow/example_dags/tutorial_taskflow_api.py for tasks to queue
[2026-04-29T05:29:38.187+0200] {logging_mixin.py:188} INFO - [2026-04-29T05:29:38.187+0200] {dagbag.py:540} INFO - Filling up the DagBag from /Users/pablofrancoherrero/prueba_tecnica/venv/lib/python3.11/site-packages/airflow/example_dags/tutorial_taskflow_api.py
[2026-04-29T05:29:38.198+0200] {processor.py:840} INFO - DAG(s) 'tutorial_taskflow_api' retrieved from /Users/pablofrancoherrero/prueba_tecnica/venv/lib/python3.11/site-packages/airflow/example_dags/tutorial_taskflow_api.py
[2026-04-29T05:29:38.222+0200] {logging_mixin.py:188} INFO - [2026-04-29T05:29:38.222+0200] {dag.py:3096} INFO - Sync 1 DAGs
[2026-04-29T05:29:38.224+0200] {logging_mixin.py:188} INFO - [2026-04-29T05:29:38.224+0200] {dag.py:3954} INFO - Setting next_dagrun for tutorial_taskflow_api to None, run_after=None
[2026-04-29T05:29:38.229+0200] {processor.py:183} INFO - Processing /Users/pablofrancoherrero/prueba_tecnica/venv/lib/python3.11/site-packages/airflow/example_dags/tutorial_taskflow_api.py took 0.044 seconds
[2026-04-29T05:30:55.410+0200] {processor.py:161} INFO - Started process (PID=74152) to work on /Users/pablofrancoherrero/prueba_tecnica/venv/lib/python3.11/site-packages/airflow/example_dags/tutorial_taskflow_api.py
[2026-04-29T05:30:55.411+0200] {processor.py:830} INFO - Processing file /Users/pablofrancoherrero/prueba_tecnica/venv/lib/python3.11/site-packages/airflow/example_dags/tutorial_taskflow_api.py for tasks to queue
[2026-04-29T05:30:55.411+0200] {logging_mixin.py:188} INFO - [2026-04-29T05:30:55.411+0200] {dagbag.py:540} INFO - Filling up the DagBag from /Users/pablofrancoherrero/prueba_tecnica/venv/lib/python3.11/site-packages/airflow/example_dags/tutorial_taskflow_api.py
[2026-04-29T05:30:55.422+0200] {processor.py:840} INFO - DAG(s) 'tutorial_taskflow_api' retrieved from /Users/pablofrancoherrero/prueba_tecnica/venv/lib/python3.11/site-packages/airflow/example_dags/tutorial_taskflow_api.py
[2026-04-29T05:30:55.446+0200] {logging_mixin.py:188} INFO - [2026-04-29T05:30:55.446+0200] {dag.py:3096} INFO - Sync 1 DAGs
[2026-04-29T05:30:55.448+0200] {logging_mixin.py:188} INFO - [2026-04-29T05:30:55.448+0200] {dag.py:3954} INFO - Setting next_dagrun for tutorial_taskflow_api to None, run_after=None
[2026-04-29T05:30:55.453+0200] {processor.py:183} INFO - Processing /Users/pablofrancoherrero/prueba_tecnica/venv/lib/python3.11/site-packages/airflow/example_dags/tutorial_taskflow_api.py took 0.044 seconds
[2026-04-29T05:31:34.869+0200] {processor.py:161} INFO - Started process (PID=74191) to work on /Users/pablofrancoherrero/prueba_tecnica/venv/lib/python3.11/site-packages/airflow/example_dags/tutorial_taskflow_api.py
[2026-04-29T05:31:34.870+0200] {processor.py:830} INFO - Processing file /Users/pablofrancoherrero/prueba_tecnica/venv/lib/python3.11/site-packages/airflow/example_dags/tutorial_taskflow_api.py for tasks to queue
[2026-04-29T05:31:34.871+0200] {logging_mixin.py:188} INFO - [2026-04-29T05:31:34.871+0200] {dagbag.py:540} INFO - Filling up the DagBag from /Users/pablofrancoherrero/prueba_tecnica/venv/lib/python3.11/site-packages/airflow/example_dags/tutorial_taskflow_api.py
[2026-04-29T05:31:34.881+0200] {processor.py:840} INFO - DAG(s) 'tutorial_taskflow_api' retrieved from /Users/pablofrancoherrero/prueba_tecnica/venv/lib/python3.11/site-packages/airflow/example_dags/tutorial_taskflow_api.py
[2026-04-29T05:31:34.905+0200] {logging_mixin.py:188} INFO - [2026-04-29T05:31:34.905+0200] {dag.py:3096} INFO - Sync 1 DAGs
[2026-04-29T05:31:34.908+0200] {logging_mixin.py:188} INFO - [2026-04-29T05:31:34.908+0200] {dag.py:3954} INFO - Setting next_dagrun for tutorial_taskflow_api to None, run_after=None
[2026-04-29T05:31:34.912+0200] {processor.py:183} INFO - Processing /Users/pablofrancoherrero/prueba_tecnica/venv/lib/python3.11/site-packages/airflow/example_dags/tutorial_taskflow_api.py took 0.044 seconds
[2026-04-29T05:32:15.494+0200] {processor.py:161} INFO - Started process (PID=74237) to work on /Users/pablofrancoherrero/prueba_tecnica/venv/lib/python3.11/site-packages/airflow/example_dags/tutorial_taskflow_api.py
[2026-04-29T05:32:15.495+0200] {processor.py:830} INFO - Processing file /Users/pablofrancoherrero/prueba_tecnica/venv/lib/python3.11/site-packages/airflow/example_dags/tutorial_taskflow_api.py for tasks to queue
[2026-04-29T05:32:15.495+0200] {logging_mixin.py:188} INFO - [2026-04-29T05:32:15.495+0200] {dagbag.py:540} INFO - Filling up the DagBag from /Users/pablofrancoherrero/prueba_tecnica/venv/lib/python3.11/site-packages/airflow/example_dags/tutorial_taskflow_api.py
[2026-04-29T05:32:15.506+0200] {processor.py:840} INFO - DAG(s) 'tutorial_taskflow_api' retrieved from /Users/pablofrancoherrero/prueba_tecnica/venv/lib/python3.11/site-packages/airflow/example_dags/tutorial_taskflow_api.py
[2026-04-29T05:32:15.530+0200] {logging_mixin.py:188} INFO - [2026-04-29T05:32:15.530+0200] {dag.py:3096} INFO - Sync 1 DAGs
[2026-04-29T05:32:15.533+0200] {logging_mixin.py:188} INFO - [2026-04-29T05:32:15.533+0200] {dag.py:3954} INFO - Setting next_dagrun for tutorial_taskflow_api to None, run_after=None
[2026-04-29T05:32:15.537+0200] {processor.py:183} INFO - Processing /Users/pablofrancoherrero/prueba_tecnica/venv/lib/python3.11/site-packages/airflow/example_dags/tutorial_taskflow_api.py took 0.044 seconds
[2026-04-29T05:32:57.670+0200] {processor.py:161} INFO - Started process (PID=74288) to work on /Users/pablofrancoherrero/prueba_tecnica/venv/lib/python3.11/site-packages/airflow/example_dags/tutorial_taskflow_api.py
[2026-04-29T05:32:57.671+0200] {processor.py:830} INFO - Processing file /Users/pablofrancoherrero/prueba_tecnica/venv/lib/python3.11/site-packages/airflow/example_dags/tutorial_taskflow_api.py for tasks to queue
[2026-04-29T05:32:57.672+0200] {logging_mixin.py:188} INFO - [2026-04-29T05:32:57.671+0200] {dagbag.py:540} INFO - Filling up the DagBag from /Users/pablofrancoherrero/prueba_tecnica/venv/lib/python3.11/site-packages/airflow/example_dags/tutorial_taskflow_api.py
[2026-04-29T05:32:57.682+0200] {processor.py:840} INFO - DAG(s) 'tutorial_taskflow_api' retrieved from /Users/pablofrancoherrero/prueba_tecnica/venv/lib/python3.11/site-packages/airflow/example_dags/tutorial_taskflow_api.py
[2026-04-29T05:32:57.707+0200] {logging_mixin.py:188} INFO - [2026-04-29T05:32:57.706+0200] {dag.py:3096} INFO - Sync 1 DAGs
[2026-04-29T05:32:57.709+0200] {logging_mixin.py:188} INFO - [2026-04-29T05:32:57.709+0200] {dag.py:3954} INFO - Setting next_dagrun for tutorial_taskflow_api to None, run_after=None
[2026-04-29T05:32:57.714+0200] {processor.py:183} INFO - Processing /Users/pablofrancoherrero/prueba_tecnica/venv/lib/python3.11/site-packages/airflow/example_dags/tutorial_taskflow_api.py took 0.044 seconds
[2026-04-29T05:33:38.585+0200] {processor.py:161} INFO - Started process (PID=74331) to work on /Users/pablofrancoherrero/prueba_tecnica/venv/lib/python3.11/site-packages/airflow/example_dags/tutorial_taskflow_api.py
[2026-04-29T05:33:38.586+0200] {processor.py:830} INFO - Processing file /Users/pablofrancoherrero/prueba_tecnica/venv/lib/python3.11/site-packages/airflow/example_dags/tutorial_taskflow_api.py for tasks to queue
[2026-04-29T05:33:38.586+0200] {logging_mixin.py:188} INFO - [2026-04-29T05:33:38.586+0200] {dagbag.py:540} INFO - Filling up the DagBag from /Users/pablofrancoherrero/prueba_tecnica/venv/lib/python3.11/site-packages/airflow/example_dags/tutorial_taskflow_api.py
[2026-04-29T05:33:38.597+0200] {processor.py:840} INFO - DAG(s) 'tutorial_taskflow_api' retrieved from /Users/pablofrancoherrero/prueba_tecnica/venv/lib/python3.11/site-packages/airflow/example_dags/tutorial_taskflow_api.py
[2026-04-29T05:33:38.622+0200] {logging_mixin.py:188} INFO - [2026-04-29T05:33:38.622+0200] {dag.py:3096} INFO - Sync 1 DAGs
[2026-04-29T05:33:38.624+0200] {logging_mixin.py:188} INFO - [2026-04-29T05:33:38.624+0200] {dag.py:3954} INFO - Setting next_dagrun for tutorial_taskflow_api to None, run_after=None
[2026-04-29T05:33:38.629+0200] {processor.py:183} INFO - Processing /Users/pablofrancoherrero/prueba_tecnica/venv/lib/python3.11/site-packages/airflow/example_dags/tutorial_taskflow_api.py took 0.045 seconds
[2026-04-29T05:34:17.727+0200] {processor.py:161} INFO - Started process (PID=74416) to work on /Users/pablofrancoherrero/prueba_tecnica/venv/lib/python3.11/site-packages/airflow/example_dags/tutorial_taskflow_api.py
[2026-04-29T05:34:17.728+0200] {processor.py:830} INFO - Processing file /Users/pablofrancoherrero/prueba_tecnica/venv/lib/python3.11/site-packages/airflow/example_dags/tutorial_taskflow_api.py for tasks to queue
[2026-04-29T05:34:17.728+0200] {logging_mixin.py:188} INFO - [2026-04-29T05:34:17.728+0200] {dagbag.py:540} INFO - Filling up the DagBag from /Users/pablofrancoherrero/prueba_tecnica/venv/lib/python3.11/site-packages/airflow/example_dags/tutorial_taskflow_api.py
[2026-04-29T05:34:17.739+0200] {processor.py:840} INFO - DAG(s) 'tutorial_taskflow_api' retrieved from /Users/pablofrancoherrero/prueba_tecnica/venv/lib/python3.11/site-packages/airflow/example_dags/tutorial_taskflow_api.py
[2026-04-29T05:34:17.764+0200] {logging_mixin.py:188} INFO - [2026-04-29T05:34:17.764+0200] {dag.py:3096} INFO - Sync 1 DAGs
[2026-04-29T05:34:17.766+0200] {logging_mixin.py:188} INFO - [2026-04-29T05:34:17.766+0200] {dag.py:3954} INFO - Setting next_dagrun for tutorial_taskflow_api to None, run_after=None
[2026-04-29T05:34:17.771+0200] {processor.py:183} INFO - Processing /Users/pablofrancoherrero/prueba_tecnica/venv/lib/python3.11/site-packages/airflow/example_dags/tutorial_taskflow_api.py took 0.045 seconds
[2026-04-29T05:34:56.992+0200] {processor.py:161} INFO - Started process (PID=74459) to work on /Users/pablofrancoherrero/prueba_tecnica/venv/lib/python3.11/site-packages/airflow/example_dags/tutorial_taskflow_api.py
[2026-04-29T05:34:56.993+0200] {processor.py:830} INFO - Processing file /Users/pablofrancoherrero/prueba_tecnica/venv/lib/python3.11/site-packages/airflow/example_dags/tutorial_taskflow_api.py for tasks to queue
[2026-04-29T05:34:56.993+0200] {logging_mixin.py:188} INFO - [2026-04-29T05:34:56.993+0200] {dagbag.py:540} INFO - Filling up the DagBag from /Users/pablofrancoherrero/prueba_tecnica/venv/lib/python3.11/site-packages/airflow/example_dags/tutorial_taskflow_api.py
[2026-04-29T05:34:57.004+0200] {processor.py:840} INFO - DAG(s) 'tutorial_taskflow_api' retrieved from /Users/pablofrancoherrero/prueba_tecnica/venv/lib/python3.11/site-packages/airflow/example_dags/tutorial_taskflow_api.py
[2026-04-29T05:34:57.029+0200] {logging_mixin.py:188} INFO - [2026-04-29T05:34:57.029+0200] {dag.py:3096} INFO - Sync 1 DAGs
[2026-04-29T05:34:57.031+0200] {logging_mixin.py:188} INFO - [2026-04-29T05:34:57.031+0200] {dag.py:3954} INFO - Setting next_dagrun for tutorial_taskflow_api to None, run_after=None
[2026-04-29T05:34:57.036+0200] {processor.py:183} INFO - Processing /Users/pablofrancoherrero/prueba_tecnica/venv/lib/python3.11/site-packages/airflow/example_dags/tutorial_taskflow_api.py took 0.045 seconds
[2026-04-29T05:35:36.744+0200] {processor.py:161} INFO - Started process (PID=74504) to work on /Users/pablofrancoherrero/prueba_tecnica/venv/lib/python3.11/site-packages/airflow/example_dags/tutorial_taskflow_api.py
[2026-04-29T05:35:36.744+0200] {processor.py:830} INFO - Processing file /Users/pablofrancoherrero/prueba_tecnica/venv/lib/python3.11/site-packages/airflow/example_dags/tutorial_taskflow_api.py for tasks to queue
[2026-04-29T05:35:36.745+0200] {logging_mixin.py:188} INFO - [2026-04-29T05:35:36.744+0200] {dagbag.py:540} INFO - Filling up the DagBag from /Users/pablofrancoherrero/prueba_tecnica/venv/lib/python3.11/site-packages/airflow/example_dags/tutorial_taskflow_api.py
[2026-04-29T05:35:36.757+0200] {processor.py:840} INFO - DAG(s) 'tutorial_taskflow_api' retrieved from /Users/pablofrancoherrero/prueba_tecnica/venv/lib/python3.11/site-packages/airflow/example_dags/tutorial_taskflow_api.py
[2026-04-29T05:35:36.785+0200] {logging_mixin.py:188} INFO - [2026-04-29T05:35:36.785+0200] {dag.py:3096} INFO - Sync 1 DAGs
[2026-04-29T05:35:36.788+0200] {logging_mixin.py:188} INFO - [2026-04-29T05:35:36.788+0200] {dag.py:3954} INFO - Setting next_dagrun for tutorial_taskflow_api to None, run_after=None
[2026-04-29T05:35:36.792+0200] {processor.py:183} INFO - Processing /Users/pablofrancoherrero/prueba_tecnica/venv/lib/python3.11/site-packages/airflow/example_dags/tutorial_taskflow_api.py took 0.049 seconds
[2026-04-29T05:36:16.279+0200] {processor.py:161} INFO - Started process (PID=74545) to work on /Users/pablofrancoherrero/prueba_tecnica/venv/lib/python3.11/site-packages/airflow/example_dags/tutorial_taskflow_api.py
[2026-04-29T05:36:16.280+0200] {processor.py:830} INFO - Processing file /Users/pablofrancoherrero/prueba_tecnica/venv/lib/python3.11/site-packages/airflow/example_dags/tutorial_taskflow_api.py for tasks to queue
[2026-04-29T05:36:16.280+0200] {logging_mixin.py:188} INFO - [2026-04-29T05:36:16.280+0200] {dagbag.py:540} INFO - Filling up the DagBag from /Users/pablofrancoherrero/prueba_tecnica/venv/lib/python3.11/site-packages/airflow/example_dags/tutorial_taskflow_api.py
[2026-04-29T05:36:16.292+0200] {processor.py:840} INFO - DAG(s) 'tutorial_taskflow_api' retrieved from /Users/pablofrancoherrero/prueba_tecnica/venv/lib/python3.11/site-packages/airflow/example_dags/tutorial_taskflow_api.py
[2026-04-29T05:36:16.317+0200] {logging_mixin.py:188} INFO - [2026-04-29T05:36:16.317+0200] {dag.py:3096} INFO - Sync 1 DAGs
[2026-04-29T05:36:16.319+0200] {logging_mixin.py:188} INFO - [2026-04-29T05:36:16.319+0200] {dag.py:3954} INFO - Setting next_dagrun for tutorial_taskflow_api to None, run_after=None
[2026-04-29T05:36:16.324+0200] {processor.py:183} INFO - Processing /Users/pablofrancoherrero/prueba_tecnica/venv/lib/python3.11/site-packages/airflow/example_dags/tutorial_taskflow_api.py took 0.046 seconds
[2026-04-29T05:36:58.116+0200] {processor.py:161} INFO - Started process (PID=74590) to work on /Users/pablofrancoherrero/prueba_tecnica/venv/lib/python3.11/site-packages/airflow/example_dags/tutorial_taskflow_api.py
[2026-04-29T05:36:58.117+0200] {processor.py:830} INFO - Processing file /Users/pablofrancoherrero/prueba_tecnica/venv/lib/python3.11/site-packages/airflow/example_dags/tutorial_taskflow_api.py for tasks to queue
[2026-04-29T05:36:58.117+0200] {logging_mixin.py:188} INFO - [2026-04-29T05:36:58.117+0200] {dagbag.py:540} INFO - Filling up the DagBag from /Users/pablofrancoherrero/prueba_tecnica/venv/lib/python3.11/site-packages/airflow/example_dags/tutorial_taskflow_api.py
[2026-04-29T05:36:58.128+0200] {processor.py:840} INFO - DAG(s) 'tutorial_taskflow_api' retrieved from /Users/pablofrancoherrero/prueba_tecnica/venv/lib/python3.11/site-packages/airflow/example_dags/tutorial_taskflow_api.py
[2026-04-29T05:36:58.152+0200] {logging_mixin.py:188} INFO - [2026-04-29T05:36:58.152+0200] {dag.py:3096} INFO - Sync 1 DAGs
[2026-04-29T05:36:58.155+0200] {logging_mixin.py:188} INFO - [2026-04-29T05:36:58.155+0200] {dag.py:3954} INFO - Setting next_dagrun for tutorial_taskflow_api to None, run_after=None
[2026-04-29T05:36:58.159+0200] {processor.py:183} INFO - Processing /Users/pablofrancoherrero/prueba_tecnica/venv/lib/python3.11/site-packages/airflow/example_dags/tutorial_taskflow_api.py took 0.044 seconds
[2026-04-29T05:37:37.866+0200] {processor.py:161} INFO - Started process (PID=74632) to work on /Users/pablofrancoherrero/prueba_tecnica/venv/lib/python3.11/site-packages/airflow/example_dags/tutorial_taskflow_api.py
[2026-04-29T05:37:37.867+0200] {processor.py:830} INFO - Processing file /Users/pablofrancoherrero/prueba_tecnica/venv/lib/python3.11/site-packages/airflow/example_dags/tutorial_taskflow_api.py for tasks to queue
[2026-04-29T05:37:37.867+0200] {logging_mixin.py:188} INFO - [2026-04-29T05:37:37.867+0200] {dagbag.py:540} INFO - Filling up the DagBag from /Users/pablofrancoherrero/prueba_tecnica/venv/lib/python3.11/site-packages/airflow/example_dags/tutorial_taskflow_api.py
[2026-04-29T05:37:37.878+0200] {processor.py:840} INFO - DAG(s) 'tutorial_taskflow_api' retrieved from /Users/pablofrancoherrero/prueba_tecnica/venv/lib/python3.11/site-packages/airflow/example_dags/tutorial_taskflow_api.py
[2026-04-29T05:37:37.902+0200] {logging_mixin.py:188} INFO - [2026-04-29T05:37:37.902+0200] {dag.py:3096} INFO - Sync 1 DAGs
[2026-04-29T05:37:37.905+0200] {logging_mixin.py:188} INFO - [2026-04-29T05:37:37.905+0200] {dag.py:3954} INFO - Setting next_dagrun for tutorial_taskflow_api to None, run_after=None
[2026-04-29T05:37:37.909+0200] {processor.py:183} INFO - Processing /Users/pablofrancoherrero/prueba_tecnica/venv/lib/python3.11/site-packages/airflow/example_dags/tutorial_taskflow_api.py took 0.044 seconds
[2026-04-29T05:38:17.937+0200] {processor.py:161} INFO - Started process (PID=74687) to work on /Users/pablofrancoherrero/prueba_tecnica/venv/lib/python3.11/site-packages/airflow/example_dags/tutorial_taskflow_api.py
[2026-04-29T05:38:17.938+0200] {processor.py:830} INFO - Processing file /Users/pablofrancoherrero/prueba_tecnica/venv/lib/python3.11/site-packages/airflow/example_dags/tutorial_taskflow_api.py for tasks to queue
[2026-04-29T05:38:17.938+0200] {logging_mixin.py:188} INFO - [2026-04-29T05:38:17.938+0200] {dagbag.py:540} INFO - Filling up the DagBag from /Users/pablofrancoherrero/prueba_tecnica/venv/lib/python3.11/site-packages/airflow/example_dags/tutorial_taskflow_api.py
[2026-04-29T05:38:17.949+0200] {processor.py:840} INFO - DAG(s) 'tutorial_taskflow_api' retrieved from /Users/pablofrancoherrero/prueba_tecnica/venv/lib/python3.11/site-packages/airflow/example_dags/tutorial_taskflow_api.py
[2026-04-29T05:38:17.974+0200] {logging_mixin.py:188} INFO - [2026-04-29T05:38:17.974+0200] {dag.py:3096} INFO - Sync 1 DAGs
[2026-04-29T05:38:17.977+0200] {logging_mixin.py:188} INFO - [2026-04-29T05:38:17.977+0200] {dag.py:3954} INFO - Setting next_dagrun for tutorial_taskflow_api to None, run_after=None
[2026-04-29T05:38:17.981+0200] {processor.py:183} INFO - Processing /Users/pablofrancoherrero/prueba_tecnica/venv/lib/python3.11/site-packages/airflow/example_dags/tutorial_taskflow_api.py took 0.045 seconds
[2026-04-29T05:38:58.747+0200] {processor.py:161} INFO - Started process (PID=74730) to work on /Users/pablofrancoherrero/prueba_tecnica/venv/lib/python3.11/site-packages/airflow/example_dags/tutorial_taskflow_api.py
[2026-04-29T05:38:58.748+0200] {processor.py:830} INFO - Processing file /Users/pablofrancoherrero/prueba_tecnica/venv/lib/python3.11/site-packages/airflow/example_dags/tutorial_taskflow_api.py for tasks to queue
[2026-04-29T05:38:58.749+0200] {logging_mixin.py:188} INFO - [2026-04-29T05:38:58.749+0200] {dagbag.py:540} INFO - Filling up the DagBag from /Users/pablofrancoherrero/prueba_tecnica/venv/lib/python3.11/site-packages/airflow/example_dags/tutorial_taskflow_api.py
[2026-04-29T05:38:58.760+0200] {processor.py:840} INFO - DAG(s) 'tutorial_taskflow_api' retrieved from /Users/pablofrancoherrero/prueba_tecnica/venv/lib/python3.11/site-packages/airflow/example_dags/tutorial_taskflow_api.py
[2026-04-29T05:38:58.785+0200] {logging_mixin.py:188} INFO - [2026-04-29T05:38:58.785+0200] {dag.py:3096} INFO - Sync 1 DAGs
[2026-04-29T05:38:58.787+0200] {logging_mixin.py:188} INFO - [2026-04-29T05:38:58.787+0200] {dag.py:3954} INFO - Setting next_dagrun for tutorial_taskflow_api to None, run_after=None
[2026-04-29T05:38:58.792+0200] {processor.py:183} INFO - Processing /Users/pablofrancoherrero/prueba_tecnica/venv/lib/python3.11/site-packages/airflow/example_dags/tutorial_taskflow_api.py took 0.046 seconds
[2026-04-29T05:39:38.666+0200] {processor.py:161} INFO - Started process (PID=74787) to work on /Users/pablofrancoherrero/prueba_tecnica/venv/lib/python3.11/site-packages/airflow/example_dags/tutorial_taskflow_api.py
[2026-04-29T05:39:38.667+0200] {processor.py:830} INFO - Processing file /Users/pablofrancoherrero/prueba_tecnica/venv/lib/python3.11/site-packages/airflow/example_dags/tutorial_taskflow_api.py for tasks to queue
[2026-04-29T05:39:38.667+0200] {logging_mixin.py:188} INFO - [2026-04-29T05:39:38.667+0200] {dagbag.py:540} INFO - Filling up the DagBag from /Users/pablofrancoherrero/prueba_tecnica/venv/lib/python3.11/site-packages/airflow/example_dags/tutorial_taskflow_api.py
[2026-04-29T05:39:38.678+0200] {processor.py:840} INFO - DAG(s) 'tutorial_taskflow_api' retrieved from /Users/pablofrancoherrero/prueba_tecnica/venv/lib/python3.11/site-packages/airflow/example_dags/tutorial_taskflow_api.py
[2026-04-29T05:39:38.703+0200] {logging_mixin.py:188} INFO - [2026-04-29T05:39:38.703+0200] {dag.py:3096} INFO - Sync 1 DAGs
[2026-04-29T05:39:38.705+0200] {logging_mixin.py:188} INFO - [2026-04-29T05:39:38.705+0200] {dag.py:3954} INFO - Setting next_dagrun for tutorial_taskflow_api to None, run_after=None
[2026-04-29T05:39:38.710+0200] {processor.py:183} INFO - Processing /Users/pablofrancoherrero/prueba_tecnica/venv/lib/python3.11/site-packages/airflow/example_dags/tutorial_taskflow_api.py took 0.045 seconds
[2026-04-29T05:40:19.876+0200] {processor.py:161} INFO - Started process (PID=74828) to work on /Users/pablofrancoherrero/prueba_tecnica/venv/lib/python3.11/site-packages/airflow/example_dags/tutorial_taskflow_api.py
[2026-04-29T05:40:19.877+0200] {processor.py:830} INFO - Processing file /Users/pablofrancoherrero/prueba_tecnica/venv/lib/python3.11/site-packages/airflow/example_dags/tutorial_taskflow_api.py for tasks to queue
[2026-04-29T05:40:19.877+0200] {logging_mixin.py:188} INFO - [2026-04-29T05:40:19.877+0200] {dagbag.py:540} INFO - Filling up the DagBag from /Users/pablofrancoherrero/prueba_tecnica/venv/lib/python3.11/site-packages/airflow/example_dags/tutorial_taskflow_api.py
[2026-04-29T05:40:19.888+0200] {processor.py:840} INFO - DAG(s) 'tutorial_taskflow_api' retrieved from /Users/pablofrancoherrero/prueba_tecnica/venv/lib/python3.11/site-packages/airflow/example_dags/tutorial_taskflow_api.py
[2026-04-29T05:40:19.913+0200] {logging_mixin.py:188} INFO - [2026-04-29T05:40:19.913+0200] {dag.py:3096} INFO - Sync 1 DAGs
[2026-04-29T05:40:19.915+0200] {logging_mixin.py:188} INFO - [2026-04-29T05:40:19.915+0200] {dag.py:3954} INFO - Setting next_dagrun for tutorial_taskflow_api to None, run_after=None
[2026-04-29T05:40:19.920+0200] {processor.py:183} INFO - Processing /Users/pablofrancoherrero/prueba_tecnica/venv/lib/python3.11/site-packages/airflow/example_dags/tutorial_taskflow_api.py took 0.045 seconds
[2026-04-29T05:41:02.394+0200] {processor.py:161} INFO - Started process (PID=74884) to work on /Users/pablofrancoherrero/prueba_tecnica/venv/lib/python3.11/site-packages/airflow/example_dags/tutorial_taskflow_api.py
[2026-04-29T05:41:02.395+0200] {processor.py:830} INFO - Processing file /Users/pablofrancoherrero/prueba_tecnica/venv/lib/python3.11/site-packages/airflow/example_dags/tutorial_taskflow_api.py for tasks to queue
[2026-04-29T05:41:02.395+0200] {logging_mixin.py:188} INFO - [2026-04-29T05:41:02.395+0200] {dagbag.py:540} INFO - Filling up the DagBag from /Users/pablofrancoherrero/prueba_tecnica/venv/lib/python3.11/site-packages/airflow/example_dags/tutorial_taskflow_api.py
[2026-04-29T05:41:02.406+0200] {processor.py:840} INFO - DAG(s) 'tutorial_taskflow_api' retrieved from /Users/pablofrancoherrero/prueba_tecnica/venv/lib/python3.11/site-packages/airflow/example_dags/tutorial_taskflow_api.py
[2026-04-29T05:41:02.432+0200] {logging_mixin.py:188} INFO - [2026-04-29T05:41:02.432+0200] {dag.py:3096} INFO - Sync 1 DAGs
[2026-04-29T05:41:02.435+0200] {logging_mixin.py:188} INFO - [2026-04-29T05:41:02.435+0200] {dag.py:3954} INFO - Setting next_dagrun for tutorial_taskflow_api to None, run_after=None
[2026-04-29T05:41:02.439+0200] {processor.py:183} INFO - Processing /Users/pablofrancoherrero/prueba_tecnica/venv/lib/python3.11/site-packages/airflow/example_dags/tutorial_taskflow_api.py took 0.046 seconds
[2026-04-29T05:41:43.829+0200] {processor.py:161} INFO - Started process (PID=74929) to work on /Users/pablofrancoherrero/prueba_tecnica/venv/lib/python3.11/site-packages/airflow/example_dags/tutorial_taskflow_api.py
[2026-04-29T05:41:43.830+0200] {processor.py:830} INFO - Processing file /Users/pablofrancoherrero/prueba_tecnica/venv/lib/python3.11/site-packages/airflow/example_dags/tutorial_taskflow_api.py for tasks to queue
[2026-04-29T05:41:43.830+0200] {logging_mixin.py:188} INFO - [2026-04-29T05:41:43.830+0200] {dagbag.py:540} INFO - Filling up the DagBag from /Users/pablofrancoherrero/prueba_tecnica/venv/lib/python3.11/site-packages/airflow/example_dags/tutorial_taskflow_api.py
[2026-04-29T05:41:43.841+0200] {processor.py:840} INFO - DAG(s) 'tutorial_taskflow_api' retrieved from /Users/pablofrancoherrero/prueba_tecnica/venv/lib/python3.11/site-packages/airflow/example_dags/tutorial_taskflow_api.py
[2026-04-29T05:41:43.866+0200] {logging_mixin.py:188} INFO - [2026-04-29T05:41:43.866+0200] {dag.py:3096} INFO - Sync 1 DAGs
[2026-04-29T05:41:43.869+0200] {logging_mixin.py:188} INFO - [2026-04-29T05:41:43.868+0200] {dag.py:3954} INFO - Setting next_dagrun for tutorial_taskflow_api to None, run_after=None
[2026-04-29T05:41:43.873+0200] {processor.py:183} INFO - Processing /Users/pablofrancoherrero/prueba_tecnica/venv/lib/python3.11/site-packages/airflow/example_dags/tutorial_taskflow_api.py took 0.045 seconds
[2026-04-29T05:42:23.640+0200] {processor.py:161} INFO - Started process (PID=74973) to work on /Users/pablofrancoherrero/prueba_tecnica/venv/lib/python3.11/site-packages/airflow/example_dags/tutorial_taskflow_api.py
[2026-04-29T05:42:23.641+0200] {processor.py:830} INFO - Processing file /Users/pablofrancoherrero/prueba_tecnica/venv/lib/python3.11/site-packages/airflow/example_dags/tutorial_taskflow_api.py for tasks to queue
[2026-04-29T05:42:23.641+0200] {logging_mixin.py:188} INFO - [2026-04-29T05:42:23.641+0200] {dagbag.py:540} INFO - Filling up the DagBag from /Users/pablofrancoherrero/prueba_tecnica/venv/lib/python3.11/site-packages/airflow/example_dags/tutorial_taskflow_api.py
[2026-04-29T05:42:23.652+0200] {processor.py:840} INFO - DAG(s) 'tutorial_taskflow_api' retrieved from /Users/pablofrancoherrero/prueba_tecnica/venv/lib/python3.11/site-packages/airflow/example_dags/tutorial_taskflow_api.py
[2026-04-29T05:42:23.676+0200] {logging_mixin.py:188} INFO - [2026-04-29T05:42:23.676+0200] {dag.py:3096} INFO - Sync 1 DAGs
[2026-04-29T05:42:23.679+0200] {logging_mixin.py:188} INFO - [2026-04-29T05:42:23.678+0200] {dag.py:3954} INFO - Setting next_dagrun for tutorial_taskflow_api to None, run_after=None
[2026-04-29T05:42:23.683+0200] {processor.py:183} INFO - Processing /Users/pablofrancoherrero/prueba_tecnica/venv/lib/python3.11/site-packages/airflow/example_dags/tutorial_taskflow_api.py took 0.044 seconds
[2026-04-29T05:43:03.683+0200] {processor.py:161} INFO - Started process (PID=75015) to work on /Users/pablofrancoherrero/prueba_tecnica/venv/lib/python3.11/site-packages/airflow/example_dags/tutorial_taskflow_api.py
[2026-04-29T05:43:03.684+0200] {processor.py:830} INFO - Processing file /Users/pablofrancoherrero/prueba_tecnica/venv/lib/python3.11/site-packages/airflow/example_dags/tutorial_taskflow_api.py for tasks to queue
[2026-04-29T05:43:03.684+0200] {logging_mixin.py:188} INFO - [2026-04-29T05:43:03.684+0200] {dagbag.py:540} INFO - Filling up the DagBag from /Users/pablofrancoherrero/prueba_tecnica/venv/lib/python3.11/site-packages/airflow/example_dags/tutorial_taskflow_api.py
[2026-04-29T05:43:03.697+0200] {processor.py:840} INFO - DAG(s) 'tutorial_taskflow_api' retrieved from /Users/pablofrancoherrero/prueba_tecnica/venv/lib/python3.11/site-packages/airflow/example_dags/tutorial_taskflow_api.py
[2026-04-29T05:43:03.725+0200] {logging_mixin.py:188} INFO - [2026-04-29T05:43:03.725+0200] {dag.py:3096} INFO - Sync 1 DAGs
[2026-04-29T05:43:03.727+0200] {logging_mixin.py:188} INFO - [2026-04-29T05:43:03.727+0200] {dag.py:3954} INFO - Setting next_dagrun for tutorial_taskflow_api to None, run_after=None
[2026-04-29T05:43:03.732+0200] {processor.py:183} INFO - Processing /Users/pablofrancoherrero/prueba_tecnica/venv/lib/python3.11/site-packages/airflow/example_dags/tutorial_taskflow_api.py took 0.049 seconds
[2026-04-29T05:43:44.739+0200] {processor.py:161} INFO - Started process (PID=75061) to work on /Users/pablofrancoherrero/prueba_tecnica/venv/lib/python3.11/site-packages/airflow/example_dags/tutorial_taskflow_api.py
[2026-04-29T05:43:44.740+0200] {processor.py:830} INFO - Processing file /Users/pablofrancoherrero/prueba_tecnica/venv/lib/python3.11/site-packages/airflow/example_dags/tutorial_taskflow_api.py for tasks to queue
[2026-04-29T05:43:44.741+0200] {logging_mixin.py:188} INFO - [2026-04-29T05:43:44.741+0200] {dagbag.py:540} INFO - Filling up the DagBag from /Users/pablofrancoherrero/prueba_tecnica/venv/lib/python3.11/site-packages/airflow/example_dags/tutorial_taskflow_api.py
[2026-04-29T05:43:44.752+0200] {processor.py:840} INFO - DAG(s) 'tutorial_taskflow_api' retrieved from /Users/pablofrancoherrero/prueba_tecnica/venv/lib/python3.11/site-packages/airflow/example_dags/tutorial_taskflow_api.py
[2026-04-29T05:43:44.777+0200] {logging_mixin.py:188} INFO - [2026-04-29T05:43:44.777+0200] {dag.py:3096} INFO - Sync 1 DAGs
[2026-04-29T05:43:44.779+0200] {logging_mixin.py:188} INFO - [2026-04-29T05:43:44.779+0200] {dag.py:3954} INFO - Setting next_dagrun for tutorial_taskflow_api to None, run_after=None
[2026-04-29T05:43:44.784+0200] {processor.py:183} INFO - Processing /Users/pablofrancoherrero/prueba_tecnica/venv/lib/python3.11/site-packages/airflow/example_dags/tutorial_taskflow_api.py took 0.045 seconds
[2026-04-29T05:44:26.469+0200] {processor.py:161} INFO - Started process (PID=75124) to work on /Users/pablofrancoherrero/prueba_tecnica/venv/lib/python3.11/site-packages/airflow/example_dags/tutorial_taskflow_api.py
[2026-04-29T05:44:26.470+0200] {processor.py:830} INFO - Processing file /Users/pablofrancoherrero/prueba_tecnica/venv/lib/python3.11/site-packages/airflow/example_dags/tutorial_taskflow_api.py for tasks to queue
[2026-04-29T05:44:26.470+0200] {logging_mixin.py:188} INFO - [2026-04-29T05:44:26.470+0200] {dagbag.py:540} INFO - Filling up the DagBag from /Users/pablofrancoherrero/prueba_tecnica/venv/lib/python3.11/site-packages/airflow/example_dags/tutorial_taskflow_api.py
[2026-04-29T05:44:26.481+0200] {processor.py:840} INFO - DAG(s) 'tutorial_taskflow_api' retrieved from /Users/pablofrancoherrero/prueba_tecnica/venv/lib/python3.11/site-packages/airflow/example_dags/tutorial_taskflow_api.py
[2026-04-29T05:44:26.506+0200] {logging_mixin.py:188} INFO - [2026-04-29T05:44:26.506+0200] {dag.py:3096} INFO - Sync 1 DAGs
[2026-04-29T05:44:26.508+0200] {logging_mixin.py:188} INFO - [2026-04-29T05:44:26.508+0200] {dag.py:3954} INFO - Setting next_dagrun for tutorial_taskflow_api to None, run_after=None
[2026-04-29T05:44:26.513+0200] {processor.py:183} INFO - Processing /Users/pablofrancoherrero/prueba_tecnica/venv/lib/python3.11/site-packages/airflow/example_dags/tutorial_taskflow_api.py took 0.044 seconds
[2026-04-29T05:45:06.006+0200] {processor.py:161} INFO - Started process (PID=75183) to work on /Users/pablofrancoherrero/prueba_tecnica/venv/lib/python3.11/site-packages/airflow/example_dags/tutorial_taskflow_api.py
[2026-04-29T05:45:06.007+0200] {processor.py:830} INFO - Processing file /Users/pablofrancoherrero/prueba_tecnica/venv/lib/python3.11/site-packages/airflow/example_dags/tutorial_taskflow_api.py for tasks to queue
[2026-04-29T05:45:06.007+0200] {logging_mixin.py:188} INFO - [2026-04-29T05:45:06.007+0200] {dagbag.py:540} INFO - Filling up the DagBag from /Users/pablofrancoherrero/prueba_tecnica/venv/lib/python3.11/site-packages/airflow/example_dags/tutorial_taskflow_api.py
[2026-04-29T05:45:06.018+0200] {processor.py:840} INFO - DAG(s) 'tutorial_taskflow_api' retrieved from /Users/pablofrancoherrero/prueba_tecnica/venv/lib/python3.11/site-packages/airflow/example_dags/tutorial_taskflow_api.py
[2026-04-29T05:45:06.042+0200] {logging_mixin.py:188} INFO - [2026-04-29T05:45:06.042+0200] {dag.py:3096} INFO - Sync 1 DAGs
[2026-04-29T05:45:06.045+0200] {logging_mixin.py:188} INFO - [2026-04-29T05:45:06.045+0200] {dag.py:3954} INFO - Setting next_dagrun for tutorial_taskflow_api to None, run_after=None
[2026-04-29T05:45:06.049+0200] {processor.py:183} INFO - Processing /Users/pablofrancoherrero/prueba_tecnica/venv/lib/python3.11/site-packages/airflow/example_dags/tutorial_taskflow_api.py took 0.044 seconds
[2026-04-29T05:45:45.041+0200] {processor.py:161} INFO - Started process (PID=75231) to work on /Users/pablofrancoherrero/prueba_tecnica/venv/lib/python3.11/site-packages/airflow/example_dags/tutorial_taskflow_api.py
[2026-04-29T05:45:45.042+0200] {processor.py:830} INFO - Processing file /Users/pablofrancoherrero/prueba_tecnica/venv/lib/python3.11/site-packages/airflow/example_dags/tutorial_taskflow_api.py for tasks to queue
[2026-04-29T05:45:45.042+0200] {logging_mixin.py:188} INFO - [2026-04-29T05:45:45.042+0200] {dagbag.py:540} INFO - Filling up the DagBag from /Users/pablofrancoherrero/prueba_tecnica/venv/lib/python3.11/site-packages/airflow/example_dags/tutorial_taskflow_api.py
[2026-04-29T05:45:45.053+0200] {processor.py:840} INFO - DAG(s) 'tutorial_taskflow_api' retrieved from /Users/pablofrancoherrero/prueba_tecnica/venv/lib/python3.11/site-packages/airflow/example_dags/tutorial_taskflow_api.py
[2026-04-29T05:45:45.078+0200] {logging_mixin.py:188} INFO - [2026-04-29T05:45:45.078+0200] {dag.py:3096} INFO - Sync 1 DAGs
[2026-04-29T05:45:45.081+0200] {logging_mixin.py:188} INFO - [2026-04-29T05:45:45.081+0200] {dag.py:3954} INFO - Setting next_dagrun for tutorial_taskflow_api to None, run_after=None
[2026-04-29T05:45:45.085+0200] {processor.py:183} INFO - Processing /Users/pablofrancoherrero/prueba_tecnica/venv/lib/python3.11/site-packages/airflow/example_dags/tutorial_taskflow_api.py took 0.045 seconds
[2026-04-29T05:46:23.240+0200] {processor.py:161} INFO - Started process (PID=75272) to work on /Users/pablofrancoherrero/prueba_tecnica/venv/lib/python3.11/site-packages/airflow/example_dags/tutorial_taskflow_api.py
[2026-04-29T05:46:23.241+0200] {processor.py:830} INFO - Processing file /Users/pablofrancoherrero/prueba_tecnica/venv/lib/python3.11/site-packages/airflow/example_dags/tutorial_taskflow_api.py for tasks to queue
[2026-04-29T05:46:23.242+0200] {logging_mixin.py:188} INFO - [2026-04-29T05:46:23.242+0200] {dagbag.py:540} INFO - Filling up the DagBag from /Users/pablofrancoherrero/prueba_tecnica/venv/lib/python3.11/site-packages/airflow/example_dags/tutorial_taskflow_api.py
[2026-04-29T05:46:23.252+0200] {processor.py:840} INFO - DAG(s) 'tutorial_taskflow_api' retrieved from /Users/pablofrancoherrero/prueba_tecnica/venv/lib/python3.11/site-packages/airflow/example_dags/tutorial_taskflow_api.py
[2026-04-29T05:46:23.276+0200] {logging_mixin.py:188} INFO - [2026-04-29T05:46:23.276+0200] {dag.py:3096} INFO - Sync 1 DAGs
[2026-04-29T05:46:23.279+0200] {logging_mixin.py:188} INFO - [2026-04-29T05:46:23.279+0200] {dag.py:3954} INFO - Setting next_dagrun for tutorial_taskflow_api to None, run_after=None
[2026-04-29T05:46:23.283+0200] {processor.py:183} INFO - Processing /Users/pablofrancoherrero/prueba_tecnica/venv/lib/python3.11/site-packages/airflow/example_dags/tutorial_taskflow_api.py took 0.044 seconds
[2026-04-29T05:47:03.595+0200] {processor.py:161} INFO - Started process (PID=75315) to work on /Users/pablofrancoherrero/prueba_tecnica/venv/lib/python3.11/site-packages/airflow/example_dags/tutorial_taskflow_api.py
[2026-04-29T05:47:03.596+0200] {processor.py:830} INFO - Processing file /Users/pablofrancoherrero/prueba_tecnica/venv/lib/python3.11/site-packages/airflow/example_dags/tutorial_taskflow_api.py for tasks to queue
[2026-04-29T05:47:03.596+0200] {logging_mixin.py:188} INFO - [2026-04-29T05:47:03.596+0200] {dagbag.py:540} INFO - Filling up the DagBag from /Users/pablofrancoherrero/prueba_tecnica/venv/lib/python3.11/site-packages/airflow/example_dags/tutorial_taskflow_api.py
[2026-04-29T05:47:03.607+0200] {processor.py:840} INFO - DAG(s) 'tutorial_taskflow_api' retrieved from /Users/pablofrancoherrero/prueba_tecnica/venv/lib/python3.11/site-packages/airflow/example_dags/tutorial_taskflow_api.py
[2026-04-29T05:47:03.631+0200] {logging_mixin.py:188} INFO - [2026-04-29T05:47:03.631+0200] {dag.py:3096} INFO - Sync 1 DAGs
[2026-04-29T05:47:03.634+0200] {logging_mixin.py:188} INFO - [2026-04-29T05:47:03.633+0200] {dag.py:3954} INFO - Setting next_dagrun for tutorial_taskflow_api to None, run_after=None
[2026-04-29T05:47:03.638+0200] {processor.py:183} INFO - Processing /Users/pablofrancoherrero/prueba_tecnica/venv/lib/python3.11/site-packages/airflow/example_dags/tutorial_taskflow_api.py took 0.044 seconds
[2026-04-29T05:47:42.353+0200] {processor.py:161} INFO - Started process (PID=75364) to work on /Users/pablofrancoherrero/prueba_tecnica/venv/lib/python3.11/site-packages/airflow/example_dags/tutorial_taskflow_api.py
[2026-04-29T05:47:42.353+0200] {processor.py:830} INFO - Processing file /Users/pablofrancoherrero/prueba_tecnica/venv/lib/python3.11/site-packages/airflow/example_dags/tutorial_taskflow_api.py for tasks to queue
[2026-04-29T05:47:42.353+0200] {logging_mixin.py:188} INFO - [2026-04-29T05:47:42.353+0200] {dagbag.py:540} INFO - Filling up the DagBag from /Users/pablofrancoherrero/prueba_tecnica/venv/lib/python3.11/site-packages/airflow/example_dags/tutorial_taskflow_api.py
[2026-04-29T05:47:42.364+0200] {processor.py:840} INFO - DAG(s) 'tutorial_taskflow_api' retrieved from /Users/pablofrancoherrero/prueba_tecnica/venv/lib/python3.11/site-packages/airflow/example_dags/tutorial_taskflow_api.py
[2026-04-29T05:47:42.389+0200] {logging_mixin.py:188} INFO - [2026-04-29T05:47:42.389+0200] {dag.py:3096} INFO - Sync 1 DAGs
[2026-04-29T05:47:42.391+0200] {logging_mixin.py:188} INFO - [2026-04-29T05:47:42.391+0200] {dag.py:3954} INFO - Setting next_dagrun for tutorial_taskflow_api to None, run_after=None
[2026-04-29T05:47:42.396+0200] {processor.py:183} INFO - Processing /Users/pablofrancoherrero/prueba_tecnica/venv/lib/python3.11/site-packages/airflow/example_dags/tutorial_taskflow_api.py took 0.044 seconds
[2026-04-29T05:48:24.399+0200] {processor.py:161} INFO - Started process (PID=75409) to work on /Users/pablofrancoherrero/prueba_tecnica/venv/lib/python3.11/site-packages/airflow/example_dags/tutorial_taskflow_api.py
[2026-04-29T05:48:24.400+0200] {processor.py:830} INFO - Processing file /Users/pablofrancoherrero/prueba_tecnica/venv/lib/python3.11/site-packages/airflow/example_dags/tutorial_taskflow_api.py for tasks to queue
[2026-04-29T05:48:24.400+0200] {logging_mixin.py:188} INFO - [2026-04-29T05:48:24.400+0200] {dagbag.py:540} INFO - Filling up the DagBag from /Users/pablofrancoherrero/prueba_tecnica/venv/lib/python3.11/site-packages/airflow/example_dags/tutorial_taskflow_api.py
[2026-04-29T05:48:24.411+0200] {processor.py:840} INFO - DAG(s) 'tutorial_taskflow_api' retrieved from /Users/pablofrancoherrero/prueba_tecnica/venv/lib/python3.11/site-packages/airflow/example_dags/tutorial_taskflow_api.py
[2026-04-29T05:48:24.435+0200] {logging_mixin.py:188} INFO - [2026-04-29T05:48:24.435+0200] {dag.py:3096} INFO - Sync 1 DAGs
[2026-04-29T05:48:24.437+0200] {logging_mixin.py:188} INFO - [2026-04-29T05:48:24.437+0200] {dag.py:3954} INFO - Setting next_dagrun for tutorial_taskflow_api to None, run_after=None
[2026-04-29T05:48:24.442+0200] {processor.py:183} INFO - Processing /Users/pablofrancoherrero/prueba_tecnica/venv/lib/python3.11/site-packages/airflow/example_dags/tutorial_taskflow_api.py took 0.044 seconds
[2026-04-29T05:49:03.914+0200] {processor.py:161} INFO - Started process (PID=75450) to work on /Users/pablofrancoherrero/prueba_tecnica/venv/lib/python3.11/site-packages/airflow/example_dags/tutorial_taskflow_api.py
[2026-04-29T05:49:03.916+0200] {processor.py:830} INFO - Processing file /Users/pablofrancoherrero/prueba_tecnica/venv/lib/python3.11/site-packages/airflow/example_dags/tutorial_taskflow_api.py for tasks to queue
[2026-04-29T05:49:03.916+0200] {logging_mixin.py:188} INFO - [2026-04-29T05:49:03.916+0200] {dagbag.py:540} INFO - Filling up the DagBag from /Users/pablofrancoherrero/prueba_tecnica/venv/lib/python3.11/site-packages/airflow/example_dags/tutorial_taskflow_api.py
[2026-04-29T05:49:03.927+0200] {processor.py:840} INFO - DAG(s) 'tutorial_taskflow_api' retrieved from /Users/pablofrancoherrero/prueba_tecnica/venv/lib/python3.11/site-packages/airflow/example_dags/tutorial_taskflow_api.py
[2026-04-29T05:49:03.951+0200] {logging_mixin.py:188} INFO - [2026-04-29T05:49:03.951+0200] {dag.py:3096} INFO - Sync 1 DAGs
[2026-04-29T05:49:03.953+0200] {logging_mixin.py:188} INFO - [2026-04-29T05:49:03.953+0200] {dag.py:3954} INFO - Setting next_dagrun for tutorial_taskflow_api to None, run_after=None
[2026-04-29T05:49:03.958+0200] {processor.py:183} INFO - Processing /Users/pablofrancoherrero/prueba_tecnica/venv/lib/python3.11/site-packages/airflow/example_dags/tutorial_taskflow_api.py took 0.044 seconds
[2026-04-29T05:49:43.455+0200] {processor.py:161} INFO - Started process (PID=75502) to work on /Users/pablofrancoherrero/prueba_tecnica/venv/lib/python3.11/site-packages/airflow/example_dags/tutorial_taskflow_api.py
[2026-04-29T05:49:43.456+0200] {processor.py:830} INFO - Processing file /Users/pablofrancoherrero/prueba_tecnica/venv/lib/python3.11/site-packages/airflow/example_dags/tutorial_taskflow_api.py for tasks to queue
[2026-04-29T05:49:43.457+0200] {logging_mixin.py:188} INFO - [2026-04-29T05:49:43.456+0200] {dagbag.py:540} INFO - Filling up the DagBag from /Users/pablofrancoherrero/prueba_tecnica/venv/lib/python3.11/site-packages/airflow/example_dags/tutorial_taskflow_api.py
[2026-04-29T05:49:43.467+0200] {processor.py:840} INFO - DAG(s) 'tutorial_taskflow_api' retrieved from /Users/pablofrancoherrero/prueba_tecnica/venv/lib/python3.11/site-packages/airflow/example_dags/tutorial_taskflow_api.py
[2026-04-29T05:49:43.492+0200] {logging_mixin.py:188} INFO - [2026-04-29T05:49:43.492+0200] {dag.py:3096} INFO - Sync 1 DAGs
[2026-04-29T05:49:43.495+0200] {logging_mixin.py:188} INFO - [2026-04-29T05:49:43.495+0200] {dag.py:3954} INFO - Setting next_dagrun for tutorial_taskflow_api to None, run_after=None
[2026-04-29T05:49:43.499+0200] {processor.py:183} INFO - Processing /Users/pablofrancoherrero/prueba_tecnica/venv/lib/python3.11/site-packages/airflow/example_dags/tutorial_taskflow_api.py took 0.045 seconds
[2026-04-29T05:50:24.704+0200] {processor.py:161} INFO - Started process (PID=75577) to work on /Users/pablofrancoherrero/prueba_tecnica/venv/lib/python3.11/site-packages/airflow/example_dags/tutorial_taskflow_api.py
[2026-04-29T05:50:24.705+0200] {processor.py:830} INFO - Processing file /Users/pablofrancoherrero/prueba_tecnica/venv/lib/python3.11/site-packages/airflow/example_dags/tutorial_taskflow_api.py for tasks to queue
[2026-04-29T05:50:24.705+0200] {logging_mixin.py:188} INFO - [2026-04-29T05:50:24.705+0200] {dagbag.py:540} INFO - Filling up the DagBag from /Users/pablofrancoherrero/prueba_tecnica/venv/lib/python3.11/site-packages/airflow/example_dags/tutorial_taskflow_api.py
[2026-04-29T05:50:24.716+0200] {processor.py:840} INFO - DAG(s) 'tutorial_taskflow_api' retrieved from /Users/pablofrancoherrero/prueba_tecnica/venv/lib/python3.11/site-packages/airflow/example_dags/tutorial_taskflow_api.py
[2026-04-29T05:50:24.740+0200] {logging_mixin.py:188} INFO - [2026-04-29T05:50:24.740+0200] {dag.py:3096} INFO - Sync 1 DAGs
[2026-04-29T05:50:24.743+0200] {logging_mixin.py:188} INFO - [2026-04-29T05:50:24.742+0200] {dag.py:3954} INFO - Setting next_dagrun for tutorial_taskflow_api to None, run_after=None
[2026-04-29T05:50:24.747+0200] {processor.py:183} INFO - Processing /Users/pablofrancoherrero/prueba_tecnica/venv/lib/python3.11/site-packages/airflow/example_dags/tutorial_taskflow_api.py took 0.044 seconds
[2026-04-29T05:51:05.056+0200] {processor.py:161} INFO - Started process (PID=75617) to work on /Users/pablofrancoherrero/prueba_tecnica/venv/lib/python3.11/site-packages/airflow/example_dags/tutorial_taskflow_api.py
[2026-04-29T05:51:05.057+0200] {processor.py:830} INFO - Processing file /Users/pablofrancoherrero/prueba_tecnica/venv/lib/python3.11/site-packages/airflow/example_dags/tutorial_taskflow_api.py for tasks to queue
[2026-04-29T05:51:05.057+0200] {logging_mixin.py:188} INFO - [2026-04-29T05:51:05.057+0200] {dagbag.py:540} INFO - Filling up the DagBag from /Users/pablofrancoherrero/prueba_tecnica/venv/lib/python3.11/site-packages/airflow/example_dags/tutorial_taskflow_api.py
[2026-04-29T05:51:05.068+0200] {processor.py:840} INFO - DAG(s) 'tutorial_taskflow_api' retrieved from /Users/pablofrancoherrero/prueba_tecnica/venv/lib/python3.11/site-packages/airflow/example_dags/tutorial_taskflow_api.py
[2026-04-29T05:51:05.093+0200] {logging_mixin.py:188} INFO - [2026-04-29T05:51:05.093+0200] {dag.py:3096} INFO - Sync 1 DAGs
[2026-04-29T05:51:05.096+0200] {logging_mixin.py:188} INFO - [2026-04-29T05:51:05.096+0200] {dag.py:3954} INFO - Setting next_dagrun for tutorial_taskflow_api to None, run_after=None
[2026-04-29T05:51:05.101+0200] {processor.py:183} INFO - Processing /Users/pablofrancoherrero/prueba_tecnica/venv/lib/python3.11/site-packages/airflow/example_dags/tutorial_taskflow_api.py took 0.045 seconds
[2026-04-29T05:51:45.312+0200] {processor.py:161} INFO - Started process (PID=75661) to work on /Users/pablofrancoherrero/prueba_tecnica/venv/lib/python3.11/site-packages/airflow/example_dags/tutorial_taskflow_api.py
[2026-04-29T05:51:45.313+0200] {processor.py:830} INFO - Processing file /Users/pablofrancoherrero/prueba_tecnica/venv/lib/python3.11/site-packages/airflow/example_dags/tutorial_taskflow_api.py for tasks to queue
[2026-04-29T05:51:45.313+0200] {logging_mixin.py:188} INFO - [2026-04-29T05:51:45.313+0200] {dagbag.py:540} INFO - Filling up the DagBag from /Users/pablofrancoherrero/prueba_tecnica/venv/lib/python3.11/site-packages/airflow/example_dags/tutorial_taskflow_api.py
[2026-04-29T05:51:45.324+0200] {processor.py:840} INFO - DAG(s) 'tutorial_taskflow_api' retrieved from /Users/pablofrancoherrero/prueba_tecnica/venv/lib/python3.11/site-packages/airflow/example_dags/tutorial_taskflow_api.py
[2026-04-29T05:51:45.348+0200] {logging_mixin.py:188} INFO - [2026-04-29T05:51:45.348+0200] {dag.py:3096} INFO - Sync 1 DAGs
[2026-04-29T05:51:45.350+0200] {logging_mixin.py:188} INFO - [2026-04-29T05:51:45.350+0200] {dag.py:3954} INFO - Setting next_dagrun for tutorial_taskflow_api to None, run_after=None
[2026-04-29T05:51:45.355+0200] {processor.py:183} INFO - Processing /Users/pablofrancoherrero/prueba_tecnica/venv/lib/python3.11/site-packages/airflow/example_dags/tutorial_taskflow_api.py took 0.044 seconds
[2026-04-29T05:52:25.922+0200] {processor.py:161} INFO - Started process (PID=75704) to work on /Users/pablofrancoherrero/prueba_tecnica/venv/lib/python3.11/site-packages/airflow/example_dags/tutorial_taskflow_api.py
[2026-04-29T05:52:25.924+0200] {processor.py:830} INFO - Processing file /Users/pablofrancoherrero/prueba_tecnica/venv/lib/python3.11/site-packages/airflow/example_dags/tutorial_taskflow_api.py for tasks to queue
[2026-04-29T05:52:25.924+0200] {logging_mixin.py:188} INFO - [2026-04-29T05:52:25.924+0200] {dagbag.py:540} INFO - Filling up the DagBag from /Users/pablofrancoherrero/prueba_tecnica/venv/lib/python3.11/site-packages/airflow/example_dags/tutorial_taskflow_api.py
[2026-04-29T05:52:25.934+0200] {processor.py:840} INFO - DAG(s) 'tutorial_taskflow_api' retrieved from /Users/pablofrancoherrero/prueba_tecnica/venv/lib/python3.11/site-packages/airflow/example_dags/tutorial_taskflow_api.py
[2026-04-29T05:52:25.959+0200] {logging_mixin.py:188} INFO - [2026-04-29T05:52:25.959+0200] {dag.py:3096} INFO - Sync 1 DAGs
[2026-04-29T05:52:25.961+0200] {logging_mixin.py:188} INFO - [2026-04-29T05:52:25.961+0200] {dag.py:3954} INFO - Setting next_dagrun for tutorial_taskflow_api to None, run_after=None
[2026-04-29T05:52:25.966+0200] {processor.py:183} INFO - Processing /Users/pablofrancoherrero/prueba_tecnica/venv/lib/python3.11/site-packages/airflow/example_dags/tutorial_taskflow_api.py took 0.044 seconds
[2026-04-29T05:53:05.873+0200] {processor.py:161} INFO - Started process (PID=75747) to work on /Users/pablofrancoherrero/prueba_tecnica/venv/lib/python3.11/site-packages/airflow/example_dags/tutorial_taskflow_api.py
[2026-04-29T05:53:05.873+0200] {processor.py:830} INFO - Processing file /Users/pablofrancoherrero/prueba_tecnica/venv/lib/python3.11/site-packages/airflow/example_dags/tutorial_taskflow_api.py for tasks to queue
[2026-04-29T05:53:05.873+0200] {logging_mixin.py:188} INFO - [2026-04-29T05:53:05.873+0200] {dagbag.py:540} INFO - Filling up the DagBag from /Users/pablofrancoherrero/prueba_tecnica/venv/lib/python3.11/site-packages/airflow/example_dags/tutorial_taskflow_api.py
[2026-04-29T05:53:05.884+0200] {processor.py:840} INFO - DAG(s) 'tutorial_taskflow_api' retrieved from /Users/pablofrancoherrero/prueba_tecnica/venv/lib/python3.11/site-packages/airflow/example_dags/tutorial_taskflow_api.py
[2026-04-29T05:53:05.908+0200] {logging_mixin.py:188} INFO - [2026-04-29T05:53:05.908+0200] {dag.py:3096} INFO - Sync 1 DAGs
[2026-04-29T05:53:05.911+0200] {logging_mixin.py:188} INFO - [2026-04-29T05:53:05.911+0200] {dag.py:3954} INFO - Setting next_dagrun for tutorial_taskflow_api to None, run_after=None
[2026-04-29T05:53:05.915+0200] {processor.py:183} INFO - Processing /Users/pablofrancoherrero/prueba_tecnica/venv/lib/python3.11/site-packages/airflow/example_dags/tutorial_taskflow_api.py took 0.043 seconds
[2026-04-29T05:53:45.357+0200] {processor.py:161} INFO - Started process (PID=75791) to work on /Users/pablofrancoherrero/prueba_tecnica/venv/lib/python3.11/site-packages/airflow/example_dags/tutorial_taskflow_api.py
[2026-04-29T05:53:45.358+0200] {processor.py:830} INFO - Processing file /Users/pablofrancoherrero/prueba_tecnica/venv/lib/python3.11/site-packages/airflow/example_dags/tutorial_taskflow_api.py for tasks to queue
[2026-04-29T05:53:45.358+0200] {logging_mixin.py:188} INFO - [2026-04-29T05:53:45.358+0200] {dagbag.py:540} INFO - Filling up the DagBag from /Users/pablofrancoherrero/prueba_tecnica/venv/lib/python3.11/site-packages/airflow/example_dags/tutorial_taskflow_api.py
[2026-04-29T05:53:45.369+0200] {processor.py:840} INFO - DAG(s) 'tutorial_taskflow_api' retrieved from /Users/pablofrancoherrero/prueba_tecnica/venv/lib/python3.11/site-packages/airflow/example_dags/tutorial_taskflow_api.py
[2026-04-29T05:53:45.394+0200] {logging_mixin.py:188} INFO - [2026-04-29T05:53:45.393+0200] {dag.py:3096} INFO - Sync 1 DAGs
[2026-04-29T05:53:45.396+0200] {logging_mixin.py:188} INFO - [2026-04-29T05:53:45.396+0200] {dag.py:3954} INFO - Setting next_dagrun for tutorial_taskflow_api to None, run_after=None
[2026-04-29T05:53:45.401+0200] {processor.py:183} INFO - Processing /Users/pablofrancoherrero/prueba_tecnica/venv/lib/python3.11/site-packages/airflow/example_dags/tutorial_taskflow_api.py took 0.045 seconds
[2026-04-29T05:54:23.200+0200] {processor.py:161} INFO - Started process (PID=75834) to work on /Users/pablofrancoherrero/prueba_tecnica/venv/lib/python3.11/site-packages/airflow/example_dags/tutorial_taskflow_api.py
[2026-04-29T05:54:23.201+0200] {processor.py:830} INFO - Processing file /Users/pablofrancoherrero/prueba_tecnica/venv/lib/python3.11/site-packages/airflow/example_dags/tutorial_taskflow_api.py for tasks to queue
[2026-04-29T05:54:23.201+0200] {logging_mixin.py:188} INFO - [2026-04-29T05:54:23.201+0200] {dagbag.py:540} INFO - Filling up the DagBag from /Users/pablofrancoherrero/prueba_tecnica/venv/lib/python3.11/site-packages/airflow/example_dags/tutorial_taskflow_api.py
[2026-04-29T05:54:23.212+0200] {processor.py:840} INFO - DAG(s) 'tutorial_taskflow_api' retrieved from /Users/pablofrancoherrero/prueba_tecnica/venv/lib/python3.11/site-packages/airflow/example_dags/tutorial_taskflow_api.py
[2026-04-29T05:54:23.237+0200] {logging_mixin.py:188} INFO - [2026-04-29T05:54:23.237+0200] {dag.py:3096} INFO - Sync 1 DAGs
[2026-04-29T05:54:23.240+0200] {logging_mixin.py:188} INFO - [2026-04-29T05:54:23.240+0200] {dag.py:3954} INFO - Setting next_dagrun for tutorial_taskflow_api to None, run_after=None
[2026-04-29T05:54:23.244+0200] {processor.py:183} INFO - Processing /Users/pablofrancoherrero/prueba_tecnica/venv/lib/python3.11/site-packages/airflow/example_dags/tutorial_taskflow_api.py took 0.045 seconds
[2026-04-29T05:55:03.914+0200] {processor.py:161} INFO - Started process (PID=75875) to work on /Users/pablofrancoherrero/prueba_tecnica/venv/lib/python3.11/site-packages/airflow/example_dags/tutorial_taskflow_api.py
[2026-04-29T05:55:03.915+0200] {processor.py:830} INFO - Processing file /Users/pablofrancoherrero/prueba_tecnica/venv/lib/python3.11/site-packages/airflow/example_dags/tutorial_taskflow_api.py for tasks to queue
[2026-04-29T05:55:03.915+0200] {logging_mixin.py:188} INFO - [2026-04-29T05:55:03.915+0200] {dagbag.py:540} INFO - Filling up the DagBag from /Users/pablofrancoherrero/prueba_tecnica/venv/lib/python3.11/site-packages/airflow/example_dags/tutorial_taskflow_api.py
[2026-04-29T05:55:03.925+0200] {processor.py:840} INFO - DAG(s) 'tutorial_taskflow_api' retrieved from /Users/pablofrancoherrero/prueba_tecnica/venv/lib/python3.11/site-packages/airflow/example_dags/tutorial_taskflow_api.py
[2026-04-29T05:55:03.949+0200] {logging_mixin.py:188} INFO - [2026-04-29T05:55:03.949+0200] {dag.py:3096} INFO - Sync 1 DAGs
[2026-04-29T05:55:03.952+0200] {logging_mixin.py:188} INFO - [2026-04-29T05:55:03.952+0200] {dag.py:3954} INFO - Setting next_dagrun for tutorial_taskflow_api to None, run_after=None
[2026-04-29T05:55:03.957+0200] {processor.py:183} INFO - Processing /Users/pablofrancoherrero/prueba_tecnica/venv/lib/python3.11/site-packages/airflow/example_dags/tutorial_taskflow_api.py took 0.044 seconds
[2026-04-29T05:55:45.215+0200] {processor.py:161} INFO - Started process (PID=75931) to work on /Users/pablofrancoherrero/prueba_tecnica/venv/lib/python3.11/site-packages/airflow/example_dags/tutorial_taskflow_api.py
[2026-04-29T05:55:45.216+0200] {processor.py:830} INFO - Processing file /Users/pablofrancoherrero/prueba_tecnica/venv/lib/python3.11/site-packages/airflow/example_dags/tutorial_taskflow_api.py for tasks to queue
[2026-04-29T05:55:45.217+0200] {logging_mixin.py:188} INFO - [2026-04-29T05:55:45.217+0200] {dagbag.py:540} INFO - Filling up the DagBag from /Users/pablofrancoherrero/prueba_tecnica/venv/lib/python3.11/site-packages/airflow/example_dags/tutorial_taskflow_api.py
[2026-04-29T05:55:45.228+0200] {processor.py:840} INFO - DAG(s) 'tutorial_taskflow_api' retrieved from /Users/pablofrancoherrero/prueba_tecnica/venv/lib/python3.11/site-packages/airflow/example_dags/tutorial_taskflow_api.py
[2026-04-29T05:55:45.253+0200] {logging_mixin.py:188} INFO - [2026-04-29T05:55:45.253+0200] {dag.py:3096} INFO - Sync 1 DAGs
[2026-04-29T05:55:45.256+0200] {logging_mixin.py:188} INFO - [2026-04-29T05:55:45.256+0200] {dag.py:3954} INFO - Setting next_dagrun for tutorial_taskflow_api to None, run_after=None
[2026-04-29T05:55:45.260+0200] {processor.py:183} INFO - Processing /Users/pablofrancoherrero/prueba_tecnica/venv/lib/python3.11/site-packages/airflow/example_dags/tutorial_taskflow_api.py took 0.046 seconds
[2026-04-29T05:56:24.277+0200] {processor.py:161} INFO - Started process (PID=75974) to work on /Users/pablofrancoherrero/prueba_tecnica/venv/lib/python3.11/site-packages/airflow/example_dags/tutorial_taskflow_api.py
[2026-04-29T05:56:24.278+0200] {processor.py:830} INFO - Processing file /Users/pablofrancoherrero/prueba_tecnica/venv/lib/python3.11/site-packages/airflow/example_dags/tutorial_taskflow_api.py for tasks to queue
[2026-04-29T05:56:24.278+0200] {logging_mixin.py:188} INFO - [2026-04-29T05:56:24.278+0200] {dagbag.py:540} INFO - Filling up the DagBag from /Users/pablofrancoherrero/prueba_tecnica/venv/lib/python3.11/site-packages/airflow/example_dags/tutorial_taskflow_api.py
[2026-04-29T05:56:24.289+0200] {processor.py:840} INFO - DAG(s) 'tutorial_taskflow_api' retrieved from /Users/pablofrancoherrero/prueba_tecnica/venv/lib/python3.11/site-packages/airflow/example_dags/tutorial_taskflow_api.py
[2026-04-29T05:56:24.316+0200] {logging_mixin.py:188} INFO - [2026-04-29T05:56:24.316+0200] {dag.py:3096} INFO - Sync 1 DAGs
[2026-04-29T05:56:24.319+0200] {logging_mixin.py:188} INFO - [2026-04-29T05:56:24.319+0200] {dag.py:3954} INFO - Setting next_dagrun for tutorial_taskflow_api to None, run_after=None
[2026-04-29T05:56:24.323+0200] {processor.py:183} INFO - Processing /Users/pablofrancoherrero/prueba_tecnica/venv/lib/python3.11/site-packages/airflow/example_dags/tutorial_taskflow_api.py took 0.047 seconds
[2026-04-29T05:57:04.834+0200] {processor.py:161} INFO - Started process (PID=76020) to work on /Users/pablofrancoherrero/prueba_tecnica/venv/lib/python3.11/site-packages/airflow/example_dags/tutorial_taskflow_api.py
[2026-04-29T05:57:04.834+0200] {processor.py:830} INFO - Processing file /Users/pablofrancoherrero/prueba_tecnica/venv/lib/python3.11/site-packages/airflow/example_dags/tutorial_taskflow_api.py for tasks to queue
[2026-04-29T05:57:04.834+0200] {logging_mixin.py:188} INFO - [2026-04-29T05:57:04.834+0200] {dagbag.py:540} INFO - Filling up the DagBag from /Users/pablofrancoherrero/prueba_tecnica/venv/lib/python3.11/site-packages/airflow/example_dags/tutorial_taskflow_api.py
[2026-04-29T05:57:04.845+0200] {processor.py:840} INFO - DAG(s) 'tutorial_taskflow_api' retrieved from /Users/pablofrancoherrero/prueba_tecnica/venv/lib/python3.11/site-packages/airflow/example_dags/tutorial_taskflow_api.py
[2026-04-29T05:57:04.870+0200] {logging_mixin.py:188} INFO - [2026-04-29T05:57:04.870+0200] {dag.py:3096} INFO - Sync 1 DAGs
[2026-04-29T05:57:04.873+0200] {logging_mixin.py:188} INFO - [2026-04-29T05:57:04.873+0200] {dag.py:3954} INFO - Setting next_dagrun for tutorial_taskflow_api to None, run_after=None
[2026-04-29T05:57:04.878+0200] {processor.py:183} INFO - Processing /Users/pablofrancoherrero/prueba_tecnica/venv/lib/python3.11/site-packages/airflow/example_dags/tutorial_taskflow_api.py took 0.045 seconds
[2026-04-29T05:57:46.133+0200] {processor.py:161} INFO - Started process (PID=76068) to work on /Users/pablofrancoherrero/prueba_tecnica/venv/lib/python3.11/site-packages/airflow/example_dags/tutorial_taskflow_api.py
[2026-04-29T05:57:46.134+0200] {processor.py:830} INFO - Processing file /Users/pablofrancoherrero/prueba_tecnica/venv/lib/python3.11/site-packages/airflow/example_dags/tutorial_taskflow_api.py for tasks to queue
[2026-04-29T05:57:46.134+0200] {logging_mixin.py:188} INFO - [2026-04-29T05:57:46.134+0200] {dagbag.py:540} INFO - Filling up the DagBag from /Users/pablofrancoherrero/prueba_tecnica/venv/lib/python3.11/site-packages/airflow/example_dags/tutorial_taskflow_api.py
[2026-04-29T05:57:46.145+0200] {processor.py:840} INFO - DAG(s) 'tutorial_taskflow_api' retrieved from /Users/pablofrancoherrero/prueba_tecnica/venv/lib/python3.11/site-packages/airflow/example_dags/tutorial_taskflow_api.py
[2026-04-29T05:57:46.170+0200] {logging_mixin.py:188} INFO - [2026-04-29T05:57:46.169+0200] {dag.py:3096} INFO - Sync 1 DAGs
[2026-04-29T05:57:46.172+0200] {logging_mixin.py:188} INFO - [2026-04-29T05:57:46.172+0200] {dag.py:3954} INFO - Setting next_dagrun for tutorial_taskflow_api to None, run_after=None
[2026-04-29T05:57:46.177+0200] {processor.py:183} INFO - Processing /Users/pablofrancoherrero/prueba_tecnica/venv/lib/python3.11/site-packages/airflow/example_dags/tutorial_taskflow_api.py took 0.044 seconds
[2026-04-29T05:58:26.016+0200] {processor.py:161} INFO - Started process (PID=76111) to work on /Users/pablofrancoherrero/prueba_tecnica/venv/lib/python3.11/site-packages/airflow/example_dags/tutorial_taskflow_api.py
[2026-04-29T05:58:26.017+0200] {processor.py:830} INFO - Processing file /Users/pablofrancoherrero/prueba_tecnica/venv/lib/python3.11/site-packages/airflow/example_dags/tutorial_taskflow_api.py for tasks to queue
[2026-04-29T05:58:26.017+0200] {logging_mixin.py:188} INFO - [2026-04-29T05:58:26.017+0200] {dagbag.py:540} INFO - Filling up the DagBag from /Users/pablofrancoherrero/prueba_tecnica/venv/lib/python3.11/site-packages/airflow/example_dags/tutorial_taskflow_api.py
[2026-04-29T05:58:26.028+0200] {processor.py:840} INFO - DAG(s) 'tutorial_taskflow_api' retrieved from /Users/pablofrancoherrero/prueba_tecnica/venv/lib/python3.11/site-packages/airflow/example_dags/tutorial_taskflow_api.py
[2026-04-29T05:58:26.054+0200] {logging_mixin.py:188} INFO - [2026-04-29T05:58:26.053+0200] {dag.py:3096} INFO - Sync 1 DAGs
[2026-04-29T05:58:26.056+0200] {logging_mixin.py:188} INFO - [2026-04-29T05:58:26.056+0200] {dag.py:3954} INFO - Setting next_dagrun for tutorial_taskflow_api to None, run_after=None
[2026-04-29T05:58:26.061+0200] {processor.py:183} INFO - Processing /Users/pablofrancoherrero/prueba_tecnica/venv/lib/python3.11/site-packages/airflow/example_dags/tutorial_taskflow_api.py took 0.045 seconds
[2026-04-29T05:59:06.246+0200] {processor.py:161} INFO - Started process (PID=76151) to work on /Users/pablofrancoherrero/prueba_tecnica/venv/lib/python3.11/site-packages/airflow/example_dags/tutorial_taskflow_api.py
[2026-04-29T05:59:06.247+0200] {processor.py:830} INFO - Processing file /Users/pablofrancoherrero/prueba_tecnica/venv/lib/python3.11/site-packages/airflow/example_dags/tutorial_taskflow_api.py for tasks to queue
[2026-04-29T05:59:06.247+0200] {logging_mixin.py:188} INFO - [2026-04-29T05:59:06.247+0200] {dagbag.py:540} INFO - Filling up the DagBag from /Users/pablofrancoherrero/prueba_tecnica/venv/lib/python3.11/site-packages/airflow/example_dags/tutorial_taskflow_api.py
[2026-04-29T05:59:06.258+0200] {processor.py:840} INFO - DAG(s) 'tutorial_taskflow_api' retrieved from /Users/pablofrancoherrero/prueba_tecnica/venv/lib/python3.11/site-packages/airflow/example_dags/tutorial_taskflow_api.py
[2026-04-29T05:59:06.284+0200] {logging_mixin.py:188} INFO - [2026-04-29T05:59:06.283+0200] {dag.py:3096} INFO - Sync 1 DAGs
[2026-04-29T05:59:06.286+0200] {logging_mixin.py:188} INFO - [2026-04-29T05:59:06.286+0200] {dag.py:3954} INFO - Setting next_dagrun for tutorial_taskflow_api to None, run_after=None
[2026-04-29T05:59:06.291+0200] {processor.py:183} INFO - Processing /Users/pablofrancoherrero/prueba_tecnica/venv/lib/python3.11/site-packages/airflow/example_dags/tutorial_taskflow_api.py took 0.046 seconds
[2026-04-29T05:59:45.333+0200] {processor.py:161} INFO - Started process (PID=76198) to work on /Users/pablofrancoherrero/prueba_tecnica/venv/lib/python3.11/site-packages/airflow/example_dags/tutorial_taskflow_api.py
[2026-04-29T05:59:45.335+0200] {processor.py:830} INFO - Processing file /Users/pablofrancoherrero/prueba_tecnica/venv/lib/python3.11/site-packages/airflow/example_dags/tutorial_taskflow_api.py for tasks to queue
[2026-04-29T05:59:45.335+0200] {logging_mixin.py:188} INFO - [2026-04-29T05:59:45.335+0200] {dagbag.py:540} INFO - Filling up the DagBag from /Users/pablofrancoherrero/prueba_tecnica/venv/lib/python3.11/site-packages/airflow/example_dags/tutorial_taskflow_api.py
[2026-04-29T05:59:45.346+0200] {processor.py:840} INFO - DAG(s) 'tutorial_taskflow_api' retrieved from /Users/pablofrancoherrero/prueba_tecnica/venv/lib/python3.11/site-packages/airflow/example_dags/tutorial_taskflow_api.py
[2026-04-29T05:59:45.370+0200] {logging_mixin.py:188} INFO - [2026-04-29T05:59:45.370+0200] {dag.py:3096} INFO - Sync 1 DAGs
[2026-04-29T05:59:45.373+0200] {logging_mixin.py:188} INFO - [2026-04-29T05:59:45.372+0200] {dag.py:3954} INFO - Setting next_dagrun for tutorial_taskflow_api to None, run_after=None
[2026-04-29T05:59:45.377+0200] {processor.py:183} INFO - Processing /Users/pablofrancoherrero/prueba_tecnica/venv/lib/python3.11/site-packages/airflow/example_dags/tutorial_taskflow_api.py took 0.044 seconds
[2026-04-29T06:00:26.808+0200] {processor.py:161} INFO - Started process (PID=76253) to work on /Users/pablofrancoherrero/prueba_tecnica/venv/lib/python3.11/site-packages/airflow/example_dags/tutorial_taskflow_api.py
[2026-04-29T06:00:26.809+0200] {processor.py:830} INFO - Processing file /Users/pablofrancoherrero/prueba_tecnica/venv/lib/python3.11/site-packages/airflow/example_dags/tutorial_taskflow_api.py for tasks to queue
[2026-04-29T06:00:26.809+0200] {logging_mixin.py:188} INFO - [2026-04-29T06:00:26.809+0200] {dagbag.py:540} INFO - Filling up the DagBag from /Users/pablofrancoherrero/prueba_tecnica/venv/lib/python3.11/site-packages/airflow/example_dags/tutorial_taskflow_api.py
[2026-04-29T06:00:26.820+0200] {processor.py:840} INFO - DAG(s) 'tutorial_taskflow_api' retrieved from /Users/pablofrancoherrero/prueba_tecnica/venv/lib/python3.11/site-packages/airflow/example_dags/tutorial_taskflow_api.py
[2026-04-29T06:00:26.846+0200] {logging_mixin.py:188} INFO - [2026-04-29T06:00:26.846+0200] {dag.py:3096} INFO - Sync 1 DAGs
[2026-04-29T06:00:26.848+0200] {logging_mixin.py:188} INFO - [2026-04-29T06:00:26.848+0200] {dag.py:3954} INFO - Setting next_dagrun for tutorial_taskflow_api to None, run_after=None
[2026-04-29T06:00:26.853+0200] {processor.py:183} INFO - Processing /Users/pablofrancoherrero/prueba_tecnica/venv/lib/python3.11/site-packages/airflow/example_dags/tutorial_taskflow_api.py took 0.046 seconds
[2026-04-29T06:01:07.549+0200] {processor.py:161} INFO - Started process (PID=76309) to work on /Users/pablofrancoherrero/prueba_tecnica/venv/lib/python3.11/site-packages/airflow/example_dags/tutorial_taskflow_api.py
[2026-04-29T06:01:07.550+0200] {processor.py:830} INFO - Processing file /Users/pablofrancoherrero/prueba_tecnica/venv/lib/python3.11/site-packages/airflow/example_dags/tutorial_taskflow_api.py for tasks to queue
[2026-04-29T06:01:07.550+0200] {logging_mixin.py:188} INFO - [2026-04-29T06:01:07.550+0200] {dagbag.py:540} INFO - Filling up the DagBag from /Users/pablofrancoherrero/prueba_tecnica/venv/lib/python3.11/site-packages/airflow/example_dags/tutorial_taskflow_api.py
[2026-04-29T06:01:07.563+0200] {processor.py:840} INFO - DAG(s) 'tutorial_taskflow_api' retrieved from /Users/pablofrancoherrero/prueba_tecnica/venv/lib/python3.11/site-packages/airflow/example_dags/tutorial_taskflow_api.py
[2026-04-29T06:01:07.593+0200] {logging_mixin.py:188} INFO - [2026-04-29T06:01:07.592+0200] {dag.py:3096} INFO - Sync 1 DAGs
[2026-04-29T06:01:07.595+0200] {logging_mixin.py:188} INFO - [2026-04-29T06:01:07.595+0200] {dag.py:3954} INFO - Setting next_dagrun for tutorial_taskflow_api to None, run_after=None
[2026-04-29T06:01:07.602+0200] {processor.py:183} INFO - Processing /Users/pablofrancoherrero/prueba_tecnica/venv/lib/python3.11/site-packages/airflow/example_dags/tutorial_taskflow_api.py took 0.054 seconds
[2026-04-29T06:01:47.641+0200] {processor.py:161} INFO - Started process (PID=76355) to work on /Users/pablofrancoherrero/prueba_tecnica/venv/lib/python3.11/site-packages/airflow/example_dags/tutorial_taskflow_api.py
[2026-04-29T06:01:47.642+0200] {processor.py:830} INFO - Processing file /Users/pablofrancoherrero/prueba_tecnica/venv/lib/python3.11/site-packages/airflow/example_dags/tutorial_taskflow_api.py for tasks to queue
[2026-04-29T06:01:47.642+0200] {logging_mixin.py:188} INFO - [2026-04-29T06:01:47.642+0200] {dagbag.py:540} INFO - Filling up the DagBag from /Users/pablofrancoherrero/prueba_tecnica/venv/lib/python3.11/site-packages/airflow/example_dags/tutorial_taskflow_api.py
[2026-04-29T06:01:47.653+0200] {processor.py:840} INFO - DAG(s) 'tutorial_taskflow_api' retrieved from /Users/pablofrancoherrero/prueba_tecnica/venv/lib/python3.11/site-packages/airflow/example_dags/tutorial_taskflow_api.py
[2026-04-29T06:01:47.678+0200] {logging_mixin.py:188} INFO - [2026-04-29T06:01:47.678+0200] {dag.py:3096} INFO - Sync 1 DAGs
[2026-04-29T06:01:47.681+0200] {logging_mixin.py:188} INFO - [2026-04-29T06:01:47.681+0200] {dag.py:3954} INFO - Setting next_dagrun for tutorial_taskflow_api to None, run_after=None
[2026-04-29T06:01:47.686+0200] {processor.py:183} INFO - Processing /Users/pablofrancoherrero/prueba_tecnica/venv/lib/python3.11/site-packages/airflow/example_dags/tutorial_taskflow_api.py took 0.045 seconds
[2026-04-29T06:02:28.337+0200] {processor.py:161} INFO - Started process (PID=76399) to work on /Users/pablofrancoherrero/prueba_tecnica/venv/lib/python3.11/site-packages/airflow/example_dags/tutorial_taskflow_api.py
[2026-04-29T06:02:28.337+0200] {processor.py:830} INFO - Processing file /Users/pablofrancoherrero/prueba_tecnica/venv/lib/python3.11/site-packages/airflow/example_dags/tutorial_taskflow_api.py for tasks to queue
[2026-04-29T06:02:28.338+0200] {logging_mixin.py:188} INFO - [2026-04-29T06:02:28.338+0200] {dagbag.py:540} INFO - Filling up the DagBag from /Users/pablofrancoherrero/prueba_tecnica/venv/lib/python3.11/site-packages/airflow/example_dags/tutorial_taskflow_api.py
[2026-04-29T06:02:28.349+0200] {processor.py:840} INFO - DAG(s) 'tutorial_taskflow_api' retrieved from /Users/pablofrancoherrero/prueba_tecnica/venv/lib/python3.11/site-packages/airflow/example_dags/tutorial_taskflow_api.py
[2026-04-29T06:02:28.373+0200] {logging_mixin.py:188} INFO - [2026-04-29T06:02:28.373+0200] {dag.py:3096} INFO - Sync 1 DAGs
[2026-04-29T06:02:28.375+0200] {logging_mixin.py:188} INFO - [2026-04-29T06:02:28.375+0200] {dag.py:3954} INFO - Setting next_dagrun for tutorial_taskflow_api to None, run_after=None
[2026-04-29T06:02:28.380+0200] {processor.py:183} INFO - Processing /Users/pablofrancoherrero/prueba_tecnica/venv/lib/python3.11/site-packages/airflow/example_dags/tutorial_taskflow_api.py took 0.044 seconds
[2026-04-29T06:03:09.903+0200] {processor.py:161} INFO - Started process (PID=76448) to work on /Users/pablofrancoherrero/prueba_tecnica/venv/lib/python3.11/site-packages/airflow/example_dags/tutorial_taskflow_api.py
[2026-04-29T06:03:09.904+0200] {processor.py:830} INFO - Processing file /Users/pablofrancoherrero/prueba_tecnica/venv/lib/python3.11/site-packages/airflow/example_dags/tutorial_taskflow_api.py for tasks to queue
[2026-04-29T06:03:09.904+0200] {logging_mixin.py:188} INFO - [2026-04-29T06:03:09.904+0200] {dagbag.py:540} INFO - Filling up the DagBag from /Users/pablofrancoherrero/prueba_tecnica/venv/lib/python3.11/site-packages/airflow/example_dags/tutorial_taskflow_api.py
[2026-04-29T06:03:09.915+0200] {processor.py:840} INFO - DAG(s) 'tutorial_taskflow_api' retrieved from /Users/pablofrancoherrero/prueba_tecnica/venv/lib/python3.11/site-packages/airflow/example_dags/tutorial_taskflow_api.py
[2026-04-29T06:03:09.940+0200] {logging_mixin.py:188} INFO - [2026-04-29T06:03:09.940+0200] {dag.py:3096} INFO - Sync 1 DAGs
[2026-04-29T06:03:09.943+0200] {logging_mixin.py:188} INFO - [2026-04-29T06:03:09.943+0200] {dag.py:3954} INFO - Setting next_dagrun for tutorial_taskflow_api to None, run_after=None
[2026-04-29T06:03:09.947+0200] {processor.py:183} INFO - Processing /Users/pablofrancoherrero/prueba_tecnica/venv/lib/python3.11/site-packages/airflow/example_dags/tutorial_taskflow_api.py took 0.045 seconds
[2026-04-29T06:03:50.624+0200] {processor.py:161} INFO - Started process (PID=76488) to work on /Users/pablofrancoherrero/prueba_tecnica/venv/lib/python3.11/site-packages/airflow/example_dags/tutorial_taskflow_api.py
[2026-04-29T06:03:50.625+0200] {processor.py:830} INFO - Processing file /Users/pablofrancoherrero/prueba_tecnica/venv/lib/python3.11/site-packages/airflow/example_dags/tutorial_taskflow_api.py for tasks to queue
[2026-04-29T06:03:50.625+0200] {logging_mixin.py:188} INFO - [2026-04-29T06:03:50.625+0200] {dagbag.py:540} INFO - Filling up the DagBag from /Users/pablofrancoherrero/prueba_tecnica/venv/lib/python3.11/site-packages/airflow/example_dags/tutorial_taskflow_api.py
[2026-04-29T06:03:50.636+0200] {processor.py:840} INFO - DAG(s) 'tutorial_taskflow_api' retrieved from /Users/pablofrancoherrero/prueba_tecnica/venv/lib/python3.11/site-packages/airflow/example_dags/tutorial_taskflow_api.py
[2026-04-29T06:03:50.661+0200] {logging_mixin.py:188} INFO - [2026-04-29T06:03:50.661+0200] {dag.py:3096} INFO - Sync 1 DAGs
[2026-04-29T06:03:50.663+0200] {logging_mixin.py:188} INFO - [2026-04-29T06:03:50.663+0200] {dag.py:3954} INFO - Setting next_dagrun for tutorial_taskflow_api to None, run_after=None
[2026-04-29T06:03:50.668+0200] {processor.py:183} INFO - Processing /Users/pablofrancoherrero/prueba_tecnica/venv/lib/python3.11/site-packages/airflow/example_dags/tutorial_taskflow_api.py took 0.044 seconds
[2026-04-29T06:04:31.240+0200] {processor.py:161} INFO - Started process (PID=76530) to work on /Users/pablofrancoherrero/prueba_tecnica/venv/lib/python3.11/site-packages/airflow/example_dags/tutorial_taskflow_api.py
[2026-04-29T06:04:31.241+0200] {processor.py:830} INFO - Processing file /Users/pablofrancoherrero/prueba_tecnica/venv/lib/python3.11/site-packages/airflow/example_dags/tutorial_taskflow_api.py for tasks to queue
[2026-04-29T06:04:31.241+0200] {logging_mixin.py:188} INFO - [2026-04-29T06:04:31.241+0200] {dagbag.py:540} INFO - Filling up the DagBag from /Users/pablofrancoherrero/prueba_tecnica/venv/lib/python3.11/site-packages/airflow/example_dags/tutorial_taskflow_api.py
[2026-04-29T06:04:31.252+0200] {processor.py:840} INFO - DAG(s) 'tutorial_taskflow_api' retrieved from /Users/pablofrancoherrero/prueba_tecnica/venv/lib/python3.11/site-packages/airflow/example_dags/tutorial_taskflow_api.py
[2026-04-29T06:04:31.278+0200] {logging_mixin.py:188} INFO - [2026-04-29T06:04:31.278+0200] {dag.py:3096} INFO - Sync 1 DAGs
[2026-04-29T06:04:31.280+0200] {logging_mixin.py:188} INFO - [2026-04-29T06:04:31.280+0200] {dag.py:3954} INFO - Setting next_dagrun for tutorial_taskflow_api to None, run_after=None
[2026-04-29T06:04:31.285+0200] {processor.py:183} INFO - Processing /Users/pablofrancoherrero/prueba_tecnica/venv/lib/python3.11/site-packages/airflow/example_dags/tutorial_taskflow_api.py took 0.046 seconds
[2026-04-29T06:05:11.914+0200] {processor.py:161} INFO - Started process (PID=76575) to work on /Users/pablofrancoherrero/prueba_tecnica/venv/lib/python3.11/site-packages/airflow/example_dags/tutorial_taskflow_api.py
[2026-04-29T06:05:11.914+0200] {processor.py:830} INFO - Processing file /Users/pablofrancoherrero/prueba_tecnica/venv/lib/python3.11/site-packages/airflow/example_dags/tutorial_taskflow_api.py for tasks to queue
[2026-04-29T06:05:11.915+0200] {logging_mixin.py:188} INFO - [2026-04-29T06:05:11.915+0200] {dagbag.py:540} INFO - Filling up the DagBag from /Users/pablofrancoherrero/prueba_tecnica/venv/lib/python3.11/site-packages/airflow/example_dags/tutorial_taskflow_api.py
[2026-04-29T06:05:11.926+0200] {processor.py:840} INFO - DAG(s) 'tutorial_taskflow_api' retrieved from /Users/pablofrancoherrero/prueba_tecnica/venv/lib/python3.11/site-packages/airflow/example_dags/tutorial_taskflow_api.py
[2026-04-29T06:05:11.951+0200] {logging_mixin.py:188} INFO - [2026-04-29T06:05:11.951+0200] {dag.py:3096} INFO - Sync 1 DAGs
[2026-04-29T06:05:11.953+0200] {logging_mixin.py:188} INFO - [2026-04-29T06:05:11.953+0200] {dag.py:3954} INFO - Setting next_dagrun for tutorial_taskflow_api to None, run_after=None
[2026-04-29T06:05:11.958+0200] {processor.py:183} INFO - Processing /Users/pablofrancoherrero/prueba_tecnica/venv/lib/python3.11/site-packages/airflow/example_dags/tutorial_taskflow_api.py took 0.045 seconds
[2026-04-29T06:05:51.849+0200] {processor.py:161} INFO - Started process (PID=76614) to work on /Users/pablofrancoherrero/prueba_tecnica/venv/lib/python3.11/site-packages/airflow/example_dags/tutorial_taskflow_api.py
[2026-04-29T06:05:51.850+0200] {processor.py:830} INFO - Processing file /Users/pablofrancoherrero/prueba_tecnica/venv/lib/python3.11/site-packages/airflow/example_dags/tutorial_taskflow_api.py for tasks to queue
[2026-04-29T06:05:51.850+0200] {logging_mixin.py:188} INFO - [2026-04-29T06:05:51.850+0200] {dagbag.py:540} INFO - Filling up the DagBag from /Users/pablofrancoherrero/prueba_tecnica/venv/lib/python3.11/site-packages/airflow/example_dags/tutorial_taskflow_api.py
[2026-04-29T06:05:51.862+0200] {processor.py:840} INFO - DAG(s) 'tutorial_taskflow_api' retrieved from /Users/pablofrancoherrero/prueba_tecnica/venv/lib/python3.11/site-packages/airflow/example_dags/tutorial_taskflow_api.py
[2026-04-29T06:05:51.887+0200] {logging_mixin.py:188} INFO - [2026-04-29T06:05:51.887+0200] {dag.py:3096} INFO - Sync 1 DAGs
[2026-04-29T06:05:51.889+0200] {logging_mixin.py:188} INFO - [2026-04-29T06:05:51.889+0200] {dag.py:3954} INFO - Setting next_dagrun for tutorial_taskflow_api to None, run_after=None
[2026-04-29T06:05:51.894+0200] {processor.py:183} INFO - Processing /Users/pablofrancoherrero/prueba_tecnica/venv/lib/python3.11/site-packages/airflow/example_dags/tutorial_taskflow_api.py took 0.045 seconds
[2026-04-29T06:06:31.831+0200] {processor.py:161} INFO - Started process (PID=76678) to work on /Users/pablofrancoherrero/prueba_tecnica/venv/lib/python3.11/site-packages/airflow/example_dags/tutorial_taskflow_api.py
[2026-04-29T06:06:31.831+0200] {processor.py:830} INFO - Processing file /Users/pablofrancoherrero/prueba_tecnica/venv/lib/python3.11/site-packages/airflow/example_dags/tutorial_taskflow_api.py for tasks to queue
[2026-04-29T06:06:31.831+0200] {logging_mixin.py:188} INFO - [2026-04-29T06:06:31.831+0200] {dagbag.py:540} INFO - Filling up the DagBag from /Users/pablofrancoherrero/prueba_tecnica/venv/lib/python3.11/site-packages/airflow/example_dags/tutorial_taskflow_api.py
[2026-04-29T06:06:31.842+0200] {processor.py:840} INFO - DAG(s) 'tutorial_taskflow_api' retrieved from /Users/pablofrancoherrero/prueba_tecnica/venv/lib/python3.11/site-packages/airflow/example_dags/tutorial_taskflow_api.py
[2026-04-29T06:06:31.867+0200] {logging_mixin.py:188} INFO - [2026-04-29T06:06:31.867+0200] {dag.py:3096} INFO - Sync 1 DAGs
[2026-04-29T06:06:31.869+0200] {logging_mixin.py:188} INFO - [2026-04-29T06:06:31.869+0200] {dag.py:3954} INFO - Setting next_dagrun for tutorial_taskflow_api to None, run_after=None
[2026-04-29T06:06:31.874+0200] {processor.py:183} INFO - Processing /Users/pablofrancoherrero/prueba_tecnica/venv/lib/python3.11/site-packages/airflow/example_dags/tutorial_taskflow_api.py took 0.044 seconds
[2026-04-29T06:07:11.613+0200] {processor.py:161} INFO - Started process (PID=76719) to work on /Users/pablofrancoherrero/prueba_tecnica/venv/lib/python3.11/site-packages/airflow/example_dags/tutorial_taskflow_api.py
[2026-04-29T06:07:11.614+0200] {processor.py:830} INFO - Processing file /Users/pablofrancoherrero/prueba_tecnica/venv/lib/python3.11/site-packages/airflow/example_dags/tutorial_taskflow_api.py for tasks to queue
[2026-04-29T06:07:11.614+0200] {logging_mixin.py:188} INFO - [2026-04-29T06:07:11.614+0200] {dagbag.py:540} INFO - Filling up the DagBag from /Users/pablofrancoherrero/prueba_tecnica/venv/lib/python3.11/site-packages/airflow/example_dags/tutorial_taskflow_api.py
[2026-04-29T06:07:11.625+0200] {processor.py:840} INFO - DAG(s) 'tutorial_taskflow_api' retrieved from /Users/pablofrancoherrero/prueba_tecnica/venv/lib/python3.11/site-packages/airflow/example_dags/tutorial_taskflow_api.py
[2026-04-29T06:07:11.649+0200] {logging_mixin.py:188} INFO - [2026-04-29T06:07:11.649+0200] {dag.py:3096} INFO - Sync 1 DAGs
[2026-04-29T06:07:11.652+0200] {logging_mixin.py:188} INFO - [2026-04-29T06:07:11.652+0200] {dag.py:3954} INFO - Setting next_dagrun for tutorial_taskflow_api to None, run_after=None
[2026-04-29T06:07:11.657+0200] {processor.py:183} INFO - Processing /Users/pablofrancoherrero/prueba_tecnica/venv/lib/python3.11/site-packages/airflow/example_dags/tutorial_taskflow_api.py took 0.045 seconds
[2026-04-29T06:07:51.277+0200] {processor.py:161} INFO - Started process (PID=76761) to work on /Users/pablofrancoherrero/prueba_tecnica/venv/lib/python3.11/site-packages/airflow/example_dags/tutorial_taskflow_api.py
[2026-04-29T06:07:51.278+0200] {processor.py:830} INFO - Processing file /Users/pablofrancoherrero/prueba_tecnica/venv/lib/python3.11/site-packages/airflow/example_dags/tutorial_taskflow_api.py for tasks to queue
[2026-04-29T06:07:51.279+0200] {logging_mixin.py:188} INFO - [2026-04-29T06:07:51.278+0200] {dagbag.py:540} INFO - Filling up the DagBag from /Users/pablofrancoherrero/prueba_tecnica/venv/lib/python3.11/site-packages/airflow/example_dags/tutorial_taskflow_api.py
[2026-04-29T06:07:51.290+0200] {processor.py:840} INFO - DAG(s) 'tutorial_taskflow_api' retrieved from /Users/pablofrancoherrero/prueba_tecnica/venv/lib/python3.11/site-packages/airflow/example_dags/tutorial_taskflow_api.py
[2026-04-29T06:07:51.315+0200] {logging_mixin.py:188} INFO - [2026-04-29T06:07:51.315+0200] {dag.py:3096} INFO - Sync 1 DAGs
[2026-04-29T06:07:51.317+0200] {logging_mixin.py:188} INFO - [2026-04-29T06:07:51.317+0200] {dag.py:3954} INFO - Setting next_dagrun for tutorial_taskflow_api to None, run_after=None
[2026-04-29T06:07:51.322+0200] {processor.py:183} INFO - Processing /Users/pablofrancoherrero/prueba_tecnica/venv/lib/python3.11/site-packages/airflow/example_dags/tutorial_taskflow_api.py took 0.045 seconds
[2026-04-29T06:08:32.743+0200] {processor.py:161} INFO - Started process (PID=76805) to work on /Users/pablofrancoherrero/prueba_tecnica/venv/lib/python3.11/site-packages/airflow/example_dags/tutorial_taskflow_api.py
[2026-04-29T06:08:32.743+0200] {processor.py:830} INFO - Processing file /Users/pablofrancoherrero/prueba_tecnica/venv/lib/python3.11/site-packages/airflow/example_dags/tutorial_taskflow_api.py for tasks to queue
[2026-04-29T06:08:32.743+0200] {logging_mixin.py:188} INFO - [2026-04-29T06:08:32.743+0200] {dagbag.py:540} INFO - Filling up the DagBag from /Users/pablofrancoherrero/prueba_tecnica/venv/lib/python3.11/site-packages/airflow/example_dags/tutorial_taskflow_api.py
[2026-04-29T06:08:32.754+0200] {processor.py:840} INFO - DAG(s) 'tutorial_taskflow_api' retrieved from /Users/pablofrancoherrero/prueba_tecnica/venv/lib/python3.11/site-packages/airflow/example_dags/tutorial_taskflow_api.py
[2026-04-29T06:08:32.779+0200] {logging_mixin.py:188} INFO - [2026-04-29T06:08:32.779+0200] {dag.py:3096} INFO - Sync 1 DAGs
[2026-04-29T06:08:32.781+0200] {logging_mixin.py:188} INFO - [2026-04-29T06:08:32.781+0200] {dag.py:3954} INFO - Setting next_dagrun for tutorial_taskflow_api to None, run_after=None
[2026-04-29T06:08:32.786+0200] {processor.py:183} INFO - Processing /Users/pablofrancoherrero/prueba_tecnica/venv/lib/python3.11/site-packages/airflow/example_dags/tutorial_taskflow_api.py took 0.044 seconds
[2026-04-29T06:09:49.775+0200] {processor.py:161} INFO - Started process (PID=76885) to work on /Users/pablofrancoherrero/prueba_tecnica/venv/lib/python3.11/site-packages/airflow/example_dags/tutorial_taskflow_api.py
[2026-04-29T06:09:49.776+0200] {processor.py:830} INFO - Processing file /Users/pablofrancoherrero/prueba_tecnica/venv/lib/python3.11/site-packages/airflow/example_dags/tutorial_taskflow_api.py for tasks to queue
[2026-04-29T06:09:49.776+0200] {logging_mixin.py:188} INFO - [2026-04-29T06:09:49.776+0200] {dagbag.py:540} INFO - Filling up the DagBag from /Users/pablofrancoherrero/prueba_tecnica/venv/lib/python3.11/site-packages/airflow/example_dags/tutorial_taskflow_api.py
[2026-04-29T06:09:49.787+0200] {processor.py:840} INFO - DAG(s) 'tutorial_taskflow_api' retrieved from /Users/pablofrancoherrero/prueba_tecnica/venv/lib/python3.11/site-packages/airflow/example_dags/tutorial_taskflow_api.py
[2026-04-29T06:09:49.811+0200] {logging_mixin.py:188} INFO - [2026-04-29T06:09:49.811+0200] {dag.py:3096} INFO - Sync 1 DAGs
[2026-04-29T06:09:49.814+0200] {logging_mixin.py:188} INFO - [2026-04-29T06:09:49.814+0200] {dag.py:3954} INFO - Setting next_dagrun for tutorial_taskflow_api to None, run_after=None
[2026-04-29T06:09:49.818+0200] {processor.py:183} INFO - Processing /Users/pablofrancoherrero/prueba_tecnica/venv/lib/python3.11/site-packages/airflow/example_dags/tutorial_taskflow_api.py took 0.044 seconds
[2026-04-29T06:10:30.072+0200] {processor.py:161} INFO - Started process (PID=76928) to work on /Users/pablofrancoherrero/prueba_tecnica/venv/lib/python3.11/site-packages/airflow/example_dags/tutorial_taskflow_api.py
[2026-04-29T06:10:30.073+0200] {processor.py:830} INFO - Processing file /Users/pablofrancoherrero/prueba_tecnica/venv/lib/python3.11/site-packages/airflow/example_dags/tutorial_taskflow_api.py for tasks to queue
[2026-04-29T06:10:30.073+0200] {logging_mixin.py:188} INFO - [2026-04-29T06:10:30.073+0200] {dagbag.py:540} INFO - Filling up the DagBag from /Users/pablofrancoherrero/prueba_tecnica/venv/lib/python3.11/site-packages/airflow/example_dags/tutorial_taskflow_api.py
[2026-04-29T06:10:30.084+0200] {processor.py:840} INFO - DAG(s) 'tutorial_taskflow_api' retrieved from /Users/pablofrancoherrero/prueba_tecnica/venv/lib/python3.11/site-packages/airflow/example_dags/tutorial_taskflow_api.py
[2026-04-29T06:10:30.108+0200] {logging_mixin.py:188} INFO - [2026-04-29T06:10:30.108+0200] {dag.py:3096} INFO - Sync 1 DAGs
[2026-04-29T06:10:30.110+0200] {logging_mixin.py:188} INFO - [2026-04-29T06:10:30.110+0200] {dag.py:3954} INFO - Setting next_dagrun for tutorial_taskflow_api to None, run_after=None
[2026-04-29T06:10:30.115+0200] {processor.py:183} INFO - Processing /Users/pablofrancoherrero/prueba_tecnica/venv/lib/python3.11/site-packages/airflow/example_dags/tutorial_taskflow_api.py took 0.044 seconds
[2026-04-29T06:11:10.407+0200] {processor.py:161} INFO - Started process (PID=76971) to work on /Users/pablofrancoherrero/prueba_tecnica/venv/lib/python3.11/site-packages/airflow/example_dags/tutorial_taskflow_api.py
[2026-04-29T06:11:10.408+0200] {processor.py:830} INFO - Processing file /Users/pablofrancoherrero/prueba_tecnica/venv/lib/python3.11/site-packages/airflow/example_dags/tutorial_taskflow_api.py for tasks to queue
[2026-04-29T06:11:10.409+0200] {logging_mixin.py:188} INFO - [2026-04-29T06:11:10.409+0200] {dagbag.py:540} INFO - Filling up the DagBag from /Users/pablofrancoherrero/prueba_tecnica/venv/lib/python3.11/site-packages/airflow/example_dags/tutorial_taskflow_api.py
[2026-04-29T06:11:10.419+0200] {processor.py:840} INFO - DAG(s) 'tutorial_taskflow_api' retrieved from /Users/pablofrancoherrero/prueba_tecnica/venv/lib/python3.11/site-packages/airflow/example_dags/tutorial_taskflow_api.py
[2026-04-29T06:11:10.443+0200] {logging_mixin.py:188} INFO - [2026-04-29T06:11:10.443+0200] {dag.py:3096} INFO - Sync 1 DAGs
[2026-04-29T06:11:10.446+0200] {logging_mixin.py:188} INFO - [2026-04-29T06:11:10.446+0200] {dag.py:3954} INFO - Setting next_dagrun for tutorial_taskflow_api to None, run_after=None
[2026-04-29T06:11:10.450+0200] {processor.py:183} INFO - Processing /Users/pablofrancoherrero/prueba_tecnica/venv/lib/python3.11/site-packages/airflow/example_dags/tutorial_taskflow_api.py took 0.044 seconds
[2026-04-29T06:11:50.625+0200] {processor.py:161} INFO - Started process (PID=77022) to work on /Users/pablofrancoherrero/prueba_tecnica/venv/lib/python3.11/site-packages/airflow/example_dags/tutorial_taskflow_api.py
[2026-04-29T06:11:50.626+0200] {processor.py:830} INFO - Processing file /Users/pablofrancoherrero/prueba_tecnica/venv/lib/python3.11/site-packages/airflow/example_dags/tutorial_taskflow_api.py for tasks to queue
[2026-04-29T06:11:50.626+0200] {logging_mixin.py:188} INFO - [2026-04-29T06:11:50.626+0200] {dagbag.py:540} INFO - Filling up the DagBag from /Users/pablofrancoherrero/prueba_tecnica/venv/lib/python3.11/site-packages/airflow/example_dags/tutorial_taskflow_api.py
[2026-04-29T06:11:50.637+0200] {processor.py:840} INFO - DAG(s) 'tutorial_taskflow_api' retrieved from /Users/pablofrancoherrero/prueba_tecnica/venv/lib/python3.11/site-packages/airflow/example_dags/tutorial_taskflow_api.py
[2026-04-29T06:11:50.662+0200] {logging_mixin.py:188} INFO - [2026-04-29T06:11:50.662+0200] {dag.py:3096} INFO - Sync 1 DAGs
[2026-04-29T06:11:50.664+0200] {logging_mixin.py:188} INFO - [2026-04-29T06:11:50.664+0200] {dag.py:3954} INFO - Setting next_dagrun for tutorial_taskflow_api to None, run_after=None
[2026-04-29T06:11:50.669+0200] {processor.py:183} INFO - Processing /Users/pablofrancoherrero/prueba_tecnica/venv/lib/python3.11/site-packages/airflow/example_dags/tutorial_taskflow_api.py took 0.044 seconds
[2026-04-29T06:12:30.651+0200] {processor.py:161} INFO - Started process (PID=77067) to work on /Users/pablofrancoherrero/prueba_tecnica/venv/lib/python3.11/site-packages/airflow/example_dags/tutorial_taskflow_api.py
[2026-04-29T06:12:30.652+0200] {processor.py:830} INFO - Processing file /Users/pablofrancoherrero/prueba_tecnica/venv/lib/python3.11/site-packages/airflow/example_dags/tutorial_taskflow_api.py for tasks to queue
[2026-04-29T06:12:30.652+0200] {logging_mixin.py:188} INFO - [2026-04-29T06:12:30.652+0200] {dagbag.py:540} INFO - Filling up the DagBag from /Users/pablofrancoherrero/prueba_tecnica/venv/lib/python3.11/site-packages/airflow/example_dags/tutorial_taskflow_api.py
[2026-04-29T06:12:30.663+0200] {processor.py:840} INFO - DAG(s) 'tutorial_taskflow_api' retrieved from /Users/pablofrancoherrero/prueba_tecnica/venv/lib/python3.11/site-packages/airflow/example_dags/tutorial_taskflow_api.py
[2026-04-29T06:12:30.688+0200] {logging_mixin.py:188} INFO - [2026-04-29T06:12:30.688+0200] {dag.py:3096} INFO - Sync 1 DAGs
[2026-04-29T06:12:30.691+0200] {logging_mixin.py:188} INFO - [2026-04-29T06:12:30.691+0200] {dag.py:3954} INFO - Setting next_dagrun for tutorial_taskflow_api to None, run_after=None
[2026-04-29T06:12:30.695+0200] {processor.py:183} INFO - Processing /Users/pablofrancoherrero/prueba_tecnica/venv/lib/python3.11/site-packages/airflow/example_dags/tutorial_taskflow_api.py took 0.045 seconds
[2026-04-29T06:13:48.282+0200] {processor.py:161} INFO - Started process (PID=77149) to work on /Users/pablofrancoherrero/prueba_tecnica/venv/lib/python3.11/site-packages/airflow/example_dags/tutorial_taskflow_api.py
[2026-04-29T06:13:48.283+0200] {processor.py:830} INFO - Processing file /Users/pablofrancoherrero/prueba_tecnica/venv/lib/python3.11/site-packages/airflow/example_dags/tutorial_taskflow_api.py for tasks to queue
[2026-04-29T06:13:48.283+0200] {logging_mixin.py:188} INFO - [2026-04-29T06:13:48.283+0200] {dagbag.py:540} INFO - Filling up the DagBag from /Users/pablofrancoherrero/prueba_tecnica/venv/lib/python3.11/site-packages/airflow/example_dags/tutorial_taskflow_api.py
[2026-04-29T06:13:48.294+0200] {processor.py:840} INFO - DAG(s) 'tutorial_taskflow_api' retrieved from /Users/pablofrancoherrero/prueba_tecnica/venv/lib/python3.11/site-packages/airflow/example_dags/tutorial_taskflow_api.py
[2026-04-29T06:13:48.320+0200] {logging_mixin.py:188} INFO - [2026-04-29T06:13:48.319+0200] {dag.py:3096} INFO - Sync 1 DAGs
[2026-04-29T06:13:48.322+0200] {logging_mixin.py:188} INFO - [2026-04-29T06:13:48.322+0200] {dag.py:3954} INFO - Setting next_dagrun for tutorial_taskflow_api to None, run_after=None
[2026-04-29T06:13:48.327+0200] {processor.py:183} INFO - Processing /Users/pablofrancoherrero/prueba_tecnica/venv/lib/python3.11/site-packages/airflow/example_dags/tutorial_taskflow_api.py took 0.046 seconds
[2026-04-29T06:14:27.994+0200] {processor.py:161} INFO - Started process (PID=77206) to work on /Users/pablofrancoherrero/prueba_tecnica/venv/lib/python3.11/site-packages/airflow/example_dags/tutorial_taskflow_api.py
[2026-04-29T06:14:27.994+0200] {processor.py:830} INFO - Processing file /Users/pablofrancoherrero/prueba_tecnica/venv/lib/python3.11/site-packages/airflow/example_dags/tutorial_taskflow_api.py for tasks to queue
[2026-04-29T06:14:27.994+0200] {logging_mixin.py:188} INFO - [2026-04-29T06:14:27.994+0200] {dagbag.py:540} INFO - Filling up the DagBag from /Users/pablofrancoherrero/prueba_tecnica/venv/lib/python3.11/site-packages/airflow/example_dags/tutorial_taskflow_api.py
[2026-04-29T06:14:28.005+0200] {processor.py:840} INFO - DAG(s) 'tutorial_taskflow_api' retrieved from /Users/pablofrancoherrero/prueba_tecnica/venv/lib/python3.11/site-packages/airflow/example_dags/tutorial_taskflow_api.py
[2026-04-29T06:14:28.030+0200] {logging_mixin.py:188} INFO - [2026-04-29T06:14:28.030+0200] {dag.py:3096} INFO - Sync 1 DAGs
[2026-04-29T06:14:28.032+0200] {logging_mixin.py:188} INFO - [2026-04-29T06:14:28.032+0200] {dag.py:3954} INFO - Setting next_dagrun for tutorial_taskflow_api to None, run_after=None
[2026-04-29T06:14:28.037+0200] {processor.py:183} INFO - Processing /Users/pablofrancoherrero/prueba_tecnica/venv/lib/python3.11/site-packages/airflow/example_dags/tutorial_taskflow_api.py took 0.044 seconds
[2026-04-29T06:15:09.885+0200] {processor.py:161} INFO - Started process (PID=77253) to work on /Users/pablofrancoherrero/prueba_tecnica/venv/lib/python3.11/site-packages/airflow/example_dags/tutorial_taskflow_api.py
[2026-04-29T06:15:09.886+0200] {processor.py:830} INFO - Processing file /Users/pablofrancoherrero/prueba_tecnica/venv/lib/python3.11/site-packages/airflow/example_dags/tutorial_taskflow_api.py for tasks to queue
[2026-04-29T06:15:09.886+0200] {logging_mixin.py:188} INFO - [2026-04-29T06:15:09.886+0200] {dagbag.py:540} INFO - Filling up the DagBag from /Users/pablofrancoherrero/prueba_tecnica/venv/lib/python3.11/site-packages/airflow/example_dags/tutorial_taskflow_api.py
[2026-04-29T06:15:09.897+0200] {processor.py:840} INFO - DAG(s) 'tutorial_taskflow_api' retrieved from /Users/pablofrancoherrero/prueba_tecnica/venv/lib/python3.11/site-packages/airflow/example_dags/tutorial_taskflow_api.py
[2026-04-29T06:15:09.922+0200] {logging_mixin.py:188} INFO - [2026-04-29T06:15:09.922+0200] {dag.py:3096} INFO - Sync 1 DAGs
[2026-04-29T06:15:09.925+0200] {logging_mixin.py:188} INFO - [2026-04-29T06:15:09.925+0200] {dag.py:3954} INFO - Setting next_dagrun for tutorial_taskflow_api to None, run_after=None
[2026-04-29T06:15:09.930+0200] {processor.py:183} INFO - Processing /Users/pablofrancoherrero/prueba_tecnica/venv/lib/python3.11/site-packages/airflow/example_dags/tutorial_taskflow_api.py took 0.045 seconds
[2026-04-29T06:15:49.572+0200] {processor.py:161} INFO - Started process (PID=77303) to work on /Users/pablofrancoherrero/prueba_tecnica/venv/lib/python3.11/site-packages/airflow/example_dags/tutorial_taskflow_api.py
[2026-04-29T06:15:49.573+0200] {processor.py:830} INFO - Processing file /Users/pablofrancoherrero/prueba_tecnica/venv/lib/python3.11/site-packages/airflow/example_dags/tutorial_taskflow_api.py for tasks to queue
[2026-04-29T06:15:49.573+0200] {logging_mixin.py:188} INFO - [2026-04-29T06:15:49.573+0200] {dagbag.py:540} INFO - Filling up the DagBag from /Users/pablofrancoherrero/prueba_tecnica/venv/lib/python3.11/site-packages/airflow/example_dags/tutorial_taskflow_api.py
[2026-04-29T06:15:49.584+0200] {processor.py:840} INFO - DAG(s) 'tutorial_taskflow_api' retrieved from /Users/pablofrancoherrero/prueba_tecnica/venv/lib/python3.11/site-packages/airflow/example_dags/tutorial_taskflow_api.py
[2026-04-29T06:15:49.609+0200] {logging_mixin.py:188} INFO - [2026-04-29T06:15:49.609+0200] {dag.py:3096} INFO - Sync 1 DAGs
[2026-04-29T06:15:49.612+0200] {logging_mixin.py:188} INFO - [2026-04-29T06:15:49.612+0200] {dag.py:3954} INFO - Setting next_dagrun for tutorial_taskflow_api to None, run_after=None
[2026-04-29T06:15:49.617+0200] {processor.py:183} INFO - Processing /Users/pablofrancoherrero/prueba_tecnica/venv/lib/python3.11/site-packages/airflow/example_dags/tutorial_taskflow_api.py took 0.045 seconds
[2026-04-29T06:16:29.042+0200] {processor.py:161} INFO - Started process (PID=77347) to work on /Users/pablofrancoherrero/prueba_tecnica/venv/lib/python3.11/site-packages/airflow/example_dags/tutorial_taskflow_api.py
[2026-04-29T06:16:29.043+0200] {processor.py:830} INFO - Processing file /Users/pablofrancoherrero/prueba_tecnica/venv/lib/python3.11/site-packages/airflow/example_dags/tutorial_taskflow_api.py for tasks to queue
[2026-04-29T06:16:29.043+0200] {logging_mixin.py:188} INFO - [2026-04-29T06:16:29.043+0200] {dagbag.py:540} INFO - Filling up the DagBag from /Users/pablofrancoherrero/prueba_tecnica/venv/lib/python3.11/site-packages/airflow/example_dags/tutorial_taskflow_api.py
[2026-04-29T06:16:29.054+0200] {processor.py:840} INFO - DAG(s) 'tutorial_taskflow_api' retrieved from /Users/pablofrancoherrero/prueba_tecnica/venv/lib/python3.11/site-packages/airflow/example_dags/tutorial_taskflow_api.py
[2026-04-29T06:16:29.080+0200] {logging_mixin.py:188} INFO - [2026-04-29T06:16:29.080+0200] {dag.py:3096} INFO - Sync 1 DAGs
[2026-04-29T06:16:29.082+0200] {logging_mixin.py:188} INFO - [2026-04-29T06:16:29.082+0200] {dag.py:3954} INFO - Setting next_dagrun for tutorial_taskflow_api to None, run_after=None
[2026-04-29T06:16:29.087+0200] {processor.py:183} INFO - Processing /Users/pablofrancoherrero/prueba_tecnica/venv/lib/python3.11/site-packages/airflow/example_dags/tutorial_taskflow_api.py took 0.046 seconds
[2026-04-29T06:17:09.936+0200] {processor.py:161} INFO - Started process (PID=77409) to work on /Users/pablofrancoherrero/prueba_tecnica/venv/lib/python3.11/site-packages/airflow/example_dags/tutorial_taskflow_api.py
[2026-04-29T06:17:09.937+0200] {processor.py:830} INFO - Processing file /Users/pablofrancoherrero/prueba_tecnica/venv/lib/python3.11/site-packages/airflow/example_dags/tutorial_taskflow_api.py for tasks to queue
[2026-04-29T06:17:09.937+0200] {logging_mixin.py:188} INFO - [2026-04-29T06:17:09.937+0200] {dagbag.py:540} INFO - Filling up the DagBag from /Users/pablofrancoherrero/prueba_tecnica/venv/lib/python3.11/site-packages/airflow/example_dags/tutorial_taskflow_api.py
[2026-04-29T06:17:09.948+0200] {processor.py:840} INFO - DAG(s) 'tutorial_taskflow_api' retrieved from /Users/pablofrancoherrero/prueba_tecnica/venv/lib/python3.11/site-packages/airflow/example_dags/tutorial_taskflow_api.py
[2026-04-29T06:17:09.974+0200] {logging_mixin.py:188} INFO - [2026-04-29T06:17:09.973+0200] {dag.py:3096} INFO - Sync 1 DAGs
[2026-04-29T06:17:09.976+0200] {logging_mixin.py:188} INFO - [2026-04-29T06:17:09.976+0200] {dag.py:3954} INFO - Setting next_dagrun for tutorial_taskflow_api to None, run_after=None
[2026-04-29T06:17:09.981+0200] {processor.py:183} INFO - Processing /Users/pablofrancoherrero/prueba_tecnica/venv/lib/python3.11/site-packages/airflow/example_dags/tutorial_taskflow_api.py took 0.046 seconds
[2026-04-29T06:17:50.584+0200] {processor.py:161} INFO - Started process (PID=77473) to work on /Users/pablofrancoherrero/prueba_tecnica/venv/lib/python3.11/site-packages/airflow/example_dags/tutorial_taskflow_api.py
[2026-04-29T06:17:50.585+0200] {processor.py:830} INFO - Processing file /Users/pablofrancoherrero/prueba_tecnica/venv/lib/python3.11/site-packages/airflow/example_dags/tutorial_taskflow_api.py for tasks to queue
[2026-04-29T06:17:50.585+0200] {logging_mixin.py:188} INFO - [2026-04-29T06:17:50.585+0200] {dagbag.py:540} INFO - Filling up the DagBag from /Users/pablofrancoherrero/prueba_tecnica/venv/lib/python3.11/site-packages/airflow/example_dags/tutorial_taskflow_api.py
[2026-04-29T06:17:50.596+0200] {processor.py:840} INFO - DAG(s) 'tutorial_taskflow_api' retrieved from /Users/pablofrancoherrero/prueba_tecnica/venv/lib/python3.11/site-packages/airflow/example_dags/tutorial_taskflow_api.py
[2026-04-29T06:17:50.622+0200] {logging_mixin.py:188} INFO - [2026-04-29T06:17:50.622+0200] {dag.py:3096} INFO - Sync 1 DAGs
[2026-04-29T06:17:50.624+0200] {logging_mixin.py:188} INFO - [2026-04-29T06:17:50.624+0200] {dag.py:3954} INFO - Setting next_dagrun for tutorial_taskflow_api to None, run_after=None
[2026-04-29T06:17:50.629+0200] {processor.py:183} INFO - Processing /Users/pablofrancoherrero/prueba_tecnica/venv/lib/python3.11/site-packages/airflow/example_dags/tutorial_taskflow_api.py took 0.046 seconds
[2026-04-29T06:18:29.813+0200] {processor.py:161} INFO - Started process (PID=77529) to work on /Users/pablofrancoherrero/prueba_tecnica/venv/lib/python3.11/site-packages/airflow/example_dags/tutorial_taskflow_api.py
[2026-04-29T06:18:29.814+0200] {processor.py:830} INFO - Processing file /Users/pablofrancoherrero/prueba_tecnica/venv/lib/python3.11/site-packages/airflow/example_dags/tutorial_taskflow_api.py for tasks to queue
[2026-04-29T06:18:29.815+0200] {logging_mixin.py:188} INFO - [2026-04-29T06:18:29.815+0200] {dagbag.py:540} INFO - Filling up the DagBag from /Users/pablofrancoherrero/prueba_tecnica/venv/lib/python3.11/site-packages/airflow/example_dags/tutorial_taskflow_api.py
[2026-04-29T06:18:29.826+0200] {processor.py:840} INFO - DAG(s) 'tutorial_taskflow_api' retrieved from /Users/pablofrancoherrero/prueba_tecnica/venv/lib/python3.11/site-packages/airflow/example_dags/tutorial_taskflow_api.py
[2026-04-29T06:18:29.850+0200] {logging_mixin.py:188} INFO - [2026-04-29T06:18:29.850+0200] {dag.py:3096} INFO - Sync 1 DAGs
[2026-04-29T06:18:29.853+0200] {logging_mixin.py:188} INFO - [2026-04-29T06:18:29.853+0200] {dag.py:3954} INFO - Setting next_dagrun for tutorial_taskflow_api to None, run_after=None
[2026-04-29T06:18:29.857+0200] {processor.py:183} INFO - Processing /Users/pablofrancoherrero/prueba_tecnica/venv/lib/python3.11/site-packages/airflow/example_dags/tutorial_taskflow_api.py took 0.045 seconds
[2026-04-29T06:19:10.408+0200] {processor.py:161} INFO - Started process (PID=77574) to work on /Users/pablofrancoherrero/prueba_tecnica/venv/lib/python3.11/site-packages/airflow/example_dags/tutorial_taskflow_api.py
[2026-04-29T06:19:10.409+0200] {processor.py:830} INFO - Processing file /Users/pablofrancoherrero/prueba_tecnica/venv/lib/python3.11/site-packages/airflow/example_dags/tutorial_taskflow_api.py for tasks to queue
[2026-04-29T06:19:10.410+0200] {logging_mixin.py:188} INFO - [2026-04-29T06:19:10.410+0200] {dagbag.py:540} INFO - Filling up the DagBag from /Users/pablofrancoherrero/prueba_tecnica/venv/lib/python3.11/site-packages/airflow/example_dags/tutorial_taskflow_api.py
[2026-04-29T06:19:10.421+0200] {processor.py:840} INFO - DAG(s) 'tutorial_taskflow_api' retrieved from /Users/pablofrancoherrero/prueba_tecnica/venv/lib/python3.11/site-packages/airflow/example_dags/tutorial_taskflow_api.py
[2026-04-29T06:19:10.446+0200] {logging_mixin.py:188} INFO - [2026-04-29T06:19:10.446+0200] {dag.py:3096} INFO - Sync 1 DAGs
[2026-04-29T06:19:10.449+0200] {logging_mixin.py:188} INFO - [2026-04-29T06:19:10.449+0200] {dag.py:3954} INFO - Setting next_dagrun for tutorial_taskflow_api to None, run_after=None
[2026-04-29T06:19:10.453+0200] {processor.py:183} INFO - Processing /Users/pablofrancoherrero/prueba_tecnica/venv/lib/python3.11/site-packages/airflow/example_dags/tutorial_taskflow_api.py took 0.046 seconds
[2026-04-29T06:20:27.458+0200] {processor.py:161} INFO - Started process (PID=77658) to work on /Users/pablofrancoherrero/prueba_tecnica/venv/lib/python3.11/site-packages/airflow/example_dags/tutorial_taskflow_api.py
[2026-04-29T06:20:27.459+0200] {processor.py:830} INFO - Processing file /Users/pablofrancoherrero/prueba_tecnica/venv/lib/python3.11/site-packages/airflow/example_dags/tutorial_taskflow_api.py for tasks to queue
[2026-04-29T06:20:27.459+0200] {logging_mixin.py:188} INFO - [2026-04-29T06:20:27.459+0200] {dagbag.py:540} INFO - Filling up the DagBag from /Users/pablofrancoherrero/prueba_tecnica/venv/lib/python3.11/site-packages/airflow/example_dags/tutorial_taskflow_api.py
[2026-04-29T06:20:27.470+0200] {processor.py:840} INFO - DAG(s) 'tutorial_taskflow_api' retrieved from /Users/pablofrancoherrero/prueba_tecnica/venv/lib/python3.11/site-packages/airflow/example_dags/tutorial_taskflow_api.py
[2026-04-29T06:20:27.494+0200] {logging_mixin.py:188} INFO - [2026-04-29T06:20:27.494+0200] {dag.py:3096} INFO - Sync 1 DAGs
[2026-04-29T06:20:27.496+0200] {logging_mixin.py:188} INFO - [2026-04-29T06:20:27.496+0200] {dag.py:3954} INFO - Setting next_dagrun for tutorial_taskflow_api to None, run_after=None
[2026-04-29T06:20:27.501+0200] {processor.py:183} INFO - Processing /Users/pablofrancoherrero/prueba_tecnica/venv/lib/python3.11/site-packages/airflow/example_dags/tutorial_taskflow_api.py took 0.044 seconds
[2026-04-29T06:21:08.401+0200] {processor.py:161} INFO - Started process (PID=77704) to work on /Users/pablofrancoherrero/prueba_tecnica/venv/lib/python3.11/site-packages/airflow/example_dags/tutorial_taskflow_api.py
[2026-04-29T06:21:08.402+0200] {processor.py:830} INFO - Processing file /Users/pablofrancoherrero/prueba_tecnica/venv/lib/python3.11/site-packages/airflow/example_dags/tutorial_taskflow_api.py for tasks to queue
[2026-04-29T06:21:08.403+0200] {logging_mixin.py:188} INFO - [2026-04-29T06:21:08.403+0200] {dagbag.py:540} INFO - Filling up the DagBag from /Users/pablofrancoherrero/prueba_tecnica/venv/lib/python3.11/site-packages/airflow/example_dags/tutorial_taskflow_api.py
[2026-04-29T06:21:08.413+0200] {processor.py:840} INFO - DAG(s) 'tutorial_taskflow_api' retrieved from /Users/pablofrancoherrero/prueba_tecnica/venv/lib/python3.11/site-packages/airflow/example_dags/tutorial_taskflow_api.py
[2026-04-29T06:21:08.438+0200] {logging_mixin.py:188} INFO - [2026-04-29T06:21:08.438+0200] {dag.py:3096} INFO - Sync 1 DAGs
[2026-04-29T06:21:08.440+0200] {logging_mixin.py:188} INFO - [2026-04-29T06:21:08.440+0200] {dag.py:3954} INFO - Setting next_dagrun for tutorial_taskflow_api to None, run_after=None
[2026-04-29T06:21:08.445+0200] {processor.py:183} INFO - Processing /Users/pablofrancoherrero/prueba_tecnica/venv/lib/python3.11/site-packages/airflow/example_dags/tutorial_taskflow_api.py took 0.044 seconds
[2026-04-29T06:21:47.880+0200] {processor.py:161} INFO - Started process (PID=77746) to work on /Users/pablofrancoherrero/prueba_tecnica/venv/lib/python3.11/site-packages/airflow/example_dags/tutorial_taskflow_api.py
[2026-04-29T06:21:47.881+0200] {processor.py:830} INFO - Processing file /Users/pablofrancoherrero/prueba_tecnica/venv/lib/python3.11/site-packages/airflow/example_dags/tutorial_taskflow_api.py for tasks to queue
[2026-04-29T06:21:47.881+0200] {logging_mixin.py:188} INFO - [2026-04-29T06:21:47.881+0200] {dagbag.py:540} INFO - Filling up the DagBag from /Users/pablofrancoherrero/prueba_tecnica/venv/lib/python3.11/site-packages/airflow/example_dags/tutorial_taskflow_api.py
[2026-04-29T06:21:47.892+0200] {processor.py:840} INFO - DAG(s) 'tutorial_taskflow_api' retrieved from /Users/pablofrancoherrero/prueba_tecnica/venv/lib/python3.11/site-packages/airflow/example_dags/tutorial_taskflow_api.py
[2026-04-29T06:21:47.916+0200] {logging_mixin.py:188} INFO - [2026-04-29T06:21:47.916+0200] {dag.py:3096} INFO - Sync 1 DAGs
[2026-04-29T06:21:47.919+0200] {logging_mixin.py:188} INFO - [2026-04-29T06:21:47.918+0200] {dag.py:3954} INFO - Setting next_dagrun for tutorial_taskflow_api to None, run_after=None
[2026-04-29T06:21:47.923+0200] {processor.py:183} INFO - Processing /Users/pablofrancoherrero/prueba_tecnica/venv/lib/python3.11/site-packages/airflow/example_dags/tutorial_taskflow_api.py took 0.043 seconds
[2026-04-29T06:22:26.396+0200] {processor.py:161} INFO - Started process (PID=77840) to work on /Users/pablofrancoherrero/prueba_tecnica/venv/lib/python3.11/site-packages/airflow/example_dags/tutorial_taskflow_api.py
[2026-04-29T06:22:26.397+0200] {processor.py:830} INFO - Processing file /Users/pablofrancoherrero/prueba_tecnica/venv/lib/python3.11/site-packages/airflow/example_dags/tutorial_taskflow_api.py for tasks to queue
[2026-04-29T06:22:26.397+0200] {logging_mixin.py:188} INFO - [2026-04-29T06:22:26.397+0200] {dagbag.py:540} INFO - Filling up the DagBag from /Users/pablofrancoherrero/prueba_tecnica/venv/lib/python3.11/site-packages/airflow/example_dags/tutorial_taskflow_api.py
[2026-04-29T06:22:26.408+0200] {processor.py:840} INFO - DAG(s) 'tutorial_taskflow_api' retrieved from /Users/pablofrancoherrero/prueba_tecnica/venv/lib/python3.11/site-packages/airflow/example_dags/tutorial_taskflow_api.py
[2026-04-29T06:22:26.432+0200] {logging_mixin.py:188} INFO - [2026-04-29T06:22:26.432+0200] {dag.py:3096} INFO - Sync 1 DAGs
[2026-04-29T06:22:26.435+0200] {logging_mixin.py:188} INFO - [2026-04-29T06:22:26.435+0200] {dag.py:3954} INFO - Setting next_dagrun for tutorial_taskflow_api to None, run_after=None
[2026-04-29T06:22:26.439+0200] {processor.py:183} INFO - Processing /Users/pablofrancoherrero/prueba_tecnica/venv/lib/python3.11/site-packages/airflow/example_dags/tutorial_taskflow_api.py took 0.044 seconds
[2026-04-29T06:23:06.189+0200] {processor.py:161} INFO - Started process (PID=77890) to work on /Users/pablofrancoherrero/prueba_tecnica/venv/lib/python3.11/site-packages/airflow/example_dags/tutorial_taskflow_api.py
[2026-04-29T06:23:06.190+0200] {processor.py:830} INFO - Processing file /Users/pablofrancoherrero/prueba_tecnica/venv/lib/python3.11/site-packages/airflow/example_dags/tutorial_taskflow_api.py for tasks to queue
[2026-04-29T06:23:06.190+0200] {logging_mixin.py:188} INFO - [2026-04-29T06:23:06.190+0200] {dagbag.py:540} INFO - Filling up the DagBag from /Users/pablofrancoherrero/prueba_tecnica/venv/lib/python3.11/site-packages/airflow/example_dags/tutorial_taskflow_api.py
[2026-04-29T06:23:06.201+0200] {processor.py:840} INFO - DAG(s) 'tutorial_taskflow_api' retrieved from /Users/pablofrancoherrero/prueba_tecnica/venv/lib/python3.11/site-packages/airflow/example_dags/tutorial_taskflow_api.py
[2026-04-29T06:23:06.227+0200] {logging_mixin.py:188} INFO - [2026-04-29T06:23:06.227+0200] {dag.py:3096} INFO - Sync 1 DAGs
[2026-04-29T06:23:06.229+0200] {logging_mixin.py:188} INFO - [2026-04-29T06:23:06.229+0200] {dag.py:3954} INFO - Setting next_dagrun for tutorial_taskflow_api to None, run_after=None
[2026-04-29T06:23:06.234+0200] {processor.py:183} INFO - Processing /Users/pablofrancoherrero/prueba_tecnica/venv/lib/python3.11/site-packages/airflow/example_dags/tutorial_taskflow_api.py took 0.046 seconds
[2026-04-29T06:23:45.588+0200] {processor.py:161} INFO - Started process (PID=77938) to work on /Users/pablofrancoherrero/prueba_tecnica/venv/lib/python3.11/site-packages/airflow/example_dags/tutorial_taskflow_api.py
[2026-04-29T06:23:45.589+0200] {processor.py:830} INFO - Processing file /Users/pablofrancoherrero/prueba_tecnica/venv/lib/python3.11/site-packages/airflow/example_dags/tutorial_taskflow_api.py for tasks to queue
[2026-04-29T06:23:45.590+0200] {logging_mixin.py:188} INFO - [2026-04-29T06:23:45.590+0200] {dagbag.py:540} INFO - Filling up the DagBag from /Users/pablofrancoherrero/prueba_tecnica/venv/lib/python3.11/site-packages/airflow/example_dags/tutorial_taskflow_api.py
[2026-04-29T06:23:45.600+0200] {processor.py:840} INFO - DAG(s) 'tutorial_taskflow_api' retrieved from /Users/pablofrancoherrero/prueba_tecnica/venv/lib/python3.11/site-packages/airflow/example_dags/tutorial_taskflow_api.py
[2026-04-29T06:23:45.625+0200] {logging_mixin.py:188} INFO - [2026-04-29T06:23:45.625+0200] {dag.py:3096} INFO - Sync 1 DAGs
[2026-04-29T06:23:45.627+0200] {logging_mixin.py:188} INFO - [2026-04-29T06:23:45.627+0200] {dag.py:3954} INFO - Setting next_dagrun for tutorial_taskflow_api to None, run_after=None
[2026-04-29T06:23:45.632+0200] {processor.py:183} INFO - Processing /Users/pablofrancoherrero/prueba_tecnica/venv/lib/python3.11/site-packages/airflow/example_dags/tutorial_taskflow_api.py took 0.044 seconds
[2026-04-29T06:24:26.602+0200] {processor.py:161} INFO - Started process (PID=77993) to work on /Users/pablofrancoherrero/prueba_tecnica/venv/lib/python3.11/site-packages/airflow/example_dags/tutorial_taskflow_api.py
[2026-04-29T06:24:26.603+0200] {processor.py:830} INFO - Processing file /Users/pablofrancoherrero/prueba_tecnica/venv/lib/python3.11/site-packages/airflow/example_dags/tutorial_taskflow_api.py for tasks to queue
[2026-04-29T06:24:26.604+0200] {logging_mixin.py:188} INFO - [2026-04-29T06:24:26.604+0200] {dagbag.py:540} INFO - Filling up the DagBag from /Users/pablofrancoherrero/prueba_tecnica/venv/lib/python3.11/site-packages/airflow/example_dags/tutorial_taskflow_api.py
[2026-04-29T06:24:26.615+0200] {processor.py:840} INFO - DAG(s) 'tutorial_taskflow_api' retrieved from /Users/pablofrancoherrero/prueba_tecnica/venv/lib/python3.11/site-packages/airflow/example_dags/tutorial_taskflow_api.py
[2026-04-29T06:24:26.640+0200] {logging_mixin.py:188} INFO - [2026-04-29T06:24:26.640+0200] {dag.py:3096} INFO - Sync 1 DAGs
[2026-04-29T06:24:26.643+0200] {logging_mixin.py:188} INFO - [2026-04-29T06:24:26.642+0200] {dag.py:3954} INFO - Setting next_dagrun for tutorial_taskflow_api to None, run_after=None
[2026-04-29T06:24:26.647+0200] {processor.py:183} INFO - Processing /Users/pablofrancoherrero/prueba_tecnica/venv/lib/python3.11/site-packages/airflow/example_dags/tutorial_taskflow_api.py took 0.046 seconds
[2026-04-29T06:25:07.668+0200] {processor.py:161} INFO - Started process (PID=78033) to work on /Users/pablofrancoherrero/prueba_tecnica/venv/lib/python3.11/site-packages/airflow/example_dags/tutorial_taskflow_api.py
[2026-04-29T06:25:07.669+0200] {processor.py:830} INFO - Processing file /Users/pablofrancoherrero/prueba_tecnica/venv/lib/python3.11/site-packages/airflow/example_dags/tutorial_taskflow_api.py for tasks to queue
[2026-04-29T06:25:07.669+0200] {logging_mixin.py:188} INFO - [2026-04-29T06:25:07.669+0200] {dagbag.py:540} INFO - Filling up the DagBag from /Users/pablofrancoherrero/prueba_tecnica/venv/lib/python3.11/site-packages/airflow/example_dags/tutorial_taskflow_api.py
[2026-04-29T06:25:07.680+0200] {processor.py:840} INFO - DAG(s) 'tutorial_taskflow_api' retrieved from /Users/pablofrancoherrero/prueba_tecnica/venv/lib/python3.11/site-packages/airflow/example_dags/tutorial_taskflow_api.py
[2026-04-29T06:25:07.705+0200] {logging_mixin.py:188} INFO - [2026-04-29T06:25:07.705+0200] {dag.py:3096} INFO - Sync 1 DAGs
[2026-04-29T06:25:07.707+0200] {logging_mixin.py:188} INFO - [2026-04-29T06:25:07.707+0200] {dag.py:3954} INFO - Setting next_dagrun for tutorial_taskflow_api to None, run_after=None
[2026-04-29T06:25:07.712+0200] {processor.py:183} INFO - Processing /Users/pablofrancoherrero/prueba_tecnica/venv/lib/python3.11/site-packages/airflow/example_dags/tutorial_taskflow_api.py took 0.044 seconds
[2026-04-29T06:25:46.163+0200] {processor.py:161} INFO - Started process (PID=78074) to work on /Users/pablofrancoherrero/prueba_tecnica/venv/lib/python3.11/site-packages/airflow/example_dags/tutorial_taskflow_api.py
[2026-04-29T06:25:46.164+0200] {processor.py:830} INFO - Processing file /Users/pablofrancoherrero/prueba_tecnica/venv/lib/python3.11/site-packages/airflow/example_dags/tutorial_taskflow_api.py for tasks to queue
[2026-04-29T06:25:46.164+0200] {logging_mixin.py:188} INFO - [2026-04-29T06:25:46.164+0200] {dagbag.py:540} INFO - Filling up the DagBag from /Users/pablofrancoherrero/prueba_tecnica/venv/lib/python3.11/site-packages/airflow/example_dags/tutorial_taskflow_api.py
[2026-04-29T06:25:46.175+0200] {processor.py:840} INFO - DAG(s) 'tutorial_taskflow_api' retrieved from /Users/pablofrancoherrero/prueba_tecnica/venv/lib/python3.11/site-packages/airflow/example_dags/tutorial_taskflow_api.py
[2026-04-29T06:25:46.200+0200] {logging_mixin.py:188} INFO - [2026-04-29T06:25:46.199+0200] {dag.py:3096} INFO - Sync 1 DAGs
[2026-04-29T06:25:46.202+0200] {logging_mixin.py:188} INFO - [2026-04-29T06:25:46.202+0200] {dag.py:3954} INFO - Setting next_dagrun for tutorial_taskflow_api to None, run_after=None
[2026-04-29T06:25:46.206+0200] {processor.py:183} INFO - Processing /Users/pablofrancoherrero/prueba_tecnica/venv/lib/python3.11/site-packages/airflow/example_dags/tutorial_taskflow_api.py took 0.044 seconds
[2026-04-29T06:42:56.819+0200] {processor.py:161} INFO - Started process (PID=78153) to work on /Users/pablofrancoherrero/prueba_tecnica/venv/lib/python3.11/site-packages/airflow/example_dags/tutorial_taskflow_api.py
[2026-04-29T06:42:56.819+0200] {processor.py:830} INFO - Processing file /Users/pablofrancoherrero/prueba_tecnica/venv/lib/python3.11/site-packages/airflow/example_dags/tutorial_taskflow_api.py for tasks to queue
[2026-04-29T06:42:56.820+0200] {logging_mixin.py:188} INFO - [2026-04-29T06:42:56.820+0200] {dagbag.py:540} INFO - Filling up the DagBag from /Users/pablofrancoherrero/prueba_tecnica/venv/lib/python3.11/site-packages/airflow/example_dags/tutorial_taskflow_api.py
[2026-04-29T06:42:56.833+0200] {processor.py:840} INFO - DAG(s) 'tutorial_taskflow_api' retrieved from /Users/pablofrancoherrero/prueba_tecnica/venv/lib/python3.11/site-packages/airflow/example_dags/tutorial_taskflow_api.py
[2026-04-29T06:42:56.858+0200] {logging_mixin.py:188} INFO - [2026-04-29T06:42:56.858+0200] {dag.py:3096} INFO - Sync 1 DAGs
[2026-04-29T06:42:56.861+0200] {logging_mixin.py:188} INFO - [2026-04-29T06:42:56.861+0200] {dag.py:3954} INFO - Setting next_dagrun for tutorial_taskflow_api to None, run_after=None
[2026-04-29T06:42:56.866+0200] {processor.py:183} INFO - Processing /Users/pablofrancoherrero/prueba_tecnica/venv/lib/python3.11/site-packages/airflow/example_dags/tutorial_taskflow_api.py took 0.047 seconds
[2026-04-29T06:43:35.965+0200] {processor.py:161} INFO - Started process (PID=78203) to work on /Users/pablofrancoherrero/prueba_tecnica/venv/lib/python3.11/site-packages/airflow/example_dags/tutorial_taskflow_api.py
[2026-04-29T06:43:35.966+0200] {processor.py:830} INFO - Processing file /Users/pablofrancoherrero/prueba_tecnica/venv/lib/python3.11/site-packages/airflow/example_dags/tutorial_taskflow_api.py for tasks to queue
[2026-04-29T06:43:35.966+0200] {logging_mixin.py:188} INFO - [2026-04-29T06:43:35.966+0200] {dagbag.py:540} INFO - Filling up the DagBag from /Users/pablofrancoherrero/prueba_tecnica/venv/lib/python3.11/site-packages/airflow/example_dags/tutorial_taskflow_api.py
[2026-04-29T06:43:35.977+0200] {processor.py:840} INFO - DAG(s) 'tutorial_taskflow_api' retrieved from /Users/pablofrancoherrero/prueba_tecnica/venv/lib/python3.11/site-packages/airflow/example_dags/tutorial_taskflow_api.py
[2026-04-29T06:43:36.001+0200] {logging_mixin.py:188} INFO - [2026-04-29T06:43:36.001+0200] {dag.py:3096} INFO - Sync 1 DAGs
[2026-04-29T06:43:36.003+0200] {logging_mixin.py:188} INFO - [2026-04-29T06:43:36.003+0200] {dag.py:3954} INFO - Setting next_dagrun for tutorial_taskflow_api to None, run_after=None
[2026-04-29T06:43:36.008+0200] {processor.py:183} INFO - Processing /Users/pablofrancoherrero/prueba_tecnica/venv/lib/python3.11/site-packages/airflow/example_dags/tutorial_taskflow_api.py took 0.044 seconds
[2026-04-29T07:00:14.760+0200] {processor.py:161} INFO - Started process (PID=78275) to work on /Users/pablofrancoherrero/prueba_tecnica/venv/lib/python3.11/site-packages/airflow/example_dags/tutorial_taskflow_api.py
[2026-04-29T07:00:14.760+0200] {processor.py:830} INFO - Processing file /Users/pablofrancoherrero/prueba_tecnica/venv/lib/python3.11/site-packages/airflow/example_dags/tutorial_taskflow_api.py for tasks to queue
[2026-04-29T07:00:14.761+0200] {logging_mixin.py:188} INFO - [2026-04-29T07:00:14.761+0200] {dagbag.py:540} INFO - Filling up the DagBag from /Users/pablofrancoherrero/prueba_tecnica/venv/lib/python3.11/site-packages/airflow/example_dags/tutorial_taskflow_api.py
[2026-04-29T07:00:14.772+0200] {processor.py:840} INFO - DAG(s) 'tutorial_taskflow_api' retrieved from /Users/pablofrancoherrero/prueba_tecnica/venv/lib/python3.11/site-packages/airflow/example_dags/tutorial_taskflow_api.py
[2026-04-29T07:00:14.796+0200] {logging_mixin.py:188} INFO - [2026-04-29T07:00:14.796+0200] {dag.py:3096} INFO - Sync 1 DAGs
[2026-04-29T07:00:14.798+0200] {logging_mixin.py:188} INFO - [2026-04-29T07:00:14.798+0200] {dag.py:3954} INFO - Setting next_dagrun for tutorial_taskflow_api to None, run_after=None
[2026-04-29T07:00:14.803+0200] {processor.py:183} INFO - Processing /Users/pablofrancoherrero/prueba_tecnica/venv/lib/python3.11/site-packages/airflow/example_dags/tutorial_taskflow_api.py took 0.043 seconds
[2026-04-29T07:18:10.116+0200] {processor.py:161} INFO - Started process (PID=78405) to work on /Users/pablofrancoherrero/prueba_tecnica/venv/lib/python3.11/site-packages/airflow/example_dags/tutorial_taskflow_api.py
[2026-04-29T07:18:10.117+0200] {processor.py:830} INFO - Processing file /Users/pablofrancoherrero/prueba_tecnica/venv/lib/python3.11/site-packages/airflow/example_dags/tutorial_taskflow_api.py for tasks to queue
[2026-04-29T07:18:10.117+0200] {logging_mixin.py:188} INFO - [2026-04-29T07:18:10.117+0200] {dagbag.py:540} INFO - Filling up the DagBag from /Users/pablofrancoherrero/prueba_tecnica/venv/lib/python3.11/site-packages/airflow/example_dags/tutorial_taskflow_api.py
[2026-04-29T07:18:10.128+0200] {processor.py:840} INFO - DAG(s) 'tutorial_taskflow_api' retrieved from /Users/pablofrancoherrero/prueba_tecnica/venv/lib/python3.11/site-packages/airflow/example_dags/tutorial_taskflow_api.py
[2026-04-29T07:18:10.153+0200] {logging_mixin.py:188} INFO - [2026-04-29T07:18:10.153+0200] {dag.py:3096} INFO - Sync 1 DAGs
[2026-04-29T07:18:10.155+0200] {logging_mixin.py:188} INFO - [2026-04-29T07:18:10.155+0200] {dag.py:3954} INFO - Setting next_dagrun for tutorial_taskflow_api to None, run_after=None
[2026-04-29T07:18:10.160+0200] {processor.py:183} INFO - Processing /Users/pablofrancoherrero/prueba_tecnica/venv/lib/python3.11/site-packages/airflow/example_dags/tutorial_taskflow_api.py took 0.044 seconds
[2026-04-29T07:18:58.330+0200] {processor.py:161} INFO - Started process (PID=78488) to work on /Users/pablofrancoherrero/prueba_tecnica/venv/lib/python3.11/site-packages/airflow/example_dags/tutorial_taskflow_api.py
[2026-04-29T07:18:58.330+0200] {processor.py:830} INFO - Processing file /Users/pablofrancoherrero/prueba_tecnica/venv/lib/python3.11/site-packages/airflow/example_dags/tutorial_taskflow_api.py for tasks to queue
[2026-04-29T07:18:58.330+0200] {logging_mixin.py:188} INFO - [2026-04-29T07:18:58.330+0200] {dagbag.py:540} INFO - Filling up the DagBag from /Users/pablofrancoherrero/prueba_tecnica/venv/lib/python3.11/site-packages/airflow/example_dags/tutorial_taskflow_api.py
[2026-04-29T07:18:58.342+0200] {processor.py:840} INFO - DAG(s) 'tutorial_taskflow_api' retrieved from /Users/pablofrancoherrero/prueba_tecnica/venv/lib/python3.11/site-packages/airflow/example_dags/tutorial_taskflow_api.py
[2026-04-29T07:18:58.366+0200] {logging_mixin.py:188} INFO - [2026-04-29T07:18:58.366+0200] {dag.py:3096} INFO - Sync 1 DAGs
[2026-04-29T07:18:58.369+0200] {logging_mixin.py:188} INFO - [2026-04-29T07:18:58.369+0200] {dag.py:3954} INFO - Setting next_dagrun for tutorial_taskflow_api to None, run_after=None
[2026-04-29T07:18:58.374+0200] {processor.py:183} INFO - Processing /Users/pablofrancoherrero/prueba_tecnica/venv/lib/python3.11/site-packages/airflow/example_dags/tutorial_taskflow_api.py took 0.045 seconds
[2026-04-29T07:36:35.230+0200] {processor.py:161} INFO - Started process (PID=78640) to work on /Users/pablofrancoherrero/prueba_tecnica/venv/lib/python3.11/site-packages/airflow/example_dags/tutorial_taskflow_api.py
[2026-04-29T07:36:35.231+0200] {processor.py:830} INFO - Processing file /Users/pablofrancoherrero/prueba_tecnica/venv/lib/python3.11/site-packages/airflow/example_dags/tutorial_taskflow_api.py for tasks to queue
[2026-04-29T07:36:35.231+0200] {logging_mixin.py:188} INFO - [2026-04-29T07:36:35.231+0200] {dagbag.py:540} INFO - Filling up the DagBag from /Users/pablofrancoherrero/prueba_tecnica/venv/lib/python3.11/site-packages/airflow/example_dags/tutorial_taskflow_api.py
[2026-04-29T07:36:35.242+0200] {processor.py:840} INFO - DAG(s) 'tutorial_taskflow_api' retrieved from /Users/pablofrancoherrero/prueba_tecnica/venv/lib/python3.11/site-packages/airflow/example_dags/tutorial_taskflow_api.py
[2026-04-29T07:36:35.267+0200] {logging_mixin.py:188} INFO - [2026-04-29T07:36:35.267+0200] {dag.py:3096} INFO - Sync 1 DAGs
[2026-04-29T07:36:35.269+0200] {logging_mixin.py:188} INFO - [2026-04-29T07:36:35.269+0200] {dag.py:3954} INFO - Setting next_dagrun for tutorial_taskflow_api to None, run_after=None
[2026-04-29T07:36:35.274+0200] {processor.py:183} INFO - Processing /Users/pablofrancoherrero/prueba_tecnica/venv/lib/python3.11/site-packages/airflow/example_dags/tutorial_taskflow_api.py took 0.045 seconds
[2026-04-29T07:53:20.160+0200] {processor.py:161} INFO - Started process (PID=78719) to work on /Users/pablofrancoherrero/prueba_tecnica/venv/lib/python3.11/site-packages/airflow/example_dags/tutorial_taskflow_api.py
[2026-04-29T07:53:20.161+0200] {processor.py:830} INFO - Processing file /Users/pablofrancoherrero/prueba_tecnica/venv/lib/python3.11/site-packages/airflow/example_dags/tutorial_taskflow_api.py for tasks to queue
[2026-04-29T07:53:20.161+0200] {logging_mixin.py:188} INFO - [2026-04-29T07:53:20.161+0200] {dagbag.py:540} INFO - Filling up the DagBag from /Users/pablofrancoherrero/prueba_tecnica/venv/lib/python3.11/site-packages/airflow/example_dags/tutorial_taskflow_api.py
[2026-04-29T07:53:20.172+0200] {processor.py:840} INFO - DAG(s) 'tutorial_taskflow_api' retrieved from /Users/pablofrancoherrero/prueba_tecnica/venv/lib/python3.11/site-packages/airflow/example_dags/tutorial_taskflow_api.py
[2026-04-29T07:53:20.196+0200] {logging_mixin.py:188} INFO - [2026-04-29T07:53:20.196+0200] {dag.py:3096} INFO - Sync 1 DAGs
[2026-04-29T07:53:20.198+0200] {logging_mixin.py:188} INFO - [2026-04-29T07:53:20.198+0200] {dag.py:3954} INFO - Setting next_dagrun for tutorial_taskflow_api to None, run_after=None
[2026-04-29T07:53:20.203+0200] {processor.py:183} INFO - Processing /Users/pablofrancoherrero/prueba_tecnica/venv/lib/python3.11/site-packages/airflow/example_dags/tutorial_taskflow_api.py took 0.044 seconds
[2026-04-29T08:00:18.957+0200] {processor.py:161} INFO - Started process (PID=78821) to work on /Users/pablofrancoherrero/prueba_tecnica/venv/lib/python3.11/site-packages/airflow/example_dags/tutorial_taskflow_api.py
[2026-04-29T08:00:18.958+0200] {processor.py:830} INFO - Processing file /Users/pablofrancoherrero/prueba_tecnica/venv/lib/python3.11/site-packages/airflow/example_dags/tutorial_taskflow_api.py for tasks to queue
[2026-04-29T08:00:18.958+0200] {logging_mixin.py:188} INFO - [2026-04-29T08:00:18.958+0200] {dagbag.py:540} INFO - Filling up the DagBag from /Users/pablofrancoherrero/prueba_tecnica/venv/lib/python3.11/site-packages/airflow/example_dags/tutorial_taskflow_api.py
[2026-04-29T08:00:18.968+0200] {processor.py:840} INFO - DAG(s) 'tutorial_taskflow_api' retrieved from /Users/pablofrancoherrero/prueba_tecnica/venv/lib/python3.11/site-packages/airflow/example_dags/tutorial_taskflow_api.py
[2026-04-29T08:00:18.993+0200] {logging_mixin.py:188} INFO - [2026-04-29T08:00:18.993+0200] {dag.py:3096} INFO - Sync 1 DAGs
[2026-04-29T08:00:18.995+0200] {logging_mixin.py:188} INFO - [2026-04-29T08:00:18.995+0200] {dag.py:3954} INFO - Setting next_dagrun for tutorial_taskflow_api to None, run_after=None
[2026-04-29T08:00:19.000+0200] {processor.py:183} INFO - Processing /Users/pablofrancoherrero/prueba_tecnica/venv/lib/python3.11/site-packages/airflow/example_dags/tutorial_taskflow_api.py took 0.043 seconds
[2026-04-29T08:01:23.190+0200] {processor.py:161} INFO - Started process (PID=78916) to work on /Users/pablofrancoherrero/prueba_tecnica/venv/lib/python3.11/site-packages/airflow/example_dags/tutorial_taskflow_api.py
[2026-04-29T08:01:23.191+0200] {processor.py:830} INFO - Processing file /Users/pablofrancoherrero/prueba_tecnica/venv/lib/python3.11/site-packages/airflow/example_dags/tutorial_taskflow_api.py for tasks to queue
[2026-04-29T08:01:23.191+0200] {logging_mixin.py:188} INFO - [2026-04-29T08:01:23.191+0200] {dagbag.py:540} INFO - Filling up the DagBag from /Users/pablofrancoherrero/prueba_tecnica/venv/lib/python3.11/site-packages/airflow/example_dags/tutorial_taskflow_api.py
[2026-04-29T08:01:23.202+0200] {processor.py:840} INFO - DAG(s) 'tutorial_taskflow_api' retrieved from /Users/pablofrancoherrero/prueba_tecnica/venv/lib/python3.11/site-packages/airflow/example_dags/tutorial_taskflow_api.py
[2026-04-29T08:01:23.227+0200] {logging_mixin.py:188} INFO - [2026-04-29T08:01:23.227+0200] {dag.py:3096} INFO - Sync 1 DAGs
[2026-04-29T08:01:23.229+0200] {logging_mixin.py:188} INFO - [2026-04-29T08:01:23.229+0200] {dag.py:3954} INFO - Setting next_dagrun for tutorial_taskflow_api to None, run_after=None
[2026-04-29T08:01:23.234+0200] {processor.py:183} INFO - Processing /Users/pablofrancoherrero/prueba_tecnica/venv/lib/python3.11/site-packages/airflow/example_dags/tutorial_taskflow_api.py took 0.044 seconds
[2026-04-29T08:02:02.879+0200] {processor.py:161} INFO - Started process (PID=78962) to work on /Users/pablofrancoherrero/prueba_tecnica/venv/lib/python3.11/site-packages/airflow/example_dags/tutorial_taskflow_api.py
[2026-04-29T08:02:02.882+0200] {processor.py:830} INFO - Processing file /Users/pablofrancoherrero/prueba_tecnica/venv/lib/python3.11/site-packages/airflow/example_dags/tutorial_taskflow_api.py for tasks to queue
[2026-04-29T08:02:02.882+0200] {logging_mixin.py:188} INFO - [2026-04-29T08:02:02.882+0200] {dagbag.py:540} INFO - Filling up the DagBag from /Users/pablofrancoherrero/prueba_tecnica/venv/lib/python3.11/site-packages/airflow/example_dags/tutorial_taskflow_api.py
[2026-04-29T08:02:02.894+0200] {processor.py:840} INFO - DAG(s) 'tutorial_taskflow_api' retrieved from /Users/pablofrancoherrero/prueba_tecnica/venv/lib/python3.11/site-packages/airflow/example_dags/tutorial_taskflow_api.py
[2026-04-29T08:02:02.918+0200] {logging_mixin.py:188} INFO - [2026-04-29T08:02:02.918+0200] {dag.py:3096} INFO - Sync 1 DAGs
[2026-04-29T08:02:02.920+0200] {logging_mixin.py:188} INFO - [2026-04-29T08:02:02.920+0200] {dag.py:3954} INFO - Setting next_dagrun for tutorial_taskflow_api to None, run_after=None
[2026-04-29T08:02:02.925+0200] {processor.py:183} INFO - Processing /Users/pablofrancoherrero/prueba_tecnica/venv/lib/python3.11/site-packages/airflow/example_dags/tutorial_taskflow_api.py took 0.047 seconds
[2026-04-29T08:02:41.870+0200] {processor.py:161} INFO - Started process (PID=79007) to work on /Users/pablofrancoherrero/prueba_tecnica/venv/lib/python3.11/site-packages/airflow/example_dags/tutorial_taskflow_api.py
[2026-04-29T08:02:41.871+0200] {processor.py:830} INFO - Processing file /Users/pablofrancoherrero/prueba_tecnica/venv/lib/python3.11/site-packages/airflow/example_dags/tutorial_taskflow_api.py for tasks to queue
[2026-04-29T08:02:41.872+0200] {logging_mixin.py:188} INFO - [2026-04-29T08:02:41.872+0200] {dagbag.py:540} INFO - Filling up the DagBag from /Users/pablofrancoherrero/prueba_tecnica/venv/lib/python3.11/site-packages/airflow/example_dags/tutorial_taskflow_api.py
[2026-04-29T08:02:41.883+0200] {processor.py:840} INFO - DAG(s) 'tutorial_taskflow_api' retrieved from /Users/pablofrancoherrero/prueba_tecnica/venv/lib/python3.11/site-packages/airflow/example_dags/tutorial_taskflow_api.py
[2026-04-29T08:02:41.908+0200] {logging_mixin.py:188} INFO - [2026-04-29T08:02:41.908+0200] {dag.py:3096} INFO - Sync 1 DAGs
[2026-04-29T08:02:41.910+0200] {logging_mixin.py:188} INFO - [2026-04-29T08:02:41.910+0200] {dag.py:3954} INFO - Setting next_dagrun for tutorial_taskflow_api to None, run_after=None
[2026-04-29T08:02:41.915+0200] {processor.py:183} INFO - Processing /Users/pablofrancoherrero/prueba_tecnica/venv/lib/python3.11/site-packages/airflow/example_dags/tutorial_taskflow_api.py took 0.045 seconds
[2026-04-29T08:03:22.269+0200] {processor.py:161} INFO - Started process (PID=79064) to work on /Users/pablofrancoherrero/prueba_tecnica/venv/lib/python3.11/site-packages/airflow/example_dags/tutorial_taskflow_api.py
[2026-04-29T08:03:22.269+0200] {processor.py:830} INFO - Processing file /Users/pablofrancoherrero/prueba_tecnica/venv/lib/python3.11/site-packages/airflow/example_dags/tutorial_taskflow_api.py for tasks to queue
[2026-04-29T08:03:22.269+0200] {logging_mixin.py:188} INFO - [2026-04-29T08:03:22.269+0200] {dagbag.py:540} INFO - Filling up the DagBag from /Users/pablofrancoherrero/prueba_tecnica/venv/lib/python3.11/site-packages/airflow/example_dags/tutorial_taskflow_api.py
[2026-04-29T08:03:22.281+0200] {processor.py:840} INFO - DAG(s) 'tutorial_taskflow_api' retrieved from /Users/pablofrancoherrero/prueba_tecnica/venv/lib/python3.11/site-packages/airflow/example_dags/tutorial_taskflow_api.py
[2026-04-29T08:03:22.305+0200] {logging_mixin.py:188} INFO - [2026-04-29T08:03:22.305+0200] {dag.py:3096} INFO - Sync 1 DAGs
[2026-04-29T08:03:22.308+0200] {logging_mixin.py:188} INFO - [2026-04-29T08:03:22.308+0200] {dag.py:3954} INFO - Setting next_dagrun for tutorial_taskflow_api to None, run_after=None
[2026-04-29T08:03:22.313+0200] {processor.py:183} INFO - Processing /Users/pablofrancoherrero/prueba_tecnica/venv/lib/python3.11/site-packages/airflow/example_dags/tutorial_taskflow_api.py took 0.045 seconds
[2026-04-29T08:04:02.102+0200] {processor.py:161} INFO - Started process (PID=79107) to work on /Users/pablofrancoherrero/prueba_tecnica/venv/lib/python3.11/site-packages/airflow/example_dags/tutorial_taskflow_api.py
[2026-04-29T08:04:02.104+0200] {processor.py:830} INFO - Processing file /Users/pablofrancoherrero/prueba_tecnica/venv/lib/python3.11/site-packages/airflow/example_dags/tutorial_taskflow_api.py for tasks to queue
[2026-04-29T08:04:02.104+0200] {logging_mixin.py:188} INFO - [2026-04-29T08:04:02.104+0200] {dagbag.py:540} INFO - Filling up the DagBag from /Users/pablofrancoherrero/prueba_tecnica/venv/lib/python3.11/site-packages/airflow/example_dags/tutorial_taskflow_api.py
[2026-04-29T08:04:02.115+0200] {processor.py:840} INFO - DAG(s) 'tutorial_taskflow_api' retrieved from /Users/pablofrancoherrero/prueba_tecnica/venv/lib/python3.11/site-packages/airflow/example_dags/tutorial_taskflow_api.py
[2026-04-29T08:04:02.140+0200] {logging_mixin.py:188} INFO - [2026-04-29T08:04:02.140+0200] {dag.py:3096} INFO - Sync 1 DAGs
[2026-04-29T08:04:02.142+0200] {logging_mixin.py:188} INFO - [2026-04-29T08:04:02.142+0200] {dag.py:3954} INFO - Setting next_dagrun for tutorial_taskflow_api to None, run_after=None
[2026-04-29T08:04:02.147+0200] {processor.py:183} INFO - Processing /Users/pablofrancoherrero/prueba_tecnica/venv/lib/python3.11/site-packages/airflow/example_dags/tutorial_taskflow_api.py took 0.045 seconds
[2026-04-29T08:05:20.415+0200] {processor.py:161} INFO - Started process (PID=79197) to work on /Users/pablofrancoherrero/prueba_tecnica/venv/lib/python3.11/site-packages/airflow/example_dags/tutorial_taskflow_api.py
[2026-04-29T08:05:20.416+0200] {processor.py:830} INFO - Processing file /Users/pablofrancoherrero/prueba_tecnica/venv/lib/python3.11/site-packages/airflow/example_dags/tutorial_taskflow_api.py for tasks to queue
[2026-04-29T08:05:20.416+0200] {logging_mixin.py:188} INFO - [2026-04-29T08:05:20.416+0200] {dagbag.py:540} INFO - Filling up the DagBag from /Users/pablofrancoherrero/prueba_tecnica/venv/lib/python3.11/site-packages/airflow/example_dags/tutorial_taskflow_api.py
[2026-04-29T08:05:20.429+0200] {processor.py:840} INFO - DAG(s) 'tutorial_taskflow_api' retrieved from /Users/pablofrancoherrero/prueba_tecnica/venv/lib/python3.11/site-packages/airflow/example_dags/tutorial_taskflow_api.py
[2026-04-29T08:05:20.460+0200] {logging_mixin.py:188} INFO - [2026-04-29T08:05:20.460+0200] {dag.py:3096} INFO - Sync 1 DAGs
[2026-04-29T08:05:20.463+0200] {logging_mixin.py:188} INFO - [2026-04-29T08:05:20.463+0200] {dag.py:3954} INFO - Setting next_dagrun for tutorial_taskflow_api to None, run_after=None
[2026-04-29T08:05:20.467+0200] {processor.py:183} INFO - Processing /Users/pablofrancoherrero/prueba_tecnica/venv/lib/python3.11/site-packages/airflow/example_dags/tutorial_taskflow_api.py took 0.053 seconds
[2026-04-29T08:06:01.956+0200] {processor.py:161} INFO - Started process (PID=79257) to work on /Users/pablofrancoherrero/prueba_tecnica/venv/lib/python3.11/site-packages/airflow/example_dags/tutorial_taskflow_api.py
[2026-04-29T08:06:01.957+0200] {processor.py:830} INFO - Processing file /Users/pablofrancoherrero/prueba_tecnica/venv/lib/python3.11/site-packages/airflow/example_dags/tutorial_taskflow_api.py for tasks to queue
[2026-04-29T08:06:01.957+0200] {logging_mixin.py:188} INFO - [2026-04-29T08:06:01.957+0200] {dagbag.py:540} INFO - Filling up the DagBag from /Users/pablofrancoherrero/prueba_tecnica/venv/lib/python3.11/site-packages/airflow/example_dags/tutorial_taskflow_api.py
[2026-04-29T08:06:01.968+0200] {processor.py:840} INFO - DAG(s) 'tutorial_taskflow_api' retrieved from /Users/pablofrancoherrero/prueba_tecnica/venv/lib/python3.11/site-packages/airflow/example_dags/tutorial_taskflow_api.py
[2026-04-29T08:06:01.994+0200] {logging_mixin.py:188} INFO - [2026-04-29T08:06:01.994+0200] {dag.py:3096} INFO - Sync 1 DAGs
[2026-04-29T08:06:01.996+0200] {logging_mixin.py:188} INFO - [2026-04-29T08:06:01.996+0200] {dag.py:3954} INFO - Setting next_dagrun for tutorial_taskflow_api to None, run_after=None
[2026-04-29T08:06:02.001+0200] {processor.py:183} INFO - Processing /Users/pablofrancoherrero/prueba_tecnica/venv/lib/python3.11/site-packages/airflow/example_dags/tutorial_taskflow_api.py took 0.045 seconds
[2026-04-29T08:06:41.010+0200] {processor.py:161} INFO - Started process (PID=79311) to work on /Users/pablofrancoherrero/prueba_tecnica/venv/lib/python3.11/site-packages/airflow/example_dags/tutorial_taskflow_api.py
[2026-04-29T08:06:41.011+0200] {processor.py:830} INFO - Processing file /Users/pablofrancoherrero/prueba_tecnica/venv/lib/python3.11/site-packages/airflow/example_dags/tutorial_taskflow_api.py for tasks to queue
[2026-04-29T08:06:41.011+0200] {logging_mixin.py:188} INFO - [2026-04-29T08:06:41.011+0200] {dagbag.py:540} INFO - Filling up the DagBag from /Users/pablofrancoherrero/prueba_tecnica/venv/lib/python3.11/site-packages/airflow/example_dags/tutorial_taskflow_api.py
[2026-04-29T08:06:41.022+0200] {processor.py:840} INFO - DAG(s) 'tutorial_taskflow_api' retrieved from /Users/pablofrancoherrero/prueba_tecnica/venv/lib/python3.11/site-packages/airflow/example_dags/tutorial_taskflow_api.py
[2026-04-29T08:06:41.047+0200] {logging_mixin.py:188} INFO - [2026-04-29T08:06:41.047+0200] {dag.py:3096} INFO - Sync 1 DAGs
[2026-04-29T08:06:41.050+0200] {logging_mixin.py:188} INFO - [2026-04-29T08:06:41.050+0200] {dag.py:3954} INFO - Setting next_dagrun for tutorial_taskflow_api to None, run_after=None
[2026-04-29T08:06:41.054+0200] {processor.py:183} INFO - Processing /Users/pablofrancoherrero/prueba_tecnica/venv/lib/python3.11/site-packages/airflow/example_dags/tutorial_taskflow_api.py took 0.045 seconds
[2026-04-29T08:07:21.413+0200] {processor.py:161} INFO - Started process (PID=79355) to work on /Users/pablofrancoherrero/prueba_tecnica/venv/lib/python3.11/site-packages/airflow/example_dags/tutorial_taskflow_api.py
[2026-04-29T08:07:21.413+0200] {processor.py:830} INFO - Processing file /Users/pablofrancoherrero/prueba_tecnica/venv/lib/python3.11/site-packages/airflow/example_dags/tutorial_taskflow_api.py for tasks to queue
[2026-04-29T08:07:21.414+0200] {logging_mixin.py:188} INFO - [2026-04-29T08:07:21.414+0200] {dagbag.py:540} INFO - Filling up the DagBag from /Users/pablofrancoherrero/prueba_tecnica/venv/lib/python3.11/site-packages/airflow/example_dags/tutorial_taskflow_api.py
[2026-04-29T08:07:21.426+0200] {processor.py:840} INFO - DAG(s) 'tutorial_taskflow_api' retrieved from /Users/pablofrancoherrero/prueba_tecnica/venv/lib/python3.11/site-packages/airflow/example_dags/tutorial_taskflow_api.py
[2026-04-29T08:07:21.454+0200] {logging_mixin.py:188} INFO - [2026-04-29T08:07:21.454+0200] {dag.py:3096} INFO - Sync 1 DAGs
[2026-04-29T08:07:21.457+0200] {logging_mixin.py:188} INFO - [2026-04-29T08:07:21.457+0200] {dag.py:3954} INFO - Setting next_dagrun for tutorial_taskflow_api to None, run_after=None
[2026-04-29T08:07:21.461+0200] {processor.py:183} INFO - Processing /Users/pablofrancoherrero/prueba_tecnica/venv/lib/python3.11/site-packages/airflow/example_dags/tutorial_taskflow_api.py took 0.049 seconds
[2026-04-29T08:08:01.300+0200] {processor.py:161} INFO - Started process (PID=79399) to work on /Users/pablofrancoherrero/prueba_tecnica/venv/lib/python3.11/site-packages/airflow/example_dags/tutorial_taskflow_api.py
[2026-04-29T08:08:01.301+0200] {processor.py:830} INFO - Processing file /Users/pablofrancoherrero/prueba_tecnica/venv/lib/python3.11/site-packages/airflow/example_dags/tutorial_taskflow_api.py for tasks to queue
[2026-04-29T08:08:01.301+0200] {logging_mixin.py:188} INFO - [2026-04-29T08:08:01.301+0200] {dagbag.py:540} INFO - Filling up the DagBag from /Users/pablofrancoherrero/prueba_tecnica/venv/lib/python3.11/site-packages/airflow/example_dags/tutorial_taskflow_api.py
[2026-04-29T08:08:01.312+0200] {processor.py:840} INFO - DAG(s) 'tutorial_taskflow_api' retrieved from /Users/pablofrancoherrero/prueba_tecnica/venv/lib/python3.11/site-packages/airflow/example_dags/tutorial_taskflow_api.py
[2026-04-29T08:08:01.337+0200] {logging_mixin.py:188} INFO - [2026-04-29T08:08:01.337+0200] {dag.py:3096} INFO - Sync 1 DAGs
[2026-04-29T08:08:01.339+0200] {logging_mixin.py:188} INFO - [2026-04-29T08:08:01.339+0200] {dag.py:3954} INFO - Setting next_dagrun for tutorial_taskflow_api to None, run_after=None
[2026-04-29T08:08:01.344+0200] {processor.py:183} INFO - Processing /Users/pablofrancoherrero/prueba_tecnica/venv/lib/python3.11/site-packages/airflow/example_dags/tutorial_taskflow_api.py took 0.045 seconds
[2026-04-29T08:08:40.434+0200] {processor.py:161} INFO - Started process (PID=79446) to work on /Users/pablofrancoherrero/prueba_tecnica/venv/lib/python3.11/site-packages/airflow/example_dags/tutorial_taskflow_api.py
[2026-04-29T08:08:40.438+0200] {processor.py:830} INFO - Processing file /Users/pablofrancoherrero/prueba_tecnica/venv/lib/python3.11/site-packages/airflow/example_dags/tutorial_taskflow_api.py for tasks to queue
[2026-04-29T08:08:40.439+0200] {logging_mixin.py:188} INFO - [2026-04-29T08:08:40.438+0200] {dagbag.py:540} INFO - Filling up the DagBag from /Users/pablofrancoherrero/prueba_tecnica/venv/lib/python3.11/site-packages/airflow/example_dags/tutorial_taskflow_api.py
[2026-04-29T08:08:40.449+0200] {processor.py:840} INFO - DAG(s) 'tutorial_taskflow_api' retrieved from /Users/pablofrancoherrero/prueba_tecnica/venv/lib/python3.11/site-packages/airflow/example_dags/tutorial_taskflow_api.py
[2026-04-29T08:08:40.475+0200] {logging_mixin.py:188} INFO - [2026-04-29T08:08:40.475+0200] {dag.py:3096} INFO - Sync 1 DAGs
[2026-04-29T08:08:40.477+0200] {logging_mixin.py:188} INFO - [2026-04-29T08:08:40.477+0200] {dag.py:3954} INFO - Setting next_dagrun for tutorial_taskflow_api to None, run_after=None
[2026-04-29T08:08:40.482+0200] {processor.py:183} INFO - Processing /Users/pablofrancoherrero/prueba_tecnica/venv/lib/python3.11/site-packages/airflow/example_dags/tutorial_taskflow_api.py took 0.049 seconds
[2026-04-29T08:22:24.503+0200] {processor.py:161} INFO - Started process (PID=79544) to work on /Users/pablofrancoherrero/prueba_tecnica/venv/lib/python3.11/site-packages/airflow/example_dags/tutorial_taskflow_api.py
[2026-04-29T08:22:24.503+0200] {processor.py:830} INFO - Processing file /Users/pablofrancoherrero/prueba_tecnica/venv/lib/python3.11/site-packages/airflow/example_dags/tutorial_taskflow_api.py for tasks to queue
[2026-04-29T08:22:24.504+0200] {logging_mixin.py:188} INFO - [2026-04-29T08:22:24.503+0200] {dagbag.py:540} INFO - Filling up the DagBag from /Users/pablofrancoherrero/prueba_tecnica/venv/lib/python3.11/site-packages/airflow/example_dags/tutorial_taskflow_api.py
[2026-04-29T08:22:24.516+0200] {processor.py:840} INFO - DAG(s) 'tutorial_taskflow_api' retrieved from /Users/pablofrancoherrero/prueba_tecnica/venv/lib/python3.11/site-packages/airflow/example_dags/tutorial_taskflow_api.py
[2026-04-29T08:22:24.544+0200] {logging_mixin.py:188} INFO - [2026-04-29T08:22:24.544+0200] {dag.py:3096} INFO - Sync 1 DAGs
[2026-04-29T08:22:24.546+0200] {logging_mixin.py:188} INFO - [2026-04-29T08:22:24.546+0200] {dag.py:3954} INFO - Setting next_dagrun for tutorial_taskflow_api to None, run_after=None
[2026-04-29T08:22:24.551+0200] {processor.py:183} INFO - Processing /Users/pablofrancoherrero/prueba_tecnica/venv/lib/python3.11/site-packages/airflow/example_dags/tutorial_taskflow_api.py took 0.049 seconds
[2026-04-29T08:23:03.841+0200] {processor.py:161} INFO - Started process (PID=79598) to work on /Users/pablofrancoherrero/prueba_tecnica/venv/lib/python3.11/site-packages/airflow/example_dags/tutorial_taskflow_api.py
[2026-04-29T08:23:03.841+0200] {processor.py:830} INFO - Processing file /Users/pablofrancoherrero/prueba_tecnica/venv/lib/python3.11/site-packages/airflow/example_dags/tutorial_taskflow_api.py for tasks to queue
[2026-04-29T08:23:03.842+0200] {logging_mixin.py:188} INFO - [2026-04-29T08:23:03.841+0200] {dagbag.py:540} INFO - Filling up the DagBag from /Users/pablofrancoherrero/prueba_tecnica/venv/lib/python3.11/site-packages/airflow/example_dags/tutorial_taskflow_api.py
[2026-04-29T08:23:03.853+0200] {processor.py:840} INFO - DAG(s) 'tutorial_taskflow_api' retrieved from /Users/pablofrancoherrero/prueba_tecnica/venv/lib/python3.11/site-packages/airflow/example_dags/tutorial_taskflow_api.py
[2026-04-29T08:23:03.882+0200] {logging_mixin.py:188} INFO - [2026-04-29T08:23:03.882+0200] {dag.py:3096} INFO - Sync 1 DAGs
[2026-04-29T08:23:03.885+0200] {logging_mixin.py:188} INFO - [2026-04-29T08:23:03.885+0200] {dag.py:3954} INFO - Setting next_dagrun for tutorial_taskflow_api to None, run_after=None
[2026-04-29T08:23:03.890+0200] {processor.py:183} INFO - Processing /Users/pablofrancoherrero/prueba_tecnica/venv/lib/python3.11/site-packages/airflow/example_dags/tutorial_taskflow_api.py took 0.050 seconds
[2026-04-29T08:27:22.679+0200] {processor.py:161} INFO - Started process (PID=79665) to work on /Users/pablofrancoherrero/prueba_tecnica/venv/lib/python3.11/site-packages/airflow/example_dags/tutorial_taskflow_api.py
[2026-04-29T08:27:22.680+0200] {processor.py:830} INFO - Processing file /Users/pablofrancoherrero/prueba_tecnica/venv/lib/python3.11/site-packages/airflow/example_dags/tutorial_taskflow_api.py for tasks to queue
[2026-04-29T08:27:22.680+0200] {logging_mixin.py:188} INFO - [2026-04-29T08:27:22.680+0200] {dagbag.py:540} INFO - Filling up the DagBag from /Users/pablofrancoherrero/prueba_tecnica/venv/lib/python3.11/site-packages/airflow/example_dags/tutorial_taskflow_api.py
[2026-04-29T08:27:22.692+0200] {processor.py:840} INFO - DAG(s) 'tutorial_taskflow_api' retrieved from /Users/pablofrancoherrero/prueba_tecnica/venv/lib/python3.11/site-packages/airflow/example_dags/tutorial_taskflow_api.py
[2026-04-29T08:27:22.720+0200] {logging_mixin.py:188} INFO - [2026-04-29T08:27:22.720+0200] {dag.py:3096} INFO - Sync 1 DAGs
[2026-04-29T08:27:22.722+0200] {logging_mixin.py:188} INFO - [2026-04-29T08:27:22.722+0200] {dag.py:3954} INFO - Setting next_dagrun for tutorial_taskflow_api to None, run_after=None
[2026-04-29T08:27:22.727+0200] {processor.py:183} INFO - Processing /Users/pablofrancoherrero/prueba_tecnica/venv/lib/python3.11/site-packages/airflow/example_dags/tutorial_taskflow_api.py took 0.049 seconds
[2026-04-29T08:28:05.339+0200] {processor.py:161} INFO - Started process (PID=79744) to work on /Users/pablofrancoherrero/prueba_tecnica/venv/lib/python3.11/site-packages/airflow/example_dags/tutorial_taskflow_api.py
[2026-04-29T08:28:05.339+0200] {processor.py:830} INFO - Processing file /Users/pablofrancoherrero/prueba_tecnica/venv/lib/python3.11/site-packages/airflow/example_dags/tutorial_taskflow_api.py for tasks to queue
[2026-04-29T08:28:05.339+0200] {logging_mixin.py:188} INFO - [2026-04-29T08:28:05.339+0200] {dagbag.py:540} INFO - Filling up the DagBag from /Users/pablofrancoherrero/prueba_tecnica/venv/lib/python3.11/site-packages/airflow/example_dags/tutorial_taskflow_api.py
[2026-04-29T08:28:05.350+0200] {processor.py:840} INFO - DAG(s) 'tutorial_taskflow_api' retrieved from /Users/pablofrancoherrero/prueba_tecnica/venv/lib/python3.11/site-packages/airflow/example_dags/tutorial_taskflow_api.py
[2026-04-29T08:28:05.375+0200] {logging_mixin.py:188} INFO - [2026-04-29T08:28:05.374+0200] {dag.py:3096} INFO - Sync 1 DAGs
[2026-04-29T08:28:05.377+0200] {logging_mixin.py:188} INFO - [2026-04-29T08:28:05.377+0200] {dag.py:3954} INFO - Setting next_dagrun for tutorial_taskflow_api to None, run_after=None
[2026-04-29T08:28:05.382+0200] {processor.py:183} INFO - Processing /Users/pablofrancoherrero/prueba_tecnica/venv/lib/python3.11/site-packages/airflow/example_dags/tutorial_taskflow_api.py took 0.043 seconds
[2026-04-29T08:45:06.070+0200] {processor.py:161} INFO - Started process (PID=79838) to work on /Users/pablofrancoherrero/prueba_tecnica/venv/lib/python3.11/site-packages/airflow/example_dags/tutorial_taskflow_api.py
[2026-04-29T08:45:06.071+0200] {processor.py:830} INFO - Processing file /Users/pablofrancoherrero/prueba_tecnica/venv/lib/python3.11/site-packages/airflow/example_dags/tutorial_taskflow_api.py for tasks to queue
[2026-04-29T08:45:06.072+0200] {logging_mixin.py:188} INFO - [2026-04-29T08:45:06.072+0200] {dagbag.py:540} INFO - Filling up the DagBag from /Users/pablofrancoherrero/prueba_tecnica/venv/lib/python3.11/site-packages/airflow/example_dags/tutorial_taskflow_api.py
[2026-04-29T08:45:06.084+0200] {processor.py:840} INFO - DAG(s) 'tutorial_taskflow_api' retrieved from /Users/pablofrancoherrero/prueba_tecnica/venv/lib/python3.11/site-packages/airflow/example_dags/tutorial_taskflow_api.py
[2026-04-29T08:45:06.112+0200] {logging_mixin.py:188} INFO - [2026-04-29T08:45:06.112+0200] {dag.py:3096} INFO - Sync 1 DAGs
[2026-04-29T08:45:06.115+0200] {logging_mixin.py:188} INFO - [2026-04-29T08:45:06.115+0200] {dag.py:3954} INFO - Setting next_dagrun for tutorial_taskflow_api to None, run_after=None
[2026-04-29T08:45:06.119+0200] {processor.py:183} INFO - Processing /Users/pablofrancoherrero/prueba_tecnica/venv/lib/python3.11/site-packages/airflow/example_dags/tutorial_taskflow_api.py took 0.050 seconds
[2026-04-29T08:49:10.830+0200] {processor.py:161} INFO - Started process (PID=79935) to work on /Users/pablofrancoherrero/prueba_tecnica/venv/lib/python3.11/site-packages/airflow/example_dags/tutorial_taskflow_api.py
[2026-04-29T08:49:10.831+0200] {processor.py:830} INFO - Processing file /Users/pablofrancoherrero/prueba_tecnica/venv/lib/python3.11/site-packages/airflow/example_dags/tutorial_taskflow_api.py for tasks to queue
[2026-04-29T08:49:10.831+0200] {logging_mixin.py:188} INFO - [2026-04-29T08:49:10.831+0200] {dagbag.py:540} INFO - Filling up the DagBag from /Users/pablofrancoherrero/prueba_tecnica/venv/lib/python3.11/site-packages/airflow/example_dags/tutorial_taskflow_api.py
[2026-04-29T08:49:10.843+0200] {processor.py:840} INFO - DAG(s) 'tutorial_taskflow_api' retrieved from /Users/pablofrancoherrero/prueba_tecnica/venv/lib/python3.11/site-packages/airflow/example_dags/tutorial_taskflow_api.py
[2026-04-29T08:49:10.872+0200] {logging_mixin.py:188} INFO - [2026-04-29T08:49:10.871+0200] {dag.py:3096} INFO - Sync 1 DAGs
[2026-04-29T08:49:10.874+0200] {logging_mixin.py:188} INFO - [2026-04-29T08:49:10.874+0200] {dag.py:3954} INFO - Setting next_dagrun for tutorial_taskflow_api to None, run_after=None
[2026-04-29T08:49:10.878+0200] {processor.py:183} INFO - Processing /Users/pablofrancoherrero/prueba_tecnica/venv/lib/python3.11/site-packages/airflow/example_dags/tutorial_taskflow_api.py took 0.049 seconds
[2026-04-29T08:50:15.463+0200] {processor.py:161} INFO - Started process (PID=80024) to work on /Users/pablofrancoherrero/prueba_tecnica/venv/lib/python3.11/site-packages/airflow/example_dags/tutorial_taskflow_api.py
[2026-04-29T08:50:15.464+0200] {processor.py:830} INFO - Processing file /Users/pablofrancoherrero/prueba_tecnica/venv/lib/python3.11/site-packages/airflow/example_dags/tutorial_taskflow_api.py for tasks to queue
[2026-04-29T08:50:15.464+0200] {logging_mixin.py:188} INFO - [2026-04-29T08:50:15.464+0200] {dagbag.py:540} INFO - Filling up the DagBag from /Users/pablofrancoherrero/prueba_tecnica/venv/lib/python3.11/site-packages/airflow/example_dags/tutorial_taskflow_api.py
[2026-04-29T08:50:15.475+0200] {processor.py:840} INFO - DAG(s) 'tutorial_taskflow_api' retrieved from /Users/pablofrancoherrero/prueba_tecnica/venv/lib/python3.11/site-packages/airflow/example_dags/tutorial_taskflow_api.py
[2026-04-29T08:50:15.499+0200] {logging_mixin.py:188} INFO - [2026-04-29T08:50:15.499+0200] {dag.py:3096} INFO - Sync 1 DAGs
[2026-04-29T08:50:15.502+0200] {logging_mixin.py:188} INFO - [2026-04-29T08:50:15.502+0200] {dag.py:3954} INFO - Setting next_dagrun for tutorial_taskflow_api to None, run_after=None
[2026-04-29T08:50:15.506+0200] {processor.py:183} INFO - Processing /Users/pablofrancoherrero/prueba_tecnica/venv/lib/python3.11/site-packages/airflow/example_dags/tutorial_taskflow_api.py took 0.044 seconds
[2026-04-29T08:53:35.198+0200] {processor.py:161} INFO - Started process (PID=80114) to work on /Users/pablofrancoherrero/prueba_tecnica/venv/lib/python3.11/site-packages/airflow/example_dags/tutorial_taskflow_api.py
[2026-04-29T08:53:35.198+0200] {processor.py:830} INFO - Processing file /Users/pablofrancoherrero/prueba_tecnica/venv/lib/python3.11/site-packages/airflow/example_dags/tutorial_taskflow_api.py for tasks to queue
[2026-04-29T08:53:35.199+0200] {logging_mixin.py:188} INFO - [2026-04-29T08:53:35.198+0200] {dagbag.py:540} INFO - Filling up the DagBag from /Users/pablofrancoherrero/prueba_tecnica/venv/lib/python3.11/site-packages/airflow/example_dags/tutorial_taskflow_api.py
[2026-04-29T08:53:35.210+0200] {processor.py:840} INFO - DAG(s) 'tutorial_taskflow_api' retrieved from /Users/pablofrancoherrero/prueba_tecnica/venv/lib/python3.11/site-packages/airflow/example_dags/tutorial_taskflow_api.py
[2026-04-29T08:53:35.233+0200] {logging_mixin.py:188} INFO - [2026-04-29T08:53:35.233+0200] {dag.py:3096} INFO - Sync 1 DAGs
[2026-04-29T08:53:35.236+0200] {logging_mixin.py:188} INFO - [2026-04-29T08:53:35.236+0200] {dag.py:3954} INFO - Setting next_dagrun for tutorial_taskflow_api to None, run_after=None
[2026-04-29T08:53:35.240+0200] {processor.py:183} INFO - Processing /Users/pablofrancoherrero/prueba_tecnica/venv/lib/python3.11/site-packages/airflow/example_dags/tutorial_taskflow_api.py took 0.043 seconds
[2026-04-29T08:54:29.247+0200] {processor.py:161} INFO - Started process (PID=80178) to work on /Users/pablofrancoherrero/prueba_tecnica/venv/lib/python3.11/site-packages/airflow/example_dags/tutorial_taskflow_api.py
[2026-04-29T08:54:29.248+0200] {processor.py:830} INFO - Processing file /Users/pablofrancoherrero/prueba_tecnica/venv/lib/python3.11/site-packages/airflow/example_dags/tutorial_taskflow_api.py for tasks to queue
[2026-04-29T08:54:29.249+0200] {logging_mixin.py:188} INFO - [2026-04-29T08:54:29.249+0200] {dagbag.py:540} INFO - Filling up the DagBag from /Users/pablofrancoherrero/prueba_tecnica/venv/lib/python3.11/site-packages/airflow/example_dags/tutorial_taskflow_api.py
[2026-04-29T08:54:29.260+0200] {processor.py:840} INFO - DAG(s) 'tutorial_taskflow_api' retrieved from /Users/pablofrancoherrero/prueba_tecnica/venv/lib/python3.11/site-packages/airflow/example_dags/tutorial_taskflow_api.py
[2026-04-29T08:54:29.284+0200] {logging_mixin.py:188} INFO - [2026-04-29T08:54:29.284+0200] {dag.py:3096} INFO - Sync 1 DAGs
[2026-04-29T08:54:29.286+0200] {logging_mixin.py:188} INFO - [2026-04-29T08:54:29.286+0200] {dag.py:3954} INFO - Setting next_dagrun for tutorial_taskflow_api to None, run_after=None
[2026-04-29T08:54:29.291+0200] {processor.py:183} INFO - Processing /Users/pablofrancoherrero/prueba_tecnica/venv/lib/python3.11/site-packages/airflow/example_dags/tutorial_taskflow_api.py took 0.044 seconds
[2026-04-29T08:57:31.857+0200] {processor.py:161} INFO - Started process (PID=80235) to work on /Users/pablofrancoherrero/prueba_tecnica/venv/lib/python3.11/site-packages/airflow/example_dags/tutorial_taskflow_api.py
[2026-04-29T08:57:31.858+0200] {processor.py:830} INFO - Processing file /Users/pablofrancoherrero/prueba_tecnica/venv/lib/python3.11/site-packages/airflow/example_dags/tutorial_taskflow_api.py for tasks to queue
[2026-04-29T08:57:31.858+0200] {logging_mixin.py:188} INFO - [2026-04-29T08:57:31.858+0200] {dagbag.py:540} INFO - Filling up the DagBag from /Users/pablofrancoherrero/prueba_tecnica/venv/lib/python3.11/site-packages/airflow/example_dags/tutorial_taskflow_api.py
[2026-04-29T08:57:31.869+0200] {processor.py:840} INFO - DAG(s) 'tutorial_taskflow_api' retrieved from /Users/pablofrancoherrero/prueba_tecnica/venv/lib/python3.11/site-packages/airflow/example_dags/tutorial_taskflow_api.py
[2026-04-29T08:57:31.894+0200] {logging_mixin.py:188} INFO - [2026-04-29T08:57:31.893+0200] {dag.py:3096} INFO - Sync 1 DAGs
[2026-04-29T08:57:31.896+0200] {logging_mixin.py:188} INFO - [2026-04-29T08:57:31.896+0200] {dag.py:3954} INFO - Setting next_dagrun for tutorial_taskflow_api to None, run_after=None
[2026-04-29T08:57:31.901+0200] {processor.py:183} INFO - Processing /Users/pablofrancoherrero/prueba_tecnica/venv/lib/python3.11/site-packages/airflow/example_dags/tutorial_taskflow_api.py took 0.045 seconds
[2026-04-29T08:58:52.121+0200] {processor.py:161} INFO - Started process (PID=80293) to work on /Users/pablofrancoherrero/prueba_tecnica/venv/lib/python3.11/site-packages/airflow/example_dags/tutorial_taskflow_api.py
[2026-04-29T08:58:52.122+0200] {processor.py:830} INFO - Processing file /Users/pablofrancoherrero/prueba_tecnica/venv/lib/python3.11/site-packages/airflow/example_dags/tutorial_taskflow_api.py for tasks to queue
[2026-04-29T08:58:52.122+0200] {logging_mixin.py:188} INFO - [2026-04-29T08:58:52.122+0200] {dagbag.py:540} INFO - Filling up the DagBag from /Users/pablofrancoherrero/prueba_tecnica/venv/lib/python3.11/site-packages/airflow/example_dags/tutorial_taskflow_api.py
[2026-04-29T08:58:52.133+0200] {processor.py:840} INFO - DAG(s) 'tutorial_taskflow_api' retrieved from /Users/pablofrancoherrero/prueba_tecnica/venv/lib/python3.11/site-packages/airflow/example_dags/tutorial_taskflow_api.py
[2026-04-29T08:58:52.157+0200] {logging_mixin.py:188} INFO - [2026-04-29T08:58:52.157+0200] {dag.py:3096} INFO - Sync 1 DAGs
[2026-04-29T08:58:52.159+0200] {logging_mixin.py:188} INFO - [2026-04-29T08:58:52.159+0200] {dag.py:3954} INFO - Setting next_dagrun for tutorial_taskflow_api to None, run_after=None
[2026-04-29T08:58:52.164+0200] {processor.py:183} INFO - Processing /Users/pablofrancoherrero/prueba_tecnica/venv/lib/python3.11/site-packages/airflow/example_dags/tutorial_taskflow_api.py took 0.044 seconds
[2026-04-29T09:01:12.155+0200] {processor.py:161} INFO - Started process (PID=80413) to work on /Users/pablofrancoherrero/prueba_tecnica/venv/lib/python3.11/site-packages/airflow/example_dags/tutorial_taskflow_api.py
[2026-04-29T09:01:12.155+0200] {processor.py:830} INFO - Processing file /Users/pablofrancoherrero/prueba_tecnica/venv/lib/python3.11/site-packages/airflow/example_dags/tutorial_taskflow_api.py for tasks to queue
[2026-04-29T09:01:12.155+0200] {logging_mixin.py:188} INFO - [2026-04-29T09:01:12.155+0200] {dagbag.py:540} INFO - Filling up the DagBag from /Users/pablofrancoherrero/prueba_tecnica/venv/lib/python3.11/site-packages/airflow/example_dags/tutorial_taskflow_api.py
[2026-04-29T09:01:12.166+0200] {processor.py:840} INFO - DAG(s) 'tutorial_taskflow_api' retrieved from /Users/pablofrancoherrero/prueba_tecnica/venv/lib/python3.11/site-packages/airflow/example_dags/tutorial_taskflow_api.py
[2026-04-29T09:01:12.190+0200] {logging_mixin.py:188} INFO - [2026-04-29T09:01:12.190+0200] {dag.py:3096} INFO - Sync 1 DAGs
[2026-04-29T09:01:12.193+0200] {logging_mixin.py:188} INFO - [2026-04-29T09:01:12.193+0200] {dag.py:3954} INFO - Setting next_dagrun for tutorial_taskflow_api to None, run_after=None
[2026-04-29T09:01:12.198+0200] {processor.py:183} INFO - Processing /Users/pablofrancoherrero/prueba_tecnica/venv/lib/python3.11/site-packages/airflow/example_dags/tutorial_taskflow_api.py took 0.044 seconds
[2026-04-29T09:01:59.719+0200] {processor.py:161} INFO - Started process (PID=80473) to work on /Users/pablofrancoherrero/prueba_tecnica/venv/lib/python3.11/site-packages/airflow/example_dags/tutorial_taskflow_api.py
[2026-04-29T09:01:59.720+0200] {processor.py:830} INFO - Processing file /Users/pablofrancoherrero/prueba_tecnica/venv/lib/python3.11/site-packages/airflow/example_dags/tutorial_taskflow_api.py for tasks to queue
[2026-04-29T09:01:59.720+0200] {logging_mixin.py:188} INFO - [2026-04-29T09:01:59.720+0200] {dagbag.py:540} INFO - Filling up the DagBag from /Users/pablofrancoherrero/prueba_tecnica/venv/lib/python3.11/site-packages/airflow/example_dags/tutorial_taskflow_api.py
[2026-04-29T09:01:59.731+0200] {processor.py:840} INFO - DAG(s) 'tutorial_taskflow_api' retrieved from /Users/pablofrancoherrero/prueba_tecnica/venv/lib/python3.11/site-packages/airflow/example_dags/tutorial_taskflow_api.py
[2026-04-29T09:01:59.757+0200] {logging_mixin.py:188} INFO - [2026-04-29T09:01:59.756+0200] {dag.py:3096} INFO - Sync 1 DAGs
[2026-04-29T09:01:59.759+0200] {logging_mixin.py:188} INFO - [2026-04-29T09:01:59.759+0200] {dag.py:3954} INFO - Setting next_dagrun for tutorial_taskflow_api to None, run_after=None
[2026-04-29T09:01:59.764+0200] {processor.py:183} INFO - Processing /Users/pablofrancoherrero/prueba_tecnica/venv/lib/python3.11/site-packages/airflow/example_dags/tutorial_taskflow_api.py took 0.046 seconds
[2026-04-29T09:02:41.578+0200] {processor.py:161} INFO - Started process (PID=80522) to work on /Users/pablofrancoherrero/prueba_tecnica/venv/lib/python3.11/site-packages/airflow/example_dags/tutorial_taskflow_api.py
[2026-04-29T09:02:41.579+0200] {processor.py:830} INFO - Processing file /Users/pablofrancoherrero/prueba_tecnica/venv/lib/python3.11/site-packages/airflow/example_dags/tutorial_taskflow_api.py for tasks to queue
[2026-04-29T09:02:41.579+0200] {logging_mixin.py:188} INFO - [2026-04-29T09:02:41.579+0200] {dagbag.py:540} INFO - Filling up the DagBag from /Users/pablofrancoherrero/prueba_tecnica/venv/lib/python3.11/site-packages/airflow/example_dags/tutorial_taskflow_api.py
[2026-04-29T09:02:41.591+0200] {processor.py:840} INFO - DAG(s) 'tutorial_taskflow_api' retrieved from /Users/pablofrancoherrero/prueba_tecnica/venv/lib/python3.11/site-packages/airflow/example_dags/tutorial_taskflow_api.py
[2026-04-29T09:02:41.621+0200] {logging_mixin.py:188} INFO - [2026-04-29T09:02:41.620+0200] {dag.py:3096} INFO - Sync 1 DAGs
[2026-04-29T09:02:41.623+0200] {logging_mixin.py:188} INFO - [2026-04-29T09:02:41.623+0200] {dag.py:3954} INFO - Setting next_dagrun for tutorial_taskflow_api to None, run_after=None
[2026-04-29T09:02:41.628+0200] {processor.py:183} INFO - Processing /Users/pablofrancoherrero/prueba_tecnica/venv/lib/python3.11/site-packages/airflow/example_dags/tutorial_taskflow_api.py took 0.050 seconds
[2026-04-29T09:03:22.170+0200] {processor.py:161} INFO - Started process (PID=80569) to work on /Users/pablofrancoherrero/prueba_tecnica/venv/lib/python3.11/site-packages/airflow/example_dags/tutorial_taskflow_api.py
[2026-04-29T09:03:22.171+0200] {processor.py:830} INFO - Processing file /Users/pablofrancoherrero/prueba_tecnica/venv/lib/python3.11/site-packages/airflow/example_dags/tutorial_taskflow_api.py for tasks to queue
[2026-04-29T09:03:22.171+0200] {logging_mixin.py:188} INFO - [2026-04-29T09:03:22.171+0200] {dagbag.py:540} INFO - Filling up the DagBag from /Users/pablofrancoherrero/prueba_tecnica/venv/lib/python3.11/site-packages/airflow/example_dags/tutorial_taskflow_api.py
[2026-04-29T09:03:22.183+0200] {processor.py:840} INFO - DAG(s) 'tutorial_taskflow_api' retrieved from /Users/pablofrancoherrero/prueba_tecnica/venv/lib/python3.11/site-packages/airflow/example_dags/tutorial_taskflow_api.py
[2026-04-29T09:03:22.211+0200] {logging_mixin.py:188} INFO - [2026-04-29T09:03:22.210+0200] {dag.py:3096} INFO - Sync 1 DAGs
[2026-04-29T09:03:22.213+0200] {logging_mixin.py:188} INFO - [2026-04-29T09:03:22.213+0200] {dag.py:3954} INFO - Setting next_dagrun for tutorial_taskflow_api to None, run_after=None
[2026-04-29T09:03:22.218+0200] {processor.py:183} INFO - Processing /Users/pablofrancoherrero/prueba_tecnica/venv/lib/python3.11/site-packages/airflow/example_dags/tutorial_taskflow_api.py took 0.049 seconds
[2026-04-29T09:04:05.539+0200] {processor.py:161} INFO - Started process (PID=80619) to work on /Users/pablofrancoherrero/prueba_tecnica/venv/lib/python3.11/site-packages/airflow/example_dags/tutorial_taskflow_api.py
[2026-04-29T09:04:05.540+0200] {processor.py:830} INFO - Processing file /Users/pablofrancoherrero/prueba_tecnica/venv/lib/python3.11/site-packages/airflow/example_dags/tutorial_taskflow_api.py for tasks to queue
[2026-04-29T09:04:05.540+0200] {logging_mixin.py:188} INFO - [2026-04-29T09:04:05.540+0200] {dagbag.py:540} INFO - Filling up the DagBag from /Users/pablofrancoherrero/prueba_tecnica/venv/lib/python3.11/site-packages/airflow/example_dags/tutorial_taskflow_api.py
[2026-04-29T09:04:05.556+0200] {processor.py:840} INFO - DAG(s) 'tutorial_taskflow_api' retrieved from /Users/pablofrancoherrero/prueba_tecnica/venv/lib/python3.11/site-packages/airflow/example_dags/tutorial_taskflow_api.py
[2026-04-29T09:04:05.612+0200] {logging_mixin.py:188} INFO - [2026-04-29T09:04:05.612+0200] {dag.py:3096} INFO - Sync 1 DAGs
[2026-04-29T09:04:05.616+0200] {logging_mixin.py:188} INFO - [2026-04-29T09:04:05.616+0200] {dag.py:3954} INFO - Setting next_dagrun for tutorial_taskflow_api to None, run_after=None
[2026-04-29T09:04:05.625+0200] {processor.py:183} INFO - Processing /Users/pablofrancoherrero/prueba_tecnica/venv/lib/python3.11/site-packages/airflow/example_dags/tutorial_taskflow_api.py took 0.086 seconds
[2026-04-29T09:04:44.829+0200] {processor.py:161} INFO - Started process (PID=80663) to work on /Users/pablofrancoherrero/prueba_tecnica/venv/lib/python3.11/site-packages/airflow/example_dags/tutorial_taskflow_api.py
[2026-04-29T09:04:44.830+0200] {processor.py:830} INFO - Processing file /Users/pablofrancoherrero/prueba_tecnica/venv/lib/python3.11/site-packages/airflow/example_dags/tutorial_taskflow_api.py for tasks to queue
[2026-04-29T09:04:44.830+0200] {logging_mixin.py:188} INFO - [2026-04-29T09:04:44.830+0200] {dagbag.py:540} INFO - Filling up the DagBag from /Users/pablofrancoherrero/prueba_tecnica/venv/lib/python3.11/site-packages/airflow/example_dags/tutorial_taskflow_api.py
[2026-04-29T09:04:44.841+0200] {processor.py:840} INFO - DAG(s) 'tutorial_taskflow_api' retrieved from /Users/pablofrancoherrero/prueba_tecnica/venv/lib/python3.11/site-packages/airflow/example_dags/tutorial_taskflow_api.py
[2026-04-29T09:04:44.867+0200] {logging_mixin.py:188} INFO - [2026-04-29T09:04:44.867+0200] {dag.py:3096} INFO - Sync 1 DAGs
[2026-04-29T09:04:44.870+0200] {logging_mixin.py:188} INFO - [2026-04-29T09:04:44.870+0200] {dag.py:3954} INFO - Setting next_dagrun for tutorial_taskflow_api to None, run_after=None
[2026-04-29T09:04:44.875+0200] {processor.py:183} INFO - Processing /Users/pablofrancoherrero/prueba_tecnica/venv/lib/python3.11/site-packages/airflow/example_dags/tutorial_taskflow_api.py took 0.046 seconds
[2026-04-29T09:05:25.927+0200] {processor.py:161} INFO - Started process (PID=80718) to work on /Users/pablofrancoherrero/prueba_tecnica/venv/lib/python3.11/site-packages/airflow/example_dags/tutorial_taskflow_api.py
[2026-04-29T09:05:25.927+0200] {processor.py:830} INFO - Processing file /Users/pablofrancoherrero/prueba_tecnica/venv/lib/python3.11/site-packages/airflow/example_dags/tutorial_taskflow_api.py for tasks to queue
[2026-04-29T09:05:25.927+0200] {logging_mixin.py:188} INFO - [2026-04-29T09:05:25.927+0200] {dagbag.py:540} INFO - Filling up the DagBag from /Users/pablofrancoherrero/prueba_tecnica/venv/lib/python3.11/site-packages/airflow/example_dags/tutorial_taskflow_api.py
[2026-04-29T09:05:25.940+0200] {processor.py:840} INFO - DAG(s) 'tutorial_taskflow_api' retrieved from /Users/pablofrancoherrero/prueba_tecnica/venv/lib/python3.11/site-packages/airflow/example_dags/tutorial_taskflow_api.py
[2026-04-29T09:05:25.970+0200] {logging_mixin.py:188} INFO - [2026-04-29T09:05:25.970+0200] {dag.py:3096} INFO - Sync 1 DAGs
[2026-04-29T09:05:25.972+0200] {logging_mixin.py:188} INFO - [2026-04-29T09:05:25.972+0200] {dag.py:3954} INFO - Setting next_dagrun for tutorial_taskflow_api to None, run_after=None
[2026-04-29T09:05:25.977+0200] {processor.py:183} INFO - Processing /Users/pablofrancoherrero/prueba_tecnica/venv/lib/python3.11/site-packages/airflow/example_dags/tutorial_taskflow_api.py took 0.051 seconds
[2026-04-29T09:06:07.667+0200] {processor.py:161} INFO - Started process (PID=80773) to work on /Users/pablofrancoherrero/prueba_tecnica/venv/lib/python3.11/site-packages/airflow/example_dags/tutorial_taskflow_api.py
[2026-04-29T09:06:07.668+0200] {processor.py:830} INFO - Processing file /Users/pablofrancoherrero/prueba_tecnica/venv/lib/python3.11/site-packages/airflow/example_dags/tutorial_taskflow_api.py for tasks to queue
[2026-04-29T09:06:07.668+0200] {logging_mixin.py:188} INFO - [2026-04-29T09:06:07.668+0200] {dagbag.py:540} INFO - Filling up the DagBag from /Users/pablofrancoherrero/prueba_tecnica/venv/lib/python3.11/site-packages/airflow/example_dags/tutorial_taskflow_api.py
[2026-04-29T09:06:07.679+0200] {processor.py:840} INFO - DAG(s) 'tutorial_taskflow_api' retrieved from /Users/pablofrancoherrero/prueba_tecnica/venv/lib/python3.11/site-packages/airflow/example_dags/tutorial_taskflow_api.py
[2026-04-29T09:06:07.705+0200] {logging_mixin.py:188} INFO - [2026-04-29T09:06:07.705+0200] {dag.py:3096} INFO - Sync 1 DAGs
[2026-04-29T09:06:07.708+0200] {logging_mixin.py:188} INFO - [2026-04-29T09:06:07.708+0200] {dag.py:3954} INFO - Setting next_dagrun for tutorial_taskflow_api to None, run_after=None
[2026-04-29T09:06:07.712+0200] {processor.py:183} INFO - Processing /Users/pablofrancoherrero/prueba_tecnica/venv/lib/python3.11/site-packages/airflow/example_dags/tutorial_taskflow_api.py took 0.046 seconds
[2026-04-29T09:06:46.962+0200] {processor.py:161} INFO - Started process (PID=80817) to work on /Users/pablofrancoherrero/prueba_tecnica/venv/lib/python3.11/site-packages/airflow/example_dags/tutorial_taskflow_api.py
[2026-04-29T09:06:46.963+0200] {processor.py:830} INFO - Processing file /Users/pablofrancoherrero/prueba_tecnica/venv/lib/python3.11/site-packages/airflow/example_dags/tutorial_taskflow_api.py for tasks to queue
[2026-04-29T09:06:46.963+0200] {logging_mixin.py:188} INFO - [2026-04-29T09:06:46.963+0200] {dagbag.py:540} INFO - Filling up the DagBag from /Users/pablofrancoherrero/prueba_tecnica/venv/lib/python3.11/site-packages/airflow/example_dags/tutorial_taskflow_api.py
[2026-04-29T09:06:46.975+0200] {processor.py:840} INFO - DAG(s) 'tutorial_taskflow_api' retrieved from /Users/pablofrancoherrero/prueba_tecnica/venv/lib/python3.11/site-packages/airflow/example_dags/tutorial_taskflow_api.py
[2026-04-29T09:06:47.001+0200] {logging_mixin.py:188} INFO - [2026-04-29T09:06:47.001+0200] {dag.py:3096} INFO - Sync 1 DAGs
[2026-04-29T09:06:47.004+0200] {logging_mixin.py:188} INFO - [2026-04-29T09:06:47.003+0200] {dag.py:3954} INFO - Setting next_dagrun for tutorial_taskflow_api to None, run_after=None
[2026-04-29T09:06:47.008+0200] {processor.py:183} INFO - Processing /Users/pablofrancoherrero/prueba_tecnica/venv/lib/python3.11/site-packages/airflow/example_dags/tutorial_taskflow_api.py took 0.047 seconds
[2026-04-29T09:07:26.922+0200] {processor.py:161} INFO - Started process (PID=80872) to work on /Users/pablofrancoherrero/prueba_tecnica/venv/lib/python3.11/site-packages/airflow/example_dags/tutorial_taskflow_api.py
[2026-04-29T09:07:26.923+0200] {processor.py:830} INFO - Processing file /Users/pablofrancoherrero/prueba_tecnica/venv/lib/python3.11/site-packages/airflow/example_dags/tutorial_taskflow_api.py for tasks to queue
[2026-04-29T09:07:26.923+0200] {logging_mixin.py:188} INFO - [2026-04-29T09:07:26.923+0200] {dagbag.py:540} INFO - Filling up the DagBag from /Users/pablofrancoherrero/prueba_tecnica/venv/lib/python3.11/site-packages/airflow/example_dags/tutorial_taskflow_api.py
[2026-04-29T09:07:26.934+0200] {processor.py:840} INFO - DAG(s) 'tutorial_taskflow_api' retrieved from /Users/pablofrancoherrero/prueba_tecnica/venv/lib/python3.11/site-packages/airflow/example_dags/tutorial_taskflow_api.py
[2026-04-29T09:07:26.960+0200] {logging_mixin.py:188} INFO - [2026-04-29T09:07:26.960+0200] {dag.py:3096} INFO - Sync 1 DAGs
[2026-04-29T09:07:26.963+0200] {logging_mixin.py:188} INFO - [2026-04-29T09:07:26.963+0200] {dag.py:3954} INFO - Setting next_dagrun for tutorial_taskflow_api to None, run_after=None
[2026-04-29T09:07:26.967+0200] {processor.py:183} INFO - Processing /Users/pablofrancoherrero/prueba_tecnica/venv/lib/python3.11/site-packages/airflow/example_dags/tutorial_taskflow_api.py took 0.046 seconds
[2026-04-29T09:08:08.724+0200] {processor.py:161} INFO - Started process (PID=80922) to work on /Users/pablofrancoherrero/prueba_tecnica/venv/lib/python3.11/site-packages/airflow/example_dags/tutorial_taskflow_api.py
[2026-04-29T09:08:08.725+0200] {processor.py:830} INFO - Processing file /Users/pablofrancoherrero/prueba_tecnica/venv/lib/python3.11/site-packages/airflow/example_dags/tutorial_taskflow_api.py for tasks to queue
[2026-04-29T09:08:08.726+0200] {logging_mixin.py:188} INFO - [2026-04-29T09:08:08.726+0200] {dagbag.py:540} INFO - Filling up the DagBag from /Users/pablofrancoherrero/prueba_tecnica/venv/lib/python3.11/site-packages/airflow/example_dags/tutorial_taskflow_api.py
[2026-04-29T09:08:08.737+0200] {processor.py:840} INFO - DAG(s) 'tutorial_taskflow_api' retrieved from /Users/pablofrancoherrero/prueba_tecnica/venv/lib/python3.11/site-packages/airflow/example_dags/tutorial_taskflow_api.py
[2026-04-29T09:08:08.765+0200] {logging_mixin.py:188} INFO - [2026-04-29T09:08:08.765+0200] {dag.py:3096} INFO - Sync 1 DAGs
[2026-04-29T09:08:08.768+0200] {logging_mixin.py:188} INFO - [2026-04-29T09:08:08.768+0200] {dag.py:3954} INFO - Setting next_dagrun for tutorial_taskflow_api to None, run_after=None
[2026-04-29T09:08:08.773+0200] {processor.py:183} INFO - Processing /Users/pablofrancoherrero/prueba_tecnica/venv/lib/python3.11/site-packages/airflow/example_dags/tutorial_taskflow_api.py took 0.049 seconds
[2026-04-29T09:08:48.982+0200] {processor.py:161} INFO - Started process (PID=80961) to work on /Users/pablofrancoherrero/prueba_tecnica/venv/lib/python3.11/site-packages/airflow/example_dags/tutorial_taskflow_api.py
[2026-04-29T09:08:48.983+0200] {processor.py:830} INFO - Processing file /Users/pablofrancoherrero/prueba_tecnica/venv/lib/python3.11/site-packages/airflow/example_dags/tutorial_taskflow_api.py for tasks to queue
[2026-04-29T09:08:48.984+0200] {logging_mixin.py:188} INFO - [2026-04-29T09:08:48.984+0200] {dagbag.py:540} INFO - Filling up the DagBag from /Users/pablofrancoherrero/prueba_tecnica/venv/lib/python3.11/site-packages/airflow/example_dags/tutorial_taskflow_api.py
[2026-04-29T09:08:48.995+0200] {processor.py:840} INFO - DAG(s) 'tutorial_taskflow_api' retrieved from /Users/pablofrancoherrero/prueba_tecnica/venv/lib/python3.11/site-packages/airflow/example_dags/tutorial_taskflow_api.py
[2026-04-29T09:08:49.021+0200] {logging_mixin.py:188} INFO - [2026-04-29T09:08:49.021+0200] {dag.py:3096} INFO - Sync 1 DAGs
[2026-04-29T09:08:49.023+0200] {logging_mixin.py:188} INFO - [2026-04-29T09:08:49.023+0200] {dag.py:3954} INFO - Setting next_dagrun for tutorial_taskflow_api to None, run_after=None
[2026-04-29T09:08:49.028+0200] {processor.py:183} INFO - Processing /Users/pablofrancoherrero/prueba_tecnica/venv/lib/python3.11/site-packages/airflow/example_dags/tutorial_taskflow_api.py took 0.047 seconds
[2026-04-29T09:09:30.084+0200] {processor.py:161} INFO - Started process (PID=81012) to work on /Users/pablofrancoherrero/prueba_tecnica/venv/lib/python3.11/site-packages/airflow/example_dags/tutorial_taskflow_api.py
[2026-04-29T09:09:30.085+0200] {processor.py:830} INFO - Processing file /Users/pablofrancoherrero/prueba_tecnica/venv/lib/python3.11/site-packages/airflow/example_dags/tutorial_taskflow_api.py for tasks to queue
[2026-04-29T09:09:30.085+0200] {logging_mixin.py:188} INFO - [2026-04-29T09:09:30.085+0200] {dagbag.py:540} INFO - Filling up the DagBag from /Users/pablofrancoherrero/prueba_tecnica/venv/lib/python3.11/site-packages/airflow/example_dags/tutorial_taskflow_api.py
[2026-04-29T09:09:30.096+0200] {processor.py:840} INFO - DAG(s) 'tutorial_taskflow_api' retrieved from /Users/pablofrancoherrero/prueba_tecnica/venv/lib/python3.11/site-packages/airflow/example_dags/tutorial_taskflow_api.py
[2026-04-29T09:09:30.123+0200] {logging_mixin.py:188} INFO - [2026-04-29T09:09:30.123+0200] {dag.py:3096} INFO - Sync 1 DAGs
[2026-04-29T09:09:30.125+0200] {logging_mixin.py:188} INFO - [2026-04-29T09:09:30.125+0200] {dag.py:3954} INFO - Setting next_dagrun for tutorial_taskflow_api to None, run_after=None
[2026-04-29T09:09:30.130+0200] {processor.py:183} INFO - Processing /Users/pablofrancoherrero/prueba_tecnica/venv/lib/python3.11/site-packages/airflow/example_dags/tutorial_taskflow_api.py took 0.047 seconds
[2026-04-29T09:10:10.556+0200] {processor.py:161} INFO - Started process (PID=81055) to work on /Users/pablofrancoherrero/prueba_tecnica/venv/lib/python3.11/site-packages/airflow/example_dags/tutorial_taskflow_api.py
[2026-04-29T09:10:10.557+0200] {processor.py:830} INFO - Processing file /Users/pablofrancoherrero/prueba_tecnica/venv/lib/python3.11/site-packages/airflow/example_dags/tutorial_taskflow_api.py for tasks to queue
[2026-04-29T09:10:10.557+0200] {logging_mixin.py:188} INFO - [2026-04-29T09:10:10.557+0200] {dagbag.py:540} INFO - Filling up the DagBag from /Users/pablofrancoherrero/prueba_tecnica/venv/lib/python3.11/site-packages/airflow/example_dags/tutorial_taskflow_api.py
[2026-04-29T09:10:10.568+0200] {processor.py:840} INFO - DAG(s) 'tutorial_taskflow_api' retrieved from /Users/pablofrancoherrero/prueba_tecnica/venv/lib/python3.11/site-packages/airflow/example_dags/tutorial_taskflow_api.py
[2026-04-29T09:10:10.595+0200] {logging_mixin.py:188} INFO - [2026-04-29T09:10:10.595+0200] {dag.py:3096} INFO - Sync 1 DAGs
[2026-04-29T09:10:10.598+0200] {logging_mixin.py:188} INFO - [2026-04-29T09:10:10.598+0200] {dag.py:3954} INFO - Setting next_dagrun for tutorial_taskflow_api to None, run_after=None
[2026-04-29T09:10:10.602+0200] {processor.py:183} INFO - Processing /Users/pablofrancoherrero/prueba_tecnica/venv/lib/python3.11/site-packages/airflow/example_dags/tutorial_taskflow_api.py took 0.047 seconds
[2026-04-29T09:11:30.737+0200] {processor.py:161} INFO - Started process (PID=81139) to work on /Users/pablofrancoherrero/prueba_tecnica/venv/lib/python3.11/site-packages/airflow/example_dags/tutorial_taskflow_api.py
[2026-04-29T09:11:30.738+0200] {processor.py:830} INFO - Processing file /Users/pablofrancoherrero/prueba_tecnica/venv/lib/python3.11/site-packages/airflow/example_dags/tutorial_taskflow_api.py for tasks to queue
[2026-04-29T09:11:30.738+0200] {logging_mixin.py:188} INFO - [2026-04-29T09:11:30.738+0200] {dagbag.py:540} INFO - Filling up the DagBag from /Users/pablofrancoherrero/prueba_tecnica/venv/lib/python3.11/site-packages/airflow/example_dags/tutorial_taskflow_api.py
[2026-04-29T09:11:30.751+0200] {processor.py:840} INFO - DAG(s) 'tutorial_taskflow_api' retrieved from /Users/pablofrancoherrero/prueba_tecnica/venv/lib/python3.11/site-packages/airflow/example_dags/tutorial_taskflow_api.py
[2026-04-29T09:11:30.780+0200] {logging_mixin.py:188} INFO - [2026-04-29T09:11:30.780+0200] {dag.py:3096} INFO - Sync 1 DAGs
[2026-04-29T09:11:30.783+0200] {logging_mixin.py:188} INFO - [2026-04-29T09:11:30.783+0200] {dag.py:3954} INFO - Setting next_dagrun for tutorial_taskflow_api to None, run_after=None
[2026-04-29T09:11:30.788+0200] {processor.py:183} INFO - Processing /Users/pablofrancoherrero/prueba_tecnica/venv/lib/python3.11/site-packages/airflow/example_dags/tutorial_taskflow_api.py took 0.051 seconds
[2026-04-29T09:12:11.913+0200] {processor.py:161} INFO - Started process (PID=81184) to work on /Users/pablofrancoherrero/prueba_tecnica/venv/lib/python3.11/site-packages/airflow/example_dags/tutorial_taskflow_api.py
[2026-04-29T09:12:11.913+0200] {processor.py:830} INFO - Processing file /Users/pablofrancoherrero/prueba_tecnica/venv/lib/python3.11/site-packages/airflow/example_dags/tutorial_taskflow_api.py for tasks to queue
[2026-04-29T09:12:11.913+0200] {logging_mixin.py:188} INFO - [2026-04-29T09:12:11.913+0200] {dagbag.py:540} INFO - Filling up the DagBag from /Users/pablofrancoherrero/prueba_tecnica/venv/lib/python3.11/site-packages/airflow/example_dags/tutorial_taskflow_api.py
[2026-04-29T09:12:11.925+0200] {processor.py:840} INFO - DAG(s) 'tutorial_taskflow_api' retrieved from /Users/pablofrancoherrero/prueba_tecnica/venv/lib/python3.11/site-packages/airflow/example_dags/tutorial_taskflow_api.py
[2026-04-29T09:12:11.952+0200] {logging_mixin.py:188} INFO - [2026-04-29T09:12:11.952+0200] {dag.py:3096} INFO - Sync 1 DAGs
[2026-04-29T09:12:11.954+0200] {logging_mixin.py:188} INFO - [2026-04-29T09:12:11.954+0200] {dag.py:3954} INFO - Setting next_dagrun for tutorial_taskflow_api to None, run_after=None
[2026-04-29T09:12:11.959+0200] {processor.py:183} INFO - Processing /Users/pablofrancoherrero/prueba_tecnica/venv/lib/python3.11/site-packages/airflow/example_dags/tutorial_taskflow_api.py took 0.048 seconds
[2026-04-29T09:12:51.692+0200] {processor.py:161} INFO - Started process (PID=81235) to work on /Users/pablofrancoherrero/prueba_tecnica/venv/lib/python3.11/site-packages/airflow/example_dags/tutorial_taskflow_api.py
[2026-04-29T09:12:51.692+0200] {processor.py:830} INFO - Processing file /Users/pablofrancoherrero/prueba_tecnica/venv/lib/python3.11/site-packages/airflow/example_dags/tutorial_taskflow_api.py for tasks to queue
[2026-04-29T09:12:51.693+0200] {logging_mixin.py:188} INFO - [2026-04-29T09:12:51.693+0200] {dagbag.py:540} INFO - Filling up the DagBag from /Users/pablofrancoherrero/prueba_tecnica/venv/lib/python3.11/site-packages/airflow/example_dags/tutorial_taskflow_api.py
[2026-04-29T09:12:51.706+0200] {processor.py:840} INFO - DAG(s) 'tutorial_taskflow_api' retrieved from /Users/pablofrancoherrero/prueba_tecnica/venv/lib/python3.11/site-packages/airflow/example_dags/tutorial_taskflow_api.py
[2026-04-29T09:12:51.739+0200] {logging_mixin.py:188} INFO - [2026-04-29T09:12:51.739+0200] {dag.py:3096} INFO - Sync 1 DAGs
[2026-04-29T09:12:51.742+0200] {logging_mixin.py:188} INFO - [2026-04-29T09:12:51.742+0200] {dag.py:3954} INFO - Setting next_dagrun for tutorial_taskflow_api to None, run_after=None
[2026-04-29T09:12:51.746+0200] {processor.py:183} INFO - Processing /Users/pablofrancoherrero/prueba_tecnica/venv/lib/python3.11/site-packages/airflow/example_dags/tutorial_taskflow_api.py took 0.055 seconds
[2026-04-29T09:13:31.569+0200] {processor.py:161} INFO - Started process (PID=81278) to work on /Users/pablofrancoherrero/prueba_tecnica/venv/lib/python3.11/site-packages/airflow/example_dags/tutorial_taskflow_api.py
[2026-04-29T09:13:31.570+0200] {processor.py:830} INFO - Processing file /Users/pablofrancoherrero/prueba_tecnica/venv/lib/python3.11/site-packages/airflow/example_dags/tutorial_taskflow_api.py for tasks to queue
[2026-04-29T09:13:31.570+0200] {logging_mixin.py:188} INFO - [2026-04-29T09:13:31.570+0200] {dagbag.py:540} INFO - Filling up the DagBag from /Users/pablofrancoherrero/prueba_tecnica/venv/lib/python3.11/site-packages/airflow/example_dags/tutorial_taskflow_api.py
[2026-04-29T09:13:31.581+0200] {processor.py:840} INFO - DAG(s) 'tutorial_taskflow_api' retrieved from /Users/pablofrancoherrero/prueba_tecnica/venv/lib/python3.11/site-packages/airflow/example_dags/tutorial_taskflow_api.py
[2026-04-29T09:13:31.608+0200] {logging_mixin.py:188} INFO - [2026-04-29T09:13:31.608+0200] {dag.py:3096} INFO - Sync 1 DAGs
[2026-04-29T09:13:31.611+0200] {logging_mixin.py:188} INFO - [2026-04-29T09:13:31.611+0200] {dag.py:3954} INFO - Setting next_dagrun for tutorial_taskflow_api to None, run_after=None
[2026-04-29T09:13:31.615+0200] {processor.py:183} INFO - Processing /Users/pablofrancoherrero/prueba_tecnica/venv/lib/python3.11/site-packages/airflow/example_dags/tutorial_taskflow_api.py took 0.047 seconds
[2026-04-29T09:14:12.889+0200] {processor.py:161} INFO - Started process (PID=81337) to work on /Users/pablofrancoherrero/prueba_tecnica/venv/lib/python3.11/site-packages/airflow/example_dags/tutorial_taskflow_api.py
[2026-04-29T09:14:12.890+0200] {processor.py:830} INFO - Processing file /Users/pablofrancoherrero/prueba_tecnica/venv/lib/python3.11/site-packages/airflow/example_dags/tutorial_taskflow_api.py for tasks to queue
[2026-04-29T09:14:12.890+0200] {logging_mixin.py:188} INFO - [2026-04-29T09:14:12.890+0200] {dagbag.py:540} INFO - Filling up the DagBag from /Users/pablofrancoherrero/prueba_tecnica/venv/lib/python3.11/site-packages/airflow/example_dags/tutorial_taskflow_api.py
[2026-04-29T09:14:12.901+0200] {processor.py:840} INFO - DAG(s) 'tutorial_taskflow_api' retrieved from /Users/pablofrancoherrero/prueba_tecnica/venv/lib/python3.11/site-packages/airflow/example_dags/tutorial_taskflow_api.py
[2026-04-29T09:14:12.927+0200] {logging_mixin.py:188} INFO - [2026-04-29T09:14:12.927+0200] {dag.py:3096} INFO - Sync 1 DAGs
[2026-04-29T09:14:12.930+0200] {logging_mixin.py:188} INFO - [2026-04-29T09:14:12.930+0200] {dag.py:3954} INFO - Setting next_dagrun for tutorial_taskflow_api to None, run_after=None
[2026-04-29T09:14:12.935+0200] {processor.py:183} INFO - Processing /Users/pablofrancoherrero/prueba_tecnica/venv/lib/python3.11/site-packages/airflow/example_dags/tutorial_taskflow_api.py took 0.046 seconds
[2026-04-29T09:14:52.980+0200] {processor.py:161} INFO - Started process (PID=81389) to work on /Users/pablofrancoherrero/prueba_tecnica/venv/lib/python3.11/site-packages/airflow/example_dags/tutorial_taskflow_api.py
[2026-04-29T09:14:52.981+0200] {processor.py:830} INFO - Processing file /Users/pablofrancoherrero/prueba_tecnica/venv/lib/python3.11/site-packages/airflow/example_dags/tutorial_taskflow_api.py for tasks to queue
[2026-04-29T09:14:52.981+0200] {logging_mixin.py:188} INFO - [2026-04-29T09:14:52.981+0200] {dagbag.py:540} INFO - Filling up the DagBag from /Users/pablofrancoherrero/prueba_tecnica/venv/lib/python3.11/site-packages/airflow/example_dags/tutorial_taskflow_api.py
[2026-04-29T09:14:52.993+0200] {processor.py:840} INFO - DAG(s) 'tutorial_taskflow_api' retrieved from /Users/pablofrancoherrero/prueba_tecnica/venv/lib/python3.11/site-packages/airflow/example_dags/tutorial_taskflow_api.py
[2026-04-29T09:14:53.022+0200] {logging_mixin.py:188} INFO - [2026-04-29T09:14:53.022+0200] {dag.py:3096} INFO - Sync 1 DAGs
[2026-04-29T09:14:53.025+0200] {logging_mixin.py:188} INFO - [2026-04-29T09:14:53.025+0200] {dag.py:3954} INFO - Setting next_dagrun for tutorial_taskflow_api to None, run_after=None
[2026-04-29T09:14:53.029+0200] {processor.py:183} INFO - Processing /Users/pablofrancoherrero/prueba_tecnica/venv/lib/python3.11/site-packages/airflow/example_dags/tutorial_taskflow_api.py took 0.050 seconds
[2026-04-29T09:15:33.777+0200] {processor.py:161} INFO - Started process (PID=81449) to work on /Users/pablofrancoherrero/prueba_tecnica/venv/lib/python3.11/site-packages/airflow/example_dags/tutorial_taskflow_api.py
[2026-04-29T09:15:33.777+0200] {processor.py:830} INFO - Processing file /Users/pablofrancoherrero/prueba_tecnica/venv/lib/python3.11/site-packages/airflow/example_dags/tutorial_taskflow_api.py for tasks to queue
[2026-04-29T09:15:33.778+0200] {logging_mixin.py:188} INFO - [2026-04-29T09:15:33.778+0200] {dagbag.py:540} INFO - Filling up the DagBag from /Users/pablofrancoherrero/prueba_tecnica/venv/lib/python3.11/site-packages/airflow/example_dags/tutorial_taskflow_api.py
[2026-04-29T09:15:33.788+0200] {processor.py:840} INFO - DAG(s) 'tutorial_taskflow_api' retrieved from /Users/pablofrancoherrero/prueba_tecnica/venv/lib/python3.11/site-packages/airflow/example_dags/tutorial_taskflow_api.py
[2026-04-29T09:15:33.814+0200] {logging_mixin.py:188} INFO - [2026-04-29T09:15:33.814+0200] {dag.py:3096} INFO - Sync 1 DAGs
[2026-04-29T09:15:33.817+0200] {logging_mixin.py:188} INFO - [2026-04-29T09:15:33.817+0200] {dag.py:3954} INFO - Setting next_dagrun for tutorial_taskflow_api to None, run_after=None
[2026-04-29T09:15:33.821+0200] {processor.py:183} INFO - Processing /Users/pablofrancoherrero/prueba_tecnica/venv/lib/python3.11/site-packages/airflow/example_dags/tutorial_taskflow_api.py took 0.045 seconds
[2026-04-29T09:16:48.936+0200] {processor.py:161} INFO - Started process (PID=81531) to work on /Users/pablofrancoherrero/prueba_tecnica/venv/lib/python3.11/site-packages/airflow/example_dags/tutorial_taskflow_api.py
[2026-04-29T09:16:48.936+0200] {processor.py:830} INFO - Processing file /Users/pablofrancoherrero/prueba_tecnica/venv/lib/python3.11/site-packages/airflow/example_dags/tutorial_taskflow_api.py for tasks to queue
[2026-04-29T09:16:48.936+0200] {logging_mixin.py:188} INFO - [2026-04-29T09:16:48.936+0200] {dagbag.py:540} INFO - Filling up the DagBag from /Users/pablofrancoherrero/prueba_tecnica/venv/lib/python3.11/site-packages/airflow/example_dags/tutorial_taskflow_api.py
[2026-04-29T09:16:48.948+0200] {processor.py:840} INFO - DAG(s) 'tutorial_taskflow_api' retrieved from /Users/pablofrancoherrero/prueba_tecnica/venv/lib/python3.11/site-packages/airflow/example_dags/tutorial_taskflow_api.py
[2026-04-29T09:16:48.974+0200] {logging_mixin.py:188} INFO - [2026-04-29T09:16:48.974+0200] {dag.py:3096} INFO - Sync 1 DAGs
[2026-04-29T09:16:48.977+0200] {logging_mixin.py:188} INFO - [2026-04-29T09:16:48.976+0200] {dag.py:3954} INFO - Setting next_dagrun for tutorial_taskflow_api to None, run_after=None
[2026-04-29T09:16:48.981+0200] {processor.py:183} INFO - Processing /Users/pablofrancoherrero/prueba_tecnica/venv/lib/python3.11/site-packages/airflow/example_dags/tutorial_taskflow_api.py took 0.046 seconds
[2026-04-29T09:17:28.288+0200] {processor.py:161} INFO - Started process (PID=81590) to work on /Users/pablofrancoherrero/prueba_tecnica/venv/lib/python3.11/site-packages/airflow/example_dags/tutorial_taskflow_api.py
[2026-04-29T09:17:28.289+0200] {processor.py:830} INFO - Processing file /Users/pablofrancoherrero/prueba_tecnica/venv/lib/python3.11/site-packages/airflow/example_dags/tutorial_taskflow_api.py for tasks to queue
[2026-04-29T09:17:28.290+0200] {logging_mixin.py:188} INFO - [2026-04-29T09:17:28.290+0200] {dagbag.py:540} INFO - Filling up the DagBag from /Users/pablofrancoherrero/prueba_tecnica/venv/lib/python3.11/site-packages/airflow/example_dags/tutorial_taskflow_api.py
[2026-04-29T09:17:28.301+0200] {processor.py:840} INFO - DAG(s) 'tutorial_taskflow_api' retrieved from /Users/pablofrancoherrero/prueba_tecnica/venv/lib/python3.11/site-packages/airflow/example_dags/tutorial_taskflow_api.py
[2026-04-29T09:17:28.327+0200] {logging_mixin.py:188} INFO - [2026-04-29T09:17:28.327+0200] {dag.py:3096} INFO - Sync 1 DAGs
[2026-04-29T09:17:28.330+0200] {logging_mixin.py:188} INFO - [2026-04-29T09:17:28.329+0200] {dag.py:3954} INFO - Setting next_dagrun for tutorial_taskflow_api to None, run_after=None
[2026-04-29T09:17:28.334+0200] {processor.py:183} INFO - Processing /Users/pablofrancoherrero/prueba_tecnica/venv/lib/python3.11/site-packages/airflow/example_dags/tutorial_taskflow_api.py took 0.047 seconds
[2026-04-29T09:18:08.634+0200] {processor.py:161} INFO - Started process (PID=81637) to work on /Users/pablofrancoherrero/prueba_tecnica/venv/lib/python3.11/site-packages/airflow/example_dags/tutorial_taskflow_api.py
[2026-04-29T09:18:08.635+0200] {processor.py:830} INFO - Processing file /Users/pablofrancoherrero/prueba_tecnica/venv/lib/python3.11/site-packages/airflow/example_dags/tutorial_taskflow_api.py for tasks to queue
[2026-04-29T09:18:08.635+0200] {logging_mixin.py:188} INFO - [2026-04-29T09:18:08.635+0200] {dagbag.py:540} INFO - Filling up the DagBag from /Users/pablofrancoherrero/prueba_tecnica/venv/lib/python3.11/site-packages/airflow/example_dags/tutorial_taskflow_api.py
[2026-04-29T09:18:08.646+0200] {processor.py:840} INFO - DAG(s) 'tutorial_taskflow_api' retrieved from /Users/pablofrancoherrero/prueba_tecnica/venv/lib/python3.11/site-packages/airflow/example_dags/tutorial_taskflow_api.py
[2026-04-29T09:18:08.673+0200] {logging_mixin.py:188} INFO - [2026-04-29T09:18:08.673+0200] {dag.py:3096} INFO - Sync 1 DAGs
[2026-04-29T09:18:08.675+0200] {logging_mixin.py:188} INFO - [2026-04-29T09:18:08.675+0200] {dag.py:3954} INFO - Setting next_dagrun for tutorial_taskflow_api to None, run_after=None
[2026-04-29T09:18:08.680+0200] {processor.py:183} INFO - Processing /Users/pablofrancoherrero/prueba_tecnica/venv/lib/python3.11/site-packages/airflow/example_dags/tutorial_taskflow_api.py took 0.047 seconds
[2026-04-29T09:18:46.992+0200] {processor.py:161} INFO - Started process (PID=81677) to work on /Users/pablofrancoherrero/prueba_tecnica/venv/lib/python3.11/site-packages/airflow/example_dags/tutorial_taskflow_api.py
[2026-04-29T09:18:46.993+0200] {processor.py:830} INFO - Processing file /Users/pablofrancoherrero/prueba_tecnica/venv/lib/python3.11/site-packages/airflow/example_dags/tutorial_taskflow_api.py for tasks to queue
[2026-04-29T09:18:46.993+0200] {logging_mixin.py:188} INFO - [2026-04-29T09:18:46.993+0200] {dagbag.py:540} INFO - Filling up the DagBag from /Users/pablofrancoherrero/prueba_tecnica/venv/lib/python3.11/site-packages/airflow/example_dags/tutorial_taskflow_api.py
[2026-04-29T09:18:47.004+0200] {processor.py:840} INFO - DAG(s) 'tutorial_taskflow_api' retrieved from /Users/pablofrancoherrero/prueba_tecnica/venv/lib/python3.11/site-packages/airflow/example_dags/tutorial_taskflow_api.py
[2026-04-29T09:18:47.030+0200] {logging_mixin.py:188} INFO - [2026-04-29T09:18:47.029+0200] {dag.py:3096} INFO - Sync 1 DAGs
[2026-04-29T09:18:47.032+0200] {logging_mixin.py:188} INFO - [2026-04-29T09:18:47.032+0200] {dag.py:3954} INFO - Setting next_dagrun for tutorial_taskflow_api to None, run_after=None
[2026-04-29T09:18:47.037+0200] {processor.py:183} INFO - Processing /Users/pablofrancoherrero/prueba_tecnica/venv/lib/python3.11/site-packages/airflow/example_dags/tutorial_taskflow_api.py took 0.046 seconds
[2026-04-29T09:19:30.217+0200] {processor.py:161} INFO - Started process (PID=81722) to work on /Users/pablofrancoherrero/prueba_tecnica/venv/lib/python3.11/site-packages/airflow/example_dags/tutorial_taskflow_api.py
[2026-04-29T09:19:30.218+0200] {processor.py:830} INFO - Processing file /Users/pablofrancoherrero/prueba_tecnica/venv/lib/python3.11/site-packages/airflow/example_dags/tutorial_taskflow_api.py for tasks to queue
[2026-04-29T09:19:30.218+0200] {logging_mixin.py:188} INFO - [2026-04-29T09:19:30.218+0200] {dagbag.py:540} INFO - Filling up the DagBag from /Users/pablofrancoherrero/prueba_tecnica/venv/lib/python3.11/site-packages/airflow/example_dags/tutorial_taskflow_api.py
[2026-04-29T09:19:30.229+0200] {processor.py:840} INFO - DAG(s) 'tutorial_taskflow_api' retrieved from /Users/pablofrancoherrero/prueba_tecnica/venv/lib/python3.11/site-packages/airflow/example_dags/tutorial_taskflow_api.py
[2026-04-29T09:19:30.254+0200] {logging_mixin.py:188} INFO - [2026-04-29T09:19:30.254+0200] {dag.py:3096} INFO - Sync 1 DAGs
[2026-04-29T09:19:30.257+0200] {logging_mixin.py:188} INFO - [2026-04-29T09:19:30.256+0200] {dag.py:3954} INFO - Setting next_dagrun for tutorial_taskflow_api to None, run_after=None
[2026-04-29T09:19:30.261+0200] {processor.py:183} INFO - Processing /Users/pablofrancoherrero/prueba_tecnica/venv/lib/python3.11/site-packages/airflow/example_dags/tutorial_taskflow_api.py took 0.045 seconds
[2026-04-29T09:20:13.102+0200] {processor.py:161} INFO - Started process (PID=81766) to work on /Users/pablofrancoherrero/prueba_tecnica/venv/lib/python3.11/site-packages/airflow/example_dags/tutorial_taskflow_api.py
[2026-04-29T09:20:13.103+0200] {processor.py:830} INFO - Processing file /Users/pablofrancoherrero/prueba_tecnica/venv/lib/python3.11/site-packages/airflow/example_dags/tutorial_taskflow_api.py for tasks to queue
[2026-04-29T09:20:13.103+0200] {logging_mixin.py:188} INFO - [2026-04-29T09:20:13.103+0200] {dagbag.py:540} INFO - Filling up the DagBag from /Users/pablofrancoherrero/prueba_tecnica/venv/lib/python3.11/site-packages/airflow/example_dags/tutorial_taskflow_api.py
[2026-04-29T09:20:13.114+0200] {processor.py:840} INFO - DAG(s) 'tutorial_taskflow_api' retrieved from /Users/pablofrancoherrero/prueba_tecnica/venv/lib/python3.11/site-packages/airflow/example_dags/tutorial_taskflow_api.py
[2026-04-29T09:20:13.139+0200] {logging_mixin.py:188} INFO - [2026-04-29T09:20:13.139+0200] {dag.py:3096} INFO - Sync 1 DAGs
[2026-04-29T09:20:13.142+0200] {logging_mixin.py:188} INFO - [2026-04-29T09:20:13.142+0200] {dag.py:3954} INFO - Setting next_dagrun for tutorial_taskflow_api to None, run_after=None
[2026-04-29T09:20:13.147+0200] {processor.py:183} INFO - Processing /Users/pablofrancoherrero/prueba_tecnica/venv/lib/python3.11/site-packages/airflow/example_dags/tutorial_taskflow_api.py took 0.046 seconds
[2026-04-29T09:20:54.850+0200] {processor.py:161} INFO - Started process (PID=81844) to work on /Users/pablofrancoherrero/prueba_tecnica/venv/lib/python3.11/site-packages/airflow/example_dags/tutorial_taskflow_api.py
[2026-04-29T09:20:54.851+0200] {processor.py:830} INFO - Processing file /Users/pablofrancoherrero/prueba_tecnica/venv/lib/python3.11/site-packages/airflow/example_dags/tutorial_taskflow_api.py for tasks to queue
[2026-04-29T09:20:54.851+0200] {logging_mixin.py:188} INFO - [2026-04-29T09:20:54.851+0200] {dagbag.py:540} INFO - Filling up the DagBag from /Users/pablofrancoherrero/prueba_tecnica/venv/lib/python3.11/site-packages/airflow/example_dags/tutorial_taskflow_api.py
[2026-04-29T09:20:54.862+0200] {processor.py:840} INFO - DAG(s) 'tutorial_taskflow_api' retrieved from /Users/pablofrancoherrero/prueba_tecnica/venv/lib/python3.11/site-packages/airflow/example_dags/tutorial_taskflow_api.py
[2026-04-29T09:20:54.888+0200] {logging_mixin.py:188} INFO - [2026-04-29T09:20:54.888+0200] {dag.py:3096} INFO - Sync 1 DAGs
[2026-04-29T09:20:54.891+0200] {logging_mixin.py:188} INFO - [2026-04-29T09:20:54.891+0200] {dag.py:3954} INFO - Setting next_dagrun for tutorial_taskflow_api to None, run_after=None
[2026-04-29T09:20:54.896+0200] {processor.py:183} INFO - Processing /Users/pablofrancoherrero/prueba_tecnica/venv/lib/python3.11/site-packages/airflow/example_dags/tutorial_taskflow_api.py took 0.047 seconds
[2026-04-29T09:21:37.399+0200] {processor.py:161} INFO - Started process (PID=81899) to work on /Users/pablofrancoherrero/prueba_tecnica/venv/lib/python3.11/site-packages/airflow/example_dags/tutorial_taskflow_api.py
[2026-04-29T09:21:37.400+0200] {processor.py:830} INFO - Processing file /Users/pablofrancoherrero/prueba_tecnica/venv/lib/python3.11/site-packages/airflow/example_dags/tutorial_taskflow_api.py for tasks to queue
[2026-04-29T09:21:37.400+0200] {logging_mixin.py:188} INFO - [2026-04-29T09:21:37.400+0200] {dagbag.py:540} INFO - Filling up the DagBag from /Users/pablofrancoherrero/prueba_tecnica/venv/lib/python3.11/site-packages/airflow/example_dags/tutorial_taskflow_api.py
[2026-04-29T09:21:37.412+0200] {processor.py:840} INFO - DAG(s) 'tutorial_taskflow_api' retrieved from /Users/pablofrancoherrero/prueba_tecnica/venv/lib/python3.11/site-packages/airflow/example_dags/tutorial_taskflow_api.py
[2026-04-29T09:21:37.442+0200] {logging_mixin.py:188} INFO - [2026-04-29T09:21:37.442+0200] {dag.py:3096} INFO - Sync 1 DAGs
[2026-04-29T09:21:37.444+0200] {logging_mixin.py:188} INFO - [2026-04-29T09:21:37.444+0200] {dag.py:3954} INFO - Setting next_dagrun for tutorial_taskflow_api to None, run_after=None
[2026-04-29T09:21:37.449+0200] {processor.py:183} INFO - Processing /Users/pablofrancoherrero/prueba_tecnica/venv/lib/python3.11/site-packages/airflow/example_dags/tutorial_taskflow_api.py took 0.050 seconds
[2026-04-29T09:22:18.373+0200] {processor.py:161} INFO - Started process (PID=81944) to work on /Users/pablofrancoherrero/prueba_tecnica/venv/lib/python3.11/site-packages/airflow/example_dags/tutorial_taskflow_api.py
[2026-04-29T09:22:18.374+0200] {processor.py:830} INFO - Processing file /Users/pablofrancoherrero/prueba_tecnica/venv/lib/python3.11/site-packages/airflow/example_dags/tutorial_taskflow_api.py for tasks to queue
[2026-04-29T09:22:18.374+0200] {logging_mixin.py:188} INFO - [2026-04-29T09:22:18.374+0200] {dagbag.py:540} INFO - Filling up the DagBag from /Users/pablofrancoherrero/prueba_tecnica/venv/lib/python3.11/site-packages/airflow/example_dags/tutorial_taskflow_api.py
[2026-04-29T09:22:18.385+0200] {processor.py:840} INFO - DAG(s) 'tutorial_taskflow_api' retrieved from /Users/pablofrancoherrero/prueba_tecnica/venv/lib/python3.11/site-packages/airflow/example_dags/tutorial_taskflow_api.py
[2026-04-29T09:22:18.411+0200] {logging_mixin.py:188} INFO - [2026-04-29T09:22:18.411+0200] {dag.py:3096} INFO - Sync 1 DAGs
[2026-04-29T09:22:18.414+0200] {logging_mixin.py:188} INFO - [2026-04-29T09:22:18.414+0200] {dag.py:3954} INFO - Setting next_dagrun for tutorial_taskflow_api to None, run_after=None
[2026-04-29T09:22:18.419+0200] {processor.py:183} INFO - Processing /Users/pablofrancoherrero/prueba_tecnica/venv/lib/python3.11/site-packages/airflow/example_dags/tutorial_taskflow_api.py took 0.046 seconds
[2026-04-29T09:23:00.930+0200] {processor.py:161} INFO - Started process (PID=81998) to work on /Users/pablofrancoherrero/prueba_tecnica/venv/lib/python3.11/site-packages/airflow/example_dags/tutorial_taskflow_api.py
[2026-04-29T09:23:00.932+0200] {processor.py:830} INFO - Processing file /Users/pablofrancoherrero/prueba_tecnica/venv/lib/python3.11/site-packages/airflow/example_dags/tutorial_taskflow_api.py for tasks to queue
[2026-04-29T09:23:00.932+0200] {logging_mixin.py:188} INFO - [2026-04-29T09:23:00.932+0200] {dagbag.py:540} INFO - Filling up the DagBag from /Users/pablofrancoherrero/prueba_tecnica/venv/lib/python3.11/site-packages/airflow/example_dags/tutorial_taskflow_api.py
[2026-04-29T09:23:00.943+0200] {processor.py:840} INFO - DAG(s) 'tutorial_taskflow_api' retrieved from /Users/pablofrancoherrero/prueba_tecnica/venv/lib/python3.11/site-packages/airflow/example_dags/tutorial_taskflow_api.py
[2026-04-29T09:23:00.969+0200] {logging_mixin.py:188} INFO - [2026-04-29T09:23:00.969+0200] {dag.py:3096} INFO - Sync 1 DAGs
[2026-04-29T09:23:00.971+0200] {logging_mixin.py:188} INFO - [2026-04-29T09:23:00.971+0200] {dag.py:3954} INFO - Setting next_dagrun for tutorial_taskflow_api to None, run_after=None
[2026-04-29T09:23:00.976+0200] {processor.py:183} INFO - Processing /Users/pablofrancoherrero/prueba_tecnica/venv/lib/python3.11/site-packages/airflow/example_dags/tutorial_taskflow_api.py took 0.046 seconds
[2026-04-29T09:23:42.983+0200] {processor.py:161} INFO - Started process (PID=82050) to work on /Users/pablofrancoherrero/prueba_tecnica/venv/lib/python3.11/site-packages/airflow/example_dags/tutorial_taskflow_api.py
[2026-04-29T09:23:42.986+0200] {processor.py:830} INFO - Processing file /Users/pablofrancoherrero/prueba_tecnica/venv/lib/python3.11/site-packages/airflow/example_dags/tutorial_taskflow_api.py for tasks to queue
[2026-04-29T09:23:42.986+0200] {logging_mixin.py:188} INFO - [2026-04-29T09:23:42.986+0200] {dagbag.py:540} INFO - Filling up the DagBag from /Users/pablofrancoherrero/prueba_tecnica/venv/lib/python3.11/site-packages/airflow/example_dags/tutorial_taskflow_api.py
[2026-04-29T09:23:42.999+0200] {processor.py:840} INFO - DAG(s) 'tutorial_taskflow_api' retrieved from /Users/pablofrancoherrero/prueba_tecnica/venv/lib/python3.11/site-packages/airflow/example_dags/tutorial_taskflow_api.py
[2026-04-29T09:23:43.028+0200] {logging_mixin.py:188} INFO - [2026-04-29T09:23:43.028+0200] {dag.py:3096} INFO - Sync 1 DAGs
[2026-04-29T09:23:43.031+0200] {logging_mixin.py:188} INFO - [2026-04-29T09:23:43.031+0200] {dag.py:3954} INFO - Setting next_dagrun for tutorial_taskflow_api to None, run_after=None
[2026-04-29T09:23:43.036+0200] {processor.py:183} INFO - Processing /Users/pablofrancoherrero/prueba_tecnica/venv/lib/python3.11/site-packages/airflow/example_dags/tutorial_taskflow_api.py took 0.053 seconds
[2026-04-29T09:24:23.670+0200] {processor.py:161} INFO - Started process (PID=82109) to work on /Users/pablofrancoherrero/prueba_tecnica/venv/lib/python3.11/site-packages/airflow/example_dags/tutorial_taskflow_api.py
[2026-04-29T09:24:23.671+0200] {processor.py:830} INFO - Processing file /Users/pablofrancoherrero/prueba_tecnica/venv/lib/python3.11/site-packages/airflow/example_dags/tutorial_taskflow_api.py for tasks to queue
[2026-04-29T09:24:23.671+0200] {logging_mixin.py:188} INFO - [2026-04-29T09:24:23.671+0200] {dagbag.py:540} INFO - Filling up the DagBag from /Users/pablofrancoherrero/prueba_tecnica/venv/lib/python3.11/site-packages/airflow/example_dags/tutorial_taskflow_api.py
[2026-04-29T09:24:23.688+0200] {processor.py:840} INFO - DAG(s) 'tutorial_taskflow_api' retrieved from /Users/pablofrancoherrero/prueba_tecnica/venv/lib/python3.11/site-packages/airflow/example_dags/tutorial_taskflow_api.py
[2026-04-29T09:24:23.718+0200] {logging_mixin.py:188} INFO - [2026-04-29T09:24:23.718+0200] {dag.py:3096} INFO - Sync 1 DAGs
[2026-04-29T09:24:23.721+0200] {logging_mixin.py:188} INFO - [2026-04-29T09:24:23.721+0200] {dag.py:3954} INFO - Setting next_dagrun for tutorial_taskflow_api to None, run_after=None
[2026-04-29T09:24:23.725+0200] {processor.py:183} INFO - Processing /Users/pablofrancoherrero/prueba_tecnica/venv/lib/python3.11/site-packages/airflow/example_dags/tutorial_taskflow_api.py took 0.056 seconds
[2026-04-29T09:25:04.650+0200] {processor.py:161} INFO - Started process (PID=82153) to work on /Users/pablofrancoherrero/prueba_tecnica/venv/lib/python3.11/site-packages/airflow/example_dags/tutorial_taskflow_api.py
[2026-04-29T09:25:04.651+0200] {processor.py:830} INFO - Processing file /Users/pablofrancoherrero/prueba_tecnica/venv/lib/python3.11/site-packages/airflow/example_dags/tutorial_taskflow_api.py for tasks to queue
[2026-04-29T09:25:04.651+0200] {logging_mixin.py:188} INFO - [2026-04-29T09:25:04.651+0200] {dagbag.py:540} INFO - Filling up the DagBag from /Users/pablofrancoherrero/prueba_tecnica/venv/lib/python3.11/site-packages/airflow/example_dags/tutorial_taskflow_api.py
[2026-04-29T09:25:04.663+0200] {processor.py:840} INFO - DAG(s) 'tutorial_taskflow_api' retrieved from /Users/pablofrancoherrero/prueba_tecnica/venv/lib/python3.11/site-packages/airflow/example_dags/tutorial_taskflow_api.py
[2026-04-29T09:25:04.693+0200] {logging_mixin.py:188} INFO - [2026-04-29T09:25:04.693+0200] {dag.py:3096} INFO - Sync 1 DAGs
[2026-04-29T09:25:04.695+0200] {logging_mixin.py:188} INFO - [2026-04-29T09:25:04.695+0200] {dag.py:3954} INFO - Setting next_dagrun for tutorial_taskflow_api to None, run_after=None
[2026-04-29T09:25:04.700+0200] {processor.py:183} INFO - Processing /Users/pablofrancoherrero/prueba_tecnica/venv/lib/python3.11/site-packages/airflow/example_dags/tutorial_taskflow_api.py took 0.050 seconds
[2026-04-29T09:25:47.125+0200] {processor.py:161} INFO - Started process (PID=82215) to work on /Users/pablofrancoherrero/prueba_tecnica/venv/lib/python3.11/site-packages/airflow/example_dags/tutorial_taskflow_api.py
[2026-04-29T09:25:47.126+0200] {processor.py:830} INFO - Processing file /Users/pablofrancoherrero/prueba_tecnica/venv/lib/python3.11/site-packages/airflow/example_dags/tutorial_taskflow_api.py for tasks to queue
[2026-04-29T09:25:47.126+0200] {logging_mixin.py:188} INFO - [2026-04-29T09:25:47.126+0200] {dagbag.py:540} INFO - Filling up the DagBag from /Users/pablofrancoherrero/prueba_tecnica/venv/lib/python3.11/site-packages/airflow/example_dags/tutorial_taskflow_api.py
[2026-04-29T09:25:47.137+0200] {processor.py:840} INFO - DAG(s) 'tutorial_taskflow_api' retrieved from /Users/pablofrancoherrero/prueba_tecnica/venv/lib/python3.11/site-packages/airflow/example_dags/tutorial_taskflow_api.py
[2026-04-29T09:25:47.163+0200] {logging_mixin.py:188} INFO - [2026-04-29T09:25:47.163+0200] {dag.py:3096} INFO - Sync 1 DAGs
[2026-04-29T09:25:47.165+0200] {logging_mixin.py:188} INFO - [2026-04-29T09:25:47.165+0200] {dag.py:3954} INFO - Setting next_dagrun for tutorial_taskflow_api to None, run_after=None
[2026-04-29T09:25:47.170+0200] {processor.py:183} INFO - Processing /Users/pablofrancoherrero/prueba_tecnica/venv/lib/python3.11/site-packages/airflow/example_dags/tutorial_taskflow_api.py took 0.046 seconds
[2026-04-29T09:26:29.681+0200] {processor.py:161} INFO - Started process (PID=82292) to work on /Users/pablofrancoherrero/prueba_tecnica/venv/lib/python3.11/site-packages/airflow/example_dags/tutorial_taskflow_api.py
[2026-04-29T09:26:29.682+0200] {processor.py:830} INFO - Processing file /Users/pablofrancoherrero/prueba_tecnica/venv/lib/python3.11/site-packages/airflow/example_dags/tutorial_taskflow_api.py for tasks to queue
[2026-04-29T09:26:29.682+0200] {logging_mixin.py:188} INFO - [2026-04-29T09:26:29.682+0200] {dagbag.py:540} INFO - Filling up the DagBag from /Users/pablofrancoherrero/prueba_tecnica/venv/lib/python3.11/site-packages/airflow/example_dags/tutorial_taskflow_api.py
[2026-04-29T09:26:29.693+0200] {processor.py:840} INFO - DAG(s) 'tutorial_taskflow_api' retrieved from /Users/pablofrancoherrero/prueba_tecnica/venv/lib/python3.11/site-packages/airflow/example_dags/tutorial_taskflow_api.py
[2026-04-29T09:26:29.718+0200] {logging_mixin.py:188} INFO - [2026-04-29T09:26:29.718+0200] {dag.py:3096} INFO - Sync 1 DAGs
[2026-04-29T09:26:29.721+0200] {logging_mixin.py:188} INFO - [2026-04-29T09:26:29.721+0200] {dag.py:3954} INFO - Setting next_dagrun for tutorial_taskflow_api to None, run_after=None
[2026-04-29T09:26:29.726+0200] {processor.py:183} INFO - Processing /Users/pablofrancoherrero/prueba_tecnica/venv/lib/python3.11/site-packages/airflow/example_dags/tutorial_taskflow_api.py took 0.045 seconds
[2026-04-29T09:27:11.154+0200] {processor.py:161} INFO - Started process (PID=82344) to work on /Users/pablofrancoherrero/prueba_tecnica/venv/lib/python3.11/site-packages/airflow/example_dags/tutorial_taskflow_api.py
[2026-04-29T09:27:11.155+0200] {processor.py:830} INFO - Processing file /Users/pablofrancoherrero/prueba_tecnica/venv/lib/python3.11/site-packages/airflow/example_dags/tutorial_taskflow_api.py for tasks to queue
[2026-04-29T09:27:11.155+0200] {logging_mixin.py:188} INFO - [2026-04-29T09:27:11.155+0200] {dagbag.py:540} INFO - Filling up the DagBag from /Users/pablofrancoherrero/prueba_tecnica/venv/lib/python3.11/site-packages/airflow/example_dags/tutorial_taskflow_api.py
[2026-04-29T09:27:11.167+0200] {processor.py:840} INFO - DAG(s) 'tutorial_taskflow_api' retrieved from /Users/pablofrancoherrero/prueba_tecnica/venv/lib/python3.11/site-packages/airflow/example_dags/tutorial_taskflow_api.py
[2026-04-29T09:27:11.192+0200] {logging_mixin.py:188} INFO - [2026-04-29T09:27:11.192+0200] {dag.py:3096} INFO - Sync 1 DAGs
[2026-04-29T09:27:11.194+0200] {logging_mixin.py:188} INFO - [2026-04-29T09:27:11.194+0200] {dag.py:3954} INFO - Setting next_dagrun for tutorial_taskflow_api to None, run_after=None
[2026-04-29T09:27:11.199+0200] {processor.py:183} INFO - Processing /Users/pablofrancoherrero/prueba_tecnica/venv/lib/python3.11/site-packages/airflow/example_dags/tutorial_taskflow_api.py took 0.046 seconds
[2026-04-29T09:27:52.910+0200] {processor.py:161} INFO - Started process (PID=82396) to work on /Users/pablofrancoherrero/prueba_tecnica/venv/lib/python3.11/site-packages/airflow/example_dags/tutorial_taskflow_api.py
[2026-04-29T09:27:52.910+0200] {processor.py:830} INFO - Processing file /Users/pablofrancoherrero/prueba_tecnica/venv/lib/python3.11/site-packages/airflow/example_dags/tutorial_taskflow_api.py for tasks to queue
[2026-04-29T09:27:52.911+0200] {logging_mixin.py:188} INFO - [2026-04-29T09:27:52.910+0200] {dagbag.py:540} INFO - Filling up the DagBag from /Users/pablofrancoherrero/prueba_tecnica/venv/lib/python3.11/site-packages/airflow/example_dags/tutorial_taskflow_api.py
[2026-04-29T09:27:52.922+0200] {processor.py:840} INFO - DAG(s) 'tutorial_taskflow_api' retrieved from /Users/pablofrancoherrero/prueba_tecnica/venv/lib/python3.11/site-packages/airflow/example_dags/tutorial_taskflow_api.py
[2026-04-29T09:27:52.948+0200] {logging_mixin.py:188} INFO - [2026-04-29T09:27:52.948+0200] {dag.py:3096} INFO - Sync 1 DAGs
[2026-04-29T09:27:52.950+0200] {logging_mixin.py:188} INFO - [2026-04-29T09:27:52.950+0200] {dag.py:3954} INFO - Setting next_dagrun for tutorial_taskflow_api to None, run_after=None
[2026-04-29T09:27:52.955+0200] {processor.py:183} INFO - Processing /Users/pablofrancoherrero/prueba_tecnica/venv/lib/python3.11/site-packages/airflow/example_dags/tutorial_taskflow_api.py took 0.046 seconds
[2026-04-29T09:28:33.318+0200] {processor.py:161} INFO - Started process (PID=82438) to work on /Users/pablofrancoherrero/prueba_tecnica/venv/lib/python3.11/site-packages/airflow/example_dags/tutorial_taskflow_api.py
[2026-04-29T09:28:33.319+0200] {processor.py:830} INFO - Processing file /Users/pablofrancoherrero/prueba_tecnica/venv/lib/python3.11/site-packages/airflow/example_dags/tutorial_taskflow_api.py for tasks to queue
[2026-04-29T09:28:33.319+0200] {logging_mixin.py:188} INFO - [2026-04-29T09:28:33.319+0200] {dagbag.py:540} INFO - Filling up the DagBag from /Users/pablofrancoherrero/prueba_tecnica/venv/lib/python3.11/site-packages/airflow/example_dags/tutorial_taskflow_api.py
[2026-04-29T09:28:33.330+0200] {processor.py:840} INFO - DAG(s) 'tutorial_taskflow_api' retrieved from /Users/pablofrancoherrero/prueba_tecnica/venv/lib/python3.11/site-packages/airflow/example_dags/tutorial_taskflow_api.py
[2026-04-29T09:28:33.355+0200] {logging_mixin.py:188} INFO - [2026-04-29T09:28:33.355+0200] {dag.py:3096} INFO - Sync 1 DAGs
[2026-04-29T09:28:33.358+0200] {logging_mixin.py:188} INFO - [2026-04-29T09:28:33.358+0200] {dag.py:3954} INFO - Setting next_dagrun for tutorial_taskflow_api to None, run_after=None
[2026-04-29T09:28:33.363+0200] {processor.py:183} INFO - Processing /Users/pablofrancoherrero/prueba_tecnica/venv/lib/python3.11/site-packages/airflow/example_dags/tutorial_taskflow_api.py took 0.046 seconds
[2026-04-29T09:29:14.177+0200] {processor.py:161} INFO - Started process (PID=82488) to work on /Users/pablofrancoherrero/prueba_tecnica/venv/lib/python3.11/site-packages/airflow/example_dags/tutorial_taskflow_api.py
[2026-04-29T09:29:14.177+0200] {processor.py:830} INFO - Processing file /Users/pablofrancoherrero/prueba_tecnica/venv/lib/python3.11/site-packages/airflow/example_dags/tutorial_taskflow_api.py for tasks to queue
[2026-04-29T09:29:14.178+0200] {logging_mixin.py:188} INFO - [2026-04-29T09:29:14.178+0200] {dagbag.py:540} INFO - Filling up the DagBag from /Users/pablofrancoherrero/prueba_tecnica/venv/lib/python3.11/site-packages/airflow/example_dags/tutorial_taskflow_api.py
[2026-04-29T09:29:14.189+0200] {processor.py:840} INFO - DAG(s) 'tutorial_taskflow_api' retrieved from /Users/pablofrancoherrero/prueba_tecnica/venv/lib/python3.11/site-packages/airflow/example_dags/tutorial_taskflow_api.py
[2026-04-29T09:29:14.214+0200] {logging_mixin.py:188} INFO - [2026-04-29T09:29:14.214+0200] {dag.py:3096} INFO - Sync 1 DAGs
[2026-04-29T09:29:14.216+0200] {logging_mixin.py:188} INFO - [2026-04-29T09:29:14.216+0200] {dag.py:3954} INFO - Setting next_dagrun for tutorial_taskflow_api to None, run_after=None
[2026-04-29T09:29:14.221+0200] {processor.py:183} INFO - Processing /Users/pablofrancoherrero/prueba_tecnica/venv/lib/python3.11/site-packages/airflow/example_dags/tutorial_taskflow_api.py took 0.045 seconds
[2026-04-29T09:29:54.245+0200] {processor.py:161} INFO - Started process (PID=82530) to work on /Users/pablofrancoherrero/prueba_tecnica/venv/lib/python3.11/site-packages/airflow/example_dags/tutorial_taskflow_api.py
[2026-04-29T09:29:54.246+0200] {processor.py:830} INFO - Processing file /Users/pablofrancoherrero/prueba_tecnica/venv/lib/python3.11/site-packages/airflow/example_dags/tutorial_taskflow_api.py for tasks to queue
[2026-04-29T09:29:54.246+0200] {logging_mixin.py:188} INFO - [2026-04-29T09:29:54.246+0200] {dagbag.py:540} INFO - Filling up the DagBag from /Users/pablofrancoherrero/prueba_tecnica/venv/lib/python3.11/site-packages/airflow/example_dags/tutorial_taskflow_api.py
[2026-04-29T09:29:54.257+0200] {processor.py:840} INFO - DAG(s) 'tutorial_taskflow_api' retrieved from /Users/pablofrancoherrero/prueba_tecnica/venv/lib/python3.11/site-packages/airflow/example_dags/tutorial_taskflow_api.py
[2026-04-29T09:29:54.282+0200] {logging_mixin.py:188} INFO - [2026-04-29T09:29:54.282+0200] {dag.py:3096} INFO - Sync 1 DAGs
[2026-04-29T09:29:54.284+0200] {logging_mixin.py:188} INFO - [2026-04-29T09:29:54.284+0200] {dag.py:3954} INFO - Setting next_dagrun for tutorial_taskflow_api to None, run_after=None
[2026-04-29T09:29:54.289+0200] {processor.py:183} INFO - Processing /Users/pablofrancoherrero/prueba_tecnica/venv/lib/python3.11/site-packages/airflow/example_dags/tutorial_taskflow_api.py took 0.045 seconds
[2026-04-29T09:30:34.751+0200] {processor.py:161} INFO - Started process (PID=82579) to work on /Users/pablofrancoherrero/prueba_tecnica/venv/lib/python3.11/site-packages/airflow/example_dags/tutorial_taskflow_api.py
[2026-04-29T09:30:34.752+0200] {processor.py:830} INFO - Processing file /Users/pablofrancoherrero/prueba_tecnica/venv/lib/python3.11/site-packages/airflow/example_dags/tutorial_taskflow_api.py for tasks to queue
[2026-04-29T09:30:34.752+0200] {logging_mixin.py:188} INFO - [2026-04-29T09:30:34.752+0200] {dagbag.py:540} INFO - Filling up the DagBag from /Users/pablofrancoherrero/prueba_tecnica/venv/lib/python3.11/site-packages/airflow/example_dags/tutorial_taskflow_api.py
[2026-04-29T09:30:34.763+0200] {processor.py:840} INFO - DAG(s) 'tutorial_taskflow_api' retrieved from /Users/pablofrancoherrero/prueba_tecnica/venv/lib/python3.11/site-packages/airflow/example_dags/tutorial_taskflow_api.py
[2026-04-29T09:30:34.790+0200] {logging_mixin.py:188} INFO - [2026-04-29T09:30:34.789+0200] {dag.py:3096} INFO - Sync 1 DAGs
[2026-04-29T09:30:34.792+0200] {logging_mixin.py:188} INFO - [2026-04-29T09:30:34.792+0200] {dag.py:3954} INFO - Setting next_dagrun for tutorial_taskflow_api to None, run_after=None
[2026-04-29T09:30:34.797+0200] {processor.py:183} INFO - Processing /Users/pablofrancoherrero/prueba_tecnica/venv/lib/python3.11/site-packages/airflow/example_dags/tutorial_taskflow_api.py took 0.046 seconds
[2026-04-29T09:31:16.571+0200] {processor.py:161} INFO - Started process (PID=82648) to work on /Users/pablofrancoherrero/prueba_tecnica/venv/lib/python3.11/site-packages/airflow/example_dags/tutorial_taskflow_api.py
[2026-04-29T09:31:16.572+0200] {processor.py:830} INFO - Processing file /Users/pablofrancoherrero/prueba_tecnica/venv/lib/python3.11/site-packages/airflow/example_dags/tutorial_taskflow_api.py for tasks to queue
[2026-04-29T09:31:16.572+0200] {logging_mixin.py:188} INFO - [2026-04-29T09:31:16.572+0200] {dagbag.py:540} INFO - Filling up the DagBag from /Users/pablofrancoherrero/prueba_tecnica/venv/lib/python3.11/site-packages/airflow/example_dags/tutorial_taskflow_api.py
[2026-04-29T09:31:16.583+0200] {processor.py:840} INFO - DAG(s) 'tutorial_taskflow_api' retrieved from /Users/pablofrancoherrero/prueba_tecnica/venv/lib/python3.11/site-packages/airflow/example_dags/tutorial_taskflow_api.py
[2026-04-29T09:31:16.608+0200] {logging_mixin.py:188} INFO - [2026-04-29T09:31:16.608+0200] {dag.py:3096} INFO - Sync 1 DAGs
[2026-04-29T09:31:16.611+0200] {logging_mixin.py:188} INFO - [2026-04-29T09:31:16.611+0200] {dag.py:3954} INFO - Setting next_dagrun for tutorial_taskflow_api to None, run_after=None
[2026-04-29T09:31:16.616+0200] {processor.py:183} INFO - Processing /Users/pablofrancoherrero/prueba_tecnica/venv/lib/python3.11/site-packages/airflow/example_dags/tutorial_taskflow_api.py took 0.046 seconds
[2026-04-29T09:31:59.769+0200] {processor.py:161} INFO - Started process (PID=82703) to work on /Users/pablofrancoherrero/prueba_tecnica/venv/lib/python3.11/site-packages/airflow/example_dags/tutorial_taskflow_api.py
[2026-04-29T09:31:59.770+0200] {processor.py:830} INFO - Processing file /Users/pablofrancoherrero/prueba_tecnica/venv/lib/python3.11/site-packages/airflow/example_dags/tutorial_taskflow_api.py for tasks to queue
[2026-04-29T09:31:59.770+0200] {logging_mixin.py:188} INFO - [2026-04-29T09:31:59.770+0200] {dagbag.py:540} INFO - Filling up the DagBag from /Users/pablofrancoherrero/prueba_tecnica/venv/lib/python3.11/site-packages/airflow/example_dags/tutorial_taskflow_api.py
[2026-04-29T09:31:59.781+0200] {processor.py:840} INFO - DAG(s) 'tutorial_taskflow_api' retrieved from /Users/pablofrancoherrero/prueba_tecnica/venv/lib/python3.11/site-packages/airflow/example_dags/tutorial_taskflow_api.py
[2026-04-29T09:31:59.807+0200] {logging_mixin.py:188} INFO - [2026-04-29T09:31:59.807+0200] {dag.py:3096} INFO - Sync 1 DAGs
[2026-04-29T09:31:59.809+0200] {logging_mixin.py:188} INFO - [2026-04-29T09:31:59.809+0200] {dag.py:3954} INFO - Setting next_dagrun for tutorial_taskflow_api to None, run_after=None
[2026-04-29T09:31:59.814+0200] {processor.py:183} INFO - Processing /Users/pablofrancoherrero/prueba_tecnica/venv/lib/python3.11/site-packages/airflow/example_dags/tutorial_taskflow_api.py took 0.046 seconds
[2026-04-29T09:32:39.655+0200] {processor.py:161} INFO - Started process (PID=82749) to work on /Users/pablofrancoherrero/prueba_tecnica/venv/lib/python3.11/site-packages/airflow/example_dags/tutorial_taskflow_api.py
[2026-04-29T09:32:39.657+0200] {processor.py:830} INFO - Processing file /Users/pablofrancoherrero/prueba_tecnica/venv/lib/python3.11/site-packages/airflow/example_dags/tutorial_taskflow_api.py for tasks to queue
[2026-04-29T09:32:39.657+0200] {logging_mixin.py:188} INFO - [2026-04-29T09:32:39.657+0200] {dagbag.py:540} INFO - Filling up the DagBag from /Users/pablofrancoherrero/prueba_tecnica/venv/lib/python3.11/site-packages/airflow/example_dags/tutorial_taskflow_api.py
[2026-04-29T09:32:39.669+0200] {processor.py:840} INFO - DAG(s) 'tutorial_taskflow_api' retrieved from /Users/pablofrancoherrero/prueba_tecnica/venv/lib/python3.11/site-packages/airflow/example_dags/tutorial_taskflow_api.py
[2026-04-29T09:32:39.699+0200] {logging_mixin.py:188} INFO - [2026-04-29T09:32:39.699+0200] {dag.py:3096} INFO - Sync 1 DAGs
[2026-04-29T09:32:39.701+0200] {logging_mixin.py:188} INFO - [2026-04-29T09:32:39.701+0200] {dag.py:3954} INFO - Setting next_dagrun for tutorial_taskflow_api to None, run_after=None
[2026-04-29T09:32:39.706+0200] {processor.py:183} INFO - Processing /Users/pablofrancoherrero/prueba_tecnica/venv/lib/python3.11/site-packages/airflow/example_dags/tutorial_taskflow_api.py took 0.051 seconds
[2026-04-29T09:33:20.597+0200] {processor.py:161} INFO - Started process (PID=82790) to work on /Users/pablofrancoherrero/prueba_tecnica/venv/lib/python3.11/site-packages/airflow/example_dags/tutorial_taskflow_api.py
[2026-04-29T09:33:20.598+0200] {processor.py:830} INFO - Processing file /Users/pablofrancoherrero/prueba_tecnica/venv/lib/python3.11/site-packages/airflow/example_dags/tutorial_taskflow_api.py for tasks to queue
[2026-04-29T09:33:20.598+0200] {logging_mixin.py:188} INFO - [2026-04-29T09:33:20.598+0200] {dagbag.py:540} INFO - Filling up the DagBag from /Users/pablofrancoherrero/prueba_tecnica/venv/lib/python3.11/site-packages/airflow/example_dags/tutorial_taskflow_api.py
[2026-04-29T09:33:20.609+0200] {processor.py:840} INFO - DAG(s) 'tutorial_taskflow_api' retrieved from /Users/pablofrancoherrero/prueba_tecnica/venv/lib/python3.11/site-packages/airflow/example_dags/tutorial_taskflow_api.py
[2026-04-29T09:33:20.635+0200] {logging_mixin.py:188} INFO - [2026-04-29T09:33:20.635+0200] {dag.py:3096} INFO - Sync 1 DAGs
[2026-04-29T09:33:20.637+0200] {logging_mixin.py:188} INFO - [2026-04-29T09:33:20.637+0200] {dag.py:3954} INFO - Setting next_dagrun for tutorial_taskflow_api to None, run_after=None
[2026-04-29T09:33:20.642+0200] {processor.py:183} INFO - Processing /Users/pablofrancoherrero/prueba_tecnica/venv/lib/python3.11/site-packages/airflow/example_dags/tutorial_taskflow_api.py took 0.046 seconds
[2026-04-29T09:34:02.217+0200] {processor.py:161} INFO - Started process (PID=82834) to work on /Users/pablofrancoherrero/prueba_tecnica/venv/lib/python3.11/site-packages/airflow/example_dags/tutorial_taskflow_api.py
[2026-04-29T09:34:02.217+0200] {processor.py:830} INFO - Processing file /Users/pablofrancoherrero/prueba_tecnica/venv/lib/python3.11/site-packages/airflow/example_dags/tutorial_taskflow_api.py for tasks to queue
[2026-04-29T09:34:02.217+0200] {logging_mixin.py:188} INFO - [2026-04-29T09:34:02.217+0200] {dagbag.py:540} INFO - Filling up the DagBag from /Users/pablofrancoherrero/prueba_tecnica/venv/lib/python3.11/site-packages/airflow/example_dags/tutorial_taskflow_api.py
[2026-04-29T09:34:02.228+0200] {processor.py:840} INFO - DAG(s) 'tutorial_taskflow_api' retrieved from /Users/pablofrancoherrero/prueba_tecnica/venv/lib/python3.11/site-packages/airflow/example_dags/tutorial_taskflow_api.py
[2026-04-29T09:34:02.253+0200] {logging_mixin.py:188} INFO - [2026-04-29T09:34:02.253+0200] {dag.py:3096} INFO - Sync 1 DAGs
[2026-04-29T09:34:02.256+0200] {logging_mixin.py:188} INFO - [2026-04-29T09:34:02.256+0200] {dag.py:3954} INFO - Setting next_dagrun for tutorial_taskflow_api to None, run_after=None
[2026-04-29T09:34:02.261+0200] {processor.py:183} INFO - Processing /Users/pablofrancoherrero/prueba_tecnica/venv/lib/python3.11/site-packages/airflow/example_dags/tutorial_taskflow_api.py took 0.045 seconds
[2026-04-29T09:34:42.102+0200] {processor.py:161} INFO - Started process (PID=82883) to work on /Users/pablofrancoherrero/prueba_tecnica/venv/lib/python3.11/site-packages/airflow/example_dags/tutorial_taskflow_api.py
[2026-04-29T09:34:42.103+0200] {processor.py:830} INFO - Processing file /Users/pablofrancoherrero/prueba_tecnica/venv/lib/python3.11/site-packages/airflow/example_dags/tutorial_taskflow_api.py for tasks to queue
[2026-04-29T09:34:42.103+0200] {logging_mixin.py:188} INFO - [2026-04-29T09:34:42.103+0200] {dagbag.py:540} INFO - Filling up the DagBag from /Users/pablofrancoherrero/prueba_tecnica/venv/lib/python3.11/site-packages/airflow/example_dags/tutorial_taskflow_api.py
[2026-04-29T09:34:42.114+0200] {processor.py:840} INFO - DAG(s) 'tutorial_taskflow_api' retrieved from /Users/pablofrancoherrero/prueba_tecnica/venv/lib/python3.11/site-packages/airflow/example_dags/tutorial_taskflow_api.py
[2026-04-29T09:34:42.139+0200] {logging_mixin.py:188} INFO - [2026-04-29T09:34:42.139+0200] {dag.py:3096} INFO - Sync 1 DAGs
[2026-04-29T09:34:42.141+0200] {logging_mixin.py:188} INFO - [2026-04-29T09:34:42.141+0200] {dag.py:3954} INFO - Setting next_dagrun for tutorial_taskflow_api to None, run_after=None
[2026-04-29T09:34:42.146+0200] {processor.py:183} INFO - Processing /Users/pablofrancoherrero/prueba_tecnica/venv/lib/python3.11/site-packages/airflow/example_dags/tutorial_taskflow_api.py took 0.045 seconds
[2026-04-29T09:35:24.253+0200] {processor.py:161} INFO - Started process (PID=82938) to work on /Users/pablofrancoherrero/prueba_tecnica/venv/lib/python3.11/site-packages/airflow/example_dags/tutorial_taskflow_api.py
[2026-04-29T09:35:24.254+0200] {processor.py:830} INFO - Processing file /Users/pablofrancoherrero/prueba_tecnica/venv/lib/python3.11/site-packages/airflow/example_dags/tutorial_taskflow_api.py for tasks to queue
[2026-04-29T09:35:24.254+0200] {logging_mixin.py:188} INFO - [2026-04-29T09:35:24.254+0200] {dagbag.py:540} INFO - Filling up the DagBag from /Users/pablofrancoherrero/prueba_tecnica/venv/lib/python3.11/site-packages/airflow/example_dags/tutorial_taskflow_api.py
[2026-04-29T09:35:24.265+0200] {processor.py:840} INFO - DAG(s) 'tutorial_taskflow_api' retrieved from /Users/pablofrancoherrero/prueba_tecnica/venv/lib/python3.11/site-packages/airflow/example_dags/tutorial_taskflow_api.py
[2026-04-29T09:35:24.292+0200] {logging_mixin.py:188} INFO - [2026-04-29T09:35:24.292+0200] {dag.py:3096} INFO - Sync 1 DAGs
[2026-04-29T09:35:24.295+0200] {logging_mixin.py:188} INFO - [2026-04-29T09:35:24.295+0200] {dag.py:3954} INFO - Setting next_dagrun for tutorial_taskflow_api to None, run_after=None
[2026-04-29T09:35:24.300+0200] {processor.py:183} INFO - Processing /Users/pablofrancoherrero/prueba_tecnica/venv/lib/python3.11/site-packages/airflow/example_dags/tutorial_taskflow_api.py took 0.047 seconds
[2026-04-29T09:36:05.209+0200] {processor.py:161} INFO - Started process (PID=82983) to work on /Users/pablofrancoherrero/prueba_tecnica/venv/lib/python3.11/site-packages/airflow/example_dags/tutorial_taskflow_api.py
[2026-04-29T09:36:05.210+0200] {processor.py:830} INFO - Processing file /Users/pablofrancoherrero/prueba_tecnica/venv/lib/python3.11/site-packages/airflow/example_dags/tutorial_taskflow_api.py for tasks to queue
[2026-04-29T09:36:05.210+0200] {logging_mixin.py:188} INFO - [2026-04-29T09:36:05.210+0200] {dagbag.py:540} INFO - Filling up the DagBag from /Users/pablofrancoherrero/prueba_tecnica/venv/lib/python3.11/site-packages/airflow/example_dags/tutorial_taskflow_api.py
[2026-04-29T09:36:05.221+0200] {processor.py:840} INFO - DAG(s) 'tutorial_taskflow_api' retrieved from /Users/pablofrancoherrero/prueba_tecnica/venv/lib/python3.11/site-packages/airflow/example_dags/tutorial_taskflow_api.py
[2026-04-29T09:36:05.247+0200] {logging_mixin.py:188} INFO - [2026-04-29T09:36:05.247+0200] {dag.py:3096} INFO - Sync 1 DAGs
[2026-04-29T09:36:05.250+0200] {logging_mixin.py:188} INFO - [2026-04-29T09:36:05.249+0200] {dag.py:3954} INFO - Setting next_dagrun for tutorial_taskflow_api to None, run_after=None
[2026-04-29T09:36:05.254+0200] {processor.py:183} INFO - Processing /Users/pablofrancoherrero/prueba_tecnica/venv/lib/python3.11/site-packages/airflow/example_dags/tutorial_taskflow_api.py took 0.046 seconds
[2026-04-29T09:37:20.223+0200] {processor.py:161} INFO - Started process (PID=83032) to work on /Users/pablofrancoherrero/prueba_tecnica/venv/lib/python3.11/site-packages/airflow/example_dags/tutorial_taskflow_api.py
[2026-04-29T09:37:20.224+0200] {processor.py:830} INFO - Processing file /Users/pablofrancoherrero/prueba_tecnica/venv/lib/python3.11/site-packages/airflow/example_dags/tutorial_taskflow_api.py for tasks to queue
[2026-04-29T09:37:20.224+0200] {logging_mixin.py:188} INFO - [2026-04-29T09:37:20.224+0200] {dagbag.py:540} INFO - Filling up the DagBag from /Users/pablofrancoherrero/prueba_tecnica/venv/lib/python3.11/site-packages/airflow/example_dags/tutorial_taskflow_api.py
[2026-04-29T09:37:20.235+0200] {processor.py:840} INFO - DAG(s) 'tutorial_taskflow_api' retrieved from /Users/pablofrancoherrero/prueba_tecnica/venv/lib/python3.11/site-packages/airflow/example_dags/tutorial_taskflow_api.py
[2026-04-29T09:37:20.260+0200] {logging_mixin.py:188} INFO - [2026-04-29T09:37:20.260+0200] {dag.py:3096} INFO - Sync 1 DAGs
[2026-04-29T09:37:20.262+0200] {logging_mixin.py:188} INFO - [2026-04-29T09:37:20.262+0200] {dag.py:3954} INFO - Setting next_dagrun for tutorial_taskflow_api to None, run_after=None
[2026-04-29T09:37:20.267+0200] {processor.py:183} INFO - Processing /Users/pablofrancoherrero/prueba_tecnica/venv/lib/python3.11/site-packages/airflow/example_dags/tutorial_taskflow_api.py took 0.044 seconds
[2026-04-29T09:38:53.399+0200] {processor.py:161} INFO - Started process (PID=83077) to work on /Users/pablofrancoherrero/prueba_tecnica/venv/lib/python3.11/site-packages/airflow/example_dags/tutorial_taskflow_api.py
[2026-04-29T09:38:53.399+0200] {processor.py:830} INFO - Processing file /Users/pablofrancoherrero/prueba_tecnica/venv/lib/python3.11/site-packages/airflow/example_dags/tutorial_taskflow_api.py for tasks to queue
[2026-04-29T09:38:53.400+0200] {logging_mixin.py:188} INFO - [2026-04-29T09:38:53.400+0200] {dagbag.py:540} INFO - Filling up the DagBag from /Users/pablofrancoherrero/prueba_tecnica/venv/lib/python3.11/site-packages/airflow/example_dags/tutorial_taskflow_api.py
[2026-04-29T09:38:53.410+0200] {processor.py:840} INFO - DAG(s) 'tutorial_taskflow_api' retrieved from /Users/pablofrancoherrero/prueba_tecnica/venv/lib/python3.11/site-packages/airflow/example_dags/tutorial_taskflow_api.py
[2026-04-29T09:38:53.434+0200] {logging_mixin.py:188} INFO - [2026-04-29T09:38:53.434+0200] {dag.py:3096} INFO - Sync 1 DAGs
[2026-04-29T09:38:53.437+0200] {logging_mixin.py:188} INFO - [2026-04-29T09:38:53.437+0200] {dag.py:3954} INFO - Setting next_dagrun for tutorial_taskflow_api to None, run_after=None
[2026-04-29T09:38:53.441+0200] {processor.py:183} INFO - Processing /Users/pablofrancoherrero/prueba_tecnica/venv/lib/python3.11/site-packages/airflow/example_dags/tutorial_taskflow_api.py took 0.043 seconds
[2026-04-29T09:39:33.491+0200] {processor.py:161} INFO - Started process (PID=83116) to work on /Users/pablofrancoherrero/prueba_tecnica/venv/lib/python3.11/site-packages/airflow/example_dags/tutorial_taskflow_api.py
[2026-04-29T09:39:33.492+0200] {processor.py:830} INFO - Processing file /Users/pablofrancoherrero/prueba_tecnica/venv/lib/python3.11/site-packages/airflow/example_dags/tutorial_taskflow_api.py for tasks to queue
[2026-04-29T09:39:33.492+0200] {logging_mixin.py:188} INFO - [2026-04-29T09:39:33.492+0200] {dagbag.py:540} INFO - Filling up the DagBag from /Users/pablofrancoherrero/prueba_tecnica/venv/lib/python3.11/site-packages/airflow/example_dags/tutorial_taskflow_api.py
[2026-04-29T09:39:33.503+0200] {processor.py:840} INFO - DAG(s) 'tutorial_taskflow_api' retrieved from /Users/pablofrancoherrero/prueba_tecnica/venv/lib/python3.11/site-packages/airflow/example_dags/tutorial_taskflow_api.py
[2026-04-29T09:39:33.528+0200] {logging_mixin.py:188} INFO - [2026-04-29T09:39:33.528+0200] {dag.py:3096} INFO - Sync 1 DAGs
[2026-04-29T09:39:33.531+0200] {logging_mixin.py:188} INFO - [2026-04-29T09:39:33.531+0200] {dag.py:3954} INFO - Setting next_dagrun for tutorial_taskflow_api to None, run_after=None
[2026-04-29T09:39:33.536+0200] {processor.py:183} INFO - Processing /Users/pablofrancoherrero/prueba_tecnica/venv/lib/python3.11/site-packages/airflow/example_dags/tutorial_taskflow_api.py took 0.046 seconds
[2026-04-29T09:45:43.140+0200] {processor.py:161} INFO - Started process (PID=83199) to work on /Users/pablofrancoherrero/prueba_tecnica/venv/lib/python3.11/site-packages/airflow/example_dags/tutorial_taskflow_api.py
[2026-04-29T09:45:43.140+0200] {processor.py:830} INFO - Processing file /Users/pablofrancoherrero/prueba_tecnica/venv/lib/python3.11/site-packages/airflow/example_dags/tutorial_taskflow_api.py for tasks to queue
[2026-04-29T09:45:43.140+0200] {logging_mixin.py:188} INFO - [2026-04-29T09:45:43.140+0200] {dagbag.py:540} INFO - Filling up the DagBag from /Users/pablofrancoherrero/prueba_tecnica/venv/lib/python3.11/site-packages/airflow/example_dags/tutorial_taskflow_api.py
[2026-04-29T09:45:43.151+0200] {processor.py:840} INFO - DAG(s) 'tutorial_taskflow_api' retrieved from /Users/pablofrancoherrero/prueba_tecnica/venv/lib/python3.11/site-packages/airflow/example_dags/tutorial_taskflow_api.py
[2026-04-29T09:45:43.177+0200] {logging_mixin.py:188} INFO - [2026-04-29T09:45:43.177+0200] {dag.py:3096} INFO - Sync 1 DAGs
[2026-04-29T09:45:43.179+0200] {logging_mixin.py:188} INFO - [2026-04-29T09:45:43.179+0200] {dag.py:3954} INFO - Setting next_dagrun for tutorial_taskflow_api to None, run_after=None
[2026-04-29T09:45:43.187+0200] {processor.py:183} INFO - Processing /Users/pablofrancoherrero/prueba_tecnica/venv/lib/python3.11/site-packages/airflow/example_dags/tutorial_taskflow_api.py took 0.048 seconds
[2026-04-29T09:47:01.208+0200] {processor.py:161} INFO - Started process (PID=83248) to work on /Users/pablofrancoherrero/prueba_tecnica/venv/lib/python3.11/site-packages/airflow/example_dags/tutorial_taskflow_api.py
[2026-04-29T09:47:01.208+0200] {processor.py:830} INFO - Processing file /Users/pablofrancoherrero/prueba_tecnica/venv/lib/python3.11/site-packages/airflow/example_dags/tutorial_taskflow_api.py for tasks to queue
[2026-04-29T09:47:01.209+0200] {logging_mixin.py:188} INFO - [2026-04-29T09:47:01.209+0200] {dagbag.py:540} INFO - Filling up the DagBag from /Users/pablofrancoherrero/prueba_tecnica/venv/lib/python3.11/site-packages/airflow/example_dags/tutorial_taskflow_api.py
[2026-04-29T09:47:01.220+0200] {processor.py:840} INFO - DAG(s) 'tutorial_taskflow_api' retrieved from /Users/pablofrancoherrero/prueba_tecnica/venv/lib/python3.11/site-packages/airflow/example_dags/tutorial_taskflow_api.py
[2026-04-29T09:47:01.244+0200] {logging_mixin.py:188} INFO - [2026-04-29T09:47:01.244+0200] {dag.py:3096} INFO - Sync 1 DAGs
[2026-04-29T09:47:01.246+0200] {logging_mixin.py:188} INFO - [2026-04-29T09:47:01.246+0200] {dag.py:3954} INFO - Setting next_dagrun for tutorial_taskflow_api to None, run_after=None
[2026-04-29T09:47:01.251+0200] {processor.py:183} INFO - Processing /Users/pablofrancoherrero/prueba_tecnica/venv/lib/python3.11/site-packages/airflow/example_dags/tutorial_taskflow_api.py took 0.044 seconds
[2026-04-29T09:52:51.590+0200] {processor.py:161} INFO - Started process (PID=83341) to work on /Users/pablofrancoherrero/prueba_tecnica/venv/lib/python3.11/site-packages/airflow/example_dags/tutorial_taskflow_api.py
[2026-04-29T09:52:51.591+0200] {processor.py:830} INFO - Processing file /Users/pablofrancoherrero/prueba_tecnica/venv/lib/python3.11/site-packages/airflow/example_dags/tutorial_taskflow_api.py for tasks to queue
[2026-04-29T09:52:51.591+0200] {logging_mixin.py:188} INFO - [2026-04-29T09:52:51.591+0200] {dagbag.py:540} INFO - Filling up the DagBag from /Users/pablofrancoherrero/prueba_tecnica/venv/lib/python3.11/site-packages/airflow/example_dags/tutorial_taskflow_api.py
[2026-04-29T09:52:51.602+0200] {processor.py:840} INFO - DAG(s) 'tutorial_taskflow_api' retrieved from /Users/pablofrancoherrero/prueba_tecnica/venv/lib/python3.11/site-packages/airflow/example_dags/tutorial_taskflow_api.py
[2026-04-29T09:52:51.627+0200] {logging_mixin.py:188} INFO - [2026-04-29T09:52:51.627+0200] {dag.py:3096} INFO - Sync 1 DAGs
[2026-04-29T09:52:51.629+0200] {logging_mixin.py:188} INFO - [2026-04-29T09:52:51.629+0200] {dag.py:3954} INFO - Setting next_dagrun for tutorial_taskflow_api to None, run_after=None
[2026-04-29T09:52:51.634+0200] {processor.py:183} INFO - Processing /Users/pablofrancoherrero/prueba_tecnica/venv/lib/python3.11/site-packages/airflow/example_dags/tutorial_taskflow_api.py took 0.044 seconds
[2026-04-29T10:01:03.953+0200] {processor.py:161} INFO - Started process (PID=83420) to work on /Users/pablofrancoherrero/prueba_tecnica/venv/lib/python3.11/site-packages/airflow/example_dags/tutorial_taskflow_api.py
[2026-04-29T10:01:03.954+0200] {processor.py:830} INFO - Processing file /Users/pablofrancoherrero/prueba_tecnica/venv/lib/python3.11/site-packages/airflow/example_dags/tutorial_taskflow_api.py for tasks to queue
[2026-04-29T10:01:03.955+0200] {logging_mixin.py:188} INFO - [2026-04-29T10:01:03.954+0200] {dagbag.py:540} INFO - Filling up the DagBag from /Users/pablofrancoherrero/prueba_tecnica/venv/lib/python3.11/site-packages/airflow/example_dags/tutorial_taskflow_api.py
[2026-04-29T10:01:03.966+0200] {processor.py:840} INFO - DAG(s) 'tutorial_taskflow_api' retrieved from /Users/pablofrancoherrero/prueba_tecnica/venv/lib/python3.11/site-packages/airflow/example_dags/tutorial_taskflow_api.py
[2026-04-29T10:01:03.990+0200] {logging_mixin.py:188} INFO - [2026-04-29T10:01:03.990+0200] {dag.py:3096} INFO - Sync 1 DAGs
[2026-04-29T10:01:03.993+0200] {logging_mixin.py:188} INFO - [2026-04-29T10:01:03.993+0200] {dag.py:3954} INFO - Setting next_dagrun for tutorial_taskflow_api to None, run_after=None
[2026-04-29T10:01:03.997+0200] {processor.py:183} INFO - Processing /Users/pablofrancoherrero/prueba_tecnica/venv/lib/python3.11/site-packages/airflow/example_dags/tutorial_taskflow_api.py took 0.045 seconds
[2026-04-29T10:17:05.994+0200] {processor.py:161} INFO - Started process (PID=83541) to work on /Users/pablofrancoherrero/prueba_tecnica/venv/lib/python3.11/site-packages/airflow/example_dags/tutorial_taskflow_api.py
[2026-04-29T10:17:05.995+0200] {processor.py:830} INFO - Processing file /Users/pablofrancoherrero/prueba_tecnica/venv/lib/python3.11/site-packages/airflow/example_dags/tutorial_taskflow_api.py for tasks to queue
[2026-04-29T10:17:05.995+0200] {logging_mixin.py:188} INFO - [2026-04-29T10:17:05.995+0200] {dagbag.py:540} INFO - Filling up the DagBag from /Users/pablofrancoherrero/prueba_tecnica/venv/lib/python3.11/site-packages/airflow/example_dags/tutorial_taskflow_api.py
[2026-04-29T10:17:06.006+0200] {processor.py:840} INFO - DAG(s) 'tutorial_taskflow_api' retrieved from /Users/pablofrancoherrero/prueba_tecnica/venv/lib/python3.11/site-packages/airflow/example_dags/tutorial_taskflow_api.py
[2026-04-29T10:17:06.030+0200] {logging_mixin.py:188} INFO - [2026-04-29T10:17:06.030+0200] {dag.py:3096} INFO - Sync 1 DAGs
[2026-04-29T10:17:06.032+0200] {logging_mixin.py:188} INFO - [2026-04-29T10:17:06.032+0200] {dag.py:3954} INFO - Setting next_dagrun for tutorial_taskflow_api to None, run_after=None
[2026-04-29T10:17:06.037+0200] {processor.py:183} INFO - Processing /Users/pablofrancoherrero/prueba_tecnica/venv/lib/python3.11/site-packages/airflow/example_dags/tutorial_taskflow_api.py took 0.043 seconds
[2026-04-29T10:32:53.912+0200] {processor.py:161} INFO - Started process (PID=83633) to work on /Users/pablofrancoherrero/prueba_tecnica/venv/lib/python3.11/site-packages/airflow/example_dags/tutorial_taskflow_api.py
[2026-04-29T10:32:53.912+0200] {processor.py:830} INFO - Processing file /Users/pablofrancoherrero/prueba_tecnica/venv/lib/python3.11/site-packages/airflow/example_dags/tutorial_taskflow_api.py for tasks to queue
[2026-04-29T10:32:53.913+0200] {logging_mixin.py:188} INFO - [2026-04-29T10:32:53.913+0200] {dagbag.py:540} INFO - Filling up the DagBag from /Users/pablofrancoherrero/prueba_tecnica/venv/lib/python3.11/site-packages/airflow/example_dags/tutorial_taskflow_api.py
[2026-04-29T10:32:53.924+0200] {processor.py:840} INFO - DAG(s) 'tutorial_taskflow_api' retrieved from /Users/pablofrancoherrero/prueba_tecnica/venv/lib/python3.11/site-packages/airflow/example_dags/tutorial_taskflow_api.py
[2026-04-29T10:32:53.948+0200] {logging_mixin.py:188} INFO - [2026-04-29T10:32:53.948+0200] {dag.py:3096} INFO - Sync 1 DAGs
[2026-04-29T10:32:53.950+0200] {logging_mixin.py:188} INFO - [2026-04-29T10:32:53.950+0200] {dag.py:3954} INFO - Setting next_dagrun for tutorial_taskflow_api to None, run_after=None
[2026-04-29T10:32:53.955+0200] {processor.py:183} INFO - Processing /Users/pablofrancoherrero/prueba_tecnica/venv/lib/python3.11/site-packages/airflow/example_dags/tutorial_taskflow_api.py took 0.044 seconds
[2026-04-29T10:48:56.865+0200] {processor.py:161} INFO - Started process (PID=83721) to work on /Users/pablofrancoherrero/prueba_tecnica/venv/lib/python3.11/site-packages/airflow/example_dags/tutorial_taskflow_api.py
[2026-04-29T10:48:56.866+0200] {processor.py:830} INFO - Processing file /Users/pablofrancoherrero/prueba_tecnica/venv/lib/python3.11/site-packages/airflow/example_dags/tutorial_taskflow_api.py for tasks to queue
[2026-04-29T10:48:56.866+0200] {logging_mixin.py:188} INFO - [2026-04-29T10:48:56.866+0200] {dagbag.py:540} INFO - Filling up the DagBag from /Users/pablofrancoherrero/prueba_tecnica/venv/lib/python3.11/site-packages/airflow/example_dags/tutorial_taskflow_api.py
[2026-04-29T10:48:56.878+0200] {processor.py:840} INFO - DAG(s) 'tutorial_taskflow_api' retrieved from /Users/pablofrancoherrero/prueba_tecnica/venv/lib/python3.11/site-packages/airflow/example_dags/tutorial_taskflow_api.py
[2026-04-29T10:48:56.903+0200] {logging_mixin.py:188} INFO - [2026-04-29T10:48:56.903+0200] {dag.py:3096} INFO - Sync 1 DAGs
[2026-04-29T10:48:56.905+0200] {logging_mixin.py:188} INFO - [2026-04-29T10:48:56.905+0200] {dag.py:3954} INFO - Setting next_dagrun for tutorial_taskflow_api to None, run_after=None
[2026-04-29T10:48:56.910+0200] {processor.py:183} INFO - Processing /Users/pablofrancoherrero/prueba_tecnica/venv/lib/python3.11/site-packages/airflow/example_dags/tutorial_taskflow_api.py took 0.045 seconds
[2026-04-29T11:06:25.407+0200] {processor.py:161} INFO - Started process (PID=83823) to work on /Users/pablofrancoherrero/prueba_tecnica/venv/lib/python3.11/site-packages/airflow/example_dags/tutorial_taskflow_api.py
[2026-04-29T11:06:25.408+0200] {processor.py:830} INFO - Processing file /Users/pablofrancoherrero/prueba_tecnica/venv/lib/python3.11/site-packages/airflow/example_dags/tutorial_taskflow_api.py for tasks to queue
[2026-04-29T11:06:25.408+0200] {logging_mixin.py:188} INFO - [2026-04-29T11:06:25.408+0200] {dagbag.py:540} INFO - Filling up the DagBag from /Users/pablofrancoherrero/prueba_tecnica/venv/lib/python3.11/site-packages/airflow/example_dags/tutorial_taskflow_api.py
[2026-04-29T11:06:25.420+0200] {processor.py:840} INFO - DAG(s) 'tutorial_taskflow_api' retrieved from /Users/pablofrancoherrero/prueba_tecnica/venv/lib/python3.11/site-packages/airflow/example_dags/tutorial_taskflow_api.py
[2026-04-29T11:06:25.449+0200] {logging_mixin.py:188} INFO - [2026-04-29T11:06:25.449+0200] {dag.py:3096} INFO - Sync 1 DAGs
[2026-04-29T11:06:25.452+0200] {logging_mixin.py:188} INFO - [2026-04-29T11:06:25.451+0200] {dag.py:3954} INFO - Setting next_dagrun for tutorial_taskflow_api to None, run_after=None
[2026-04-29T11:06:25.456+0200] {processor.py:183} INFO - Processing /Users/pablofrancoherrero/prueba_tecnica/venv/lib/python3.11/site-packages/airflow/example_dags/tutorial_taskflow_api.py took 0.050 seconds
[2026-04-29T11:23:04.598+0200] {processor.py:161} INFO - Started process (PID=83983) to work on /Users/pablofrancoherrero/prueba_tecnica/venv/lib/python3.11/site-packages/airflow/example_dags/tutorial_taskflow_api.py
[2026-04-29T11:23:04.599+0200] {processor.py:830} INFO - Processing file /Users/pablofrancoherrero/prueba_tecnica/venv/lib/python3.11/site-packages/airflow/example_dags/tutorial_taskflow_api.py for tasks to queue
[2026-04-29T11:23:04.599+0200] {logging_mixin.py:188} INFO - [2026-04-29T11:23:04.599+0200] {dagbag.py:540} INFO - Filling up the DagBag from /Users/pablofrancoherrero/prueba_tecnica/venv/lib/python3.11/site-packages/airflow/example_dags/tutorial_taskflow_api.py
[2026-04-29T11:23:04.611+0200] {processor.py:840} INFO - DAG(s) 'tutorial_taskflow_api' retrieved from /Users/pablofrancoherrero/prueba_tecnica/venv/lib/python3.11/site-packages/airflow/example_dags/tutorial_taskflow_api.py
[2026-04-29T11:23:04.635+0200] {logging_mixin.py:188} INFO - [2026-04-29T11:23:04.635+0200] {dag.py:3096} INFO - Sync 1 DAGs
[2026-04-29T11:23:04.638+0200] {logging_mixin.py:188} INFO - [2026-04-29T11:23:04.638+0200] {dag.py:3954} INFO - Setting next_dagrun for tutorial_taskflow_api to None, run_after=None
[2026-04-29T11:23:04.642+0200] {processor.py:183} INFO - Processing /Users/pablofrancoherrero/prueba_tecnica/venv/lib/python3.11/site-packages/airflow/example_dags/tutorial_taskflow_api.py took 0.045 seconds
[2026-04-29T11:23:52.113+0200] {processor.py:161} INFO - Started process (PID=84049) to work on /Users/pablofrancoherrero/prueba_tecnica/venv/lib/python3.11/site-packages/airflow/example_dags/tutorial_taskflow_api.py
[2026-04-29T11:23:52.113+0200] {processor.py:830} INFO - Processing file /Users/pablofrancoherrero/prueba_tecnica/venv/lib/python3.11/site-packages/airflow/example_dags/tutorial_taskflow_api.py for tasks to queue
[2026-04-29T11:23:52.113+0200] {logging_mixin.py:188} INFO - [2026-04-29T11:23:52.113+0200] {dagbag.py:540} INFO - Filling up the DagBag from /Users/pablofrancoherrero/prueba_tecnica/venv/lib/python3.11/site-packages/airflow/example_dags/tutorial_taskflow_api.py
[2026-04-29T11:23:52.125+0200] {processor.py:840} INFO - DAG(s) 'tutorial_taskflow_api' retrieved from /Users/pablofrancoherrero/prueba_tecnica/venv/lib/python3.11/site-packages/airflow/example_dags/tutorial_taskflow_api.py
[2026-04-29T11:23:52.154+0200] {logging_mixin.py:188} INFO - [2026-04-29T11:23:52.154+0200] {dag.py:3096} INFO - Sync 1 DAGs
[2026-04-29T11:23:52.156+0200] {logging_mixin.py:188} INFO - [2026-04-29T11:23:52.156+0200] {dag.py:3954} INFO - Setting next_dagrun for tutorial_taskflow_api to None, run_after=None
[2026-04-29T11:23:52.161+0200] {processor.py:183} INFO - Processing /Users/pablofrancoherrero/prueba_tecnica/venv/lib/python3.11/site-packages/airflow/example_dags/tutorial_taskflow_api.py took 0.049 seconds
[2026-04-29T11:25:09.817+0200] {processor.py:161} INFO - Started process (PID=84145) to work on /Users/pablofrancoherrero/prueba_tecnica/venv/lib/python3.11/site-packages/airflow/example_dags/tutorial_taskflow_api.py
[2026-04-29T11:25:09.818+0200] {processor.py:830} INFO - Processing file /Users/pablofrancoherrero/prueba_tecnica/venv/lib/python3.11/site-packages/airflow/example_dags/tutorial_taskflow_api.py for tasks to queue
[2026-04-29T11:25:09.818+0200] {logging_mixin.py:188} INFO - [2026-04-29T11:25:09.818+0200] {dagbag.py:540} INFO - Filling up the DagBag from /Users/pablofrancoherrero/prueba_tecnica/venv/lib/python3.11/site-packages/airflow/example_dags/tutorial_taskflow_api.py
[2026-04-29T11:25:09.830+0200] {processor.py:840} INFO - DAG(s) 'tutorial_taskflow_api' retrieved from /Users/pablofrancoherrero/prueba_tecnica/venv/lib/python3.11/site-packages/airflow/example_dags/tutorial_taskflow_api.py
[2026-04-29T11:25:09.859+0200] {logging_mixin.py:188} INFO - [2026-04-29T11:25:09.859+0200] {dag.py:3096} INFO - Sync 1 DAGs
[2026-04-29T11:25:09.862+0200] {logging_mixin.py:188} INFO - [2026-04-29T11:25:09.861+0200] {dag.py:3954} INFO - Setting next_dagrun for tutorial_taskflow_api to None, run_after=None
[2026-04-29T11:25:09.866+0200] {processor.py:183} INFO - Processing /Users/pablofrancoherrero/prueba_tecnica/venv/lib/python3.11/site-packages/airflow/example_dags/tutorial_taskflow_api.py took 0.049 seconds
[2026-04-29T11:25:49.500+0200] {processor.py:161} INFO - Started process (PID=84201) to work on /Users/pablofrancoherrero/prueba_tecnica/venv/lib/python3.11/site-packages/airflow/example_dags/tutorial_taskflow_api.py
[2026-04-29T11:25:49.501+0200] {processor.py:830} INFO - Processing file /Users/pablofrancoherrero/prueba_tecnica/venv/lib/python3.11/site-packages/airflow/example_dags/tutorial_taskflow_api.py for tasks to queue
[2026-04-29T11:25:49.501+0200] {logging_mixin.py:188} INFO - [2026-04-29T11:25:49.501+0200] {dagbag.py:540} INFO - Filling up the DagBag from /Users/pablofrancoherrero/prueba_tecnica/venv/lib/python3.11/site-packages/airflow/example_dags/tutorial_taskflow_api.py
[2026-04-29T11:25:49.512+0200] {processor.py:840} INFO - DAG(s) 'tutorial_taskflow_api' retrieved from /Users/pablofrancoherrero/prueba_tecnica/venv/lib/python3.11/site-packages/airflow/example_dags/tutorial_taskflow_api.py
[2026-04-29T11:25:49.537+0200] {logging_mixin.py:188} INFO - [2026-04-29T11:25:49.537+0200] {dag.py:3096} INFO - Sync 1 DAGs
[2026-04-29T11:25:49.540+0200] {logging_mixin.py:188} INFO - [2026-04-29T11:25:49.540+0200] {dag.py:3954} INFO - Setting next_dagrun for tutorial_taskflow_api to None, run_after=None
[2026-04-29T11:25:49.544+0200] {processor.py:183} INFO - Processing /Users/pablofrancoherrero/prueba_tecnica/venv/lib/python3.11/site-packages/airflow/example_dags/tutorial_taskflow_api.py took 0.045 seconds
[2026-04-29T11:26:30.163+0200] {processor.py:161} INFO - Started process (PID=84252) to work on /Users/pablofrancoherrero/prueba_tecnica/venv/lib/python3.11/site-packages/airflow/example_dags/tutorial_taskflow_api.py
[2026-04-29T11:26:30.164+0200] {processor.py:830} INFO - Processing file /Users/pablofrancoherrero/prueba_tecnica/venv/lib/python3.11/site-packages/airflow/example_dags/tutorial_taskflow_api.py for tasks to queue
[2026-04-29T11:26:30.165+0200] {logging_mixin.py:188} INFO - [2026-04-29T11:26:30.165+0200] {dagbag.py:540} INFO - Filling up the DagBag from /Users/pablofrancoherrero/prueba_tecnica/venv/lib/python3.11/site-packages/airflow/example_dags/tutorial_taskflow_api.py
[2026-04-29T11:26:30.175+0200] {processor.py:840} INFO - DAG(s) 'tutorial_taskflow_api' retrieved from /Users/pablofrancoherrero/prueba_tecnica/venv/lib/python3.11/site-packages/airflow/example_dags/tutorial_taskflow_api.py
[2026-04-29T11:26:30.199+0200] {logging_mixin.py:188} INFO - [2026-04-29T11:26:30.199+0200] {dag.py:3096} INFO - Sync 1 DAGs
[2026-04-29T11:26:30.202+0200] {logging_mixin.py:188} INFO - [2026-04-29T11:26:30.202+0200] {dag.py:3954} INFO - Setting next_dagrun for tutorial_taskflow_api to None, run_after=None
[2026-04-29T11:26:30.206+0200] {processor.py:183} INFO - Processing /Users/pablofrancoherrero/prueba_tecnica/venv/lib/python3.11/site-packages/airflow/example_dags/tutorial_taskflow_api.py took 0.044 seconds
[2026-04-29T11:32:02.749+0200] {processor.py:161} INFO - Started process (PID=84326) to work on /Users/pablofrancoherrero/prueba_tecnica/venv/lib/python3.11/site-packages/airflow/example_dags/tutorial_taskflow_api.py
[2026-04-29T11:32:02.749+0200] {processor.py:830} INFO - Processing file /Users/pablofrancoherrero/prueba_tecnica/venv/lib/python3.11/site-packages/airflow/example_dags/tutorial_taskflow_api.py for tasks to queue
[2026-04-29T11:32:02.749+0200] {logging_mixin.py:188} INFO - [2026-04-29T11:32:02.749+0200] {dagbag.py:540} INFO - Filling up the DagBag from /Users/pablofrancoherrero/prueba_tecnica/venv/lib/python3.11/site-packages/airflow/example_dags/tutorial_taskflow_api.py
[2026-04-29T11:32:02.761+0200] {processor.py:840} INFO - DAG(s) 'tutorial_taskflow_api' retrieved from /Users/pablofrancoherrero/prueba_tecnica/venv/lib/python3.11/site-packages/airflow/example_dags/tutorial_taskflow_api.py
[2026-04-29T11:32:02.785+0200] {logging_mixin.py:188} INFO - [2026-04-29T11:32:02.785+0200] {dag.py:3096} INFO - Sync 1 DAGs
[2026-04-29T11:32:02.788+0200] {logging_mixin.py:188} INFO - [2026-04-29T11:32:02.788+0200] {dag.py:3954} INFO - Setting next_dagrun for tutorial_taskflow_api to None, run_after=None
[2026-04-29T11:32:02.793+0200] {processor.py:183} INFO - Processing /Users/pablofrancoherrero/prueba_tecnica/venv/lib/python3.11/site-packages/airflow/example_dags/tutorial_taskflow_api.py took 0.045 seconds
[2026-04-29T11:47:12.347+0200] {processor.py:161} INFO - Started process (PID=84414) to work on /Users/pablofrancoherrero/prueba_tecnica/venv/lib/python3.11/site-packages/airflow/example_dags/tutorial_taskflow_api.py
[2026-04-29T11:47:12.347+0200] {processor.py:830} INFO - Processing file /Users/pablofrancoherrero/prueba_tecnica/venv/lib/python3.11/site-packages/airflow/example_dags/tutorial_taskflow_api.py for tasks to queue
[2026-04-29T11:47:12.347+0200] {logging_mixin.py:188} INFO - [2026-04-29T11:47:12.347+0200] {dagbag.py:540} INFO - Filling up the DagBag from /Users/pablofrancoherrero/prueba_tecnica/venv/lib/python3.11/site-packages/airflow/example_dags/tutorial_taskflow_api.py
[2026-04-29T11:47:12.360+0200] {processor.py:840} INFO - DAG(s) 'tutorial_taskflow_api' retrieved from /Users/pablofrancoherrero/prueba_tecnica/venv/lib/python3.11/site-packages/airflow/example_dags/tutorial_taskflow_api.py
[2026-04-29T11:47:12.390+0200] {logging_mixin.py:188} INFO - [2026-04-29T11:47:12.390+0200] {dag.py:3096} INFO - Sync 1 DAGs
[2026-04-29T11:47:12.393+0200] {logging_mixin.py:188} INFO - [2026-04-29T11:47:12.393+0200] {dag.py:3954} INFO - Setting next_dagrun for tutorial_taskflow_api to None, run_after=None
[2026-04-29T11:47:12.400+0200] {processor.py:183} INFO - Processing /Users/pablofrancoherrero/prueba_tecnica/venv/lib/python3.11/site-packages/airflow/example_dags/tutorial_taskflow_api.py took 0.055 seconds
[2026-04-29T11:47:50.460+0200] {processor.py:161} INFO - Started process (PID=84481) to work on /Users/pablofrancoherrero/prueba_tecnica/venv/lib/python3.11/site-packages/airflow/example_dags/tutorial_taskflow_api.py
[2026-04-29T11:47:50.460+0200] {processor.py:830} INFO - Processing file /Users/pablofrancoherrero/prueba_tecnica/venv/lib/python3.11/site-packages/airflow/example_dags/tutorial_taskflow_api.py for tasks to queue
[2026-04-29T11:47:50.461+0200] {logging_mixin.py:188} INFO - [2026-04-29T11:47:50.461+0200] {dagbag.py:540} INFO - Filling up the DagBag from /Users/pablofrancoherrero/prueba_tecnica/venv/lib/python3.11/site-packages/airflow/example_dags/tutorial_taskflow_api.py
[2026-04-29T11:47:50.474+0200] {processor.py:840} INFO - DAG(s) 'tutorial_taskflow_api' retrieved from /Users/pablofrancoherrero/prueba_tecnica/venv/lib/python3.11/site-packages/airflow/example_dags/tutorial_taskflow_api.py
[2026-04-29T11:47:50.502+0200] {logging_mixin.py:188} INFO - [2026-04-29T11:47:50.502+0200] {dag.py:3096} INFO - Sync 1 DAGs
[2026-04-29T11:47:50.505+0200] {logging_mixin.py:188} INFO - [2026-04-29T11:47:50.505+0200] {dag.py:3954} INFO - Setting next_dagrun for tutorial_taskflow_api to None, run_after=None
[2026-04-29T11:47:50.511+0200] {processor.py:183} INFO - Processing /Users/pablofrancoherrero/prueba_tecnica/venv/lib/python3.11/site-packages/airflow/example_dags/tutorial_taskflow_api.py took 0.052 seconds
[2026-04-29T11:53:02.076+0200] {processor.py:161} INFO - Started process (PID=84567) to work on /Users/pablofrancoherrero/prueba_tecnica/venv/lib/python3.11/site-packages/airflow/example_dags/tutorial_taskflow_api.py
[2026-04-29T11:53:02.076+0200] {processor.py:830} INFO - Processing file /Users/pablofrancoherrero/prueba_tecnica/venv/lib/python3.11/site-packages/airflow/example_dags/tutorial_taskflow_api.py for tasks to queue
[2026-04-29T11:53:02.076+0200] {logging_mixin.py:188} INFO - [2026-04-29T11:53:02.076+0200] {dagbag.py:540} INFO - Filling up the DagBag from /Users/pablofrancoherrero/prueba_tecnica/venv/lib/python3.11/site-packages/airflow/example_dags/tutorial_taskflow_api.py
[2026-04-29T11:53:02.092+0200] {processor.py:840} INFO - DAG(s) 'tutorial_taskflow_api' retrieved from /Users/pablofrancoherrero/prueba_tecnica/venv/lib/python3.11/site-packages/airflow/example_dags/tutorial_taskflow_api.py
[2026-04-29T11:53:02.122+0200] {logging_mixin.py:188} INFO - [2026-04-29T11:53:02.122+0200] {dag.py:3096} INFO - Sync 1 DAGs
[2026-04-29T11:53:02.126+0200] {logging_mixin.py:188} INFO - [2026-04-29T11:53:02.126+0200] {dag.py:3954} INFO - Setting next_dagrun for tutorial_taskflow_api to None, run_after=None
[2026-04-29T11:53:02.131+0200] {processor.py:183} INFO - Processing /Users/pablofrancoherrero/prueba_tecnica/venv/lib/python3.11/site-packages/airflow/example_dags/tutorial_taskflow_api.py took 0.056 seconds
[2026-04-29T11:55:39.557+0200] {processor.py:161} INFO - Started process (PID=84638) to work on /Users/pablofrancoherrero/prueba_tecnica/venv/lib/python3.11/site-packages/airflow/example_dags/tutorial_taskflow_api.py
[2026-04-29T11:55:39.558+0200] {processor.py:830} INFO - Processing file /Users/pablofrancoherrero/prueba_tecnica/venv/lib/python3.11/site-packages/airflow/example_dags/tutorial_taskflow_api.py for tasks to queue
[2026-04-29T11:55:39.558+0200] {logging_mixin.py:188} INFO - [2026-04-29T11:55:39.558+0200] {dagbag.py:540} INFO - Filling up the DagBag from /Users/pablofrancoherrero/prueba_tecnica/venv/lib/python3.11/site-packages/airflow/example_dags/tutorial_taskflow_api.py
[2026-04-29T11:55:39.569+0200] {processor.py:840} INFO - DAG(s) 'tutorial_taskflow_api' retrieved from /Users/pablofrancoherrero/prueba_tecnica/venv/lib/python3.11/site-packages/airflow/example_dags/tutorial_taskflow_api.py
[2026-04-29T11:55:39.593+0200] {logging_mixin.py:188} INFO - [2026-04-29T11:55:39.593+0200] {dag.py:3096} INFO - Sync 1 DAGs
[2026-04-29T11:55:39.595+0200] {logging_mixin.py:188} INFO - [2026-04-29T11:55:39.595+0200] {dag.py:3954} INFO - Setting next_dagrun for tutorial_taskflow_api to None, run_after=None
[2026-04-29T11:55:39.600+0200] {processor.py:183} INFO - Processing /Users/pablofrancoherrero/prueba_tecnica/venv/lib/python3.11/site-packages/airflow/example_dags/tutorial_taskflow_api.py took 0.043 seconds
[2026-04-29T12:04:23.376+0200] {processor.py:161} INFO - Started process (PID=84748) to work on /Users/pablofrancoherrero/prueba_tecnica/venv/lib/python3.11/site-packages/airflow/example_dags/tutorial_taskflow_api.py
[2026-04-29T12:04:23.377+0200] {processor.py:830} INFO - Processing file /Users/pablofrancoherrero/prueba_tecnica/venv/lib/python3.11/site-packages/airflow/example_dags/tutorial_taskflow_api.py for tasks to queue
[2026-04-29T12:04:23.377+0200] {logging_mixin.py:188} INFO - [2026-04-29T12:04:23.377+0200] {dagbag.py:540} INFO - Filling up the DagBag from /Users/pablofrancoherrero/prueba_tecnica/venv/lib/python3.11/site-packages/airflow/example_dags/tutorial_taskflow_api.py
[2026-04-29T12:04:23.389+0200] {processor.py:840} INFO - DAG(s) 'tutorial_taskflow_api' retrieved from /Users/pablofrancoherrero/prueba_tecnica/venv/lib/python3.11/site-packages/airflow/example_dags/tutorial_taskflow_api.py
[2026-04-29T12:04:23.417+0200] {logging_mixin.py:188} INFO - [2026-04-29T12:04:23.417+0200] {dag.py:3096} INFO - Sync 1 DAGs
[2026-04-29T12:04:23.420+0200] {logging_mixin.py:188} INFO - [2026-04-29T12:04:23.420+0200] {dag.py:3954} INFO - Setting next_dagrun for tutorial_taskflow_api to None, run_after=None
[2026-04-29T12:04:23.424+0200] {processor.py:183} INFO - Processing /Users/pablofrancoherrero/prueba_tecnica/venv/lib/python3.11/site-packages/airflow/example_dags/tutorial_taskflow_api.py took 0.049 seconds
[2026-04-29T12:06:14.726+0200] {processor.py:161} INFO - Started process (PID=84832) to work on /Users/pablofrancoherrero/prueba_tecnica/venv/lib/python3.11/site-packages/airflow/example_dags/tutorial_taskflow_api.py
[2026-04-29T12:06:14.728+0200] {processor.py:830} INFO - Processing file /Users/pablofrancoherrero/prueba_tecnica/venv/lib/python3.11/site-packages/airflow/example_dags/tutorial_taskflow_api.py for tasks to queue
[2026-04-29T12:06:14.728+0200] {logging_mixin.py:188} INFO - [2026-04-29T12:06:14.728+0200] {dagbag.py:540} INFO - Filling up the DagBag from /Users/pablofrancoherrero/prueba_tecnica/venv/lib/python3.11/site-packages/airflow/example_dags/tutorial_taskflow_api.py
[2026-04-29T12:06:14.740+0200] {processor.py:840} INFO - DAG(s) 'tutorial_taskflow_api' retrieved from /Users/pablofrancoherrero/prueba_tecnica/venv/lib/python3.11/site-packages/airflow/example_dags/tutorial_taskflow_api.py
[2026-04-29T12:06:14.768+0200] {logging_mixin.py:188} INFO - [2026-04-29T12:06:14.768+0200] {dag.py:3096} INFO - Sync 1 DAGs
[2026-04-29T12:06:14.771+0200] {logging_mixin.py:188} INFO - [2026-04-29T12:06:14.771+0200] {dag.py:3954} INFO - Setting next_dagrun for tutorial_taskflow_api to None, run_after=None
[2026-04-29T12:06:14.775+0200] {processor.py:183} INFO - Processing /Users/pablofrancoherrero/prueba_tecnica/venv/lib/python3.11/site-packages/airflow/example_dags/tutorial_taskflow_api.py took 0.049 seconds
[2026-04-29T12:07:15.591+0200] {processor.py:161} INFO - Started process (PID=84880) to work on /Users/pablofrancoherrero/prueba_tecnica/venv/lib/python3.11/site-packages/airflow/example_dags/tutorial_taskflow_api.py
[2026-04-29T12:07:15.592+0200] {processor.py:830} INFO - Processing file /Users/pablofrancoherrero/prueba_tecnica/venv/lib/python3.11/site-packages/airflow/example_dags/tutorial_taskflow_api.py for tasks to queue
[2026-04-29T12:07:15.592+0200] {logging_mixin.py:188} INFO - [2026-04-29T12:07:15.592+0200] {dagbag.py:540} INFO - Filling up the DagBag from /Users/pablofrancoherrero/prueba_tecnica/venv/lib/python3.11/site-packages/airflow/example_dags/tutorial_taskflow_api.py
[2026-04-29T12:07:15.603+0200] {processor.py:840} INFO - DAG(s) 'tutorial_taskflow_api' retrieved from /Users/pablofrancoherrero/prueba_tecnica/venv/lib/python3.11/site-packages/airflow/example_dags/tutorial_taskflow_api.py
[2026-04-29T12:07:15.628+0200] {logging_mixin.py:188} INFO - [2026-04-29T12:07:15.628+0200] {dag.py:3096} INFO - Sync 1 DAGs
[2026-04-29T12:07:15.630+0200] {logging_mixin.py:188} INFO - [2026-04-29T12:07:15.630+0200] {dag.py:3954} INFO - Setting next_dagrun for tutorial_taskflow_api to None, run_after=None
[2026-04-29T12:07:15.635+0200] {processor.py:183} INFO - Processing /Users/pablofrancoherrero/prueba_tecnica/venv/lib/python3.11/site-packages/airflow/example_dags/tutorial_taskflow_api.py took 0.045 seconds
[2026-04-29T12:08:01.468+0200] {processor.py:161} INFO - Started process (PID=84954) to work on /Users/pablofrancoherrero/prueba_tecnica/venv/lib/python3.11/site-packages/airflow/example_dags/tutorial_taskflow_api.py
[2026-04-29T12:08:01.469+0200] {processor.py:830} INFO - Processing file /Users/pablofrancoherrero/prueba_tecnica/venv/lib/python3.11/site-packages/airflow/example_dags/tutorial_taskflow_api.py for tasks to queue
[2026-04-29T12:08:01.469+0200] {logging_mixin.py:188} INFO - [2026-04-29T12:08:01.469+0200] {dagbag.py:540} INFO - Filling up the DagBag from /Users/pablofrancoherrero/prueba_tecnica/venv/lib/python3.11/site-packages/airflow/example_dags/tutorial_taskflow_api.py
[2026-04-29T12:08:01.480+0200] {processor.py:840} INFO - DAG(s) 'tutorial_taskflow_api' retrieved from /Users/pablofrancoherrero/prueba_tecnica/venv/lib/python3.11/site-packages/airflow/example_dags/tutorial_taskflow_api.py
[2026-04-29T12:08:01.505+0200] {logging_mixin.py:188} INFO - [2026-04-29T12:08:01.505+0200] {dag.py:3096} INFO - Sync 1 DAGs
[2026-04-29T12:08:01.507+0200] {logging_mixin.py:188} INFO - [2026-04-29T12:08:01.507+0200] {dag.py:3954} INFO - Setting next_dagrun for tutorial_taskflow_api to None, run_after=None
[2026-04-29T12:08:01.512+0200] {processor.py:183} INFO - Processing /Users/pablofrancoherrero/prueba_tecnica/venv/lib/python3.11/site-packages/airflow/example_dags/tutorial_taskflow_api.py took 0.044 seconds
[2026-04-29T12:23:42.389+0200] {processor.py:161} INFO - Started process (PID=85072) to work on /Users/pablofrancoherrero/prueba_tecnica/venv/lib/python3.11/site-packages/airflow/example_dags/tutorial_taskflow_api.py
[2026-04-29T12:23:42.390+0200] {processor.py:830} INFO - Processing file /Users/pablofrancoherrero/prueba_tecnica/venv/lib/python3.11/site-packages/airflow/example_dags/tutorial_taskflow_api.py for tasks to queue
[2026-04-29T12:23:42.390+0200] {logging_mixin.py:188} INFO - [2026-04-29T12:23:42.390+0200] {dagbag.py:540} INFO - Filling up the DagBag from /Users/pablofrancoherrero/prueba_tecnica/venv/lib/python3.11/site-packages/airflow/example_dags/tutorial_taskflow_api.py
[2026-04-29T12:23:42.401+0200] {processor.py:840} INFO - DAG(s) 'tutorial_taskflow_api' retrieved from /Users/pablofrancoherrero/prueba_tecnica/venv/lib/python3.11/site-packages/airflow/example_dags/tutorial_taskflow_api.py
[2026-04-29T12:23:42.425+0200] {logging_mixin.py:188} INFO - [2026-04-29T12:23:42.425+0200] {dag.py:3096} INFO - Sync 1 DAGs
[2026-04-29T12:23:42.428+0200] {logging_mixin.py:188} INFO - [2026-04-29T12:23:42.428+0200] {dag.py:3954} INFO - Setting next_dagrun for tutorial_taskflow_api to None, run_after=None
[2026-04-29T12:23:42.432+0200] {processor.py:183} INFO - Processing /Users/pablofrancoherrero/prueba_tecnica/venv/lib/python3.11/site-packages/airflow/example_dags/tutorial_taskflow_api.py took 0.045 seconds
[2026-04-29T12:27:14.049+0200] {processor.py:161} INFO - Started process (PID=85178) to work on /Users/pablofrancoherrero/prueba_tecnica/venv/lib/python3.11/site-packages/airflow/example_dags/tutorial_taskflow_api.py
[2026-04-29T12:27:14.050+0200] {processor.py:830} INFO - Processing file /Users/pablofrancoherrero/prueba_tecnica/venv/lib/python3.11/site-packages/airflow/example_dags/tutorial_taskflow_api.py for tasks to queue
[2026-04-29T12:27:14.050+0200] {logging_mixin.py:188} INFO - [2026-04-29T12:27:14.050+0200] {dagbag.py:540} INFO - Filling up the DagBag from /Users/pablofrancoherrero/prueba_tecnica/venv/lib/python3.11/site-packages/airflow/example_dags/tutorial_taskflow_api.py
[2026-04-29T12:27:14.065+0200] {processor.py:840} INFO - DAG(s) 'tutorial_taskflow_api' retrieved from /Users/pablofrancoherrero/prueba_tecnica/venv/lib/python3.11/site-packages/airflow/example_dags/tutorial_taskflow_api.py
[2026-04-29T12:27:14.101+0200] {logging_mixin.py:188} INFO - [2026-04-29T12:27:14.101+0200] {dag.py:3096} INFO - Sync 1 DAGs
[2026-04-29T12:27:14.104+0200] {logging_mixin.py:188} INFO - [2026-04-29T12:27:14.104+0200] {dag.py:3954} INFO - Setting next_dagrun for tutorial_taskflow_api to None, run_after=None
[2026-04-29T12:27:14.110+0200] {processor.py:183} INFO - Processing /Users/pablofrancoherrero/prueba_tecnica/venv/lib/python3.11/site-packages/airflow/example_dags/tutorial_taskflow_api.py took 0.062 seconds
[2026-04-29T12:28:01.011+0200] {processor.py:161} INFO - Started process (PID=85235) to work on /Users/pablofrancoherrero/prueba_tecnica/venv/lib/python3.11/site-packages/airflow/example_dags/tutorial_taskflow_api.py
[2026-04-29T12:28:01.012+0200] {processor.py:830} INFO - Processing file /Users/pablofrancoherrero/prueba_tecnica/venv/lib/python3.11/site-packages/airflow/example_dags/tutorial_taskflow_api.py for tasks to queue
[2026-04-29T12:28:01.012+0200] {logging_mixin.py:188} INFO - [2026-04-29T12:28:01.012+0200] {dagbag.py:540} INFO - Filling up the DagBag from /Users/pablofrancoherrero/prueba_tecnica/venv/lib/python3.11/site-packages/airflow/example_dags/tutorial_taskflow_api.py
[2026-04-29T12:28:01.025+0200] {processor.py:840} INFO - DAG(s) 'tutorial_taskflow_api' retrieved from /Users/pablofrancoherrero/prueba_tecnica/venv/lib/python3.11/site-packages/airflow/example_dags/tutorial_taskflow_api.py
[2026-04-29T12:28:01.056+0200] {logging_mixin.py:188} INFO - [2026-04-29T12:28:01.056+0200] {dag.py:3096} INFO - Sync 1 DAGs
[2026-04-29T12:28:01.058+0200] {logging_mixin.py:188} INFO - [2026-04-29T12:28:01.058+0200] {dag.py:3954} INFO - Setting next_dagrun for tutorial_taskflow_api to None, run_after=None
[2026-04-29T12:28:01.063+0200] {processor.py:183} INFO - Processing /Users/pablofrancoherrero/prueba_tecnica/venv/lib/python3.11/site-packages/airflow/example_dags/tutorial_taskflow_api.py took 0.053 seconds
[2026-04-29T12:28:40.821+0200] {processor.py:161} INFO - Started process (PID=85296) to work on /Users/pablofrancoherrero/prueba_tecnica/venv/lib/python3.11/site-packages/airflow/example_dags/tutorial_taskflow_api.py
[2026-04-29T12:28:40.822+0200] {processor.py:830} INFO - Processing file /Users/pablofrancoherrero/prueba_tecnica/venv/lib/python3.11/site-packages/airflow/example_dags/tutorial_taskflow_api.py for tasks to queue
[2026-04-29T12:28:40.823+0200] {logging_mixin.py:188} INFO - [2026-04-29T12:28:40.823+0200] {dagbag.py:540} INFO - Filling up the DagBag from /Users/pablofrancoherrero/prueba_tecnica/venv/lib/python3.11/site-packages/airflow/example_dags/tutorial_taskflow_api.py
[2026-04-29T12:28:40.834+0200] {processor.py:840} INFO - DAG(s) 'tutorial_taskflow_api' retrieved from /Users/pablofrancoherrero/prueba_tecnica/venv/lib/python3.11/site-packages/airflow/example_dags/tutorial_taskflow_api.py
[2026-04-29T12:28:40.860+0200] {logging_mixin.py:188} INFO - [2026-04-29T12:28:40.860+0200] {dag.py:3096} INFO - Sync 1 DAGs
[2026-04-29T12:28:40.863+0200] {logging_mixin.py:188} INFO - [2026-04-29T12:28:40.863+0200] {dag.py:3954} INFO - Setting next_dagrun for tutorial_taskflow_api to None, run_after=None
[2026-04-29T12:28:40.869+0200] {processor.py:183} INFO - Processing /Users/pablofrancoherrero/prueba_tecnica/venv/lib/python3.11/site-packages/airflow/example_dags/tutorial_taskflow_api.py took 0.048 seconds
[2026-04-29T12:29:21.927+0200] {processor.py:161} INFO - Started process (PID=85344) to work on /Users/pablofrancoherrero/prueba_tecnica/venv/lib/python3.11/site-packages/airflow/example_dags/tutorial_taskflow_api.py
[2026-04-29T12:29:21.928+0200] {processor.py:830} INFO - Processing file /Users/pablofrancoherrero/prueba_tecnica/venv/lib/python3.11/site-packages/airflow/example_dags/tutorial_taskflow_api.py for tasks to queue
[2026-04-29T12:29:21.929+0200] {logging_mixin.py:188} INFO - [2026-04-29T12:29:21.929+0200] {dagbag.py:540} INFO - Filling up the DagBag from /Users/pablofrancoherrero/prueba_tecnica/venv/lib/python3.11/site-packages/airflow/example_dags/tutorial_taskflow_api.py
[2026-04-29T12:29:21.940+0200] {processor.py:840} INFO - DAG(s) 'tutorial_taskflow_api' retrieved from /Users/pablofrancoherrero/prueba_tecnica/venv/lib/python3.11/site-packages/airflow/example_dags/tutorial_taskflow_api.py
[2026-04-29T12:29:21.966+0200] {logging_mixin.py:188} INFO - [2026-04-29T12:29:21.966+0200] {dag.py:3096} INFO - Sync 1 DAGs
[2026-04-29T12:29:21.968+0200] {logging_mixin.py:188} INFO - [2026-04-29T12:29:21.968+0200] {dag.py:3954} INFO - Setting next_dagrun for tutorial_taskflow_api to None, run_after=None
[2026-04-29T12:29:21.973+0200] {processor.py:183} INFO - Processing /Users/pablofrancoherrero/prueba_tecnica/venv/lib/python3.11/site-packages/airflow/example_dags/tutorial_taskflow_api.py took 0.047 seconds
[2026-04-29T12:30:03.379+0200] {processor.py:161} INFO - Started process (PID=85410) to work on /Users/pablofrancoherrero/prueba_tecnica/venv/lib/python3.11/site-packages/airflow/example_dags/tutorial_taskflow_api.py
[2026-04-29T12:30:03.380+0200] {processor.py:830} INFO - Processing file /Users/pablofrancoherrero/prueba_tecnica/venv/lib/python3.11/site-packages/airflow/example_dags/tutorial_taskflow_api.py for tasks to queue
[2026-04-29T12:30:03.380+0200] {logging_mixin.py:188} INFO - [2026-04-29T12:30:03.380+0200] {dagbag.py:540} INFO - Filling up the DagBag from /Users/pablofrancoherrero/prueba_tecnica/venv/lib/python3.11/site-packages/airflow/example_dags/tutorial_taskflow_api.py
[2026-04-29T12:30:03.393+0200] {processor.py:840} INFO - DAG(s) 'tutorial_taskflow_api' retrieved from /Users/pablofrancoherrero/prueba_tecnica/venv/lib/python3.11/site-packages/airflow/example_dags/tutorial_taskflow_api.py
[2026-04-29T12:30:03.422+0200] {logging_mixin.py:188} INFO - [2026-04-29T12:30:03.422+0200] {dag.py:3096} INFO - Sync 1 DAGs
[2026-04-29T12:30:03.425+0200] {logging_mixin.py:188} INFO - [2026-04-29T12:30:03.425+0200] {dag.py:3954} INFO - Setting next_dagrun for tutorial_taskflow_api to None, run_after=None
[2026-04-29T12:30:03.429+0200] {processor.py:183} INFO - Processing /Users/pablofrancoherrero/prueba_tecnica/venv/lib/python3.11/site-packages/airflow/example_dags/tutorial_taskflow_api.py took 0.051 seconds
[2026-04-29T12:30:43.993+0200] {processor.py:161} INFO - Started process (PID=85463) to work on /Users/pablofrancoherrero/prueba_tecnica/venv/lib/python3.11/site-packages/airflow/example_dags/tutorial_taskflow_api.py
[2026-04-29T12:30:43.994+0200] {processor.py:830} INFO - Processing file /Users/pablofrancoherrero/prueba_tecnica/venv/lib/python3.11/site-packages/airflow/example_dags/tutorial_taskflow_api.py for tasks to queue
[2026-04-29T12:30:43.994+0200] {logging_mixin.py:188} INFO - [2026-04-29T12:30:43.994+0200] {dagbag.py:540} INFO - Filling up the DagBag from /Users/pablofrancoherrero/prueba_tecnica/venv/lib/python3.11/site-packages/airflow/example_dags/tutorial_taskflow_api.py
[2026-04-29T12:30:44.005+0200] {processor.py:840} INFO - DAG(s) 'tutorial_taskflow_api' retrieved from /Users/pablofrancoherrero/prueba_tecnica/venv/lib/python3.11/site-packages/airflow/example_dags/tutorial_taskflow_api.py
[2026-04-29T12:30:44.031+0200] {logging_mixin.py:188} INFO - [2026-04-29T12:30:44.031+0200] {dag.py:3096} INFO - Sync 1 DAGs
[2026-04-29T12:30:44.034+0200] {logging_mixin.py:188} INFO - [2026-04-29T12:30:44.034+0200] {dag.py:3954} INFO - Setting next_dagrun for tutorial_taskflow_api to None, run_after=None
[2026-04-29T12:30:44.039+0200] {processor.py:183} INFO - Processing /Users/pablofrancoherrero/prueba_tecnica/venv/lib/python3.11/site-packages/airflow/example_dags/tutorial_taskflow_api.py took 0.046 seconds
[2026-04-29T12:31:25.944+0200] {processor.py:161} INFO - Started process (PID=85518) to work on /Users/pablofrancoherrero/prueba_tecnica/venv/lib/python3.11/site-packages/airflow/example_dags/tutorial_taskflow_api.py
[2026-04-29T12:31:25.944+0200] {processor.py:830} INFO - Processing file /Users/pablofrancoherrero/prueba_tecnica/venv/lib/python3.11/site-packages/airflow/example_dags/tutorial_taskflow_api.py for tasks to queue
[2026-04-29T12:31:25.944+0200] {logging_mixin.py:188} INFO - [2026-04-29T12:31:25.944+0200] {dagbag.py:540} INFO - Filling up the DagBag from /Users/pablofrancoherrero/prueba_tecnica/venv/lib/python3.11/site-packages/airflow/example_dags/tutorial_taskflow_api.py
[2026-04-29T12:31:25.958+0200] {processor.py:840} INFO - DAG(s) 'tutorial_taskflow_api' retrieved from /Users/pablofrancoherrero/prueba_tecnica/venv/lib/python3.11/site-packages/airflow/example_dags/tutorial_taskflow_api.py
[2026-04-29T12:31:25.990+0200] {logging_mixin.py:188} INFO - [2026-04-29T12:31:25.990+0200] {dag.py:3096} INFO - Sync 1 DAGs
[2026-04-29T12:31:25.993+0200] {logging_mixin.py:188} INFO - [2026-04-29T12:31:25.993+0200] {dag.py:3954} INFO - Setting next_dagrun for tutorial_taskflow_api to None, run_after=None
[2026-04-29T12:31:25.998+0200] {processor.py:183} INFO - Processing /Users/pablofrancoherrero/prueba_tecnica/venv/lib/python3.11/site-packages/airflow/example_dags/tutorial_taskflow_api.py took 0.056 seconds
[2026-04-29T12:32:06.904+0200] {processor.py:161} INFO - Started process (PID=85562) to work on /Users/pablofrancoherrero/prueba_tecnica/venv/lib/python3.11/site-packages/airflow/example_dags/tutorial_taskflow_api.py
[2026-04-29T12:32:06.904+0200] {processor.py:830} INFO - Processing file /Users/pablofrancoherrero/prueba_tecnica/venv/lib/python3.11/site-packages/airflow/example_dags/tutorial_taskflow_api.py for tasks to queue
[2026-04-29T12:32:06.905+0200] {logging_mixin.py:188} INFO - [2026-04-29T12:32:06.905+0200] {dagbag.py:540} INFO - Filling up the DagBag from /Users/pablofrancoherrero/prueba_tecnica/venv/lib/python3.11/site-packages/airflow/example_dags/tutorial_taskflow_api.py
[2026-04-29T12:32:06.917+0200] {processor.py:840} INFO - DAG(s) 'tutorial_taskflow_api' retrieved from /Users/pablofrancoherrero/prueba_tecnica/venv/lib/python3.11/site-packages/airflow/example_dags/tutorial_taskflow_api.py
[2026-04-29T12:32:06.944+0200] {logging_mixin.py:188} INFO - [2026-04-29T12:32:06.943+0200] {dag.py:3096} INFO - Sync 1 DAGs
[2026-04-29T12:32:06.946+0200] {logging_mixin.py:188} INFO - [2026-04-29T12:32:06.946+0200] {dag.py:3954} INFO - Setting next_dagrun for tutorial_taskflow_api to None, run_after=None
[2026-04-29T12:32:06.951+0200] {processor.py:183} INFO - Processing /Users/pablofrancoherrero/prueba_tecnica/venv/lib/python3.11/site-packages/airflow/example_dags/tutorial_taskflow_api.py took 0.048 seconds
[2026-04-29T12:32:49.356+0200] {processor.py:161} INFO - Started process (PID=85617) to work on /Users/pablofrancoherrero/prueba_tecnica/venv/lib/python3.11/site-packages/airflow/example_dags/tutorial_taskflow_api.py
[2026-04-29T12:32:49.357+0200] {processor.py:830} INFO - Processing file /Users/pablofrancoherrero/prueba_tecnica/venv/lib/python3.11/site-packages/airflow/example_dags/tutorial_taskflow_api.py for tasks to queue
[2026-04-29T12:32:49.357+0200] {logging_mixin.py:188} INFO - [2026-04-29T12:32:49.357+0200] {dagbag.py:540} INFO - Filling up the DagBag from /Users/pablofrancoherrero/prueba_tecnica/venv/lib/python3.11/site-packages/airflow/example_dags/tutorial_taskflow_api.py
[2026-04-29T12:32:49.371+0200] {processor.py:840} INFO - DAG(s) 'tutorial_taskflow_api' retrieved from /Users/pablofrancoherrero/prueba_tecnica/venv/lib/python3.11/site-packages/airflow/example_dags/tutorial_taskflow_api.py
[2026-04-29T12:32:49.401+0200] {logging_mixin.py:188} INFO - [2026-04-29T12:32:49.401+0200] {dag.py:3096} INFO - Sync 1 DAGs
[2026-04-29T12:32:49.404+0200] {logging_mixin.py:188} INFO - [2026-04-29T12:32:49.404+0200] {dag.py:3954} INFO - Setting next_dagrun for tutorial_taskflow_api to None, run_after=None
[2026-04-29T12:32:49.409+0200] {processor.py:183} INFO - Processing /Users/pablofrancoherrero/prueba_tecnica/venv/lib/python3.11/site-packages/airflow/example_dags/tutorial_taskflow_api.py took 0.053 seconds
[2026-04-29T12:33:30.256+0200] {processor.py:161} INFO - Started process (PID=85669) to work on /Users/pablofrancoherrero/prueba_tecnica/venv/lib/python3.11/site-packages/airflow/example_dags/tutorial_taskflow_api.py
[2026-04-29T12:33:30.256+0200] {processor.py:830} INFO - Processing file /Users/pablofrancoherrero/prueba_tecnica/venv/lib/python3.11/site-packages/airflow/example_dags/tutorial_taskflow_api.py for tasks to queue
[2026-04-29T12:33:30.257+0200] {logging_mixin.py:188} INFO - [2026-04-29T12:33:30.257+0200] {dagbag.py:540} INFO - Filling up the DagBag from /Users/pablofrancoherrero/prueba_tecnica/venv/lib/python3.11/site-packages/airflow/example_dags/tutorial_taskflow_api.py
[2026-04-29T12:33:30.268+0200] {processor.py:840} INFO - DAG(s) 'tutorial_taskflow_api' retrieved from /Users/pablofrancoherrero/prueba_tecnica/venv/lib/python3.11/site-packages/airflow/example_dags/tutorial_taskflow_api.py
[2026-04-29T12:33:30.295+0200] {logging_mixin.py:188} INFO - [2026-04-29T12:33:30.295+0200] {dag.py:3096} INFO - Sync 1 DAGs
[2026-04-29T12:33:30.298+0200] {logging_mixin.py:188} INFO - [2026-04-29T12:33:30.298+0200] {dag.py:3954} INFO - Setting next_dagrun for tutorial_taskflow_api to None, run_after=None
[2026-04-29T12:33:30.303+0200] {processor.py:183} INFO - Processing /Users/pablofrancoherrero/prueba_tecnica/venv/lib/python3.11/site-packages/airflow/example_dags/tutorial_taskflow_api.py took 0.048 seconds
[2026-04-29T12:34:12.295+0200] {processor.py:161} INFO - Started process (PID=85722) to work on /Users/pablofrancoherrero/prueba_tecnica/venv/lib/python3.11/site-packages/airflow/example_dags/tutorial_taskflow_api.py
[2026-04-29T12:34:12.295+0200] {processor.py:830} INFO - Processing file /Users/pablofrancoherrero/prueba_tecnica/venv/lib/python3.11/site-packages/airflow/example_dags/tutorial_taskflow_api.py for tasks to queue
[2026-04-29T12:34:12.295+0200] {logging_mixin.py:188} INFO - [2026-04-29T12:34:12.295+0200] {dagbag.py:540} INFO - Filling up the DagBag from /Users/pablofrancoherrero/prueba_tecnica/venv/lib/python3.11/site-packages/airflow/example_dags/tutorial_taskflow_api.py
[2026-04-29T12:34:12.308+0200] {processor.py:840} INFO - DAG(s) 'tutorial_taskflow_api' retrieved from /Users/pablofrancoherrero/prueba_tecnica/venv/lib/python3.11/site-packages/airflow/example_dags/tutorial_taskflow_api.py
[2026-04-29T12:34:12.337+0200] {logging_mixin.py:188} INFO - [2026-04-29T12:34:12.337+0200] {dag.py:3096} INFO - Sync 1 DAGs
[2026-04-29T12:34:12.343+0200] {logging_mixin.py:188} INFO - [2026-04-29T12:34:12.343+0200] {dag.py:3954} INFO - Setting next_dagrun for tutorial_taskflow_api to None, run_after=None
[2026-04-29T12:34:12.360+0200] {processor.py:183} INFO - Processing /Users/pablofrancoherrero/prueba_tecnica/venv/lib/python3.11/site-packages/airflow/example_dags/tutorial_taskflow_api.py took 0.066 seconds
[2026-04-29T12:35:31.533+0200] {processor.py:161} INFO - Started process (PID=85840) to work on /Users/pablofrancoherrero/prueba_tecnica/venv/lib/python3.11/site-packages/airflow/example_dags/tutorial_taskflow_api.py
[2026-04-29T12:35:31.533+0200] {processor.py:830} INFO - Processing file /Users/pablofrancoherrero/prueba_tecnica/venv/lib/python3.11/site-packages/airflow/example_dags/tutorial_taskflow_api.py for tasks to queue
[2026-04-29T12:35:31.533+0200] {logging_mixin.py:188} INFO - [2026-04-29T12:35:31.533+0200] {dagbag.py:540} INFO - Filling up the DagBag from /Users/pablofrancoherrero/prueba_tecnica/venv/lib/python3.11/site-packages/airflow/example_dags/tutorial_taskflow_api.py
[2026-04-29T12:35:31.544+0200] {processor.py:840} INFO - DAG(s) 'tutorial_taskflow_api' retrieved from /Users/pablofrancoherrero/prueba_tecnica/venv/lib/python3.11/site-packages/airflow/example_dags/tutorial_taskflow_api.py
[2026-04-29T12:35:31.570+0200] {logging_mixin.py:188} INFO - [2026-04-29T12:35:31.570+0200] {dag.py:3096} INFO - Sync 1 DAGs
[2026-04-29T12:35:31.572+0200] {logging_mixin.py:188} INFO - [2026-04-29T12:35:31.572+0200] {dag.py:3954} INFO - Setting next_dagrun for tutorial_taskflow_api to None, run_after=None
[2026-04-29T12:35:31.577+0200] {processor.py:183} INFO - Processing /Users/pablofrancoherrero/prueba_tecnica/venv/lib/python3.11/site-packages/airflow/example_dags/tutorial_taskflow_api.py took 0.045 seconds
[2026-04-29T12:36:13.182+0200] {processor.py:161} INFO - Started process (PID=85891) to work on /Users/pablofrancoherrero/prueba_tecnica/venv/lib/python3.11/site-packages/airflow/example_dags/tutorial_taskflow_api.py
[2026-04-29T12:36:13.183+0200] {processor.py:830} INFO - Processing file /Users/pablofrancoherrero/prueba_tecnica/venv/lib/python3.11/site-packages/airflow/example_dags/tutorial_taskflow_api.py for tasks to queue
[2026-04-29T12:36:13.183+0200] {logging_mixin.py:188} INFO - [2026-04-29T12:36:13.183+0200] {dagbag.py:540} INFO - Filling up the DagBag from /Users/pablofrancoherrero/prueba_tecnica/venv/lib/python3.11/site-packages/airflow/example_dags/tutorial_taskflow_api.py
[2026-04-29T12:36:13.195+0200] {processor.py:840} INFO - DAG(s) 'tutorial_taskflow_api' retrieved from /Users/pablofrancoherrero/prueba_tecnica/venv/lib/python3.11/site-packages/airflow/example_dags/tutorial_taskflow_api.py
[2026-04-29T12:36:13.221+0200] {logging_mixin.py:188} INFO - [2026-04-29T12:36:13.221+0200] {dag.py:3096} INFO - Sync 1 DAGs
[2026-04-29T12:36:13.224+0200] {logging_mixin.py:188} INFO - [2026-04-29T12:36:13.223+0200] {dag.py:3954} INFO - Setting next_dagrun for tutorial_taskflow_api to None, run_after=None
[2026-04-29T12:36:13.228+0200] {processor.py:183} INFO - Processing /Users/pablofrancoherrero/prueba_tecnica/venv/lib/python3.11/site-packages/airflow/example_dags/tutorial_taskflow_api.py took 0.047 seconds
[2026-04-29T12:36:53.982+0200] {processor.py:161} INFO - Started process (PID=85938) to work on /Users/pablofrancoherrero/prueba_tecnica/venv/lib/python3.11/site-packages/airflow/example_dags/tutorial_taskflow_api.py
[2026-04-29T12:36:53.983+0200] {processor.py:830} INFO - Processing file /Users/pablofrancoherrero/prueba_tecnica/venv/lib/python3.11/site-packages/airflow/example_dags/tutorial_taskflow_api.py for tasks to queue
[2026-04-29T12:36:53.983+0200] {logging_mixin.py:188} INFO - [2026-04-29T12:36:53.983+0200] {dagbag.py:540} INFO - Filling up the DagBag from /Users/pablofrancoherrero/prueba_tecnica/venv/lib/python3.11/site-packages/airflow/example_dags/tutorial_taskflow_api.py
[2026-04-29T12:36:53.994+0200] {processor.py:840} INFO - DAG(s) 'tutorial_taskflow_api' retrieved from /Users/pablofrancoherrero/prueba_tecnica/venv/lib/python3.11/site-packages/airflow/example_dags/tutorial_taskflow_api.py
[2026-04-29T12:36:54.021+0200] {logging_mixin.py:188} INFO - [2026-04-29T12:36:54.020+0200] {dag.py:3096} INFO - Sync 1 DAGs
[2026-04-29T12:36:54.023+0200] {logging_mixin.py:188} INFO - [2026-04-29T12:36:54.023+0200] {dag.py:3954} INFO - Setting next_dagrun for tutorial_taskflow_api to None, run_after=None
[2026-04-29T12:36:54.028+0200] {processor.py:183} INFO - Processing /Users/pablofrancoherrero/prueba_tecnica/venv/lib/python3.11/site-packages/airflow/example_dags/tutorial_taskflow_api.py took 0.047 seconds
[2026-04-29T12:37:34.607+0200] {processor.py:161} INFO - Started process (PID=85976) to work on /Users/pablofrancoherrero/prueba_tecnica/venv/lib/python3.11/site-packages/airflow/example_dags/tutorial_taskflow_api.py
[2026-04-29T12:37:34.608+0200] {processor.py:830} INFO - Processing file /Users/pablofrancoherrero/prueba_tecnica/venv/lib/python3.11/site-packages/airflow/example_dags/tutorial_taskflow_api.py for tasks to queue
[2026-04-29T12:37:34.608+0200] {logging_mixin.py:188} INFO - [2026-04-29T12:37:34.608+0200] {dagbag.py:540} INFO - Filling up the DagBag from /Users/pablofrancoherrero/prueba_tecnica/venv/lib/python3.11/site-packages/airflow/example_dags/tutorial_taskflow_api.py
[2026-04-29T12:37:34.620+0200] {processor.py:840} INFO - DAG(s) 'tutorial_taskflow_api' retrieved from /Users/pablofrancoherrero/prueba_tecnica/venv/lib/python3.11/site-packages/airflow/example_dags/tutorial_taskflow_api.py
[2026-04-29T12:37:34.646+0200] {logging_mixin.py:188} INFO - [2026-04-29T12:37:34.646+0200] {dag.py:3096} INFO - Sync 1 DAGs
[2026-04-29T12:37:34.649+0200] {logging_mixin.py:188} INFO - [2026-04-29T12:37:34.649+0200] {dag.py:3954} INFO - Setting next_dagrun for tutorial_taskflow_api to None, run_after=None
[2026-04-29T12:37:34.654+0200] {processor.py:183} INFO - Processing /Users/pablofrancoherrero/prueba_tecnica/venv/lib/python3.11/site-packages/airflow/example_dags/tutorial_taskflow_api.py took 0.048 seconds
[2026-04-29T12:38:53.456+0200] {processor.py:161} INFO - Started process (PID=86090) to work on /Users/pablofrancoherrero/prueba_tecnica/venv/lib/python3.11/site-packages/airflow/example_dags/tutorial_taskflow_api.py
[2026-04-29T12:38:53.457+0200] {processor.py:830} INFO - Processing file /Users/pablofrancoherrero/prueba_tecnica/venv/lib/python3.11/site-packages/airflow/example_dags/tutorial_taskflow_api.py for tasks to queue
[2026-04-29T12:38:53.457+0200] {logging_mixin.py:188} INFO - [2026-04-29T12:38:53.457+0200] {dagbag.py:540} INFO - Filling up the DagBag from /Users/pablofrancoherrero/prueba_tecnica/venv/lib/python3.11/site-packages/airflow/example_dags/tutorial_taskflow_api.py
[2026-04-29T12:38:53.470+0200] {processor.py:840} INFO - DAG(s) 'tutorial_taskflow_api' retrieved from /Users/pablofrancoherrero/prueba_tecnica/venv/lib/python3.11/site-packages/airflow/example_dags/tutorial_taskflow_api.py
[2026-04-29T12:38:53.499+0200] {logging_mixin.py:188} INFO - [2026-04-29T12:38:53.499+0200] {dag.py:3096} INFO - Sync 1 DAGs
[2026-04-29T12:38:53.501+0200] {logging_mixin.py:188} INFO - [2026-04-29T12:38:53.501+0200] {dag.py:3954} INFO - Setting next_dagrun for tutorial_taskflow_api to None, run_after=None
[2026-04-29T12:38:53.506+0200] {processor.py:183} INFO - Processing /Users/pablofrancoherrero/prueba_tecnica/venv/lib/python3.11/site-packages/airflow/example_dags/tutorial_taskflow_api.py took 0.050 seconds
[2026-04-29T12:39:35.094+0200] {processor.py:161} INFO - Started process (PID=86152) to work on /Users/pablofrancoherrero/prueba_tecnica/venv/lib/python3.11/site-packages/airflow/example_dags/tutorial_taskflow_api.py
[2026-04-29T12:39:35.095+0200] {processor.py:830} INFO - Processing file /Users/pablofrancoherrero/prueba_tecnica/venv/lib/python3.11/site-packages/airflow/example_dags/tutorial_taskflow_api.py for tasks to queue
[2026-04-29T12:39:35.095+0200] {logging_mixin.py:188} INFO - [2026-04-29T12:39:35.095+0200] {dagbag.py:540} INFO - Filling up the DagBag from /Users/pablofrancoherrero/prueba_tecnica/venv/lib/python3.11/site-packages/airflow/example_dags/tutorial_taskflow_api.py
[2026-04-29T12:39:35.106+0200] {processor.py:840} INFO - DAG(s) 'tutorial_taskflow_api' retrieved from /Users/pablofrancoherrero/prueba_tecnica/venv/lib/python3.11/site-packages/airflow/example_dags/tutorial_taskflow_api.py
[2026-04-29T12:39:35.133+0200] {logging_mixin.py:188} INFO - [2026-04-29T12:39:35.133+0200] {dag.py:3096} INFO - Sync 1 DAGs
[2026-04-29T12:39:35.135+0200] {logging_mixin.py:188} INFO - [2026-04-29T12:39:35.135+0200] {dag.py:3954} INFO - Setting next_dagrun for tutorial_taskflow_api to None, run_after=None
[2026-04-29T12:39:35.140+0200] {processor.py:183} INFO - Processing /Users/pablofrancoherrero/prueba_tecnica/venv/lib/python3.11/site-packages/airflow/example_dags/tutorial_taskflow_api.py took 0.047 seconds
[2026-04-29T12:40:16.359+0200] {processor.py:161} INFO - Started process (PID=86233) to work on /Users/pablofrancoherrero/prueba_tecnica/venv/lib/python3.11/site-packages/airflow/example_dags/tutorial_taskflow_api.py
[2026-04-29T12:40:16.360+0200] {processor.py:830} INFO - Processing file /Users/pablofrancoherrero/prueba_tecnica/venv/lib/python3.11/site-packages/airflow/example_dags/tutorial_taskflow_api.py for tasks to queue
[2026-04-29T12:40:16.360+0200] {logging_mixin.py:188} INFO - [2026-04-29T12:40:16.360+0200] {dagbag.py:540} INFO - Filling up the DagBag from /Users/pablofrancoherrero/prueba_tecnica/venv/lib/python3.11/site-packages/airflow/example_dags/tutorial_taskflow_api.py
[2026-04-29T12:40:16.372+0200] {processor.py:840} INFO - DAG(s) 'tutorial_taskflow_api' retrieved from /Users/pablofrancoherrero/prueba_tecnica/venv/lib/python3.11/site-packages/airflow/example_dags/tutorial_taskflow_api.py
[2026-04-29T12:40:16.397+0200] {logging_mixin.py:188} INFO - [2026-04-29T12:40:16.397+0200] {dag.py:3096} INFO - Sync 1 DAGs
[2026-04-29T12:40:16.399+0200] {logging_mixin.py:188} INFO - [2026-04-29T12:40:16.399+0200] {dag.py:3954} INFO - Setting next_dagrun for tutorial_taskflow_api to None, run_after=None
[2026-04-29T12:40:16.404+0200] {processor.py:183} INFO - Processing /Users/pablofrancoherrero/prueba_tecnica/venv/lib/python3.11/site-packages/airflow/example_dags/tutorial_taskflow_api.py took 0.046 seconds
[2026-04-29T12:40:56.754+0200] {processor.py:161} INFO - Started process (PID=86339) to work on /Users/pablofrancoherrero/prueba_tecnica/venv/lib/python3.11/site-packages/airflow/example_dags/tutorial_taskflow_api.py
[2026-04-29T12:40:56.755+0200] {processor.py:830} INFO - Processing file /Users/pablofrancoherrero/prueba_tecnica/venv/lib/python3.11/site-packages/airflow/example_dags/tutorial_taskflow_api.py for tasks to queue
[2026-04-29T12:40:56.755+0200] {logging_mixin.py:188} INFO - [2026-04-29T12:40:56.755+0200] {dagbag.py:540} INFO - Filling up the DagBag from /Users/pablofrancoherrero/prueba_tecnica/venv/lib/python3.11/site-packages/airflow/example_dags/tutorial_taskflow_api.py
[2026-04-29T12:40:56.766+0200] {processor.py:840} INFO - DAG(s) 'tutorial_taskflow_api' retrieved from /Users/pablofrancoherrero/prueba_tecnica/venv/lib/python3.11/site-packages/airflow/example_dags/tutorial_taskflow_api.py
[2026-04-29T12:40:56.793+0200] {logging_mixin.py:188} INFO - [2026-04-29T12:40:56.793+0200] {dag.py:3096} INFO - Sync 1 DAGs
[2026-04-29T12:40:56.796+0200] {logging_mixin.py:188} INFO - [2026-04-29T12:40:56.795+0200] {dag.py:3954} INFO - Setting next_dagrun for tutorial_taskflow_api to None, run_after=None
[2026-04-29T12:40:56.800+0200] {processor.py:183} INFO - Processing /Users/pablofrancoherrero/prueba_tecnica/venv/lib/python3.11/site-packages/airflow/example_dags/tutorial_taskflow_api.py took 0.047 seconds
[2026-04-29T12:41:36.362+0200] {processor.py:161} INFO - Started process (PID=86377) to work on /Users/pablofrancoherrero/prueba_tecnica/venv/lib/python3.11/site-packages/airflow/example_dags/tutorial_taskflow_api.py
[2026-04-29T12:41:36.362+0200] {processor.py:830} INFO - Processing file /Users/pablofrancoherrero/prueba_tecnica/venv/lib/python3.11/site-packages/airflow/example_dags/tutorial_taskflow_api.py for tasks to queue
[2026-04-29T12:41:36.362+0200] {logging_mixin.py:188} INFO - [2026-04-29T12:41:36.362+0200] {dagbag.py:540} INFO - Filling up the DagBag from /Users/pablofrancoherrero/prueba_tecnica/venv/lib/python3.11/site-packages/airflow/example_dags/tutorial_taskflow_api.py
[2026-04-29T12:41:36.374+0200] {processor.py:840} INFO - DAG(s) 'tutorial_taskflow_api' retrieved from /Users/pablofrancoherrero/prueba_tecnica/venv/lib/python3.11/site-packages/airflow/example_dags/tutorial_taskflow_api.py
[2026-04-29T12:41:36.401+0200] {logging_mixin.py:188} INFO - [2026-04-29T12:41:36.401+0200] {dag.py:3096} INFO - Sync 1 DAGs
[2026-04-29T12:41:36.404+0200] {logging_mixin.py:188} INFO - [2026-04-29T12:41:36.404+0200] {dag.py:3954} INFO - Setting next_dagrun for tutorial_taskflow_api to None, run_after=None
[2026-04-29T12:41:36.409+0200] {processor.py:183} INFO - Processing /Users/pablofrancoherrero/prueba_tecnica/venv/lib/python3.11/site-packages/airflow/example_dags/tutorial_taskflow_api.py took 0.048 seconds
[2026-04-29T12:42:17.732+0200] {processor.py:161} INFO - Started process (PID=86443) to work on /Users/pablofrancoherrero/prueba_tecnica/venv/lib/python3.11/site-packages/airflow/example_dags/tutorial_taskflow_api.py
[2026-04-29T12:42:17.733+0200] {processor.py:830} INFO - Processing file /Users/pablofrancoherrero/prueba_tecnica/venv/lib/python3.11/site-packages/airflow/example_dags/tutorial_taskflow_api.py for tasks to queue
[2026-04-29T12:42:17.733+0200] {logging_mixin.py:188} INFO - [2026-04-29T12:42:17.733+0200] {dagbag.py:540} INFO - Filling up the DagBag from /Users/pablofrancoherrero/prueba_tecnica/venv/lib/python3.11/site-packages/airflow/example_dags/tutorial_taskflow_api.py
[2026-04-29T12:42:17.748+0200] {processor.py:840} INFO - DAG(s) 'tutorial_taskflow_api' retrieved from /Users/pablofrancoherrero/prueba_tecnica/venv/lib/python3.11/site-packages/airflow/example_dags/tutorial_taskflow_api.py
[2026-04-29T12:42:17.781+0200] {logging_mixin.py:188} INFO - [2026-04-29T12:42:17.781+0200] {dag.py:3096} INFO - Sync 1 DAGs
[2026-04-29T12:42:17.784+0200] {logging_mixin.py:188} INFO - [2026-04-29T12:42:17.784+0200] {dag.py:3954} INFO - Setting next_dagrun for tutorial_taskflow_api to None, run_after=None
[2026-04-29T12:42:17.790+0200] {processor.py:183} INFO - Processing /Users/pablofrancoherrero/prueba_tecnica/venv/lib/python3.11/site-packages/airflow/example_dags/tutorial_taskflow_api.py took 0.059 seconds
[2026-04-29T12:42:59.671+0200] {processor.py:161} INFO - Started process (PID=86496) to work on /Users/pablofrancoherrero/prueba_tecnica/venv/lib/python3.11/site-packages/airflow/example_dags/tutorial_taskflow_api.py
[2026-04-29T12:42:59.672+0200] {processor.py:830} INFO - Processing file /Users/pablofrancoherrero/prueba_tecnica/venv/lib/python3.11/site-packages/airflow/example_dags/tutorial_taskflow_api.py for tasks to queue
[2026-04-29T12:42:59.673+0200] {logging_mixin.py:188} INFO - [2026-04-29T12:42:59.673+0200] {dagbag.py:540} INFO - Filling up the DagBag from /Users/pablofrancoherrero/prueba_tecnica/venv/lib/python3.11/site-packages/airflow/example_dags/tutorial_taskflow_api.py
[2026-04-29T12:42:59.685+0200] {processor.py:840} INFO - DAG(s) 'tutorial_taskflow_api' retrieved from /Users/pablofrancoherrero/prueba_tecnica/venv/lib/python3.11/site-packages/airflow/example_dags/tutorial_taskflow_api.py
[2026-04-29T12:42:59.711+0200] {logging_mixin.py:188} INFO - [2026-04-29T12:42:59.711+0200] {dag.py:3096} INFO - Sync 1 DAGs
[2026-04-29T12:42:59.714+0200] {logging_mixin.py:188} INFO - [2026-04-29T12:42:59.714+0200] {dag.py:3954} INFO - Setting next_dagrun for tutorial_taskflow_api to None, run_after=None
[2026-04-29T12:42:59.719+0200] {processor.py:183} INFO - Processing /Users/pablofrancoherrero/prueba_tecnica/venv/lib/python3.11/site-packages/airflow/example_dags/tutorial_taskflow_api.py took 0.048 seconds
[2026-04-29T12:43:39.643+0200] {processor.py:161} INFO - Started process (PID=86532) to work on /Users/pablofrancoherrero/prueba_tecnica/venv/lib/python3.11/site-packages/airflow/example_dags/tutorial_taskflow_api.py
[2026-04-29T12:43:39.643+0200] {processor.py:830} INFO - Processing file /Users/pablofrancoherrero/prueba_tecnica/venv/lib/python3.11/site-packages/airflow/example_dags/tutorial_taskflow_api.py for tasks to queue
[2026-04-29T12:43:39.643+0200] {logging_mixin.py:188} INFO - [2026-04-29T12:43:39.643+0200] {dagbag.py:540} INFO - Filling up the DagBag from /Users/pablofrancoherrero/prueba_tecnica/venv/lib/python3.11/site-packages/airflow/example_dags/tutorial_taskflow_api.py
[2026-04-29T12:43:39.655+0200] {processor.py:840} INFO - DAG(s) 'tutorial_taskflow_api' retrieved from /Users/pablofrancoherrero/prueba_tecnica/venv/lib/python3.11/site-packages/airflow/example_dags/tutorial_taskflow_api.py
[2026-04-29T12:43:39.682+0200] {logging_mixin.py:188} INFO - [2026-04-29T12:43:39.682+0200] {dag.py:3096} INFO - Sync 1 DAGs
[2026-04-29T12:43:39.685+0200] {logging_mixin.py:188} INFO - [2026-04-29T12:43:39.685+0200] {dag.py:3954} INFO - Setting next_dagrun for tutorial_taskflow_api to None, run_after=None
[2026-04-29T12:43:39.690+0200] {processor.py:183} INFO - Processing /Users/pablofrancoherrero/prueba_tecnica/venv/lib/python3.11/site-packages/airflow/example_dags/tutorial_taskflow_api.py took 0.048 seconds
[2026-04-29T12:44:19.607+0200] {processor.py:161} INFO - Started process (PID=86579) to work on /Users/pablofrancoherrero/prueba_tecnica/venv/lib/python3.11/site-packages/airflow/example_dags/tutorial_taskflow_api.py
[2026-04-29T12:44:19.607+0200] {processor.py:830} INFO - Processing file /Users/pablofrancoherrero/prueba_tecnica/venv/lib/python3.11/site-packages/airflow/example_dags/tutorial_taskflow_api.py for tasks to queue
[2026-04-29T12:44:19.607+0200] {logging_mixin.py:188} INFO - [2026-04-29T12:44:19.607+0200] {dagbag.py:540} INFO - Filling up the DagBag from /Users/pablofrancoherrero/prueba_tecnica/venv/lib/python3.11/site-packages/airflow/example_dags/tutorial_taskflow_api.py
[2026-04-29T12:44:19.621+0200] {processor.py:840} INFO - DAG(s) 'tutorial_taskflow_api' retrieved from /Users/pablofrancoherrero/prueba_tecnica/venv/lib/python3.11/site-packages/airflow/example_dags/tutorial_taskflow_api.py
[2026-04-29T12:44:19.652+0200] {logging_mixin.py:188} INFO - [2026-04-29T12:44:19.652+0200] {dag.py:3096} INFO - Sync 1 DAGs
[2026-04-29T12:44:19.655+0200] {logging_mixin.py:188} INFO - [2026-04-29T12:44:19.655+0200] {dag.py:3954} INFO - Setting next_dagrun for tutorial_taskflow_api to None, run_after=None
[2026-04-29T12:44:19.660+0200] {processor.py:183} INFO - Processing /Users/pablofrancoherrero/prueba_tecnica/venv/lib/python3.11/site-packages/airflow/example_dags/tutorial_taskflow_api.py took 0.054 seconds
[2026-04-29T12:45:00.394+0200] {processor.py:161} INFO - Started process (PID=86622) to work on /Users/pablofrancoherrero/prueba_tecnica/venv/lib/python3.11/site-packages/airflow/example_dags/tutorial_taskflow_api.py
[2026-04-29T12:45:00.395+0200] {processor.py:830} INFO - Processing file /Users/pablofrancoherrero/prueba_tecnica/venv/lib/python3.11/site-packages/airflow/example_dags/tutorial_taskflow_api.py for tasks to queue
[2026-04-29T12:45:00.395+0200] {logging_mixin.py:188} INFO - [2026-04-29T12:45:00.395+0200] {dagbag.py:540} INFO - Filling up the DagBag from /Users/pablofrancoherrero/prueba_tecnica/venv/lib/python3.11/site-packages/airflow/example_dags/tutorial_taskflow_api.py
[2026-04-29T12:45:00.408+0200] {processor.py:840} INFO - DAG(s) 'tutorial_taskflow_api' retrieved from /Users/pablofrancoherrero/prueba_tecnica/venv/lib/python3.11/site-packages/airflow/example_dags/tutorial_taskflow_api.py
[2026-04-29T12:45:00.439+0200] {logging_mixin.py:188} INFO - [2026-04-29T12:45:00.439+0200] {dag.py:3096} INFO - Sync 1 DAGs
[2026-04-29T12:45:00.442+0200] {logging_mixin.py:188} INFO - [2026-04-29T12:45:00.442+0200] {dag.py:3954} INFO - Setting next_dagrun for tutorial_taskflow_api to None, run_after=None
[2026-04-29T12:45:00.447+0200] {processor.py:183} INFO - Processing /Users/pablofrancoherrero/prueba_tecnica/venv/lib/python3.11/site-packages/airflow/example_dags/tutorial_taskflow_api.py took 0.054 seconds
[2026-04-29T12:45:42.364+0200] {processor.py:161} INFO - Started process (PID=86658) to work on /Users/pablofrancoherrero/prueba_tecnica/venv/lib/python3.11/site-packages/airflow/example_dags/tutorial_taskflow_api.py
[2026-04-29T12:45:42.365+0200] {processor.py:830} INFO - Processing file /Users/pablofrancoherrero/prueba_tecnica/venv/lib/python3.11/site-packages/airflow/example_dags/tutorial_taskflow_api.py for tasks to queue
[2026-04-29T12:45:42.365+0200] {logging_mixin.py:188} INFO - [2026-04-29T12:45:42.365+0200] {dagbag.py:540} INFO - Filling up the DagBag from /Users/pablofrancoherrero/prueba_tecnica/venv/lib/python3.11/site-packages/airflow/example_dags/tutorial_taskflow_api.py
[2026-04-29T12:45:42.376+0200] {processor.py:840} INFO - DAG(s) 'tutorial_taskflow_api' retrieved from /Users/pablofrancoherrero/prueba_tecnica/venv/lib/python3.11/site-packages/airflow/example_dags/tutorial_taskflow_api.py
[2026-04-29T12:45:42.402+0200] {logging_mixin.py:188} INFO - [2026-04-29T12:45:42.402+0200] {dag.py:3096} INFO - Sync 1 DAGs
[2026-04-29T12:45:42.405+0200] {logging_mixin.py:188} INFO - [2026-04-29T12:45:42.405+0200] {dag.py:3954} INFO - Setting next_dagrun for tutorial_taskflow_api to None, run_after=None
[2026-04-29T12:45:42.410+0200] {processor.py:183} INFO - Processing /Users/pablofrancoherrero/prueba_tecnica/venv/lib/python3.11/site-packages/airflow/example_dags/tutorial_taskflow_api.py took 0.047 seconds
[2026-04-29T12:46:24.102+0200] {processor.py:161} INFO - Started process (PID=86695) to work on /Users/pablofrancoherrero/prueba_tecnica/venv/lib/python3.11/site-packages/airflow/example_dags/tutorial_taskflow_api.py
[2026-04-29T12:46:24.103+0200] {processor.py:830} INFO - Processing file /Users/pablofrancoherrero/prueba_tecnica/venv/lib/python3.11/site-packages/airflow/example_dags/tutorial_taskflow_api.py for tasks to queue
[2026-04-29T12:46:24.103+0200] {logging_mixin.py:188} INFO - [2026-04-29T12:46:24.103+0200] {dagbag.py:540} INFO - Filling up the DagBag from /Users/pablofrancoherrero/prueba_tecnica/venv/lib/python3.11/site-packages/airflow/example_dags/tutorial_taskflow_api.py
[2026-04-29T12:46:24.116+0200] {processor.py:840} INFO - DAG(s) 'tutorial_taskflow_api' retrieved from /Users/pablofrancoherrero/prueba_tecnica/venv/lib/python3.11/site-packages/airflow/example_dags/tutorial_taskflow_api.py
[2026-04-29T12:46:24.147+0200] {logging_mixin.py:188} INFO - [2026-04-29T12:46:24.147+0200] {dag.py:3096} INFO - Sync 1 DAGs
[2026-04-29T12:46:24.150+0200] {logging_mixin.py:188} INFO - [2026-04-29T12:46:24.150+0200] {dag.py:3954} INFO - Setting next_dagrun for tutorial_taskflow_api to None, run_after=None
[2026-04-29T12:46:24.155+0200] {processor.py:183} INFO - Processing /Users/pablofrancoherrero/prueba_tecnica/venv/lib/python3.11/site-packages/airflow/example_dags/tutorial_taskflow_api.py took 0.054 seconds
[2026-04-29T12:47:05.428+0200] {processor.py:161} INFO - Started process (PID=86747) to work on /Users/pablofrancoherrero/prueba_tecnica/venv/lib/python3.11/site-packages/airflow/example_dags/tutorial_taskflow_api.py
[2026-04-29T12:47:05.429+0200] {processor.py:830} INFO - Processing file /Users/pablofrancoherrero/prueba_tecnica/venv/lib/python3.11/site-packages/airflow/example_dags/tutorial_taskflow_api.py for tasks to queue
[2026-04-29T12:47:05.429+0200] {logging_mixin.py:188} INFO - [2026-04-29T12:47:05.429+0200] {dagbag.py:540} INFO - Filling up the DagBag from /Users/pablofrancoherrero/prueba_tecnica/venv/lib/python3.11/site-packages/airflow/example_dags/tutorial_taskflow_api.py
[2026-04-29T12:47:05.441+0200] {processor.py:840} INFO - DAG(s) 'tutorial_taskflow_api' retrieved from /Users/pablofrancoherrero/prueba_tecnica/venv/lib/python3.11/site-packages/airflow/example_dags/tutorial_taskflow_api.py
[2026-04-29T12:47:05.467+0200] {logging_mixin.py:188} INFO - [2026-04-29T12:47:05.467+0200] {dag.py:3096} INFO - Sync 1 DAGs
[2026-04-29T12:47:05.470+0200] {logging_mixin.py:188} INFO - [2026-04-29T12:47:05.470+0200] {dag.py:3954} INFO - Setting next_dagrun for tutorial_taskflow_api to None, run_after=None
[2026-04-29T12:47:05.475+0200] {processor.py:183} INFO - Processing /Users/pablofrancoherrero/prueba_tecnica/venv/lib/python3.11/site-packages/airflow/example_dags/tutorial_taskflow_api.py took 0.047 seconds
[2026-04-29T12:47:45.251+0200] {processor.py:161} INFO - Started process (PID=86786) to work on /Users/pablofrancoherrero/prueba_tecnica/venv/lib/python3.11/site-packages/airflow/example_dags/tutorial_taskflow_api.py
[2026-04-29T12:47:45.251+0200] {processor.py:830} INFO - Processing file /Users/pablofrancoherrero/prueba_tecnica/venv/lib/python3.11/site-packages/airflow/example_dags/tutorial_taskflow_api.py for tasks to queue
[2026-04-29T12:47:45.251+0200] {logging_mixin.py:188} INFO - [2026-04-29T12:47:45.251+0200] {dagbag.py:540} INFO - Filling up the DagBag from /Users/pablofrancoherrero/prueba_tecnica/venv/lib/python3.11/site-packages/airflow/example_dags/tutorial_taskflow_api.py
[2026-04-29T12:47:45.265+0200] {processor.py:840} INFO - DAG(s) 'tutorial_taskflow_api' retrieved from /Users/pablofrancoherrero/prueba_tecnica/venv/lib/python3.11/site-packages/airflow/example_dags/tutorial_taskflow_api.py
[2026-04-29T12:47:45.295+0200] {logging_mixin.py:188} INFO - [2026-04-29T12:47:45.295+0200] {dag.py:3096} INFO - Sync 1 DAGs
[2026-04-29T12:47:45.298+0200] {logging_mixin.py:188} INFO - [2026-04-29T12:47:45.298+0200] {dag.py:3954} INFO - Setting next_dagrun for tutorial_taskflow_api to None, run_after=None
[2026-04-29T12:47:45.306+0200] {processor.py:183} INFO - Processing /Users/pablofrancoherrero/prueba_tecnica/venv/lib/python3.11/site-packages/airflow/example_dags/tutorial_taskflow_api.py took 0.056 seconds
[2026-04-29T12:48:30.466+0200] {processor.py:161} INFO - Started process (PID=86856) to work on /Users/pablofrancoherrero/prueba_tecnica/venv/lib/python3.11/site-packages/airflow/example_dags/tutorial_taskflow_api.py
[2026-04-29T12:48:30.467+0200] {processor.py:830} INFO - Processing file /Users/pablofrancoherrero/prueba_tecnica/venv/lib/python3.11/site-packages/airflow/example_dags/tutorial_taskflow_api.py for tasks to queue
[2026-04-29T12:48:30.467+0200] {logging_mixin.py:188} INFO - [2026-04-29T12:48:30.467+0200] {dagbag.py:540} INFO - Filling up the DagBag from /Users/pablofrancoherrero/prueba_tecnica/venv/lib/python3.11/site-packages/airflow/example_dags/tutorial_taskflow_api.py
[2026-04-29T12:48:30.481+0200] {processor.py:840} INFO - DAG(s) 'tutorial_taskflow_api' retrieved from /Users/pablofrancoherrero/prueba_tecnica/venv/lib/python3.11/site-packages/airflow/example_dags/tutorial_taskflow_api.py
[2026-04-29T12:48:30.510+0200] {logging_mixin.py:188} INFO - [2026-04-29T12:48:30.510+0200] {dag.py:3096} INFO - Sync 1 DAGs
[2026-04-29T12:48:30.513+0200] {logging_mixin.py:188} INFO - [2026-04-29T12:48:30.513+0200] {dag.py:3954} INFO - Setting next_dagrun for tutorial_taskflow_api to None, run_after=None
[2026-04-29T12:48:30.517+0200] {processor.py:183} INFO - Processing /Users/pablofrancoherrero/prueba_tecnica/venv/lib/python3.11/site-packages/airflow/example_dags/tutorial_taskflow_api.py took 0.052 seconds
[2026-04-29T12:49:16.733+0200] {processor.py:161} INFO - Started process (PID=86915) to work on /Users/pablofrancoherrero/prueba_tecnica/venv/lib/python3.11/site-packages/airflow/example_dags/tutorial_taskflow_api.py
[2026-04-29T12:49:16.733+0200] {processor.py:830} INFO - Processing file /Users/pablofrancoherrero/prueba_tecnica/venv/lib/python3.11/site-packages/airflow/example_dags/tutorial_taskflow_api.py for tasks to queue
[2026-04-29T12:49:16.733+0200] {logging_mixin.py:188} INFO - [2026-04-29T12:49:16.733+0200] {dagbag.py:540} INFO - Filling up the DagBag from /Users/pablofrancoherrero/prueba_tecnica/venv/lib/python3.11/site-packages/airflow/example_dags/tutorial_taskflow_api.py
[2026-04-29T12:49:16.744+0200] {processor.py:840} INFO - DAG(s) 'tutorial_taskflow_api' retrieved from /Users/pablofrancoherrero/prueba_tecnica/venv/lib/python3.11/site-packages/airflow/example_dags/tutorial_taskflow_api.py
[2026-04-29T12:49:16.770+0200] {logging_mixin.py:188} INFO - [2026-04-29T12:49:16.770+0200] {dag.py:3096} INFO - Sync 1 DAGs
[2026-04-29T12:49:16.773+0200] {logging_mixin.py:188} INFO - [2026-04-29T12:49:16.773+0200] {dag.py:3954} INFO - Setting next_dagrun for tutorial_taskflow_api to None, run_after=None
[2026-04-29T12:49:16.778+0200] {processor.py:183} INFO - Processing /Users/pablofrancoherrero/prueba_tecnica/venv/lib/python3.11/site-packages/airflow/example_dags/tutorial_taskflow_api.py took 0.046 seconds
[2026-04-29T12:49:58.606+0200] {processor.py:161} INFO - Started process (PID=86970) to work on /Users/pablofrancoherrero/prueba_tecnica/venv/lib/python3.11/site-packages/airflow/example_dags/tutorial_taskflow_api.py
[2026-04-29T12:49:58.607+0200] {processor.py:830} INFO - Processing file /Users/pablofrancoherrero/prueba_tecnica/venv/lib/python3.11/site-packages/airflow/example_dags/tutorial_taskflow_api.py for tasks to queue
[2026-04-29T12:49:58.607+0200] {logging_mixin.py:188} INFO - [2026-04-29T12:49:58.607+0200] {dagbag.py:540} INFO - Filling up the DagBag from /Users/pablofrancoherrero/prueba_tecnica/venv/lib/python3.11/site-packages/airflow/example_dags/tutorial_taskflow_api.py
[2026-04-29T12:49:58.618+0200] {processor.py:840} INFO - DAG(s) 'tutorial_taskflow_api' retrieved from /Users/pablofrancoherrero/prueba_tecnica/venv/lib/python3.11/site-packages/airflow/example_dags/tutorial_taskflow_api.py
[2026-04-29T12:49:58.644+0200] {logging_mixin.py:188} INFO - [2026-04-29T12:49:58.644+0200] {dag.py:3096} INFO - Sync 1 DAGs
[2026-04-29T12:49:58.647+0200] {logging_mixin.py:188} INFO - [2026-04-29T12:49:58.647+0200] {dag.py:3954} INFO - Setting next_dagrun for tutorial_taskflow_api to None, run_after=None
[2026-04-29T12:49:58.652+0200] {processor.py:183} INFO - Processing /Users/pablofrancoherrero/prueba_tecnica/venv/lib/python3.11/site-packages/airflow/example_dags/tutorial_taskflow_api.py took 0.047 seconds
[2026-04-29T12:50:42.654+0200] {processor.py:161} INFO - Started process (PID=87030) to work on /Users/pablofrancoherrero/prueba_tecnica/venv/lib/python3.11/site-packages/airflow/example_dags/tutorial_taskflow_api.py
[2026-04-29T12:50:42.655+0200] {processor.py:830} INFO - Processing file /Users/pablofrancoherrero/prueba_tecnica/venv/lib/python3.11/site-packages/airflow/example_dags/tutorial_taskflow_api.py for tasks to queue
[2026-04-29T12:50:42.655+0200] {logging_mixin.py:188} INFO - [2026-04-29T12:50:42.655+0200] {dagbag.py:540} INFO - Filling up the DagBag from /Users/pablofrancoherrero/prueba_tecnica/venv/lib/python3.11/site-packages/airflow/example_dags/tutorial_taskflow_api.py
[2026-04-29T12:50:42.667+0200] {processor.py:840} INFO - DAG(s) 'tutorial_taskflow_api' retrieved from /Users/pablofrancoherrero/prueba_tecnica/venv/lib/python3.11/site-packages/airflow/example_dags/tutorial_taskflow_api.py
[2026-04-29T12:50:42.695+0200] {logging_mixin.py:188} INFO - [2026-04-29T12:50:42.695+0200] {dag.py:3096} INFO - Sync 1 DAGs
[2026-04-29T12:50:42.697+0200] {logging_mixin.py:188} INFO - [2026-04-29T12:50:42.697+0200] {dag.py:3954} INFO - Setting next_dagrun for tutorial_taskflow_api to None, run_after=None
[2026-04-29T12:50:42.702+0200] {processor.py:183} INFO - Processing /Users/pablofrancoherrero/prueba_tecnica/venv/lib/python3.11/site-packages/airflow/example_dags/tutorial_taskflow_api.py took 0.049 seconds
[2026-04-29T12:51:25.504+0200] {processor.py:161} INFO - Started process (PID=87073) to work on /Users/pablofrancoherrero/prueba_tecnica/venv/lib/python3.11/site-packages/airflow/example_dags/tutorial_taskflow_api.py
[2026-04-29T12:51:25.505+0200] {processor.py:830} INFO - Processing file /Users/pablofrancoherrero/prueba_tecnica/venv/lib/python3.11/site-packages/airflow/example_dags/tutorial_taskflow_api.py for tasks to queue
[2026-04-29T12:51:25.505+0200] {logging_mixin.py:188} INFO - [2026-04-29T12:51:25.505+0200] {dagbag.py:540} INFO - Filling up the DagBag from /Users/pablofrancoherrero/prueba_tecnica/venv/lib/python3.11/site-packages/airflow/example_dags/tutorial_taskflow_api.py
[2026-04-29T12:51:25.518+0200] {processor.py:840} INFO - DAG(s) 'tutorial_taskflow_api' retrieved from /Users/pablofrancoherrero/prueba_tecnica/venv/lib/python3.11/site-packages/airflow/example_dags/tutorial_taskflow_api.py
[2026-04-29T12:51:25.549+0200] {logging_mixin.py:188} INFO - [2026-04-29T12:51:25.549+0200] {dag.py:3096} INFO - Sync 1 DAGs
[2026-04-29T12:51:25.551+0200] {logging_mixin.py:188} INFO - [2026-04-29T12:51:25.551+0200] {dag.py:3954} INFO - Setting next_dagrun for tutorial_taskflow_api to None, run_after=None
[2026-04-29T12:51:25.556+0200] {processor.py:183} INFO - Processing /Users/pablofrancoherrero/prueba_tecnica/venv/lib/python3.11/site-packages/airflow/example_dags/tutorial_taskflow_api.py took 0.054 seconds
[2026-04-29T12:52:07.017+0200] {processor.py:161} INFO - Started process (PID=87122) to work on /Users/pablofrancoherrero/prueba_tecnica/venv/lib/python3.11/site-packages/airflow/example_dags/tutorial_taskflow_api.py
[2026-04-29T12:52:07.018+0200] {processor.py:830} INFO - Processing file /Users/pablofrancoherrero/prueba_tecnica/venv/lib/python3.11/site-packages/airflow/example_dags/tutorial_taskflow_api.py for tasks to queue
[2026-04-29T12:52:07.018+0200] {logging_mixin.py:188} INFO - [2026-04-29T12:52:07.018+0200] {dagbag.py:540} INFO - Filling up the DagBag from /Users/pablofrancoherrero/prueba_tecnica/venv/lib/python3.11/site-packages/airflow/example_dags/tutorial_taskflow_api.py
[2026-04-29T12:52:07.030+0200] {processor.py:840} INFO - DAG(s) 'tutorial_taskflow_api' retrieved from /Users/pablofrancoherrero/prueba_tecnica/venv/lib/python3.11/site-packages/airflow/example_dags/tutorial_taskflow_api.py
[2026-04-29T12:52:07.060+0200] {logging_mixin.py:188} INFO - [2026-04-29T12:52:07.060+0200] {dag.py:3096} INFO - Sync 1 DAGs
[2026-04-29T12:52:07.063+0200] {logging_mixin.py:188} INFO - [2026-04-29T12:52:07.063+0200] {dag.py:3954} INFO - Setting next_dagrun for tutorial_taskflow_api to None, run_after=None
[2026-04-29T12:52:07.068+0200] {processor.py:183} INFO - Processing /Users/pablofrancoherrero/prueba_tecnica/venv/lib/python3.11/site-packages/airflow/example_dags/tutorial_taskflow_api.py took 0.052 seconds
[2026-04-29T12:52:51.148+0200] {processor.py:161} INFO - Started process (PID=87175) to work on /Users/pablofrancoherrero/prueba_tecnica/venv/lib/python3.11/site-packages/airflow/example_dags/tutorial_taskflow_api.py
[2026-04-29T12:52:51.148+0200] {processor.py:830} INFO - Processing file /Users/pablofrancoherrero/prueba_tecnica/venv/lib/python3.11/site-packages/airflow/example_dags/tutorial_taskflow_api.py for tasks to queue
[2026-04-29T12:52:51.148+0200] {logging_mixin.py:188} INFO - [2026-04-29T12:52:51.148+0200] {dagbag.py:540} INFO - Filling up the DagBag from /Users/pablofrancoherrero/prueba_tecnica/venv/lib/python3.11/site-packages/airflow/example_dags/tutorial_taskflow_api.py
[2026-04-29T12:52:51.161+0200] {processor.py:840} INFO - DAG(s) 'tutorial_taskflow_api' retrieved from /Users/pablofrancoherrero/prueba_tecnica/venv/lib/python3.11/site-packages/airflow/example_dags/tutorial_taskflow_api.py
[2026-04-29T12:52:51.188+0200] {logging_mixin.py:188} INFO - [2026-04-29T12:52:51.188+0200] {dag.py:3096} INFO - Sync 1 DAGs
[2026-04-29T12:52:51.191+0200] {logging_mixin.py:188} INFO - [2026-04-29T12:52:51.191+0200] {dag.py:3954} INFO - Setting next_dagrun for tutorial_taskflow_api to None, run_after=None
[2026-04-29T12:52:51.196+0200] {processor.py:183} INFO - Processing /Users/pablofrancoherrero/prueba_tecnica/venv/lib/python3.11/site-packages/airflow/example_dags/tutorial_taskflow_api.py took 0.049 seconds
[2026-04-29T12:53:35.374+0200] {processor.py:161} INFO - Started process (PID=87227) to work on /Users/pablofrancoherrero/prueba_tecnica/venv/lib/python3.11/site-packages/airflow/example_dags/tutorial_taskflow_api.py
[2026-04-29T12:53:35.375+0200] {processor.py:830} INFO - Processing file /Users/pablofrancoherrero/prueba_tecnica/venv/lib/python3.11/site-packages/airflow/example_dags/tutorial_taskflow_api.py for tasks to queue
[2026-04-29T12:53:35.375+0200] {logging_mixin.py:188} INFO - [2026-04-29T12:53:35.375+0200] {dagbag.py:540} INFO - Filling up the DagBag from /Users/pablofrancoherrero/prueba_tecnica/venv/lib/python3.11/site-packages/airflow/example_dags/tutorial_taskflow_api.py
[2026-04-29T12:53:35.387+0200] {processor.py:840} INFO - DAG(s) 'tutorial_taskflow_api' retrieved from /Users/pablofrancoherrero/prueba_tecnica/venv/lib/python3.11/site-packages/airflow/example_dags/tutorial_taskflow_api.py
[2026-04-29T12:53:35.413+0200] {logging_mixin.py:188} INFO - [2026-04-29T12:53:35.412+0200] {dag.py:3096} INFO - Sync 1 DAGs
[2026-04-29T12:53:35.415+0200] {logging_mixin.py:188} INFO - [2026-04-29T12:53:35.415+0200] {dag.py:3954} INFO - Setting next_dagrun for tutorial_taskflow_api to None, run_after=None
[2026-04-29T12:53:35.420+0200] {processor.py:183} INFO - Processing /Users/pablofrancoherrero/prueba_tecnica/venv/lib/python3.11/site-packages/airflow/example_dags/tutorial_taskflow_api.py took 0.047 seconds
[2026-04-29T12:54:17.862+0200] {processor.py:161} INFO - Started process (PID=87272) to work on /Users/pablofrancoherrero/prueba_tecnica/venv/lib/python3.11/site-packages/airflow/example_dags/tutorial_taskflow_api.py
[2026-04-29T12:54:17.863+0200] {processor.py:830} INFO - Processing file /Users/pablofrancoherrero/prueba_tecnica/venv/lib/python3.11/site-packages/airflow/example_dags/tutorial_taskflow_api.py for tasks to queue
[2026-04-29T12:54:17.863+0200] {logging_mixin.py:188} INFO - [2026-04-29T12:54:17.863+0200] {dagbag.py:540} INFO - Filling up the DagBag from /Users/pablofrancoherrero/prueba_tecnica/venv/lib/python3.11/site-packages/airflow/example_dags/tutorial_taskflow_api.py
[2026-04-29T12:54:17.885+0200] {processor.py:840} INFO - DAG(s) 'tutorial_taskflow_api' retrieved from /Users/pablofrancoherrero/prueba_tecnica/venv/lib/python3.11/site-packages/airflow/example_dags/tutorial_taskflow_api.py
[2026-04-29T12:54:17.916+0200] {logging_mixin.py:188} INFO - [2026-04-29T12:54:17.915+0200] {dag.py:3096} INFO - Sync 1 DAGs
[2026-04-29T12:54:17.918+0200] {logging_mixin.py:188} INFO - [2026-04-29T12:54:17.918+0200] {dag.py:3954} INFO - Setting next_dagrun for tutorial_taskflow_api to None, run_after=None
[2026-04-29T12:54:17.923+0200] {processor.py:183} INFO - Processing /Users/pablofrancoherrero/prueba_tecnica/venv/lib/python3.11/site-packages/airflow/example_dags/tutorial_taskflow_api.py took 0.063 seconds
[2026-04-29T12:54:59.840+0200] {processor.py:161} INFO - Started process (PID=87326) to work on /Users/pablofrancoherrero/prueba_tecnica/venv/lib/python3.11/site-packages/airflow/example_dags/tutorial_taskflow_api.py
[2026-04-29T12:54:59.841+0200] {processor.py:830} INFO - Processing file /Users/pablofrancoherrero/prueba_tecnica/venv/lib/python3.11/site-packages/airflow/example_dags/tutorial_taskflow_api.py for tasks to queue
[2026-04-29T12:54:59.841+0200] {logging_mixin.py:188} INFO - [2026-04-29T12:54:59.841+0200] {dagbag.py:540} INFO - Filling up the DagBag from /Users/pablofrancoherrero/prueba_tecnica/venv/lib/python3.11/site-packages/airflow/example_dags/tutorial_taskflow_api.py
[2026-04-29T12:54:59.852+0200] {processor.py:840} INFO - DAG(s) 'tutorial_taskflow_api' retrieved from /Users/pablofrancoherrero/prueba_tecnica/venv/lib/python3.11/site-packages/airflow/example_dags/tutorial_taskflow_api.py
[2026-04-29T12:54:59.878+0200] {logging_mixin.py:188} INFO - [2026-04-29T12:54:59.878+0200] {dag.py:3096} INFO - Sync 1 DAGs
[2026-04-29T12:54:59.880+0200] {logging_mixin.py:188} INFO - [2026-04-29T12:54:59.880+0200] {dag.py:3954} INFO - Setting next_dagrun for tutorial_taskflow_api to None, run_after=None
[2026-04-29T12:54:59.885+0200] {processor.py:183} INFO - Processing /Users/pablofrancoherrero/prueba_tecnica/venv/lib/python3.11/site-packages/airflow/example_dags/tutorial_taskflow_api.py took 0.046 seconds
[2026-04-29T12:55:43.661+0200] {processor.py:161} INFO - Started process (PID=87404) to work on /Users/pablofrancoherrero/prueba_tecnica/venv/lib/python3.11/site-packages/airflow/example_dags/tutorial_taskflow_api.py
[2026-04-29T12:55:43.662+0200] {processor.py:830} INFO - Processing file /Users/pablofrancoherrero/prueba_tecnica/venv/lib/python3.11/site-packages/airflow/example_dags/tutorial_taskflow_api.py for tasks to queue
[2026-04-29T12:55:43.662+0200] {logging_mixin.py:188} INFO - [2026-04-29T12:55:43.662+0200] {dagbag.py:540} INFO - Filling up the DagBag from /Users/pablofrancoherrero/prueba_tecnica/venv/lib/python3.11/site-packages/airflow/example_dags/tutorial_taskflow_api.py
[2026-04-29T12:55:43.675+0200] {processor.py:840} INFO - DAG(s) 'tutorial_taskflow_api' retrieved from /Users/pablofrancoherrero/prueba_tecnica/venv/lib/python3.11/site-packages/airflow/example_dags/tutorial_taskflow_api.py
[2026-04-29T12:55:43.708+0200] {logging_mixin.py:188} INFO - [2026-04-29T12:55:43.708+0200] {dag.py:3096} INFO - Sync 1 DAGs
[2026-04-29T12:55:43.712+0200] {logging_mixin.py:188} INFO - [2026-04-29T12:55:43.712+0200] {dag.py:3954} INFO - Setting next_dagrun for tutorial_taskflow_api to None, run_after=None
[2026-04-29T12:55:43.719+0200] {processor.py:183} INFO - Processing /Users/pablofrancoherrero/prueba_tecnica/venv/lib/python3.11/site-packages/airflow/example_dags/tutorial_taskflow_api.py took 0.058 seconds
[2026-04-29T12:56:26.468+0200] {processor.py:161} INFO - Started process (PID=87463) to work on /Users/pablofrancoherrero/prueba_tecnica/venv/lib/python3.11/site-packages/airflow/example_dags/tutorial_taskflow_api.py
[2026-04-29T12:56:26.469+0200] {processor.py:830} INFO - Processing file /Users/pablofrancoherrero/prueba_tecnica/venv/lib/python3.11/site-packages/airflow/example_dags/tutorial_taskflow_api.py for tasks to queue
[2026-04-29T12:56:26.470+0200] {logging_mixin.py:188} INFO - [2026-04-29T12:56:26.470+0200] {dagbag.py:540} INFO - Filling up the DagBag from /Users/pablofrancoherrero/prueba_tecnica/venv/lib/python3.11/site-packages/airflow/example_dags/tutorial_taskflow_api.py
[2026-04-29T12:56:26.482+0200] {processor.py:840} INFO - DAG(s) 'tutorial_taskflow_api' retrieved from /Users/pablofrancoherrero/prueba_tecnica/venv/lib/python3.11/site-packages/airflow/example_dags/tutorial_taskflow_api.py
[2026-04-29T12:56:26.511+0200] {logging_mixin.py:188} INFO - [2026-04-29T12:56:26.511+0200] {dag.py:3096} INFO - Sync 1 DAGs
[2026-04-29T12:56:26.514+0200] {logging_mixin.py:188} INFO - [2026-04-29T12:56:26.514+0200] {dag.py:3954} INFO - Setting next_dagrun for tutorial_taskflow_api to None, run_after=None
[2026-04-29T12:56:26.518+0200] {processor.py:183} INFO - Processing /Users/pablofrancoherrero/prueba_tecnica/venv/lib/python3.11/site-packages/airflow/example_dags/tutorial_taskflow_api.py took 0.051 seconds
[2026-04-29T12:57:08.606+0200] {processor.py:161} INFO - Started process (PID=87517) to work on /Users/pablofrancoherrero/prueba_tecnica/venv/lib/python3.11/site-packages/airflow/example_dags/tutorial_taskflow_api.py
[2026-04-29T12:57:08.606+0200] {processor.py:830} INFO - Processing file /Users/pablofrancoherrero/prueba_tecnica/venv/lib/python3.11/site-packages/airflow/example_dags/tutorial_taskflow_api.py for tasks to queue
[2026-04-29T12:57:08.607+0200] {logging_mixin.py:188} INFO - [2026-04-29T12:57:08.607+0200] {dagbag.py:540} INFO - Filling up the DagBag from /Users/pablofrancoherrero/prueba_tecnica/venv/lib/python3.11/site-packages/airflow/example_dags/tutorial_taskflow_api.py
[2026-04-29T12:57:08.618+0200] {processor.py:840} INFO - DAG(s) 'tutorial_taskflow_api' retrieved from /Users/pablofrancoherrero/prueba_tecnica/venv/lib/python3.11/site-packages/airflow/example_dags/tutorial_taskflow_api.py
[2026-04-29T12:57:08.645+0200] {logging_mixin.py:188} INFO - [2026-04-29T12:57:08.645+0200] {dag.py:3096} INFO - Sync 1 DAGs
[2026-04-29T12:57:08.648+0200] {logging_mixin.py:188} INFO - [2026-04-29T12:57:08.648+0200] {dag.py:3954} INFO - Setting next_dagrun for tutorial_taskflow_api to None, run_after=None
[2026-04-29T12:57:08.653+0200] {processor.py:183} INFO - Processing /Users/pablofrancoherrero/prueba_tecnica/venv/lib/python3.11/site-packages/airflow/example_dags/tutorial_taskflow_api.py took 0.048 seconds
[2026-04-29T12:57:50.689+0200] {processor.py:161} INFO - Started process (PID=87562) to work on /Users/pablofrancoherrero/prueba_tecnica/venv/lib/python3.11/site-packages/airflow/example_dags/tutorial_taskflow_api.py
[2026-04-29T12:57:50.690+0200] {processor.py:830} INFO - Processing file /Users/pablofrancoherrero/prueba_tecnica/venv/lib/python3.11/site-packages/airflow/example_dags/tutorial_taskflow_api.py for tasks to queue
[2026-04-29T12:57:50.690+0200] {logging_mixin.py:188} INFO - [2026-04-29T12:57:50.690+0200] {dagbag.py:540} INFO - Filling up the DagBag from /Users/pablofrancoherrero/prueba_tecnica/venv/lib/python3.11/site-packages/airflow/example_dags/tutorial_taskflow_api.py
[2026-04-29T12:57:50.715+0200] {processor.py:840} INFO - DAG(s) 'tutorial_taskflow_api' retrieved from /Users/pablofrancoherrero/prueba_tecnica/venv/lib/python3.11/site-packages/airflow/example_dags/tutorial_taskflow_api.py
[2026-04-29T12:57:50.748+0200] {logging_mixin.py:188} INFO - [2026-04-29T12:57:50.748+0200] {dag.py:3096} INFO - Sync 1 DAGs
[2026-04-29T12:57:50.751+0200] {logging_mixin.py:188} INFO - [2026-04-29T12:57:50.751+0200] {dag.py:3954} INFO - Setting next_dagrun for tutorial_taskflow_api to None, run_after=None
[2026-04-29T12:57:50.756+0200] {processor.py:183} INFO - Processing /Users/pablofrancoherrero/prueba_tecnica/venv/lib/python3.11/site-packages/airflow/example_dags/tutorial_taskflow_api.py took 0.068 seconds
[2026-04-29T12:58:33.714+0200] {processor.py:161} INFO - Started process (PID=87613) to work on /Users/pablofrancoherrero/prueba_tecnica/venv/lib/python3.11/site-packages/airflow/example_dags/tutorial_taskflow_api.py
[2026-04-29T12:58:33.715+0200] {processor.py:830} INFO - Processing file /Users/pablofrancoherrero/prueba_tecnica/venv/lib/python3.11/site-packages/airflow/example_dags/tutorial_taskflow_api.py for tasks to queue
[2026-04-29T12:58:33.715+0200] {logging_mixin.py:188} INFO - [2026-04-29T12:58:33.715+0200] {dagbag.py:540} INFO - Filling up the DagBag from /Users/pablofrancoherrero/prueba_tecnica/venv/lib/python3.11/site-packages/airflow/example_dags/tutorial_taskflow_api.py
[2026-04-29T12:58:33.727+0200] {processor.py:840} INFO - DAG(s) 'tutorial_taskflow_api' retrieved from /Users/pablofrancoherrero/prueba_tecnica/venv/lib/python3.11/site-packages/airflow/example_dags/tutorial_taskflow_api.py
[2026-04-29T12:58:33.757+0200] {logging_mixin.py:188} INFO - [2026-04-29T12:58:33.757+0200] {dag.py:3096} INFO - Sync 1 DAGs
[2026-04-29T12:58:33.760+0200] {logging_mixin.py:188} INFO - [2026-04-29T12:58:33.760+0200] {dag.py:3954} INFO - Setting next_dagrun for tutorial_taskflow_api to None, run_after=None
[2026-04-29T12:58:33.766+0200] {processor.py:183} INFO - Processing /Users/pablofrancoherrero/prueba_tecnica/venv/lib/python3.11/site-packages/airflow/example_dags/tutorial_taskflow_api.py took 0.052 seconds
[2026-04-29T12:59:15.312+0200] {processor.py:161} INFO - Started process (PID=87656) to work on /Users/pablofrancoherrero/prueba_tecnica/venv/lib/python3.11/site-packages/airflow/example_dags/tutorial_taskflow_api.py
[2026-04-29T12:59:15.312+0200] {processor.py:830} INFO - Processing file /Users/pablofrancoherrero/prueba_tecnica/venv/lib/python3.11/site-packages/airflow/example_dags/tutorial_taskflow_api.py for tasks to queue
[2026-04-29T12:59:15.313+0200] {logging_mixin.py:188} INFO - [2026-04-29T12:59:15.313+0200] {dagbag.py:540} INFO - Filling up the DagBag from /Users/pablofrancoherrero/prueba_tecnica/venv/lib/python3.11/site-packages/airflow/example_dags/tutorial_taskflow_api.py
[2026-04-29T12:59:15.326+0200] {processor.py:840} INFO - DAG(s) 'tutorial_taskflow_api' retrieved from /Users/pablofrancoherrero/prueba_tecnica/venv/lib/python3.11/site-packages/airflow/example_dags/tutorial_taskflow_api.py
[2026-04-29T12:59:15.356+0200] {logging_mixin.py:188} INFO - [2026-04-29T12:59:15.356+0200] {dag.py:3096} INFO - Sync 1 DAGs
[2026-04-29T12:59:15.359+0200] {logging_mixin.py:188} INFO - [2026-04-29T12:59:15.359+0200] {dag.py:3954} INFO - Setting next_dagrun for tutorial_taskflow_api to None, run_after=None
[2026-04-29T12:59:15.364+0200] {processor.py:183} INFO - Processing /Users/pablofrancoherrero/prueba_tecnica/venv/lib/python3.11/site-packages/airflow/example_dags/tutorial_taskflow_api.py took 0.053 seconds
[2026-04-29T12:59:58.269+0200] {processor.py:161} INFO - Started process (PID=87692) to work on /Users/pablofrancoherrero/prueba_tecnica/venv/lib/python3.11/site-packages/airflow/example_dags/tutorial_taskflow_api.py
[2026-04-29T12:59:58.269+0200] {processor.py:830} INFO - Processing file /Users/pablofrancoherrero/prueba_tecnica/venv/lib/python3.11/site-packages/airflow/example_dags/tutorial_taskflow_api.py for tasks to queue
[2026-04-29T12:59:58.270+0200] {logging_mixin.py:188} INFO - [2026-04-29T12:59:58.269+0200] {dagbag.py:540} INFO - Filling up the DagBag from /Users/pablofrancoherrero/prueba_tecnica/venv/lib/python3.11/site-packages/airflow/example_dags/tutorial_taskflow_api.py
[2026-04-29T12:59:58.283+0200] {processor.py:840} INFO - DAG(s) 'tutorial_taskflow_api' retrieved from /Users/pablofrancoherrero/prueba_tecnica/venv/lib/python3.11/site-packages/airflow/example_dags/tutorial_taskflow_api.py
[2026-04-29T12:59:58.314+0200] {logging_mixin.py:188} INFO - [2026-04-29T12:59:58.314+0200] {dag.py:3096} INFO - Sync 1 DAGs
[2026-04-29T12:59:58.317+0200] {logging_mixin.py:188} INFO - [2026-04-29T12:59:58.317+0200] {dag.py:3954} INFO - Setting next_dagrun for tutorial_taskflow_api to None, run_after=None
[2026-04-29T12:59:58.322+0200] {processor.py:183} INFO - Processing /Users/pablofrancoherrero/prueba_tecnica/venv/lib/python3.11/site-packages/airflow/example_dags/tutorial_taskflow_api.py took 0.055 seconds
[2026-04-29T13:00:40.256+0200] {processor.py:161} INFO - Started process (PID=87748) to work on /Users/pablofrancoherrero/prueba_tecnica/venv/lib/python3.11/site-packages/airflow/example_dags/tutorial_taskflow_api.py
[2026-04-29T13:00:40.257+0200] {processor.py:830} INFO - Processing file /Users/pablofrancoherrero/prueba_tecnica/venv/lib/python3.11/site-packages/airflow/example_dags/tutorial_taskflow_api.py for tasks to queue
[2026-04-29T13:00:40.257+0200] {logging_mixin.py:188} INFO - [2026-04-29T13:00:40.257+0200] {dagbag.py:540} INFO - Filling up the DagBag from /Users/pablofrancoherrero/prueba_tecnica/venv/lib/python3.11/site-packages/airflow/example_dags/tutorial_taskflow_api.py
[2026-04-29T13:00:40.271+0200] {processor.py:840} INFO - DAG(s) 'tutorial_taskflow_api' retrieved from /Users/pablofrancoherrero/prueba_tecnica/venv/lib/python3.11/site-packages/airflow/example_dags/tutorial_taskflow_api.py
[2026-04-29T13:00:40.300+0200] {logging_mixin.py:188} INFO - [2026-04-29T13:00:40.300+0200] {dag.py:3096} INFO - Sync 1 DAGs
[2026-04-29T13:00:40.302+0200] {logging_mixin.py:188} INFO - [2026-04-29T13:00:40.302+0200] {dag.py:3954} INFO - Setting next_dagrun for tutorial_taskflow_api to None, run_after=None
[2026-04-29T13:00:40.307+0200] {processor.py:183} INFO - Processing /Users/pablofrancoherrero/prueba_tecnica/venv/lib/python3.11/site-packages/airflow/example_dags/tutorial_taskflow_api.py took 0.052 seconds
[2026-04-29T13:01:22.038+0200] {processor.py:161} INFO - Started process (PID=87808) to work on /Users/pablofrancoherrero/prueba_tecnica/venv/lib/python3.11/site-packages/airflow/example_dags/tutorial_taskflow_api.py
[2026-04-29T13:01:22.039+0200] {processor.py:830} INFO - Processing file /Users/pablofrancoherrero/prueba_tecnica/venv/lib/python3.11/site-packages/airflow/example_dags/tutorial_taskflow_api.py for tasks to queue
[2026-04-29T13:01:22.040+0200] {logging_mixin.py:188} INFO - [2026-04-29T13:01:22.039+0200] {dagbag.py:540} INFO - Filling up the DagBag from /Users/pablofrancoherrero/prueba_tecnica/venv/lib/python3.11/site-packages/airflow/example_dags/tutorial_taskflow_api.py
[2026-04-29T13:01:22.051+0200] {processor.py:840} INFO - DAG(s) 'tutorial_taskflow_api' retrieved from /Users/pablofrancoherrero/prueba_tecnica/venv/lib/python3.11/site-packages/airflow/example_dags/tutorial_taskflow_api.py
[2026-04-29T13:01:22.077+0200] {logging_mixin.py:188} INFO - [2026-04-29T13:01:22.077+0200] {dag.py:3096} INFO - Sync 1 DAGs
[2026-04-29T13:01:22.080+0200] {logging_mixin.py:188} INFO - [2026-04-29T13:01:22.080+0200] {dag.py:3954} INFO - Setting next_dagrun for tutorial_taskflow_api to None, run_after=None
[2026-04-29T13:01:22.085+0200] {processor.py:183} INFO - Processing /Users/pablofrancoherrero/prueba_tecnica/venv/lib/python3.11/site-packages/airflow/example_dags/tutorial_taskflow_api.py took 0.048 seconds
[2026-04-29T13:02:02.311+0200] {processor.py:161} INFO - Started process (PID=87870) to work on /Users/pablofrancoherrero/prueba_tecnica/venv/lib/python3.11/site-packages/airflow/example_dags/tutorial_taskflow_api.py
[2026-04-29T13:02:02.312+0200] {processor.py:830} INFO - Processing file /Users/pablofrancoherrero/prueba_tecnica/venv/lib/python3.11/site-packages/airflow/example_dags/tutorial_taskflow_api.py for tasks to queue
[2026-04-29T13:02:02.312+0200] {logging_mixin.py:188} INFO - [2026-04-29T13:02:02.312+0200] {dagbag.py:540} INFO - Filling up the DagBag from /Users/pablofrancoherrero/prueba_tecnica/venv/lib/python3.11/site-packages/airflow/example_dags/tutorial_taskflow_api.py
[2026-04-29T13:02:02.325+0200] {processor.py:840} INFO - DAG(s) 'tutorial_taskflow_api' retrieved from /Users/pablofrancoherrero/prueba_tecnica/venv/lib/python3.11/site-packages/airflow/example_dags/tutorial_taskflow_api.py
[2026-04-29T13:02:02.354+0200] {logging_mixin.py:188} INFO - [2026-04-29T13:02:02.354+0200] {dag.py:3096} INFO - Sync 1 DAGs
[2026-04-29T13:02:02.357+0200] {logging_mixin.py:188} INFO - [2026-04-29T13:02:02.357+0200] {dag.py:3954} INFO - Setting next_dagrun for tutorial_taskflow_api to None, run_after=None
[2026-04-29T13:02:02.362+0200] {processor.py:183} INFO - Processing /Users/pablofrancoherrero/prueba_tecnica/venv/lib/python3.11/site-packages/airflow/example_dags/tutorial_taskflow_api.py took 0.052 seconds
[2026-04-29T13:02:42.955+0200] {processor.py:161} INFO - Started process (PID=87920) to work on /Users/pablofrancoherrero/prueba_tecnica/venv/lib/python3.11/site-packages/airflow/example_dags/tutorial_taskflow_api.py
[2026-04-29T13:02:42.956+0200] {processor.py:830} INFO - Processing file /Users/pablofrancoherrero/prueba_tecnica/venv/lib/python3.11/site-packages/airflow/example_dags/tutorial_taskflow_api.py for tasks to queue
[2026-04-29T13:02:42.956+0200] {logging_mixin.py:188} INFO - [2026-04-29T13:02:42.956+0200] {dagbag.py:540} INFO - Filling up the DagBag from /Users/pablofrancoherrero/prueba_tecnica/venv/lib/python3.11/site-packages/airflow/example_dags/tutorial_taskflow_api.py
[2026-04-29T13:02:42.969+0200] {processor.py:840} INFO - DAG(s) 'tutorial_taskflow_api' retrieved from /Users/pablofrancoherrero/prueba_tecnica/venv/lib/python3.11/site-packages/airflow/example_dags/tutorial_taskflow_api.py
[2026-04-29T13:02:42.999+0200] {logging_mixin.py:188} INFO - [2026-04-29T13:02:42.999+0200] {dag.py:3096} INFO - Sync 1 DAGs
[2026-04-29T13:02:43.002+0200] {logging_mixin.py:188} INFO - [2026-04-29T13:02:43.002+0200] {dag.py:3954} INFO - Setting next_dagrun for tutorial_taskflow_api to None, run_after=None
[2026-04-29T13:02:43.007+0200] {processor.py:183} INFO - Processing /Users/pablofrancoherrero/prueba_tecnica/venv/lib/python3.11/site-packages/airflow/example_dags/tutorial_taskflow_api.py took 0.052 seconds
[2026-04-29T13:03:27.050+0200] {processor.py:161} INFO - Started process (PID=87992) to work on /Users/pablofrancoherrero/prueba_tecnica/venv/lib/python3.11/site-packages/airflow/example_dags/tutorial_taskflow_api.py
[2026-04-29T13:03:27.050+0200] {processor.py:830} INFO - Processing file /Users/pablofrancoherrero/prueba_tecnica/venv/lib/python3.11/site-packages/airflow/example_dags/tutorial_taskflow_api.py for tasks to queue
[2026-04-29T13:03:27.051+0200] {logging_mixin.py:188} INFO - [2026-04-29T13:03:27.051+0200] {dagbag.py:540} INFO - Filling up the DagBag from /Users/pablofrancoherrero/prueba_tecnica/venv/lib/python3.11/site-packages/airflow/example_dags/tutorial_taskflow_api.py
[2026-04-29T13:03:27.067+0200] {processor.py:840} INFO - DAG(s) 'tutorial_taskflow_api' retrieved from /Users/pablofrancoherrero/prueba_tecnica/venv/lib/python3.11/site-packages/airflow/example_dags/tutorial_taskflow_api.py
[2026-04-29T13:03:27.099+0200] {logging_mixin.py:188} INFO - [2026-04-29T13:03:27.099+0200] {dag.py:3096} INFO - Sync 1 DAGs
[2026-04-29T13:03:27.104+0200] {logging_mixin.py:188} INFO - [2026-04-29T13:03:27.104+0200] {dag.py:3954} INFO - Setting next_dagrun for tutorial_taskflow_api to None, run_after=None
[2026-04-29T13:03:27.109+0200] {processor.py:183} INFO - Processing /Users/pablofrancoherrero/prueba_tecnica/venv/lib/python3.11/site-packages/airflow/example_dags/tutorial_taskflow_api.py took 0.061 seconds
[2026-04-29T13:04:09.127+0200] {processor.py:161} INFO - Started process (PID=88048) to work on /Users/pablofrancoherrero/prueba_tecnica/venv/lib/python3.11/site-packages/airflow/example_dags/tutorial_taskflow_api.py
[2026-04-29T13:04:09.128+0200] {processor.py:830} INFO - Processing file /Users/pablofrancoherrero/prueba_tecnica/venv/lib/python3.11/site-packages/airflow/example_dags/tutorial_taskflow_api.py for tasks to queue
[2026-04-29T13:04:09.128+0200] {logging_mixin.py:188} INFO - [2026-04-29T13:04:09.128+0200] {dagbag.py:540} INFO - Filling up the DagBag from /Users/pablofrancoherrero/prueba_tecnica/venv/lib/python3.11/site-packages/airflow/example_dags/tutorial_taskflow_api.py
[2026-04-29T13:04:09.141+0200] {processor.py:840} INFO - DAG(s) 'tutorial_taskflow_api' retrieved from /Users/pablofrancoherrero/prueba_tecnica/venv/lib/python3.11/site-packages/airflow/example_dags/tutorial_taskflow_api.py
[2026-04-29T13:04:09.170+0200] {logging_mixin.py:188} INFO - [2026-04-29T13:04:09.170+0200] {dag.py:3096} INFO - Sync 1 DAGs
[2026-04-29T13:04:09.173+0200] {logging_mixin.py:188} INFO - [2026-04-29T13:04:09.173+0200] {dag.py:3954} INFO - Setting next_dagrun for tutorial_taskflow_api to None, run_after=None
[2026-04-29T13:04:09.178+0200] {processor.py:183} INFO - Processing /Users/pablofrancoherrero/prueba_tecnica/venv/lib/python3.11/site-packages/airflow/example_dags/tutorial_taskflow_api.py took 0.052 seconds
[2026-04-29T13:04:52.459+0200] {processor.py:161} INFO - Started process (PID=88098) to work on /Users/pablofrancoherrero/prueba_tecnica/venv/lib/python3.11/site-packages/airflow/example_dags/tutorial_taskflow_api.py
[2026-04-29T13:04:52.459+0200] {processor.py:830} INFO - Processing file /Users/pablofrancoherrero/prueba_tecnica/venv/lib/python3.11/site-packages/airflow/example_dags/tutorial_taskflow_api.py for tasks to queue
[2026-04-29T13:04:52.460+0200] {logging_mixin.py:188} INFO - [2026-04-29T13:04:52.460+0200] {dagbag.py:540} INFO - Filling up the DagBag from /Users/pablofrancoherrero/prueba_tecnica/venv/lib/python3.11/site-packages/airflow/example_dags/tutorial_taskflow_api.py
[2026-04-29T13:04:52.471+0200] {processor.py:840} INFO - DAG(s) 'tutorial_taskflow_api' retrieved from /Users/pablofrancoherrero/prueba_tecnica/venv/lib/python3.11/site-packages/airflow/example_dags/tutorial_taskflow_api.py
[2026-04-29T13:04:52.499+0200] {logging_mixin.py:188} INFO - [2026-04-29T13:04:52.499+0200] {dag.py:3096} INFO - Sync 1 DAGs
[2026-04-29T13:04:52.502+0200] {logging_mixin.py:188} INFO - [2026-04-29T13:04:52.502+0200] {dag.py:3954} INFO - Setting next_dagrun for tutorial_taskflow_api to None, run_after=None
[2026-04-29T13:04:52.507+0200] {processor.py:183} INFO - Processing /Users/pablofrancoherrero/prueba_tecnica/venv/lib/python3.11/site-packages/airflow/example_dags/tutorial_taskflow_api.py took 0.049 seconds
[2026-04-29T13:05:35.412+0200] {processor.py:161} INFO - Started process (PID=88163) to work on /Users/pablofrancoherrero/prueba_tecnica/venv/lib/python3.11/site-packages/airflow/example_dags/tutorial_taskflow_api.py
[2026-04-29T13:05:35.412+0200] {processor.py:830} INFO - Processing file /Users/pablofrancoherrero/prueba_tecnica/venv/lib/python3.11/site-packages/airflow/example_dags/tutorial_taskflow_api.py for tasks to queue
[2026-04-29T13:05:35.413+0200] {logging_mixin.py:188} INFO - [2026-04-29T13:05:35.413+0200] {dagbag.py:540} INFO - Filling up the DagBag from /Users/pablofrancoherrero/prueba_tecnica/venv/lib/python3.11/site-packages/airflow/example_dags/tutorial_taskflow_api.py
[2026-04-29T13:05:35.426+0200] {processor.py:840} INFO - DAG(s) 'tutorial_taskflow_api' retrieved from /Users/pablofrancoherrero/prueba_tecnica/venv/lib/python3.11/site-packages/airflow/example_dags/tutorial_taskflow_api.py
[2026-04-29T13:05:35.456+0200] {logging_mixin.py:188} INFO - [2026-04-29T13:05:35.456+0200] {dag.py:3096} INFO - Sync 1 DAGs
[2026-04-29T13:05:35.458+0200] {logging_mixin.py:188} INFO - [2026-04-29T13:05:35.458+0200] {dag.py:3954} INFO - Setting next_dagrun for tutorial_taskflow_api to None, run_after=None
[2026-04-29T13:05:35.463+0200] {processor.py:183} INFO - Processing /Users/pablofrancoherrero/prueba_tecnica/venv/lib/python3.11/site-packages/airflow/example_dags/tutorial_taskflow_api.py took 0.052 seconds
[2026-04-29T13:06:18.444+0200] {processor.py:161} INFO - Started process (PID=88214) to work on /Users/pablofrancoherrero/prueba_tecnica/venv/lib/python3.11/site-packages/airflow/example_dags/tutorial_taskflow_api.py
[2026-04-29T13:06:18.444+0200] {processor.py:830} INFO - Processing file /Users/pablofrancoherrero/prueba_tecnica/venv/lib/python3.11/site-packages/airflow/example_dags/tutorial_taskflow_api.py for tasks to queue
[2026-04-29T13:06:18.445+0200] {logging_mixin.py:188} INFO - [2026-04-29T13:06:18.445+0200] {dagbag.py:540} INFO - Filling up the DagBag from /Users/pablofrancoherrero/prueba_tecnica/venv/lib/python3.11/site-packages/airflow/example_dags/tutorial_taskflow_api.py
[2026-04-29T13:06:18.456+0200] {processor.py:840} INFO - DAG(s) 'tutorial_taskflow_api' retrieved from /Users/pablofrancoherrero/prueba_tecnica/venv/lib/python3.11/site-packages/airflow/example_dags/tutorial_taskflow_api.py
[2026-04-29T13:06:18.482+0200] {logging_mixin.py:188} INFO - [2026-04-29T13:06:18.481+0200] {dag.py:3096} INFO - Sync 1 DAGs
[2026-04-29T13:06:18.484+0200] {logging_mixin.py:188} INFO - [2026-04-29T13:06:18.484+0200] {dag.py:3954} INFO - Setting next_dagrun for tutorial_taskflow_api to None, run_after=None
[2026-04-29T13:06:18.489+0200] {processor.py:183} INFO - Processing /Users/pablofrancoherrero/prueba_tecnica/venv/lib/python3.11/site-packages/airflow/example_dags/tutorial_taskflow_api.py took 0.046 seconds
[2026-04-29T13:07:00.520+0200] {processor.py:161} INFO - Started process (PID=88258) to work on /Users/pablofrancoherrero/prueba_tecnica/venv/lib/python3.11/site-packages/airflow/example_dags/tutorial_taskflow_api.py
[2026-04-29T13:07:00.521+0200] {processor.py:830} INFO - Processing file /Users/pablofrancoherrero/prueba_tecnica/venv/lib/python3.11/site-packages/airflow/example_dags/tutorial_taskflow_api.py for tasks to queue
[2026-04-29T13:07:00.521+0200] {logging_mixin.py:188} INFO - [2026-04-29T13:07:00.521+0200] {dagbag.py:540} INFO - Filling up the DagBag from /Users/pablofrancoherrero/prueba_tecnica/venv/lib/python3.11/site-packages/airflow/example_dags/tutorial_taskflow_api.py
[2026-04-29T13:07:00.532+0200] {processor.py:840} INFO - DAG(s) 'tutorial_taskflow_api' retrieved from /Users/pablofrancoherrero/prueba_tecnica/venv/lib/python3.11/site-packages/airflow/example_dags/tutorial_taskflow_api.py
[2026-04-29T13:07:00.557+0200] {logging_mixin.py:188} INFO - [2026-04-29T13:07:00.557+0200] {dag.py:3096} INFO - Sync 1 DAGs
[2026-04-29T13:07:00.559+0200] {logging_mixin.py:188} INFO - [2026-04-29T13:07:00.559+0200] {dag.py:3954} INFO - Setting next_dagrun for tutorial_taskflow_api to None, run_after=None
[2026-04-29T13:07:00.564+0200] {processor.py:183} INFO - Processing /Users/pablofrancoherrero/prueba_tecnica/venv/lib/python3.11/site-packages/airflow/example_dags/tutorial_taskflow_api.py took 0.045 seconds
[2026-04-29T13:07:41.534+0200] {processor.py:161} INFO - Started process (PID=88315) to work on /Users/pablofrancoherrero/prueba_tecnica/venv/lib/python3.11/site-packages/airflow/example_dags/tutorial_taskflow_api.py
[2026-04-29T13:07:41.535+0200] {processor.py:830} INFO - Processing file /Users/pablofrancoherrero/prueba_tecnica/venv/lib/python3.11/site-packages/airflow/example_dags/tutorial_taskflow_api.py for tasks to queue
[2026-04-29T13:07:41.535+0200] {logging_mixin.py:188} INFO - [2026-04-29T13:07:41.535+0200] {dagbag.py:540} INFO - Filling up the DagBag from /Users/pablofrancoherrero/prueba_tecnica/venv/lib/python3.11/site-packages/airflow/example_dags/tutorial_taskflow_api.py
[2026-04-29T13:07:41.546+0200] {processor.py:840} INFO - DAG(s) 'tutorial_taskflow_api' retrieved from /Users/pablofrancoherrero/prueba_tecnica/venv/lib/python3.11/site-packages/airflow/example_dags/tutorial_taskflow_api.py
[2026-04-29T13:07:41.573+0200] {logging_mixin.py:188} INFO - [2026-04-29T13:07:41.573+0200] {dag.py:3096} INFO - Sync 1 DAGs
[2026-04-29T13:07:41.575+0200] {logging_mixin.py:188} INFO - [2026-04-29T13:07:41.575+0200] {dag.py:3954} INFO - Setting next_dagrun for tutorial_taskflow_api to None, run_after=None
[2026-04-29T13:07:41.580+0200] {processor.py:183} INFO - Processing /Users/pablofrancoherrero/prueba_tecnica/venv/lib/python3.11/site-packages/airflow/example_dags/tutorial_taskflow_api.py took 0.047 seconds
[2026-04-29T13:08:26.693+0200] {processor.py:161} INFO - Started process (PID=88367) to work on /Users/pablofrancoherrero/prueba_tecnica/venv/lib/python3.11/site-packages/airflow/example_dags/tutorial_taskflow_api.py
[2026-04-29T13:08:26.694+0200] {processor.py:830} INFO - Processing file /Users/pablofrancoherrero/prueba_tecnica/venv/lib/python3.11/site-packages/airflow/example_dags/tutorial_taskflow_api.py for tasks to queue
[2026-04-29T13:08:26.694+0200] {logging_mixin.py:188} INFO - [2026-04-29T13:08:26.694+0200] {dagbag.py:540} INFO - Filling up the DagBag from /Users/pablofrancoherrero/prueba_tecnica/venv/lib/python3.11/site-packages/airflow/example_dags/tutorial_taskflow_api.py
[2026-04-29T13:08:26.705+0200] {processor.py:840} INFO - DAG(s) 'tutorial_taskflow_api' retrieved from /Users/pablofrancoherrero/prueba_tecnica/venv/lib/python3.11/site-packages/airflow/example_dags/tutorial_taskflow_api.py
[2026-04-29T13:08:26.731+0200] {logging_mixin.py:188} INFO - [2026-04-29T13:08:26.731+0200] {dag.py:3096} INFO - Sync 1 DAGs
[2026-04-29T13:08:26.734+0200] {logging_mixin.py:188} INFO - [2026-04-29T13:08:26.734+0200] {dag.py:3954} INFO - Setting next_dagrun for tutorial_taskflow_api to None, run_after=None
[2026-04-29T13:08:26.739+0200] {processor.py:183} INFO - Processing /Users/pablofrancoherrero/prueba_tecnica/venv/lib/python3.11/site-packages/airflow/example_dags/tutorial_taskflow_api.py took 0.046 seconds
[2026-04-29T13:09:10.611+0200] {processor.py:161} INFO - Started process (PID=88417) to work on /Users/pablofrancoherrero/prueba_tecnica/venv/lib/python3.11/site-packages/airflow/example_dags/tutorial_taskflow_api.py
[2026-04-29T13:09:10.612+0200] {processor.py:830} INFO - Processing file /Users/pablofrancoherrero/prueba_tecnica/venv/lib/python3.11/site-packages/airflow/example_dags/tutorial_taskflow_api.py for tasks to queue
[2026-04-29T13:09:10.612+0200] {logging_mixin.py:188} INFO - [2026-04-29T13:09:10.612+0200] {dagbag.py:540} INFO - Filling up the DagBag from /Users/pablofrancoherrero/prueba_tecnica/venv/lib/python3.11/site-packages/airflow/example_dags/tutorial_taskflow_api.py
[2026-04-29T13:09:10.623+0200] {processor.py:840} INFO - DAG(s) 'tutorial_taskflow_api' retrieved from /Users/pablofrancoherrero/prueba_tecnica/venv/lib/python3.11/site-packages/airflow/example_dags/tutorial_taskflow_api.py
[2026-04-29T13:09:10.649+0200] {logging_mixin.py:188} INFO - [2026-04-29T13:09:10.649+0200] {dag.py:3096} INFO - Sync 1 DAGs
[2026-04-29T13:09:10.652+0200] {logging_mixin.py:188} INFO - [2026-04-29T13:09:10.652+0200] {dag.py:3954} INFO - Setting next_dagrun for tutorial_taskflow_api to None, run_after=None
[2026-04-29T13:09:10.657+0200] {processor.py:183} INFO - Processing /Users/pablofrancoherrero/prueba_tecnica/venv/lib/python3.11/site-packages/airflow/example_dags/tutorial_taskflow_api.py took 0.046 seconds
[2026-04-29T13:09:53.416+0200] {processor.py:161} INFO - Started process (PID=88454) to work on /Users/pablofrancoherrero/prueba_tecnica/venv/lib/python3.11/site-packages/airflow/example_dags/tutorial_taskflow_api.py
[2026-04-29T13:09:53.416+0200] {processor.py:830} INFO - Processing file /Users/pablofrancoherrero/prueba_tecnica/venv/lib/python3.11/site-packages/airflow/example_dags/tutorial_taskflow_api.py for tasks to queue
[2026-04-29T13:09:53.417+0200] {logging_mixin.py:188} INFO - [2026-04-29T13:09:53.417+0200] {dagbag.py:540} INFO - Filling up the DagBag from /Users/pablofrancoherrero/prueba_tecnica/venv/lib/python3.11/site-packages/airflow/example_dags/tutorial_taskflow_api.py
[2026-04-29T13:09:53.429+0200] {processor.py:840} INFO - DAG(s) 'tutorial_taskflow_api' retrieved from /Users/pablofrancoherrero/prueba_tecnica/venv/lib/python3.11/site-packages/airflow/example_dags/tutorial_taskflow_api.py
[2026-04-29T13:09:53.459+0200] {logging_mixin.py:188} INFO - [2026-04-29T13:09:53.459+0200] {dag.py:3096} INFO - Sync 1 DAGs
[2026-04-29T13:09:53.461+0200] {logging_mixin.py:188} INFO - [2026-04-29T13:09:53.461+0200] {dag.py:3954} INFO - Setting next_dagrun for tutorial_taskflow_api to None, run_after=None
[2026-04-29T13:09:53.466+0200] {processor.py:183} INFO - Processing /Users/pablofrancoherrero/prueba_tecnica/venv/lib/python3.11/site-packages/airflow/example_dags/tutorial_taskflow_api.py took 0.051 seconds
[2026-04-29T13:10:35.419+0200] {processor.py:161} INFO - Started process (PID=88516) to work on /Users/pablofrancoherrero/prueba_tecnica/venv/lib/python3.11/site-packages/airflow/example_dags/tutorial_taskflow_api.py
[2026-04-29T13:10:35.419+0200] {processor.py:830} INFO - Processing file /Users/pablofrancoherrero/prueba_tecnica/venv/lib/python3.11/site-packages/airflow/example_dags/tutorial_taskflow_api.py for tasks to queue
[2026-04-29T13:10:35.420+0200] {logging_mixin.py:188} INFO - [2026-04-29T13:10:35.420+0200] {dagbag.py:540} INFO - Filling up the DagBag from /Users/pablofrancoherrero/prueba_tecnica/venv/lib/python3.11/site-packages/airflow/example_dags/tutorial_taskflow_api.py
[2026-04-29T13:10:35.433+0200] {processor.py:840} INFO - DAG(s) 'tutorial_taskflow_api' retrieved from /Users/pablofrancoherrero/prueba_tecnica/venv/lib/python3.11/site-packages/airflow/example_dags/tutorial_taskflow_api.py
[2026-04-29T13:10:35.460+0200] {logging_mixin.py:188} INFO - [2026-04-29T13:10:35.460+0200] {dag.py:3096} INFO - Sync 1 DAGs
[2026-04-29T13:10:35.463+0200] {logging_mixin.py:188} INFO - [2026-04-29T13:10:35.463+0200] {dag.py:3954} INFO - Setting next_dagrun for tutorial_taskflow_api to None, run_after=None
[2026-04-29T13:10:35.468+0200] {processor.py:183} INFO - Processing /Users/pablofrancoherrero/prueba_tecnica/venv/lib/python3.11/site-packages/airflow/example_dags/tutorial_taskflow_api.py took 0.050 seconds
[2026-04-29T13:11:17.579+0200] {processor.py:161} INFO - Started process (PID=88559) to work on /Users/pablofrancoherrero/prueba_tecnica/venv/lib/python3.11/site-packages/airflow/example_dags/tutorial_taskflow_api.py
[2026-04-29T13:11:17.580+0200] {processor.py:830} INFO - Processing file /Users/pablofrancoherrero/prueba_tecnica/venv/lib/python3.11/site-packages/airflow/example_dags/tutorial_taskflow_api.py for tasks to queue
[2026-04-29T13:11:17.580+0200] {logging_mixin.py:188} INFO - [2026-04-29T13:11:17.580+0200] {dagbag.py:540} INFO - Filling up the DagBag from /Users/pablofrancoherrero/prueba_tecnica/venv/lib/python3.11/site-packages/airflow/example_dags/tutorial_taskflow_api.py
[2026-04-29T13:11:17.592+0200] {processor.py:840} INFO - DAG(s) 'tutorial_taskflow_api' retrieved from /Users/pablofrancoherrero/prueba_tecnica/venv/lib/python3.11/site-packages/airflow/example_dags/tutorial_taskflow_api.py
[2026-04-29T13:11:17.618+0200] {logging_mixin.py:188} INFO - [2026-04-29T13:11:17.618+0200] {dag.py:3096} INFO - Sync 1 DAGs
[2026-04-29T13:11:17.621+0200] {logging_mixin.py:188} INFO - [2026-04-29T13:11:17.621+0200] {dag.py:3954} INFO - Setting next_dagrun for tutorial_taskflow_api to None, run_after=None
[2026-04-29T13:11:17.626+0200] {processor.py:183} INFO - Processing /Users/pablofrancoherrero/prueba_tecnica/venv/lib/python3.11/site-packages/airflow/example_dags/tutorial_taskflow_api.py took 0.047 seconds
[2026-04-29T13:12:00.612+0200] {processor.py:161} INFO - Started process (PID=88609) to work on /Users/pablofrancoherrero/prueba_tecnica/venv/lib/python3.11/site-packages/airflow/example_dags/tutorial_taskflow_api.py
[2026-04-29T13:12:00.612+0200] {processor.py:830} INFO - Processing file /Users/pablofrancoherrero/prueba_tecnica/venv/lib/python3.11/site-packages/airflow/example_dags/tutorial_taskflow_api.py for tasks to queue
[2026-04-29T13:12:00.612+0200] {logging_mixin.py:188} INFO - [2026-04-29T13:12:00.612+0200] {dagbag.py:540} INFO - Filling up the DagBag from /Users/pablofrancoherrero/prueba_tecnica/venv/lib/python3.11/site-packages/airflow/example_dags/tutorial_taskflow_api.py
[2026-04-29T13:12:00.625+0200] {processor.py:840} INFO - DAG(s) 'tutorial_taskflow_api' retrieved from /Users/pablofrancoherrero/prueba_tecnica/venv/lib/python3.11/site-packages/airflow/example_dags/tutorial_taskflow_api.py
[2026-04-29T13:12:00.654+0200] {logging_mixin.py:188} INFO - [2026-04-29T13:12:00.654+0200] {dag.py:3096} INFO - Sync 1 DAGs
[2026-04-29T13:12:00.656+0200] {logging_mixin.py:188} INFO - [2026-04-29T13:12:00.656+0200] {dag.py:3954} INFO - Setting next_dagrun for tutorial_taskflow_api to None, run_after=None
[2026-04-29T13:12:00.661+0200] {processor.py:183} INFO - Processing /Users/pablofrancoherrero/prueba_tecnica/venv/lib/python3.11/site-packages/airflow/example_dags/tutorial_taskflow_api.py took 0.050 seconds
[2026-04-29T13:12:44.315+0200] {processor.py:161} INFO - Started process (PID=88657) to work on /Users/pablofrancoherrero/prueba_tecnica/venv/lib/python3.11/site-packages/airflow/example_dags/tutorial_taskflow_api.py
[2026-04-29T13:12:44.316+0200] {processor.py:830} INFO - Processing file /Users/pablofrancoherrero/prueba_tecnica/venv/lib/python3.11/site-packages/airflow/example_dags/tutorial_taskflow_api.py for tasks to queue
[2026-04-29T13:12:44.316+0200] {logging_mixin.py:188} INFO - [2026-04-29T13:12:44.316+0200] {dagbag.py:540} INFO - Filling up the DagBag from /Users/pablofrancoherrero/prueba_tecnica/venv/lib/python3.11/site-packages/airflow/example_dags/tutorial_taskflow_api.py
[2026-04-29T13:12:44.327+0200] {processor.py:840} INFO - DAG(s) 'tutorial_taskflow_api' retrieved from /Users/pablofrancoherrero/prueba_tecnica/venv/lib/python3.11/site-packages/airflow/example_dags/tutorial_taskflow_api.py
[2026-04-29T13:12:44.354+0200] {logging_mixin.py:188} INFO - [2026-04-29T13:12:44.353+0200] {dag.py:3096} INFO - Sync 1 DAGs
[2026-04-29T13:12:44.356+0200] {logging_mixin.py:188} INFO - [2026-04-29T13:12:44.356+0200] {dag.py:3954} INFO - Setting next_dagrun for tutorial_taskflow_api to None, run_after=None
[2026-04-29T13:12:44.361+0200] {processor.py:183} INFO - Processing /Users/pablofrancoherrero/prueba_tecnica/venv/lib/python3.11/site-packages/airflow/example_dags/tutorial_taskflow_api.py took 0.047 seconds
[2026-04-29T13:13:28.833+0200] {processor.py:161} INFO - Started process (PID=88716) to work on /Users/pablofrancoherrero/prueba_tecnica/venv/lib/python3.11/site-packages/airflow/example_dags/tutorial_taskflow_api.py
[2026-04-29T13:13:28.834+0200] {processor.py:830} INFO - Processing file /Users/pablofrancoherrero/prueba_tecnica/venv/lib/python3.11/site-packages/airflow/example_dags/tutorial_taskflow_api.py for tasks to queue
[2026-04-29T13:13:28.834+0200] {logging_mixin.py:188} INFO - [2026-04-29T13:13:28.834+0200] {dagbag.py:540} INFO - Filling up the DagBag from /Users/pablofrancoherrero/prueba_tecnica/venv/lib/python3.11/site-packages/airflow/example_dags/tutorial_taskflow_api.py
[2026-04-29T13:13:28.847+0200] {processor.py:840} INFO - DAG(s) 'tutorial_taskflow_api' retrieved from /Users/pablofrancoherrero/prueba_tecnica/venv/lib/python3.11/site-packages/airflow/example_dags/tutorial_taskflow_api.py
[2026-04-29T13:13:28.877+0200] {logging_mixin.py:188} INFO - [2026-04-29T13:13:28.877+0200] {dag.py:3096} INFO - Sync 1 DAGs
[2026-04-29T13:13:28.880+0200] {logging_mixin.py:188} INFO - [2026-04-29T13:13:28.880+0200] {dag.py:3954} INFO - Setting next_dagrun for tutorial_taskflow_api to None, run_after=None
[2026-04-29T13:13:28.885+0200] {processor.py:183} INFO - Processing /Users/pablofrancoherrero/prueba_tecnica/venv/lib/python3.11/site-packages/airflow/example_dags/tutorial_taskflow_api.py took 0.053 seconds
[2026-04-29T13:14:12.691+0200] {processor.py:161} INFO - Started process (PID=88764) to work on /Users/pablofrancoherrero/prueba_tecnica/venv/lib/python3.11/site-packages/airflow/example_dags/tutorial_taskflow_api.py
[2026-04-29T13:14:12.691+0200] {processor.py:830} INFO - Processing file /Users/pablofrancoherrero/prueba_tecnica/venv/lib/python3.11/site-packages/airflow/example_dags/tutorial_taskflow_api.py for tasks to queue
[2026-04-29T13:14:12.691+0200] {logging_mixin.py:188} INFO - [2026-04-29T13:14:12.691+0200] {dagbag.py:540} INFO - Filling up the DagBag from /Users/pablofrancoherrero/prueba_tecnica/venv/lib/python3.11/site-packages/airflow/example_dags/tutorial_taskflow_api.py
[2026-04-29T13:14:12.703+0200] {processor.py:840} INFO - DAG(s) 'tutorial_taskflow_api' retrieved from /Users/pablofrancoherrero/prueba_tecnica/venv/lib/python3.11/site-packages/airflow/example_dags/tutorial_taskflow_api.py
[2026-04-29T13:14:12.729+0200] {logging_mixin.py:188} INFO - [2026-04-29T13:14:12.729+0200] {dag.py:3096} INFO - Sync 1 DAGs
[2026-04-29T13:14:12.732+0200] {logging_mixin.py:188} INFO - [2026-04-29T13:14:12.732+0200] {dag.py:3954} INFO - Setting next_dagrun for tutorial_taskflow_api to None, run_after=None
[2026-04-29T13:14:12.737+0200] {processor.py:183} INFO - Processing /Users/pablofrancoherrero/prueba_tecnica/venv/lib/python3.11/site-packages/airflow/example_dags/tutorial_taskflow_api.py took 0.047 seconds
[2026-04-29T13:14:54.517+0200] {processor.py:161} INFO - Started process (PID=88817) to work on /Users/pablofrancoherrero/prueba_tecnica/venv/lib/python3.11/site-packages/airflow/example_dags/tutorial_taskflow_api.py
[2026-04-29T13:14:54.518+0200] {processor.py:830} INFO - Processing file /Users/pablofrancoherrero/prueba_tecnica/venv/lib/python3.11/site-packages/airflow/example_dags/tutorial_taskflow_api.py for tasks to queue
[2026-04-29T13:14:54.518+0200] {logging_mixin.py:188} INFO - [2026-04-29T13:14:54.518+0200] {dagbag.py:540} INFO - Filling up the DagBag from /Users/pablofrancoherrero/prueba_tecnica/venv/lib/python3.11/site-packages/airflow/example_dags/tutorial_taskflow_api.py
[2026-04-29T13:14:54.529+0200] {processor.py:840} INFO - DAG(s) 'tutorial_taskflow_api' retrieved from /Users/pablofrancoherrero/prueba_tecnica/venv/lib/python3.11/site-packages/airflow/example_dags/tutorial_taskflow_api.py
[2026-04-29T13:14:54.556+0200] {logging_mixin.py:188} INFO - [2026-04-29T13:14:54.556+0200] {dag.py:3096} INFO - Sync 1 DAGs
[2026-04-29T13:14:54.559+0200] {logging_mixin.py:188} INFO - [2026-04-29T13:14:54.559+0200] {dag.py:3954} INFO - Setting next_dagrun for tutorial_taskflow_api to None, run_after=None
[2026-04-29T13:14:54.564+0200] {processor.py:183} INFO - Processing /Users/pablofrancoherrero/prueba_tecnica/venv/lib/python3.11/site-packages/airflow/example_dags/tutorial_taskflow_api.py took 0.047 seconds
[2026-04-29T13:15:37.163+0200] {processor.py:161} INFO - Started process (PID=88864) to work on /Users/pablofrancoherrero/prueba_tecnica/venv/lib/python3.11/site-packages/airflow/example_dags/tutorial_taskflow_api.py
[2026-04-29T13:15:37.163+0200] {processor.py:830} INFO - Processing file /Users/pablofrancoherrero/prueba_tecnica/venv/lib/python3.11/site-packages/airflow/example_dags/tutorial_taskflow_api.py for tasks to queue
[2026-04-29T13:15:37.164+0200] {logging_mixin.py:188} INFO - [2026-04-29T13:15:37.163+0200] {dagbag.py:540} INFO - Filling up the DagBag from /Users/pablofrancoherrero/prueba_tecnica/venv/lib/python3.11/site-packages/airflow/example_dags/tutorial_taskflow_api.py
[2026-04-29T13:15:37.177+0200] {processor.py:840} INFO - DAG(s) 'tutorial_taskflow_api' retrieved from /Users/pablofrancoherrero/prueba_tecnica/venv/lib/python3.11/site-packages/airflow/example_dags/tutorial_taskflow_api.py
[2026-04-29T13:15:37.206+0200] {logging_mixin.py:188} INFO - [2026-04-29T13:15:37.206+0200] {dag.py:3096} INFO - Sync 1 DAGs
[2026-04-29T13:15:37.209+0200] {logging_mixin.py:188} INFO - [2026-04-29T13:15:37.209+0200] {dag.py:3954} INFO - Setting next_dagrun for tutorial_taskflow_api to None, run_after=None
[2026-04-29T13:15:37.213+0200] {processor.py:183} INFO - Processing /Users/pablofrancoherrero/prueba_tecnica/venv/lib/python3.11/site-packages/airflow/example_dags/tutorial_taskflow_api.py took 0.052 seconds
[2026-04-29T13:16:17.400+0200] {processor.py:161} INFO - Started process (PID=88907) to work on /Users/pablofrancoherrero/prueba_tecnica/venv/lib/python3.11/site-packages/airflow/example_dags/tutorial_taskflow_api.py
[2026-04-29T13:16:17.401+0200] {processor.py:830} INFO - Processing file /Users/pablofrancoherrero/prueba_tecnica/venv/lib/python3.11/site-packages/airflow/example_dags/tutorial_taskflow_api.py for tasks to queue
[2026-04-29T13:16:17.401+0200] {logging_mixin.py:188} INFO - [2026-04-29T13:16:17.401+0200] {dagbag.py:540} INFO - Filling up the DagBag from /Users/pablofrancoherrero/prueba_tecnica/venv/lib/python3.11/site-packages/airflow/example_dags/tutorial_taskflow_api.py
[2026-04-29T13:16:17.413+0200] {processor.py:840} INFO - DAG(s) 'tutorial_taskflow_api' retrieved from /Users/pablofrancoherrero/prueba_tecnica/venv/lib/python3.11/site-packages/airflow/example_dags/tutorial_taskflow_api.py
[2026-04-29T13:16:17.439+0200] {logging_mixin.py:188} INFO - [2026-04-29T13:16:17.439+0200] {dag.py:3096} INFO - Sync 1 DAGs
[2026-04-29T13:16:17.441+0200] {logging_mixin.py:188} INFO - [2026-04-29T13:16:17.441+0200] {dag.py:3954} INFO - Setting next_dagrun for tutorial_taskflow_api to None, run_after=None
[2026-04-29T13:16:17.446+0200] {processor.py:183} INFO - Processing /Users/pablofrancoherrero/prueba_tecnica/venv/lib/python3.11/site-packages/airflow/example_dags/tutorial_taskflow_api.py took 0.047 seconds
[2026-04-29T13:16:59.515+0200] {processor.py:161} INFO - Started process (PID=88952) to work on /Users/pablofrancoherrero/prueba_tecnica/venv/lib/python3.11/site-packages/airflow/example_dags/tutorial_taskflow_api.py
[2026-04-29T13:16:59.515+0200] {processor.py:830} INFO - Processing file /Users/pablofrancoherrero/prueba_tecnica/venv/lib/python3.11/site-packages/airflow/example_dags/tutorial_taskflow_api.py for tasks to queue
[2026-04-29T13:16:59.516+0200] {logging_mixin.py:188} INFO - [2026-04-29T13:16:59.516+0200] {dagbag.py:540} INFO - Filling up the DagBag from /Users/pablofrancoherrero/prueba_tecnica/venv/lib/python3.11/site-packages/airflow/example_dags/tutorial_taskflow_api.py
[2026-04-29T13:16:59.546+0200] {processor.py:840} INFO - DAG(s) 'tutorial_taskflow_api' retrieved from /Users/pablofrancoherrero/prueba_tecnica/venv/lib/python3.11/site-packages/airflow/example_dags/tutorial_taskflow_api.py
[2026-04-29T13:16:59.599+0200] {logging_mixin.py:188} INFO - [2026-04-29T13:16:59.599+0200] {dag.py:3096} INFO - Sync 1 DAGs
[2026-04-29T13:16:59.603+0200] {logging_mixin.py:188} INFO - [2026-04-29T13:16:59.603+0200] {dag.py:3954} INFO - Setting next_dagrun for tutorial_taskflow_api to None, run_after=None
[2026-04-29T13:16:59.612+0200] {processor.py:183} INFO - Processing /Users/pablofrancoherrero/prueba_tecnica/venv/lib/python3.11/site-packages/airflow/example_dags/tutorial_taskflow_api.py took 0.099 seconds
[2026-04-29T13:17:42.150+0200] {processor.py:161} INFO - Started process (PID=89018) to work on /Users/pablofrancoherrero/prueba_tecnica/venv/lib/python3.11/site-packages/airflow/example_dags/tutorial_taskflow_api.py
[2026-04-29T13:17:42.151+0200] {processor.py:830} INFO - Processing file /Users/pablofrancoherrero/prueba_tecnica/venv/lib/python3.11/site-packages/airflow/example_dags/tutorial_taskflow_api.py for tasks to queue
[2026-04-29T13:17:42.151+0200] {logging_mixin.py:188} INFO - [2026-04-29T13:17:42.151+0200] {dagbag.py:540} INFO - Filling up the DagBag from /Users/pablofrancoherrero/prueba_tecnica/venv/lib/python3.11/site-packages/airflow/example_dags/tutorial_taskflow_api.py
[2026-04-29T13:17:42.163+0200] {processor.py:840} INFO - DAG(s) 'tutorial_taskflow_api' retrieved from /Users/pablofrancoherrero/prueba_tecnica/venv/lib/python3.11/site-packages/airflow/example_dags/tutorial_taskflow_api.py
[2026-04-29T13:17:42.193+0200] {logging_mixin.py:188} INFO - [2026-04-29T13:17:42.193+0200] {dag.py:3096} INFO - Sync 1 DAGs
[2026-04-29T13:17:42.196+0200] {logging_mixin.py:188} INFO - [2026-04-29T13:17:42.196+0200] {dag.py:3954} INFO - Setting next_dagrun for tutorial_taskflow_api to None, run_after=None
[2026-04-29T13:17:42.201+0200] {processor.py:183} INFO - Processing /Users/pablofrancoherrero/prueba_tecnica/venv/lib/python3.11/site-packages/airflow/example_dags/tutorial_taskflow_api.py took 0.052 seconds
[2026-04-29T13:18:23.813+0200] {processor.py:161} INFO - Started process (PID=89076) to work on /Users/pablofrancoherrero/prueba_tecnica/venv/lib/python3.11/site-packages/airflow/example_dags/tutorial_taskflow_api.py
[2026-04-29T13:18:23.813+0200] {processor.py:830} INFO - Processing file /Users/pablofrancoherrero/prueba_tecnica/venv/lib/python3.11/site-packages/airflow/example_dags/tutorial_taskflow_api.py for tasks to queue
[2026-04-29T13:18:23.814+0200] {logging_mixin.py:188} INFO - [2026-04-29T13:18:23.814+0200] {dagbag.py:540} INFO - Filling up the DagBag from /Users/pablofrancoherrero/prueba_tecnica/venv/lib/python3.11/site-packages/airflow/example_dags/tutorial_taskflow_api.py
[2026-04-29T13:18:23.826+0200] {processor.py:840} INFO - DAG(s) 'tutorial_taskflow_api' retrieved from /Users/pablofrancoherrero/prueba_tecnica/venv/lib/python3.11/site-packages/airflow/example_dags/tutorial_taskflow_api.py
[2026-04-29T13:18:23.856+0200] {logging_mixin.py:188} INFO - [2026-04-29T13:18:23.856+0200] {dag.py:3096} INFO - Sync 1 DAGs
[2026-04-29T13:18:23.859+0200] {logging_mixin.py:188} INFO - [2026-04-29T13:18:23.859+0200] {dag.py:3954} INFO - Setting next_dagrun for tutorial_taskflow_api to None, run_after=None
[2026-04-29T13:18:23.863+0200] {processor.py:183} INFO - Processing /Users/pablofrancoherrero/prueba_tecnica/venv/lib/python3.11/site-packages/airflow/example_dags/tutorial_taskflow_api.py took 0.051 seconds
[2026-04-29T13:19:05.052+0200] {processor.py:161} INFO - Started process (PID=89110) to work on /Users/pablofrancoherrero/prueba_tecnica/venv/lib/python3.11/site-packages/airflow/example_dags/tutorial_taskflow_api.py
[2026-04-29T13:19:05.053+0200] {processor.py:830} INFO - Processing file /Users/pablofrancoherrero/prueba_tecnica/venv/lib/python3.11/site-packages/airflow/example_dags/tutorial_taskflow_api.py for tasks to queue
[2026-04-29T13:19:05.053+0200] {logging_mixin.py:188} INFO - [2026-04-29T13:19:05.053+0200] {dagbag.py:540} INFO - Filling up the DagBag from /Users/pablofrancoherrero/prueba_tecnica/venv/lib/python3.11/site-packages/airflow/example_dags/tutorial_taskflow_api.py
[2026-04-29T13:19:05.065+0200] {processor.py:840} INFO - DAG(s) 'tutorial_taskflow_api' retrieved from /Users/pablofrancoherrero/prueba_tecnica/venv/lib/python3.11/site-packages/airflow/example_dags/tutorial_taskflow_api.py
[2026-04-29T13:19:05.092+0200] {logging_mixin.py:188} INFO - [2026-04-29T13:19:05.092+0200] {dag.py:3096} INFO - Sync 1 DAGs
[2026-04-29T13:19:05.094+0200] {logging_mixin.py:188} INFO - [2026-04-29T13:19:05.094+0200] {dag.py:3954} INFO - Setting next_dagrun for tutorial_taskflow_api to None, run_after=None
[2026-04-29T13:19:05.099+0200] {processor.py:183} INFO - Processing /Users/pablofrancoherrero/prueba_tecnica/venv/lib/python3.11/site-packages/airflow/example_dags/tutorial_taskflow_api.py took 0.048 seconds
[2026-04-29T13:19:46.320+0200] {processor.py:161} INFO - Started process (PID=89152) to work on /Users/pablofrancoherrero/prueba_tecnica/venv/lib/python3.11/site-packages/airflow/example_dags/tutorial_taskflow_api.py
[2026-04-29T13:19:46.321+0200] {processor.py:830} INFO - Processing file /Users/pablofrancoherrero/prueba_tecnica/venv/lib/python3.11/site-packages/airflow/example_dags/tutorial_taskflow_api.py for tasks to queue
[2026-04-29T13:19:46.321+0200] {logging_mixin.py:188} INFO - [2026-04-29T13:19:46.321+0200] {dagbag.py:540} INFO - Filling up the DagBag from /Users/pablofrancoherrero/prueba_tecnica/venv/lib/python3.11/site-packages/airflow/example_dags/tutorial_taskflow_api.py
[2026-04-29T13:19:46.332+0200] {processor.py:840} INFO - DAG(s) 'tutorial_taskflow_api' retrieved from /Users/pablofrancoherrero/prueba_tecnica/venv/lib/python3.11/site-packages/airflow/example_dags/tutorial_taskflow_api.py
[2026-04-29T13:19:46.358+0200] {logging_mixin.py:188} INFO - [2026-04-29T13:19:46.358+0200] {dag.py:3096} INFO - Sync 1 DAGs
[2026-04-29T13:19:46.361+0200] {logging_mixin.py:188} INFO - [2026-04-29T13:19:46.361+0200] {dag.py:3954} INFO - Setting next_dagrun for tutorial_taskflow_api to None, run_after=None
[2026-04-29T13:19:46.366+0200] {processor.py:183} INFO - Processing /Users/pablofrancoherrero/prueba_tecnica/venv/lib/python3.11/site-packages/airflow/example_dags/tutorial_taskflow_api.py took 0.047 seconds
[2026-04-29T13:20:31.068+0200] {processor.py:161} INFO - Started process (PID=89189) to work on /Users/pablofrancoherrero/prueba_tecnica/venv/lib/python3.11/site-packages/airflow/example_dags/tutorial_taskflow_api.py
[2026-04-29T13:20:31.069+0200] {processor.py:830} INFO - Processing file /Users/pablofrancoherrero/prueba_tecnica/venv/lib/python3.11/site-packages/airflow/example_dags/tutorial_taskflow_api.py for tasks to queue
[2026-04-29T13:20:31.069+0200] {logging_mixin.py:188} INFO - [2026-04-29T13:20:31.069+0200] {dagbag.py:540} INFO - Filling up the DagBag from /Users/pablofrancoherrero/prueba_tecnica/venv/lib/python3.11/site-packages/airflow/example_dags/tutorial_taskflow_api.py
[2026-04-29T13:20:31.080+0200] {processor.py:840} INFO - DAG(s) 'tutorial_taskflow_api' retrieved from /Users/pablofrancoherrero/prueba_tecnica/venv/lib/python3.11/site-packages/airflow/example_dags/tutorial_taskflow_api.py
[2026-04-29T13:20:31.107+0200] {logging_mixin.py:188} INFO - [2026-04-29T13:20:31.106+0200] {dag.py:3096} INFO - Sync 1 DAGs
[2026-04-29T13:20:31.109+0200] {logging_mixin.py:188} INFO - [2026-04-29T13:20:31.109+0200] {dag.py:3954} INFO - Setting next_dagrun for tutorial_taskflow_api to None, run_after=None
[2026-04-29T13:20:31.114+0200] {processor.py:183} INFO - Processing /Users/pablofrancoherrero/prueba_tecnica/venv/lib/python3.11/site-packages/airflow/example_dags/tutorial_taskflow_api.py took 0.047 seconds
[2026-04-29T13:21:14.061+0200] {processor.py:161} INFO - Started process (PID=89233) to work on /Users/pablofrancoherrero/prueba_tecnica/venv/lib/python3.11/site-packages/airflow/example_dags/tutorial_taskflow_api.py
[2026-04-29T13:21:14.062+0200] {processor.py:830} INFO - Processing file /Users/pablofrancoherrero/prueba_tecnica/venv/lib/python3.11/site-packages/airflow/example_dags/tutorial_taskflow_api.py for tasks to queue
[2026-04-29T13:21:14.062+0200] {logging_mixin.py:188} INFO - [2026-04-29T13:21:14.062+0200] {dagbag.py:540} INFO - Filling up the DagBag from /Users/pablofrancoherrero/prueba_tecnica/venv/lib/python3.11/site-packages/airflow/example_dags/tutorial_taskflow_api.py
[2026-04-29T13:21:14.076+0200] {processor.py:840} INFO - DAG(s) 'tutorial_taskflow_api' retrieved from /Users/pablofrancoherrero/prueba_tecnica/venv/lib/python3.11/site-packages/airflow/example_dags/tutorial_taskflow_api.py
[2026-04-29T13:21:14.109+0200] {logging_mixin.py:188} INFO - [2026-04-29T13:21:14.109+0200] {dag.py:3096} INFO - Sync 1 DAGs
[2026-04-29T13:21:14.113+0200] {logging_mixin.py:188} INFO - [2026-04-29T13:21:14.113+0200] {dag.py:3954} INFO - Setting next_dagrun for tutorial_taskflow_api to None, run_after=None
[2026-04-29T13:21:14.119+0200] {processor.py:183} INFO - Processing /Users/pablofrancoherrero/prueba_tecnica/venv/lib/python3.11/site-packages/airflow/example_dags/tutorial_taskflow_api.py took 0.059 seconds
[2026-04-29T13:21:56.278+0200] {processor.py:161} INFO - Started process (PID=89286) to work on /Users/pablofrancoherrero/prueba_tecnica/venv/lib/python3.11/site-packages/airflow/example_dags/tutorial_taskflow_api.py
[2026-04-29T13:21:56.279+0200] {processor.py:830} INFO - Processing file /Users/pablofrancoherrero/prueba_tecnica/venv/lib/python3.11/site-packages/airflow/example_dags/tutorial_taskflow_api.py for tasks to queue
[2026-04-29T13:21:56.279+0200] {logging_mixin.py:188} INFO - [2026-04-29T13:21:56.279+0200] {dagbag.py:540} INFO - Filling up the DagBag from /Users/pablofrancoherrero/prueba_tecnica/venv/lib/python3.11/site-packages/airflow/example_dags/tutorial_taskflow_api.py
[2026-04-29T13:21:56.291+0200] {processor.py:840} INFO - DAG(s) 'tutorial_taskflow_api' retrieved from /Users/pablofrancoherrero/prueba_tecnica/venv/lib/python3.11/site-packages/airflow/example_dags/tutorial_taskflow_api.py
[2026-04-29T13:21:56.320+0200] {logging_mixin.py:188} INFO - [2026-04-29T13:21:56.320+0200] {dag.py:3096} INFO - Sync 1 DAGs
[2026-04-29T13:21:56.323+0200] {logging_mixin.py:188} INFO - [2026-04-29T13:21:56.323+0200] {dag.py:3954} INFO - Setting next_dagrun for tutorial_taskflow_api to None, run_after=None
[2026-04-29T13:21:56.328+0200] {processor.py:183} INFO - Processing /Users/pablofrancoherrero/prueba_tecnica/venv/lib/python3.11/site-packages/airflow/example_dags/tutorial_taskflow_api.py took 0.051 seconds
[2026-04-29T13:22:37.780+0200] {processor.py:161} INFO - Started process (PID=89326) to work on /Users/pablofrancoherrero/prueba_tecnica/venv/lib/python3.11/site-packages/airflow/example_dags/tutorial_taskflow_api.py
[2026-04-29T13:22:37.781+0200] {processor.py:830} INFO - Processing file /Users/pablofrancoherrero/prueba_tecnica/venv/lib/python3.11/site-packages/airflow/example_dags/tutorial_taskflow_api.py for tasks to queue
[2026-04-29T13:22:37.781+0200] {logging_mixin.py:188} INFO - [2026-04-29T13:22:37.781+0200] {dagbag.py:540} INFO - Filling up the DagBag from /Users/pablofrancoherrero/prueba_tecnica/venv/lib/python3.11/site-packages/airflow/example_dags/tutorial_taskflow_api.py
[2026-04-29T13:22:37.793+0200] {processor.py:840} INFO - DAG(s) 'tutorial_taskflow_api' retrieved from /Users/pablofrancoherrero/prueba_tecnica/venv/lib/python3.11/site-packages/airflow/example_dags/tutorial_taskflow_api.py
[2026-04-29T13:22:37.820+0200] {logging_mixin.py:188} INFO - [2026-04-29T13:22:37.820+0200] {dag.py:3096} INFO - Sync 1 DAGs
[2026-04-29T13:22:37.823+0200] {logging_mixin.py:188} INFO - [2026-04-29T13:22:37.823+0200] {dag.py:3954} INFO - Setting next_dagrun for tutorial_taskflow_api to None, run_after=None
[2026-04-29T13:22:37.830+0200] {processor.py:183} INFO - Processing /Users/pablofrancoherrero/prueba_tecnica/venv/lib/python3.11/site-packages/airflow/example_dags/tutorial_taskflow_api.py took 0.050 seconds
[2026-04-29T13:23:21.404+0200] {processor.py:161} INFO - Started process (PID=89364) to work on /Users/pablofrancoherrero/prueba_tecnica/venv/lib/python3.11/site-packages/airflow/example_dags/tutorial_taskflow_api.py
[2026-04-29T13:23:21.404+0200] {processor.py:830} INFO - Processing file /Users/pablofrancoherrero/prueba_tecnica/venv/lib/python3.11/site-packages/airflow/example_dags/tutorial_taskflow_api.py for tasks to queue
[2026-04-29T13:23:21.405+0200] {logging_mixin.py:188} INFO - [2026-04-29T13:23:21.405+0200] {dagbag.py:540} INFO - Filling up the DagBag from /Users/pablofrancoherrero/prueba_tecnica/venv/lib/python3.11/site-packages/airflow/example_dags/tutorial_taskflow_api.py
[2026-04-29T13:23:21.418+0200] {processor.py:840} INFO - DAG(s) 'tutorial_taskflow_api' retrieved from /Users/pablofrancoherrero/prueba_tecnica/venv/lib/python3.11/site-packages/airflow/example_dags/tutorial_taskflow_api.py
[2026-04-29T13:23:21.448+0200] {logging_mixin.py:188} INFO - [2026-04-29T13:23:21.448+0200] {dag.py:3096} INFO - Sync 1 DAGs
[2026-04-29T13:23:21.451+0200] {logging_mixin.py:188} INFO - [2026-04-29T13:23:21.451+0200] {dag.py:3954} INFO - Setting next_dagrun for tutorial_taskflow_api to None, run_after=None
[2026-04-29T13:23:21.456+0200] {processor.py:183} INFO - Processing /Users/pablofrancoherrero/prueba_tecnica/venv/lib/python3.11/site-packages/airflow/example_dags/tutorial_taskflow_api.py took 0.053 seconds
[2026-04-29T13:24:04.813+0200] {processor.py:161} INFO - Started process (PID=89423) to work on /Users/pablofrancoherrero/prueba_tecnica/venv/lib/python3.11/site-packages/airflow/example_dags/tutorial_taskflow_api.py
[2026-04-29T13:24:04.814+0200] {processor.py:830} INFO - Processing file /Users/pablofrancoherrero/prueba_tecnica/venv/lib/python3.11/site-packages/airflow/example_dags/tutorial_taskflow_api.py for tasks to queue
[2026-04-29T13:24:04.814+0200] {logging_mixin.py:188} INFO - [2026-04-29T13:24:04.814+0200] {dagbag.py:540} INFO - Filling up the DagBag from /Users/pablofrancoherrero/prueba_tecnica/venv/lib/python3.11/site-packages/airflow/example_dags/tutorial_taskflow_api.py
[2026-04-29T13:24:04.827+0200] {processor.py:840} INFO - DAG(s) 'tutorial_taskflow_api' retrieved from /Users/pablofrancoherrero/prueba_tecnica/venv/lib/python3.11/site-packages/airflow/example_dags/tutorial_taskflow_api.py
[2026-04-29T13:24:04.858+0200] {logging_mixin.py:188} INFO - [2026-04-29T13:24:04.858+0200] {dag.py:3096} INFO - Sync 1 DAGs
[2026-04-29T13:24:04.861+0200] {logging_mixin.py:188} INFO - [2026-04-29T13:24:04.861+0200] {dag.py:3954} INFO - Setting next_dagrun for tutorial_taskflow_api to None, run_after=None
[2026-04-29T13:24:04.866+0200] {processor.py:183} INFO - Processing /Users/pablofrancoherrero/prueba_tecnica/venv/lib/python3.11/site-packages/airflow/example_dags/tutorial_taskflow_api.py took 0.053 seconds
[2026-04-29T13:24:46.543+0200] {processor.py:161} INFO - Started process (PID=89481) to work on /Users/pablofrancoherrero/prueba_tecnica/venv/lib/python3.11/site-packages/airflow/example_dags/tutorial_taskflow_api.py
[2026-04-29T13:24:46.544+0200] {processor.py:830} INFO - Processing file /Users/pablofrancoherrero/prueba_tecnica/venv/lib/python3.11/site-packages/airflow/example_dags/tutorial_taskflow_api.py for tasks to queue
[2026-04-29T13:24:46.544+0200] {logging_mixin.py:188} INFO - [2026-04-29T13:24:46.544+0200] {dagbag.py:540} INFO - Filling up the DagBag from /Users/pablofrancoherrero/prueba_tecnica/venv/lib/python3.11/site-packages/airflow/example_dags/tutorial_taskflow_api.py
[2026-04-29T13:24:46.555+0200] {processor.py:840} INFO - DAG(s) 'tutorial_taskflow_api' retrieved from /Users/pablofrancoherrero/prueba_tecnica/venv/lib/python3.11/site-packages/airflow/example_dags/tutorial_taskflow_api.py
[2026-04-29T13:24:46.581+0200] {logging_mixin.py:188} INFO - [2026-04-29T13:24:46.581+0200] {dag.py:3096} INFO - Sync 1 DAGs
[2026-04-29T13:24:46.584+0200] {logging_mixin.py:188} INFO - [2026-04-29T13:24:46.584+0200] {dag.py:3954} INFO - Setting next_dagrun for tutorial_taskflow_api to None, run_after=None
[2026-04-29T13:24:46.589+0200] {processor.py:183} INFO - Processing /Users/pablofrancoherrero/prueba_tecnica/venv/lib/python3.11/site-packages/airflow/example_dags/tutorial_taskflow_api.py took 0.046 seconds
[2026-04-29T13:25:29.502+0200] {processor.py:161} INFO - Started process (PID=89525) to work on /Users/pablofrancoherrero/prueba_tecnica/venv/lib/python3.11/site-packages/airflow/example_dags/tutorial_taskflow_api.py
[2026-04-29T13:25:29.502+0200] {processor.py:830} INFO - Processing file /Users/pablofrancoherrero/prueba_tecnica/venv/lib/python3.11/site-packages/airflow/example_dags/tutorial_taskflow_api.py for tasks to queue
[2026-04-29T13:25:29.503+0200] {logging_mixin.py:188} INFO - [2026-04-29T13:25:29.503+0200] {dagbag.py:540} INFO - Filling up the DagBag from /Users/pablofrancoherrero/prueba_tecnica/venv/lib/python3.11/site-packages/airflow/example_dags/tutorial_taskflow_api.py
[2026-04-29T13:25:29.514+0200] {processor.py:840} INFO - DAG(s) 'tutorial_taskflow_api' retrieved from /Users/pablofrancoherrero/prueba_tecnica/venv/lib/python3.11/site-packages/airflow/example_dags/tutorial_taskflow_api.py
[2026-04-29T13:25:29.540+0200] {logging_mixin.py:188} INFO - [2026-04-29T13:25:29.539+0200] {dag.py:3096} INFO - Sync 1 DAGs
[2026-04-29T13:25:29.542+0200] {logging_mixin.py:188} INFO - [2026-04-29T13:25:29.542+0200] {dag.py:3954} INFO - Setting next_dagrun for tutorial_taskflow_api to None, run_after=None
[2026-04-29T13:25:29.547+0200] {processor.py:183} INFO - Processing /Users/pablofrancoherrero/prueba_tecnica/venv/lib/python3.11/site-packages/airflow/example_dags/tutorial_taskflow_api.py took 0.046 seconds
[2026-04-29T13:26:11.525+0200] {processor.py:161} INFO - Started process (PID=89565) to work on /Users/pablofrancoherrero/prueba_tecnica/venv/lib/python3.11/site-packages/airflow/example_dags/tutorial_taskflow_api.py
[2026-04-29T13:26:11.526+0200] {processor.py:830} INFO - Processing file /Users/pablofrancoherrero/prueba_tecnica/venv/lib/python3.11/site-packages/airflow/example_dags/tutorial_taskflow_api.py for tasks to queue
[2026-04-29T13:26:11.526+0200] {logging_mixin.py:188} INFO - [2026-04-29T13:26:11.526+0200] {dagbag.py:540} INFO - Filling up the DagBag from /Users/pablofrancoherrero/prueba_tecnica/venv/lib/python3.11/site-packages/airflow/example_dags/tutorial_taskflow_api.py
[2026-04-29T13:26:11.539+0200] {processor.py:840} INFO - DAG(s) 'tutorial_taskflow_api' retrieved from /Users/pablofrancoherrero/prueba_tecnica/venv/lib/python3.11/site-packages/airflow/example_dags/tutorial_taskflow_api.py
[2026-04-29T13:26:11.569+0200] {logging_mixin.py:188} INFO - [2026-04-29T13:26:11.569+0200] {dag.py:3096} INFO - Sync 1 DAGs
[2026-04-29T13:26:11.572+0200] {logging_mixin.py:188} INFO - [2026-04-29T13:26:11.572+0200] {dag.py:3954} INFO - Setting next_dagrun for tutorial_taskflow_api to None, run_after=None
[2026-04-29T13:26:11.577+0200] {processor.py:183} INFO - Processing /Users/pablofrancoherrero/prueba_tecnica/venv/lib/python3.11/site-packages/airflow/example_dags/tutorial_taskflow_api.py took 0.052 seconds
[2026-04-29T13:26:51.642+0200] {processor.py:161} INFO - Started process (PID=89615) to work on /Users/pablofrancoherrero/prueba_tecnica/venv/lib/python3.11/site-packages/airflow/example_dags/tutorial_taskflow_api.py
[2026-04-29T13:26:51.642+0200] {processor.py:830} INFO - Processing file /Users/pablofrancoherrero/prueba_tecnica/venv/lib/python3.11/site-packages/airflow/example_dags/tutorial_taskflow_api.py for tasks to queue
[2026-04-29T13:26:51.643+0200] {logging_mixin.py:188} INFO - [2026-04-29T13:26:51.643+0200] {dagbag.py:540} INFO - Filling up the DagBag from /Users/pablofrancoherrero/prueba_tecnica/venv/lib/python3.11/site-packages/airflow/example_dags/tutorial_taskflow_api.py
[2026-04-29T13:26:51.654+0200] {processor.py:840} INFO - DAG(s) 'tutorial_taskflow_api' retrieved from /Users/pablofrancoherrero/prueba_tecnica/venv/lib/python3.11/site-packages/airflow/example_dags/tutorial_taskflow_api.py
[2026-04-29T13:26:51.680+0200] {logging_mixin.py:188} INFO - [2026-04-29T13:26:51.680+0200] {dag.py:3096} INFO - Sync 1 DAGs
[2026-04-29T13:26:51.682+0200] {logging_mixin.py:188} INFO - [2026-04-29T13:26:51.682+0200] {dag.py:3954} INFO - Setting next_dagrun for tutorial_taskflow_api to None, run_after=None
[2026-04-29T13:26:51.687+0200] {processor.py:183} INFO - Processing /Users/pablofrancoherrero/prueba_tecnica/venv/lib/python3.11/site-packages/airflow/example_dags/tutorial_taskflow_api.py took 0.046 seconds
[2026-04-29T13:27:35.746+0200] {processor.py:161} INFO - Started process (PID=89667) to work on /Users/pablofrancoherrero/prueba_tecnica/venv/lib/python3.11/site-packages/airflow/example_dags/tutorial_taskflow_api.py
[2026-04-29T13:27:35.746+0200] {processor.py:830} INFO - Processing file /Users/pablofrancoherrero/prueba_tecnica/venv/lib/python3.11/site-packages/airflow/example_dags/tutorial_taskflow_api.py for tasks to queue
[2026-04-29T13:27:35.747+0200] {logging_mixin.py:188} INFO - [2026-04-29T13:27:35.746+0200] {dagbag.py:540} INFO - Filling up the DagBag from /Users/pablofrancoherrero/prueba_tecnica/venv/lib/python3.11/site-packages/airflow/example_dags/tutorial_taskflow_api.py
[2026-04-29T13:27:35.760+0200] {processor.py:840} INFO - DAG(s) 'tutorial_taskflow_api' retrieved from /Users/pablofrancoherrero/prueba_tecnica/venv/lib/python3.11/site-packages/airflow/example_dags/tutorial_taskflow_api.py
[2026-04-29T13:27:35.789+0200] {logging_mixin.py:188} INFO - [2026-04-29T13:27:35.789+0200] {dag.py:3096} INFO - Sync 1 DAGs
[2026-04-29T13:27:35.791+0200] {logging_mixin.py:188} INFO - [2026-04-29T13:27:35.791+0200] {dag.py:3954} INFO - Setting next_dagrun for tutorial_taskflow_api to None, run_after=None
[2026-04-29T13:27:35.796+0200] {processor.py:183} INFO - Processing /Users/pablofrancoherrero/prueba_tecnica/venv/lib/python3.11/site-packages/airflow/example_dags/tutorial_taskflow_api.py took 0.051 seconds
[2026-04-29T13:28:17.806+0200] {processor.py:161} INFO - Started process (PID=89716) to work on /Users/pablofrancoherrero/prueba_tecnica/venv/lib/python3.11/site-packages/airflow/example_dags/tutorial_taskflow_api.py
[2026-04-29T13:28:17.808+0200] {processor.py:830} INFO - Processing file /Users/pablofrancoherrero/prueba_tecnica/venv/lib/python3.11/site-packages/airflow/example_dags/tutorial_taskflow_api.py for tasks to queue
[2026-04-29T13:28:17.808+0200] {logging_mixin.py:188} INFO - [2026-04-29T13:28:17.808+0200] {dagbag.py:540} INFO - Filling up the DagBag from /Users/pablofrancoherrero/prueba_tecnica/venv/lib/python3.11/site-packages/airflow/example_dags/tutorial_taskflow_api.py
[2026-04-29T13:28:17.824+0200] {processor.py:840} INFO - DAG(s) 'tutorial_taskflow_api' retrieved from /Users/pablofrancoherrero/prueba_tecnica/venv/lib/python3.11/site-packages/airflow/example_dags/tutorial_taskflow_api.py
[2026-04-29T13:28:17.859+0200] {logging_mixin.py:188} INFO - [2026-04-29T13:28:17.858+0200] {dag.py:3096} INFO - Sync 1 DAGs
[2026-04-29T13:28:17.861+0200] {logging_mixin.py:188} INFO - [2026-04-29T13:28:17.861+0200] {dag.py:3954} INFO - Setting next_dagrun for tutorial_taskflow_api to None, run_after=None
[2026-04-29T13:28:17.866+0200] {processor.py:183} INFO - Processing /Users/pablofrancoherrero/prueba_tecnica/venv/lib/python3.11/site-packages/airflow/example_dags/tutorial_taskflow_api.py took 0.062 seconds
[2026-04-29T13:29:00.656+0200] {processor.py:161} INFO - Started process (PID=89771) to work on /Users/pablofrancoherrero/prueba_tecnica/venv/lib/python3.11/site-packages/airflow/example_dags/tutorial_taskflow_api.py
[2026-04-29T13:29:00.657+0200] {processor.py:830} INFO - Processing file /Users/pablofrancoherrero/prueba_tecnica/venv/lib/python3.11/site-packages/airflow/example_dags/tutorial_taskflow_api.py for tasks to queue
[2026-04-29T13:29:00.657+0200] {logging_mixin.py:188} INFO - [2026-04-29T13:29:00.657+0200] {dagbag.py:540} INFO - Filling up the DagBag from /Users/pablofrancoherrero/prueba_tecnica/venv/lib/python3.11/site-packages/airflow/example_dags/tutorial_taskflow_api.py
[2026-04-29T13:29:00.670+0200] {processor.py:840} INFO - DAG(s) 'tutorial_taskflow_api' retrieved from /Users/pablofrancoherrero/prueba_tecnica/venv/lib/python3.11/site-packages/airflow/example_dags/tutorial_taskflow_api.py
[2026-04-29T13:29:00.700+0200] {logging_mixin.py:188} INFO - [2026-04-29T13:29:00.700+0200] {dag.py:3096} INFO - Sync 1 DAGs
[2026-04-29T13:29:00.703+0200] {logging_mixin.py:188} INFO - [2026-04-29T13:29:00.703+0200] {dag.py:3954} INFO - Setting next_dagrun for tutorial_taskflow_api to None, run_after=None
[2026-04-29T13:29:00.707+0200] {processor.py:183} INFO - Processing /Users/pablofrancoherrero/prueba_tecnica/venv/lib/python3.11/site-packages/airflow/example_dags/tutorial_taskflow_api.py took 0.052 seconds
[2026-04-29T13:29:41.199+0200] {processor.py:161} INFO - Started process (PID=89825) to work on /Users/pablofrancoherrero/prueba_tecnica/venv/lib/python3.11/site-packages/airflow/example_dags/tutorial_taskflow_api.py
[2026-04-29T13:29:41.200+0200] {processor.py:830} INFO - Processing file /Users/pablofrancoherrero/prueba_tecnica/venv/lib/python3.11/site-packages/airflow/example_dags/tutorial_taskflow_api.py for tasks to queue
[2026-04-29T13:29:41.200+0200] {logging_mixin.py:188} INFO - [2026-04-29T13:29:41.200+0200] {dagbag.py:540} INFO - Filling up the DagBag from /Users/pablofrancoherrero/prueba_tecnica/venv/lib/python3.11/site-packages/airflow/example_dags/tutorial_taskflow_api.py
[2026-04-29T13:29:41.211+0200] {processor.py:840} INFO - DAG(s) 'tutorial_taskflow_api' retrieved from /Users/pablofrancoherrero/prueba_tecnica/venv/lib/python3.11/site-packages/airflow/example_dags/tutorial_taskflow_api.py
[2026-04-29T13:29:41.238+0200] {logging_mixin.py:188} INFO - [2026-04-29T13:29:41.238+0200] {dag.py:3096} INFO - Sync 1 DAGs
[2026-04-29T13:29:41.240+0200] {logging_mixin.py:188} INFO - [2026-04-29T13:29:41.240+0200] {dag.py:3954} INFO - Setting next_dagrun for tutorial_taskflow_api to None, run_after=None
[2026-04-29T13:29:41.245+0200] {processor.py:183} INFO - Processing /Users/pablofrancoherrero/prueba_tecnica/venv/lib/python3.11/site-packages/airflow/example_dags/tutorial_taskflow_api.py took 0.047 seconds
[2026-04-29T13:30:23.395+0200] {processor.py:161} INFO - Started process (PID=89876) to work on /Users/pablofrancoherrero/prueba_tecnica/venv/lib/python3.11/site-packages/airflow/example_dags/tutorial_taskflow_api.py
[2026-04-29T13:30:23.395+0200] {processor.py:830} INFO - Processing file /Users/pablofrancoherrero/prueba_tecnica/venv/lib/python3.11/site-packages/airflow/example_dags/tutorial_taskflow_api.py for tasks to queue
[2026-04-29T13:30:23.396+0200] {logging_mixin.py:188} INFO - [2026-04-29T13:30:23.396+0200] {dagbag.py:540} INFO - Filling up the DagBag from /Users/pablofrancoherrero/prueba_tecnica/venv/lib/python3.11/site-packages/airflow/example_dags/tutorial_taskflow_api.py
[2026-04-29T13:30:23.409+0200] {processor.py:840} INFO - DAG(s) 'tutorial_taskflow_api' retrieved from /Users/pablofrancoherrero/prueba_tecnica/venv/lib/python3.11/site-packages/airflow/example_dags/tutorial_taskflow_api.py
[2026-04-29T13:30:23.439+0200] {logging_mixin.py:188} INFO - [2026-04-29T13:30:23.439+0200] {dag.py:3096} INFO - Sync 1 DAGs
[2026-04-29T13:30:23.442+0200] {logging_mixin.py:188} INFO - [2026-04-29T13:30:23.442+0200] {dag.py:3954} INFO - Setting next_dagrun for tutorial_taskflow_api to None, run_after=None
[2026-04-29T13:30:23.446+0200] {processor.py:183} INFO - Processing /Users/pablofrancoherrero/prueba_tecnica/venv/lib/python3.11/site-packages/airflow/example_dags/tutorial_taskflow_api.py took 0.052 seconds
[2026-04-29T13:31:04.782+0200] {processor.py:161} INFO - Started process (PID=89921) to work on /Users/pablofrancoherrero/prueba_tecnica/venv/lib/python3.11/site-packages/airflow/example_dags/tutorial_taskflow_api.py
[2026-04-29T13:31:04.783+0200] {processor.py:830} INFO - Processing file /Users/pablofrancoherrero/prueba_tecnica/venv/lib/python3.11/site-packages/airflow/example_dags/tutorial_taskflow_api.py for tasks to queue
[2026-04-29T13:31:04.783+0200] {logging_mixin.py:188} INFO - [2026-04-29T13:31:04.783+0200] {dagbag.py:540} INFO - Filling up the DagBag from /Users/pablofrancoherrero/prueba_tecnica/venv/lib/python3.11/site-packages/airflow/example_dags/tutorial_taskflow_api.py
[2026-04-29T13:31:04.796+0200] {processor.py:840} INFO - DAG(s) 'tutorial_taskflow_api' retrieved from /Users/pablofrancoherrero/prueba_tecnica/venv/lib/python3.11/site-packages/airflow/example_dags/tutorial_taskflow_api.py
[2026-04-29T13:31:04.826+0200] {logging_mixin.py:188} INFO - [2026-04-29T13:31:04.826+0200] {dag.py:3096} INFO - Sync 1 DAGs
[2026-04-29T13:31:04.828+0200] {logging_mixin.py:188} INFO - [2026-04-29T13:31:04.828+0200] {dag.py:3954} INFO - Setting next_dagrun for tutorial_taskflow_api to None, run_after=None
[2026-04-29T13:31:04.833+0200] {processor.py:183} INFO - Processing /Users/pablofrancoherrero/prueba_tecnica/venv/lib/python3.11/site-packages/airflow/example_dags/tutorial_taskflow_api.py took 0.052 seconds
[2026-04-29T13:31:46.635+0200] {processor.py:161} INFO - Started process (PID=89968) to work on /Users/pablofrancoherrero/prueba_tecnica/venv/lib/python3.11/site-packages/airflow/example_dags/tutorial_taskflow_api.py
[2026-04-29T13:31:46.636+0200] {processor.py:830} INFO - Processing file /Users/pablofrancoherrero/prueba_tecnica/venv/lib/python3.11/site-packages/airflow/example_dags/tutorial_taskflow_api.py for tasks to queue
[2026-04-29T13:31:46.636+0200] {logging_mixin.py:188} INFO - [2026-04-29T13:31:46.636+0200] {dagbag.py:540} INFO - Filling up the DagBag from /Users/pablofrancoherrero/prueba_tecnica/venv/lib/python3.11/site-packages/airflow/example_dags/tutorial_taskflow_api.py
[2026-04-29T13:31:46.647+0200] {processor.py:840} INFO - DAG(s) 'tutorial_taskflow_api' retrieved from /Users/pablofrancoherrero/prueba_tecnica/venv/lib/python3.11/site-packages/airflow/example_dags/tutorial_taskflow_api.py
[2026-04-29T13:31:46.674+0200] {logging_mixin.py:188} INFO - [2026-04-29T13:31:46.674+0200] {dag.py:3096} INFO - Sync 1 DAGs
[2026-04-29T13:31:46.677+0200] {logging_mixin.py:188} INFO - [2026-04-29T13:31:46.677+0200] {dag.py:3954} INFO - Setting next_dagrun for tutorial_taskflow_api to None, run_after=None
[2026-04-29T13:31:46.682+0200] {processor.py:183} INFO - Processing /Users/pablofrancoherrero/prueba_tecnica/venv/lib/python3.11/site-packages/airflow/example_dags/tutorial_taskflow_api.py took 0.048 seconds
[2026-04-29T13:32:29.835+0200] {processor.py:161} INFO - Started process (PID=90017) to work on /Users/pablofrancoherrero/prueba_tecnica/venv/lib/python3.11/site-packages/airflow/example_dags/tutorial_taskflow_api.py
[2026-04-29T13:32:29.836+0200] {processor.py:830} INFO - Processing file /Users/pablofrancoherrero/prueba_tecnica/venv/lib/python3.11/site-packages/airflow/example_dags/tutorial_taskflow_api.py for tasks to queue
[2026-04-29T13:32:29.837+0200] {logging_mixin.py:188} INFO - [2026-04-29T13:32:29.837+0200] {dagbag.py:540} INFO - Filling up the DagBag from /Users/pablofrancoherrero/prueba_tecnica/venv/lib/python3.11/site-packages/airflow/example_dags/tutorial_taskflow_api.py
[2026-04-29T13:32:29.848+0200] {processor.py:840} INFO - DAG(s) 'tutorial_taskflow_api' retrieved from /Users/pablofrancoherrero/prueba_tecnica/venv/lib/python3.11/site-packages/airflow/example_dags/tutorial_taskflow_api.py
[2026-04-29T13:32:29.875+0200] {logging_mixin.py:188} INFO - [2026-04-29T13:32:29.875+0200] {dag.py:3096} INFO - Sync 1 DAGs
[2026-04-29T13:32:29.877+0200] {logging_mixin.py:188} INFO - [2026-04-29T13:32:29.877+0200] {dag.py:3954} INFO - Setting next_dagrun for tutorial_taskflow_api to None, run_after=None
[2026-04-29T13:32:29.882+0200] {processor.py:183} INFO - Processing /Users/pablofrancoherrero/prueba_tecnica/venv/lib/python3.11/site-packages/airflow/example_dags/tutorial_taskflow_api.py took 0.048 seconds
[2026-04-29T13:33:13.666+0200] {processor.py:161} INFO - Started process (PID=90078) to work on /Users/pablofrancoherrero/prueba_tecnica/venv/lib/python3.11/site-packages/airflow/example_dags/tutorial_taskflow_api.py
[2026-04-29T13:33:13.666+0200] {processor.py:830} INFO - Processing file /Users/pablofrancoherrero/prueba_tecnica/venv/lib/python3.11/site-packages/airflow/example_dags/tutorial_taskflow_api.py for tasks to queue
[2026-04-29T13:33:13.666+0200] {logging_mixin.py:188} INFO - [2026-04-29T13:33:13.666+0200] {dagbag.py:540} INFO - Filling up the DagBag from /Users/pablofrancoherrero/prueba_tecnica/venv/lib/python3.11/site-packages/airflow/example_dags/tutorial_taskflow_api.py
[2026-04-29T13:33:13.678+0200] {processor.py:840} INFO - DAG(s) 'tutorial_taskflow_api' retrieved from /Users/pablofrancoherrero/prueba_tecnica/venv/lib/python3.11/site-packages/airflow/example_dags/tutorial_taskflow_api.py
[2026-04-29T13:33:13.705+0200] {logging_mixin.py:188} INFO - [2026-04-29T13:33:13.705+0200] {dag.py:3096} INFO - Sync 1 DAGs
[2026-04-29T13:33:13.708+0200] {logging_mixin.py:188} INFO - [2026-04-29T13:33:13.708+0200] {dag.py:3954} INFO - Setting next_dagrun for tutorial_taskflow_api to None, run_after=None
[2026-04-29T13:33:13.713+0200] {processor.py:183} INFO - Processing /Users/pablofrancoherrero/prueba_tecnica/venv/lib/python3.11/site-packages/airflow/example_dags/tutorial_taskflow_api.py took 0.048 seconds
[2026-04-29T13:33:57.874+0200] {processor.py:161} INFO - Started process (PID=90128) to work on /Users/pablofrancoherrero/prueba_tecnica/venv/lib/python3.11/site-packages/airflow/example_dags/tutorial_taskflow_api.py
[2026-04-29T13:33:57.875+0200] {processor.py:830} INFO - Processing file /Users/pablofrancoherrero/prueba_tecnica/venv/lib/python3.11/site-packages/airflow/example_dags/tutorial_taskflow_api.py for tasks to queue
[2026-04-29T13:33:57.875+0200] {logging_mixin.py:188} INFO - [2026-04-29T13:33:57.875+0200] {dagbag.py:540} INFO - Filling up the DagBag from /Users/pablofrancoherrero/prueba_tecnica/venv/lib/python3.11/site-packages/airflow/example_dags/tutorial_taskflow_api.py
[2026-04-29T13:33:57.888+0200] {processor.py:840} INFO - DAG(s) 'tutorial_taskflow_api' retrieved from /Users/pablofrancoherrero/prueba_tecnica/venv/lib/python3.11/site-packages/airflow/example_dags/tutorial_taskflow_api.py
[2026-04-29T13:33:57.918+0200] {logging_mixin.py:188} INFO - [2026-04-29T13:33:57.918+0200] {dag.py:3096} INFO - Sync 1 DAGs
[2026-04-29T13:33:57.921+0200] {logging_mixin.py:188} INFO - [2026-04-29T13:33:57.921+0200] {dag.py:3954} INFO - Setting next_dagrun for tutorial_taskflow_api to None, run_after=None
[2026-04-29T13:33:57.926+0200] {processor.py:183} INFO - Processing /Users/pablofrancoherrero/prueba_tecnica/venv/lib/python3.11/site-packages/airflow/example_dags/tutorial_taskflow_api.py took 0.052 seconds
[2026-04-29T13:34:41.195+0200] {processor.py:161} INFO - Started process (PID=90179) to work on /Users/pablofrancoherrero/prueba_tecnica/venv/lib/python3.11/site-packages/airflow/example_dags/tutorial_taskflow_api.py
[2026-04-29T13:34:41.196+0200] {processor.py:830} INFO - Processing file /Users/pablofrancoherrero/prueba_tecnica/venv/lib/python3.11/site-packages/airflow/example_dags/tutorial_taskflow_api.py for tasks to queue
[2026-04-29T13:34:41.196+0200] {logging_mixin.py:188} INFO - [2026-04-29T13:34:41.196+0200] {dagbag.py:540} INFO - Filling up the DagBag from /Users/pablofrancoherrero/prueba_tecnica/venv/lib/python3.11/site-packages/airflow/example_dags/tutorial_taskflow_api.py
[2026-04-29T13:34:41.209+0200] {processor.py:840} INFO - DAG(s) 'tutorial_taskflow_api' retrieved from /Users/pablofrancoherrero/prueba_tecnica/venv/lib/python3.11/site-packages/airflow/example_dags/tutorial_taskflow_api.py
[2026-04-29T13:34:41.239+0200] {logging_mixin.py:188} INFO - [2026-04-29T13:34:41.239+0200] {dag.py:3096} INFO - Sync 1 DAGs
[2026-04-29T13:34:41.241+0200] {logging_mixin.py:188} INFO - [2026-04-29T13:34:41.241+0200] {dag.py:3954} INFO - Setting next_dagrun for tutorial_taskflow_api to None, run_after=None
[2026-04-29T13:34:41.246+0200] {processor.py:183} INFO - Processing /Users/pablofrancoherrero/prueba_tecnica/venv/lib/python3.11/site-packages/airflow/example_dags/tutorial_taskflow_api.py took 0.052 seconds
[2026-04-29T13:35:23.180+0200] {processor.py:161} INFO - Started process (PID=90222) to work on /Users/pablofrancoherrero/prueba_tecnica/venv/lib/python3.11/site-packages/airflow/example_dags/tutorial_taskflow_api.py
[2026-04-29T13:35:23.181+0200] {processor.py:830} INFO - Processing file /Users/pablofrancoherrero/prueba_tecnica/venv/lib/python3.11/site-packages/airflow/example_dags/tutorial_taskflow_api.py for tasks to queue
[2026-04-29T13:35:23.181+0200] {logging_mixin.py:188} INFO - [2026-04-29T13:35:23.181+0200] {dagbag.py:540} INFO - Filling up the DagBag from /Users/pablofrancoherrero/prueba_tecnica/venv/lib/python3.11/site-packages/airflow/example_dags/tutorial_taskflow_api.py
[2026-04-29T13:35:23.192+0200] {processor.py:840} INFO - DAG(s) 'tutorial_taskflow_api' retrieved from /Users/pablofrancoherrero/prueba_tecnica/venv/lib/python3.11/site-packages/airflow/example_dags/tutorial_taskflow_api.py
[2026-04-29T13:35:23.220+0200] {logging_mixin.py:188} INFO - [2026-04-29T13:35:23.220+0200] {dag.py:3096} INFO - Sync 1 DAGs
[2026-04-29T13:35:23.223+0200] {logging_mixin.py:188} INFO - [2026-04-29T13:35:23.223+0200] {dag.py:3954} INFO - Setting next_dagrun for tutorial_taskflow_api to None, run_after=None
[2026-04-29T13:35:23.228+0200] {processor.py:183} INFO - Processing /Users/pablofrancoherrero/prueba_tecnica/venv/lib/python3.11/site-packages/airflow/example_dags/tutorial_taskflow_api.py took 0.049 seconds
[2026-04-29T13:36:05.628+0200] {processor.py:161} INFO - Started process (PID=90268) to work on /Users/pablofrancoherrero/prueba_tecnica/venv/lib/python3.11/site-packages/airflow/example_dags/tutorial_taskflow_api.py
[2026-04-29T13:36:05.628+0200] {processor.py:830} INFO - Processing file /Users/pablofrancoherrero/prueba_tecnica/venv/lib/python3.11/site-packages/airflow/example_dags/tutorial_taskflow_api.py for tasks to queue
[2026-04-29T13:36:05.629+0200] {logging_mixin.py:188} INFO - [2026-04-29T13:36:05.628+0200] {dagbag.py:540} INFO - Filling up the DagBag from /Users/pablofrancoherrero/prueba_tecnica/venv/lib/python3.11/site-packages/airflow/example_dags/tutorial_taskflow_api.py
[2026-04-29T13:36:05.640+0200] {processor.py:840} INFO - DAG(s) 'tutorial_taskflow_api' retrieved from /Users/pablofrancoherrero/prueba_tecnica/venv/lib/python3.11/site-packages/airflow/example_dags/tutorial_taskflow_api.py
[2026-04-29T13:36:05.668+0200] {logging_mixin.py:188} INFO - [2026-04-29T13:36:05.668+0200] {dag.py:3096} INFO - Sync 1 DAGs
[2026-04-29T13:36:05.671+0200] {logging_mixin.py:188} INFO - [2026-04-29T13:36:05.671+0200] {dag.py:3954} INFO - Setting next_dagrun for tutorial_taskflow_api to None, run_after=None
[2026-04-29T13:36:05.676+0200] {processor.py:183} INFO - Processing /Users/pablofrancoherrero/prueba_tecnica/venv/lib/python3.11/site-packages/airflow/example_dags/tutorial_taskflow_api.py took 0.049 seconds
[2026-04-29T13:36:47.975+0200] {processor.py:161} INFO - Started process (PID=90315) to work on /Users/pablofrancoherrero/prueba_tecnica/venv/lib/python3.11/site-packages/airflow/example_dags/tutorial_taskflow_api.py
[2026-04-29T13:36:47.976+0200] {processor.py:830} INFO - Processing file /Users/pablofrancoherrero/prueba_tecnica/venv/lib/python3.11/site-packages/airflow/example_dags/tutorial_taskflow_api.py for tasks to queue
[2026-04-29T13:36:47.976+0200] {logging_mixin.py:188} INFO - [2026-04-29T13:36:47.976+0200] {dagbag.py:540} INFO - Filling up the DagBag from /Users/pablofrancoherrero/prueba_tecnica/venv/lib/python3.11/site-packages/airflow/example_dags/tutorial_taskflow_api.py
[2026-04-29T13:36:48.012+0200] {processor.py:840} INFO - DAG(s) 'tutorial_taskflow_api' retrieved from /Users/pablofrancoherrero/prueba_tecnica/venv/lib/python3.11/site-packages/airflow/example_dags/tutorial_taskflow_api.py
[2026-04-29T13:36:48.053+0200] {logging_mixin.py:188} INFO - [2026-04-29T13:36:48.053+0200] {dag.py:3096} INFO - Sync 1 DAGs
[2026-04-29T13:36:48.058+0200] {logging_mixin.py:188} INFO - [2026-04-29T13:36:48.057+0200] {dag.py:3954} INFO - Setting next_dagrun for tutorial_taskflow_api to None, run_after=None
[2026-04-29T13:36:48.065+0200] {processor.py:183} INFO - Processing /Users/pablofrancoherrero/prueba_tecnica/venv/lib/python3.11/site-packages/airflow/example_dags/tutorial_taskflow_api.py took 0.094 seconds
[2026-04-29T13:37:30.518+0200] {processor.py:161} INFO - Started process (PID=90380) to work on /Users/pablofrancoherrero/prueba_tecnica/venv/lib/python3.11/site-packages/airflow/example_dags/tutorial_taskflow_api.py
[2026-04-29T13:37:30.519+0200] {processor.py:830} INFO - Processing file /Users/pablofrancoherrero/prueba_tecnica/venv/lib/python3.11/site-packages/airflow/example_dags/tutorial_taskflow_api.py for tasks to queue
[2026-04-29T13:37:30.520+0200] {logging_mixin.py:188} INFO - [2026-04-29T13:37:30.520+0200] {dagbag.py:540} INFO - Filling up the DagBag from /Users/pablofrancoherrero/prueba_tecnica/venv/lib/python3.11/site-packages/airflow/example_dags/tutorial_taskflow_api.py
[2026-04-29T13:37:30.531+0200] {processor.py:840} INFO - DAG(s) 'tutorial_taskflow_api' retrieved from /Users/pablofrancoherrero/prueba_tecnica/venv/lib/python3.11/site-packages/airflow/example_dags/tutorial_taskflow_api.py
[2026-04-29T13:37:30.558+0200] {logging_mixin.py:188} INFO - [2026-04-29T13:37:30.558+0200] {dag.py:3096} INFO - Sync 1 DAGs
[2026-04-29T13:37:30.561+0200] {logging_mixin.py:188} INFO - [2026-04-29T13:37:30.561+0200] {dag.py:3954} INFO - Setting next_dagrun for tutorial_taskflow_api to None, run_after=None
[2026-04-29T13:37:30.566+0200] {processor.py:183} INFO - Processing /Users/pablofrancoherrero/prueba_tecnica/venv/lib/python3.11/site-packages/airflow/example_dags/tutorial_taskflow_api.py took 0.048 seconds
[2026-04-29T13:38:12.185+0200] {processor.py:161} INFO - Started process (PID=90437) to work on /Users/pablofrancoherrero/prueba_tecnica/venv/lib/python3.11/site-packages/airflow/example_dags/tutorial_taskflow_api.py
[2026-04-29T13:38:12.186+0200] {processor.py:830} INFO - Processing file /Users/pablofrancoherrero/prueba_tecnica/venv/lib/python3.11/site-packages/airflow/example_dags/tutorial_taskflow_api.py for tasks to queue
[2026-04-29T13:38:12.186+0200] {logging_mixin.py:188} INFO - [2026-04-29T13:38:12.186+0200] {dagbag.py:540} INFO - Filling up the DagBag from /Users/pablofrancoherrero/prueba_tecnica/venv/lib/python3.11/site-packages/airflow/example_dags/tutorial_taskflow_api.py
[2026-04-29T13:38:12.200+0200] {processor.py:840} INFO - DAG(s) 'tutorial_taskflow_api' retrieved from /Users/pablofrancoherrero/prueba_tecnica/venv/lib/python3.11/site-packages/airflow/example_dags/tutorial_taskflow_api.py
[2026-04-29T13:38:12.231+0200] {logging_mixin.py:188} INFO - [2026-04-29T13:38:12.231+0200] {dag.py:3096} INFO - Sync 1 DAGs
[2026-04-29T13:38:12.233+0200] {logging_mixin.py:188} INFO - [2026-04-29T13:38:12.233+0200] {dag.py:3954} INFO - Setting next_dagrun for tutorial_taskflow_api to None, run_after=None
[2026-04-29T13:38:12.238+0200] {processor.py:183} INFO - Processing /Users/pablofrancoherrero/prueba_tecnica/venv/lib/python3.11/site-packages/airflow/example_dags/tutorial_taskflow_api.py took 0.054 seconds
[2026-04-29T13:38:53.670+0200] {processor.py:161} INFO - Started process (PID=90499) to work on /Users/pablofrancoherrero/prueba_tecnica/venv/lib/python3.11/site-packages/airflow/example_dags/tutorial_taskflow_api.py
[2026-04-29T13:38:53.671+0200] {processor.py:830} INFO - Processing file /Users/pablofrancoherrero/prueba_tecnica/venv/lib/python3.11/site-packages/airflow/example_dags/tutorial_taskflow_api.py for tasks to queue
[2026-04-29T13:38:53.671+0200] {logging_mixin.py:188} INFO - [2026-04-29T13:38:53.671+0200] {dagbag.py:540} INFO - Filling up the DagBag from /Users/pablofrancoherrero/prueba_tecnica/venv/lib/python3.11/site-packages/airflow/example_dags/tutorial_taskflow_api.py
[2026-04-29T13:38:53.684+0200] {processor.py:840} INFO - DAG(s) 'tutorial_taskflow_api' retrieved from /Users/pablofrancoherrero/prueba_tecnica/venv/lib/python3.11/site-packages/airflow/example_dags/tutorial_taskflow_api.py
[2026-04-29T13:38:53.714+0200] {logging_mixin.py:188} INFO - [2026-04-29T13:38:53.714+0200] {dag.py:3096} INFO - Sync 1 DAGs
[2026-04-29T13:38:53.716+0200] {logging_mixin.py:188} INFO - [2026-04-29T13:38:53.716+0200] {dag.py:3954} INFO - Setting next_dagrun for tutorial_taskflow_api to None, run_after=None
[2026-04-29T13:38:53.721+0200] {processor.py:183} INFO - Processing /Users/pablofrancoherrero/prueba_tecnica/venv/lib/python3.11/site-packages/airflow/example_dags/tutorial_taskflow_api.py took 0.051 seconds
[2026-04-29T13:39:36.838+0200] {processor.py:161} INFO - Started process (PID=90562) to work on /Users/pablofrancoherrero/prueba_tecnica/venv/lib/python3.11/site-packages/airflow/example_dags/tutorial_taskflow_api.py
[2026-04-29T13:39:36.839+0200] {processor.py:830} INFO - Processing file /Users/pablofrancoherrero/prueba_tecnica/venv/lib/python3.11/site-packages/airflow/example_dags/tutorial_taskflow_api.py for tasks to queue
[2026-04-29T13:39:36.839+0200] {logging_mixin.py:188} INFO - [2026-04-29T13:39:36.839+0200] {dagbag.py:540} INFO - Filling up the DagBag from /Users/pablofrancoherrero/prueba_tecnica/venv/lib/python3.11/site-packages/airflow/example_dags/tutorial_taskflow_api.py
[2026-04-29T13:39:36.850+0200] {processor.py:840} INFO - DAG(s) 'tutorial_taskflow_api' retrieved from /Users/pablofrancoherrero/prueba_tecnica/venv/lib/python3.11/site-packages/airflow/example_dags/tutorial_taskflow_api.py
[2026-04-29T13:39:36.877+0200] {logging_mixin.py:188} INFO - [2026-04-29T13:39:36.876+0200] {dag.py:3096} INFO - Sync 1 DAGs
[2026-04-29T13:39:36.879+0200] {logging_mixin.py:188} INFO - [2026-04-29T13:39:36.879+0200] {dag.py:3954} INFO - Setting next_dagrun for tutorial_taskflow_api to None, run_after=None
[2026-04-29T13:39:36.884+0200] {processor.py:183} INFO - Processing /Users/pablofrancoherrero/prueba_tecnica/venv/lib/python3.11/site-packages/airflow/example_dags/tutorial_taskflow_api.py took 0.047 seconds
[2026-04-29T13:40:20.515+0200] {processor.py:161} INFO - Started process (PID=90623) to work on /Users/pablofrancoherrero/prueba_tecnica/venv/lib/python3.11/site-packages/airflow/example_dags/tutorial_taskflow_api.py
[2026-04-29T13:40:20.515+0200] {processor.py:830} INFO - Processing file /Users/pablofrancoherrero/prueba_tecnica/venv/lib/python3.11/site-packages/airflow/example_dags/tutorial_taskflow_api.py for tasks to queue
[2026-04-29T13:40:20.515+0200] {logging_mixin.py:188} INFO - [2026-04-29T13:40:20.515+0200] {dagbag.py:540} INFO - Filling up the DagBag from /Users/pablofrancoherrero/prueba_tecnica/venv/lib/python3.11/site-packages/airflow/example_dags/tutorial_taskflow_api.py
[2026-04-29T13:40:20.528+0200] {processor.py:840} INFO - DAG(s) 'tutorial_taskflow_api' retrieved from /Users/pablofrancoherrero/prueba_tecnica/venv/lib/python3.11/site-packages/airflow/example_dags/tutorial_taskflow_api.py
[2026-04-29T13:40:20.558+0200] {logging_mixin.py:188} INFO - [2026-04-29T13:40:20.558+0200] {dag.py:3096} INFO - Sync 1 DAGs
[2026-04-29T13:40:20.560+0200] {logging_mixin.py:188} INFO - [2026-04-29T13:40:20.560+0200] {dag.py:3954} INFO - Setting next_dagrun for tutorial_taskflow_api to None, run_after=None
[2026-04-29T13:40:20.565+0200] {processor.py:183} INFO - Processing /Users/pablofrancoherrero/prueba_tecnica/venv/lib/python3.11/site-packages/airflow/example_dags/tutorial_taskflow_api.py took 0.051 seconds
[2026-04-29T13:41:01.486+0200] {processor.py:161} INFO - Started process (PID=90666) to work on /Users/pablofrancoherrero/prueba_tecnica/venv/lib/python3.11/site-packages/airflow/example_dags/tutorial_taskflow_api.py
[2026-04-29T13:41:01.487+0200] {processor.py:830} INFO - Processing file /Users/pablofrancoherrero/prueba_tecnica/venv/lib/python3.11/site-packages/airflow/example_dags/tutorial_taskflow_api.py for tasks to queue
[2026-04-29T13:41:01.487+0200] {logging_mixin.py:188} INFO - [2026-04-29T13:41:01.487+0200] {dagbag.py:540} INFO - Filling up the DagBag from /Users/pablofrancoherrero/prueba_tecnica/venv/lib/python3.11/site-packages/airflow/example_dags/tutorial_taskflow_api.py
[2026-04-29T13:41:01.500+0200] {processor.py:840} INFO - DAG(s) 'tutorial_taskflow_api' retrieved from /Users/pablofrancoherrero/prueba_tecnica/venv/lib/python3.11/site-packages/airflow/example_dags/tutorial_taskflow_api.py
[2026-04-29T13:41:01.529+0200] {logging_mixin.py:188} INFO - [2026-04-29T13:41:01.529+0200] {dag.py:3096} INFO - Sync 1 DAGs
[2026-04-29T13:41:01.532+0200] {logging_mixin.py:188} INFO - [2026-04-29T13:41:01.532+0200] {dag.py:3954} INFO - Setting next_dagrun for tutorial_taskflow_api to None, run_after=None
[2026-04-29T13:41:01.536+0200] {processor.py:183} INFO - Processing /Users/pablofrancoherrero/prueba_tecnica/venv/lib/python3.11/site-packages/airflow/example_dags/tutorial_taskflow_api.py took 0.051 seconds
[2026-04-29T13:41:43.960+0200] {processor.py:161} INFO - Started process (PID=90713) to work on /Users/pablofrancoherrero/prueba_tecnica/venv/lib/python3.11/site-packages/airflow/example_dags/tutorial_taskflow_api.py
[2026-04-29T13:41:43.961+0200] {processor.py:830} INFO - Processing file /Users/pablofrancoherrero/prueba_tecnica/venv/lib/python3.11/site-packages/airflow/example_dags/tutorial_taskflow_api.py for tasks to queue
[2026-04-29T13:41:43.962+0200] {logging_mixin.py:188} INFO - [2026-04-29T13:41:43.962+0200] {dagbag.py:540} INFO - Filling up the DagBag from /Users/pablofrancoherrero/prueba_tecnica/venv/lib/python3.11/site-packages/airflow/example_dags/tutorial_taskflow_api.py
[2026-04-29T13:41:43.974+0200] {processor.py:840} INFO - DAG(s) 'tutorial_taskflow_api' retrieved from /Users/pablofrancoherrero/prueba_tecnica/venv/lib/python3.11/site-packages/airflow/example_dags/tutorial_taskflow_api.py
[2026-04-29T13:41:44.004+0200] {logging_mixin.py:188} INFO - [2026-04-29T13:41:44.004+0200] {dag.py:3096} INFO - Sync 1 DAGs
[2026-04-29T13:41:44.007+0200] {logging_mixin.py:188} INFO - [2026-04-29T13:41:44.007+0200] {dag.py:3954} INFO - Setting next_dagrun for tutorial_taskflow_api to None, run_after=None
[2026-04-29T13:41:44.012+0200] {processor.py:183} INFO - Processing /Users/pablofrancoherrero/prueba_tecnica/venv/lib/python3.11/site-packages/airflow/example_dags/tutorial_taskflow_api.py took 0.053 seconds
[2026-04-29T13:42:26.272+0200] {processor.py:161} INFO - Started process (PID=90766) to work on /Users/pablofrancoherrero/prueba_tecnica/venv/lib/python3.11/site-packages/airflow/example_dags/tutorial_taskflow_api.py
[2026-04-29T13:42:26.272+0200] {processor.py:830} INFO - Processing file /Users/pablofrancoherrero/prueba_tecnica/venv/lib/python3.11/site-packages/airflow/example_dags/tutorial_taskflow_api.py for tasks to queue
[2026-04-29T13:42:26.273+0200] {logging_mixin.py:188} INFO - [2026-04-29T13:42:26.273+0200] {dagbag.py:540} INFO - Filling up the DagBag from /Users/pablofrancoherrero/prueba_tecnica/venv/lib/python3.11/site-packages/airflow/example_dags/tutorial_taskflow_api.py
[2026-04-29T13:42:26.284+0200] {processor.py:840} INFO - DAG(s) 'tutorial_taskflow_api' retrieved from /Users/pablofrancoherrero/prueba_tecnica/venv/lib/python3.11/site-packages/airflow/example_dags/tutorial_taskflow_api.py
[2026-04-29T13:42:26.310+0200] {logging_mixin.py:188} INFO - [2026-04-29T13:42:26.310+0200] {dag.py:3096} INFO - Sync 1 DAGs
[2026-04-29T13:42:26.313+0200] {logging_mixin.py:188} INFO - [2026-04-29T13:42:26.313+0200] {dag.py:3954} INFO - Setting next_dagrun for tutorial_taskflow_api to None, run_after=None
[2026-04-29T13:42:26.318+0200] {processor.py:183} INFO - Processing /Users/pablofrancoherrero/prueba_tecnica/venv/lib/python3.11/site-packages/airflow/example_dags/tutorial_taskflow_api.py took 0.047 seconds
[2026-04-29T13:43:08.508+0200] {processor.py:161} INFO - Started process (PID=90929) to work on /Users/pablofrancoherrero/prueba_tecnica/venv/lib/python3.11/site-packages/airflow/example_dags/tutorial_taskflow_api.py
[2026-04-29T13:43:08.509+0200] {processor.py:830} INFO - Processing file /Users/pablofrancoherrero/prueba_tecnica/venv/lib/python3.11/site-packages/airflow/example_dags/tutorial_taskflow_api.py for tasks to queue
[2026-04-29T13:43:08.509+0200] {logging_mixin.py:188} INFO - [2026-04-29T13:43:08.509+0200] {dagbag.py:540} INFO - Filling up the DagBag from /Users/pablofrancoherrero/prueba_tecnica/venv/lib/python3.11/site-packages/airflow/example_dags/tutorial_taskflow_api.py
[2026-04-29T13:43:08.521+0200] {processor.py:840} INFO - DAG(s) 'tutorial_taskflow_api' retrieved from /Users/pablofrancoherrero/prueba_tecnica/venv/lib/python3.11/site-packages/airflow/example_dags/tutorial_taskflow_api.py
[2026-04-29T13:43:08.548+0200] {logging_mixin.py:188} INFO - [2026-04-29T13:43:08.548+0200] {dag.py:3096} INFO - Sync 1 DAGs
[2026-04-29T13:43:08.551+0200] {logging_mixin.py:188} INFO - [2026-04-29T13:43:08.551+0200] {dag.py:3954} INFO - Setting next_dagrun for tutorial_taskflow_api to None, run_after=None
[2026-04-29T13:43:08.556+0200] {processor.py:183} INFO - Processing /Users/pablofrancoherrero/prueba_tecnica/venv/lib/python3.11/site-packages/airflow/example_dags/tutorial_taskflow_api.py took 0.048 seconds
[2026-04-29T13:43:51.576+0200] {processor.py:161} INFO - Started process (PID=91032) to work on /Users/pablofrancoherrero/prueba_tecnica/venv/lib/python3.11/site-packages/airflow/example_dags/tutorial_taskflow_api.py
[2026-04-29T13:43:51.577+0200] {processor.py:830} INFO - Processing file /Users/pablofrancoherrero/prueba_tecnica/venv/lib/python3.11/site-packages/airflow/example_dags/tutorial_taskflow_api.py for tasks to queue
[2026-04-29T13:43:51.577+0200] {logging_mixin.py:188} INFO - [2026-04-29T13:43:51.577+0200] {dagbag.py:540} INFO - Filling up the DagBag from /Users/pablofrancoherrero/prueba_tecnica/venv/lib/python3.11/site-packages/airflow/example_dags/tutorial_taskflow_api.py
[2026-04-29T13:43:51.589+0200] {processor.py:840} INFO - DAG(s) 'tutorial_taskflow_api' retrieved from /Users/pablofrancoherrero/prueba_tecnica/venv/lib/python3.11/site-packages/airflow/example_dags/tutorial_taskflow_api.py
[2026-04-29T13:43:51.615+0200] {logging_mixin.py:188} INFO - [2026-04-29T13:43:51.615+0200] {dag.py:3096} INFO - Sync 1 DAGs
[2026-04-29T13:43:51.618+0200] {logging_mixin.py:188} INFO - [2026-04-29T13:43:51.618+0200] {dag.py:3954} INFO - Setting next_dagrun for tutorial_taskflow_api to None, run_after=None
[2026-04-29T13:43:51.623+0200] {processor.py:183} INFO - Processing /Users/pablofrancoherrero/prueba_tecnica/venv/lib/python3.11/site-packages/airflow/example_dags/tutorial_taskflow_api.py took 0.047 seconds
[2026-04-29T13:44:33.456+0200] {processor.py:161} INFO - Started process (PID=91075) to work on /Users/pablofrancoherrero/prueba_tecnica/venv/lib/python3.11/site-packages/airflow/example_dags/tutorial_taskflow_api.py
[2026-04-29T13:44:33.457+0200] {processor.py:830} INFO - Processing file /Users/pablofrancoherrero/prueba_tecnica/venv/lib/python3.11/site-packages/airflow/example_dags/tutorial_taskflow_api.py for tasks to queue
[2026-04-29T13:44:33.457+0200] {logging_mixin.py:188} INFO - [2026-04-29T13:44:33.457+0200] {dagbag.py:540} INFO - Filling up the DagBag from /Users/pablofrancoherrero/prueba_tecnica/venv/lib/python3.11/site-packages/airflow/example_dags/tutorial_taskflow_api.py
[2026-04-29T13:44:33.468+0200] {processor.py:840} INFO - DAG(s) 'tutorial_taskflow_api' retrieved from /Users/pablofrancoherrero/prueba_tecnica/venv/lib/python3.11/site-packages/airflow/example_dags/tutorial_taskflow_api.py
[2026-04-29T13:44:33.493+0200] {logging_mixin.py:188} INFO - [2026-04-29T13:44:33.493+0200] {dag.py:3096} INFO - Sync 1 DAGs
[2026-04-29T13:44:33.496+0200] {logging_mixin.py:188} INFO - [2026-04-29T13:44:33.496+0200] {dag.py:3954} INFO - Setting next_dagrun for tutorial_taskflow_api to None, run_after=None
[2026-04-29T13:44:33.501+0200] {processor.py:183} INFO - Processing /Users/pablofrancoherrero/prueba_tecnica/venv/lib/python3.11/site-packages/airflow/example_dags/tutorial_taskflow_api.py took 0.046 seconds
[2026-04-29T13:45:16.358+0200] {processor.py:161} INFO - Started process (PID=91127) to work on /Users/pablofrancoherrero/prueba_tecnica/venv/lib/python3.11/site-packages/airflow/example_dags/tutorial_taskflow_api.py
[2026-04-29T13:45:16.358+0200] {processor.py:830} INFO - Processing file /Users/pablofrancoherrero/prueba_tecnica/venv/lib/python3.11/site-packages/airflow/example_dags/tutorial_taskflow_api.py for tasks to queue
[2026-04-29T13:45:16.358+0200] {logging_mixin.py:188} INFO - [2026-04-29T13:45:16.358+0200] {dagbag.py:540} INFO - Filling up the DagBag from /Users/pablofrancoherrero/prueba_tecnica/venv/lib/python3.11/site-packages/airflow/example_dags/tutorial_taskflow_api.py
[2026-04-29T13:45:16.369+0200] {processor.py:840} INFO - DAG(s) 'tutorial_taskflow_api' retrieved from /Users/pablofrancoherrero/prueba_tecnica/venv/lib/python3.11/site-packages/airflow/example_dags/tutorial_taskflow_api.py
[2026-04-29T13:45:16.397+0200] {logging_mixin.py:188} INFO - [2026-04-29T13:45:16.397+0200] {dag.py:3096} INFO - Sync 1 DAGs
[2026-04-29T13:45:16.400+0200] {logging_mixin.py:188} INFO - [2026-04-29T13:45:16.400+0200] {dag.py:3954} INFO - Setting next_dagrun for tutorial_taskflow_api to None, run_after=None
[2026-04-29T13:45:16.404+0200] {processor.py:183} INFO - Processing /Users/pablofrancoherrero/prueba_tecnica/venv/lib/python3.11/site-packages/airflow/example_dags/tutorial_taskflow_api.py took 0.048 seconds
[2026-04-29T13:45:57.559+0200] {processor.py:161} INFO - Started process (PID=91170) to work on /Users/pablofrancoherrero/prueba_tecnica/venv/lib/python3.11/site-packages/airflow/example_dags/tutorial_taskflow_api.py
[2026-04-29T13:45:57.560+0200] {processor.py:830} INFO - Processing file /Users/pablofrancoherrero/prueba_tecnica/venv/lib/python3.11/site-packages/airflow/example_dags/tutorial_taskflow_api.py for tasks to queue
[2026-04-29T13:45:57.560+0200] {logging_mixin.py:188} INFO - [2026-04-29T13:45:57.560+0200] {dagbag.py:540} INFO - Filling up the DagBag from /Users/pablofrancoherrero/prueba_tecnica/venv/lib/python3.11/site-packages/airflow/example_dags/tutorial_taskflow_api.py
[2026-04-29T13:45:57.572+0200] {processor.py:840} INFO - DAG(s) 'tutorial_taskflow_api' retrieved from /Users/pablofrancoherrero/prueba_tecnica/venv/lib/python3.11/site-packages/airflow/example_dags/tutorial_taskflow_api.py
[2026-04-29T13:45:57.601+0200] {logging_mixin.py:188} INFO - [2026-04-29T13:45:57.601+0200] {dag.py:3096} INFO - Sync 1 DAGs
[2026-04-29T13:45:57.604+0200] {logging_mixin.py:188} INFO - [2026-04-29T13:45:57.603+0200] {dag.py:3954} INFO - Setting next_dagrun for tutorial_taskflow_api to None, run_after=None
[2026-04-29T13:45:57.608+0200] {processor.py:183} INFO - Processing /Users/pablofrancoherrero/prueba_tecnica/venv/lib/python3.11/site-packages/airflow/example_dags/tutorial_taskflow_api.py took 0.050 seconds
[2026-04-29T13:46:40.151+0200] {processor.py:161} INFO - Started process (PID=91237) to work on /Users/pablofrancoherrero/prueba_tecnica/venv/lib/python3.11/site-packages/airflow/example_dags/tutorial_taskflow_api.py
[2026-04-29T13:46:40.151+0200] {processor.py:830} INFO - Processing file /Users/pablofrancoherrero/prueba_tecnica/venv/lib/python3.11/site-packages/airflow/example_dags/tutorial_taskflow_api.py for tasks to queue
[2026-04-29T13:46:40.152+0200] {logging_mixin.py:188} INFO - [2026-04-29T13:46:40.152+0200] {dagbag.py:540} INFO - Filling up the DagBag from /Users/pablofrancoherrero/prueba_tecnica/venv/lib/python3.11/site-packages/airflow/example_dags/tutorial_taskflow_api.py
[2026-04-29T13:46:40.163+0200] {processor.py:840} INFO - DAG(s) 'tutorial_taskflow_api' retrieved from /Users/pablofrancoherrero/prueba_tecnica/venv/lib/python3.11/site-packages/airflow/example_dags/tutorial_taskflow_api.py
[2026-04-29T13:46:40.188+0200] {logging_mixin.py:188} INFO - [2026-04-29T13:46:40.188+0200] {dag.py:3096} INFO - Sync 1 DAGs
[2026-04-29T13:46:40.191+0200] {logging_mixin.py:188} INFO - [2026-04-29T13:46:40.191+0200] {dag.py:3954} INFO - Setting next_dagrun for tutorial_taskflow_api to None, run_after=None
[2026-04-29T13:46:40.196+0200] {processor.py:183} INFO - Processing /Users/pablofrancoherrero/prueba_tecnica/venv/lib/python3.11/site-packages/airflow/example_dags/tutorial_taskflow_api.py took 0.046 seconds
[2026-04-29T13:47:23.078+0200] {processor.py:161} INFO - Started process (PID=91291) to work on /Users/pablofrancoherrero/prueba_tecnica/venv/lib/python3.11/site-packages/airflow/example_dags/tutorial_taskflow_api.py
[2026-04-29T13:47:23.079+0200] {processor.py:830} INFO - Processing file /Users/pablofrancoherrero/prueba_tecnica/venv/lib/python3.11/site-packages/airflow/example_dags/tutorial_taskflow_api.py for tasks to queue
[2026-04-29T13:47:23.079+0200] {logging_mixin.py:188} INFO - [2026-04-29T13:47:23.079+0200] {dagbag.py:540} INFO - Filling up the DagBag from /Users/pablofrancoherrero/prueba_tecnica/venv/lib/python3.11/site-packages/airflow/example_dags/tutorial_taskflow_api.py
[2026-04-29T13:47:23.092+0200] {processor.py:840} INFO - DAG(s) 'tutorial_taskflow_api' retrieved from /Users/pablofrancoherrero/prueba_tecnica/venv/lib/python3.11/site-packages/airflow/example_dags/tutorial_taskflow_api.py
[2026-04-29T13:47:23.118+0200] {logging_mixin.py:188} INFO - [2026-04-29T13:47:23.118+0200] {dag.py:3096} INFO - Sync 1 DAGs
[2026-04-29T13:47:23.121+0200] {logging_mixin.py:188} INFO - [2026-04-29T13:47:23.121+0200] {dag.py:3954} INFO - Setting next_dagrun for tutorial_taskflow_api to None, run_after=None
[2026-04-29T13:47:23.126+0200] {processor.py:183} INFO - Processing /Users/pablofrancoherrero/prueba_tecnica/venv/lib/python3.11/site-packages/airflow/example_dags/tutorial_taskflow_api.py took 0.050 seconds
[2026-04-29T13:48:04.049+0200] {processor.py:161} INFO - Started process (PID=91348) to work on /Users/pablofrancoherrero/prueba_tecnica/venv/lib/python3.11/site-packages/airflow/example_dags/tutorial_taskflow_api.py
[2026-04-29T13:48:04.050+0200] {processor.py:830} INFO - Processing file /Users/pablofrancoherrero/prueba_tecnica/venv/lib/python3.11/site-packages/airflow/example_dags/tutorial_taskflow_api.py for tasks to queue
[2026-04-29T13:48:04.050+0200] {logging_mixin.py:188} INFO - [2026-04-29T13:48:04.050+0200] {dagbag.py:540} INFO - Filling up the DagBag from /Users/pablofrancoherrero/prueba_tecnica/venv/lib/python3.11/site-packages/airflow/example_dags/tutorial_taskflow_api.py
[2026-04-29T13:48:04.064+0200] {processor.py:840} INFO - DAG(s) 'tutorial_taskflow_api' retrieved from /Users/pablofrancoherrero/prueba_tecnica/venv/lib/python3.11/site-packages/airflow/example_dags/tutorial_taskflow_api.py
[2026-04-29T13:48:04.093+0200] {logging_mixin.py:188} INFO - [2026-04-29T13:48:04.093+0200] {dag.py:3096} INFO - Sync 1 DAGs
[2026-04-29T13:48:04.096+0200] {logging_mixin.py:188} INFO - [2026-04-29T13:48:04.096+0200] {dag.py:3954} INFO - Setting next_dagrun for tutorial_taskflow_api to None, run_after=None
[2026-04-29T13:48:04.100+0200] {processor.py:183} INFO - Processing /Users/pablofrancoherrero/prueba_tecnica/venv/lib/python3.11/site-packages/airflow/example_dags/tutorial_taskflow_api.py took 0.052 seconds
[2026-04-29T13:48:44.471+0200] {processor.py:161} INFO - Started process (PID=91392) to work on /Users/pablofrancoherrero/prueba_tecnica/venv/lib/python3.11/site-packages/airflow/example_dags/tutorial_taskflow_api.py
[2026-04-29T13:48:44.471+0200] {processor.py:830} INFO - Processing file /Users/pablofrancoherrero/prueba_tecnica/venv/lib/python3.11/site-packages/airflow/example_dags/tutorial_taskflow_api.py for tasks to queue
[2026-04-29T13:48:44.471+0200] {logging_mixin.py:188} INFO - [2026-04-29T13:48:44.471+0200] {dagbag.py:540} INFO - Filling up the DagBag from /Users/pablofrancoherrero/prueba_tecnica/venv/lib/python3.11/site-packages/airflow/example_dags/tutorial_taskflow_api.py
[2026-04-29T13:48:44.483+0200] {processor.py:840} INFO - DAG(s) 'tutorial_taskflow_api' retrieved from /Users/pablofrancoherrero/prueba_tecnica/venv/lib/python3.11/site-packages/airflow/example_dags/tutorial_taskflow_api.py
[2026-04-29T13:48:44.509+0200] {logging_mixin.py:188} INFO - [2026-04-29T13:48:44.509+0200] {dag.py:3096} INFO - Sync 1 DAGs
[2026-04-29T13:48:44.512+0200] {logging_mixin.py:188} INFO - [2026-04-29T13:48:44.512+0200] {dag.py:3954} INFO - Setting next_dagrun for tutorial_taskflow_api to None, run_after=None
[2026-04-29T13:48:44.516+0200] {processor.py:183} INFO - Processing /Users/pablofrancoherrero/prueba_tecnica/venv/lib/python3.11/site-packages/airflow/example_dags/tutorial_taskflow_api.py took 0.047 seconds
[2026-04-29T13:49:27.522+0200] {processor.py:161} INFO - Started process (PID=91457) to work on /Users/pablofrancoherrero/prueba_tecnica/venv/lib/python3.11/site-packages/airflow/example_dags/tutorial_taskflow_api.py
[2026-04-29T13:49:27.524+0200] {processor.py:830} INFO - Processing file /Users/pablofrancoherrero/prueba_tecnica/venv/lib/python3.11/site-packages/airflow/example_dags/tutorial_taskflow_api.py for tasks to queue
[2026-04-29T13:49:27.524+0200] {logging_mixin.py:188} INFO - [2026-04-29T13:49:27.524+0200] {dagbag.py:540} INFO - Filling up the DagBag from /Users/pablofrancoherrero/prueba_tecnica/venv/lib/python3.11/site-packages/airflow/example_dags/tutorial_taskflow_api.py
[2026-04-29T13:49:27.543+0200] {processor.py:840} INFO - DAG(s) 'tutorial_taskflow_api' retrieved from /Users/pablofrancoherrero/prueba_tecnica/venv/lib/python3.11/site-packages/airflow/example_dags/tutorial_taskflow_api.py
[2026-04-29T13:49:27.581+0200] {logging_mixin.py:188} INFO - [2026-04-29T13:49:27.581+0200] {dag.py:3096} INFO - Sync 1 DAGs
[2026-04-29T13:49:27.584+0200] {logging_mixin.py:188} INFO - [2026-04-29T13:49:27.584+0200] {dag.py:3954} INFO - Setting next_dagrun for tutorial_taskflow_api to None, run_after=None
[2026-04-29T13:49:27.589+0200] {processor.py:183} INFO - Processing /Users/pablofrancoherrero/prueba_tecnica/venv/lib/python3.11/site-packages/airflow/example_dags/tutorial_taskflow_api.py took 0.069 seconds
[2026-04-29T13:50:48.097+0200] {processor.py:161} INFO - Started process (PID=91540) to work on /Users/pablofrancoherrero/prueba_tecnica/venv/lib/python3.11/site-packages/airflow/example_dags/tutorial_taskflow_api.py
[2026-04-29T13:50:48.098+0200] {processor.py:830} INFO - Processing file /Users/pablofrancoherrero/prueba_tecnica/venv/lib/python3.11/site-packages/airflow/example_dags/tutorial_taskflow_api.py for tasks to queue
[2026-04-29T13:50:48.098+0200] {logging_mixin.py:188} INFO - [2026-04-29T13:50:48.098+0200] {dagbag.py:540} INFO - Filling up the DagBag from /Users/pablofrancoherrero/prueba_tecnica/venv/lib/python3.11/site-packages/airflow/example_dags/tutorial_taskflow_api.py
[2026-04-29T13:50:48.109+0200] {processor.py:840} INFO - DAG(s) 'tutorial_taskflow_api' retrieved from /Users/pablofrancoherrero/prueba_tecnica/venv/lib/python3.11/site-packages/airflow/example_dags/tutorial_taskflow_api.py
[2026-04-29T13:50:48.135+0200] {logging_mixin.py:188} INFO - [2026-04-29T13:50:48.135+0200] {dag.py:3096} INFO - Sync 1 DAGs
[2026-04-29T13:50:48.137+0200] {logging_mixin.py:188} INFO - [2026-04-29T13:50:48.137+0200] {dag.py:3954} INFO - Setting next_dagrun for tutorial_taskflow_api to None, run_after=None
[2026-04-29T13:50:48.142+0200] {processor.py:183} INFO - Processing /Users/pablofrancoherrero/prueba_tecnica/venv/lib/python3.11/site-packages/airflow/example_dags/tutorial_taskflow_api.py took 0.046 seconds
[2026-04-29T13:51:28.956+0200] {processor.py:161} INFO - Started process (PID=91574) to work on /Users/pablofrancoherrero/prueba_tecnica/venv/lib/python3.11/site-packages/airflow/example_dags/tutorial_taskflow_api.py
[2026-04-29T13:51:28.957+0200] {processor.py:830} INFO - Processing file /Users/pablofrancoherrero/prueba_tecnica/venv/lib/python3.11/site-packages/airflow/example_dags/tutorial_taskflow_api.py for tasks to queue
[2026-04-29T13:51:28.957+0200] {logging_mixin.py:188} INFO - [2026-04-29T13:51:28.957+0200] {dagbag.py:540} INFO - Filling up the DagBag from /Users/pablofrancoherrero/prueba_tecnica/venv/lib/python3.11/site-packages/airflow/example_dags/tutorial_taskflow_api.py
[2026-04-29T13:51:28.968+0200] {processor.py:840} INFO - DAG(s) 'tutorial_taskflow_api' retrieved from /Users/pablofrancoherrero/prueba_tecnica/venv/lib/python3.11/site-packages/airflow/example_dags/tutorial_taskflow_api.py
[2026-04-29T13:51:28.994+0200] {logging_mixin.py:188} INFO - [2026-04-29T13:51:28.994+0200] {dag.py:3096} INFO - Sync 1 DAGs
[2026-04-29T13:51:28.996+0200] {logging_mixin.py:188} INFO - [2026-04-29T13:51:28.996+0200] {dag.py:3954} INFO - Setting next_dagrun for tutorial_taskflow_api to None, run_after=None
[2026-04-29T13:51:29.001+0200] {processor.py:183} INFO - Processing /Users/pablofrancoherrero/prueba_tecnica/venv/lib/python3.11/site-packages/airflow/example_dags/tutorial_taskflow_api.py took 0.046 seconds
[2026-04-29T13:52:12.682+0200] {processor.py:161} INFO - Started process (PID=91610) to work on /Users/pablofrancoherrero/prueba_tecnica/venv/lib/python3.11/site-packages/airflow/example_dags/tutorial_taskflow_api.py
[2026-04-29T13:52:12.683+0200] {processor.py:830} INFO - Processing file /Users/pablofrancoherrero/prueba_tecnica/venv/lib/python3.11/site-packages/airflow/example_dags/tutorial_taskflow_api.py for tasks to queue
[2026-04-29T13:52:12.684+0200] {logging_mixin.py:188} INFO - [2026-04-29T13:52:12.684+0200] {dagbag.py:540} INFO - Filling up the DagBag from /Users/pablofrancoherrero/prueba_tecnica/venv/lib/python3.11/site-packages/airflow/example_dags/tutorial_taskflow_api.py
[2026-04-29T13:52:12.695+0200] {processor.py:840} INFO - DAG(s) 'tutorial_taskflow_api' retrieved from /Users/pablofrancoherrero/prueba_tecnica/venv/lib/python3.11/site-packages/airflow/example_dags/tutorial_taskflow_api.py
[2026-04-29T13:52:12.721+0200] {logging_mixin.py:188} INFO - [2026-04-29T13:52:12.721+0200] {dag.py:3096} INFO - Sync 1 DAGs
[2026-04-29T13:52:12.724+0200] {logging_mixin.py:188} INFO - [2026-04-29T13:52:12.724+0200] {dag.py:3954} INFO - Setting next_dagrun for tutorial_taskflow_api to None, run_after=None
[2026-04-29T13:52:12.728+0200] {processor.py:183} INFO - Processing /Users/pablofrancoherrero/prueba_tecnica/venv/lib/python3.11/site-packages/airflow/example_dags/tutorial_taskflow_api.py took 0.047 seconds
[2026-04-29T13:52:56.667+0200] {processor.py:161} INFO - Started process (PID=91662) to work on /Users/pablofrancoherrero/prueba_tecnica/venv/lib/python3.11/site-packages/airflow/example_dags/tutorial_taskflow_api.py
[2026-04-29T13:52:56.667+0200] {processor.py:830} INFO - Processing file /Users/pablofrancoherrero/prueba_tecnica/venv/lib/python3.11/site-packages/airflow/example_dags/tutorial_taskflow_api.py for tasks to queue
[2026-04-29T13:52:56.667+0200] {logging_mixin.py:188} INFO - [2026-04-29T13:52:56.667+0200] {dagbag.py:540} INFO - Filling up the DagBag from /Users/pablofrancoherrero/prueba_tecnica/venv/lib/python3.11/site-packages/airflow/example_dags/tutorial_taskflow_api.py
[2026-04-29T13:52:56.679+0200] {processor.py:840} INFO - DAG(s) 'tutorial_taskflow_api' retrieved from /Users/pablofrancoherrero/prueba_tecnica/venv/lib/python3.11/site-packages/airflow/example_dags/tutorial_taskflow_api.py
[2026-04-29T13:52:56.705+0200] {logging_mixin.py:188} INFO - [2026-04-29T13:52:56.705+0200] {dag.py:3096} INFO - Sync 1 DAGs
[2026-04-29T13:52:56.707+0200] {logging_mixin.py:188} INFO - [2026-04-29T13:52:56.707+0200] {dag.py:3954} INFO - Setting next_dagrun for tutorial_taskflow_api to None, run_after=None
[2026-04-29T13:52:56.713+0200] {processor.py:183} INFO - Processing /Users/pablofrancoherrero/prueba_tecnica/venv/lib/python3.11/site-packages/airflow/example_dags/tutorial_taskflow_api.py took 0.047 seconds
[2026-04-29T13:53:39.251+0200] {processor.py:161} INFO - Started process (PID=91705) to work on /Users/pablofrancoherrero/prueba_tecnica/venv/lib/python3.11/site-packages/airflow/example_dags/tutorial_taskflow_api.py
[2026-04-29T13:53:39.253+0200] {processor.py:830} INFO - Processing file /Users/pablofrancoherrero/prueba_tecnica/venv/lib/python3.11/site-packages/airflow/example_dags/tutorial_taskflow_api.py for tasks to queue
[2026-04-29T13:53:39.254+0200] {logging_mixin.py:188} INFO - [2026-04-29T13:53:39.254+0200] {dagbag.py:540} INFO - Filling up the DagBag from /Users/pablofrancoherrero/prueba_tecnica/venv/lib/python3.11/site-packages/airflow/example_dags/tutorial_taskflow_api.py
[2026-04-29T13:53:39.266+0200] {processor.py:840} INFO - DAG(s) 'tutorial_taskflow_api' retrieved from /Users/pablofrancoherrero/prueba_tecnica/venv/lib/python3.11/site-packages/airflow/example_dags/tutorial_taskflow_api.py
[2026-04-29T13:53:39.292+0200] {logging_mixin.py:188} INFO - [2026-04-29T13:53:39.292+0200] {dag.py:3096} INFO - Sync 1 DAGs
[2026-04-29T13:53:39.294+0200] {logging_mixin.py:188} INFO - [2026-04-29T13:53:39.294+0200] {dag.py:3954} INFO - Setting next_dagrun for tutorial_taskflow_api to None, run_after=None
[2026-04-29T13:53:39.301+0200] {processor.py:183} INFO - Processing /Users/pablofrancoherrero/prueba_tecnica/venv/lib/python3.11/site-packages/airflow/example_dags/tutorial_taskflow_api.py took 0.051 seconds
[2026-04-29T13:54:19.257+0200] {processor.py:161} INFO - Started process (PID=91742) to work on /Users/pablofrancoherrero/prueba_tecnica/venv/lib/python3.11/site-packages/airflow/example_dags/tutorial_taskflow_api.py
[2026-04-29T13:54:19.257+0200] {processor.py:830} INFO - Processing file /Users/pablofrancoherrero/prueba_tecnica/venv/lib/python3.11/site-packages/airflow/example_dags/tutorial_taskflow_api.py for tasks to queue
[2026-04-29T13:54:19.258+0200] {logging_mixin.py:188} INFO - [2026-04-29T13:54:19.258+0200] {dagbag.py:540} INFO - Filling up the DagBag from /Users/pablofrancoherrero/prueba_tecnica/venv/lib/python3.11/site-packages/airflow/example_dags/tutorial_taskflow_api.py
[2026-04-29T13:54:19.269+0200] {processor.py:840} INFO - DAG(s) 'tutorial_taskflow_api' retrieved from /Users/pablofrancoherrero/prueba_tecnica/venv/lib/python3.11/site-packages/airflow/example_dags/tutorial_taskflow_api.py
[2026-04-29T13:54:19.295+0200] {logging_mixin.py:188} INFO - [2026-04-29T13:54:19.294+0200] {dag.py:3096} INFO - Sync 1 DAGs
[2026-04-29T13:54:19.297+0200] {logging_mixin.py:188} INFO - [2026-04-29T13:54:19.297+0200] {dag.py:3954} INFO - Setting next_dagrun for tutorial_taskflow_api to None, run_after=None
[2026-04-29T13:54:19.302+0200] {processor.py:183} INFO - Processing /Users/pablofrancoherrero/prueba_tecnica/venv/lib/python3.11/site-packages/airflow/example_dags/tutorial_taskflow_api.py took 0.046 seconds
[2026-04-29T13:55:02.046+0200] {processor.py:161} INFO - Started process (PID=91805) to work on /Users/pablofrancoherrero/prueba_tecnica/venv/lib/python3.11/site-packages/airflow/example_dags/tutorial_taskflow_api.py
[2026-04-29T13:55:02.047+0200] {processor.py:830} INFO - Processing file /Users/pablofrancoherrero/prueba_tecnica/venv/lib/python3.11/site-packages/airflow/example_dags/tutorial_taskflow_api.py for tasks to queue
[2026-04-29T13:55:02.047+0200] {logging_mixin.py:188} INFO - [2026-04-29T13:55:02.047+0200] {dagbag.py:540} INFO - Filling up the DagBag from /Users/pablofrancoherrero/prueba_tecnica/venv/lib/python3.11/site-packages/airflow/example_dags/tutorial_taskflow_api.py
[2026-04-29T13:55:02.059+0200] {processor.py:840} INFO - DAG(s) 'tutorial_taskflow_api' retrieved from /Users/pablofrancoherrero/prueba_tecnica/venv/lib/python3.11/site-packages/airflow/example_dags/tutorial_taskflow_api.py
[2026-04-29T13:55:02.086+0200] {logging_mixin.py:188} INFO - [2026-04-29T13:55:02.086+0200] {dag.py:3096} INFO - Sync 1 DAGs
[2026-04-29T13:55:02.088+0200] {logging_mixin.py:188} INFO - [2026-04-29T13:55:02.088+0200] {dag.py:3954} INFO - Setting next_dagrun for tutorial_taskflow_api to None, run_after=None
[2026-04-29T13:55:02.093+0200] {processor.py:183} INFO - Processing /Users/pablofrancoherrero/prueba_tecnica/venv/lib/python3.11/site-packages/airflow/example_dags/tutorial_taskflow_api.py took 0.048 seconds
[2026-04-29T13:55:45.325+0200] {processor.py:161} INFO - Started process (PID=91884) to work on /Users/pablofrancoherrero/prueba_tecnica/venv/lib/python3.11/site-packages/airflow/example_dags/tutorial_taskflow_api.py
[2026-04-29T13:55:45.325+0200] {processor.py:830} INFO - Processing file /Users/pablofrancoherrero/prueba_tecnica/venv/lib/python3.11/site-packages/airflow/example_dags/tutorial_taskflow_api.py for tasks to queue
[2026-04-29T13:55:45.325+0200] {logging_mixin.py:188} INFO - [2026-04-29T13:55:45.325+0200] {dagbag.py:540} INFO - Filling up the DagBag from /Users/pablofrancoherrero/prueba_tecnica/venv/lib/python3.11/site-packages/airflow/example_dags/tutorial_taskflow_api.py
[2026-04-29T13:55:45.337+0200] {processor.py:840} INFO - DAG(s) 'tutorial_taskflow_api' retrieved from /Users/pablofrancoherrero/prueba_tecnica/venv/lib/python3.11/site-packages/airflow/example_dags/tutorial_taskflow_api.py
[2026-04-29T13:55:45.364+0200] {logging_mixin.py:188} INFO - [2026-04-29T13:55:45.364+0200] {dag.py:3096} INFO - Sync 1 DAGs
[2026-04-29T13:55:45.366+0200] {logging_mixin.py:188} INFO - [2026-04-29T13:55:45.366+0200] {dag.py:3954} INFO - Setting next_dagrun for tutorial_taskflow_api to None, run_after=None
[2026-04-29T13:55:45.371+0200] {processor.py:183} INFO - Processing /Users/pablofrancoherrero/prueba_tecnica/venv/lib/python3.11/site-packages/airflow/example_dags/tutorial_taskflow_api.py took 0.047 seconds
[2026-04-29T13:56:28.462+0200] {processor.py:161} INFO - Started process (PID=91963) to work on /Users/pablofrancoherrero/prueba_tecnica/venv/lib/python3.11/site-packages/airflow/example_dags/tutorial_taskflow_api.py
[2026-04-29T13:56:28.463+0200] {processor.py:830} INFO - Processing file /Users/pablofrancoherrero/prueba_tecnica/venv/lib/python3.11/site-packages/airflow/example_dags/tutorial_taskflow_api.py for tasks to queue
[2026-04-29T13:56:28.463+0200] {logging_mixin.py:188} INFO - [2026-04-29T13:56:28.463+0200] {dagbag.py:540} INFO - Filling up the DagBag from /Users/pablofrancoherrero/prueba_tecnica/venv/lib/python3.11/site-packages/airflow/example_dags/tutorial_taskflow_api.py
[2026-04-29T13:56:28.476+0200] {processor.py:840} INFO - DAG(s) 'tutorial_taskflow_api' retrieved from /Users/pablofrancoherrero/prueba_tecnica/venv/lib/python3.11/site-packages/airflow/example_dags/tutorial_taskflow_api.py
[2026-04-29T13:56:28.506+0200] {logging_mixin.py:188} INFO - [2026-04-29T13:56:28.506+0200] {dag.py:3096} INFO - Sync 1 DAGs
[2026-04-29T13:56:28.509+0200] {logging_mixin.py:188} INFO - [2026-04-29T13:56:28.509+0200] {dag.py:3954} INFO - Setting next_dagrun for tutorial_taskflow_api to None, run_after=None
[2026-04-29T13:56:28.514+0200] {processor.py:183} INFO - Processing /Users/pablofrancoherrero/prueba_tecnica/venv/lib/python3.11/site-packages/airflow/example_dags/tutorial_taskflow_api.py took 0.053 seconds
[2026-04-29T13:57:12.162+0200] {processor.py:161} INFO - Started process (PID=92042) to work on /Users/pablofrancoherrero/prueba_tecnica/venv/lib/python3.11/site-packages/airflow/example_dags/tutorial_taskflow_api.py
[2026-04-29T13:57:12.163+0200] {processor.py:830} INFO - Processing file /Users/pablofrancoherrero/prueba_tecnica/venv/lib/python3.11/site-packages/airflow/example_dags/tutorial_taskflow_api.py for tasks to queue
[2026-04-29T13:57:12.163+0200] {logging_mixin.py:188} INFO - [2026-04-29T13:57:12.163+0200] {dagbag.py:540} INFO - Filling up the DagBag from /Users/pablofrancoherrero/prueba_tecnica/venv/lib/python3.11/site-packages/airflow/example_dags/tutorial_taskflow_api.py
[2026-04-29T13:57:12.178+0200] {processor.py:840} INFO - DAG(s) 'tutorial_taskflow_api' retrieved from /Users/pablofrancoherrero/prueba_tecnica/venv/lib/python3.11/site-packages/airflow/example_dags/tutorial_taskflow_api.py
[2026-04-29T13:57:12.214+0200] {logging_mixin.py:188} INFO - [2026-04-29T13:57:12.213+0200] {dag.py:3096} INFO - Sync 1 DAGs
[2026-04-29T13:57:12.216+0200] {logging_mixin.py:188} INFO - [2026-04-29T13:57:12.216+0200] {dag.py:3954} INFO - Setting next_dagrun for tutorial_taskflow_api to None, run_after=None
[2026-04-29T13:57:12.222+0200] {processor.py:183} INFO - Processing /Users/pablofrancoherrero/prueba_tecnica/venv/lib/python3.11/site-packages/airflow/example_dags/tutorial_taskflow_api.py took 0.061 seconds
