[2026-04-29T02:00:46.995+0200] {processor.py:161} INFO - Started process (PID=70654) to work on /Users/pablofrancoherrero/prueba_tecnica/venv/lib/python3.11/site-packages/airflow/example_dags/tutorial_dag.py
[2026-04-29T02:00:46.996+0200] {processor.py:830} INFO - Processing file /Users/pablofrancoherrero/prueba_tecnica/venv/lib/python3.11/site-packages/airflow/example_dags/tutorial_dag.py for tasks to queue
[2026-04-29T02:00:46.996+0200] {logging_mixin.py:188} INFO - [2026-04-29T02:00:46.996+0200] {dagbag.py:540} INFO - Filling up the DagBag from /Users/pablofrancoherrero/prueba_tecnica/venv/lib/python3.11/site-packages/airflow/example_dags/tutorial_dag.py
[2026-04-29T02:00:47.004+0200] {processor.py:840} INFO - DAG(s) 'tutorial_dag' retrieved from /Users/pablofrancoherrero/prueba_tecnica/venv/lib/python3.11/site-packages/airflow/example_dags/tutorial_dag.py
[2026-04-29T02:00:47.028+0200] {logging_mixin.py:188} INFO - [2026-04-29T02:00:47.027+0200] {dag.py:3096} INFO - Sync 1 DAGs
[2026-04-29T02:00:47.030+0200] {logging_mixin.py:188} INFO - [2026-04-29T02:00:47.030+0200] {dag.py:3954} INFO - Setting next_dagrun for tutorial_dag to None, run_after=None
[2026-04-29T02:00:47.035+0200] {processor.py:183} INFO - Processing /Users/pablofrancoherrero/prueba_tecnica/venv/lib/python3.11/site-packages/airflow/example_dags/tutorial_dag.py took 0.040 seconds
[2026-04-29T02:01:28.249+0200] {processor.py:161} INFO - Started process (PID=70700) to work on /Users/pablofrancoherrero/prueba_tecnica/venv/lib/python3.11/site-packages/airflow/example_dags/tutorial_dag.py
[2026-04-29T02:01:28.250+0200] {processor.py:830} INFO - Processing file /Users/pablofrancoherrero/prueba_tecnica/venv/lib/python3.11/site-packages/airflow/example_dags/tutorial_dag.py for tasks to queue
[2026-04-29T02:01:28.250+0200] {logging_mixin.py:188} INFO - [2026-04-29T02:01:28.250+0200] {dagbag.py:540} INFO - Filling up the DagBag from /Users/pablofrancoherrero/prueba_tecnica/venv/lib/python3.11/site-packages/airflow/example_dags/tutorial_dag.py
[2026-04-29T02:01:28.257+0200] {processor.py:840} INFO - DAG(s) 'tutorial_dag' retrieved from /Users/pablofrancoherrero/prueba_tecnica/venv/lib/python3.11/site-packages/airflow/example_dags/tutorial_dag.py
[2026-04-29T02:01:28.281+0200] {logging_mixin.py:188} INFO - [2026-04-29T02:01:28.281+0200] {dag.py:3096} INFO - Sync 1 DAGs
[2026-04-29T02:01:28.284+0200] {logging_mixin.py:188} INFO - [2026-04-29T02:01:28.284+0200] {dag.py:3954} INFO - Setting next_dagrun for tutorial_dag to None, run_after=None
[2026-04-29T02:01:28.288+0200] {processor.py:183} INFO - Processing /Users/pablofrancoherrero/prueba_tecnica/venv/lib/python3.11/site-packages/airflow/example_dags/tutorial_dag.py took 0.040 seconds
[2026-04-29T02:02:09.955+0200] {processor.py:161} INFO - Started process (PID=70750) to work on /Users/pablofrancoherrero/prueba_tecnica/venv/lib/python3.11/site-packages/airflow/example_dags/tutorial_dag.py
[2026-04-29T02:02:09.956+0200] {processor.py:830} INFO - Processing file /Users/pablofrancoherrero/prueba_tecnica/venv/lib/python3.11/site-packages/airflow/example_dags/tutorial_dag.py for tasks to queue
[2026-04-29T02:02:09.956+0200] {logging_mixin.py:188} INFO - [2026-04-29T02:02:09.956+0200] {dagbag.py:540} INFO - Filling up the DagBag from /Users/pablofrancoherrero/prueba_tecnica/venv/lib/python3.11/site-packages/airflow/example_dags/tutorial_dag.py
[2026-04-29T02:02:09.964+0200] {processor.py:840} INFO - DAG(s) 'tutorial_dag' retrieved from /Users/pablofrancoherrero/prueba_tecnica/venv/lib/python3.11/site-packages/airflow/example_dags/tutorial_dag.py
[2026-04-29T02:02:09.988+0200] {logging_mixin.py:188} INFO - [2026-04-29T02:02:09.988+0200] {dag.py:3096} INFO - Sync 1 DAGs
[2026-04-29T02:02:09.991+0200] {logging_mixin.py:188} INFO - [2026-04-29T02:02:09.991+0200] {dag.py:3954} INFO - Setting next_dagrun for tutorial_dag to None, run_after=None
[2026-04-29T02:02:09.995+0200] {processor.py:183} INFO - Processing /Users/pablofrancoherrero/prueba_tecnica/venv/lib/python3.11/site-packages/airflow/example_dags/tutorial_dag.py took 0.041 seconds
[2026-04-29T02:03:29.616+0200] {processor.py:161} INFO - Started process (PID=70836) to work on /Users/pablofrancoherrero/prueba_tecnica/venv/lib/python3.11/site-packages/airflow/example_dags/tutorial_dag.py
[2026-04-29T02:03:29.617+0200] {processor.py:830} INFO - Processing file /Users/pablofrancoherrero/prueba_tecnica/venv/lib/python3.11/site-packages/airflow/example_dags/tutorial_dag.py for tasks to queue
[2026-04-29T02:03:29.618+0200] {logging_mixin.py:188} INFO - [2026-04-29T02:03:29.617+0200] {dagbag.py:540} INFO - Filling up the DagBag from /Users/pablofrancoherrero/prueba_tecnica/venv/lib/python3.11/site-packages/airflow/example_dags/tutorial_dag.py
[2026-04-29T02:03:29.625+0200] {processor.py:840} INFO - DAG(s) 'tutorial_dag' retrieved from /Users/pablofrancoherrero/prueba_tecnica/venv/lib/python3.11/site-packages/airflow/example_dags/tutorial_dag.py
[2026-04-29T02:03:29.649+0200] {logging_mixin.py:188} INFO - [2026-04-29T02:03:29.649+0200] {dag.py:3096} INFO - Sync 1 DAGs
[2026-04-29T02:03:29.652+0200] {logging_mixin.py:188} INFO - [2026-04-29T02:03:29.652+0200] {dag.py:3954} INFO - Setting next_dagrun for tutorial_dag to None, run_after=None
[2026-04-29T02:03:29.657+0200] {processor.py:183} INFO - Processing /Users/pablofrancoherrero/prueba_tecnica/venv/lib/python3.11/site-packages/airflow/example_dags/tutorial_dag.py took 0.041 seconds
[2026-04-29T02:04:47.082+0200] {processor.py:161} INFO - Started process (PID=70938) to work on /Users/pablofrancoherrero/prueba_tecnica/venv/lib/python3.11/site-packages/airflow/example_dags/tutorial_dag.py
[2026-04-29T02:04:47.083+0200] {processor.py:830} INFO - Processing file /Users/pablofrancoherrero/prueba_tecnica/venv/lib/python3.11/site-packages/airflow/example_dags/tutorial_dag.py for tasks to queue
[2026-04-29T02:04:47.083+0200] {logging_mixin.py:188} INFO - [2026-04-29T02:04:47.083+0200] {dagbag.py:540} INFO - Filling up the DagBag from /Users/pablofrancoherrero/prueba_tecnica/venv/lib/python3.11/site-packages/airflow/example_dags/tutorial_dag.py
[2026-04-29T02:04:47.091+0200] {processor.py:840} INFO - DAG(s) 'tutorial_dag' retrieved from /Users/pablofrancoherrero/prueba_tecnica/venv/lib/python3.11/site-packages/airflow/example_dags/tutorial_dag.py
[2026-04-29T02:04:47.115+0200] {logging_mixin.py:188} INFO - [2026-04-29T02:04:47.115+0200] {dag.py:3096} INFO - Sync 1 DAGs
[2026-04-29T02:04:47.118+0200] {logging_mixin.py:188} INFO - [2026-04-29T02:04:47.118+0200] {dag.py:3954} INFO - Setting next_dagrun for tutorial_dag to None, run_after=None
[2026-04-29T02:04:47.122+0200] {processor.py:183} INFO - Processing /Users/pablofrancoherrero/prueba_tecnica/venv/lib/python3.11/site-packages/airflow/example_dags/tutorial_dag.py took 0.041 seconds
[2026-04-29T02:05:28.849+0200] {processor.py:161} INFO - Started process (PID=70981) to work on /Users/pablofrancoherrero/prueba_tecnica/venv/lib/python3.11/site-packages/airflow/example_dags/tutorial_dag.py
[2026-04-29T02:05:28.850+0200] {processor.py:830} INFO - Processing file /Users/pablofrancoherrero/prueba_tecnica/venv/lib/python3.11/site-packages/airflow/example_dags/tutorial_dag.py for tasks to queue
[2026-04-29T02:05:28.850+0200] {logging_mixin.py:188} INFO - [2026-04-29T02:05:28.850+0200] {dagbag.py:540} INFO - Filling up the DagBag from /Users/pablofrancoherrero/prueba_tecnica/venv/lib/python3.11/site-packages/airflow/example_dags/tutorial_dag.py
[2026-04-29T02:05:28.858+0200] {processor.py:840} INFO - DAG(s) 'tutorial_dag' retrieved from /Users/pablofrancoherrero/prueba_tecnica/venv/lib/python3.11/site-packages/airflow/example_dags/tutorial_dag.py
[2026-04-29T02:05:28.883+0200] {logging_mixin.py:188} INFO - [2026-04-29T02:05:28.883+0200] {dag.py:3096} INFO - Sync 1 DAGs
[2026-04-29T02:05:28.885+0200] {logging_mixin.py:188} INFO - [2026-04-29T02:05:28.885+0200] {dag.py:3954} INFO - Setting next_dagrun for tutorial_dag to None, run_after=None
[2026-04-29T02:05:28.890+0200] {processor.py:183} INFO - Processing /Users/pablofrancoherrero/prueba_tecnica/venv/lib/python3.11/site-packages/airflow/example_dags/tutorial_dag.py took 0.042 seconds
[2026-04-29T02:06:49.132+0200] {processor.py:161} INFO - Started process (PID=71065) to work on /Users/pablofrancoherrero/prueba_tecnica/venv/lib/python3.11/site-packages/airflow/example_dags/tutorial_dag.py
[2026-04-29T02:06:49.133+0200] {processor.py:830} INFO - Processing file /Users/pablofrancoherrero/prueba_tecnica/venv/lib/python3.11/site-packages/airflow/example_dags/tutorial_dag.py for tasks to queue
[2026-04-29T02:06:49.134+0200] {logging_mixin.py:188} INFO - [2026-04-29T02:06:49.134+0200] {dagbag.py:540} INFO - Filling up the DagBag from /Users/pablofrancoherrero/prueba_tecnica/venv/lib/python3.11/site-packages/airflow/example_dags/tutorial_dag.py
[2026-04-29T02:06:49.142+0200] {processor.py:840} INFO - DAG(s) 'tutorial_dag' retrieved from /Users/pablofrancoherrero/prueba_tecnica/venv/lib/python3.11/site-packages/airflow/example_dags/tutorial_dag.py
[2026-04-29T02:06:49.167+0200] {logging_mixin.py:188} INFO - [2026-04-29T02:06:49.167+0200] {dag.py:3096} INFO - Sync 1 DAGs
[2026-04-29T02:06:49.170+0200] {logging_mixin.py:188} INFO - [2026-04-29T02:06:49.170+0200] {dag.py:3954} INFO - Setting next_dagrun for tutorial_dag to None, run_after=None
[2026-04-29T02:06:49.174+0200] {processor.py:183} INFO - Processing /Users/pablofrancoherrero/prueba_tecnica/venv/lib/python3.11/site-packages/airflow/example_dags/tutorial_dag.py took 0.043 seconds
[2026-04-29T02:08:10.321+0200] {processor.py:161} INFO - Started process (PID=71157) to work on /Users/pablofrancoherrero/prueba_tecnica/venv/lib/python3.11/site-packages/airflow/example_dags/tutorial_dag.py
[2026-04-29T02:08:10.321+0200] {processor.py:830} INFO - Processing file /Users/pablofrancoherrero/prueba_tecnica/venv/lib/python3.11/site-packages/airflow/example_dags/tutorial_dag.py for tasks to queue
[2026-04-29T02:08:10.321+0200] {logging_mixin.py:188} INFO - [2026-04-29T02:08:10.321+0200] {dagbag.py:540} INFO - Filling up the DagBag from /Users/pablofrancoherrero/prueba_tecnica/venv/lib/python3.11/site-packages/airflow/example_dags/tutorial_dag.py
[2026-04-29T02:08:10.329+0200] {processor.py:840} INFO - DAG(s) 'tutorial_dag' retrieved from /Users/pablofrancoherrero/prueba_tecnica/venv/lib/python3.11/site-packages/airflow/example_dags/tutorial_dag.py
[2026-04-29T02:08:10.354+0200] {logging_mixin.py:188} INFO - [2026-04-29T02:08:10.354+0200] {dag.py:3096} INFO - Sync 1 DAGs
[2026-04-29T02:08:10.357+0200] {logging_mixin.py:188} INFO - [2026-04-29T02:08:10.357+0200] {dag.py:3954} INFO - Setting next_dagrun for tutorial_dag to None, run_after=None
[2026-04-29T02:08:10.362+0200] {processor.py:183} INFO - Processing /Users/pablofrancoherrero/prueba_tecnica/venv/lib/python3.11/site-packages/airflow/example_dags/tutorial_dag.py took 0.042 seconds
[2026-04-29T02:09:29.836+0200] {processor.py:161} INFO - Started process (PID=71239) to work on /Users/pablofrancoherrero/prueba_tecnica/venv/lib/python3.11/site-packages/airflow/example_dags/tutorial_dag.py
[2026-04-29T02:09:29.837+0200] {processor.py:830} INFO - Processing file /Users/pablofrancoherrero/prueba_tecnica/venv/lib/python3.11/site-packages/airflow/example_dags/tutorial_dag.py for tasks to queue
[2026-04-29T02:09:29.837+0200] {logging_mixin.py:188} INFO - [2026-04-29T02:09:29.837+0200] {dagbag.py:540} INFO - Filling up the DagBag from /Users/pablofrancoherrero/prueba_tecnica/venv/lib/python3.11/site-packages/airflow/example_dags/tutorial_dag.py
[2026-04-29T02:09:29.845+0200] {processor.py:840} INFO - DAG(s) 'tutorial_dag' retrieved from /Users/pablofrancoherrero/prueba_tecnica/venv/lib/python3.11/site-packages/airflow/example_dags/tutorial_dag.py
[2026-04-29T02:09:29.869+0200] {logging_mixin.py:188} INFO - [2026-04-29T02:09:29.869+0200] {dag.py:3096} INFO - Sync 1 DAGs
[2026-04-29T02:09:29.872+0200] {logging_mixin.py:188} INFO - [2026-04-29T02:09:29.872+0200] {dag.py:3954} INFO - Setting next_dagrun for tutorial_dag to None, run_after=None
[2026-04-29T02:09:29.877+0200] {processor.py:183} INFO - Processing /Users/pablofrancoherrero/prueba_tecnica/venv/lib/python3.11/site-packages/airflow/example_dags/tutorial_dag.py took 0.042 seconds
[2026-04-29T02:10:12.407+0200] {processor.py:161} INFO - Started process (PID=71297) to work on /Users/pablofrancoherrero/prueba_tecnica/venv/lib/python3.11/site-packages/airflow/example_dags/tutorial_dag.py
[2026-04-29T02:10:12.408+0200] {processor.py:830} INFO - Processing file /Users/pablofrancoherrero/prueba_tecnica/venv/lib/python3.11/site-packages/airflow/example_dags/tutorial_dag.py for tasks to queue
[2026-04-29T02:10:12.408+0200] {logging_mixin.py:188} INFO - [2026-04-29T02:10:12.408+0200] {dagbag.py:540} INFO - Filling up the DagBag from /Users/pablofrancoherrero/prueba_tecnica/venv/lib/python3.11/site-packages/airflow/example_dags/tutorial_dag.py
[2026-04-29T02:10:12.416+0200] {processor.py:840} INFO - DAG(s) 'tutorial_dag' retrieved from /Users/pablofrancoherrero/prueba_tecnica/venv/lib/python3.11/site-packages/airflow/example_dags/tutorial_dag.py
[2026-04-29T02:10:12.440+0200] {logging_mixin.py:188} INFO - [2026-04-29T02:10:12.440+0200] {dag.py:3096} INFO - Sync 1 DAGs
[2026-04-29T02:10:12.443+0200] {logging_mixin.py:188} INFO - [2026-04-29T02:10:12.443+0200] {dag.py:3954} INFO - Setting next_dagrun for tutorial_dag to None, run_after=None
[2026-04-29T02:10:12.447+0200] {processor.py:183} INFO - Processing /Users/pablofrancoherrero/prueba_tecnica/venv/lib/python3.11/site-packages/airflow/example_dags/tutorial_dag.py took 0.041 seconds
[2026-04-29T02:10:54.169+0200] {processor.py:161} INFO - Started process (PID=71340) to work on /Users/pablofrancoherrero/prueba_tecnica/venv/lib/python3.11/site-packages/airflow/example_dags/tutorial_dag.py
[2026-04-29T02:10:54.170+0200] {processor.py:830} INFO - Processing file /Users/pablofrancoherrero/prueba_tecnica/venv/lib/python3.11/site-packages/airflow/example_dags/tutorial_dag.py for tasks to queue
[2026-04-29T02:10:54.170+0200] {logging_mixin.py:188} INFO - [2026-04-29T02:10:54.170+0200] {dagbag.py:540} INFO - Filling up the DagBag from /Users/pablofrancoherrero/prueba_tecnica/venv/lib/python3.11/site-packages/airflow/example_dags/tutorial_dag.py
[2026-04-29T02:10:54.178+0200] {processor.py:840} INFO - DAG(s) 'tutorial_dag' retrieved from /Users/pablofrancoherrero/prueba_tecnica/venv/lib/python3.11/site-packages/airflow/example_dags/tutorial_dag.py
[2026-04-29T02:10:54.203+0200] {logging_mixin.py:188} INFO - [2026-04-29T02:10:54.203+0200] {dag.py:3096} INFO - Sync 1 DAGs
[2026-04-29T02:10:54.205+0200] {logging_mixin.py:188} INFO - [2026-04-29T02:10:54.205+0200] {dag.py:3954} INFO - Setting next_dagrun for tutorial_dag to None, run_after=None
[2026-04-29T02:10:54.210+0200] {processor.py:183} INFO - Processing /Users/pablofrancoherrero/prueba_tecnica/venv/lib/python3.11/site-packages/airflow/example_dags/tutorial_dag.py took 0.042 seconds
[2026-04-29T02:11:36.352+0200] {processor.py:161} INFO - Started process (PID=71383) to work on /Users/pablofrancoherrero/prueba_tecnica/venv/lib/python3.11/site-packages/airflow/example_dags/tutorial_dag.py
[2026-04-29T02:11:36.352+0200] {processor.py:830} INFO - Processing file /Users/pablofrancoherrero/prueba_tecnica/venv/lib/python3.11/site-packages/airflow/example_dags/tutorial_dag.py for tasks to queue
[2026-04-29T02:11:36.353+0200] {logging_mixin.py:188} INFO - [2026-04-29T02:11:36.353+0200] {dagbag.py:540} INFO - Filling up the DagBag from /Users/pablofrancoherrero/prueba_tecnica/venv/lib/python3.11/site-packages/airflow/example_dags/tutorial_dag.py
[2026-04-29T02:11:36.361+0200] {processor.py:840} INFO - DAG(s) 'tutorial_dag' retrieved from /Users/pablofrancoherrero/prueba_tecnica/venv/lib/python3.11/site-packages/airflow/example_dags/tutorial_dag.py
[2026-04-29T02:11:36.388+0200] {logging_mixin.py:188} INFO - [2026-04-29T02:11:36.388+0200] {dag.py:3096} INFO - Sync 1 DAGs
[2026-04-29T02:11:36.391+0200] {logging_mixin.py:188} INFO - [2026-04-29T02:11:36.391+0200] {dag.py:3954} INFO - Setting next_dagrun for tutorial_dag to None, run_after=None
[2026-04-29T02:11:36.396+0200] {processor.py:183} INFO - Processing /Users/pablofrancoherrero/prueba_tecnica/venv/lib/python3.11/site-packages/airflow/example_dags/tutorial_dag.py took 0.044 seconds
[2026-04-29T02:12:58.332+0200] {processor.py:161} INFO - Started process (PID=71469) to work on /Users/pablofrancoherrero/prueba_tecnica/venv/lib/python3.11/site-packages/airflow/example_dags/tutorial_dag.py
[2026-04-29T02:12:58.333+0200] {processor.py:830} INFO - Processing file /Users/pablofrancoherrero/prueba_tecnica/venv/lib/python3.11/site-packages/airflow/example_dags/tutorial_dag.py for tasks to queue
[2026-04-29T02:12:58.333+0200] {logging_mixin.py:188} INFO - [2026-04-29T02:12:58.333+0200] {dagbag.py:540} INFO - Filling up the DagBag from /Users/pablofrancoherrero/prueba_tecnica/venv/lib/python3.11/site-packages/airflow/example_dags/tutorial_dag.py
[2026-04-29T02:12:58.341+0200] {processor.py:840} INFO - DAG(s) 'tutorial_dag' retrieved from /Users/pablofrancoherrero/prueba_tecnica/venv/lib/python3.11/site-packages/airflow/example_dags/tutorial_dag.py
[2026-04-29T02:12:58.365+0200] {logging_mixin.py:188} INFO - [2026-04-29T02:12:58.364+0200] {dag.py:3096} INFO - Sync 1 DAGs
[2026-04-29T02:12:58.367+0200] {logging_mixin.py:188} INFO - [2026-04-29T02:12:58.367+0200] {dag.py:3954} INFO - Setting next_dagrun for tutorial_dag to None, run_after=None
[2026-04-29T02:12:58.372+0200] {processor.py:183} INFO - Processing /Users/pablofrancoherrero/prueba_tecnica/venv/lib/python3.11/site-packages/airflow/example_dags/tutorial_dag.py took 0.041 seconds
[2026-04-29T02:14:15.331+0200] {processor.py:161} INFO - Started process (PID=71550) to work on /Users/pablofrancoherrero/prueba_tecnica/venv/lib/python3.11/site-packages/airflow/example_dags/tutorial_dag.py
[2026-04-29T02:14:15.332+0200] {processor.py:830} INFO - Processing file /Users/pablofrancoherrero/prueba_tecnica/venv/lib/python3.11/site-packages/airflow/example_dags/tutorial_dag.py for tasks to queue
[2026-04-29T02:14:15.332+0200] {logging_mixin.py:188} INFO - [2026-04-29T02:14:15.332+0200] {dagbag.py:540} INFO - Filling up the DagBag from /Users/pablofrancoherrero/prueba_tecnica/venv/lib/python3.11/site-packages/airflow/example_dags/tutorial_dag.py
[2026-04-29T02:14:15.340+0200] {processor.py:840} INFO - DAG(s) 'tutorial_dag' retrieved from /Users/pablofrancoherrero/prueba_tecnica/venv/lib/python3.11/site-packages/airflow/example_dags/tutorial_dag.py
[2026-04-29T02:14:15.365+0200] {logging_mixin.py:188} INFO - [2026-04-29T02:14:15.365+0200] {dag.py:3096} INFO - Sync 1 DAGs
[2026-04-29T02:14:15.368+0200] {logging_mixin.py:188} INFO - [2026-04-29T02:14:15.368+0200] {dag.py:3954} INFO - Setting next_dagrun for tutorial_dag to None, run_after=None
[2026-04-29T02:14:15.373+0200] {processor.py:183} INFO - Processing /Users/pablofrancoherrero/prueba_tecnica/venv/lib/python3.11/site-packages/airflow/example_dags/tutorial_dag.py took 0.042 seconds
[2026-04-29T02:14:56.646+0200] {processor.py:161} INFO - Started process (PID=71593) to work on /Users/pablofrancoherrero/prueba_tecnica/venv/lib/python3.11/site-packages/airflow/example_dags/tutorial_dag.py
[2026-04-29T02:14:56.647+0200] {processor.py:830} INFO - Processing file /Users/pablofrancoherrero/prueba_tecnica/venv/lib/python3.11/site-packages/airflow/example_dags/tutorial_dag.py for tasks to queue
[2026-04-29T02:14:56.647+0200] {logging_mixin.py:188} INFO - [2026-04-29T02:14:56.647+0200] {dagbag.py:540} INFO - Filling up the DagBag from /Users/pablofrancoherrero/prueba_tecnica/venv/lib/python3.11/site-packages/airflow/example_dags/tutorial_dag.py
[2026-04-29T02:14:56.655+0200] {processor.py:840} INFO - DAG(s) 'tutorial_dag' retrieved from /Users/pablofrancoherrero/prueba_tecnica/venv/lib/python3.11/site-packages/airflow/example_dags/tutorial_dag.py
[2026-04-29T02:14:56.679+0200] {logging_mixin.py:188} INFO - [2026-04-29T02:14:56.679+0200] {dag.py:3096} INFO - Sync 1 DAGs
[2026-04-29T02:14:56.682+0200] {logging_mixin.py:188} INFO - [2026-04-29T02:14:56.682+0200] {dag.py:3954} INFO - Setting next_dagrun for tutorial_dag to None, run_after=None
[2026-04-29T02:14:56.686+0200] {processor.py:183} INFO - Processing /Users/pablofrancoherrero/prueba_tecnica/venv/lib/python3.11/site-packages/airflow/example_dags/tutorial_dag.py took 0.041 seconds
[2026-04-29T02:15:39.412+0200] {processor.py:161} INFO - Started process (PID=71645) to work on /Users/pablofrancoherrero/prueba_tecnica/venv/lib/python3.11/site-packages/airflow/example_dags/tutorial_dag.py
[2026-04-29T02:15:39.413+0200] {processor.py:830} INFO - Processing file /Users/pablofrancoherrero/prueba_tecnica/venv/lib/python3.11/site-packages/airflow/example_dags/tutorial_dag.py for tasks to queue
[2026-04-29T02:15:39.413+0200] {logging_mixin.py:188} INFO - [2026-04-29T02:15:39.413+0200] {dagbag.py:540} INFO - Filling up the DagBag from /Users/pablofrancoherrero/prueba_tecnica/venv/lib/python3.11/site-packages/airflow/example_dags/tutorial_dag.py
[2026-04-29T02:15:39.421+0200] {processor.py:840} INFO - DAG(s) 'tutorial_dag' retrieved from /Users/pablofrancoherrero/prueba_tecnica/venv/lib/python3.11/site-packages/airflow/example_dags/tutorial_dag.py
[2026-04-29T02:15:39.446+0200] {logging_mixin.py:188} INFO - [2026-04-29T02:15:39.446+0200] {dag.py:3096} INFO - Sync 1 DAGs
[2026-04-29T02:15:39.449+0200] {logging_mixin.py:188} INFO - [2026-04-29T02:15:39.449+0200] {dag.py:3954} INFO - Setting next_dagrun for tutorial_dag to None, run_after=None
[2026-04-29T02:15:39.454+0200] {processor.py:183} INFO - Processing /Users/pablofrancoherrero/prueba_tecnica/venv/lib/python3.11/site-packages/airflow/example_dags/tutorial_dag.py took 0.043 seconds
[2026-04-29T02:16:58.973+0200] {processor.py:161} INFO - Started process (PID=71749) to work on /Users/pablofrancoherrero/prueba_tecnica/venv/lib/python3.11/site-packages/airflow/example_dags/tutorial_dag.py
[2026-04-29T02:16:58.974+0200] {processor.py:830} INFO - Processing file /Users/pablofrancoherrero/prueba_tecnica/venv/lib/python3.11/site-packages/airflow/example_dags/tutorial_dag.py for tasks to queue
[2026-04-29T02:16:58.974+0200] {logging_mixin.py:188} INFO - [2026-04-29T02:16:58.974+0200] {dagbag.py:540} INFO - Filling up the DagBag from /Users/pablofrancoherrero/prueba_tecnica/venv/lib/python3.11/site-packages/airflow/example_dags/tutorial_dag.py
[2026-04-29T02:16:58.982+0200] {processor.py:840} INFO - DAG(s) 'tutorial_dag' retrieved from /Users/pablofrancoherrero/prueba_tecnica/venv/lib/python3.11/site-packages/airflow/example_dags/tutorial_dag.py
[2026-04-29T02:16:59.006+0200] {logging_mixin.py:188} INFO - [2026-04-29T02:16:59.006+0200] {dag.py:3096} INFO - Sync 1 DAGs
[2026-04-29T02:16:59.009+0200] {logging_mixin.py:188} INFO - [2026-04-29T02:16:59.009+0200] {dag.py:3954} INFO - Setting next_dagrun for tutorial_dag to None, run_after=None
[2026-04-29T02:16:59.013+0200] {processor.py:183} INFO - Processing /Users/pablofrancoherrero/prueba_tecnica/venv/lib/python3.11/site-packages/airflow/example_dags/tutorial_dag.py took 0.041 seconds
[2026-04-29T02:34:01.797+0200] {processor.py:161} INFO - Started process (PID=71872) to work on /Users/pablofrancoherrero/prueba_tecnica/venv/lib/python3.11/site-packages/airflow/example_dags/tutorial_dag.py
[2026-04-29T02:34:01.798+0200] {processor.py:830} INFO - Processing file /Users/pablofrancoherrero/prueba_tecnica/venv/lib/python3.11/site-packages/airflow/example_dags/tutorial_dag.py for tasks to queue
[2026-04-29T02:34:01.798+0200] {logging_mixin.py:188} INFO - [2026-04-29T02:34:01.798+0200] {dagbag.py:540} INFO - Filling up the DagBag from /Users/pablofrancoherrero/prueba_tecnica/venv/lib/python3.11/site-packages/airflow/example_dags/tutorial_dag.py
[2026-04-29T02:34:01.806+0200] {processor.py:840} INFO - DAG(s) 'tutorial_dag' retrieved from /Users/pablofrancoherrero/prueba_tecnica/venv/lib/python3.11/site-packages/airflow/example_dags/tutorial_dag.py
[2026-04-29T02:34:01.830+0200] {logging_mixin.py:188} INFO - [2026-04-29T02:34:01.830+0200] {dag.py:3096} INFO - Sync 1 DAGs
[2026-04-29T02:34:01.833+0200] {logging_mixin.py:188} INFO - [2026-04-29T02:34:01.833+0200] {dag.py:3954} INFO - Setting next_dagrun for tutorial_dag to None, run_after=None
[2026-04-29T02:34:01.838+0200] {processor.py:183} INFO - Processing /Users/pablofrancoherrero/prueba_tecnica/venv/lib/python3.11/site-packages/airflow/example_dags/tutorial_dag.py took 0.042 seconds
[2026-04-29T02:51:57.097+0200] {processor.py:161} INFO - Started process (PID=71978) to work on /Users/pablofrancoherrero/prueba_tecnica/venv/lib/python3.11/site-packages/airflow/example_dags/tutorial_dag.py
[2026-04-29T02:51:57.098+0200] {processor.py:830} INFO - Processing file /Users/pablofrancoherrero/prueba_tecnica/venv/lib/python3.11/site-packages/airflow/example_dags/tutorial_dag.py for tasks to queue
[2026-04-29T02:51:57.098+0200] {logging_mixin.py:188} INFO - [2026-04-29T02:51:57.098+0200] {dagbag.py:540} INFO - Filling up the DagBag from /Users/pablofrancoherrero/prueba_tecnica/venv/lib/python3.11/site-packages/airflow/example_dags/tutorial_dag.py
[2026-04-29T02:51:57.106+0200] {processor.py:840} INFO - DAG(s) 'tutorial_dag' retrieved from /Users/pablofrancoherrero/prueba_tecnica/venv/lib/python3.11/site-packages/airflow/example_dags/tutorial_dag.py
[2026-04-29T02:51:57.129+0200] {logging_mixin.py:188} INFO - [2026-04-29T02:51:57.129+0200] {dag.py:3096} INFO - Sync 1 DAGs
[2026-04-29T02:51:57.132+0200] {logging_mixin.py:188} INFO - [2026-04-29T02:51:57.132+0200] {dag.py:3954} INFO - Setting next_dagrun for tutorial_dag to None, run_after=None
[2026-04-29T02:51:57.137+0200] {processor.py:183} INFO - Processing /Users/pablofrancoherrero/prueba_tecnica/venv/lib/python3.11/site-packages/airflow/example_dags/tutorial_dag.py took 0.041 seconds
[2026-04-29T03:09:35.845+0200] {processor.py:161} INFO - Started process (PID=72098) to work on /Users/pablofrancoherrero/prueba_tecnica/venv/lib/python3.11/site-packages/airflow/example_dags/tutorial_dag.py
[2026-04-29T03:09:35.846+0200] {processor.py:830} INFO - Processing file /Users/pablofrancoherrero/prueba_tecnica/venv/lib/python3.11/site-packages/airflow/example_dags/tutorial_dag.py for tasks to queue
[2026-04-29T03:09:35.846+0200] {logging_mixin.py:188} INFO - [2026-04-29T03:09:35.846+0200] {dagbag.py:540} INFO - Filling up the DagBag from /Users/pablofrancoherrero/prueba_tecnica/venv/lib/python3.11/site-packages/airflow/example_dags/tutorial_dag.py
[2026-04-29T03:09:35.854+0200] {processor.py:840} INFO - DAG(s) 'tutorial_dag' retrieved from /Users/pablofrancoherrero/prueba_tecnica/venv/lib/python3.11/site-packages/airflow/example_dags/tutorial_dag.py
[2026-04-29T03:09:35.878+0200] {logging_mixin.py:188} INFO - [2026-04-29T03:09:35.877+0200] {dag.py:3096} INFO - Sync 1 DAGs
[2026-04-29T03:09:35.880+0200] {logging_mixin.py:188} INFO - [2026-04-29T03:09:35.880+0200] {dag.py:3954} INFO - Setting next_dagrun for tutorial_dag to None, run_after=None
[2026-04-29T03:09:35.885+0200] {processor.py:183} INFO - Processing /Users/pablofrancoherrero/prueba_tecnica/venv/lib/python3.11/site-packages/airflow/example_dags/tutorial_dag.py took 0.040 seconds
[2026-04-29T03:25:56.382+0200] {processor.py:161} INFO - Started process (PID=72262) to work on /Users/pablofrancoherrero/prueba_tecnica/venv/lib/python3.11/site-packages/airflow/example_dags/tutorial_dag.py
[2026-04-29T03:25:56.383+0200] {processor.py:830} INFO - Processing file /Users/pablofrancoherrero/prueba_tecnica/venv/lib/python3.11/site-packages/airflow/example_dags/tutorial_dag.py for tasks to queue
[2026-04-29T03:25:56.383+0200] {logging_mixin.py:188} INFO - [2026-04-29T03:25:56.383+0200] {dagbag.py:540} INFO - Filling up the DagBag from /Users/pablofrancoherrero/prueba_tecnica/venv/lib/python3.11/site-packages/airflow/example_dags/tutorial_dag.py
[2026-04-29T03:25:56.390+0200] {processor.py:840} INFO - DAG(s) 'tutorial_dag' retrieved from /Users/pablofrancoherrero/prueba_tecnica/venv/lib/python3.11/site-packages/airflow/example_dags/tutorial_dag.py
[2026-04-29T03:25:56.414+0200] {logging_mixin.py:188} INFO - [2026-04-29T03:25:56.414+0200] {dag.py:3096} INFO - Sync 1 DAGs
[2026-04-29T03:25:56.417+0200] {logging_mixin.py:188} INFO - [2026-04-29T03:25:56.417+0200] {dag.py:3954} INFO - Setting next_dagrun for tutorial_dag to None, run_after=None
[2026-04-29T03:25:56.421+0200] {processor.py:183} INFO - Processing /Users/pablofrancoherrero/prueba_tecnica/venv/lib/python3.11/site-packages/airflow/example_dags/tutorial_dag.py took 0.040 seconds
[2026-04-29T03:43:34.982+0200] {processor.py:161} INFO - Started process (PID=72372) to work on /Users/pablofrancoherrero/prueba_tecnica/venv/lib/python3.11/site-packages/airflow/example_dags/tutorial_dag.py
[2026-04-29T03:43:34.983+0200] {processor.py:830} INFO - Processing file /Users/pablofrancoherrero/prueba_tecnica/venv/lib/python3.11/site-packages/airflow/example_dags/tutorial_dag.py for tasks to queue
[2026-04-29T03:43:34.983+0200] {logging_mixin.py:188} INFO - [2026-04-29T03:43:34.983+0200] {dagbag.py:540} INFO - Filling up the DagBag from /Users/pablofrancoherrero/prueba_tecnica/venv/lib/python3.11/site-packages/airflow/example_dags/tutorial_dag.py
[2026-04-29T03:43:34.991+0200] {processor.py:840} INFO - DAG(s) 'tutorial_dag' retrieved from /Users/pablofrancoherrero/prueba_tecnica/venv/lib/python3.11/site-packages/airflow/example_dags/tutorial_dag.py
[2026-04-29T03:43:35.014+0200] {logging_mixin.py:188} INFO - [2026-04-29T03:43:35.014+0200] {dag.py:3096} INFO - Sync 1 DAGs
[2026-04-29T03:43:35.017+0200] {logging_mixin.py:188} INFO - [2026-04-29T03:43:35.017+0200] {dag.py:3954} INFO - Setting next_dagrun for tutorial_dag to None, run_after=None
[2026-04-29T03:43:35.022+0200] {processor.py:183} INFO - Processing /Users/pablofrancoherrero/prueba_tecnica/venv/lib/python3.11/site-packages/airflow/example_dags/tutorial_dag.py took 0.041 seconds
[2026-04-29T03:53:35.681+0200] {processor.py:161} INFO - Started process (PID=72447) to work on /Users/pablofrancoherrero/prueba_tecnica/venv/lib/python3.11/site-packages/airflow/example_dags/tutorial_dag.py
[2026-04-29T03:53:35.682+0200] {processor.py:830} INFO - Processing file /Users/pablofrancoherrero/prueba_tecnica/venv/lib/python3.11/site-packages/airflow/example_dags/tutorial_dag.py for tasks to queue
[2026-04-29T03:53:35.682+0200] {logging_mixin.py:188} INFO - [2026-04-29T03:53:35.682+0200] {dagbag.py:540} INFO - Filling up the DagBag from /Users/pablofrancoherrero/prueba_tecnica/venv/lib/python3.11/site-packages/airflow/example_dags/tutorial_dag.py
[2026-04-29T03:53:35.690+0200] {processor.py:840} INFO - DAG(s) 'tutorial_dag' retrieved from /Users/pablofrancoherrero/prueba_tecnica/venv/lib/python3.11/site-packages/airflow/example_dags/tutorial_dag.py
[2026-04-29T03:53:35.715+0200] {logging_mixin.py:188} INFO - [2026-04-29T03:53:35.715+0200] {dag.py:3096} INFO - Sync 1 DAGs
[2026-04-29T03:53:35.718+0200] {logging_mixin.py:188} INFO - [2026-04-29T03:53:35.718+0200] {dag.py:3954} INFO - Setting next_dagrun for tutorial_dag to None, run_after=None
[2026-04-29T03:53:35.722+0200] {processor.py:183} INFO - Processing /Users/pablofrancoherrero/prueba_tecnica/venv/lib/python3.11/site-packages/airflow/example_dags/tutorial_dag.py took 0.042 seconds
[2026-04-29T04:09:22.249+0200] {processor.py:161} INFO - Started process (PID=72518) to work on /Users/pablofrancoherrero/prueba_tecnica/venv/lib/python3.11/site-packages/airflow/example_dags/tutorial_dag.py
[2026-04-29T04:09:22.250+0200] {processor.py:830} INFO - Processing file /Users/pablofrancoherrero/prueba_tecnica/venv/lib/python3.11/site-packages/airflow/example_dags/tutorial_dag.py for tasks to queue
[2026-04-29T04:09:22.251+0200] {logging_mixin.py:188} INFO - [2026-04-29T04:09:22.250+0200] {dagbag.py:540} INFO - Filling up the DagBag from /Users/pablofrancoherrero/prueba_tecnica/venv/lib/python3.11/site-packages/airflow/example_dags/tutorial_dag.py
[2026-04-29T04:09:22.258+0200] {processor.py:840} INFO - DAG(s) 'tutorial_dag' retrieved from /Users/pablofrancoherrero/prueba_tecnica/venv/lib/python3.11/site-packages/airflow/example_dags/tutorial_dag.py
[2026-04-29T04:09:22.282+0200] {logging_mixin.py:188} INFO - [2026-04-29T04:09:22.282+0200] {dag.py:3096} INFO - Sync 1 DAGs
[2026-04-29T04:09:22.285+0200] {logging_mixin.py:188} INFO - [2026-04-29T04:09:22.285+0200] {dag.py:3954} INFO - Setting next_dagrun for tutorial_dag to None, run_after=None
[2026-04-29T04:09:22.289+0200] {processor.py:183} INFO - Processing /Users/pablofrancoherrero/prueba_tecnica/venv/lib/python3.11/site-packages/airflow/example_dags/tutorial_dag.py took 0.041 seconds
[2026-04-29T04:26:15.965+0200] {processor.py:161} INFO - Started process (PID=72640) to work on /Users/pablofrancoherrero/prueba_tecnica/venv/lib/python3.11/site-packages/airflow/example_dags/tutorial_dag.py
[2026-04-29T04:26:15.966+0200] {processor.py:830} INFO - Processing file /Users/pablofrancoherrero/prueba_tecnica/venv/lib/python3.11/site-packages/airflow/example_dags/tutorial_dag.py for tasks to queue
[2026-04-29T04:26:15.966+0200] {logging_mixin.py:188} INFO - [2026-04-29T04:26:15.966+0200] {dagbag.py:540} INFO - Filling up the DagBag from /Users/pablofrancoherrero/prueba_tecnica/venv/lib/python3.11/site-packages/airflow/example_dags/tutorial_dag.py
[2026-04-29T04:26:15.974+0200] {processor.py:840} INFO - DAG(s) 'tutorial_dag' retrieved from /Users/pablofrancoherrero/prueba_tecnica/venv/lib/python3.11/site-packages/airflow/example_dags/tutorial_dag.py
[2026-04-29T04:26:15.998+0200] {logging_mixin.py:188} INFO - [2026-04-29T04:26:15.998+0200] {dag.py:3096} INFO - Sync 1 DAGs
[2026-04-29T04:26:16.000+0200] {logging_mixin.py:188} INFO - [2026-04-29T04:26:16.000+0200] {dag.py:3954} INFO - Setting next_dagrun for tutorial_dag to None, run_after=None
[2026-04-29T04:26:16.005+0200] {processor.py:183} INFO - Processing /Users/pablofrancoherrero/prueba_tecnica/venv/lib/python3.11/site-packages/airflow/example_dags/tutorial_dag.py took 0.040 seconds
[2026-04-29T04:44:22.281+0200] {processor.py:161} INFO - Started process (PID=72742) to work on /Users/pablofrancoherrero/prueba_tecnica/venv/lib/python3.11/site-packages/airflow/example_dags/tutorial_dag.py
[2026-04-29T04:44:22.282+0200] {processor.py:830} INFO - Processing file /Users/pablofrancoherrero/prueba_tecnica/venv/lib/python3.11/site-packages/airflow/example_dags/tutorial_dag.py for tasks to queue
[2026-04-29T04:44:22.283+0200] {logging_mixin.py:188} INFO - [2026-04-29T04:44:22.282+0200] {dagbag.py:540} INFO - Filling up the DagBag from /Users/pablofrancoherrero/prueba_tecnica/venv/lib/python3.11/site-packages/airflow/example_dags/tutorial_dag.py
[2026-04-29T04:44:22.290+0200] {processor.py:840} INFO - DAG(s) 'tutorial_dag' retrieved from /Users/pablofrancoherrero/prueba_tecnica/venv/lib/python3.11/site-packages/airflow/example_dags/tutorial_dag.py
[2026-04-29T04:44:22.314+0200] {logging_mixin.py:188} INFO - [2026-04-29T04:44:22.314+0200] {dag.py:3096} INFO - Sync 1 DAGs
[2026-04-29T04:44:22.316+0200] {logging_mixin.py:188} INFO - [2026-04-29T04:44:22.316+0200] {dag.py:3954} INFO - Setting next_dagrun for tutorial_dag to None, run_after=None
[2026-04-29T04:44:22.321+0200] {processor.py:183} INFO - Processing /Users/pablofrancoherrero/prueba_tecnica/venv/lib/python3.11/site-packages/airflow/example_dags/tutorial_dag.py took 0.041 seconds
[2026-04-29T05:01:10.099+0200] {processor.py:161} INFO - Started process (PID=72871) to work on /Users/pablofrancoherrero/prueba_tecnica/venv/lib/python3.11/site-packages/airflow/example_dags/tutorial_dag.py
[2026-04-29T05:01:10.100+0200] {processor.py:830} INFO - Processing file /Users/pablofrancoherrero/prueba_tecnica/venv/lib/python3.11/site-packages/airflow/example_dags/tutorial_dag.py for tasks to queue
[2026-04-29T05:01:10.100+0200] {logging_mixin.py:188} INFO - [2026-04-29T05:01:10.100+0200] {dagbag.py:540} INFO - Filling up the DagBag from /Users/pablofrancoherrero/prueba_tecnica/venv/lib/python3.11/site-packages/airflow/example_dags/tutorial_dag.py
[2026-04-29T05:01:10.108+0200] {processor.py:840} INFO - DAG(s) 'tutorial_dag' retrieved from /Users/pablofrancoherrero/prueba_tecnica/venv/lib/python3.11/site-packages/airflow/example_dags/tutorial_dag.py
[2026-04-29T05:01:10.132+0200] {logging_mixin.py:188} INFO - [2026-04-29T05:01:10.132+0200] {dag.py:3096} INFO - Sync 1 DAGs
[2026-04-29T05:01:10.135+0200] {logging_mixin.py:188} INFO - [2026-04-29T05:01:10.135+0200] {dag.py:3954} INFO - Setting next_dagrun for tutorial_dag to None, run_after=None
[2026-04-29T05:01:10.140+0200] {processor.py:183} INFO - Processing /Users/pablofrancoherrero/prueba_tecnica/venv/lib/python3.11/site-packages/airflow/example_dags/tutorial_dag.py took 0.041 seconds
[2026-04-29T05:17:28.694+0200] {processor.py:161} INFO - Started process (PID=73059) to work on /Users/pablofrancoherrero/prueba_tecnica/venv/lib/python3.11/site-packages/airflow/example_dags/tutorial_dag.py
[2026-04-29T05:17:28.695+0200] {processor.py:830} INFO - Processing file /Users/pablofrancoherrero/prueba_tecnica/venv/lib/python3.11/site-packages/airflow/example_dags/tutorial_dag.py for tasks to queue
[2026-04-29T05:17:28.695+0200] {logging_mixin.py:188} INFO - [2026-04-29T05:17:28.695+0200] {dagbag.py:540} INFO - Filling up the DagBag from /Users/pablofrancoherrero/prueba_tecnica/venv/lib/python3.11/site-packages/airflow/example_dags/tutorial_dag.py
[2026-04-29T05:17:28.704+0200] {processor.py:840} INFO - DAG(s) 'tutorial_dag' retrieved from /Users/pablofrancoherrero/prueba_tecnica/venv/lib/python3.11/site-packages/airflow/example_dags/tutorial_dag.py
[2026-04-29T05:17:28.729+0200] {logging_mixin.py:188} INFO - [2026-04-29T05:17:28.729+0200] {dag.py:3096} INFO - Sync 1 DAGs
[2026-04-29T05:17:28.732+0200] {logging_mixin.py:188} INFO - [2026-04-29T05:17:28.732+0200] {dag.py:3954} INFO - Setting next_dagrun for tutorial_dag to None, run_after=None
[2026-04-29T05:17:28.737+0200] {processor.py:183} INFO - Processing /Users/pablofrancoherrero/prueba_tecnica/venv/lib/python3.11/site-packages/airflow/example_dags/tutorial_dag.py took 0.043 seconds
[2026-04-29T05:18:15.309+0200] {processor.py:161} INFO - Started process (PID=73191) to work on /Users/pablofrancoherrero/prueba_tecnica/venv/lib/python3.11/site-packages/airflow/example_dags/tutorial_dag.py
[2026-04-29T05:18:15.310+0200] {processor.py:830} INFO - Processing file /Users/pablofrancoherrero/prueba_tecnica/venv/lib/python3.11/site-packages/airflow/example_dags/tutorial_dag.py for tasks to queue
[2026-04-29T05:18:15.310+0200] {logging_mixin.py:188} INFO - [2026-04-29T05:18:15.310+0200] {dagbag.py:540} INFO - Filling up the DagBag from /Users/pablofrancoherrero/prueba_tecnica/venv/lib/python3.11/site-packages/airflow/example_dags/tutorial_dag.py
[2026-04-29T05:18:15.318+0200] {processor.py:840} INFO - DAG(s) 'tutorial_dag' retrieved from /Users/pablofrancoherrero/prueba_tecnica/venv/lib/python3.11/site-packages/airflow/example_dags/tutorial_dag.py
[2026-04-29T05:18:15.343+0200] {logging_mixin.py:188} INFO - [2026-04-29T05:18:15.343+0200] {dag.py:3096} INFO - Sync 1 DAGs
[2026-04-29T05:18:15.346+0200] {logging_mixin.py:188} INFO - [2026-04-29T05:18:15.345+0200] {dag.py:3954} INFO - Setting next_dagrun for tutorial_dag to None, run_after=None
[2026-04-29T05:18:15.350+0200] {processor.py:183} INFO - Processing /Users/pablofrancoherrero/prueba_tecnica/venv/lib/python3.11/site-packages/airflow/example_dags/tutorial_dag.py took 0.041 seconds
[2026-04-29T05:19:36.528+0200] {processor.py:161} INFO - Started process (PID=73351) to work on /Users/pablofrancoherrero/prueba_tecnica/venv/lib/python3.11/site-packages/airflow/example_dags/tutorial_dag.py
[2026-04-29T05:19:36.529+0200] {processor.py:830} INFO - Processing file /Users/pablofrancoherrero/prueba_tecnica/venv/lib/python3.11/site-packages/airflow/example_dags/tutorial_dag.py for tasks to queue
[2026-04-29T05:19:36.529+0200] {logging_mixin.py:188} INFO - [2026-04-29T05:19:36.529+0200] {dagbag.py:540} INFO - Filling up the DagBag from /Users/pablofrancoherrero/prueba_tecnica/venv/lib/python3.11/site-packages/airflow/example_dags/tutorial_dag.py
[2026-04-29T05:19:36.537+0200] {processor.py:840} INFO - DAG(s) 'tutorial_dag' retrieved from /Users/pablofrancoherrero/prueba_tecnica/venv/lib/python3.11/site-packages/airflow/example_dags/tutorial_dag.py
[2026-04-29T05:19:36.560+0200] {logging_mixin.py:188} INFO - [2026-04-29T05:19:36.560+0200] {dag.py:3096} INFO - Sync 1 DAGs
[2026-04-29T05:19:36.563+0200] {logging_mixin.py:188} INFO - [2026-04-29T05:19:36.563+0200] {dag.py:3954} INFO - Setting next_dagrun for tutorial_dag to None, run_after=None
[2026-04-29T05:19:36.568+0200] {processor.py:183} INFO - Processing /Users/pablofrancoherrero/prueba_tecnica/venv/lib/python3.11/site-packages/airflow/example_dags/tutorial_dag.py took 0.041 seconds
[2026-04-29T05:20:55.632+0200] {processor.py:161} INFO - Started process (PID=73451) to work on /Users/pablofrancoherrero/prueba_tecnica/venv/lib/python3.11/site-packages/airflow/example_dags/tutorial_dag.py
[2026-04-29T05:20:55.634+0200] {processor.py:830} INFO - Processing file /Users/pablofrancoherrero/prueba_tecnica/venv/lib/python3.11/site-packages/airflow/example_dags/tutorial_dag.py for tasks to queue
[2026-04-29T05:20:55.634+0200] {logging_mixin.py:188} INFO - [2026-04-29T05:20:55.634+0200] {dagbag.py:540} INFO - Filling up the DagBag from /Users/pablofrancoherrero/prueba_tecnica/venv/lib/python3.11/site-packages/airflow/example_dags/tutorial_dag.py
[2026-04-29T05:20:55.642+0200] {processor.py:840} INFO - DAG(s) 'tutorial_dag' retrieved from /Users/pablofrancoherrero/prueba_tecnica/venv/lib/python3.11/site-packages/airflow/example_dags/tutorial_dag.py
[2026-04-29T05:20:55.666+0200] {logging_mixin.py:188} INFO - [2026-04-29T05:20:55.665+0200] {dag.py:3096} INFO - Sync 1 DAGs
[2026-04-29T05:20:55.668+0200] {logging_mixin.py:188} INFO - [2026-04-29T05:20:55.668+0200] {dag.py:3954} INFO - Setting next_dagrun for tutorial_dag to None, run_after=None
[2026-04-29T05:20:55.673+0200] {processor.py:183} INFO - Processing /Users/pablofrancoherrero/prueba_tecnica/venv/lib/python3.11/site-packages/airflow/example_dags/tutorial_dag.py took 0.041 seconds
[2026-04-29T05:22:14.881+0200] {processor.py:161} INFO - Started process (PID=73550) to work on /Users/pablofrancoherrero/prueba_tecnica/venv/lib/python3.11/site-packages/airflow/example_dags/tutorial_dag.py
[2026-04-29T05:22:14.882+0200] {processor.py:830} INFO - Processing file /Users/pablofrancoherrero/prueba_tecnica/venv/lib/python3.11/site-packages/airflow/example_dags/tutorial_dag.py for tasks to queue
[2026-04-29T05:22:14.882+0200] {logging_mixin.py:188} INFO - [2026-04-29T05:22:14.882+0200] {dagbag.py:540} INFO - Filling up the DagBag from /Users/pablofrancoherrero/prueba_tecnica/venv/lib/python3.11/site-packages/airflow/example_dags/tutorial_dag.py
[2026-04-29T05:22:14.890+0200] {processor.py:840} INFO - DAG(s) 'tutorial_dag' retrieved from /Users/pablofrancoherrero/prueba_tecnica/venv/lib/python3.11/site-packages/airflow/example_dags/tutorial_dag.py
[2026-04-29T05:22:14.915+0200] {logging_mixin.py:188} INFO - [2026-04-29T05:22:14.915+0200] {dag.py:3096} INFO - Sync 1 DAGs
[2026-04-29T05:22:14.917+0200] {logging_mixin.py:188} INFO - [2026-04-29T05:22:14.917+0200] {dag.py:3954} INFO - Setting next_dagrun for tutorial_dag to None, run_after=None
[2026-04-29T05:22:14.922+0200] {processor.py:183} INFO - Processing /Users/pablofrancoherrero/prueba_tecnica/venv/lib/python3.11/site-packages/airflow/example_dags/tutorial_dag.py took 0.042 seconds
[2026-04-29T05:22:57.833+0200] {processor.py:161} INFO - Started process (PID=73610) to work on /Users/pablofrancoherrero/prueba_tecnica/venv/lib/python3.11/site-packages/airflow/example_dags/tutorial_dag.py
[2026-04-29T05:22:57.834+0200] {processor.py:830} INFO - Processing file /Users/pablofrancoherrero/prueba_tecnica/venv/lib/python3.11/site-packages/airflow/example_dags/tutorial_dag.py for tasks to queue
[2026-04-29T05:22:57.834+0200] {logging_mixin.py:188} INFO - [2026-04-29T05:22:57.834+0200] {dagbag.py:540} INFO - Filling up the DagBag from /Users/pablofrancoherrero/prueba_tecnica/venv/lib/python3.11/site-packages/airflow/example_dags/tutorial_dag.py
[2026-04-29T05:22:57.842+0200] {processor.py:840} INFO - DAG(s) 'tutorial_dag' retrieved from /Users/pablofrancoherrero/prueba_tecnica/venv/lib/python3.11/site-packages/airflow/example_dags/tutorial_dag.py
[2026-04-29T05:22:57.866+0200] {logging_mixin.py:188} INFO - [2026-04-29T05:22:57.866+0200] {dag.py:3096} INFO - Sync 1 DAGs
[2026-04-29T05:22:57.869+0200] {logging_mixin.py:188} INFO - [2026-04-29T05:22:57.868+0200] {dag.py:3954} INFO - Setting next_dagrun for tutorial_dag to None, run_after=None
[2026-04-29T05:22:57.873+0200] {processor.py:183} INFO - Processing /Users/pablofrancoherrero/prueba_tecnica/venv/lib/python3.11/site-packages/airflow/example_dags/tutorial_dag.py took 0.041 seconds
[2026-04-29T05:24:17.836+0200] {processor.py:161} INFO - Started process (PID=73705) to work on /Users/pablofrancoherrero/prueba_tecnica/venv/lib/python3.11/site-packages/airflow/example_dags/tutorial_dag.py
[2026-04-29T05:24:17.837+0200] {processor.py:830} INFO - Processing file /Users/pablofrancoherrero/prueba_tecnica/venv/lib/python3.11/site-packages/airflow/example_dags/tutorial_dag.py for tasks to queue
[2026-04-29T05:24:17.838+0200] {logging_mixin.py:188} INFO - [2026-04-29T05:24:17.837+0200] {dagbag.py:540} INFO - Filling up the DagBag from /Users/pablofrancoherrero/prueba_tecnica/venv/lib/python3.11/site-packages/airflow/example_dags/tutorial_dag.py
[2026-04-29T05:24:17.846+0200] {processor.py:840} INFO - DAG(s) 'tutorial_dag' retrieved from /Users/pablofrancoherrero/prueba_tecnica/venv/lib/python3.11/site-packages/airflow/example_dags/tutorial_dag.py
[2026-04-29T05:24:17.870+0200] {logging_mixin.py:188} INFO - [2026-04-29T05:24:17.870+0200] {dag.py:3096} INFO - Sync 1 DAGs
[2026-04-29T05:24:17.873+0200] {logging_mixin.py:188} INFO - [2026-04-29T05:24:17.873+0200] {dag.py:3954} INFO - Setting next_dagrun for tutorial_dag to None, run_after=None
[2026-04-29T05:24:17.878+0200] {processor.py:183} INFO - Processing /Users/pablofrancoherrero/prueba_tecnica/venv/lib/python3.11/site-packages/airflow/example_dags/tutorial_dag.py took 0.042 seconds
[2026-04-29T05:25:37.168+0200] {processor.py:161} INFO - Started process (PID=73795) to work on /Users/pablofrancoherrero/prueba_tecnica/venv/lib/python3.11/site-packages/airflow/example_dags/tutorial_dag.py
[2026-04-29T05:25:37.169+0200] {processor.py:830} INFO - Processing file /Users/pablofrancoherrero/prueba_tecnica/venv/lib/python3.11/site-packages/airflow/example_dags/tutorial_dag.py for tasks to queue
[2026-04-29T05:25:37.170+0200] {logging_mixin.py:188} INFO - [2026-04-29T05:25:37.169+0200] {dagbag.py:540} INFO - Filling up the DagBag from /Users/pablofrancoherrero/prueba_tecnica/venv/lib/python3.11/site-packages/airflow/example_dags/tutorial_dag.py
[2026-04-29T05:25:37.178+0200] {processor.py:840} INFO - DAG(s) 'tutorial_dag' retrieved from /Users/pablofrancoherrero/prueba_tecnica/venv/lib/python3.11/site-packages/airflow/example_dags/tutorial_dag.py
[2026-04-29T05:25:37.202+0200] {logging_mixin.py:188} INFO - [2026-04-29T05:25:37.202+0200] {dag.py:3096} INFO - Sync 1 DAGs
[2026-04-29T05:25:37.205+0200] {logging_mixin.py:188} INFO - [2026-04-29T05:25:37.205+0200] {dag.py:3954} INFO - Setting next_dagrun for tutorial_dag to None, run_after=None
[2026-04-29T05:25:37.210+0200] {processor.py:183} INFO - Processing /Users/pablofrancoherrero/prueba_tecnica/venv/lib/python3.11/site-packages/airflow/example_dags/tutorial_dag.py took 0.042 seconds
[2026-04-29T05:26:18.898+0200] {processor.py:161} INFO - Started process (PID=73837) to work on /Users/pablofrancoherrero/prueba_tecnica/venv/lib/python3.11/site-packages/airflow/example_dags/tutorial_dag.py
[2026-04-29T05:26:18.899+0200] {processor.py:830} INFO - Processing file /Users/pablofrancoherrero/prueba_tecnica/venv/lib/python3.11/site-packages/airflow/example_dags/tutorial_dag.py for tasks to queue
[2026-04-29T05:26:18.900+0200] {logging_mixin.py:188} INFO - [2026-04-29T05:26:18.899+0200] {dagbag.py:540} INFO - Filling up the DagBag from /Users/pablofrancoherrero/prueba_tecnica/venv/lib/python3.11/site-packages/airflow/example_dags/tutorial_dag.py
[2026-04-29T05:26:18.907+0200] {processor.py:840} INFO - DAG(s) 'tutorial_dag' retrieved from /Users/pablofrancoherrero/prueba_tecnica/venv/lib/python3.11/site-packages/airflow/example_dags/tutorial_dag.py
[2026-04-29T05:26:18.931+0200] {logging_mixin.py:188} INFO - [2026-04-29T05:26:18.931+0200] {dag.py:3096} INFO - Sync 1 DAGs
[2026-04-29T05:26:18.934+0200] {logging_mixin.py:188} INFO - [2026-04-29T05:26:18.934+0200] {dag.py:3954} INFO - Setting next_dagrun for tutorial_dag to None, run_after=None
[2026-04-29T05:26:18.939+0200] {processor.py:183} INFO - Processing /Users/pablofrancoherrero/prueba_tecnica/venv/lib/python3.11/site-packages/airflow/example_dags/tutorial_dag.py took 0.041 seconds
[2026-04-29T05:27:39.418+0200] {processor.py:161} INFO - Started process (PID=73925) to work on /Users/pablofrancoherrero/prueba_tecnica/venv/lib/python3.11/site-packages/airflow/example_dags/tutorial_dag.py
[2026-04-29T05:27:39.419+0200] {processor.py:830} INFO - Processing file /Users/pablofrancoherrero/prueba_tecnica/venv/lib/python3.11/site-packages/airflow/example_dags/tutorial_dag.py for tasks to queue
[2026-04-29T05:27:39.419+0200] {logging_mixin.py:188} INFO - [2026-04-29T05:27:39.419+0200] {dagbag.py:540} INFO - Filling up the DagBag from /Users/pablofrancoherrero/prueba_tecnica/venv/lib/python3.11/site-packages/airflow/example_dags/tutorial_dag.py
[2026-04-29T05:27:39.427+0200] {processor.py:840} INFO - DAG(s) 'tutorial_dag' retrieved from /Users/pablofrancoherrero/prueba_tecnica/venv/lib/python3.11/site-packages/airflow/example_dags/tutorial_dag.py
[2026-04-29T05:27:39.452+0200] {logging_mixin.py:188} INFO - [2026-04-29T05:27:39.451+0200] {dag.py:3096} INFO - Sync 1 DAGs
[2026-04-29T05:27:39.454+0200] {logging_mixin.py:188} INFO - [2026-04-29T05:27:39.454+0200] {dag.py:3954} INFO - Setting next_dagrun for tutorial_dag to None, run_after=None
[2026-04-29T05:27:39.459+0200] {processor.py:183} INFO - Processing /Users/pablofrancoherrero/prueba_tecnica/venv/lib/python3.11/site-packages/airflow/example_dags/tutorial_dag.py took 0.042 seconds
[2026-04-29T05:28:21.211+0200] {processor.py:161} INFO - Started process (PID=73983) to work on /Users/pablofrancoherrero/prueba_tecnica/venv/lib/python3.11/site-packages/airflow/example_dags/tutorial_dag.py
[2026-04-29T05:28:21.211+0200] {processor.py:830} INFO - Processing file /Users/pablofrancoherrero/prueba_tecnica/venv/lib/python3.11/site-packages/airflow/example_dags/tutorial_dag.py for tasks to queue
[2026-04-29T05:28:21.211+0200] {logging_mixin.py:188} INFO - [2026-04-29T05:28:21.211+0200] {dagbag.py:540} INFO - Filling up the DagBag from /Users/pablofrancoherrero/prueba_tecnica/venv/lib/python3.11/site-packages/airflow/example_dags/tutorial_dag.py
[2026-04-29T05:28:21.220+0200] {processor.py:840} INFO - DAG(s) 'tutorial_dag' retrieved from /Users/pablofrancoherrero/prueba_tecnica/venv/lib/python3.11/site-packages/airflow/example_dags/tutorial_dag.py
[2026-04-29T05:28:21.244+0200] {logging_mixin.py:188} INFO - [2026-04-29T05:28:21.244+0200] {dag.py:3096} INFO - Sync 1 DAGs
[2026-04-29T05:28:21.246+0200] {logging_mixin.py:188} INFO - [2026-04-29T05:28:21.246+0200] {dag.py:3954} INFO - Setting next_dagrun for tutorial_dag to None, run_after=None
[2026-04-29T05:28:21.251+0200] {processor.py:183} INFO - Processing /Users/pablofrancoherrero/prueba_tecnica/venv/lib/python3.11/site-packages/airflow/example_dags/tutorial_dag.py took 0.041 seconds
[2026-04-29T05:29:39.721+0200] {processor.py:161} INFO - Started process (PID=74071) to work on /Users/pablofrancoherrero/prueba_tecnica/venv/lib/python3.11/site-packages/airflow/example_dags/tutorial_dag.py
[2026-04-29T05:29:39.722+0200] {processor.py:830} INFO - Processing file /Users/pablofrancoherrero/prueba_tecnica/venv/lib/python3.11/site-packages/airflow/example_dags/tutorial_dag.py for tasks to queue
[2026-04-29T05:29:39.723+0200] {logging_mixin.py:188} INFO - [2026-04-29T05:29:39.722+0200] {dagbag.py:540} INFO - Filling up the DagBag from /Users/pablofrancoherrero/prueba_tecnica/venv/lib/python3.11/site-packages/airflow/example_dags/tutorial_dag.py
[2026-04-29T05:29:39.730+0200] {processor.py:840} INFO - DAG(s) 'tutorial_dag' retrieved from /Users/pablofrancoherrero/prueba_tecnica/venv/lib/python3.11/site-packages/airflow/example_dags/tutorial_dag.py
[2026-04-29T05:29:39.754+0200] {logging_mixin.py:188} INFO - [2026-04-29T05:29:39.754+0200] {dag.py:3096} INFO - Sync 1 DAGs
[2026-04-29T05:29:39.757+0200] {logging_mixin.py:188} INFO - [2026-04-29T05:29:39.757+0200] {dag.py:3954} INFO - Setting next_dagrun for tutorial_dag to None, run_after=None
[2026-04-29T05:29:39.761+0200] {processor.py:183} INFO - Processing /Users/pablofrancoherrero/prueba_tecnica/venv/lib/python3.11/site-packages/airflow/example_dags/tutorial_dag.py took 0.041 seconds
[2026-04-29T05:30:56.952+0200] {processor.py:161} INFO - Started process (PID=74153) to work on /Users/pablofrancoherrero/prueba_tecnica/venv/lib/python3.11/site-packages/airflow/example_dags/tutorial_dag.py
[2026-04-29T05:30:56.953+0200] {processor.py:830} INFO - Processing file /Users/pablofrancoherrero/prueba_tecnica/venv/lib/python3.11/site-packages/airflow/example_dags/tutorial_dag.py for tasks to queue
[2026-04-29T05:30:56.953+0200] {logging_mixin.py:188} INFO - [2026-04-29T05:30:56.953+0200] {dagbag.py:540} INFO - Filling up the DagBag from /Users/pablofrancoherrero/prueba_tecnica/venv/lib/python3.11/site-packages/airflow/example_dags/tutorial_dag.py
[2026-04-29T05:30:56.961+0200] {processor.py:840} INFO - DAG(s) 'tutorial_dag' retrieved from /Users/pablofrancoherrero/prueba_tecnica/venv/lib/python3.11/site-packages/airflow/example_dags/tutorial_dag.py
[2026-04-29T05:30:56.985+0200] {logging_mixin.py:188} INFO - [2026-04-29T05:30:56.985+0200] {dag.py:3096} INFO - Sync 1 DAGs
[2026-04-29T05:30:56.987+0200] {logging_mixin.py:188} INFO - [2026-04-29T05:30:56.987+0200] {dag.py:3954} INFO - Setting next_dagrun for tutorial_dag to None, run_after=None
[2026-04-29T05:30:56.992+0200] {processor.py:183} INFO - Processing /Users/pablofrancoherrero/prueba_tecnica/venv/lib/python3.11/site-packages/airflow/example_dags/tutorial_dag.py took 0.040 seconds
[2026-04-29T05:32:18.615+0200] {processor.py:161} INFO - Started process (PID=74239) to work on /Users/pablofrancoherrero/prueba_tecnica/venv/lib/python3.11/site-packages/airflow/example_dags/tutorial_dag.py
[2026-04-29T05:32:18.617+0200] {processor.py:830} INFO - Processing file /Users/pablofrancoherrero/prueba_tecnica/venv/lib/python3.11/site-packages/airflow/example_dags/tutorial_dag.py for tasks to queue
[2026-04-29T05:32:18.617+0200] {logging_mixin.py:188} INFO - [2026-04-29T05:32:18.617+0200] {dagbag.py:540} INFO - Filling up the DagBag from /Users/pablofrancoherrero/prueba_tecnica/venv/lib/python3.11/site-packages/airflow/example_dags/tutorial_dag.py
[2026-04-29T05:32:18.625+0200] {processor.py:840} INFO - DAG(s) 'tutorial_dag' retrieved from /Users/pablofrancoherrero/prueba_tecnica/venv/lib/python3.11/site-packages/airflow/example_dags/tutorial_dag.py
[2026-04-29T05:32:18.649+0200] {logging_mixin.py:188} INFO - [2026-04-29T05:32:18.649+0200] {dag.py:3096} INFO - Sync 1 DAGs
[2026-04-29T05:32:18.652+0200] {logging_mixin.py:188} INFO - [2026-04-29T05:32:18.652+0200] {dag.py:3954} INFO - Setting next_dagrun for tutorial_dag to None, run_after=None
[2026-04-29T05:32:18.657+0200] {processor.py:183} INFO - Processing /Users/pablofrancoherrero/prueba_tecnica/venv/lib/python3.11/site-packages/airflow/example_dags/tutorial_dag.py took 0.042 seconds
[2026-04-29T05:33:00.211+0200] {processor.py:161} INFO - Started process (PID=74290) to work on /Users/pablofrancoherrero/prueba_tecnica/venv/lib/python3.11/site-packages/airflow/example_dags/tutorial_dag.py
[2026-04-29T05:33:00.212+0200] {processor.py:830} INFO - Processing file /Users/pablofrancoherrero/prueba_tecnica/venv/lib/python3.11/site-packages/airflow/example_dags/tutorial_dag.py for tasks to queue
[2026-04-29T05:33:00.212+0200] {logging_mixin.py:188} INFO - [2026-04-29T05:33:00.212+0200] {dagbag.py:540} INFO - Filling up the DagBag from /Users/pablofrancoherrero/prueba_tecnica/venv/lib/python3.11/site-packages/airflow/example_dags/tutorial_dag.py
[2026-04-29T05:33:00.220+0200] {processor.py:840} INFO - DAG(s) 'tutorial_dag' retrieved from /Users/pablofrancoherrero/prueba_tecnica/venv/lib/python3.11/site-packages/airflow/example_dags/tutorial_dag.py
[2026-04-29T05:33:00.245+0200] {logging_mixin.py:188} INFO - [2026-04-29T05:33:00.245+0200] {dag.py:3096} INFO - Sync 1 DAGs
[2026-04-29T05:33:00.248+0200] {logging_mixin.py:188} INFO - [2026-04-29T05:33:00.248+0200] {dag.py:3954} INFO - Setting next_dagrun for tutorial_dag to None, run_after=None
[2026-04-29T05:33:00.253+0200] {processor.py:183} INFO - Processing /Users/pablofrancoherrero/prueba_tecnica/venv/lib/python3.11/site-packages/airflow/example_dags/tutorial_dag.py took 0.043 seconds
[2026-04-29T05:34:19.070+0200] {processor.py:161} INFO - Started process (PID=74417) to work on /Users/pablofrancoherrero/prueba_tecnica/venv/lib/python3.11/site-packages/airflow/example_dags/tutorial_dag.py
[2026-04-29T05:34:19.071+0200] {processor.py:830} INFO - Processing file /Users/pablofrancoherrero/prueba_tecnica/venv/lib/python3.11/site-packages/airflow/example_dags/tutorial_dag.py for tasks to queue
[2026-04-29T05:34:19.072+0200] {logging_mixin.py:188} INFO - [2026-04-29T05:34:19.072+0200] {dagbag.py:540} INFO - Filling up the DagBag from /Users/pablofrancoherrero/prueba_tecnica/venv/lib/python3.11/site-packages/airflow/example_dags/tutorial_dag.py
[2026-04-29T05:34:19.080+0200] {processor.py:840} INFO - DAG(s) 'tutorial_dag' retrieved from /Users/pablofrancoherrero/prueba_tecnica/venv/lib/python3.11/site-packages/airflow/example_dags/tutorial_dag.py
[2026-04-29T05:34:19.104+0200] {logging_mixin.py:188} INFO - [2026-04-29T05:34:19.104+0200] {dag.py:3096} INFO - Sync 1 DAGs
[2026-04-29T05:34:19.107+0200] {logging_mixin.py:188} INFO - [2026-04-29T05:34:19.107+0200] {dag.py:3954} INFO - Setting next_dagrun for tutorial_dag to None, run_after=None
[2026-04-29T05:34:19.111+0200] {processor.py:183} INFO - Processing /Users/pablofrancoherrero/prueba_tecnica/venv/lib/python3.11/site-packages/airflow/example_dags/tutorial_dag.py took 0.042 seconds
[2026-04-29T05:35:38.026+0200] {processor.py:161} INFO - Started process (PID=74506) to work on /Users/pablofrancoherrero/prueba_tecnica/venv/lib/python3.11/site-packages/airflow/example_dags/tutorial_dag.py
[2026-04-29T05:35:38.027+0200] {processor.py:830} INFO - Processing file /Users/pablofrancoherrero/prueba_tecnica/venv/lib/python3.11/site-packages/airflow/example_dags/tutorial_dag.py for tasks to queue
[2026-04-29T05:35:38.027+0200] {logging_mixin.py:188} INFO - [2026-04-29T05:35:38.027+0200] {dagbag.py:540} INFO - Filling up the DagBag from /Users/pablofrancoherrero/prueba_tecnica/venv/lib/python3.11/site-packages/airflow/example_dags/tutorial_dag.py
[2026-04-29T05:35:38.035+0200] {processor.py:840} INFO - DAG(s) 'tutorial_dag' retrieved from /Users/pablofrancoherrero/prueba_tecnica/venv/lib/python3.11/site-packages/airflow/example_dags/tutorial_dag.py
[2026-04-29T05:35:38.058+0200] {logging_mixin.py:188} INFO - [2026-04-29T05:35:38.058+0200] {dag.py:3096} INFO - Sync 1 DAGs
[2026-04-29T05:35:38.061+0200] {logging_mixin.py:188} INFO - [2026-04-29T05:35:38.061+0200] {dag.py:3954} INFO - Setting next_dagrun for tutorial_dag to None, run_after=None
[2026-04-29T05:35:38.066+0200] {processor.py:183} INFO - Processing /Users/pablofrancoherrero/prueba_tecnica/venv/lib/python3.11/site-packages/airflow/example_dags/tutorial_dag.py took 0.041 seconds
[2026-04-29T05:36:19.413+0200] {processor.py:161} INFO - Started process (PID=74548) to work on /Users/pablofrancoherrero/prueba_tecnica/venv/lib/python3.11/site-packages/airflow/example_dags/tutorial_dag.py
[2026-04-29T05:36:19.414+0200] {processor.py:830} INFO - Processing file /Users/pablofrancoherrero/prueba_tecnica/venv/lib/python3.11/site-packages/airflow/example_dags/tutorial_dag.py for tasks to queue
[2026-04-29T05:36:19.414+0200] {logging_mixin.py:188} INFO - [2026-04-29T05:36:19.414+0200] {dagbag.py:540} INFO - Filling up the DagBag from /Users/pablofrancoherrero/prueba_tecnica/venv/lib/python3.11/site-packages/airflow/example_dags/tutorial_dag.py
[2026-04-29T05:36:19.422+0200] {processor.py:840} INFO - DAG(s) 'tutorial_dag' retrieved from /Users/pablofrancoherrero/prueba_tecnica/venv/lib/python3.11/site-packages/airflow/example_dags/tutorial_dag.py
[2026-04-29T05:36:19.446+0200] {logging_mixin.py:188} INFO - [2026-04-29T05:36:19.446+0200] {dag.py:3096} INFO - Sync 1 DAGs
[2026-04-29T05:36:19.449+0200] {logging_mixin.py:188} INFO - [2026-04-29T05:36:19.449+0200] {dag.py:3954} INFO - Setting next_dagrun for tutorial_dag to None, run_after=None
[2026-04-29T05:36:19.453+0200] {processor.py:183} INFO - Processing /Users/pablofrancoherrero/prueba_tecnica/venv/lib/python3.11/site-packages/airflow/example_dags/tutorial_dag.py took 0.041 seconds
[2026-04-29T05:37:39.277+0200] {processor.py:161} INFO - Started process (PID=74634) to work on /Users/pablofrancoherrero/prueba_tecnica/venv/lib/python3.11/site-packages/airflow/example_dags/tutorial_dag.py
[2026-04-29T05:37:39.278+0200] {processor.py:830} INFO - Processing file /Users/pablofrancoherrero/prueba_tecnica/venv/lib/python3.11/site-packages/airflow/example_dags/tutorial_dag.py for tasks to queue
[2026-04-29T05:37:39.278+0200] {logging_mixin.py:188} INFO - [2026-04-29T05:37:39.278+0200] {dagbag.py:540} INFO - Filling up the DagBag from /Users/pablofrancoherrero/prueba_tecnica/venv/lib/python3.11/site-packages/airflow/example_dags/tutorial_dag.py
[2026-04-29T05:37:39.287+0200] {processor.py:840} INFO - DAG(s) 'tutorial_dag' retrieved from /Users/pablofrancoherrero/prueba_tecnica/venv/lib/python3.11/site-packages/airflow/example_dags/tutorial_dag.py
[2026-04-29T05:37:39.311+0200] {logging_mixin.py:188} INFO - [2026-04-29T05:37:39.311+0200] {dag.py:3096} INFO - Sync 1 DAGs
[2026-04-29T05:37:39.314+0200] {logging_mixin.py:188} INFO - [2026-04-29T05:37:39.314+0200] {dag.py:3954} INFO - Setting next_dagrun for tutorial_dag to None, run_after=None
[2026-04-29T05:37:39.319+0200] {processor.py:183} INFO - Processing /Users/pablofrancoherrero/prueba_tecnica/venv/lib/python3.11/site-packages/airflow/example_dags/tutorial_dag.py took 0.042 seconds
[2026-04-29T05:38:21.132+0200] {processor.py:161} INFO - Started process (PID=74690) to work on /Users/pablofrancoherrero/prueba_tecnica/venv/lib/python3.11/site-packages/airflow/example_dags/tutorial_dag.py
[2026-04-29T05:38:21.133+0200] {processor.py:830} INFO - Processing file /Users/pablofrancoherrero/prueba_tecnica/venv/lib/python3.11/site-packages/airflow/example_dags/tutorial_dag.py for tasks to queue
[2026-04-29T05:38:21.133+0200] {logging_mixin.py:188} INFO - [2026-04-29T05:38:21.133+0200] {dagbag.py:540} INFO - Filling up the DagBag from /Users/pablofrancoherrero/prueba_tecnica/venv/lib/python3.11/site-packages/airflow/example_dags/tutorial_dag.py
[2026-04-29T05:38:21.142+0200] {processor.py:840} INFO - DAG(s) 'tutorial_dag' retrieved from /Users/pablofrancoherrero/prueba_tecnica/venv/lib/python3.11/site-packages/airflow/example_dags/tutorial_dag.py
[2026-04-29T05:38:21.167+0200] {logging_mixin.py:188} INFO - [2026-04-29T05:38:21.167+0200] {dag.py:3096} INFO - Sync 1 DAGs
[2026-04-29T05:38:21.169+0200] {logging_mixin.py:188} INFO - [2026-04-29T05:38:21.169+0200] {dag.py:3954} INFO - Setting next_dagrun for tutorial_dag to None, run_after=None
[2026-04-29T05:38:21.174+0200] {processor.py:183} INFO - Processing /Users/pablofrancoherrero/prueba_tecnica/venv/lib/python3.11/site-packages/airflow/example_dags/tutorial_dag.py took 0.043 seconds
[2026-04-29T05:39:41.812+0200] {processor.py:161} INFO - Started process (PID=74790) to work on /Users/pablofrancoherrero/prueba_tecnica/venv/lib/python3.11/site-packages/airflow/example_dags/tutorial_dag.py
[2026-04-29T05:39:41.813+0200] {processor.py:830} INFO - Processing file /Users/pablofrancoherrero/prueba_tecnica/venv/lib/python3.11/site-packages/airflow/example_dags/tutorial_dag.py for tasks to queue
[2026-04-29T05:39:41.813+0200] {logging_mixin.py:188} INFO - [2026-04-29T05:39:41.813+0200] {dagbag.py:540} INFO - Filling up the DagBag from /Users/pablofrancoherrero/prueba_tecnica/venv/lib/python3.11/site-packages/airflow/example_dags/tutorial_dag.py
[2026-04-29T05:39:41.822+0200] {processor.py:840} INFO - DAG(s) 'tutorial_dag' retrieved from /Users/pablofrancoherrero/prueba_tecnica/venv/lib/python3.11/site-packages/airflow/example_dags/tutorial_dag.py
[2026-04-29T05:39:41.846+0200] {logging_mixin.py:188} INFO - [2026-04-29T05:39:41.846+0200] {dag.py:3096} INFO - Sync 1 DAGs
[2026-04-29T05:39:41.849+0200] {logging_mixin.py:188} INFO - [2026-04-29T05:39:41.849+0200] {dag.py:3954} INFO - Setting next_dagrun for tutorial_dag to None, run_after=None
[2026-04-29T05:39:41.854+0200] {processor.py:183} INFO - Processing /Users/pablofrancoherrero/prueba_tecnica/venv/lib/python3.11/site-packages/airflow/example_dags/tutorial_dag.py took 0.042 seconds
[2026-04-29T05:40:23.000+0200] {processor.py:161} INFO - Started process (PID=74835) to work on /Users/pablofrancoherrero/prueba_tecnica/venv/lib/python3.11/site-packages/airflow/example_dags/tutorial_dag.py
[2026-04-29T05:40:23.001+0200] {processor.py:830} INFO - Processing file /Users/pablofrancoherrero/prueba_tecnica/venv/lib/python3.11/site-packages/airflow/example_dags/tutorial_dag.py for tasks to queue
[2026-04-29T05:40:23.002+0200] {logging_mixin.py:188} INFO - [2026-04-29T05:40:23.002+0200] {dagbag.py:540} INFO - Filling up the DagBag from /Users/pablofrancoherrero/prueba_tecnica/venv/lib/python3.11/site-packages/airflow/example_dags/tutorial_dag.py
[2026-04-29T05:40:23.009+0200] {processor.py:840} INFO - DAG(s) 'tutorial_dag' retrieved from /Users/pablofrancoherrero/prueba_tecnica/venv/lib/python3.11/site-packages/airflow/example_dags/tutorial_dag.py
[2026-04-29T05:40:23.033+0200] {logging_mixin.py:188} INFO - [2026-04-29T05:40:23.033+0200] {dag.py:3096} INFO - Sync 1 DAGs
[2026-04-29T05:40:23.036+0200] {logging_mixin.py:188} INFO - [2026-04-29T05:40:23.036+0200] {dag.py:3954} INFO - Setting next_dagrun for tutorial_dag to None, run_after=None
[2026-04-29T05:40:23.040+0200] {processor.py:183} INFO - Processing /Users/pablofrancoherrero/prueba_tecnica/venv/lib/python3.11/site-packages/airflow/example_dags/tutorial_dag.py took 0.041 seconds
[2026-04-29T05:41:04.908+0200] {processor.py:161} INFO - Started process (PID=74886) to work on /Users/pablofrancoherrero/prueba_tecnica/venv/lib/python3.11/site-packages/airflow/example_dags/tutorial_dag.py
[2026-04-29T05:41:04.909+0200] {processor.py:830} INFO - Processing file /Users/pablofrancoherrero/prueba_tecnica/venv/lib/python3.11/site-packages/airflow/example_dags/tutorial_dag.py for tasks to queue
[2026-04-29T05:41:04.909+0200] {logging_mixin.py:188} INFO - [2026-04-29T05:41:04.909+0200] {dagbag.py:540} INFO - Filling up the DagBag from /Users/pablofrancoherrero/prueba_tecnica/venv/lib/python3.11/site-packages/airflow/example_dags/tutorial_dag.py
[2026-04-29T05:41:04.917+0200] {processor.py:840} INFO - DAG(s) 'tutorial_dag' retrieved from /Users/pablofrancoherrero/prueba_tecnica/venv/lib/python3.11/site-packages/airflow/example_dags/tutorial_dag.py
[2026-04-29T05:41:04.942+0200] {logging_mixin.py:188} INFO - [2026-04-29T05:41:04.942+0200] {dag.py:3096} INFO - Sync 1 DAGs
[2026-04-29T05:41:04.944+0200] {logging_mixin.py:188} INFO - [2026-04-29T05:41:04.944+0200] {dag.py:3954} INFO - Setting next_dagrun for tutorial_dag to None, run_after=None
[2026-04-29T05:41:04.949+0200] {processor.py:183} INFO - Processing /Users/pablofrancoherrero/prueba_tecnica/venv/lib/python3.11/site-packages/airflow/example_dags/tutorial_dag.py took 0.042 seconds
[2026-04-29T05:42:25.183+0200] {processor.py:161} INFO - Started process (PID=74974) to work on /Users/pablofrancoherrero/prueba_tecnica/venv/lib/python3.11/site-packages/airflow/example_dags/tutorial_dag.py
[2026-04-29T05:42:25.184+0200] {processor.py:830} INFO - Processing file /Users/pablofrancoherrero/prueba_tecnica/venv/lib/python3.11/site-packages/airflow/example_dags/tutorial_dag.py for tasks to queue
[2026-04-29T05:42:25.184+0200] {logging_mixin.py:188} INFO - [2026-04-29T05:42:25.184+0200] {dagbag.py:540} INFO - Filling up the DagBag from /Users/pablofrancoherrero/prueba_tecnica/venv/lib/python3.11/site-packages/airflow/example_dags/tutorial_dag.py
[2026-04-29T05:42:25.192+0200] {processor.py:840} INFO - DAG(s) 'tutorial_dag' retrieved from /Users/pablofrancoherrero/prueba_tecnica/venv/lib/python3.11/site-packages/airflow/example_dags/tutorial_dag.py
[2026-04-29T05:42:25.215+0200] {logging_mixin.py:188} INFO - [2026-04-29T05:42:25.215+0200] {dag.py:3096} INFO - Sync 1 DAGs
[2026-04-29T05:42:25.218+0200] {logging_mixin.py:188} INFO - [2026-04-29T05:42:25.218+0200] {dag.py:3954} INFO - Setting next_dagrun for tutorial_dag to None, run_after=None
[2026-04-29T05:42:25.223+0200] {processor.py:183} INFO - Processing /Users/pablofrancoherrero/prueba_tecnica/venv/lib/python3.11/site-packages/airflow/example_dags/tutorial_dag.py took 0.041 seconds
[2026-04-29T05:43:47.852+0200] {processor.py:161} INFO - Started process (PID=75063) to work on /Users/pablofrancoherrero/prueba_tecnica/venv/lib/python3.11/site-packages/airflow/example_dags/tutorial_dag.py
[2026-04-29T05:43:47.853+0200] {processor.py:830} INFO - Processing file /Users/pablofrancoherrero/prueba_tecnica/venv/lib/python3.11/site-packages/airflow/example_dags/tutorial_dag.py for tasks to queue
[2026-04-29T05:43:47.853+0200] {logging_mixin.py:188} INFO - [2026-04-29T05:43:47.853+0200] {dagbag.py:540} INFO - Filling up the DagBag from /Users/pablofrancoherrero/prueba_tecnica/venv/lib/python3.11/site-packages/airflow/example_dags/tutorial_dag.py
[2026-04-29T05:43:47.861+0200] {processor.py:840} INFO - DAG(s) 'tutorial_dag' retrieved from /Users/pablofrancoherrero/prueba_tecnica/venv/lib/python3.11/site-packages/airflow/example_dags/tutorial_dag.py
[2026-04-29T05:43:47.886+0200] {logging_mixin.py:188} INFO - [2026-04-29T05:43:47.886+0200] {dag.py:3096} INFO - Sync 1 DAGs
[2026-04-29T05:43:47.889+0200] {logging_mixin.py:188} INFO - [2026-04-29T05:43:47.889+0200] {dag.py:3954} INFO - Setting next_dagrun for tutorial_dag to None, run_after=None
[2026-04-29T05:43:47.894+0200] {processor.py:183} INFO - Processing /Users/pablofrancoherrero/prueba_tecnica/venv/lib/python3.11/site-packages/airflow/example_dags/tutorial_dag.py took 0.042 seconds
[2026-04-29T05:45:09.175+0200] {processor.py:161} INFO - Started process (PID=75189) to work on /Users/pablofrancoherrero/prueba_tecnica/venv/lib/python3.11/site-packages/airflow/example_dags/tutorial_dag.py
[2026-04-29T05:45:09.176+0200] {processor.py:830} INFO - Processing file /Users/pablofrancoherrero/prueba_tecnica/venv/lib/python3.11/site-packages/airflow/example_dags/tutorial_dag.py for tasks to queue
[2026-04-29T05:45:09.176+0200] {logging_mixin.py:188} INFO - [2026-04-29T05:45:09.176+0200] {dagbag.py:540} INFO - Filling up the DagBag from /Users/pablofrancoherrero/prueba_tecnica/venv/lib/python3.11/site-packages/airflow/example_dags/tutorial_dag.py
[2026-04-29T05:45:09.184+0200] {processor.py:840} INFO - DAG(s) 'tutorial_dag' retrieved from /Users/pablofrancoherrero/prueba_tecnica/venv/lib/python3.11/site-packages/airflow/example_dags/tutorial_dag.py
[2026-04-29T05:45:09.208+0200] {logging_mixin.py:188} INFO - [2026-04-29T05:45:09.208+0200] {dag.py:3096} INFO - Sync 1 DAGs
[2026-04-29T05:45:09.210+0200] {logging_mixin.py:188} INFO - [2026-04-29T05:45:09.210+0200] {dag.py:3954} INFO - Setting next_dagrun for tutorial_dag to None, run_after=None
[2026-04-29T05:45:09.215+0200] {processor.py:183} INFO - Processing /Users/pablofrancoherrero/prueba_tecnica/venv/lib/python3.11/site-packages/airflow/example_dags/tutorial_dag.py took 0.041 seconds
[2026-04-29T05:46:26.356+0200] {processor.py:161} INFO - Started process (PID=75275) to work on /Users/pablofrancoherrero/prueba_tecnica/venv/lib/python3.11/site-packages/airflow/example_dags/tutorial_dag.py
[2026-04-29T05:46:26.357+0200] {processor.py:830} INFO - Processing file /Users/pablofrancoherrero/prueba_tecnica/venv/lib/python3.11/site-packages/airflow/example_dags/tutorial_dag.py for tasks to queue
[2026-04-29T05:46:26.357+0200] {logging_mixin.py:188} INFO - [2026-04-29T05:46:26.357+0200] {dagbag.py:540} INFO - Filling up the DagBag from /Users/pablofrancoherrero/prueba_tecnica/venv/lib/python3.11/site-packages/airflow/example_dags/tutorial_dag.py
[2026-04-29T05:46:26.365+0200] {processor.py:840} INFO - DAG(s) 'tutorial_dag' retrieved from /Users/pablofrancoherrero/prueba_tecnica/venv/lib/python3.11/site-packages/airflow/example_dags/tutorial_dag.py
[2026-04-29T05:46:26.389+0200] {logging_mixin.py:188} INFO - [2026-04-29T05:46:26.389+0200] {dag.py:3096} INFO - Sync 1 DAGs
[2026-04-29T05:46:26.392+0200] {logging_mixin.py:188} INFO - [2026-04-29T05:46:26.392+0200] {dag.py:3954} INFO - Setting next_dagrun for tutorial_dag to None, run_after=None
[2026-04-29T05:46:26.396+0200] {processor.py:183} INFO - Processing /Users/pablofrancoherrero/prueba_tecnica/venv/lib/python3.11/site-packages/airflow/example_dags/tutorial_dag.py took 0.041 seconds
[2026-04-29T05:47:44.946+0200] {processor.py:161} INFO - Started process (PID=75368) to work on /Users/pablofrancoherrero/prueba_tecnica/venv/lib/python3.11/site-packages/airflow/example_dags/tutorial_dag.py
[2026-04-29T05:47:44.947+0200] {processor.py:830} INFO - Processing file /Users/pablofrancoherrero/prueba_tecnica/venv/lib/python3.11/site-packages/airflow/example_dags/tutorial_dag.py for tasks to queue
[2026-04-29T05:47:44.947+0200] {logging_mixin.py:188} INFO - [2026-04-29T05:47:44.947+0200] {dagbag.py:540} INFO - Filling up the DagBag from /Users/pablofrancoherrero/prueba_tecnica/venv/lib/python3.11/site-packages/airflow/example_dags/tutorial_dag.py
[2026-04-29T05:47:44.955+0200] {processor.py:840} INFO - DAG(s) 'tutorial_dag' retrieved from /Users/pablofrancoherrero/prueba_tecnica/venv/lib/python3.11/site-packages/airflow/example_dags/tutorial_dag.py
[2026-04-29T05:47:44.979+0200] {logging_mixin.py:188} INFO - [2026-04-29T05:47:44.979+0200] {dag.py:3096} INFO - Sync 1 DAGs
[2026-04-29T05:47:44.982+0200] {logging_mixin.py:188} INFO - [2026-04-29T05:47:44.982+0200] {dag.py:3954} INFO - Setting next_dagrun for tutorial_dag to None, run_after=None
[2026-04-29T05:47:44.986+0200] {processor.py:183} INFO - Processing /Users/pablofrancoherrero/prueba_tecnica/venv/lib/python3.11/site-packages/airflow/example_dags/tutorial_dag.py took 0.041 seconds
[2026-04-29T05:48:26.385+0200] {processor.py:161} INFO - Started process (PID=75411) to work on /Users/pablofrancoherrero/prueba_tecnica/venv/lib/python3.11/site-packages/airflow/example_dags/tutorial_dag.py
[2026-04-29T05:48:26.385+0200] {processor.py:830} INFO - Processing file /Users/pablofrancoherrero/prueba_tecnica/venv/lib/python3.11/site-packages/airflow/example_dags/tutorial_dag.py for tasks to queue
[2026-04-29T05:48:26.385+0200] {logging_mixin.py:188} INFO - [2026-04-29T05:48:26.385+0200] {dagbag.py:540} INFO - Filling up the DagBag from /Users/pablofrancoherrero/prueba_tecnica/venv/lib/python3.11/site-packages/airflow/example_dags/tutorial_dag.py
[2026-04-29T05:48:26.393+0200] {processor.py:840} INFO - DAG(s) 'tutorial_dag' retrieved from /Users/pablofrancoherrero/prueba_tecnica/venv/lib/python3.11/site-packages/airflow/example_dags/tutorial_dag.py
[2026-04-29T05:48:26.417+0200] {logging_mixin.py:188} INFO - [2026-04-29T05:48:26.417+0200] {dag.py:3096} INFO - Sync 1 DAGs
[2026-04-29T05:48:26.420+0200] {logging_mixin.py:188} INFO - [2026-04-29T05:48:26.420+0200] {dag.py:3954} INFO - Setting next_dagrun for tutorial_dag to None, run_after=None
[2026-04-29T05:48:26.425+0200] {processor.py:183} INFO - Processing /Users/pablofrancoherrero/prueba_tecnica/venv/lib/python3.11/site-packages/airflow/example_dags/tutorial_dag.py took 0.041 seconds
[2026-04-29T05:49:46.574+0200] {processor.py:161} INFO - Started process (PID=75505) to work on /Users/pablofrancoherrero/prueba_tecnica/venv/lib/python3.11/site-packages/airflow/example_dags/tutorial_dag.py
[2026-04-29T05:49:46.575+0200] {processor.py:830} INFO - Processing file /Users/pablofrancoherrero/prueba_tecnica/venv/lib/python3.11/site-packages/airflow/example_dags/tutorial_dag.py for tasks to queue
[2026-04-29T05:49:46.575+0200] {logging_mixin.py:188} INFO - [2026-04-29T05:49:46.575+0200] {dagbag.py:540} INFO - Filling up the DagBag from /Users/pablofrancoherrero/prueba_tecnica/venv/lib/python3.11/site-packages/airflow/example_dags/tutorial_dag.py
[2026-04-29T05:49:46.583+0200] {processor.py:840} INFO - DAG(s) 'tutorial_dag' retrieved from /Users/pablofrancoherrero/prueba_tecnica/venv/lib/python3.11/site-packages/airflow/example_dags/tutorial_dag.py
[2026-04-29T05:49:46.607+0200] {logging_mixin.py:188} INFO - [2026-04-29T05:49:46.607+0200] {dag.py:3096} INFO - Sync 1 DAGs
[2026-04-29T05:49:46.610+0200] {logging_mixin.py:188} INFO - [2026-04-29T05:49:46.610+0200] {dag.py:3954} INFO - Setting next_dagrun for tutorial_dag to None, run_after=None
[2026-04-29T05:49:46.614+0200] {processor.py:183} INFO - Processing /Users/pablofrancoherrero/prueba_tecnica/venv/lib/python3.11/site-packages/airflow/example_dags/tutorial_dag.py took 0.041 seconds
[2026-04-29T05:51:08.189+0200] {processor.py:161} INFO - Started process (PID=75622) to work on /Users/pablofrancoherrero/prueba_tecnica/venv/lib/python3.11/site-packages/airflow/example_dags/tutorial_dag.py
[2026-04-29T05:51:08.191+0200] {processor.py:830} INFO - Processing file /Users/pablofrancoherrero/prueba_tecnica/venv/lib/python3.11/site-packages/airflow/example_dags/tutorial_dag.py for tasks to queue
[2026-04-29T05:51:08.191+0200] {logging_mixin.py:188} INFO - [2026-04-29T05:51:08.191+0200] {dagbag.py:540} INFO - Filling up the DagBag from /Users/pablofrancoherrero/prueba_tecnica/venv/lib/python3.11/site-packages/airflow/example_dags/tutorial_dag.py
[2026-04-29T05:51:08.199+0200] {processor.py:840} INFO - DAG(s) 'tutorial_dag' retrieved from /Users/pablofrancoherrero/prueba_tecnica/venv/lib/python3.11/site-packages/airflow/example_dags/tutorial_dag.py
[2026-04-29T05:51:08.223+0200] {logging_mixin.py:188} INFO - [2026-04-29T05:51:08.223+0200] {dag.py:3096} INFO - Sync 1 DAGs
[2026-04-29T05:51:08.226+0200] {logging_mixin.py:188} INFO - [2026-04-29T05:51:08.226+0200] {dag.py:3954} INFO - Setting next_dagrun for tutorial_dag to None, run_after=None
[2026-04-29T05:51:08.231+0200] {processor.py:183} INFO - Processing /Users/pablofrancoherrero/prueba_tecnica/venv/lib/python3.11/site-packages/airflow/example_dags/tutorial_dag.py took 0.042 seconds
[2026-04-29T05:52:28.895+0200] {processor.py:161} INFO - Started process (PID=75706) to work on /Users/pablofrancoherrero/prueba_tecnica/venv/lib/python3.11/site-packages/airflow/example_dags/tutorial_dag.py
[2026-04-29T05:52:28.896+0200] {processor.py:830} INFO - Processing file /Users/pablofrancoherrero/prueba_tecnica/venv/lib/python3.11/site-packages/airflow/example_dags/tutorial_dag.py for tasks to queue
[2026-04-29T05:52:28.897+0200] {logging_mixin.py:188} INFO - [2026-04-29T05:52:28.897+0200] {dagbag.py:540} INFO - Filling up the DagBag from /Users/pablofrancoherrero/prueba_tecnica/venv/lib/python3.11/site-packages/airflow/example_dags/tutorial_dag.py
[2026-04-29T05:52:28.904+0200] {processor.py:840} INFO - DAG(s) 'tutorial_dag' retrieved from /Users/pablofrancoherrero/prueba_tecnica/venv/lib/python3.11/site-packages/airflow/example_dags/tutorial_dag.py
[2026-04-29T05:52:28.928+0200] {logging_mixin.py:188} INFO - [2026-04-29T05:52:28.928+0200] {dag.py:3096} INFO - Sync 1 DAGs
[2026-04-29T05:52:28.931+0200] {logging_mixin.py:188} INFO - [2026-04-29T05:52:28.931+0200] {dag.py:3954} INFO - Setting next_dagrun for tutorial_dag to None, run_after=None
[2026-04-29T05:52:28.935+0200] {processor.py:183} INFO - Processing /Users/pablofrancoherrero/prueba_tecnica/venv/lib/python3.11/site-packages/airflow/example_dags/tutorial_dag.py took 0.041 seconds
[2026-04-29T05:53:46.900+0200] {processor.py:161} INFO - Started process (PID=75792) to work on /Users/pablofrancoherrero/prueba_tecnica/venv/lib/python3.11/site-packages/airflow/example_dags/tutorial_dag.py
[2026-04-29T05:53:46.901+0200] {processor.py:830} INFO - Processing file /Users/pablofrancoherrero/prueba_tecnica/venv/lib/python3.11/site-packages/airflow/example_dags/tutorial_dag.py for tasks to queue
[2026-04-29T05:53:46.902+0200] {logging_mixin.py:188} INFO - [2026-04-29T05:53:46.902+0200] {dagbag.py:540} INFO - Filling up the DagBag from /Users/pablofrancoherrero/prueba_tecnica/venv/lib/python3.11/site-packages/airflow/example_dags/tutorial_dag.py
[2026-04-29T05:53:46.909+0200] {processor.py:840} INFO - DAG(s) 'tutorial_dag' retrieved from /Users/pablofrancoherrero/prueba_tecnica/venv/lib/python3.11/site-packages/airflow/example_dags/tutorial_dag.py
[2026-04-29T05:53:46.934+0200] {logging_mixin.py:188} INFO - [2026-04-29T05:53:46.934+0200] {dag.py:3096} INFO - Sync 1 DAGs
[2026-04-29T05:53:46.937+0200] {logging_mixin.py:188} INFO - [2026-04-29T05:53:46.937+0200] {dag.py:3954} INFO - Setting next_dagrun for tutorial_dag to None, run_after=None
[2026-04-29T05:53:46.941+0200] {processor.py:183} INFO - Processing /Users/pablofrancoherrero/prueba_tecnica/venv/lib/python3.11/site-packages/airflow/example_dags/tutorial_dag.py took 0.042 seconds
[2026-04-29T05:55:05.452+0200] {processor.py:161} INFO - Started process (PID=75876) to work on /Users/pablofrancoherrero/prueba_tecnica/venv/lib/python3.11/site-packages/airflow/example_dags/tutorial_dag.py
[2026-04-29T05:55:05.453+0200] {processor.py:830} INFO - Processing file /Users/pablofrancoherrero/prueba_tecnica/venv/lib/python3.11/site-packages/airflow/example_dags/tutorial_dag.py for tasks to queue
[2026-04-29T05:55:05.454+0200] {logging_mixin.py:188} INFO - [2026-04-29T05:55:05.454+0200] {dagbag.py:540} INFO - Filling up the DagBag from /Users/pablofrancoherrero/prueba_tecnica/venv/lib/python3.11/site-packages/airflow/example_dags/tutorial_dag.py
[2026-04-29T05:55:05.462+0200] {processor.py:840} INFO - DAG(s) 'tutorial_dag' retrieved from /Users/pablofrancoherrero/prueba_tecnica/venv/lib/python3.11/site-packages/airflow/example_dags/tutorial_dag.py
[2026-04-29T05:55:05.486+0200] {logging_mixin.py:188} INFO - [2026-04-29T05:55:05.486+0200] {dag.py:3096} INFO - Sync 1 DAGs
[2026-04-29T05:55:05.489+0200] {logging_mixin.py:188} INFO - [2026-04-29T05:55:05.489+0200] {dag.py:3954} INFO - Setting next_dagrun for tutorial_dag to None, run_after=None
[2026-04-29T05:55:05.494+0200] {processor.py:183} INFO - Processing /Users/pablofrancoherrero/prueba_tecnica/venv/lib/python3.11/site-packages/airflow/example_dags/tutorial_dag.py took 0.042 seconds
[2026-04-29T05:56:25.488+0200] {processor.py:161} INFO - Started process (PID=75975) to work on /Users/pablofrancoherrero/prueba_tecnica/venv/lib/python3.11/site-packages/airflow/example_dags/tutorial_dag.py
[2026-04-29T05:56:25.489+0200] {processor.py:830} INFO - Processing file /Users/pablofrancoherrero/prueba_tecnica/venv/lib/python3.11/site-packages/airflow/example_dags/tutorial_dag.py for tasks to queue
[2026-04-29T05:56:25.490+0200] {logging_mixin.py:188} INFO - [2026-04-29T05:56:25.490+0200] {dagbag.py:540} INFO - Filling up the DagBag from /Users/pablofrancoherrero/prueba_tecnica/venv/lib/python3.11/site-packages/airflow/example_dags/tutorial_dag.py
[2026-04-29T05:56:25.497+0200] {processor.py:840} INFO - DAG(s) 'tutorial_dag' retrieved from /Users/pablofrancoherrero/prueba_tecnica/venv/lib/python3.11/site-packages/airflow/example_dags/tutorial_dag.py
[2026-04-29T05:56:25.522+0200] {logging_mixin.py:188} INFO - [2026-04-29T05:56:25.522+0200] {dag.py:3096} INFO - Sync 1 DAGs
[2026-04-29T05:56:25.525+0200] {logging_mixin.py:188} INFO - [2026-04-29T05:56:25.525+0200] {dag.py:3954} INFO - Setting next_dagrun for tutorial_dag to None, run_after=None
[2026-04-29T05:56:25.529+0200] {processor.py:183} INFO - Processing /Users/pablofrancoherrero/prueba_tecnica/venv/lib/python3.11/site-packages/airflow/example_dags/tutorial_dag.py took 0.042 seconds
[2026-04-29T05:57:07.357+0200] {processor.py:161} INFO - Started process (PID=76022) to work on /Users/pablofrancoherrero/prueba_tecnica/venv/lib/python3.11/site-packages/airflow/example_dags/tutorial_dag.py
[2026-04-29T05:57:07.358+0200] {processor.py:830} INFO - Processing file /Users/pablofrancoherrero/prueba_tecnica/venv/lib/python3.11/site-packages/airflow/example_dags/tutorial_dag.py for tasks to queue
[2026-04-29T05:57:07.358+0200] {logging_mixin.py:188} INFO - [2026-04-29T05:57:07.358+0200] {dagbag.py:540} INFO - Filling up the DagBag from /Users/pablofrancoherrero/prueba_tecnica/venv/lib/python3.11/site-packages/airflow/example_dags/tutorial_dag.py
[2026-04-29T05:57:07.370+0200] {processor.py:840} INFO - DAG(s) 'tutorial_dag' retrieved from /Users/pablofrancoherrero/prueba_tecnica/venv/lib/python3.11/site-packages/airflow/example_dags/tutorial_dag.py
[2026-04-29T05:57:07.396+0200] {logging_mixin.py:188} INFO - [2026-04-29T05:57:07.396+0200] {dag.py:3096} INFO - Sync 1 DAGs
[2026-04-29T05:57:07.399+0200] {logging_mixin.py:188} INFO - [2026-04-29T05:57:07.398+0200] {dag.py:3954} INFO - Setting next_dagrun for tutorial_dag to None, run_after=None
[2026-04-29T05:57:07.403+0200] {processor.py:183} INFO - Processing /Users/pablofrancoherrero/prueba_tecnica/venv/lib/python3.11/site-packages/airflow/example_dags/tutorial_dag.py took 0.047 seconds
[2026-04-29T05:58:28.611+0200] {processor.py:161} INFO - Started process (PID=76113) to work on /Users/pablofrancoherrero/prueba_tecnica/venv/lib/python3.11/site-packages/airflow/example_dags/tutorial_dag.py
[2026-04-29T05:58:28.612+0200] {processor.py:830} INFO - Processing file /Users/pablofrancoherrero/prueba_tecnica/venv/lib/python3.11/site-packages/airflow/example_dags/tutorial_dag.py for tasks to queue
[2026-04-29T05:58:28.612+0200] {logging_mixin.py:188} INFO - [2026-04-29T05:58:28.612+0200] {dagbag.py:540} INFO - Filling up the DagBag from /Users/pablofrancoherrero/prueba_tecnica/venv/lib/python3.11/site-packages/airflow/example_dags/tutorial_dag.py
[2026-04-29T05:58:28.620+0200] {processor.py:840} INFO - DAG(s) 'tutorial_dag' retrieved from /Users/pablofrancoherrero/prueba_tecnica/venv/lib/python3.11/site-packages/airflow/example_dags/tutorial_dag.py
[2026-04-29T05:58:28.644+0200] {logging_mixin.py:188} INFO - [2026-04-29T05:58:28.644+0200] {dag.py:3096} INFO - Sync 1 DAGs
[2026-04-29T05:58:28.646+0200] {logging_mixin.py:188} INFO - [2026-04-29T05:58:28.646+0200] {dag.py:3954} INFO - Setting next_dagrun for tutorial_dag to None, run_after=None
[2026-04-29T05:58:28.651+0200] {processor.py:183} INFO - Processing /Users/pablofrancoherrero/prueba_tecnica/venv/lib/python3.11/site-packages/airflow/example_dags/tutorial_dag.py took 0.041 seconds
[2026-04-29T05:59:46.896+0200] {processor.py:161} INFO - Started process (PID=76200) to work on /Users/pablofrancoherrero/prueba_tecnica/venv/lib/python3.11/site-packages/airflow/example_dags/tutorial_dag.py
[2026-04-29T05:59:46.897+0200] {processor.py:830} INFO - Processing file /Users/pablofrancoherrero/prueba_tecnica/venv/lib/python3.11/site-packages/airflow/example_dags/tutorial_dag.py for tasks to queue
[2026-04-29T05:59:46.897+0200] {logging_mixin.py:188} INFO - [2026-04-29T05:59:46.897+0200] {dagbag.py:540} INFO - Filling up the DagBag from /Users/pablofrancoherrero/prueba_tecnica/venv/lib/python3.11/site-packages/airflow/example_dags/tutorial_dag.py
[2026-04-29T05:59:46.905+0200] {processor.py:840} INFO - DAG(s) 'tutorial_dag' retrieved from /Users/pablofrancoherrero/prueba_tecnica/venv/lib/python3.11/site-packages/airflow/example_dags/tutorial_dag.py
[2026-04-29T05:59:46.930+0200] {logging_mixin.py:188} INFO - [2026-04-29T05:59:46.930+0200] {dag.py:3096} INFO - Sync 1 DAGs
[2026-04-29T05:59:46.933+0200] {logging_mixin.py:188} INFO - [2026-04-29T05:59:46.933+0200] {dag.py:3954} INFO - Setting next_dagrun for tutorial_dag to None, run_after=None
[2026-04-29T05:59:46.938+0200] {processor.py:183} INFO - Processing /Users/pablofrancoherrero/prueba_tecnica/venv/lib/python3.11/site-packages/airflow/example_dags/tutorial_dag.py took 0.042 seconds
[2026-04-29T06:00:29.939+0200] {processor.py:161} INFO - Started process (PID=76255) to work on /Users/pablofrancoherrero/prueba_tecnica/venv/lib/python3.11/site-packages/airflow/example_dags/tutorial_dag.py
[2026-04-29T06:00:29.940+0200] {processor.py:830} INFO - Processing file /Users/pablofrancoherrero/prueba_tecnica/venv/lib/python3.11/site-packages/airflow/example_dags/tutorial_dag.py for tasks to queue
[2026-04-29T06:00:29.940+0200] {logging_mixin.py:188} INFO - [2026-04-29T06:00:29.940+0200] {dagbag.py:540} INFO - Filling up the DagBag from /Users/pablofrancoherrero/prueba_tecnica/venv/lib/python3.11/site-packages/airflow/example_dags/tutorial_dag.py
[2026-04-29T06:00:29.948+0200] {processor.py:840} INFO - DAG(s) 'tutorial_dag' retrieved from /Users/pablofrancoherrero/prueba_tecnica/venv/lib/python3.11/site-packages/airflow/example_dags/tutorial_dag.py
[2026-04-29T06:00:29.973+0200] {logging_mixin.py:188} INFO - [2026-04-29T06:00:29.972+0200] {dag.py:3096} INFO - Sync 1 DAGs
[2026-04-29T06:00:29.975+0200] {logging_mixin.py:188} INFO - [2026-04-29T06:00:29.975+0200] {dag.py:3954} INFO - Setting next_dagrun for tutorial_dag to None, run_after=None
[2026-04-29T06:00:29.980+0200] {processor.py:183} INFO - Processing /Users/pablofrancoherrero/prueba_tecnica/venv/lib/python3.11/site-packages/airflow/example_dags/tutorial_dag.py took 0.042 seconds
[2026-04-29T06:01:48.931+0200] {processor.py:161} INFO - Started process (PID=76356) to work on /Users/pablofrancoherrero/prueba_tecnica/venv/lib/python3.11/site-packages/airflow/example_dags/tutorial_dag.py
[2026-04-29T06:01:48.932+0200] {processor.py:830} INFO - Processing file /Users/pablofrancoherrero/prueba_tecnica/venv/lib/python3.11/site-packages/airflow/example_dags/tutorial_dag.py for tasks to queue
[2026-04-29T06:01:48.932+0200] {logging_mixin.py:188} INFO - [2026-04-29T06:01:48.932+0200] {dagbag.py:540} INFO - Filling up the DagBag from /Users/pablofrancoherrero/prueba_tecnica/venv/lib/python3.11/site-packages/airflow/example_dags/tutorial_dag.py
[2026-04-29T06:01:48.940+0200] {processor.py:840} INFO - DAG(s) 'tutorial_dag' retrieved from /Users/pablofrancoherrero/prueba_tecnica/venv/lib/python3.11/site-packages/airflow/example_dags/tutorial_dag.py
[2026-04-29T06:01:48.964+0200] {logging_mixin.py:188} INFO - [2026-04-29T06:01:48.964+0200] {dag.py:3096} INFO - Sync 1 DAGs
[2026-04-29T06:01:48.967+0200] {logging_mixin.py:188} INFO - [2026-04-29T06:01:48.967+0200] {dag.py:3954} INFO - Setting next_dagrun for tutorial_dag to None, run_after=None
[2026-04-29T06:01:48.972+0200] {processor.py:183} INFO - Processing /Users/pablofrancoherrero/prueba_tecnica/venv/lib/python3.11/site-packages/airflow/example_dags/tutorial_dag.py took 0.042 seconds
[2026-04-29T06:02:30.542+0200] {processor.py:161} INFO - Started process (PID=76401) to work on /Users/pablofrancoherrero/prueba_tecnica/venv/lib/python3.11/site-packages/airflow/example_dags/tutorial_dag.py
[2026-04-29T06:02:30.543+0200] {processor.py:830} INFO - Processing file /Users/pablofrancoherrero/prueba_tecnica/venv/lib/python3.11/site-packages/airflow/example_dags/tutorial_dag.py for tasks to queue
[2026-04-29T06:02:30.543+0200] {logging_mixin.py:188} INFO - [2026-04-29T06:02:30.543+0200] {dagbag.py:540} INFO - Filling up the DagBag from /Users/pablofrancoherrero/prueba_tecnica/venv/lib/python3.11/site-packages/airflow/example_dags/tutorial_dag.py
[2026-04-29T06:02:30.551+0200] {processor.py:840} INFO - DAG(s) 'tutorial_dag' retrieved from /Users/pablofrancoherrero/prueba_tecnica/venv/lib/python3.11/site-packages/airflow/example_dags/tutorial_dag.py
[2026-04-29T06:02:30.575+0200] {logging_mixin.py:188} INFO - [2026-04-29T06:02:30.575+0200] {dag.py:3096} INFO - Sync 1 DAGs
[2026-04-29T06:02:30.577+0200] {logging_mixin.py:188} INFO - [2026-04-29T06:02:30.577+0200] {dag.py:3954} INFO - Setting next_dagrun for tutorial_dag to None, run_after=None
[2026-04-29T06:02:30.582+0200] {processor.py:183} INFO - Processing /Users/pablofrancoherrero/prueba_tecnica/venv/lib/python3.11/site-packages/airflow/example_dags/tutorial_dag.py took 0.041 seconds
[2026-04-29T06:03:12.459+0200] {processor.py:161} INFO - Started process (PID=76450) to work on /Users/pablofrancoherrero/prueba_tecnica/venv/lib/python3.11/site-packages/airflow/example_dags/tutorial_dag.py
[2026-04-29T06:03:12.461+0200] {processor.py:830} INFO - Processing file /Users/pablofrancoherrero/prueba_tecnica/venv/lib/python3.11/site-packages/airflow/example_dags/tutorial_dag.py for tasks to queue
[2026-04-29T06:03:12.461+0200] {logging_mixin.py:188} INFO - [2026-04-29T06:03:12.461+0200] {dagbag.py:540} INFO - Filling up the DagBag from /Users/pablofrancoherrero/prueba_tecnica/venv/lib/python3.11/site-packages/airflow/example_dags/tutorial_dag.py
[2026-04-29T06:03:12.469+0200] {processor.py:840} INFO - DAG(s) 'tutorial_dag' retrieved from /Users/pablofrancoherrero/prueba_tecnica/venv/lib/python3.11/site-packages/airflow/example_dags/tutorial_dag.py
[2026-04-29T06:03:12.494+0200] {logging_mixin.py:188} INFO - [2026-04-29T06:03:12.494+0200] {dag.py:3096} INFO - Sync 1 DAGs
[2026-04-29T06:03:12.497+0200] {logging_mixin.py:188} INFO - [2026-04-29T06:03:12.497+0200] {dag.py:3954} INFO - Setting next_dagrun for tutorial_dag to None, run_after=None
[2026-04-29T06:03:12.501+0200] {processor.py:183} INFO - Processing /Users/pablofrancoherrero/prueba_tecnica/venv/lib/python3.11/site-packages/airflow/example_dags/tutorial_dag.py took 0.042 seconds
[2026-04-29T06:04:33.687+0200] {processor.py:161} INFO - Started process (PID=76532) to work on /Users/pablofrancoherrero/prueba_tecnica/venv/lib/python3.11/site-packages/airflow/example_dags/tutorial_dag.py
[2026-04-29T06:04:33.688+0200] {processor.py:830} INFO - Processing file /Users/pablofrancoherrero/prueba_tecnica/venv/lib/python3.11/site-packages/airflow/example_dags/tutorial_dag.py for tasks to queue
[2026-04-29T06:04:33.688+0200] {logging_mixin.py:188} INFO - [2026-04-29T06:04:33.688+0200] {dagbag.py:540} INFO - Filling up the DagBag from /Users/pablofrancoherrero/prueba_tecnica/venv/lib/python3.11/site-packages/airflow/example_dags/tutorial_dag.py
[2026-04-29T06:04:33.696+0200] {processor.py:840} INFO - DAG(s) 'tutorial_dag' retrieved from /Users/pablofrancoherrero/prueba_tecnica/venv/lib/python3.11/site-packages/airflow/example_dags/tutorial_dag.py
[2026-04-29T06:04:33.720+0200] {logging_mixin.py:188} INFO - [2026-04-29T06:04:33.720+0200] {dag.py:3096} INFO - Sync 1 DAGs
[2026-04-29T06:04:33.723+0200] {logging_mixin.py:188} INFO - [2026-04-29T06:04:33.722+0200] {dag.py:3954} INFO - Setting next_dagrun for tutorial_dag to None, run_after=None
[2026-04-29T06:04:33.727+0200] {processor.py:183} INFO - Processing /Users/pablofrancoherrero/prueba_tecnica/venv/lib/python3.11/site-packages/airflow/example_dags/tutorial_dag.py took 0.041 seconds
[2026-04-29T06:05:53.394+0200] {processor.py:161} INFO - Started process (PID=76616) to work on /Users/pablofrancoherrero/prueba_tecnica/venv/lib/python3.11/site-packages/airflow/example_dags/tutorial_dag.py
[2026-04-29T06:05:53.395+0200] {processor.py:830} INFO - Processing file /Users/pablofrancoherrero/prueba_tecnica/venv/lib/python3.11/site-packages/airflow/example_dags/tutorial_dag.py for tasks to queue
[2026-04-29T06:05:53.395+0200] {logging_mixin.py:188} INFO - [2026-04-29T06:05:53.395+0200] {dagbag.py:540} INFO - Filling up the DagBag from /Users/pablofrancoherrero/prueba_tecnica/venv/lib/python3.11/site-packages/airflow/example_dags/tutorial_dag.py
[2026-04-29T06:05:53.403+0200] {processor.py:840} INFO - DAG(s) 'tutorial_dag' retrieved from /Users/pablofrancoherrero/prueba_tecnica/venv/lib/python3.11/site-packages/airflow/example_dags/tutorial_dag.py
[2026-04-29T06:05:53.428+0200] {logging_mixin.py:188} INFO - [2026-04-29T06:05:53.427+0200] {dag.py:3096} INFO - Sync 1 DAGs
[2026-04-29T06:05:53.430+0200] {logging_mixin.py:188} INFO - [2026-04-29T06:05:53.430+0200] {dag.py:3954} INFO - Setting next_dagrun for tutorial_dag to None, run_after=None
[2026-04-29T06:05:53.435+0200] {processor.py:183} INFO - Processing /Users/pablofrancoherrero/prueba_tecnica/venv/lib/python3.11/site-packages/airflow/example_dags/tutorial_dag.py took 0.041 seconds
[2026-04-29T06:07:13.015+0200] {processor.py:161} INFO - Started process (PID=76721) to work on /Users/pablofrancoherrero/prueba_tecnica/venv/lib/python3.11/site-packages/airflow/example_dags/tutorial_dag.py
[2026-04-29T06:07:13.016+0200] {processor.py:830} INFO - Processing file /Users/pablofrancoherrero/prueba_tecnica/venv/lib/python3.11/site-packages/airflow/example_dags/tutorial_dag.py for tasks to queue
[2026-04-29T06:07:13.017+0200] {logging_mixin.py:188} INFO - [2026-04-29T06:07:13.017+0200] {dagbag.py:540} INFO - Filling up the DagBag from /Users/pablofrancoherrero/prueba_tecnica/venv/lib/python3.11/site-packages/airflow/example_dags/tutorial_dag.py
[2026-04-29T06:07:13.024+0200] {processor.py:840} INFO - DAG(s) 'tutorial_dag' retrieved from /Users/pablofrancoherrero/prueba_tecnica/venv/lib/python3.11/site-packages/airflow/example_dags/tutorial_dag.py
[2026-04-29T06:07:13.051+0200] {logging_mixin.py:188} INFO - [2026-04-29T06:07:13.051+0200] {dag.py:3096} INFO - Sync 1 DAGs
[2026-04-29T06:07:13.054+0200] {logging_mixin.py:188} INFO - [2026-04-29T06:07:13.054+0200] {dag.py:3954} INFO - Setting next_dagrun for tutorial_dag to None, run_after=None
[2026-04-29T06:07:13.059+0200] {processor.py:183} INFO - Processing /Users/pablofrancoherrero/prueba_tecnica/venv/lib/python3.11/site-packages/airflow/example_dags/tutorial_dag.py took 0.044 seconds
[2026-04-29T06:07:54.447+0200] {processor.py:161} INFO - Started process (PID=76767) to work on /Users/pablofrancoherrero/prueba_tecnica/venv/lib/python3.11/site-packages/airflow/example_dags/tutorial_dag.py
[2026-04-29T06:07:54.448+0200] {processor.py:830} INFO - Processing file /Users/pablofrancoherrero/prueba_tecnica/venv/lib/python3.11/site-packages/airflow/example_dags/tutorial_dag.py for tasks to queue
[2026-04-29T06:07:54.448+0200] {logging_mixin.py:188} INFO - [2026-04-29T06:07:54.448+0200] {dagbag.py:540} INFO - Filling up the DagBag from /Users/pablofrancoherrero/prueba_tecnica/venv/lib/python3.11/site-packages/airflow/example_dags/tutorial_dag.py
[2026-04-29T06:07:54.456+0200] {processor.py:840} INFO - DAG(s) 'tutorial_dag' retrieved from /Users/pablofrancoherrero/prueba_tecnica/venv/lib/python3.11/site-packages/airflow/example_dags/tutorial_dag.py
[2026-04-29T06:07:54.480+0200] {logging_mixin.py:188} INFO - [2026-04-29T06:07:54.480+0200] {dag.py:3096} INFO - Sync 1 DAGs
[2026-04-29T06:07:54.483+0200] {logging_mixin.py:188} INFO - [2026-04-29T06:07:54.483+0200] {dag.py:3954} INFO - Setting next_dagrun for tutorial_dag to None, run_after=None
[2026-04-29T06:07:54.487+0200] {processor.py:183} INFO - Processing /Users/pablofrancoherrero/prueba_tecnica/venv/lib/python3.11/site-packages/airflow/example_dags/tutorial_dag.py took 0.041 seconds
[2026-04-29T06:09:11.004+0200] {processor.py:161} INFO - Started process (PID=76846) to work on /Users/pablofrancoherrero/prueba_tecnica/venv/lib/python3.11/site-packages/airflow/example_dags/tutorial_dag.py
[2026-04-29T06:09:11.005+0200] {processor.py:830} INFO - Processing file /Users/pablofrancoherrero/prueba_tecnica/venv/lib/python3.11/site-packages/airflow/example_dags/tutorial_dag.py for tasks to queue
[2026-04-29T06:09:11.005+0200] {logging_mixin.py:188} INFO - [2026-04-29T06:09:11.005+0200] {dagbag.py:540} INFO - Filling up the DagBag from /Users/pablofrancoherrero/prueba_tecnica/venv/lib/python3.11/site-packages/airflow/example_dags/tutorial_dag.py
[2026-04-29T06:09:11.013+0200] {processor.py:840} INFO - DAG(s) 'tutorial_dag' retrieved from /Users/pablofrancoherrero/prueba_tecnica/venv/lib/python3.11/site-packages/airflow/example_dags/tutorial_dag.py
[2026-04-29T06:09:11.037+0200] {logging_mixin.py:188} INFO - [2026-04-29T06:09:11.037+0200] {dag.py:3096} INFO - Sync 1 DAGs
[2026-04-29T06:09:11.040+0200] {logging_mixin.py:188} INFO - [2026-04-29T06:09:11.040+0200] {dag.py:3954} INFO - Setting next_dagrun for tutorial_dag to None, run_after=None
[2026-04-29T06:09:11.044+0200] {processor.py:183} INFO - Processing /Users/pablofrancoherrero/prueba_tecnica/venv/lib/python3.11/site-packages/airflow/example_dags/tutorial_dag.py took 0.041 seconds
[2026-04-29T06:10:31.028+0200] {processor.py:161} INFO - Started process (PID=76929) to work on /Users/pablofrancoherrero/prueba_tecnica/venv/lib/python3.11/site-packages/airflow/example_dags/tutorial_dag.py
[2026-04-29T06:10:31.029+0200] {processor.py:830} INFO - Processing file /Users/pablofrancoherrero/prueba_tecnica/venv/lib/python3.11/site-packages/airflow/example_dags/tutorial_dag.py for tasks to queue
[2026-04-29T06:10:31.029+0200] {logging_mixin.py:188} INFO - [2026-04-29T06:10:31.029+0200] {dagbag.py:540} INFO - Filling up the DagBag from /Users/pablofrancoherrero/prueba_tecnica/venv/lib/python3.11/site-packages/airflow/example_dags/tutorial_dag.py
[2026-04-29T06:10:31.037+0200] {processor.py:840} INFO - DAG(s) 'tutorial_dag' retrieved from /Users/pablofrancoherrero/prueba_tecnica/venv/lib/python3.11/site-packages/airflow/example_dags/tutorial_dag.py
[2026-04-29T06:10:31.061+0200] {logging_mixin.py:188} INFO - [2026-04-29T06:10:31.061+0200] {dag.py:3096} INFO - Sync 1 DAGs
[2026-04-29T06:10:31.063+0200] {logging_mixin.py:188} INFO - [2026-04-29T06:10:31.063+0200] {dag.py:3954} INFO - Setting next_dagrun for tutorial_dag to None, run_after=None
[2026-04-29T06:10:31.068+0200] {processor.py:183} INFO - Processing /Users/pablofrancoherrero/prueba_tecnica/venv/lib/python3.11/site-packages/airflow/example_dags/tutorial_dag.py took 0.041 seconds
[2026-04-29T06:11:52.168+0200] {processor.py:161} INFO - Started process (PID=77023) to work on /Users/pablofrancoherrero/prueba_tecnica/venv/lib/python3.11/site-packages/airflow/example_dags/tutorial_dag.py
[2026-04-29T06:11:52.169+0200] {processor.py:830} INFO - Processing file /Users/pablofrancoherrero/prueba_tecnica/venv/lib/python3.11/site-packages/airflow/example_dags/tutorial_dag.py for tasks to queue
[2026-04-29T06:11:52.169+0200] {logging_mixin.py:188} INFO - [2026-04-29T06:11:52.169+0200] {dagbag.py:540} INFO - Filling up the DagBag from /Users/pablofrancoherrero/prueba_tecnica/venv/lib/python3.11/site-packages/airflow/example_dags/tutorial_dag.py
[2026-04-29T06:11:52.177+0200] {processor.py:840} INFO - DAG(s) 'tutorial_dag' retrieved from /Users/pablofrancoherrero/prueba_tecnica/venv/lib/python3.11/site-packages/airflow/example_dags/tutorial_dag.py
[2026-04-29T06:11:52.202+0200] {logging_mixin.py:188} INFO - [2026-04-29T06:11:52.202+0200] {dag.py:3096} INFO - Sync 1 DAGs
[2026-04-29T06:11:52.205+0200] {logging_mixin.py:188} INFO - [2026-04-29T06:11:52.204+0200] {dag.py:3954} INFO - Setting next_dagrun for tutorial_dag to None, run_after=None
[2026-04-29T06:11:52.209+0200] {processor.py:183} INFO - Processing /Users/pablofrancoherrero/prueba_tecnica/venv/lib/python3.11/site-packages/airflow/example_dags/tutorial_dag.py took 0.042 seconds
[2026-04-29T06:13:09.460+0200] {processor.py:161} INFO - Started process (PID=77111) to work on /Users/pablofrancoherrero/prueba_tecnica/venv/lib/python3.11/site-packages/airflow/example_dags/tutorial_dag.py
[2026-04-29T06:13:09.461+0200] {processor.py:830} INFO - Processing file /Users/pablofrancoherrero/prueba_tecnica/venv/lib/python3.11/site-packages/airflow/example_dags/tutorial_dag.py for tasks to queue
[2026-04-29T06:13:09.461+0200] {logging_mixin.py:188} INFO - [2026-04-29T06:13:09.461+0200] {dagbag.py:540} INFO - Filling up the DagBag from /Users/pablofrancoherrero/prueba_tecnica/venv/lib/python3.11/site-packages/airflow/example_dags/tutorial_dag.py
[2026-04-29T06:13:09.471+0200] {processor.py:840} INFO - DAG(s) 'tutorial_dag' retrieved from /Users/pablofrancoherrero/prueba_tecnica/venv/lib/python3.11/site-packages/airflow/example_dags/tutorial_dag.py
[2026-04-29T06:13:09.499+0200] {logging_mixin.py:188} INFO - [2026-04-29T06:13:09.499+0200] {dag.py:3096} INFO - Sync 1 DAGs
[2026-04-29T06:13:09.502+0200] {logging_mixin.py:188} INFO - [2026-04-29T06:13:09.502+0200] {dag.py:3954} INFO - Setting next_dagrun for tutorial_dag to None, run_after=None
[2026-04-29T06:13:09.506+0200] {processor.py:183} INFO - Processing /Users/pablofrancoherrero/prueba_tecnica/venv/lib/python3.11/site-packages/airflow/example_dags/tutorial_dag.py took 0.047 seconds
[2026-04-29T06:14:31.177+0200] {processor.py:161} INFO - Started process (PID=77210) to work on /Users/pablofrancoherrero/prueba_tecnica/venv/lib/python3.11/site-packages/airflow/example_dags/tutorial_dag.py
[2026-04-29T06:14:31.178+0200] {processor.py:830} INFO - Processing file /Users/pablofrancoherrero/prueba_tecnica/venv/lib/python3.11/site-packages/airflow/example_dags/tutorial_dag.py for tasks to queue
[2026-04-29T06:14:31.178+0200] {logging_mixin.py:188} INFO - [2026-04-29T06:14:31.178+0200] {dagbag.py:540} INFO - Filling up the DagBag from /Users/pablofrancoherrero/prueba_tecnica/venv/lib/python3.11/site-packages/airflow/example_dags/tutorial_dag.py
[2026-04-29T06:14:31.186+0200] {processor.py:840} INFO - DAG(s) 'tutorial_dag' retrieved from /Users/pablofrancoherrero/prueba_tecnica/venv/lib/python3.11/site-packages/airflow/example_dags/tutorial_dag.py
[2026-04-29T06:14:31.210+0200] {logging_mixin.py:188} INFO - [2026-04-29T06:14:31.210+0200] {dag.py:3096} INFO - Sync 1 DAGs
[2026-04-29T06:14:31.213+0200] {logging_mixin.py:188} INFO - [2026-04-29T06:14:31.213+0200] {dag.py:3954} INFO - Setting next_dagrun for tutorial_dag to None, run_after=None
[2026-04-29T06:14:31.217+0200] {processor.py:183} INFO - Processing /Users/pablofrancoherrero/prueba_tecnica/venv/lib/python3.11/site-packages/airflow/example_dags/tutorial_dag.py took 0.041 seconds
[2026-04-29T06:15:50.980+0200] {processor.py:161} INFO - Started process (PID=77304) to work on /Users/pablofrancoherrero/prueba_tecnica/venv/lib/python3.11/site-packages/airflow/example_dags/tutorial_dag.py
[2026-04-29T06:15:50.981+0200] {processor.py:830} INFO - Processing file /Users/pablofrancoherrero/prueba_tecnica/venv/lib/python3.11/site-packages/airflow/example_dags/tutorial_dag.py for tasks to queue
[2026-04-29T06:15:50.981+0200] {logging_mixin.py:188} INFO - [2026-04-29T06:15:50.981+0200] {dagbag.py:540} INFO - Filling up the DagBag from /Users/pablofrancoherrero/prueba_tecnica/venv/lib/python3.11/site-packages/airflow/example_dags/tutorial_dag.py
[2026-04-29T06:15:50.989+0200] {processor.py:840} INFO - DAG(s) 'tutorial_dag' retrieved from /Users/pablofrancoherrero/prueba_tecnica/venv/lib/python3.11/site-packages/airflow/example_dags/tutorial_dag.py
[2026-04-29T06:15:51.014+0200] {logging_mixin.py:188} INFO - [2026-04-29T06:15:51.014+0200] {dag.py:3096} INFO - Sync 1 DAGs
[2026-04-29T06:15:51.017+0200] {logging_mixin.py:188} INFO - [2026-04-29T06:15:51.017+0200] {dag.py:3954} INFO - Setting next_dagrun for tutorial_dag to None, run_after=None
[2026-04-29T06:15:51.022+0200] {processor.py:183} INFO - Processing /Users/pablofrancoherrero/prueba_tecnica/venv/lib/python3.11/site-packages/airflow/example_dags/tutorial_dag.py took 0.043 seconds
[2026-04-29T06:16:32.223+0200] {processor.py:161} INFO - Started process (PID=77349) to work on /Users/pablofrancoherrero/prueba_tecnica/venv/lib/python3.11/site-packages/airflow/example_dags/tutorial_dag.py
[2026-04-29T06:16:32.224+0200] {processor.py:830} INFO - Processing file /Users/pablofrancoherrero/prueba_tecnica/venv/lib/python3.11/site-packages/airflow/example_dags/tutorial_dag.py for tasks to queue
[2026-04-29T06:16:32.225+0200] {logging_mixin.py:188} INFO - [2026-04-29T06:16:32.224+0200] {dagbag.py:540} INFO - Filling up the DagBag from /Users/pablofrancoherrero/prueba_tecnica/venv/lib/python3.11/site-packages/airflow/example_dags/tutorial_dag.py
[2026-04-29T06:16:32.233+0200] {processor.py:840} INFO - DAG(s) 'tutorial_dag' retrieved from /Users/pablofrancoherrero/prueba_tecnica/venv/lib/python3.11/site-packages/airflow/example_dags/tutorial_dag.py
[2026-04-29T06:16:32.257+0200] {logging_mixin.py:188} INFO - [2026-04-29T06:16:32.257+0200] {dag.py:3096} INFO - Sync 1 DAGs
[2026-04-29T06:16:32.259+0200] {logging_mixin.py:188} INFO - [2026-04-29T06:16:32.259+0200] {dag.py:3954} INFO - Setting next_dagrun for tutorial_dag to None, run_after=None
[2026-04-29T06:16:32.264+0200] {processor.py:183} INFO - Processing /Users/pablofrancoherrero/prueba_tecnica/venv/lib/python3.11/site-packages/airflow/example_dags/tutorial_dag.py took 0.042 seconds
[2026-04-29T06:17:51.520+0200] {processor.py:161} INFO - Started process (PID=77474) to work on /Users/pablofrancoherrero/prueba_tecnica/venv/lib/python3.11/site-packages/airflow/example_dags/tutorial_dag.py
[2026-04-29T06:17:51.521+0200] {processor.py:830} INFO - Processing file /Users/pablofrancoherrero/prueba_tecnica/venv/lib/python3.11/site-packages/airflow/example_dags/tutorial_dag.py for tasks to queue
[2026-04-29T06:17:51.521+0200] {logging_mixin.py:188} INFO - [2026-04-29T06:17:51.521+0200] {dagbag.py:540} INFO - Filling up the DagBag from /Users/pablofrancoherrero/prueba_tecnica/venv/lib/python3.11/site-packages/airflow/example_dags/tutorial_dag.py
[2026-04-29T06:17:51.529+0200] {processor.py:840} INFO - DAG(s) 'tutorial_dag' retrieved from /Users/pablofrancoherrero/prueba_tecnica/venv/lib/python3.11/site-packages/airflow/example_dags/tutorial_dag.py
[2026-04-29T06:17:51.553+0200] {logging_mixin.py:188} INFO - [2026-04-29T06:17:51.553+0200] {dag.py:3096} INFO - Sync 1 DAGs
[2026-04-29T06:17:51.556+0200] {logging_mixin.py:188} INFO - [2026-04-29T06:17:51.556+0200] {dag.py:3954} INFO - Setting next_dagrun for tutorial_dag to None, run_after=None
[2026-04-29T06:17:51.561+0200] {processor.py:183} INFO - Processing /Users/pablofrancoherrero/prueba_tecnica/venv/lib/python3.11/site-packages/airflow/example_dags/tutorial_dag.py took 0.041 seconds
[2026-04-29T06:18:32.884+0200] {processor.py:161} INFO - Started process (PID=77533) to work on /Users/pablofrancoherrero/prueba_tecnica/venv/lib/python3.11/site-packages/airflow/example_dags/tutorial_dag.py
[2026-04-29T06:18:32.885+0200] {processor.py:830} INFO - Processing file /Users/pablofrancoherrero/prueba_tecnica/venv/lib/python3.11/site-packages/airflow/example_dags/tutorial_dag.py for tasks to queue
[2026-04-29T06:18:32.885+0200] {logging_mixin.py:188} INFO - [2026-04-29T06:18:32.885+0200] {dagbag.py:540} INFO - Filling up the DagBag from /Users/pablofrancoherrero/prueba_tecnica/venv/lib/python3.11/site-packages/airflow/example_dags/tutorial_dag.py
[2026-04-29T06:18:32.893+0200] {processor.py:840} INFO - DAG(s) 'tutorial_dag' retrieved from /Users/pablofrancoherrero/prueba_tecnica/venv/lib/python3.11/site-packages/airflow/example_dags/tutorial_dag.py
[2026-04-29T06:18:32.917+0200] {logging_mixin.py:188} INFO - [2026-04-29T06:18:32.917+0200] {dag.py:3096} INFO - Sync 1 DAGs
[2026-04-29T06:18:32.920+0200] {logging_mixin.py:188} INFO - [2026-04-29T06:18:32.919+0200] {dag.py:3954} INFO - Setting next_dagrun for tutorial_dag to None, run_after=None
[2026-04-29T06:18:32.924+0200] {processor.py:183} INFO - Processing /Users/pablofrancoherrero/prueba_tecnica/venv/lib/python3.11/site-packages/airflow/example_dags/tutorial_dag.py took 0.041 seconds
[2026-04-29T06:19:49.221+0200] {processor.py:161} INFO - Started process (PID=77616) to work on /Users/pablofrancoherrero/prueba_tecnica/venv/lib/python3.11/site-packages/airflow/example_dags/tutorial_dag.py
[2026-04-29T06:19:49.222+0200] {processor.py:830} INFO - Processing file /Users/pablofrancoherrero/prueba_tecnica/venv/lib/python3.11/site-packages/airflow/example_dags/tutorial_dag.py for tasks to queue
[2026-04-29T06:19:49.222+0200] {logging_mixin.py:188} INFO - [2026-04-29T06:19:49.222+0200] {dagbag.py:540} INFO - Filling up the DagBag from /Users/pablofrancoherrero/prueba_tecnica/venv/lib/python3.11/site-packages/airflow/example_dags/tutorial_dag.py
[2026-04-29T06:19:49.230+0200] {processor.py:840} INFO - DAG(s) 'tutorial_dag' retrieved from /Users/pablofrancoherrero/prueba_tecnica/venv/lib/python3.11/site-packages/airflow/example_dags/tutorial_dag.py
[2026-04-29T06:19:49.254+0200] {logging_mixin.py:188} INFO - [2026-04-29T06:19:49.254+0200] {dag.py:3096} INFO - Sync 1 DAGs
[2026-04-29T06:19:49.257+0200] {logging_mixin.py:188} INFO - [2026-04-29T06:19:49.257+0200] {dag.py:3954} INFO - Setting next_dagrun for tutorial_dag to None, run_after=None
[2026-04-29T06:19:49.262+0200] {processor.py:183} INFO - Processing /Users/pablofrancoherrero/prueba_tecnica/venv/lib/python3.11/site-packages/airflow/example_dags/tutorial_dag.py took 0.042 seconds
[2026-04-29T06:20:30.591+0200] {processor.py:161} INFO - Started process (PID=77660) to work on /Users/pablofrancoherrero/prueba_tecnica/venv/lib/python3.11/site-packages/airflow/example_dags/tutorial_dag.py
[2026-04-29T06:20:30.592+0200] {processor.py:830} INFO - Processing file /Users/pablofrancoherrero/prueba_tecnica/venv/lib/python3.11/site-packages/airflow/example_dags/tutorial_dag.py for tasks to queue
[2026-04-29T06:20:30.592+0200] {logging_mixin.py:188} INFO - [2026-04-29T06:20:30.592+0200] {dagbag.py:540} INFO - Filling up the DagBag from /Users/pablofrancoherrero/prueba_tecnica/venv/lib/python3.11/site-packages/airflow/example_dags/tutorial_dag.py
[2026-04-29T06:20:30.600+0200] {processor.py:840} INFO - DAG(s) 'tutorial_dag' retrieved from /Users/pablofrancoherrero/prueba_tecnica/venv/lib/python3.11/site-packages/airflow/example_dags/tutorial_dag.py
[2026-04-29T06:20:30.625+0200] {logging_mixin.py:188} INFO - [2026-04-29T06:20:30.625+0200] {dag.py:3096} INFO - Sync 1 DAGs
[2026-04-29T06:20:30.628+0200] {logging_mixin.py:188} INFO - [2026-04-29T06:20:30.628+0200] {dag.py:3954} INFO - Setting next_dagrun for tutorial_dag to None, run_after=None
[2026-04-29T06:20:30.632+0200] {processor.py:183} INFO - Processing /Users/pablofrancoherrero/prueba_tecnica/venv/lib/python3.11/site-packages/airflow/example_dags/tutorial_dag.py took 0.042 seconds
[2026-04-29T06:21:48.839+0200] {processor.py:161} INFO - Started process (PID=77747) to work on /Users/pablofrancoherrero/prueba_tecnica/venv/lib/python3.11/site-packages/airflow/example_dags/tutorial_dag.py
[2026-04-29T06:21:48.840+0200] {processor.py:830} INFO - Processing file /Users/pablofrancoherrero/prueba_tecnica/venv/lib/python3.11/site-packages/airflow/example_dags/tutorial_dag.py for tasks to queue
[2026-04-29T06:21:48.840+0200] {logging_mixin.py:188} INFO - [2026-04-29T06:21:48.840+0200] {dagbag.py:540} INFO - Filling up the DagBag from /Users/pablofrancoherrero/prueba_tecnica/venv/lib/python3.11/site-packages/airflow/example_dags/tutorial_dag.py
[2026-04-29T06:21:48.847+0200] {processor.py:840} INFO - DAG(s) 'tutorial_dag' retrieved from /Users/pablofrancoherrero/prueba_tecnica/venv/lib/python3.11/site-packages/airflow/example_dags/tutorial_dag.py
[2026-04-29T06:21:48.871+0200] {logging_mixin.py:188} INFO - [2026-04-29T06:21:48.871+0200] {dag.py:3096} INFO - Sync 1 DAGs
[2026-04-29T06:21:48.874+0200] {logging_mixin.py:188} INFO - [2026-04-29T06:21:48.874+0200] {dag.py:3954} INFO - Setting next_dagrun for tutorial_dag to None, run_after=None
[2026-04-29T06:21:48.879+0200] {processor.py:183} INFO - Processing /Users/pablofrancoherrero/prueba_tecnica/venv/lib/python3.11/site-packages/airflow/example_dags/tutorial_dag.py took 0.041 seconds
[2026-04-29T06:23:07.779+0200] {processor.py:161} INFO - Started process (PID=77893) to work on /Users/pablofrancoherrero/prueba_tecnica/venv/lib/python3.11/site-packages/airflow/example_dags/tutorial_dag.py
[2026-04-29T06:23:07.780+0200] {processor.py:830} INFO - Processing file /Users/pablofrancoherrero/prueba_tecnica/venv/lib/python3.11/site-packages/airflow/example_dags/tutorial_dag.py for tasks to queue
[2026-04-29T06:23:07.780+0200] {logging_mixin.py:188} INFO - [2026-04-29T06:23:07.780+0200] {dagbag.py:540} INFO - Filling up the DagBag from /Users/pablofrancoherrero/prueba_tecnica/venv/lib/python3.11/site-packages/airflow/example_dags/tutorial_dag.py
[2026-04-29T06:23:07.788+0200] {processor.py:840} INFO - DAG(s) 'tutorial_dag' retrieved from /Users/pablofrancoherrero/prueba_tecnica/venv/lib/python3.11/site-packages/airflow/example_dags/tutorial_dag.py
[2026-04-29T06:23:07.813+0200] {logging_mixin.py:188} INFO - [2026-04-29T06:23:07.813+0200] {dag.py:3096} INFO - Sync 1 DAGs
[2026-04-29T06:23:07.815+0200] {logging_mixin.py:188} INFO - [2026-04-29T06:23:07.815+0200] {dag.py:3954} INFO - Setting next_dagrun for tutorial_dag to None, run_after=None
[2026-04-29T06:23:07.820+0200] {processor.py:183} INFO - Processing /Users/pablofrancoherrero/prueba_tecnica/venv/lib/python3.11/site-packages/airflow/example_dags/tutorial_dag.py took 0.041 seconds
[2026-04-29T06:24:29.002+0200] {processor.py:161} INFO - Started process (PID=77995) to work on /Users/pablofrancoherrero/prueba_tecnica/venv/lib/python3.11/site-packages/airflow/example_dags/tutorial_dag.py
[2026-04-29T06:24:29.003+0200] {processor.py:830} INFO - Processing file /Users/pablofrancoherrero/prueba_tecnica/venv/lib/python3.11/site-packages/airflow/example_dags/tutorial_dag.py for tasks to queue
[2026-04-29T06:24:29.003+0200] {logging_mixin.py:188} INFO - [2026-04-29T06:24:29.003+0200] {dagbag.py:540} INFO - Filling up the DagBag from /Users/pablofrancoherrero/prueba_tecnica/venv/lib/python3.11/site-packages/airflow/example_dags/tutorial_dag.py
[2026-04-29T06:24:29.011+0200] {processor.py:840} INFO - DAG(s) 'tutorial_dag' retrieved from /Users/pablofrancoherrero/prueba_tecnica/venv/lib/python3.11/site-packages/airflow/example_dags/tutorial_dag.py
[2026-04-29T06:24:29.035+0200] {logging_mixin.py:188} INFO - [2026-04-29T06:24:29.035+0200] {dag.py:3096} INFO - Sync 1 DAGs
[2026-04-29T06:24:29.037+0200] {logging_mixin.py:188} INFO - [2026-04-29T06:24:29.037+0200] {dag.py:3954} INFO - Setting next_dagrun for tutorial_dag to None, run_after=None
[2026-04-29T06:24:29.042+0200] {processor.py:183} INFO - Processing /Users/pablofrancoherrero/prueba_tecnica/venv/lib/python3.11/site-packages/airflow/example_dags/tutorial_dag.py took 0.041 seconds
[2026-04-29T06:25:47.740+0200] {processor.py:161} INFO - Started process (PID=78076) to work on /Users/pablofrancoherrero/prueba_tecnica/venv/lib/python3.11/site-packages/airflow/example_dags/tutorial_dag.py
[2026-04-29T06:25:47.741+0200] {processor.py:830} INFO - Processing file /Users/pablofrancoherrero/prueba_tecnica/venv/lib/python3.11/site-packages/airflow/example_dags/tutorial_dag.py for tasks to queue
[2026-04-29T06:25:47.742+0200] {logging_mixin.py:188} INFO - [2026-04-29T06:25:47.742+0200] {dagbag.py:540} INFO - Filling up the DagBag from /Users/pablofrancoherrero/prueba_tecnica/venv/lib/python3.11/site-packages/airflow/example_dags/tutorial_dag.py
[2026-04-29T06:25:47.749+0200] {processor.py:840} INFO - DAG(s) 'tutorial_dag' retrieved from /Users/pablofrancoherrero/prueba_tecnica/venv/lib/python3.11/site-packages/airflow/example_dags/tutorial_dag.py
[2026-04-29T06:25:47.773+0200] {logging_mixin.py:188} INFO - [2026-04-29T06:25:47.773+0200] {dag.py:3096} INFO - Sync 1 DAGs
[2026-04-29T06:25:47.776+0200] {logging_mixin.py:188} INFO - [2026-04-29T06:25:47.776+0200] {dag.py:3954} INFO - Setting next_dagrun for tutorial_dag to None, run_after=None
[2026-04-29T06:25:47.780+0200] {processor.py:183} INFO - Processing /Users/pablofrancoherrero/prueba_tecnica/venv/lib/python3.11/site-packages/airflow/example_dags/tutorial_dag.py took 0.041 seconds
[2026-04-29T06:43:39.140+0200] {processor.py:161} INFO - Started process (PID=78205) to work on /Users/pablofrancoherrero/prueba_tecnica/venv/lib/python3.11/site-packages/airflow/example_dags/tutorial_dag.py
[2026-04-29T06:43:39.141+0200] {processor.py:830} INFO - Processing file /Users/pablofrancoherrero/prueba_tecnica/venv/lib/python3.11/site-packages/airflow/example_dags/tutorial_dag.py for tasks to queue
[2026-04-29T06:43:39.141+0200] {logging_mixin.py:188} INFO - [2026-04-29T06:43:39.141+0200] {dagbag.py:540} INFO - Filling up the DagBag from /Users/pablofrancoherrero/prueba_tecnica/venv/lib/python3.11/site-packages/airflow/example_dags/tutorial_dag.py
[2026-04-29T06:43:39.149+0200] {processor.py:840} INFO - DAG(s) 'tutorial_dag' retrieved from /Users/pablofrancoherrero/prueba_tecnica/venv/lib/python3.11/site-packages/airflow/example_dags/tutorial_dag.py
[2026-04-29T06:43:39.173+0200] {logging_mixin.py:188} INFO - [2026-04-29T06:43:39.172+0200] {dag.py:3096} INFO - Sync 1 DAGs
[2026-04-29T06:43:39.175+0200] {logging_mixin.py:188} INFO - [2026-04-29T06:43:39.175+0200] {dag.py:3954} INFO - Setting next_dagrun for tutorial_dag to None, run_after=None
[2026-04-29T06:43:39.180+0200] {processor.py:183} INFO - Processing /Users/pablofrancoherrero/prueba_tecnica/venv/lib/python3.11/site-packages/airflow/example_dags/tutorial_dag.py took 0.040 seconds
[2026-04-29T07:00:17.885+0200] {processor.py:161} INFO - Started process (PID=78278) to work on /Users/pablofrancoherrero/prueba_tecnica/venv/lib/python3.11/site-packages/airflow/example_dags/tutorial_dag.py
[2026-04-29T07:00:17.885+0200] {processor.py:830} INFO - Processing file /Users/pablofrancoherrero/prueba_tecnica/venv/lib/python3.11/site-packages/airflow/example_dags/tutorial_dag.py for tasks to queue
[2026-04-29T07:00:17.886+0200] {logging_mixin.py:188} INFO - [2026-04-29T07:00:17.886+0200] {dagbag.py:540} INFO - Filling up the DagBag from /Users/pablofrancoherrero/prueba_tecnica/venv/lib/python3.11/site-packages/airflow/example_dags/tutorial_dag.py
[2026-04-29T07:00:17.893+0200] {processor.py:840} INFO - DAG(s) 'tutorial_dag' retrieved from /Users/pablofrancoherrero/prueba_tecnica/venv/lib/python3.11/site-packages/airflow/example_dags/tutorial_dag.py
[2026-04-29T07:00:17.917+0200] {logging_mixin.py:188} INFO - [2026-04-29T07:00:17.917+0200] {dag.py:3096} INFO - Sync 1 DAGs
[2026-04-29T07:00:17.919+0200] {logging_mixin.py:188} INFO - [2026-04-29T07:00:17.919+0200] {dag.py:3954} INFO - Setting next_dagrun for tutorial_dag to None, run_after=None
[2026-04-29T07:00:17.924+0200] {processor.py:183} INFO - Processing /Users/pablofrancoherrero/prueba_tecnica/venv/lib/python3.11/site-packages/airflow/example_dags/tutorial_dag.py took 0.040 seconds
[2026-04-29T07:18:13.248+0200] {processor.py:161} INFO - Started process (PID=78416) to work on /Users/pablofrancoherrero/prueba_tecnica/venv/lib/python3.11/site-packages/airflow/example_dags/tutorial_dag.py
[2026-04-29T07:18:13.249+0200] {processor.py:830} INFO - Processing file /Users/pablofrancoherrero/prueba_tecnica/venv/lib/python3.11/site-packages/airflow/example_dags/tutorial_dag.py for tasks to queue
[2026-04-29T07:18:13.249+0200] {logging_mixin.py:188} INFO - [2026-04-29T07:18:13.249+0200] {dagbag.py:540} INFO - Filling up the DagBag from /Users/pablofrancoherrero/prueba_tecnica/venv/lib/python3.11/site-packages/airflow/example_dags/tutorial_dag.py
[2026-04-29T07:18:13.257+0200] {processor.py:840} INFO - DAG(s) 'tutorial_dag' retrieved from /Users/pablofrancoherrero/prueba_tecnica/venv/lib/python3.11/site-packages/airflow/example_dags/tutorial_dag.py
[2026-04-29T07:18:13.280+0200] {logging_mixin.py:188} INFO - [2026-04-29T07:18:13.280+0200] {dag.py:3096} INFO - Sync 1 DAGs
[2026-04-29T07:18:13.283+0200] {logging_mixin.py:188} INFO - [2026-04-29T07:18:13.283+0200] {dag.py:3954} INFO - Setting next_dagrun for tutorial_dag to None, run_after=None
[2026-04-29T07:18:13.288+0200] {processor.py:183} INFO - Processing /Users/pablofrancoherrero/prueba_tecnica/venv/lib/python3.11/site-packages/airflow/example_dags/tutorial_dag.py took 0.040 seconds
[2026-04-29T07:19:01.464+0200] {processor.py:161} INFO - Started process (PID=78490) to work on /Users/pablofrancoherrero/prueba_tecnica/venv/lib/python3.11/site-packages/airflow/example_dags/tutorial_dag.py
[2026-04-29T07:19:01.464+0200] {processor.py:830} INFO - Processing file /Users/pablofrancoherrero/prueba_tecnica/venv/lib/python3.11/site-packages/airflow/example_dags/tutorial_dag.py for tasks to queue
[2026-04-29T07:19:01.465+0200] {logging_mixin.py:188} INFO - [2026-04-29T07:19:01.464+0200] {dagbag.py:540} INFO - Filling up the DagBag from /Users/pablofrancoherrero/prueba_tecnica/venv/lib/python3.11/site-packages/airflow/example_dags/tutorial_dag.py
[2026-04-29T07:19:01.473+0200] {processor.py:840} INFO - DAG(s) 'tutorial_dag' retrieved from /Users/pablofrancoherrero/prueba_tecnica/venv/lib/python3.11/site-packages/airflow/example_dags/tutorial_dag.py
[2026-04-29T07:19:01.497+0200] {logging_mixin.py:188} INFO - [2026-04-29T07:19:01.497+0200] {dag.py:3096} INFO - Sync 1 DAGs
[2026-04-29T07:19:01.500+0200] {logging_mixin.py:188} INFO - [2026-04-29T07:19:01.500+0200] {dag.py:3954} INFO - Setting next_dagrun for tutorial_dag to None, run_after=None
[2026-04-29T07:19:01.505+0200] {processor.py:183} INFO - Processing /Users/pablofrancoherrero/prueba_tecnica/venv/lib/python3.11/site-packages/airflow/example_dags/tutorial_dag.py took 0.042 seconds
[2026-04-29T07:36:37.701+0200] {processor.py:161} INFO - Started process (PID=78642) to work on /Users/pablofrancoherrero/prueba_tecnica/venv/lib/python3.11/site-packages/airflow/example_dags/tutorial_dag.py
[2026-04-29T07:36:37.702+0200] {processor.py:830} INFO - Processing file /Users/pablofrancoherrero/prueba_tecnica/venv/lib/python3.11/site-packages/airflow/example_dags/tutorial_dag.py for tasks to queue
[2026-04-29T07:36:37.702+0200] {logging_mixin.py:188} INFO - [2026-04-29T07:36:37.702+0200] {dagbag.py:540} INFO - Filling up the DagBag from /Users/pablofrancoherrero/prueba_tecnica/venv/lib/python3.11/site-packages/airflow/example_dags/tutorial_dag.py
[2026-04-29T07:36:37.711+0200] {processor.py:840} INFO - DAG(s) 'tutorial_dag' retrieved from /Users/pablofrancoherrero/prueba_tecnica/venv/lib/python3.11/site-packages/airflow/example_dags/tutorial_dag.py
[2026-04-29T07:36:37.734+0200] {logging_mixin.py:188} INFO - [2026-04-29T07:36:37.734+0200] {dag.py:3096} INFO - Sync 1 DAGs
[2026-04-29T07:36:37.737+0200] {logging_mixin.py:188} INFO - [2026-04-29T07:36:37.737+0200] {dag.py:3954} INFO - Setting next_dagrun for tutorial_dag to None, run_after=None
[2026-04-29T07:36:37.742+0200] {processor.py:183} INFO - Processing /Users/pablofrancoherrero/prueba_tecnica/venv/lib/python3.11/site-packages/airflow/example_dags/tutorial_dag.py took 0.042 seconds
[2026-04-29T07:53:22.577+0200] {processor.py:161} INFO - Started process (PID=78721) to work on /Users/pablofrancoherrero/prueba_tecnica/venv/lib/python3.11/site-packages/airflow/example_dags/tutorial_dag.py
[2026-04-29T07:53:22.578+0200] {processor.py:830} INFO - Processing file /Users/pablofrancoherrero/prueba_tecnica/venv/lib/python3.11/site-packages/airflow/example_dags/tutorial_dag.py for tasks to queue
[2026-04-29T07:53:22.578+0200] {logging_mixin.py:188} INFO - [2026-04-29T07:53:22.578+0200] {dagbag.py:540} INFO - Filling up the DagBag from /Users/pablofrancoherrero/prueba_tecnica/venv/lib/python3.11/site-packages/airflow/example_dags/tutorial_dag.py
[2026-04-29T07:53:22.586+0200] {processor.py:840} INFO - DAG(s) 'tutorial_dag' retrieved from /Users/pablofrancoherrero/prueba_tecnica/venv/lib/python3.11/site-packages/airflow/example_dags/tutorial_dag.py
[2026-04-29T07:53:22.609+0200] {logging_mixin.py:188} INFO - [2026-04-29T07:53:22.609+0200] {dag.py:3096} INFO - Sync 1 DAGs
[2026-04-29T07:53:22.612+0200] {logging_mixin.py:188} INFO - [2026-04-29T07:53:22.612+0200] {dag.py:3954} INFO - Setting next_dagrun for tutorial_dag to None, run_after=None
[2026-04-29T07:53:22.616+0200] {processor.py:183} INFO - Processing /Users/pablofrancoherrero/prueba_tecnica/venv/lib/python3.11/site-packages/airflow/example_dags/tutorial_dag.py took 0.041 seconds
[2026-04-29T08:00:22.629+0200] {processor.py:161} INFO - Started process (PID=78826) to work on /Users/pablofrancoherrero/prueba_tecnica/venv/lib/python3.11/site-packages/airflow/example_dags/tutorial_dag.py
[2026-04-29T08:00:22.629+0200] {processor.py:830} INFO - Processing file /Users/pablofrancoherrero/prueba_tecnica/venv/lib/python3.11/site-packages/airflow/example_dags/tutorial_dag.py for tasks to queue
[2026-04-29T08:00:22.629+0200] {logging_mixin.py:188} INFO - [2026-04-29T08:00:22.629+0200] {dagbag.py:540} INFO - Filling up the DagBag from /Users/pablofrancoherrero/prueba_tecnica/venv/lib/python3.11/site-packages/airflow/example_dags/tutorial_dag.py
[2026-04-29T08:00:22.644+0200] {processor.py:840} INFO - DAG(s) 'tutorial_dag' retrieved from /Users/pablofrancoherrero/prueba_tecnica/venv/lib/python3.11/site-packages/airflow/example_dags/tutorial_dag.py
[2026-04-29T08:00:22.670+0200] {logging_mixin.py:188} INFO - [2026-04-29T08:00:22.670+0200] {dag.py:3096} INFO - Sync 1 DAGs
[2026-04-29T08:00:22.673+0200] {logging_mixin.py:188} INFO - [2026-04-29T08:00:22.673+0200] {dag.py:3954} INFO - Setting next_dagrun for tutorial_dag to None, run_after=None
[2026-04-29T08:00:22.677+0200] {processor.py:183} INFO - Processing /Users/pablofrancoherrero/prueba_tecnica/venv/lib/python3.11/site-packages/airflow/example_dags/tutorial_dag.py took 0.050 seconds
[2026-04-29T08:01:26.356+0200] {processor.py:161} INFO - Started process (PID=78922) to work on /Users/pablofrancoherrero/prueba_tecnica/venv/lib/python3.11/site-packages/airflow/example_dags/tutorial_dag.py
[2026-04-29T08:01:26.357+0200] {processor.py:830} INFO - Processing file /Users/pablofrancoherrero/prueba_tecnica/venv/lib/python3.11/site-packages/airflow/example_dags/tutorial_dag.py for tasks to queue
[2026-04-29T08:01:26.357+0200] {logging_mixin.py:188} INFO - [2026-04-29T08:01:26.357+0200] {dagbag.py:540} INFO - Filling up the DagBag from /Users/pablofrancoherrero/prueba_tecnica/venv/lib/python3.11/site-packages/airflow/example_dags/tutorial_dag.py
[2026-04-29T08:01:26.365+0200] {processor.py:840} INFO - DAG(s) 'tutorial_dag' retrieved from /Users/pablofrancoherrero/prueba_tecnica/venv/lib/python3.11/site-packages/airflow/example_dags/tutorial_dag.py
[2026-04-29T08:01:26.390+0200] {logging_mixin.py:188} INFO - [2026-04-29T08:01:26.390+0200] {dag.py:3096} INFO - Sync 1 DAGs
[2026-04-29T08:01:26.393+0200] {logging_mixin.py:188} INFO - [2026-04-29T08:01:26.392+0200] {dag.py:3954} INFO - Setting next_dagrun for tutorial_dag to None, run_after=None
[2026-04-29T08:01:26.397+0200] {processor.py:183} INFO - Processing /Users/pablofrancoherrero/prueba_tecnica/venv/lib/python3.11/site-packages/airflow/example_dags/tutorial_dag.py took 0.042 seconds
[2026-04-29T08:02:45.041+0200] {processor.py:161} INFO - Started process (PID=79010) to work on /Users/pablofrancoherrero/prueba_tecnica/venv/lib/python3.11/site-packages/airflow/example_dags/tutorial_dag.py
[2026-04-29T08:02:45.042+0200] {processor.py:830} INFO - Processing file /Users/pablofrancoherrero/prueba_tecnica/venv/lib/python3.11/site-packages/airflow/example_dags/tutorial_dag.py for tasks to queue
[2026-04-29T08:02:45.042+0200] {logging_mixin.py:188} INFO - [2026-04-29T08:02:45.042+0200] {dagbag.py:540} INFO - Filling up the DagBag from /Users/pablofrancoherrero/prueba_tecnica/venv/lib/python3.11/site-packages/airflow/example_dags/tutorial_dag.py
[2026-04-29T08:02:45.050+0200] {processor.py:840} INFO - DAG(s) 'tutorial_dag' retrieved from /Users/pablofrancoherrero/prueba_tecnica/venv/lib/python3.11/site-packages/airflow/example_dags/tutorial_dag.py
[2026-04-29T08:02:45.074+0200] {logging_mixin.py:188} INFO - [2026-04-29T08:02:45.074+0200] {dag.py:3096} INFO - Sync 1 DAGs
[2026-04-29T08:02:45.077+0200] {logging_mixin.py:188} INFO - [2026-04-29T08:02:45.077+0200] {dag.py:3954} INFO - Setting next_dagrun for tutorial_dag to None, run_after=None
[2026-04-29T08:02:45.082+0200] {processor.py:183} INFO - Processing /Users/pablofrancoherrero/prueba_tecnica/venv/lib/python3.11/site-packages/airflow/example_dags/tutorial_dag.py took 0.042 seconds
[2026-04-29T08:04:04.657+0200] {processor.py:161} INFO - Started process (PID=79110) to work on /Users/pablofrancoherrero/prueba_tecnica/venv/lib/python3.11/site-packages/airflow/example_dags/tutorial_dag.py
[2026-04-29T08:04:04.658+0200] {processor.py:830} INFO - Processing file /Users/pablofrancoherrero/prueba_tecnica/venv/lib/python3.11/site-packages/airflow/example_dags/tutorial_dag.py for tasks to queue
[2026-04-29T08:04:04.658+0200] {logging_mixin.py:188} INFO - [2026-04-29T08:04:04.658+0200] {dagbag.py:540} INFO - Filling up the DagBag from /Users/pablofrancoherrero/prueba_tecnica/venv/lib/python3.11/site-packages/airflow/example_dags/tutorial_dag.py
[2026-04-29T08:04:04.666+0200] {processor.py:840} INFO - DAG(s) 'tutorial_dag' retrieved from /Users/pablofrancoherrero/prueba_tecnica/venv/lib/python3.11/site-packages/airflow/example_dags/tutorial_dag.py
[2026-04-29T08:04:04.690+0200] {logging_mixin.py:188} INFO - [2026-04-29T08:04:04.690+0200] {dag.py:3096} INFO - Sync 1 DAGs
[2026-04-29T08:04:04.693+0200] {logging_mixin.py:188} INFO - [2026-04-29T08:04:04.693+0200] {dag.py:3954} INFO - Setting next_dagrun for tutorial_dag to None, run_after=None
[2026-04-29T08:04:04.698+0200] {processor.py:183} INFO - Processing /Users/pablofrancoherrero/prueba_tecnica/venv/lib/python3.11/site-packages/airflow/example_dags/tutorial_dag.py took 0.042 seconds
[2026-04-29T08:05:23.559+0200] {processor.py:161} INFO - Started process (PID=79203) to work on /Users/pablofrancoherrero/prueba_tecnica/venv/lib/python3.11/site-packages/airflow/example_dags/tutorial_dag.py
[2026-04-29T08:05:23.559+0200] {processor.py:830} INFO - Processing file /Users/pablofrancoherrero/prueba_tecnica/venv/lib/python3.11/site-packages/airflow/example_dags/tutorial_dag.py for tasks to queue
[2026-04-29T08:05:23.560+0200] {logging_mixin.py:188} INFO - [2026-04-29T08:05:23.560+0200] {dagbag.py:540} INFO - Filling up the DagBag from /Users/pablofrancoherrero/prueba_tecnica/venv/lib/python3.11/site-packages/airflow/example_dags/tutorial_dag.py
[2026-04-29T08:05:23.568+0200] {processor.py:840} INFO - DAG(s) 'tutorial_dag' retrieved from /Users/pablofrancoherrero/prueba_tecnica/venv/lib/python3.11/site-packages/airflow/example_dags/tutorial_dag.py
[2026-04-29T08:05:23.591+0200] {logging_mixin.py:188} INFO - [2026-04-29T08:05:23.591+0200] {dag.py:3096} INFO - Sync 1 DAGs
[2026-04-29T08:05:23.594+0200] {logging_mixin.py:188} INFO - [2026-04-29T08:05:23.594+0200] {dag.py:3954} INFO - Setting next_dagrun for tutorial_dag to None, run_after=None
[2026-04-29T08:05:23.599+0200] {processor.py:183} INFO - Processing /Users/pablofrancoherrero/prueba_tecnica/venv/lib/python3.11/site-packages/airflow/example_dags/tutorial_dag.py took 0.040 seconds
[2026-04-29T08:06:42.563+0200] {processor.py:161} INFO - Started process (PID=79312) to work on /Users/pablofrancoherrero/prueba_tecnica/venv/lib/python3.11/site-packages/airflow/example_dags/tutorial_dag.py
[2026-04-29T08:06:42.564+0200] {processor.py:830} INFO - Processing file /Users/pablofrancoherrero/prueba_tecnica/venv/lib/python3.11/site-packages/airflow/example_dags/tutorial_dag.py for tasks to queue
[2026-04-29T08:06:42.564+0200] {logging_mixin.py:188} INFO - [2026-04-29T08:06:42.564+0200] {dagbag.py:540} INFO - Filling up the DagBag from /Users/pablofrancoherrero/prueba_tecnica/venv/lib/python3.11/site-packages/airflow/example_dags/tutorial_dag.py
[2026-04-29T08:06:42.572+0200] {processor.py:840} INFO - DAG(s) 'tutorial_dag' retrieved from /Users/pablofrancoherrero/prueba_tecnica/venv/lib/python3.11/site-packages/airflow/example_dags/tutorial_dag.py
[2026-04-29T08:06:42.596+0200] {logging_mixin.py:188} INFO - [2026-04-29T08:06:42.596+0200] {dag.py:3096} INFO - Sync 1 DAGs
[2026-04-29T08:06:42.598+0200] {logging_mixin.py:188} INFO - [2026-04-29T08:06:42.598+0200] {dag.py:3954} INFO - Setting next_dagrun for tutorial_dag to None, run_after=None
[2026-04-29T08:06:42.603+0200] {processor.py:183} INFO - Processing /Users/pablofrancoherrero/prueba_tecnica/venv/lib/python3.11/site-packages/airflow/example_dags/tutorial_dag.py took 0.041 seconds
[2026-04-29T08:08:02.848+0200] {processor.py:161} INFO - Started process (PID=79400) to work on /Users/pablofrancoherrero/prueba_tecnica/venv/lib/python3.11/site-packages/airflow/example_dags/tutorial_dag.py
[2026-04-29T08:08:02.850+0200] {processor.py:830} INFO - Processing file /Users/pablofrancoherrero/prueba_tecnica/venv/lib/python3.11/site-packages/airflow/example_dags/tutorial_dag.py for tasks to queue
[2026-04-29T08:08:02.850+0200] {logging_mixin.py:188} INFO - [2026-04-29T08:08:02.850+0200] {dagbag.py:540} INFO - Filling up the DagBag from /Users/pablofrancoherrero/prueba_tecnica/venv/lib/python3.11/site-packages/airflow/example_dags/tutorial_dag.py
[2026-04-29T08:08:02.858+0200] {processor.py:840} INFO - DAG(s) 'tutorial_dag' retrieved from /Users/pablofrancoherrero/prueba_tecnica/venv/lib/python3.11/site-packages/airflow/example_dags/tutorial_dag.py
[2026-04-29T08:08:02.882+0200] {logging_mixin.py:188} INFO - [2026-04-29T08:08:02.882+0200] {dag.py:3096} INFO - Sync 1 DAGs
[2026-04-29T08:08:02.884+0200] {logging_mixin.py:188} INFO - [2026-04-29T08:08:02.884+0200] {dag.py:3954} INFO - Setting next_dagrun for tutorial_dag to None, run_after=None
[2026-04-29T08:08:02.889+0200] {processor.py:183} INFO - Processing /Users/pablofrancoherrero/prueba_tecnica/venv/lib/python3.11/site-packages/airflow/example_dags/tutorial_dag.py took 0.041 seconds
[2026-04-29T08:22:26.073+0200] {processor.py:161} INFO - Started process (PID=79548) to work on /Users/pablofrancoherrero/prueba_tecnica/venv/lib/python3.11/site-packages/airflow/example_dags/tutorial_dag.py
[2026-04-29T08:22:26.074+0200] {processor.py:830} INFO - Processing file /Users/pablofrancoherrero/prueba_tecnica/venv/lib/python3.11/site-packages/airflow/example_dags/tutorial_dag.py for tasks to queue
[2026-04-29T08:22:26.075+0200] {logging_mixin.py:188} INFO - [2026-04-29T08:22:26.075+0200] {dagbag.py:540} INFO - Filling up the DagBag from /Users/pablofrancoherrero/prueba_tecnica/venv/lib/python3.11/site-packages/airflow/example_dags/tutorial_dag.py
[2026-04-29T08:22:26.083+0200] {processor.py:840} INFO - DAG(s) 'tutorial_dag' retrieved from /Users/pablofrancoherrero/prueba_tecnica/venv/lib/python3.11/site-packages/airflow/example_dags/tutorial_dag.py
[2026-04-29T08:22:26.107+0200] {logging_mixin.py:188} INFO - [2026-04-29T08:22:26.107+0200] {dag.py:3096} INFO - Sync 1 DAGs
[2026-04-29T08:22:26.110+0200] {logging_mixin.py:188} INFO - [2026-04-29T08:22:26.110+0200] {dag.py:3954} INFO - Setting next_dagrun for tutorial_dag to None, run_after=None
[2026-04-29T08:22:26.114+0200] {processor.py:183} INFO - Processing /Users/pablofrancoherrero/prueba_tecnica/venv/lib/python3.11/site-packages/airflow/example_dags/tutorial_dag.py took 0.042 seconds
[2026-04-29T08:27:25.737+0200] {processor.py:161} INFO - Started process (PID=79674) to work on /Users/pablofrancoherrero/prueba_tecnica/venv/lib/python3.11/site-packages/airflow/example_dags/tutorial_dag.py
[2026-04-29T08:27:25.738+0200] {processor.py:830} INFO - Processing file /Users/pablofrancoherrero/prueba_tecnica/venv/lib/python3.11/site-packages/airflow/example_dags/tutorial_dag.py for tasks to queue
[2026-04-29T08:27:25.738+0200] {logging_mixin.py:188} INFO - [2026-04-29T08:27:25.738+0200] {dagbag.py:540} INFO - Filling up the DagBag from /Users/pablofrancoherrero/prueba_tecnica/venv/lib/python3.11/site-packages/airflow/example_dags/tutorial_dag.py
[2026-04-29T08:27:25.746+0200] {processor.py:840} INFO - DAG(s) 'tutorial_dag' retrieved from /Users/pablofrancoherrero/prueba_tecnica/venv/lib/python3.11/site-packages/airflow/example_dags/tutorial_dag.py
[2026-04-29T08:27:25.770+0200] {logging_mixin.py:188} INFO - [2026-04-29T08:27:25.770+0200] {dag.py:3096} INFO - Sync 1 DAGs
[2026-04-29T08:27:25.773+0200] {logging_mixin.py:188} INFO - [2026-04-29T08:27:25.773+0200] {dag.py:3954} INFO - Setting next_dagrun for tutorial_dag to None, run_after=None
[2026-04-29T08:27:25.778+0200] {processor.py:183} INFO - Processing /Users/pablofrancoherrero/prueba_tecnica/venv/lib/python3.11/site-packages/airflow/example_dags/tutorial_dag.py took 0.041 seconds
[2026-04-29T08:28:08.475+0200] {processor.py:161} INFO - Started process (PID=79749) to work on /Users/pablofrancoherrero/prueba_tecnica/venv/lib/python3.11/site-packages/airflow/example_dags/tutorial_dag.py
[2026-04-29T08:28:08.476+0200] {processor.py:830} INFO - Processing file /Users/pablofrancoherrero/prueba_tecnica/venv/lib/python3.11/site-packages/airflow/example_dags/tutorial_dag.py for tasks to queue
[2026-04-29T08:28:08.476+0200] {logging_mixin.py:188} INFO - [2026-04-29T08:28:08.476+0200] {dagbag.py:540} INFO - Filling up the DagBag from /Users/pablofrancoherrero/prueba_tecnica/venv/lib/python3.11/site-packages/airflow/example_dags/tutorial_dag.py
[2026-04-29T08:28:08.484+0200] {processor.py:840} INFO - DAG(s) 'tutorial_dag' retrieved from /Users/pablofrancoherrero/prueba_tecnica/venv/lib/python3.11/site-packages/airflow/example_dags/tutorial_dag.py
[2026-04-29T08:28:08.507+0200] {logging_mixin.py:188} INFO - [2026-04-29T08:28:08.507+0200] {dag.py:3096} INFO - Sync 1 DAGs
[2026-04-29T08:28:08.510+0200] {logging_mixin.py:188} INFO - [2026-04-29T08:28:08.510+0200] {dag.py:3954} INFO - Setting next_dagrun for tutorial_dag to None, run_after=None
[2026-04-29T08:28:08.515+0200] {processor.py:183} INFO - Processing /Users/pablofrancoherrero/prueba_tecnica/venv/lib/python3.11/site-packages/airflow/example_dags/tutorial_dag.py took 0.041 seconds
[2026-04-29T08:45:08.644+0200] {processor.py:161} INFO - Started process (PID=79843) to work on /Users/pablofrancoherrero/prueba_tecnica/venv/lib/python3.11/site-packages/airflow/example_dags/tutorial_dag.py
[2026-04-29T08:45:08.645+0200] {processor.py:830} INFO - Processing file /Users/pablofrancoherrero/prueba_tecnica/venv/lib/python3.11/site-packages/airflow/example_dags/tutorial_dag.py for tasks to queue
[2026-04-29T08:45:08.645+0200] {logging_mixin.py:188} INFO - [2026-04-29T08:45:08.645+0200] {dagbag.py:540} INFO - Filling up the DagBag from /Users/pablofrancoherrero/prueba_tecnica/venv/lib/python3.11/site-packages/airflow/example_dags/tutorial_dag.py
[2026-04-29T08:45:08.653+0200] {processor.py:840} INFO - DAG(s) 'tutorial_dag' retrieved from /Users/pablofrancoherrero/prueba_tecnica/venv/lib/python3.11/site-packages/airflow/example_dags/tutorial_dag.py
[2026-04-29T08:45:08.677+0200] {logging_mixin.py:188} INFO - [2026-04-29T08:45:08.677+0200] {dag.py:3096} INFO - Sync 1 DAGs
[2026-04-29T08:45:08.680+0200] {logging_mixin.py:188} INFO - [2026-04-29T08:45:08.680+0200] {dag.py:3954} INFO - Setting next_dagrun for tutorial_dag to None, run_after=None
[2026-04-29T08:45:08.684+0200] {processor.py:183} INFO - Processing /Users/pablofrancoherrero/prueba_tecnica/venv/lib/python3.11/site-packages/airflow/example_dags/tutorial_dag.py took 0.041 seconds
[2026-04-29T08:49:13.934+0200] {processor.py:161} INFO - Started process (PID=79939) to work on /Users/pablofrancoherrero/prueba_tecnica/venv/lib/python3.11/site-packages/airflow/example_dags/tutorial_dag.py
[2026-04-29T08:49:13.935+0200] {processor.py:830} INFO - Processing file /Users/pablofrancoherrero/prueba_tecnica/venv/lib/python3.11/site-packages/airflow/example_dags/tutorial_dag.py for tasks to queue
[2026-04-29T08:49:13.935+0200] {logging_mixin.py:188} INFO - [2026-04-29T08:49:13.935+0200] {dagbag.py:540} INFO - Filling up the DagBag from /Users/pablofrancoherrero/prueba_tecnica/venv/lib/python3.11/site-packages/airflow/example_dags/tutorial_dag.py
[2026-04-29T08:49:13.943+0200] {processor.py:840} INFO - DAG(s) 'tutorial_dag' retrieved from /Users/pablofrancoherrero/prueba_tecnica/venv/lib/python3.11/site-packages/airflow/example_dags/tutorial_dag.py
[2026-04-29T08:49:13.967+0200] {logging_mixin.py:188} INFO - [2026-04-29T08:49:13.967+0200] {dag.py:3096} INFO - Sync 1 DAGs
[2026-04-29T08:49:13.970+0200] {logging_mixin.py:188} INFO - [2026-04-29T08:49:13.969+0200] {dag.py:3954} INFO - Setting next_dagrun for tutorial_dag to None, run_after=None
[2026-04-29T08:49:13.974+0200] {processor.py:183} INFO - Processing /Users/pablofrancoherrero/prueba_tecnica/venv/lib/python3.11/site-packages/airflow/example_dags/tutorial_dag.py took 0.041 seconds
[2026-04-29T08:50:17.993+0200] {processor.py:161} INFO - Started process (PID=80027) to work on /Users/pablofrancoherrero/prueba_tecnica/venv/lib/python3.11/site-packages/airflow/example_dags/tutorial_dag.py
[2026-04-29T08:50:17.993+0200] {processor.py:830} INFO - Processing file /Users/pablofrancoherrero/prueba_tecnica/venv/lib/python3.11/site-packages/airflow/example_dags/tutorial_dag.py for tasks to queue
[2026-04-29T08:50:17.994+0200] {logging_mixin.py:188} INFO - [2026-04-29T08:50:17.994+0200] {dagbag.py:540} INFO - Filling up the DagBag from /Users/pablofrancoherrero/prueba_tecnica/venv/lib/python3.11/site-packages/airflow/example_dags/tutorial_dag.py
[2026-04-29T08:50:18.002+0200] {processor.py:840} INFO - DAG(s) 'tutorial_dag' retrieved from /Users/pablofrancoherrero/prueba_tecnica/venv/lib/python3.11/site-packages/airflow/example_dags/tutorial_dag.py
[2026-04-29T08:50:18.025+0200] {logging_mixin.py:188} INFO - [2026-04-29T08:50:18.025+0200] {dag.py:3096} INFO - Sync 1 DAGs
[2026-04-29T08:50:18.028+0200] {logging_mixin.py:188} INFO - [2026-04-29T08:50:18.028+0200] {dag.py:3954} INFO - Setting next_dagrun for tutorial_dag to None, run_after=None
[2026-04-29T08:50:18.033+0200] {processor.py:183} INFO - Processing /Users/pablofrancoherrero/prueba_tecnica/venv/lib/python3.11/site-packages/airflow/example_dags/tutorial_dag.py took 0.041 seconds
[2026-04-29T08:53:38.364+0200] {processor.py:161} INFO - Started process (PID=80120) to work on /Users/pablofrancoherrero/prueba_tecnica/venv/lib/python3.11/site-packages/airflow/example_dags/tutorial_dag.py
[2026-04-29T08:53:38.365+0200] {processor.py:830} INFO - Processing file /Users/pablofrancoherrero/prueba_tecnica/venv/lib/python3.11/site-packages/airflow/example_dags/tutorial_dag.py for tasks to queue
[2026-04-29T08:53:38.365+0200] {logging_mixin.py:188} INFO - [2026-04-29T08:53:38.365+0200] {dagbag.py:540} INFO - Filling up the DagBag from /Users/pablofrancoherrero/prueba_tecnica/venv/lib/python3.11/site-packages/airflow/example_dags/tutorial_dag.py
[2026-04-29T08:53:38.373+0200] {processor.py:840} INFO - DAG(s) 'tutorial_dag' retrieved from /Users/pablofrancoherrero/prueba_tecnica/venv/lib/python3.11/site-packages/airflow/example_dags/tutorial_dag.py
[2026-04-29T08:53:38.396+0200] {logging_mixin.py:188} INFO - [2026-04-29T08:53:38.396+0200] {dag.py:3096} INFO - Sync 1 DAGs
[2026-04-29T08:53:38.399+0200] {logging_mixin.py:188} INFO - [2026-04-29T08:53:38.399+0200] {dag.py:3954} INFO - Setting next_dagrun for tutorial_dag to None, run_after=None
[2026-04-29T08:53:38.403+0200] {processor.py:183} INFO - Processing /Users/pablofrancoherrero/prueba_tecnica/venv/lib/python3.11/site-packages/airflow/example_dags/tutorial_dag.py took 0.040 seconds
[2026-04-29T08:54:31.754+0200] {processor.py:161} INFO - Started process (PID=80183) to work on /Users/pablofrancoherrero/prueba_tecnica/venv/lib/python3.11/site-packages/airflow/example_dags/tutorial_dag.py
[2026-04-29T08:54:31.755+0200] {processor.py:830} INFO - Processing file /Users/pablofrancoherrero/prueba_tecnica/venv/lib/python3.11/site-packages/airflow/example_dags/tutorial_dag.py for tasks to queue
[2026-04-29T08:54:31.755+0200] {logging_mixin.py:188} INFO - [2026-04-29T08:54:31.755+0200] {dagbag.py:540} INFO - Filling up the DagBag from /Users/pablofrancoherrero/prueba_tecnica/venv/lib/python3.11/site-packages/airflow/example_dags/tutorial_dag.py
[2026-04-29T08:54:31.763+0200] {processor.py:840} INFO - DAG(s) 'tutorial_dag' retrieved from /Users/pablofrancoherrero/prueba_tecnica/venv/lib/python3.11/site-packages/airflow/example_dags/tutorial_dag.py
[2026-04-29T08:54:31.787+0200] {logging_mixin.py:188} INFO - [2026-04-29T08:54:31.787+0200] {dag.py:3096} INFO - Sync 1 DAGs
[2026-04-29T08:54:31.790+0200] {logging_mixin.py:188} INFO - [2026-04-29T08:54:31.790+0200] {dag.py:3954} INFO - Setting next_dagrun for tutorial_dag to None, run_after=None
[2026-04-29T08:54:31.795+0200] {processor.py:183} INFO - Processing /Users/pablofrancoherrero/prueba_tecnica/venv/lib/python3.11/site-packages/airflow/example_dags/tutorial_dag.py took 0.041 seconds
[2026-04-29T08:57:34.967+0200] {processor.py:161} INFO - Started process (PID=80238) to work on /Users/pablofrancoherrero/prueba_tecnica/venv/lib/python3.11/site-packages/airflow/example_dags/tutorial_dag.py
[2026-04-29T08:57:34.968+0200] {processor.py:830} INFO - Processing file /Users/pablofrancoherrero/prueba_tecnica/venv/lib/python3.11/site-packages/airflow/example_dags/tutorial_dag.py for tasks to queue
[2026-04-29T08:57:34.968+0200] {logging_mixin.py:188} INFO - [2026-04-29T08:57:34.968+0200] {dagbag.py:540} INFO - Filling up the DagBag from /Users/pablofrancoherrero/prueba_tecnica/venv/lib/python3.11/site-packages/airflow/example_dags/tutorial_dag.py
[2026-04-29T08:57:34.976+0200] {processor.py:840} INFO - DAG(s) 'tutorial_dag' retrieved from /Users/pablofrancoherrero/prueba_tecnica/venv/lib/python3.11/site-packages/airflow/example_dags/tutorial_dag.py
[2026-04-29T08:57:35.000+0200] {logging_mixin.py:188} INFO - [2026-04-29T08:57:35.000+0200] {dag.py:3096} INFO - Sync 1 DAGs
[2026-04-29T08:57:35.003+0200] {logging_mixin.py:188} INFO - [2026-04-29T08:57:35.003+0200] {dag.py:3954} INFO - Setting next_dagrun for tutorial_dag to None, run_after=None
[2026-04-29T08:57:35.008+0200] {processor.py:183} INFO - Processing /Users/pablofrancoherrero/prueba_tecnica/venv/lib/python3.11/site-packages/airflow/example_dags/tutorial_dag.py took 0.041 seconds
[2026-04-29T08:58:55.234+0200] {processor.py:161} INFO - Started process (PID=80298) to work on /Users/pablofrancoherrero/prueba_tecnica/venv/lib/python3.11/site-packages/airflow/example_dags/tutorial_dag.py
[2026-04-29T08:58:55.235+0200] {processor.py:830} INFO - Processing file /Users/pablofrancoherrero/prueba_tecnica/venv/lib/python3.11/site-packages/airflow/example_dags/tutorial_dag.py for tasks to queue
[2026-04-29T08:58:55.235+0200] {logging_mixin.py:188} INFO - [2026-04-29T08:58:55.235+0200] {dagbag.py:540} INFO - Filling up the DagBag from /Users/pablofrancoherrero/prueba_tecnica/venv/lib/python3.11/site-packages/airflow/example_dags/tutorial_dag.py
[2026-04-29T08:58:55.243+0200] {processor.py:840} INFO - DAG(s) 'tutorial_dag' retrieved from /Users/pablofrancoherrero/prueba_tecnica/venv/lib/python3.11/site-packages/airflow/example_dags/tutorial_dag.py
[2026-04-29T08:58:55.266+0200] {logging_mixin.py:188} INFO - [2026-04-29T08:58:55.266+0200] {dag.py:3096} INFO - Sync 1 DAGs
[2026-04-29T08:58:55.269+0200] {logging_mixin.py:188} INFO - [2026-04-29T08:58:55.269+0200] {dag.py:3954} INFO - Setting next_dagrun for tutorial_dag to None, run_after=None
[2026-04-29T08:58:55.274+0200] {processor.py:183} INFO - Processing /Users/pablofrancoherrero/prueba_tecnica/venv/lib/python3.11/site-packages/airflow/example_dags/tutorial_dag.py took 0.041 seconds
[2026-04-29T09:01:14.286+0200] {processor.py:161} INFO - Started process (PID=80415) to work on /Users/pablofrancoherrero/prueba_tecnica/venv/lib/python3.11/site-packages/airflow/example_dags/tutorial_dag.py
[2026-04-29T09:01:14.287+0200] {processor.py:830} INFO - Processing file /Users/pablofrancoherrero/prueba_tecnica/venv/lib/python3.11/site-packages/airflow/example_dags/tutorial_dag.py for tasks to queue
[2026-04-29T09:01:14.287+0200] {logging_mixin.py:188} INFO - [2026-04-29T09:01:14.287+0200] {dagbag.py:540} INFO - Filling up the DagBag from /Users/pablofrancoherrero/prueba_tecnica/venv/lib/python3.11/site-packages/airflow/example_dags/tutorial_dag.py
[2026-04-29T09:01:14.295+0200] {processor.py:840} INFO - DAG(s) 'tutorial_dag' retrieved from /Users/pablofrancoherrero/prueba_tecnica/venv/lib/python3.11/site-packages/airflow/example_dags/tutorial_dag.py
[2026-04-29T09:01:14.319+0200] {logging_mixin.py:188} INFO - [2026-04-29T09:01:14.319+0200] {dag.py:3096} INFO - Sync 1 DAGs
[2026-04-29T09:01:14.322+0200] {logging_mixin.py:188} INFO - [2026-04-29T09:01:14.322+0200] {dag.py:3954} INFO - Setting next_dagrun for tutorial_dag to None, run_after=None
[2026-04-29T09:01:14.326+0200] {processor.py:183} INFO - Processing /Users/pablofrancoherrero/prueba_tecnica/venv/lib/python3.11/site-packages/airflow/example_dags/tutorial_dag.py took 0.041 seconds
[2026-04-29T09:02:02.199+0200] {processor.py:161} INFO - Started process (PID=80476) to work on /Users/pablofrancoherrero/prueba_tecnica/venv/lib/python3.11/site-packages/airflow/example_dags/tutorial_dag.py
[2026-04-29T09:02:02.200+0200] {processor.py:830} INFO - Processing file /Users/pablofrancoherrero/prueba_tecnica/venv/lib/python3.11/site-packages/airflow/example_dags/tutorial_dag.py for tasks to queue
[2026-04-29T09:02:02.200+0200] {logging_mixin.py:188} INFO - [2026-04-29T09:02:02.200+0200] {dagbag.py:540} INFO - Filling up the DagBag from /Users/pablofrancoherrero/prueba_tecnica/venv/lib/python3.11/site-packages/airflow/example_dags/tutorial_dag.py
[2026-04-29T09:02:02.209+0200] {processor.py:840} INFO - DAG(s) 'tutorial_dag' retrieved from /Users/pablofrancoherrero/prueba_tecnica/venv/lib/python3.11/site-packages/airflow/example_dags/tutorial_dag.py
[2026-04-29T09:02:02.238+0200] {logging_mixin.py:188} INFO - [2026-04-29T09:02:02.238+0200] {dag.py:3096} INFO - Sync 1 DAGs
[2026-04-29T09:02:02.241+0200] {logging_mixin.py:188} INFO - [2026-04-29T09:02:02.241+0200] {dag.py:3954} INFO - Setting next_dagrun for tutorial_dag to None, run_after=None
[2026-04-29T09:02:02.247+0200] {processor.py:183} INFO - Processing /Users/pablofrancoherrero/prueba_tecnica/venv/lib/python3.11/site-packages/airflow/example_dags/tutorial_dag.py took 0.049 seconds
[2026-04-29T09:02:44.099+0200] {processor.py:161} INFO - Started process (PID=80524) to work on /Users/pablofrancoherrero/prueba_tecnica/venv/lib/python3.11/site-packages/airflow/example_dags/tutorial_dag.py
[2026-04-29T09:02:44.100+0200] {processor.py:830} INFO - Processing file /Users/pablofrancoherrero/prueba_tecnica/venv/lib/python3.11/site-packages/airflow/example_dags/tutorial_dag.py for tasks to queue
[2026-04-29T09:02:44.100+0200] {logging_mixin.py:188} INFO - [2026-04-29T09:02:44.100+0200] {dagbag.py:540} INFO - Filling up the DagBag from /Users/pablofrancoherrero/prueba_tecnica/venv/lib/python3.11/site-packages/airflow/example_dags/tutorial_dag.py
[2026-04-29T09:02:44.108+0200] {processor.py:840} INFO - DAG(s) 'tutorial_dag' retrieved from /Users/pablofrancoherrero/prueba_tecnica/venv/lib/python3.11/site-packages/airflow/example_dags/tutorial_dag.py
[2026-04-29T09:02:44.137+0200] {logging_mixin.py:188} INFO - [2026-04-29T09:02:44.137+0200] {dag.py:3096} INFO - Sync 1 DAGs
[2026-04-29T09:02:44.140+0200] {logging_mixin.py:188} INFO - [2026-04-29T09:02:44.140+0200] {dag.py:3954} INFO - Setting next_dagrun for tutorial_dag to None, run_after=None
[2026-04-29T09:02:44.145+0200] {processor.py:183} INFO - Processing /Users/pablofrancoherrero/prueba_tecnica/venv/lib/python3.11/site-packages/airflow/example_dags/tutorial_dag.py took 0.047 seconds
[2026-04-29T09:03:25.322+0200] {processor.py:161} INFO - Started process (PID=80572) to work on /Users/pablofrancoherrero/prueba_tecnica/venv/lib/python3.11/site-packages/airflow/example_dags/tutorial_dag.py
[2026-04-29T09:03:25.323+0200] {processor.py:830} INFO - Processing file /Users/pablofrancoherrero/prueba_tecnica/venv/lib/python3.11/site-packages/airflow/example_dags/tutorial_dag.py for tasks to queue
[2026-04-29T09:03:25.324+0200] {logging_mixin.py:188} INFO - [2026-04-29T09:03:25.324+0200] {dagbag.py:540} INFO - Filling up the DagBag from /Users/pablofrancoherrero/prueba_tecnica/venv/lib/python3.11/site-packages/airflow/example_dags/tutorial_dag.py
[2026-04-29T09:03:25.332+0200] {processor.py:840} INFO - DAG(s) 'tutorial_dag' retrieved from /Users/pablofrancoherrero/prueba_tecnica/venv/lib/python3.11/site-packages/airflow/example_dags/tutorial_dag.py
[2026-04-29T09:03:25.358+0200] {logging_mixin.py:188} INFO - [2026-04-29T09:03:25.358+0200] {dag.py:3096} INFO - Sync 1 DAGs
[2026-04-29T09:03:25.361+0200] {logging_mixin.py:188} INFO - [2026-04-29T09:03:25.361+0200] {dag.py:3954} INFO - Setting next_dagrun for tutorial_dag to None, run_after=None
[2026-04-29T09:03:25.366+0200] {processor.py:183} INFO - Processing /Users/pablofrancoherrero/prueba_tecnica/venv/lib/python3.11/site-packages/airflow/example_dags/tutorial_dag.py took 0.044 seconds
[2026-04-29T09:04:46.400+0200] {processor.py:161} INFO - Started process (PID=80664) to work on /Users/pablofrancoherrero/prueba_tecnica/venv/lib/python3.11/site-packages/airflow/example_dags/tutorial_dag.py
[2026-04-29T09:04:46.401+0200] {processor.py:830} INFO - Processing file /Users/pablofrancoherrero/prueba_tecnica/venv/lib/python3.11/site-packages/airflow/example_dags/tutorial_dag.py for tasks to queue
[2026-04-29T09:04:46.401+0200] {logging_mixin.py:188} INFO - [2026-04-29T09:04:46.401+0200] {dagbag.py:540} INFO - Filling up the DagBag from /Users/pablofrancoherrero/prueba_tecnica/venv/lib/python3.11/site-packages/airflow/example_dags/tutorial_dag.py
[2026-04-29T09:04:46.409+0200] {processor.py:840} INFO - DAG(s) 'tutorial_dag' retrieved from /Users/pablofrancoherrero/prueba_tecnica/venv/lib/python3.11/site-packages/airflow/example_dags/tutorial_dag.py
[2026-04-29T09:04:46.435+0200] {logging_mixin.py:188} INFO - [2026-04-29T09:04:46.435+0200] {dag.py:3096} INFO - Sync 1 DAGs
[2026-04-29T09:04:46.438+0200] {logging_mixin.py:188} INFO - [2026-04-29T09:04:46.437+0200] {dag.py:3954} INFO - Setting next_dagrun for tutorial_dag to None, run_after=None
[2026-04-29T09:04:46.442+0200] {processor.py:183} INFO - Processing /Users/pablofrancoherrero/prueba_tecnica/venv/lib/python3.11/site-packages/airflow/example_dags/tutorial_dag.py took 0.043 seconds
[2026-04-29T09:05:29.097+0200] {processor.py:161} INFO - Started process (PID=80720) to work on /Users/pablofrancoherrero/prueba_tecnica/venv/lib/python3.11/site-packages/airflow/example_dags/tutorial_dag.py
[2026-04-29T09:05:29.098+0200] {processor.py:830} INFO - Processing file /Users/pablofrancoherrero/prueba_tecnica/venv/lib/python3.11/site-packages/airflow/example_dags/tutorial_dag.py for tasks to queue
[2026-04-29T09:05:29.099+0200] {logging_mixin.py:188} INFO - [2026-04-29T09:05:29.099+0200] {dagbag.py:540} INFO - Filling up the DagBag from /Users/pablofrancoherrero/prueba_tecnica/venv/lib/python3.11/site-packages/airflow/example_dags/tutorial_dag.py
[2026-04-29T09:05:29.107+0200] {processor.py:840} INFO - DAG(s) 'tutorial_dag' retrieved from /Users/pablofrancoherrero/prueba_tecnica/venv/lib/python3.11/site-packages/airflow/example_dags/tutorial_dag.py
[2026-04-29T09:05:29.132+0200] {logging_mixin.py:188} INFO - [2026-04-29T09:05:29.132+0200] {dag.py:3096} INFO - Sync 1 DAGs
[2026-04-29T09:05:29.135+0200] {logging_mixin.py:188} INFO - [2026-04-29T09:05:29.135+0200] {dag.py:3954} INFO - Setting next_dagrun for tutorial_dag to None, run_after=None
[2026-04-29T09:05:29.140+0200] {processor.py:183} INFO - Processing /Users/pablofrancoherrero/prueba_tecnica/venv/lib/python3.11/site-packages/airflow/example_dags/tutorial_dag.py took 0.043 seconds
[2026-04-29T09:06:48.539+0200] {processor.py:161} INFO - Started process (PID=80820) to work on /Users/pablofrancoherrero/prueba_tecnica/venv/lib/python3.11/site-packages/airflow/example_dags/tutorial_dag.py
[2026-04-29T09:06:48.540+0200] {processor.py:830} INFO - Processing file /Users/pablofrancoherrero/prueba_tecnica/venv/lib/python3.11/site-packages/airflow/example_dags/tutorial_dag.py for tasks to queue
[2026-04-29T09:06:48.540+0200] {logging_mixin.py:188} INFO - [2026-04-29T09:06:48.540+0200] {dagbag.py:540} INFO - Filling up the DagBag from /Users/pablofrancoherrero/prueba_tecnica/venv/lib/python3.11/site-packages/airflow/example_dags/tutorial_dag.py
[2026-04-29T09:06:48.548+0200] {processor.py:840} INFO - DAG(s) 'tutorial_dag' retrieved from /Users/pablofrancoherrero/prueba_tecnica/venv/lib/python3.11/site-packages/airflow/example_dags/tutorial_dag.py
[2026-04-29T09:06:48.574+0200] {logging_mixin.py:188} INFO - [2026-04-29T09:06:48.574+0200] {dag.py:3096} INFO - Sync 1 DAGs
[2026-04-29T09:06:48.577+0200] {logging_mixin.py:188} INFO - [2026-04-29T09:06:48.577+0200] {dag.py:3954} INFO - Setting next_dagrun for tutorial_dag to None, run_after=None
[2026-04-29T09:06:48.582+0200] {processor.py:183} INFO - Processing /Users/pablofrancoherrero/prueba_tecnica/venv/lib/python3.11/site-packages/airflow/example_dags/tutorial_dag.py took 0.044 seconds
[2026-04-29T09:07:30.100+0200] {processor.py:161} INFO - Started process (PID=80875) to work on /Users/pablofrancoherrero/prueba_tecnica/venv/lib/python3.11/site-packages/airflow/example_dags/tutorial_dag.py
[2026-04-29T09:07:30.100+0200] {processor.py:830} INFO - Processing file /Users/pablofrancoherrero/prueba_tecnica/venv/lib/python3.11/site-packages/airflow/example_dags/tutorial_dag.py for tasks to queue
[2026-04-29T09:07:30.101+0200] {logging_mixin.py:188} INFO - [2026-04-29T09:07:30.101+0200] {dagbag.py:540} INFO - Filling up the DagBag from /Users/pablofrancoherrero/prueba_tecnica/venv/lib/python3.11/site-packages/airflow/example_dags/tutorial_dag.py
[2026-04-29T09:07:30.110+0200] {processor.py:840} INFO - DAG(s) 'tutorial_dag' retrieved from /Users/pablofrancoherrero/prueba_tecnica/venv/lib/python3.11/site-packages/airflow/example_dags/tutorial_dag.py
[2026-04-29T09:07:30.142+0200] {logging_mixin.py:188} INFO - [2026-04-29T09:07:30.142+0200] {dag.py:3096} INFO - Sync 1 DAGs
[2026-04-29T09:07:30.145+0200] {logging_mixin.py:188} INFO - [2026-04-29T09:07:30.145+0200] {dag.py:3954} INFO - Setting next_dagrun for tutorial_dag to None, run_after=None
[2026-04-29T09:07:30.150+0200] {processor.py:183} INFO - Processing /Users/pablofrancoherrero/prueba_tecnica/venv/lib/python3.11/site-packages/airflow/example_dags/tutorial_dag.py took 0.052 seconds
[2026-04-29T09:08:50.549+0200] {processor.py:161} INFO - Started process (PID=80962) to work on /Users/pablofrancoherrero/prueba_tecnica/venv/lib/python3.11/site-packages/airflow/example_dags/tutorial_dag.py
[2026-04-29T09:08:50.549+0200] {processor.py:830} INFO - Processing file /Users/pablofrancoherrero/prueba_tecnica/venv/lib/python3.11/site-packages/airflow/example_dags/tutorial_dag.py for tasks to queue
[2026-04-29T09:08:50.549+0200] {logging_mixin.py:188} INFO - [2026-04-29T09:08:50.549+0200] {dagbag.py:540} INFO - Filling up the DagBag from /Users/pablofrancoherrero/prueba_tecnica/venv/lib/python3.11/site-packages/airflow/example_dags/tutorial_dag.py
[2026-04-29T09:08:50.558+0200] {processor.py:840} INFO - DAG(s) 'tutorial_dag' retrieved from /Users/pablofrancoherrero/prueba_tecnica/venv/lib/python3.11/site-packages/airflow/example_dags/tutorial_dag.py
[2026-04-29T09:08:50.585+0200] {logging_mixin.py:188} INFO - [2026-04-29T09:08:50.585+0200] {dag.py:3096} INFO - Sync 1 DAGs
[2026-04-29T09:08:50.588+0200] {logging_mixin.py:188} INFO - [2026-04-29T09:08:50.588+0200] {dag.py:3954} INFO - Setting next_dagrun for tutorial_dag to None, run_after=None
[2026-04-29T09:08:50.596+0200] {processor.py:183} INFO - Processing /Users/pablofrancoherrero/prueba_tecnica/venv/lib/python3.11/site-packages/airflow/example_dags/tutorial_dag.py took 0.049 seconds
[2026-04-29T09:09:33.310+0200] {processor.py:161} INFO - Started process (PID=81014) to work on /Users/pablofrancoherrero/prueba_tecnica/venv/lib/python3.11/site-packages/airflow/example_dags/tutorial_dag.py
[2026-04-29T09:09:33.311+0200] {processor.py:830} INFO - Processing file /Users/pablofrancoherrero/prueba_tecnica/venv/lib/python3.11/site-packages/airflow/example_dags/tutorial_dag.py for tasks to queue
[2026-04-29T09:09:33.311+0200] {logging_mixin.py:188} INFO - [2026-04-29T09:09:33.311+0200] {dagbag.py:540} INFO - Filling up the DagBag from /Users/pablofrancoherrero/prueba_tecnica/venv/lib/python3.11/site-packages/airflow/example_dags/tutorial_dag.py
[2026-04-29T09:09:33.319+0200] {processor.py:840} INFO - DAG(s) 'tutorial_dag' retrieved from /Users/pablofrancoherrero/prueba_tecnica/venv/lib/python3.11/site-packages/airflow/example_dags/tutorial_dag.py
[2026-04-29T09:09:33.345+0200] {logging_mixin.py:188} INFO - [2026-04-29T09:09:33.345+0200] {dag.py:3096} INFO - Sync 1 DAGs
[2026-04-29T09:09:33.348+0200] {logging_mixin.py:188} INFO - [2026-04-29T09:09:33.348+0200] {dag.py:3954} INFO - Setting next_dagrun for tutorial_dag to None, run_after=None
[2026-04-29T09:09:33.353+0200] {processor.py:183} INFO - Processing /Users/pablofrancoherrero/prueba_tecnica/venv/lib/python3.11/site-packages/airflow/example_dags/tutorial_dag.py took 0.044 seconds
[2026-04-29T09:10:50.693+0200] {processor.py:161} INFO - Started process (PID=81097) to work on /Users/pablofrancoherrero/prueba_tecnica/venv/lib/python3.11/site-packages/airflow/example_dags/tutorial_dag.py
[2026-04-29T09:10:50.694+0200] {processor.py:830} INFO - Processing file /Users/pablofrancoherrero/prueba_tecnica/venv/lib/python3.11/site-packages/airflow/example_dags/tutorial_dag.py for tasks to queue
[2026-04-29T09:10:50.694+0200] {logging_mixin.py:188} INFO - [2026-04-29T09:10:50.694+0200] {dagbag.py:540} INFO - Filling up the DagBag from /Users/pablofrancoherrero/prueba_tecnica/venv/lib/python3.11/site-packages/airflow/example_dags/tutorial_dag.py
[2026-04-29T09:10:50.702+0200] {processor.py:840} INFO - DAG(s) 'tutorial_dag' retrieved from /Users/pablofrancoherrero/prueba_tecnica/venv/lib/python3.11/site-packages/airflow/example_dags/tutorial_dag.py
[2026-04-29T09:10:50.727+0200] {logging_mixin.py:188} INFO - [2026-04-29T09:10:50.727+0200] {dag.py:3096} INFO - Sync 1 DAGs
[2026-04-29T09:10:50.730+0200] {logging_mixin.py:188} INFO - [2026-04-29T09:10:50.730+0200] {dag.py:3954} INFO - Setting next_dagrun for tutorial_dag to None, run_after=None
[2026-04-29T09:10:50.734+0200] {processor.py:183} INFO - Processing /Users/pablofrancoherrero/prueba_tecnica/venv/lib/python3.11/site-packages/airflow/example_dags/tutorial_dag.py took 0.042 seconds
[2026-04-29T09:11:33.913+0200] {processor.py:161} INFO - Started process (PID=81142) to work on /Users/pablofrancoherrero/prueba_tecnica/venv/lib/python3.11/site-packages/airflow/example_dags/tutorial_dag.py
[2026-04-29T09:11:33.914+0200] {processor.py:830} INFO - Processing file /Users/pablofrancoherrero/prueba_tecnica/venv/lib/python3.11/site-packages/airflow/example_dags/tutorial_dag.py for tasks to queue
[2026-04-29T09:11:33.914+0200] {logging_mixin.py:188} INFO - [2026-04-29T09:11:33.914+0200] {dagbag.py:540} INFO - Filling up the DagBag from /Users/pablofrancoherrero/prueba_tecnica/venv/lib/python3.11/site-packages/airflow/example_dags/tutorial_dag.py
[2026-04-29T09:11:33.923+0200] {processor.py:840} INFO - DAG(s) 'tutorial_dag' retrieved from /Users/pablofrancoherrero/prueba_tecnica/venv/lib/python3.11/site-packages/airflow/example_dags/tutorial_dag.py
[2026-04-29T09:11:33.953+0200] {logging_mixin.py:188} INFO - [2026-04-29T09:11:33.953+0200] {dag.py:3096} INFO - Sync 1 DAGs
[2026-04-29T09:11:33.956+0200] {logging_mixin.py:188} INFO - [2026-04-29T09:11:33.956+0200] {dag.py:3954} INFO - Setting next_dagrun for tutorial_dag to None, run_after=None
[2026-04-29T09:11:33.961+0200] {processor.py:183} INFO - Processing /Users/pablofrancoherrero/prueba_tecnica/venv/lib/python3.11/site-packages/airflow/example_dags/tutorial_dag.py took 0.050 seconds
[2026-04-29T09:12:53.268+0200] {processor.py:161} INFO - Started process (PID=81240) to work on /Users/pablofrancoherrero/prueba_tecnica/venv/lib/python3.11/site-packages/airflow/example_dags/tutorial_dag.py
[2026-04-29T09:12:53.269+0200] {processor.py:830} INFO - Processing file /Users/pablofrancoherrero/prueba_tecnica/venv/lib/python3.11/site-packages/airflow/example_dags/tutorial_dag.py for tasks to queue
[2026-04-29T09:12:53.270+0200] {logging_mixin.py:188} INFO - [2026-04-29T09:12:53.270+0200] {dagbag.py:540} INFO - Filling up the DagBag from /Users/pablofrancoherrero/prueba_tecnica/venv/lib/python3.11/site-packages/airflow/example_dags/tutorial_dag.py
[2026-04-29T09:12:53.278+0200] {processor.py:840} INFO - DAG(s) 'tutorial_dag' retrieved from /Users/pablofrancoherrero/prueba_tecnica/venv/lib/python3.11/site-packages/airflow/example_dags/tutorial_dag.py
[2026-04-29T09:12:53.303+0200] {logging_mixin.py:188} INFO - [2026-04-29T09:12:53.303+0200] {dag.py:3096} INFO - Sync 1 DAGs
[2026-04-29T09:12:53.306+0200] {logging_mixin.py:188} INFO - [2026-04-29T09:12:53.306+0200] {dag.py:3954} INFO - Setting next_dagrun for tutorial_dag to None, run_after=None
[2026-04-29T09:12:53.310+0200] {processor.py:183} INFO - Processing /Users/pablofrancoherrero/prueba_tecnica/venv/lib/python3.11/site-packages/airflow/example_dags/tutorial_dag.py took 0.043 seconds
[2026-04-29T09:13:34.756+0200] {processor.py:161} INFO - Started process (PID=81280) to work on /Users/pablofrancoherrero/prueba_tecnica/venv/lib/python3.11/site-packages/airflow/example_dags/tutorial_dag.py
[2026-04-29T09:13:34.757+0200] {processor.py:830} INFO - Processing file /Users/pablofrancoherrero/prueba_tecnica/venv/lib/python3.11/site-packages/airflow/example_dags/tutorial_dag.py for tasks to queue
[2026-04-29T09:13:34.757+0200] {logging_mixin.py:188} INFO - [2026-04-29T09:13:34.757+0200] {dagbag.py:540} INFO - Filling up the DagBag from /Users/pablofrancoherrero/prueba_tecnica/venv/lib/python3.11/site-packages/airflow/example_dags/tutorial_dag.py
[2026-04-29T09:13:34.766+0200] {processor.py:840} INFO - DAG(s) 'tutorial_dag' retrieved from /Users/pablofrancoherrero/prueba_tecnica/venv/lib/python3.11/site-packages/airflow/example_dags/tutorial_dag.py
[2026-04-29T09:13:34.793+0200] {logging_mixin.py:188} INFO - [2026-04-29T09:13:34.793+0200] {dag.py:3096} INFO - Sync 1 DAGs
[2026-04-29T09:13:34.796+0200] {logging_mixin.py:188} INFO - [2026-04-29T09:13:34.796+0200] {dag.py:3954} INFO - Setting next_dagrun for tutorial_dag to None, run_after=None
[2026-04-29T09:13:34.802+0200] {processor.py:183} INFO - Processing /Users/pablofrancoherrero/prueba_tecnica/venv/lib/python3.11/site-packages/airflow/example_dags/tutorial_dag.py took 0.047 seconds
[2026-04-29T09:14:55.408+0200] {processor.py:161} INFO - Started process (PID=81393) to work on /Users/pablofrancoherrero/prueba_tecnica/venv/lib/python3.11/site-packages/airflow/example_dags/tutorial_dag.py
[2026-04-29T09:14:55.409+0200] {processor.py:830} INFO - Processing file /Users/pablofrancoherrero/prueba_tecnica/venv/lib/python3.11/site-packages/airflow/example_dags/tutorial_dag.py for tasks to queue
[2026-04-29T09:14:55.409+0200] {logging_mixin.py:188} INFO - [2026-04-29T09:14:55.409+0200] {dagbag.py:540} INFO - Filling up the DagBag from /Users/pablofrancoherrero/prueba_tecnica/venv/lib/python3.11/site-packages/airflow/example_dags/tutorial_dag.py
[2026-04-29T09:14:55.418+0200] {processor.py:840} INFO - DAG(s) 'tutorial_dag' retrieved from /Users/pablofrancoherrero/prueba_tecnica/venv/lib/python3.11/site-packages/airflow/example_dags/tutorial_dag.py
[2026-04-29T09:14:55.446+0200] {logging_mixin.py:188} INFO - [2026-04-29T09:14:55.445+0200] {dag.py:3096} INFO - Sync 1 DAGs
[2026-04-29T09:14:55.449+0200] {logging_mixin.py:188} INFO - [2026-04-29T09:14:55.449+0200] {dag.py:3954} INFO - Setting next_dagrun for tutorial_dag to None, run_after=None
[2026-04-29T09:14:55.454+0200] {processor.py:183} INFO - Processing /Users/pablofrancoherrero/prueba_tecnica/venv/lib/python3.11/site-packages/airflow/example_dags/tutorial_dag.py took 0.047 seconds
[2026-04-29T09:16:09.984+0200] {processor.py:161} INFO - Started process (PID=81493) to work on /Users/pablofrancoherrero/prueba_tecnica/venv/lib/python3.11/site-packages/airflow/example_dags/tutorial_dag.py
[2026-04-29T09:16:09.985+0200] {processor.py:830} INFO - Processing file /Users/pablofrancoherrero/prueba_tecnica/venv/lib/python3.11/site-packages/airflow/example_dags/tutorial_dag.py for tasks to queue
[2026-04-29T09:16:09.986+0200] {logging_mixin.py:188} INFO - [2026-04-29T09:16:09.986+0200] {dagbag.py:540} INFO - Filling up the DagBag from /Users/pablofrancoherrero/prueba_tecnica/venv/lib/python3.11/site-packages/airflow/example_dags/tutorial_dag.py
[2026-04-29T09:16:09.994+0200] {processor.py:840} INFO - DAG(s) 'tutorial_dag' retrieved from /Users/pablofrancoherrero/prueba_tecnica/venv/lib/python3.11/site-packages/airflow/example_dags/tutorial_dag.py
[2026-04-29T09:16:10.019+0200] {logging_mixin.py:188} INFO - [2026-04-29T09:16:10.019+0200] {dag.py:3096} INFO - Sync 1 DAGs
[2026-04-29T09:16:10.022+0200] {logging_mixin.py:188} INFO - [2026-04-29T09:16:10.022+0200] {dag.py:3954} INFO - Setting next_dagrun for tutorial_dag to None, run_after=None
[2026-04-29T09:16:10.027+0200] {processor.py:183} INFO - Processing /Users/pablofrancoherrero/prueba_tecnica/venv/lib/python3.11/site-packages/airflow/example_dags/tutorial_dag.py took 0.043 seconds
[2026-04-29T09:17:31.466+0200] {processor.py:161} INFO - Started process (PID=81593) to work on /Users/pablofrancoherrero/prueba_tecnica/venv/lib/python3.11/site-packages/airflow/example_dags/tutorial_dag.py
[2026-04-29T09:17:31.466+0200] {processor.py:830} INFO - Processing file /Users/pablofrancoherrero/prueba_tecnica/venv/lib/python3.11/site-packages/airflow/example_dags/tutorial_dag.py for tasks to queue
[2026-04-29T09:17:31.466+0200] {logging_mixin.py:188} INFO - [2026-04-29T09:17:31.466+0200] {dagbag.py:540} INFO - Filling up the DagBag from /Users/pablofrancoherrero/prueba_tecnica/venv/lib/python3.11/site-packages/airflow/example_dags/tutorial_dag.py
[2026-04-29T09:17:31.476+0200] {processor.py:840} INFO - DAG(s) 'tutorial_dag' retrieved from /Users/pablofrancoherrero/prueba_tecnica/venv/lib/python3.11/site-packages/airflow/example_dags/tutorial_dag.py
[2026-04-29T09:17:31.502+0200] {logging_mixin.py:188} INFO - [2026-04-29T09:17:31.502+0200] {dag.py:3096} INFO - Sync 1 DAGs
[2026-04-29T09:17:31.506+0200] {logging_mixin.py:188} INFO - [2026-04-29T09:17:31.506+0200] {dag.py:3954} INFO - Setting next_dagrun for tutorial_dag to None, run_after=None
[2026-04-29T09:17:31.511+0200] {processor.py:183} INFO - Processing /Users/pablofrancoherrero/prueba_tecnica/venv/lib/python3.11/site-packages/airflow/example_dags/tutorial_dag.py took 0.047 seconds
[2026-04-29T09:18:50.124+0200] {processor.py:161} INFO - Started process (PID=81679) to work on /Users/pablofrancoherrero/prueba_tecnica/venv/lib/python3.11/site-packages/airflow/example_dags/tutorial_dag.py
[2026-04-29T09:18:50.124+0200] {processor.py:830} INFO - Processing file /Users/pablofrancoherrero/prueba_tecnica/venv/lib/python3.11/site-packages/airflow/example_dags/tutorial_dag.py for tasks to queue
[2026-04-29T09:18:50.125+0200] {logging_mixin.py:188} INFO - [2026-04-29T09:18:50.125+0200] {dagbag.py:540} INFO - Filling up the DagBag from /Users/pablofrancoherrero/prueba_tecnica/venv/lib/python3.11/site-packages/airflow/example_dags/tutorial_dag.py
[2026-04-29T09:18:50.133+0200] {processor.py:840} INFO - DAG(s) 'tutorial_dag' retrieved from /Users/pablofrancoherrero/prueba_tecnica/venv/lib/python3.11/site-packages/airflow/example_dags/tutorial_dag.py
[2026-04-29T09:18:50.158+0200] {logging_mixin.py:188} INFO - [2026-04-29T09:18:50.158+0200] {dag.py:3096} INFO - Sync 1 DAGs
[2026-04-29T09:18:50.161+0200] {logging_mixin.py:188} INFO - [2026-04-29T09:18:50.161+0200] {dag.py:3954} INFO - Setting next_dagrun for tutorial_dag to None, run_after=None
[2026-04-29T09:18:50.166+0200] {processor.py:183} INFO - Processing /Users/pablofrancoherrero/prueba_tecnica/venv/lib/python3.11/site-packages/airflow/example_dags/tutorial_dag.py took 0.042 seconds
[2026-04-29T09:19:32.827+0200] {processor.py:161} INFO - Started process (PID=81724) to work on /Users/pablofrancoherrero/prueba_tecnica/venv/lib/python3.11/site-packages/airflow/example_dags/tutorial_dag.py
[2026-04-29T09:19:32.827+0200] {processor.py:830} INFO - Processing file /Users/pablofrancoherrero/prueba_tecnica/venv/lib/python3.11/site-packages/airflow/example_dags/tutorial_dag.py for tasks to queue
[2026-04-29T09:19:32.827+0200] {logging_mixin.py:188} INFO - [2026-04-29T09:19:32.827+0200] {dagbag.py:540} INFO - Filling up the DagBag from /Users/pablofrancoherrero/prueba_tecnica/venv/lib/python3.11/site-packages/airflow/example_dags/tutorial_dag.py
[2026-04-29T09:19:32.836+0200] {processor.py:840} INFO - DAG(s) 'tutorial_dag' retrieved from /Users/pablofrancoherrero/prueba_tecnica/venv/lib/python3.11/site-packages/airflow/example_dags/tutorial_dag.py
[2026-04-29T09:19:32.861+0200] {logging_mixin.py:188} INFO - [2026-04-29T09:19:32.861+0200] {dag.py:3096} INFO - Sync 1 DAGs
[2026-04-29T09:19:32.869+0200] {logging_mixin.py:188} INFO - [2026-04-29T09:19:32.869+0200] {dag.py:3954} INFO - Setting next_dagrun for tutorial_dag to None, run_after=None
[2026-04-29T09:19:32.874+0200] {processor.py:183} INFO - Processing /Users/pablofrancoherrero/prueba_tecnica/venv/lib/python3.11/site-packages/airflow/example_dags/tutorial_dag.py took 0.049 seconds
[2026-04-29T09:20:15.734+0200] {processor.py:161} INFO - Started process (PID=81769) to work on /Users/pablofrancoherrero/prueba_tecnica/venv/lib/python3.11/site-packages/airflow/example_dags/tutorial_dag.py
[2026-04-29T09:20:15.735+0200] {processor.py:830} INFO - Processing file /Users/pablofrancoherrero/prueba_tecnica/venv/lib/python3.11/site-packages/airflow/example_dags/tutorial_dag.py for tasks to queue
[2026-04-29T09:20:15.735+0200] {logging_mixin.py:188} INFO - [2026-04-29T09:20:15.735+0200] {dagbag.py:540} INFO - Filling up the DagBag from /Users/pablofrancoherrero/prueba_tecnica/venv/lib/python3.11/site-packages/airflow/example_dags/tutorial_dag.py
[2026-04-29T09:20:15.743+0200] {processor.py:840} INFO - DAG(s) 'tutorial_dag' retrieved from /Users/pablofrancoherrero/prueba_tecnica/venv/lib/python3.11/site-packages/airflow/example_dags/tutorial_dag.py
[2026-04-29T09:20:15.769+0200] {logging_mixin.py:188} INFO - [2026-04-29T09:20:15.769+0200] {dag.py:3096} INFO - Sync 1 DAGs
[2026-04-29T09:20:15.772+0200] {logging_mixin.py:188} INFO - [2026-04-29T09:20:15.772+0200] {dag.py:3954} INFO - Setting next_dagrun for tutorial_dag to None, run_after=None
[2026-04-29T09:20:15.776+0200] {processor.py:183} INFO - Processing /Users/pablofrancoherrero/prueba_tecnica/venv/lib/python3.11/site-packages/airflow/example_dags/tutorial_dag.py took 0.044 seconds
[2026-04-29T09:20:58.050+0200] {processor.py:161} INFO - Started process (PID=81846) to work on /Users/pablofrancoherrero/prueba_tecnica/venv/lib/python3.11/site-packages/airflow/example_dags/tutorial_dag.py
[2026-04-29T09:20:58.051+0200] {processor.py:830} INFO - Processing file /Users/pablofrancoherrero/prueba_tecnica/venv/lib/python3.11/site-packages/airflow/example_dags/tutorial_dag.py for tasks to queue
[2026-04-29T09:20:58.051+0200] {logging_mixin.py:188} INFO - [2026-04-29T09:20:58.051+0200] {dagbag.py:540} INFO - Filling up the DagBag from /Users/pablofrancoherrero/prueba_tecnica/venv/lib/python3.11/site-packages/airflow/example_dags/tutorial_dag.py
[2026-04-29T09:20:58.059+0200] {processor.py:840} INFO - DAG(s) 'tutorial_dag' retrieved from /Users/pablofrancoherrero/prueba_tecnica/venv/lib/python3.11/site-packages/airflow/example_dags/tutorial_dag.py
[2026-04-29T09:20:58.084+0200] {logging_mixin.py:188} INFO - [2026-04-29T09:20:58.083+0200] {dag.py:3096} INFO - Sync 1 DAGs
[2026-04-29T09:20:58.086+0200] {logging_mixin.py:188} INFO - [2026-04-29T09:20:58.086+0200] {dag.py:3954} INFO - Setting next_dagrun for tutorial_dag to None, run_after=None
[2026-04-29T09:20:58.091+0200] {processor.py:183} INFO - Processing /Users/pablofrancoherrero/prueba_tecnica/venv/lib/python3.11/site-packages/airflow/example_dags/tutorial_dag.py took 0.042 seconds
[2026-04-29T09:22:20.910+0200] {processor.py:161} INFO - Started process (PID=81946) to work on /Users/pablofrancoherrero/prueba_tecnica/venv/lib/python3.11/site-packages/airflow/example_dags/tutorial_dag.py
[2026-04-29T09:22:20.911+0200] {processor.py:830} INFO - Processing file /Users/pablofrancoherrero/prueba_tecnica/venv/lib/python3.11/site-packages/airflow/example_dags/tutorial_dag.py for tasks to queue
[2026-04-29T09:22:20.911+0200] {logging_mixin.py:188} INFO - [2026-04-29T09:22:20.911+0200] {dagbag.py:540} INFO - Filling up the DagBag from /Users/pablofrancoherrero/prueba_tecnica/venv/lib/python3.11/site-packages/airflow/example_dags/tutorial_dag.py
[2026-04-29T09:22:20.919+0200] {processor.py:840} INFO - DAG(s) 'tutorial_dag' retrieved from /Users/pablofrancoherrero/prueba_tecnica/venv/lib/python3.11/site-packages/airflow/example_dags/tutorial_dag.py
[2026-04-29T09:22:20.944+0200] {logging_mixin.py:188} INFO - [2026-04-29T09:22:20.944+0200] {dag.py:3096} INFO - Sync 1 DAGs
[2026-04-29T09:22:20.947+0200] {logging_mixin.py:188} INFO - [2026-04-29T09:22:20.947+0200] {dag.py:3954} INFO - Setting next_dagrun for tutorial_dag to None, run_after=None
[2026-04-29T09:22:20.952+0200] {processor.py:183} INFO - Processing /Users/pablofrancoherrero/prueba_tecnica/venv/lib/python3.11/site-packages/airflow/example_dags/tutorial_dag.py took 0.042 seconds
[2026-04-29T09:23:04.098+0200] {processor.py:161} INFO - Started process (PID=82000) to work on /Users/pablofrancoherrero/prueba_tecnica/venv/lib/python3.11/site-packages/airflow/example_dags/tutorial_dag.py
[2026-04-29T09:23:04.099+0200] {processor.py:830} INFO - Processing file /Users/pablofrancoherrero/prueba_tecnica/venv/lib/python3.11/site-packages/airflow/example_dags/tutorial_dag.py for tasks to queue
[2026-04-29T09:23:04.099+0200] {logging_mixin.py:188} INFO - [2026-04-29T09:23:04.099+0200] {dagbag.py:540} INFO - Filling up the DagBag from /Users/pablofrancoherrero/prueba_tecnica/venv/lib/python3.11/site-packages/airflow/example_dags/tutorial_dag.py
[2026-04-29T09:23:04.107+0200] {processor.py:840} INFO - DAG(s) 'tutorial_dag' retrieved from /Users/pablofrancoherrero/prueba_tecnica/venv/lib/python3.11/site-packages/airflow/example_dags/tutorial_dag.py
[2026-04-29T09:23:04.133+0200] {logging_mixin.py:188} INFO - [2026-04-29T09:23:04.133+0200] {dag.py:3096} INFO - Sync 1 DAGs
[2026-04-29T09:23:04.136+0200] {logging_mixin.py:188} INFO - [2026-04-29T09:23:04.136+0200] {dag.py:3954} INFO - Setting next_dagrun for tutorial_dag to None, run_after=None
[2026-04-29T09:23:04.141+0200] {processor.py:183} INFO - Processing /Users/pablofrancoherrero/prueba_tecnica/venv/lib/python3.11/site-packages/airflow/example_dags/tutorial_dag.py took 0.044 seconds
[2026-04-29T09:24:25.248+0200] {processor.py:161} INFO - Started process (PID=82112) to work on /Users/pablofrancoherrero/prueba_tecnica/venv/lib/python3.11/site-packages/airflow/example_dags/tutorial_dag.py
[2026-04-29T09:24:25.249+0200] {processor.py:830} INFO - Processing file /Users/pablofrancoherrero/prueba_tecnica/venv/lib/python3.11/site-packages/airflow/example_dags/tutorial_dag.py for tasks to queue
[2026-04-29T09:24:25.249+0200] {logging_mixin.py:188} INFO - [2026-04-29T09:24:25.249+0200] {dagbag.py:540} INFO - Filling up the DagBag from /Users/pablofrancoherrero/prueba_tecnica/venv/lib/python3.11/site-packages/airflow/example_dags/tutorial_dag.py
[2026-04-29T09:24:25.257+0200] {processor.py:840} INFO - DAG(s) 'tutorial_dag' retrieved from /Users/pablofrancoherrero/prueba_tecnica/venv/lib/python3.11/site-packages/airflow/example_dags/tutorial_dag.py
[2026-04-29T09:24:25.283+0200] {logging_mixin.py:188} INFO - [2026-04-29T09:24:25.283+0200] {dag.py:3096} INFO - Sync 1 DAGs
[2026-04-29T09:24:25.286+0200] {logging_mixin.py:188} INFO - [2026-04-29T09:24:25.286+0200] {dag.py:3954} INFO - Setting next_dagrun for tutorial_dag to None, run_after=None
[2026-04-29T09:24:25.290+0200] {processor.py:183} INFO - Processing /Users/pablofrancoherrero/prueba_tecnica/venv/lib/python3.11/site-packages/airflow/example_dags/tutorial_dag.py took 0.043 seconds
[2026-04-29T09:25:07.574+0200] {processor.py:161} INFO - Started process (PID=82156) to work on /Users/pablofrancoherrero/prueba_tecnica/venv/lib/python3.11/site-packages/airflow/example_dags/tutorial_dag.py
[2026-04-29T09:25:07.575+0200] {processor.py:830} INFO - Processing file /Users/pablofrancoherrero/prueba_tecnica/venv/lib/python3.11/site-packages/airflow/example_dags/tutorial_dag.py for tasks to queue
[2026-04-29T09:25:07.575+0200] {logging_mixin.py:188} INFO - [2026-04-29T09:25:07.575+0200] {dagbag.py:540} INFO - Filling up the DagBag from /Users/pablofrancoherrero/prueba_tecnica/venv/lib/python3.11/site-packages/airflow/example_dags/tutorial_dag.py
[2026-04-29T09:25:07.586+0200] {processor.py:840} INFO - DAG(s) 'tutorial_dag' retrieved from /Users/pablofrancoherrero/prueba_tecnica/venv/lib/python3.11/site-packages/airflow/example_dags/tutorial_dag.py
[2026-04-29T09:25:07.613+0200] {logging_mixin.py:188} INFO - [2026-04-29T09:25:07.613+0200] {dag.py:3096} INFO - Sync 1 DAGs
[2026-04-29T09:25:07.616+0200] {logging_mixin.py:188} INFO - [2026-04-29T09:25:07.616+0200] {dag.py:3954} INFO - Setting next_dagrun for tutorial_dag to None, run_after=None
[2026-04-29T09:25:07.621+0200] {processor.py:183} INFO - Processing /Users/pablofrancoherrero/prueba_tecnica/venv/lib/python3.11/site-packages/airflow/example_dags/tutorial_dag.py took 0.047 seconds
[2026-04-29T09:25:50.284+0200] {processor.py:161} INFO - Started process (PID=82219) to work on /Users/pablofrancoherrero/prueba_tecnica/venv/lib/python3.11/site-packages/airflow/example_dags/tutorial_dag.py
[2026-04-29T09:25:50.285+0200] {processor.py:830} INFO - Processing file /Users/pablofrancoherrero/prueba_tecnica/venv/lib/python3.11/site-packages/airflow/example_dags/tutorial_dag.py for tasks to queue
[2026-04-29T09:25:50.285+0200] {logging_mixin.py:188} INFO - [2026-04-29T09:25:50.285+0200] {dagbag.py:540} INFO - Filling up the DagBag from /Users/pablofrancoherrero/prueba_tecnica/venv/lib/python3.11/site-packages/airflow/example_dags/tutorial_dag.py
[2026-04-29T09:25:50.293+0200] {processor.py:840} INFO - DAG(s) 'tutorial_dag' retrieved from /Users/pablofrancoherrero/prueba_tecnica/venv/lib/python3.11/site-packages/airflow/example_dags/tutorial_dag.py
[2026-04-29T09:25:50.319+0200] {logging_mixin.py:188} INFO - [2026-04-29T09:25:50.319+0200] {dag.py:3096} INFO - Sync 1 DAGs
[2026-04-29T09:25:50.322+0200] {logging_mixin.py:188} INFO - [2026-04-29T09:25:50.322+0200] {dag.py:3954} INFO - Setting next_dagrun for tutorial_dag to None, run_after=None
[2026-04-29T09:25:50.327+0200] {processor.py:183} INFO - Processing /Users/pablofrancoherrero/prueba_tecnica/venv/lib/python3.11/site-packages/airflow/example_dags/tutorial_dag.py took 0.044 seconds
[2026-04-29T09:27:14.297+0200] {processor.py:161} INFO - Started process (PID=82346) to work on /Users/pablofrancoherrero/prueba_tecnica/venv/lib/python3.11/site-packages/airflow/example_dags/tutorial_dag.py
[2026-04-29T09:27:14.297+0200] {processor.py:830} INFO - Processing file /Users/pablofrancoherrero/prueba_tecnica/venv/lib/python3.11/site-packages/airflow/example_dags/tutorial_dag.py for tasks to queue
[2026-04-29T09:27:14.297+0200] {logging_mixin.py:188} INFO - [2026-04-29T09:27:14.297+0200] {dagbag.py:540} INFO - Filling up the DagBag from /Users/pablofrancoherrero/prueba_tecnica/venv/lib/python3.11/site-packages/airflow/example_dags/tutorial_dag.py
[2026-04-29T09:27:14.305+0200] {processor.py:840} INFO - DAG(s) 'tutorial_dag' retrieved from /Users/pablofrancoherrero/prueba_tecnica/venv/lib/python3.11/site-packages/airflow/example_dags/tutorial_dag.py
[2026-04-29T09:27:14.331+0200] {logging_mixin.py:188} INFO - [2026-04-29T09:27:14.331+0200] {dag.py:3096} INFO - Sync 1 DAGs
[2026-04-29T09:27:14.333+0200] {logging_mixin.py:188} INFO - [2026-04-29T09:27:14.333+0200] {dag.py:3954} INFO - Setting next_dagrun for tutorial_dag to None, run_after=None
[2026-04-29T09:27:14.338+0200] {processor.py:183} INFO - Processing /Users/pablofrancoherrero/prueba_tecnica/venv/lib/python3.11/site-packages/airflow/example_dags/tutorial_dag.py took 0.043 seconds
[2026-04-29T09:28:34.874+0200] {processor.py:161} INFO - Started process (PID=82439) to work on /Users/pablofrancoherrero/prueba_tecnica/venv/lib/python3.11/site-packages/airflow/example_dags/tutorial_dag.py
[2026-04-29T09:28:34.875+0200] {processor.py:830} INFO - Processing file /Users/pablofrancoherrero/prueba_tecnica/venv/lib/python3.11/site-packages/airflow/example_dags/tutorial_dag.py for tasks to queue
[2026-04-29T09:28:34.875+0200] {logging_mixin.py:188} INFO - [2026-04-29T09:28:34.875+0200] {dagbag.py:540} INFO - Filling up the DagBag from /Users/pablofrancoherrero/prueba_tecnica/venv/lib/python3.11/site-packages/airflow/example_dags/tutorial_dag.py
[2026-04-29T09:28:34.883+0200] {processor.py:840} INFO - DAG(s) 'tutorial_dag' retrieved from /Users/pablofrancoherrero/prueba_tecnica/venv/lib/python3.11/site-packages/airflow/example_dags/tutorial_dag.py
[2026-04-29T09:28:34.909+0200] {logging_mixin.py:188} INFO - [2026-04-29T09:28:34.909+0200] {dag.py:3096} INFO - Sync 1 DAGs
[2026-04-29T09:28:34.912+0200] {logging_mixin.py:188} INFO - [2026-04-29T09:28:34.912+0200] {dag.py:3954} INFO - Setting next_dagrun for tutorial_dag to None, run_after=None
[2026-04-29T09:28:34.917+0200] {processor.py:183} INFO - Processing /Users/pablofrancoherrero/prueba_tecnica/venv/lib/python3.11/site-packages/airflow/example_dags/tutorial_dag.py took 0.044 seconds
[2026-04-29T09:29:57.379+0200] {processor.py:161} INFO - Started process (PID=82532) to work on /Users/pablofrancoherrero/prueba_tecnica/venv/lib/python3.11/site-packages/airflow/example_dags/tutorial_dag.py
[2026-04-29T09:29:57.380+0200] {processor.py:830} INFO - Processing file /Users/pablofrancoherrero/prueba_tecnica/venv/lib/python3.11/site-packages/airflow/example_dags/tutorial_dag.py for tasks to queue
[2026-04-29T09:29:57.380+0200] {logging_mixin.py:188} INFO - [2026-04-29T09:29:57.380+0200] {dagbag.py:540} INFO - Filling up the DagBag from /Users/pablofrancoherrero/prueba_tecnica/venv/lib/python3.11/site-packages/airflow/example_dags/tutorial_dag.py
[2026-04-29T09:29:57.388+0200] {processor.py:840} INFO - DAG(s) 'tutorial_dag' retrieved from /Users/pablofrancoherrero/prueba_tecnica/venv/lib/python3.11/site-packages/airflow/example_dags/tutorial_dag.py
[2026-04-29T09:29:57.413+0200] {logging_mixin.py:188} INFO - [2026-04-29T09:29:57.413+0200] {dag.py:3096} INFO - Sync 1 DAGs
[2026-04-29T09:29:57.416+0200] {logging_mixin.py:188} INFO - [2026-04-29T09:29:57.416+0200] {dag.py:3954} INFO - Setting next_dagrun for tutorial_dag to None, run_after=None
[2026-04-29T09:29:57.421+0200] {processor.py:183} INFO - Processing /Users/pablofrancoherrero/prueba_tecnica/venv/lib/python3.11/site-packages/airflow/example_dags/tutorial_dag.py took 0.042 seconds
[2026-04-29T09:31:19.732+0200] {processor.py:161} INFO - Started process (PID=82650) to work on /Users/pablofrancoherrero/prueba_tecnica/venv/lib/python3.11/site-packages/airflow/example_dags/tutorial_dag.py
[2026-04-29T09:31:19.732+0200] {processor.py:830} INFO - Processing file /Users/pablofrancoherrero/prueba_tecnica/venv/lib/python3.11/site-packages/airflow/example_dags/tutorial_dag.py for tasks to queue
[2026-04-29T09:31:19.733+0200] {logging_mixin.py:188} INFO - [2026-04-29T09:31:19.733+0200] {dagbag.py:540} INFO - Filling up the DagBag from /Users/pablofrancoherrero/prueba_tecnica/venv/lib/python3.11/site-packages/airflow/example_dags/tutorial_dag.py
[2026-04-29T09:31:19.740+0200] {processor.py:840} INFO - DAG(s) 'tutorial_dag' retrieved from /Users/pablofrancoherrero/prueba_tecnica/venv/lib/python3.11/site-packages/airflow/example_dags/tutorial_dag.py
[2026-04-29T09:31:19.765+0200] {logging_mixin.py:188} INFO - [2026-04-29T09:31:19.765+0200] {dag.py:3096} INFO - Sync 1 DAGs
[2026-04-29T09:31:19.768+0200] {logging_mixin.py:188} INFO - [2026-04-29T09:31:19.768+0200] {dag.py:3954} INFO - Setting next_dagrun for tutorial_dag to None, run_after=None
[2026-04-29T09:31:19.773+0200] {processor.py:183} INFO - Processing /Users/pablofrancoherrero/prueba_tecnica/venv/lib/python3.11/site-packages/airflow/example_dags/tutorial_dag.py took 0.042 seconds
[2026-04-29T09:32:41.227+0200] {processor.py:161} INFO - Started process (PID=82750) to work on /Users/pablofrancoherrero/prueba_tecnica/venv/lib/python3.11/site-packages/airflow/example_dags/tutorial_dag.py
[2026-04-29T09:32:41.229+0200] {processor.py:830} INFO - Processing file /Users/pablofrancoherrero/prueba_tecnica/venv/lib/python3.11/site-packages/airflow/example_dags/tutorial_dag.py for tasks to queue
[2026-04-29T09:32:41.229+0200] {logging_mixin.py:188} INFO - [2026-04-29T09:32:41.229+0200] {dagbag.py:540} INFO - Filling up the DagBag from /Users/pablofrancoherrero/prueba_tecnica/venv/lib/python3.11/site-packages/airflow/example_dags/tutorial_dag.py
[2026-04-29T09:32:41.237+0200] {processor.py:840} INFO - DAG(s) 'tutorial_dag' retrieved from /Users/pablofrancoherrero/prueba_tecnica/venv/lib/python3.11/site-packages/airflow/example_dags/tutorial_dag.py
[2026-04-29T09:32:41.261+0200] {logging_mixin.py:188} INFO - [2026-04-29T09:32:41.261+0200] {dag.py:3096} INFO - Sync 1 DAGs
[2026-04-29T09:32:41.264+0200] {logging_mixin.py:188} INFO - [2026-04-29T09:32:41.264+0200] {dag.py:3954} INFO - Setting next_dagrun for tutorial_dag to None, run_after=None
[2026-04-29T09:32:41.269+0200] {processor.py:183} INFO - Processing /Users/pablofrancoherrero/prueba_tecnica/venv/lib/python3.11/site-packages/airflow/example_dags/tutorial_dag.py took 0.042 seconds
[2026-04-29T09:33:22.114+0200] {processor.py:161} INFO - Started process (PID=82792) to work on /Users/pablofrancoherrero/prueba_tecnica/venv/lib/python3.11/site-packages/airflow/example_dags/tutorial_dag.py
[2026-04-29T09:33:22.115+0200] {processor.py:830} INFO - Processing file /Users/pablofrancoherrero/prueba_tecnica/venv/lib/python3.11/site-packages/airflow/example_dags/tutorial_dag.py for tasks to queue
[2026-04-29T09:33:22.115+0200] {logging_mixin.py:188} INFO - [2026-04-29T09:33:22.115+0200] {dagbag.py:540} INFO - Filling up the DagBag from /Users/pablofrancoherrero/prueba_tecnica/venv/lib/python3.11/site-packages/airflow/example_dags/tutorial_dag.py
[2026-04-29T09:33:22.123+0200] {processor.py:840} INFO - DAG(s) 'tutorial_dag' retrieved from /Users/pablofrancoherrero/prueba_tecnica/venv/lib/python3.11/site-packages/airflow/example_dags/tutorial_dag.py
[2026-04-29T09:33:22.149+0200] {logging_mixin.py:188} INFO - [2026-04-29T09:33:22.149+0200] {dag.py:3096} INFO - Sync 1 DAGs
[2026-04-29T09:33:22.152+0200] {logging_mixin.py:188} INFO - [2026-04-29T09:33:22.152+0200] {dag.py:3954} INFO - Setting next_dagrun for tutorial_dag to None, run_after=None
[2026-04-29T09:33:22.157+0200] {processor.py:183} INFO - Processing /Users/pablofrancoherrero/prueba_tecnica/venv/lib/python3.11/site-packages/airflow/example_dags/tutorial_dag.py took 0.044 seconds
[2026-04-29T09:34:45.245+0200] {processor.py:161} INFO - Started process (PID=82885) to work on /Users/pablofrancoherrero/prueba_tecnica/venv/lib/python3.11/site-packages/airflow/example_dags/tutorial_dag.py
[2026-04-29T09:34:45.246+0200] {processor.py:830} INFO - Processing file /Users/pablofrancoherrero/prueba_tecnica/venv/lib/python3.11/site-packages/airflow/example_dags/tutorial_dag.py for tasks to queue
[2026-04-29T09:34:45.247+0200] {logging_mixin.py:188} INFO - [2026-04-29T09:34:45.247+0200] {dagbag.py:540} INFO - Filling up the DagBag from /Users/pablofrancoherrero/prueba_tecnica/venv/lib/python3.11/site-packages/airflow/example_dags/tutorial_dag.py
[2026-04-29T09:34:45.255+0200] {processor.py:840} INFO - DAG(s) 'tutorial_dag' retrieved from /Users/pablofrancoherrero/prueba_tecnica/venv/lib/python3.11/site-packages/airflow/example_dags/tutorial_dag.py
[2026-04-29T09:34:45.279+0200] {logging_mixin.py:188} INFO - [2026-04-29T09:34:45.279+0200] {dag.py:3096} INFO - Sync 1 DAGs
[2026-04-29T09:34:45.282+0200] {logging_mixin.py:188} INFO - [2026-04-29T09:34:45.282+0200] {dag.py:3954} INFO - Setting next_dagrun for tutorial_dag to None, run_after=None
[2026-04-29T09:34:45.287+0200] {processor.py:183} INFO - Processing /Users/pablofrancoherrero/prueba_tecnica/venv/lib/python3.11/site-packages/airflow/example_dags/tutorial_dag.py took 0.043 seconds
[2026-04-29T09:36:06.869+0200] {processor.py:161} INFO - Started process (PID=82985) to work on /Users/pablofrancoherrero/prueba_tecnica/venv/lib/python3.11/site-packages/airflow/example_dags/tutorial_dag.py
[2026-04-29T09:36:06.870+0200] {processor.py:830} INFO - Processing file /Users/pablofrancoherrero/prueba_tecnica/venv/lib/python3.11/site-packages/airflow/example_dags/tutorial_dag.py for tasks to queue
[2026-04-29T09:36:06.870+0200] {logging_mixin.py:188} INFO - [2026-04-29T09:36:06.870+0200] {dagbag.py:540} INFO - Filling up the DagBag from /Users/pablofrancoherrero/prueba_tecnica/venv/lib/python3.11/site-packages/airflow/example_dags/tutorial_dag.py
[2026-04-29T09:36:06.878+0200] {processor.py:840} INFO - DAG(s) 'tutorial_dag' retrieved from /Users/pablofrancoherrero/prueba_tecnica/venv/lib/python3.11/site-packages/airflow/example_dags/tutorial_dag.py
[2026-04-29T09:36:06.904+0200] {logging_mixin.py:188} INFO - [2026-04-29T09:36:06.904+0200] {dag.py:3096} INFO - Sync 1 DAGs
[2026-04-29T09:36:06.907+0200] {logging_mixin.py:188} INFO - [2026-04-29T09:36:06.907+0200] {dag.py:3954} INFO - Setting next_dagrun for tutorial_dag to None, run_after=None
[2026-04-29T09:36:06.912+0200] {processor.py:183} INFO - Processing /Users/pablofrancoherrero/prueba_tecnica/venv/lib/python3.11/site-packages/airflow/example_dags/tutorial_dag.py took 0.043 seconds
[2026-04-29T09:38:54.292+0200] {processor.py:161} INFO - Started process (PID=83078) to work on /Users/pablofrancoherrero/prueba_tecnica/venv/lib/python3.11/site-packages/airflow/example_dags/tutorial_dag.py
[2026-04-29T09:38:54.293+0200] {processor.py:830} INFO - Processing file /Users/pablofrancoherrero/prueba_tecnica/venv/lib/python3.11/site-packages/airflow/example_dags/tutorial_dag.py for tasks to queue
[2026-04-29T09:38:54.293+0200] {logging_mixin.py:188} INFO - [2026-04-29T09:38:54.293+0200] {dagbag.py:540} INFO - Filling up the DagBag from /Users/pablofrancoherrero/prueba_tecnica/venv/lib/python3.11/site-packages/airflow/example_dags/tutorial_dag.py
[2026-04-29T09:38:54.301+0200] {processor.py:840} INFO - DAG(s) 'tutorial_dag' retrieved from /Users/pablofrancoherrero/prueba_tecnica/venv/lib/python3.11/site-packages/airflow/example_dags/tutorial_dag.py
[2026-04-29T09:38:54.325+0200] {logging_mixin.py:188} INFO - [2026-04-29T09:38:54.325+0200] {dag.py:3096} INFO - Sync 1 DAGs
[2026-04-29T09:38:54.327+0200] {logging_mixin.py:188} INFO - [2026-04-29T09:38:54.327+0200] {dag.py:3954} INFO - Setting next_dagrun for tutorial_dag to None, run_after=None
[2026-04-29T09:38:54.332+0200] {processor.py:183} INFO - Processing /Users/pablofrancoherrero/prueba_tecnica/venv/lib/python3.11/site-packages/airflow/example_dags/tutorial_dag.py took 0.040 seconds
[2026-04-29T09:39:36.626+0200] {processor.py:161} INFO - Started process (PID=83122) to work on /Users/pablofrancoherrero/prueba_tecnica/venv/lib/python3.11/site-packages/airflow/example_dags/tutorial_dag.py
[2026-04-29T09:39:36.626+0200] {processor.py:830} INFO - Processing file /Users/pablofrancoherrero/prueba_tecnica/venv/lib/python3.11/site-packages/airflow/example_dags/tutorial_dag.py for tasks to queue
[2026-04-29T09:39:36.627+0200] {logging_mixin.py:188} INFO - [2026-04-29T09:39:36.627+0200] {dagbag.py:540} INFO - Filling up the DagBag from /Users/pablofrancoherrero/prueba_tecnica/venv/lib/python3.11/site-packages/airflow/example_dags/tutorial_dag.py
[2026-04-29T09:39:36.635+0200] {processor.py:840} INFO - DAG(s) 'tutorial_dag' retrieved from /Users/pablofrancoherrero/prueba_tecnica/venv/lib/python3.11/site-packages/airflow/example_dags/tutorial_dag.py
[2026-04-29T09:39:36.660+0200] {logging_mixin.py:188} INFO - [2026-04-29T09:39:36.659+0200] {dag.py:3096} INFO - Sync 1 DAGs
[2026-04-29T09:39:36.662+0200] {logging_mixin.py:188} INFO - [2026-04-29T09:39:36.662+0200] {dag.py:3954} INFO - Setting next_dagrun for tutorial_dag to None, run_after=None
[2026-04-29T09:39:36.667+0200] {processor.py:183} INFO - Processing /Users/pablofrancoherrero/prueba_tecnica/venv/lib/python3.11/site-packages/airflow/example_dags/tutorial_dag.py took 0.042 seconds
[2026-04-29T09:45:45.640+0200] {processor.py:161} INFO - Started process (PID=83201) to work on /Users/pablofrancoherrero/prueba_tecnica/venv/lib/python3.11/site-packages/airflow/example_dags/tutorial_dag.py
[2026-04-29T09:45:45.641+0200] {processor.py:830} INFO - Processing file /Users/pablofrancoherrero/prueba_tecnica/venv/lib/python3.11/site-packages/airflow/example_dags/tutorial_dag.py for tasks to queue
[2026-04-29T09:45:45.641+0200] {logging_mixin.py:188} INFO - [2026-04-29T09:45:45.641+0200] {dagbag.py:540} INFO - Filling up the DagBag from /Users/pablofrancoherrero/prueba_tecnica/venv/lib/python3.11/site-packages/airflow/example_dags/tutorial_dag.py
[2026-04-29T09:45:45.649+0200] {processor.py:840} INFO - DAG(s) 'tutorial_dag' retrieved from /Users/pablofrancoherrero/prueba_tecnica/venv/lib/python3.11/site-packages/airflow/example_dags/tutorial_dag.py
[2026-04-29T09:45:45.673+0200] {logging_mixin.py:188} INFO - [2026-04-29T09:45:45.673+0200] {dag.py:3096} INFO - Sync 1 DAGs
[2026-04-29T09:45:45.676+0200] {logging_mixin.py:188} INFO - [2026-04-29T09:45:45.676+0200] {dag.py:3954} INFO - Setting next_dagrun for tutorial_dag to None, run_after=None
[2026-04-29T09:45:45.681+0200] {processor.py:183} INFO - Processing /Users/pablofrancoherrero/prueba_tecnica/venv/lib/python3.11/site-packages/airflow/example_dags/tutorial_dag.py took 0.042 seconds
[2026-04-29T09:47:04.354+0200] {processor.py:161} INFO - Started process (PID=83252) to work on /Users/pablofrancoherrero/prueba_tecnica/venv/lib/python3.11/site-packages/airflow/example_dags/tutorial_dag.py
[2026-04-29T09:47:04.355+0200] {processor.py:830} INFO - Processing file /Users/pablofrancoherrero/prueba_tecnica/venv/lib/python3.11/site-packages/airflow/example_dags/tutorial_dag.py for tasks to queue
[2026-04-29T09:47:04.356+0200] {logging_mixin.py:188} INFO - [2026-04-29T09:47:04.356+0200] {dagbag.py:540} INFO - Filling up the DagBag from /Users/pablofrancoherrero/prueba_tecnica/venv/lib/python3.11/site-packages/airflow/example_dags/tutorial_dag.py
[2026-04-29T09:47:04.363+0200] {processor.py:840} INFO - DAG(s) 'tutorial_dag' retrieved from /Users/pablofrancoherrero/prueba_tecnica/venv/lib/python3.11/site-packages/airflow/example_dags/tutorial_dag.py
[2026-04-29T09:47:04.388+0200] {logging_mixin.py:188} INFO - [2026-04-29T09:47:04.388+0200] {dag.py:3096} INFO - Sync 1 DAGs
[2026-04-29T09:47:04.390+0200] {logging_mixin.py:188} INFO - [2026-04-29T09:47:04.390+0200] {dag.py:3954} INFO - Setting next_dagrun for tutorial_dag to None, run_after=None
[2026-04-29T09:47:04.395+0200] {processor.py:183} INFO - Processing /Users/pablofrancoherrero/prueba_tecnica/venv/lib/python3.11/site-packages/airflow/example_dags/tutorial_dag.py took 0.041 seconds
[2026-04-29T09:52:54.743+0200] {processor.py:161} INFO - Started process (PID=83344) to work on /Users/pablofrancoherrero/prueba_tecnica/venv/lib/python3.11/site-packages/airflow/example_dags/tutorial_dag.py
[2026-04-29T09:52:54.744+0200] {processor.py:830} INFO - Processing file /Users/pablofrancoherrero/prueba_tecnica/venv/lib/python3.11/site-packages/airflow/example_dags/tutorial_dag.py for tasks to queue
[2026-04-29T09:52:54.744+0200] {logging_mixin.py:188} INFO - [2026-04-29T09:52:54.744+0200] {dagbag.py:540} INFO - Filling up the DagBag from /Users/pablofrancoherrero/prueba_tecnica/venv/lib/python3.11/site-packages/airflow/example_dags/tutorial_dag.py
[2026-04-29T09:52:54.752+0200] {processor.py:840} INFO - DAG(s) 'tutorial_dag' retrieved from /Users/pablofrancoherrero/prueba_tecnica/venv/lib/python3.11/site-packages/airflow/example_dags/tutorial_dag.py
[2026-04-29T09:52:54.777+0200] {logging_mixin.py:188} INFO - [2026-04-29T09:52:54.777+0200] {dag.py:3096} INFO - Sync 1 DAGs
[2026-04-29T09:52:54.780+0200] {logging_mixin.py:188} INFO - [2026-04-29T09:52:54.780+0200] {dag.py:3954} INFO - Setting next_dagrun for tutorial_dag to None, run_after=None
[2026-04-29T09:52:54.784+0200] {processor.py:183} INFO - Processing /Users/pablofrancoherrero/prueba_tecnica/venv/lib/python3.11/site-packages/airflow/example_dags/tutorial_dag.py took 0.042 seconds
[2026-04-29T10:01:07.088+0200] {processor.py:161} INFO - Started process (PID=83424) to work on /Users/pablofrancoherrero/prueba_tecnica/venv/lib/python3.11/site-packages/airflow/example_dags/tutorial_dag.py
[2026-04-29T10:01:07.089+0200] {processor.py:830} INFO - Processing file /Users/pablofrancoherrero/prueba_tecnica/venv/lib/python3.11/site-packages/airflow/example_dags/tutorial_dag.py for tasks to queue
[2026-04-29T10:01:07.089+0200] {logging_mixin.py:188} INFO - [2026-04-29T10:01:07.089+0200] {dagbag.py:540} INFO - Filling up the DagBag from /Users/pablofrancoherrero/prueba_tecnica/venv/lib/python3.11/site-packages/airflow/example_dags/tutorial_dag.py
[2026-04-29T10:01:07.097+0200] {processor.py:840} INFO - DAG(s) 'tutorial_dag' retrieved from /Users/pablofrancoherrero/prueba_tecnica/venv/lib/python3.11/site-packages/airflow/example_dags/tutorial_dag.py
[2026-04-29T10:01:07.122+0200] {logging_mixin.py:188} INFO - [2026-04-29T10:01:07.122+0200] {dag.py:3096} INFO - Sync 1 DAGs
[2026-04-29T10:01:07.125+0200] {logging_mixin.py:188} INFO - [2026-04-29T10:01:07.125+0200] {dag.py:3954} INFO - Setting next_dagrun for tutorial_dag to None, run_after=None
[2026-04-29T10:01:07.130+0200] {processor.py:183} INFO - Processing /Users/pablofrancoherrero/prueba_tecnica/venv/lib/python3.11/site-packages/airflow/example_dags/tutorial_dag.py took 0.043 seconds
[2026-04-29T10:17:09.079+0200] {processor.py:161} INFO - Started process (PID=83544) to work on /Users/pablofrancoherrero/prueba_tecnica/venv/lib/python3.11/site-packages/airflow/example_dags/tutorial_dag.py
[2026-04-29T10:17:09.079+0200] {processor.py:830} INFO - Processing file /Users/pablofrancoherrero/prueba_tecnica/venv/lib/python3.11/site-packages/airflow/example_dags/tutorial_dag.py for tasks to queue
[2026-04-29T10:17:09.079+0200] {logging_mixin.py:188} INFO - [2026-04-29T10:17:09.079+0200] {dagbag.py:540} INFO - Filling up the DagBag from /Users/pablofrancoherrero/prueba_tecnica/venv/lib/python3.11/site-packages/airflow/example_dags/tutorial_dag.py
[2026-04-29T10:17:09.087+0200] {processor.py:840} INFO - DAG(s) 'tutorial_dag' retrieved from /Users/pablofrancoherrero/prueba_tecnica/venv/lib/python3.11/site-packages/airflow/example_dags/tutorial_dag.py
[2026-04-29T10:17:09.112+0200] {logging_mixin.py:188} INFO - [2026-04-29T10:17:09.112+0200] {dag.py:3096} INFO - Sync 1 DAGs
[2026-04-29T10:17:09.115+0200] {logging_mixin.py:188} INFO - [2026-04-29T10:17:09.115+0200] {dag.py:3954} INFO - Setting next_dagrun for tutorial_dag to None, run_after=None
[2026-04-29T10:17:09.120+0200] {processor.py:183} INFO - Processing /Users/pablofrancoherrero/prueba_tecnica/venv/lib/python3.11/site-packages/airflow/example_dags/tutorial_dag.py took 0.042 seconds
[2026-04-29T10:32:56.366+0200] {processor.py:161} INFO - Started process (PID=83635) to work on /Users/pablofrancoherrero/prueba_tecnica/venv/lib/python3.11/site-packages/airflow/example_dags/tutorial_dag.py
[2026-04-29T10:32:56.367+0200] {processor.py:830} INFO - Processing file /Users/pablofrancoherrero/prueba_tecnica/venv/lib/python3.11/site-packages/airflow/example_dags/tutorial_dag.py for tasks to queue
[2026-04-29T10:32:56.368+0200] {logging_mixin.py:188} INFO - [2026-04-29T10:32:56.368+0200] {dagbag.py:540} INFO - Filling up the DagBag from /Users/pablofrancoherrero/prueba_tecnica/venv/lib/python3.11/site-packages/airflow/example_dags/tutorial_dag.py
[2026-04-29T10:32:56.376+0200] {processor.py:840} INFO - DAG(s) 'tutorial_dag' retrieved from /Users/pablofrancoherrero/prueba_tecnica/venv/lib/python3.11/site-packages/airflow/example_dags/tutorial_dag.py
[2026-04-29T10:32:56.399+0200] {logging_mixin.py:188} INFO - [2026-04-29T10:32:56.399+0200] {dag.py:3096} INFO - Sync 1 DAGs
[2026-04-29T10:32:56.402+0200] {logging_mixin.py:188} INFO - [2026-04-29T10:32:56.402+0200] {dag.py:3954} INFO - Setting next_dagrun for tutorial_dag to None, run_after=None
[2026-04-29T10:32:56.406+0200] {processor.py:183} INFO - Processing /Users/pablofrancoherrero/prueba_tecnica/venv/lib/python3.11/site-packages/airflow/example_dags/tutorial_dag.py took 0.041 seconds
[2026-04-29T10:49:00.042+0200] {processor.py:161} INFO - Started process (PID=83723) to work on /Users/pablofrancoherrero/prueba_tecnica/venv/lib/python3.11/site-packages/airflow/example_dags/tutorial_dag.py
[2026-04-29T10:49:00.043+0200] {processor.py:830} INFO - Processing file /Users/pablofrancoherrero/prueba_tecnica/venv/lib/python3.11/site-packages/airflow/example_dags/tutorial_dag.py for tasks to queue
[2026-04-29T10:49:00.043+0200] {logging_mixin.py:188} INFO - [2026-04-29T10:49:00.043+0200] {dagbag.py:540} INFO - Filling up the DagBag from /Users/pablofrancoherrero/prueba_tecnica/venv/lib/python3.11/site-packages/airflow/example_dags/tutorial_dag.py
[2026-04-29T10:49:00.051+0200] {processor.py:840} INFO - DAG(s) 'tutorial_dag' retrieved from /Users/pablofrancoherrero/prueba_tecnica/venv/lib/python3.11/site-packages/airflow/example_dags/tutorial_dag.py
[2026-04-29T10:49:00.075+0200] {logging_mixin.py:188} INFO - [2026-04-29T10:49:00.075+0200] {dag.py:3096} INFO - Sync 1 DAGs
[2026-04-29T10:49:00.078+0200] {logging_mixin.py:188} INFO - [2026-04-29T10:49:00.078+0200] {dag.py:3954} INFO - Setting next_dagrun for tutorial_dag to None, run_after=None
[2026-04-29T10:49:00.083+0200] {processor.py:183} INFO - Processing /Users/pablofrancoherrero/prueba_tecnica/venv/lib/python3.11/site-packages/airflow/example_dags/tutorial_dag.py took 0.042 seconds
[2026-04-29T11:06:27.933+0200] {processor.py:161} INFO - Started process (PID=83831) to work on /Users/pablofrancoherrero/prueba_tecnica/venv/lib/python3.11/site-packages/airflow/example_dags/tutorial_dag.py
[2026-04-29T11:06:27.933+0200] {processor.py:830} INFO - Processing file /Users/pablofrancoherrero/prueba_tecnica/venv/lib/python3.11/site-packages/airflow/example_dags/tutorial_dag.py for tasks to queue
[2026-04-29T11:06:27.933+0200] {logging_mixin.py:188} INFO - [2026-04-29T11:06:27.933+0200] {dagbag.py:540} INFO - Filling up the DagBag from /Users/pablofrancoherrero/prueba_tecnica/venv/lib/python3.11/site-packages/airflow/example_dags/tutorial_dag.py
[2026-04-29T11:06:27.941+0200] {processor.py:840} INFO - DAG(s) 'tutorial_dag' retrieved from /Users/pablofrancoherrero/prueba_tecnica/venv/lib/python3.11/site-packages/airflow/example_dags/tutorial_dag.py
[2026-04-29T11:06:27.965+0200] {logging_mixin.py:188} INFO - [2026-04-29T11:06:27.965+0200] {dag.py:3096} INFO - Sync 1 DAGs
[2026-04-29T11:06:27.968+0200] {logging_mixin.py:188} INFO - [2026-04-29T11:06:27.968+0200] {dag.py:3954} INFO - Setting next_dagrun for tutorial_dag to None, run_after=None
[2026-04-29T11:06:27.972+0200] {processor.py:183} INFO - Processing /Users/pablofrancoherrero/prueba_tecnica/venv/lib/python3.11/site-packages/airflow/example_dags/tutorial_dag.py took 0.041 seconds
[2026-04-29T11:23:07.739+0200] {processor.py:161} INFO - Started process (PID=83985) to work on /Users/pablofrancoherrero/prueba_tecnica/venv/lib/python3.11/site-packages/airflow/example_dags/tutorial_dag.py
[2026-04-29T11:23:07.739+0200] {processor.py:830} INFO - Processing file /Users/pablofrancoherrero/prueba_tecnica/venv/lib/python3.11/site-packages/airflow/example_dags/tutorial_dag.py for tasks to queue
[2026-04-29T11:23:07.739+0200] {logging_mixin.py:188} INFO - [2026-04-29T11:23:07.739+0200] {dagbag.py:540} INFO - Filling up the DagBag from /Users/pablofrancoherrero/prueba_tecnica/venv/lib/python3.11/site-packages/airflow/example_dags/tutorial_dag.py
[2026-04-29T11:23:07.748+0200] {processor.py:840} INFO - DAG(s) 'tutorial_dag' retrieved from /Users/pablofrancoherrero/prueba_tecnica/venv/lib/python3.11/site-packages/airflow/example_dags/tutorial_dag.py
[2026-04-29T11:23:07.772+0200] {logging_mixin.py:188} INFO - [2026-04-29T11:23:07.772+0200] {dag.py:3096} INFO - Sync 1 DAGs
[2026-04-29T11:23:07.774+0200] {logging_mixin.py:188} INFO - [2026-04-29T11:23:07.774+0200] {dag.py:3954} INFO - Setting next_dagrun for tutorial_dag to None, run_after=None
[2026-04-29T11:23:07.779+0200] {processor.py:183} INFO - Processing /Users/pablofrancoherrero/prueba_tecnica/venv/lib/python3.11/site-packages/airflow/example_dags/tutorial_dag.py took 0.041 seconds
[2026-04-29T11:23:54.649+0200] {processor.py:161} INFO - Started process (PID=84052) to work on /Users/pablofrancoherrero/prueba_tecnica/venv/lib/python3.11/site-packages/airflow/example_dags/tutorial_dag.py
[2026-04-29T11:23:54.649+0200] {processor.py:830} INFO - Processing file /Users/pablofrancoherrero/prueba_tecnica/venv/lib/python3.11/site-packages/airflow/example_dags/tutorial_dag.py for tasks to queue
[2026-04-29T11:23:54.649+0200] {logging_mixin.py:188} INFO - [2026-04-29T11:23:54.649+0200] {dagbag.py:540} INFO - Filling up the DagBag from /Users/pablofrancoherrero/prueba_tecnica/venv/lib/python3.11/site-packages/airflow/example_dags/tutorial_dag.py
[2026-04-29T11:23:54.657+0200] {processor.py:840} INFO - DAG(s) 'tutorial_dag' retrieved from /Users/pablofrancoherrero/prueba_tecnica/venv/lib/python3.11/site-packages/airflow/example_dags/tutorial_dag.py
[2026-04-29T11:23:54.681+0200] {logging_mixin.py:188} INFO - [2026-04-29T11:23:54.681+0200] {dag.py:3096} INFO - Sync 1 DAGs
[2026-04-29T11:23:54.684+0200] {logging_mixin.py:188} INFO - [2026-04-29T11:23:54.684+0200] {dag.py:3954} INFO - Setting next_dagrun for tutorial_dag to None, run_after=None
[2026-04-29T11:23:54.688+0200] {processor.py:183} INFO - Processing /Users/pablofrancoherrero/prueba_tecnica/venv/lib/python3.11/site-packages/airflow/example_dags/tutorial_dag.py took 0.040 seconds
[2026-04-29T11:25:11.791+0200] {processor.py:161} INFO - Started process (PID=84150) to work on /Users/pablofrancoherrero/prueba_tecnica/venv/lib/python3.11/site-packages/airflow/example_dags/tutorial_dag.py
[2026-04-29T11:25:11.791+0200] {processor.py:830} INFO - Processing file /Users/pablofrancoherrero/prueba_tecnica/venv/lib/python3.11/site-packages/airflow/example_dags/tutorial_dag.py for tasks to queue
[2026-04-29T11:25:11.791+0200] {logging_mixin.py:188} INFO - [2026-04-29T11:25:11.791+0200] {dagbag.py:540} INFO - Filling up the DagBag from /Users/pablofrancoherrero/prueba_tecnica/venv/lib/python3.11/site-packages/airflow/example_dags/tutorial_dag.py
[2026-04-29T11:25:11.799+0200] {processor.py:840} INFO - DAG(s) 'tutorial_dag' retrieved from /Users/pablofrancoherrero/prueba_tecnica/venv/lib/python3.11/site-packages/airflow/example_dags/tutorial_dag.py
[2026-04-29T11:25:11.824+0200] {logging_mixin.py:188} INFO - [2026-04-29T11:25:11.824+0200] {dag.py:3096} INFO - Sync 1 DAGs
[2026-04-29T11:25:11.827+0200] {logging_mixin.py:188} INFO - [2026-04-29T11:25:11.827+0200] {dag.py:3954} INFO - Setting next_dagrun for tutorial_dag to None, run_after=None
[2026-04-29T11:25:11.831+0200] {processor.py:183} INFO - Processing /Users/pablofrancoherrero/prueba_tecnica/venv/lib/python3.11/site-packages/airflow/example_dags/tutorial_dag.py took 0.041 seconds
[2026-04-29T11:26:32.929+0200] {processor.py:161} INFO - Started process (PID=84254) to work on /Users/pablofrancoherrero/prueba_tecnica/venv/lib/python3.11/site-packages/airflow/example_dags/tutorial_dag.py
[2026-04-29T11:26:32.929+0200] {processor.py:830} INFO - Processing file /Users/pablofrancoherrero/prueba_tecnica/venv/lib/python3.11/site-packages/airflow/example_dags/tutorial_dag.py for tasks to queue
[2026-04-29T11:26:32.930+0200] {logging_mixin.py:188} INFO - [2026-04-29T11:26:32.930+0200] {dagbag.py:540} INFO - Filling up the DagBag from /Users/pablofrancoherrero/prueba_tecnica/venv/lib/python3.11/site-packages/airflow/example_dags/tutorial_dag.py
[2026-04-29T11:26:32.938+0200] {processor.py:840} INFO - DAG(s) 'tutorial_dag' retrieved from /Users/pablofrancoherrero/prueba_tecnica/venv/lib/python3.11/site-packages/airflow/example_dags/tutorial_dag.py
[2026-04-29T11:26:32.963+0200] {logging_mixin.py:188} INFO - [2026-04-29T11:26:32.962+0200] {dag.py:3096} INFO - Sync 1 DAGs
[2026-04-29T11:26:32.965+0200] {logging_mixin.py:188} INFO - [2026-04-29T11:26:32.965+0200] {dag.py:3954} INFO - Setting next_dagrun for tutorial_dag to None, run_after=None
[2026-04-29T11:26:32.970+0200] {processor.py:183} INFO - Processing /Users/pablofrancoherrero/prueba_tecnica/venv/lib/python3.11/site-packages/airflow/example_dags/tutorial_dag.py took 0.042 seconds
[2026-04-29T11:32:05.251+0200] {processor.py:161} INFO - Started process (PID=84331) to work on /Users/pablofrancoherrero/prueba_tecnica/venv/lib/python3.11/site-packages/airflow/example_dags/tutorial_dag.py
[2026-04-29T11:32:05.252+0200] {processor.py:830} INFO - Processing file /Users/pablofrancoherrero/prueba_tecnica/venv/lib/python3.11/site-packages/airflow/example_dags/tutorial_dag.py for tasks to queue
[2026-04-29T11:32:05.252+0200] {logging_mixin.py:188} INFO - [2026-04-29T11:32:05.252+0200] {dagbag.py:540} INFO - Filling up the DagBag from /Users/pablofrancoherrero/prueba_tecnica/venv/lib/python3.11/site-packages/airflow/example_dags/tutorial_dag.py
[2026-04-29T11:32:05.260+0200] {processor.py:840} INFO - DAG(s) 'tutorial_dag' retrieved from /Users/pablofrancoherrero/prueba_tecnica/venv/lib/python3.11/site-packages/airflow/example_dags/tutorial_dag.py
[2026-04-29T11:32:05.284+0200] {logging_mixin.py:188} INFO - [2026-04-29T11:32:05.284+0200] {dag.py:3096} INFO - Sync 1 DAGs
[2026-04-29T11:32:05.286+0200] {logging_mixin.py:188} INFO - [2026-04-29T11:32:05.286+0200] {dag.py:3954} INFO - Setting next_dagrun for tutorial_dag to None, run_after=None
[2026-04-29T11:32:05.291+0200] {processor.py:183} INFO - Processing /Users/pablofrancoherrero/prueba_tecnica/venv/lib/python3.11/site-packages/airflow/example_dags/tutorial_dag.py took 0.041 seconds
[2026-04-29T11:47:14.489+0200] {processor.py:161} INFO - Started process (PID=84417) to work on /Users/pablofrancoherrero/prueba_tecnica/venv/lib/python3.11/site-packages/airflow/example_dags/tutorial_dag.py
[2026-04-29T11:47:14.489+0200] {processor.py:830} INFO - Processing file /Users/pablofrancoherrero/prueba_tecnica/venv/lib/python3.11/site-packages/airflow/example_dags/tutorial_dag.py for tasks to queue
[2026-04-29T11:47:14.490+0200] {logging_mixin.py:188} INFO - [2026-04-29T11:47:14.490+0200] {dagbag.py:540} INFO - Filling up the DagBag from /Users/pablofrancoherrero/prueba_tecnica/venv/lib/python3.11/site-packages/airflow/example_dags/tutorial_dag.py
[2026-04-29T11:47:14.498+0200] {processor.py:840} INFO - DAG(s) 'tutorial_dag' retrieved from /Users/pablofrancoherrero/prueba_tecnica/venv/lib/python3.11/site-packages/airflow/example_dags/tutorial_dag.py
[2026-04-29T11:47:14.522+0200] {logging_mixin.py:188} INFO - [2026-04-29T11:47:14.522+0200] {dag.py:3096} INFO - Sync 1 DAGs
[2026-04-29T11:47:14.525+0200] {logging_mixin.py:188} INFO - [2026-04-29T11:47:14.525+0200] {dag.py:3954} INFO - Setting next_dagrun for tutorial_dag to None, run_after=None
[2026-04-29T11:47:14.529+0200] {processor.py:183} INFO - Processing /Users/pablofrancoherrero/prueba_tecnica/venv/lib/python3.11/site-packages/airflow/example_dags/tutorial_dag.py took 0.041 seconds
[2026-04-29T11:53:04.601+0200] {processor.py:161} INFO - Started process (PID=84569) to work on /Users/pablofrancoherrero/prueba_tecnica/venv/lib/python3.11/site-packages/airflow/example_dags/tutorial_dag.py
[2026-04-29T11:53:04.601+0200] {processor.py:830} INFO - Processing file /Users/pablofrancoherrero/prueba_tecnica/venv/lib/python3.11/site-packages/airflow/example_dags/tutorial_dag.py for tasks to queue
[2026-04-29T11:53:04.602+0200] {logging_mixin.py:188} INFO - [2026-04-29T11:53:04.602+0200] {dagbag.py:540} INFO - Filling up the DagBag from /Users/pablofrancoherrero/prueba_tecnica/venv/lib/python3.11/site-packages/airflow/example_dags/tutorial_dag.py
[2026-04-29T11:53:04.612+0200] {processor.py:840} INFO - DAG(s) 'tutorial_dag' retrieved from /Users/pablofrancoherrero/prueba_tecnica/venv/lib/python3.11/site-packages/airflow/example_dags/tutorial_dag.py
[2026-04-29T11:53:04.637+0200] {logging_mixin.py:188} INFO - [2026-04-29T11:53:04.637+0200] {dag.py:3096} INFO - Sync 1 DAGs
[2026-04-29T11:53:04.640+0200] {logging_mixin.py:188} INFO - [2026-04-29T11:53:04.640+0200] {dag.py:3954} INFO - Setting next_dagrun for tutorial_dag to None, run_after=None
[2026-04-29T11:53:04.644+0200] {processor.py:183} INFO - Processing /Users/pablofrancoherrero/prueba_tecnica/venv/lib/python3.11/site-packages/airflow/example_dags/tutorial_dag.py took 0.044 seconds
[2026-04-29T11:55:42.117+0200] {processor.py:161} INFO - Started process (PID=84640) to work on /Users/pablofrancoherrero/prueba_tecnica/venv/lib/python3.11/site-packages/airflow/example_dags/tutorial_dag.py
[2026-04-29T11:55:42.118+0200] {processor.py:830} INFO - Processing file /Users/pablofrancoherrero/prueba_tecnica/venv/lib/python3.11/site-packages/airflow/example_dags/tutorial_dag.py for tasks to queue
[2026-04-29T11:55:42.118+0200] {logging_mixin.py:188} INFO - [2026-04-29T11:55:42.118+0200] {dagbag.py:540} INFO - Filling up the DagBag from /Users/pablofrancoherrero/prueba_tecnica/venv/lib/python3.11/site-packages/airflow/example_dags/tutorial_dag.py
[2026-04-29T11:55:42.126+0200] {processor.py:840} INFO - DAG(s) 'tutorial_dag' retrieved from /Users/pablofrancoherrero/prueba_tecnica/venv/lib/python3.11/site-packages/airflow/example_dags/tutorial_dag.py
[2026-04-29T11:55:42.150+0200] {logging_mixin.py:188} INFO - [2026-04-29T11:55:42.150+0200] {dag.py:3096} INFO - Sync 1 DAGs
[2026-04-29T11:55:42.153+0200] {logging_mixin.py:188} INFO - [2026-04-29T11:55:42.153+0200] {dag.py:3954} INFO - Setting next_dagrun for tutorial_dag to None, run_after=None
[2026-04-29T11:55:42.158+0200] {processor.py:183} INFO - Processing /Users/pablofrancoherrero/prueba_tecnica/venv/lib/python3.11/site-packages/airflow/example_dags/tutorial_dag.py took 0.042 seconds
[2026-04-29T12:04:24.982+0200] {processor.py:161} INFO - Started process (PID=84750) to work on /Users/pablofrancoherrero/prueba_tecnica/venv/lib/python3.11/site-packages/airflow/example_dags/tutorial_dag.py
[2026-04-29T12:04:24.983+0200] {processor.py:830} INFO - Processing file /Users/pablofrancoherrero/prueba_tecnica/venv/lib/python3.11/site-packages/airflow/example_dags/tutorial_dag.py for tasks to queue
[2026-04-29T12:04:24.983+0200] {logging_mixin.py:188} INFO - [2026-04-29T12:04:24.983+0200] {dagbag.py:540} INFO - Filling up the DagBag from /Users/pablofrancoherrero/prueba_tecnica/venv/lib/python3.11/site-packages/airflow/example_dags/tutorial_dag.py
[2026-04-29T12:04:24.991+0200] {processor.py:840} INFO - DAG(s) 'tutorial_dag' retrieved from /Users/pablofrancoherrero/prueba_tecnica/venv/lib/python3.11/site-packages/airflow/example_dags/tutorial_dag.py
[2026-04-29T12:04:25.014+0200] {logging_mixin.py:188} INFO - [2026-04-29T12:04:25.014+0200] {dag.py:3096} INFO - Sync 1 DAGs
[2026-04-29T12:04:25.017+0200] {logging_mixin.py:188} INFO - [2026-04-29T12:04:25.017+0200] {dag.py:3954} INFO - Setting next_dagrun for tutorial_dag to None, run_after=None
[2026-04-29T12:04:25.021+0200] {processor.py:183} INFO - Processing /Users/pablofrancoherrero/prueba_tecnica/venv/lib/python3.11/site-packages/airflow/example_dags/tutorial_dag.py took 0.041 seconds
[2026-04-29T12:06:17.874+0200] {processor.py:161} INFO - Started process (PID=84834) to work on /Users/pablofrancoherrero/prueba_tecnica/venv/lib/python3.11/site-packages/airflow/example_dags/tutorial_dag.py
[2026-04-29T12:06:17.875+0200] {processor.py:830} INFO - Processing file /Users/pablofrancoherrero/prueba_tecnica/venv/lib/python3.11/site-packages/airflow/example_dags/tutorial_dag.py for tasks to queue
[2026-04-29T12:06:17.875+0200] {logging_mixin.py:188} INFO - [2026-04-29T12:06:17.875+0200] {dagbag.py:540} INFO - Filling up the DagBag from /Users/pablofrancoherrero/prueba_tecnica/venv/lib/python3.11/site-packages/airflow/example_dags/tutorial_dag.py
[2026-04-29T12:06:17.883+0200] {processor.py:840} INFO - DAG(s) 'tutorial_dag' retrieved from /Users/pablofrancoherrero/prueba_tecnica/venv/lib/python3.11/site-packages/airflow/example_dags/tutorial_dag.py
[2026-04-29T12:06:17.907+0200] {logging_mixin.py:188} INFO - [2026-04-29T12:06:17.907+0200] {dag.py:3096} INFO - Sync 1 DAGs
[2026-04-29T12:06:17.910+0200] {logging_mixin.py:188} INFO - [2026-04-29T12:06:17.910+0200] {dag.py:3954} INFO - Setting next_dagrun for tutorial_dag to None, run_after=None
[2026-04-29T12:06:17.915+0200] {processor.py:183} INFO - Processing /Users/pablofrancoherrero/prueba_tecnica/venv/lib/python3.11/site-packages/airflow/example_dags/tutorial_dag.py took 0.042 seconds
[2026-04-29T12:07:18.161+0200] {processor.py:161} INFO - Started process (PID=84883) to work on /Users/pablofrancoherrero/prueba_tecnica/venv/lib/python3.11/site-packages/airflow/example_dags/tutorial_dag.py
[2026-04-29T12:07:18.162+0200] {processor.py:830} INFO - Processing file /Users/pablofrancoherrero/prueba_tecnica/venv/lib/python3.11/site-packages/airflow/example_dags/tutorial_dag.py for tasks to queue
[2026-04-29T12:07:18.162+0200] {logging_mixin.py:188} INFO - [2026-04-29T12:07:18.162+0200] {dagbag.py:540} INFO - Filling up the DagBag from /Users/pablofrancoherrero/prueba_tecnica/venv/lib/python3.11/site-packages/airflow/example_dags/tutorial_dag.py
[2026-04-29T12:07:18.171+0200] {processor.py:840} INFO - DAG(s) 'tutorial_dag' retrieved from /Users/pablofrancoherrero/prueba_tecnica/venv/lib/python3.11/site-packages/airflow/example_dags/tutorial_dag.py
[2026-04-29T12:07:18.195+0200] {logging_mixin.py:188} INFO - [2026-04-29T12:07:18.195+0200] {dag.py:3096} INFO - Sync 1 DAGs
[2026-04-29T12:07:18.198+0200] {logging_mixin.py:188} INFO - [2026-04-29T12:07:18.198+0200] {dag.py:3954} INFO - Setting next_dagrun for tutorial_dag to None, run_after=None
[2026-04-29T12:07:18.203+0200] {processor.py:183} INFO - Processing /Users/pablofrancoherrero/prueba_tecnica/venv/lib/python3.11/site-packages/airflow/example_dags/tutorial_dag.py took 0.042 seconds
[2026-04-29T12:08:04.565+0200] {processor.py:161} INFO - Started process (PID=84956) to work on /Users/pablofrancoherrero/prueba_tecnica/venv/lib/python3.11/site-packages/airflow/example_dags/tutorial_dag.py
[2026-04-29T12:08:04.565+0200] {processor.py:830} INFO - Processing file /Users/pablofrancoherrero/prueba_tecnica/venv/lib/python3.11/site-packages/airflow/example_dags/tutorial_dag.py for tasks to queue
[2026-04-29T12:08:04.566+0200] {logging_mixin.py:188} INFO - [2026-04-29T12:08:04.566+0200] {dagbag.py:540} INFO - Filling up the DagBag from /Users/pablofrancoherrero/prueba_tecnica/venv/lib/python3.11/site-packages/airflow/example_dags/tutorial_dag.py
[2026-04-29T12:08:04.574+0200] {processor.py:840} INFO - DAG(s) 'tutorial_dag' retrieved from /Users/pablofrancoherrero/prueba_tecnica/venv/lib/python3.11/site-packages/airflow/example_dags/tutorial_dag.py
[2026-04-29T12:08:04.598+0200] {logging_mixin.py:188} INFO - [2026-04-29T12:08:04.597+0200] {dag.py:3096} INFO - Sync 1 DAGs
[2026-04-29T12:08:04.600+0200] {logging_mixin.py:188} INFO - [2026-04-29T12:08:04.600+0200] {dag.py:3954} INFO - Setting next_dagrun for tutorial_dag to None, run_after=None
[2026-04-29T12:08:04.605+0200] {processor.py:183} INFO - Processing /Users/pablofrancoherrero/prueba_tecnica/venv/lib/python3.11/site-packages/airflow/example_dags/tutorial_dag.py took 0.041 seconds
[2026-04-29T12:23:44.778+0200] {processor.py:161} INFO - Started process (PID=85074) to work on /Users/pablofrancoherrero/prueba_tecnica/venv/lib/python3.11/site-packages/airflow/example_dags/tutorial_dag.py
[2026-04-29T12:23:44.779+0200] {processor.py:830} INFO - Processing file /Users/pablofrancoherrero/prueba_tecnica/venv/lib/python3.11/site-packages/airflow/example_dags/tutorial_dag.py for tasks to queue
[2026-04-29T12:23:44.779+0200] {logging_mixin.py:188} INFO - [2026-04-29T12:23:44.779+0200] {dagbag.py:540} INFO - Filling up the DagBag from /Users/pablofrancoherrero/prueba_tecnica/venv/lib/python3.11/site-packages/airflow/example_dags/tutorial_dag.py
[2026-04-29T12:23:44.787+0200] {processor.py:840} INFO - DAG(s) 'tutorial_dag' retrieved from /Users/pablofrancoherrero/prueba_tecnica/venv/lib/python3.11/site-packages/airflow/example_dags/tutorial_dag.py
[2026-04-29T12:23:44.811+0200] {logging_mixin.py:188} INFO - [2026-04-29T12:23:44.811+0200] {dag.py:3096} INFO - Sync 1 DAGs
[2026-04-29T12:23:44.814+0200] {logging_mixin.py:188} INFO - [2026-04-29T12:23:44.814+0200] {dag.py:3954} INFO - Setting next_dagrun for tutorial_dag to None, run_after=None
[2026-04-29T12:23:44.818+0200] {processor.py:183} INFO - Processing /Users/pablofrancoherrero/prueba_tecnica/venv/lib/python3.11/site-packages/airflow/example_dags/tutorial_dag.py took 0.041 seconds
[2026-04-29T12:27:17.318+0200] {processor.py:161} INFO - Started process (PID=85187) to work on /Users/pablofrancoherrero/prueba_tecnica/venv/lib/python3.11/site-packages/airflow/example_dags/tutorial_dag.py
[2026-04-29T12:27:17.319+0200] {processor.py:830} INFO - Processing file /Users/pablofrancoherrero/prueba_tecnica/venv/lib/python3.11/site-packages/airflow/example_dags/tutorial_dag.py for tasks to queue
[2026-04-29T12:27:17.319+0200] {logging_mixin.py:188} INFO - [2026-04-29T12:27:17.319+0200] {dagbag.py:540} INFO - Filling up the DagBag from /Users/pablofrancoherrero/prueba_tecnica/venv/lib/python3.11/site-packages/airflow/example_dags/tutorial_dag.py
[2026-04-29T12:27:17.327+0200] {processor.py:840} INFO - DAG(s) 'tutorial_dag' retrieved from /Users/pablofrancoherrero/prueba_tecnica/venv/lib/python3.11/site-packages/airflow/example_dags/tutorial_dag.py
[2026-04-29T12:27:17.366+0200] {logging_mixin.py:188} INFO - [2026-04-29T12:27:17.366+0200] {dag.py:3096} INFO - Sync 1 DAGs
[2026-04-29T12:27:17.369+0200] {logging_mixin.py:188} INFO - [2026-04-29T12:27:17.369+0200] {dag.py:3954} INFO - Setting next_dagrun for tutorial_dag to None, run_after=None
[2026-04-29T12:27:17.374+0200] {processor.py:183} INFO - Processing /Users/pablofrancoherrero/prueba_tecnica/venv/lib/python3.11/site-packages/airflow/example_dags/tutorial_dag.py took 0.057 seconds
[2026-04-29T12:28:03.400+0200] {processor.py:161} INFO - Started process (PID=85240) to work on /Users/pablofrancoherrero/prueba_tecnica/venv/lib/python3.11/site-packages/airflow/example_dags/tutorial_dag.py
[2026-04-29T12:28:03.401+0200] {processor.py:830} INFO - Processing file /Users/pablofrancoherrero/prueba_tecnica/venv/lib/python3.11/site-packages/airflow/example_dags/tutorial_dag.py for tasks to queue
[2026-04-29T12:28:03.402+0200] {logging_mixin.py:188} INFO - [2026-04-29T12:28:03.402+0200] {dagbag.py:540} INFO - Filling up the DagBag from /Users/pablofrancoherrero/prueba_tecnica/venv/lib/python3.11/site-packages/airflow/example_dags/tutorial_dag.py
[2026-04-29T12:28:03.410+0200] {processor.py:840} INFO - DAG(s) 'tutorial_dag' retrieved from /Users/pablofrancoherrero/prueba_tecnica/venv/lib/python3.11/site-packages/airflow/example_dags/tutorial_dag.py
[2026-04-29T12:28:03.434+0200] {logging_mixin.py:188} INFO - [2026-04-29T12:28:03.434+0200] {dag.py:3096} INFO - Sync 1 DAGs
[2026-04-29T12:28:03.437+0200] {logging_mixin.py:188} INFO - [2026-04-29T12:28:03.437+0200] {dag.py:3954} INFO - Setting next_dagrun for tutorial_dag to None, run_after=None
[2026-04-29T12:28:03.442+0200] {processor.py:183} INFO - Processing /Users/pablofrancoherrero/prueba_tecnica/venv/lib/python3.11/site-packages/airflow/example_dags/tutorial_dag.py took 0.042 seconds
[2026-04-29T12:29:24.190+0200] {processor.py:161} INFO - Started process (PID=85351) to work on /Users/pablofrancoherrero/prueba_tecnica/venv/lib/python3.11/site-packages/airflow/example_dags/tutorial_dag.py
[2026-04-29T12:29:24.191+0200] {processor.py:830} INFO - Processing file /Users/pablofrancoherrero/prueba_tecnica/venv/lib/python3.11/site-packages/airflow/example_dags/tutorial_dag.py for tasks to queue
[2026-04-29T12:29:24.191+0200] {logging_mixin.py:188} INFO - [2026-04-29T12:29:24.191+0200] {dagbag.py:540} INFO - Filling up the DagBag from /Users/pablofrancoherrero/prueba_tecnica/venv/lib/python3.11/site-packages/airflow/example_dags/tutorial_dag.py
[2026-04-29T12:29:24.199+0200] {processor.py:840} INFO - DAG(s) 'tutorial_dag' retrieved from /Users/pablofrancoherrero/prueba_tecnica/venv/lib/python3.11/site-packages/airflow/example_dags/tutorial_dag.py
[2026-04-29T12:29:24.223+0200] {logging_mixin.py:188} INFO - [2026-04-29T12:29:24.223+0200] {dag.py:3096} INFO - Sync 1 DAGs
[2026-04-29T12:29:24.226+0200] {logging_mixin.py:188} INFO - [2026-04-29T12:29:24.226+0200] {dag.py:3954} INFO - Setting next_dagrun for tutorial_dag to None, run_after=None
[2026-04-29T12:29:24.231+0200] {processor.py:183} INFO - Processing /Users/pablofrancoherrero/prueba_tecnica/venv/lib/python3.11/site-packages/airflow/example_dags/tutorial_dag.py took 0.042 seconds
[2026-04-29T12:30:47.191+0200] {processor.py:161} INFO - Started process (PID=85468) to work on /Users/pablofrancoherrero/prueba_tecnica/venv/lib/python3.11/site-packages/airflow/example_dags/tutorial_dag.py
[2026-04-29T12:30:47.192+0200] {processor.py:830} INFO - Processing file /Users/pablofrancoherrero/prueba_tecnica/venv/lib/python3.11/site-packages/airflow/example_dags/tutorial_dag.py for tasks to queue
[2026-04-29T12:30:47.192+0200] {logging_mixin.py:188} INFO - [2026-04-29T12:30:47.192+0200] {dagbag.py:540} INFO - Filling up the DagBag from /Users/pablofrancoherrero/prueba_tecnica/venv/lib/python3.11/site-packages/airflow/example_dags/tutorial_dag.py
[2026-04-29T12:30:47.201+0200] {processor.py:840} INFO - DAG(s) 'tutorial_dag' retrieved from /Users/pablofrancoherrero/prueba_tecnica/venv/lib/python3.11/site-packages/airflow/example_dags/tutorial_dag.py
[2026-04-29T12:30:47.227+0200] {logging_mixin.py:188} INFO - [2026-04-29T12:30:47.227+0200] {dag.py:3096} INFO - Sync 1 DAGs
[2026-04-29T12:30:47.230+0200] {logging_mixin.py:188} INFO - [2026-04-29T12:30:47.230+0200] {dag.py:3954} INFO - Setting next_dagrun for tutorial_dag to None, run_after=None
[2026-04-29T12:30:47.234+0200] {processor.py:183} INFO - Processing /Users/pablofrancoherrero/prueba_tecnica/venv/lib/python3.11/site-packages/airflow/example_dags/tutorial_dag.py took 0.045 seconds
[2026-04-29T12:32:10.061+0200] {processor.py:161} INFO - Started process (PID=85569) to work on /Users/pablofrancoherrero/prueba_tecnica/venv/lib/python3.11/site-packages/airflow/example_dags/tutorial_dag.py
[2026-04-29T12:32:10.062+0200] {processor.py:830} INFO - Processing file /Users/pablofrancoherrero/prueba_tecnica/venv/lib/python3.11/site-packages/airflow/example_dags/tutorial_dag.py for tasks to queue
[2026-04-29T12:32:10.062+0200] {logging_mixin.py:188} INFO - [2026-04-29T12:32:10.062+0200] {dagbag.py:540} INFO - Filling up the DagBag from /Users/pablofrancoherrero/prueba_tecnica/venv/lib/python3.11/site-packages/airflow/example_dags/tutorial_dag.py
[2026-04-29T12:32:10.071+0200] {processor.py:840} INFO - DAG(s) 'tutorial_dag' retrieved from /Users/pablofrancoherrero/prueba_tecnica/venv/lib/python3.11/site-packages/airflow/example_dags/tutorial_dag.py
[2026-04-29T12:32:10.096+0200] {logging_mixin.py:188} INFO - [2026-04-29T12:32:10.096+0200] {dag.py:3096} INFO - Sync 1 DAGs
[2026-04-29T12:32:10.099+0200] {logging_mixin.py:188} INFO - [2026-04-29T12:32:10.099+0200] {dag.py:3954} INFO - Setting next_dagrun for tutorial_dag to None, run_after=None
[2026-04-29T12:32:10.104+0200] {processor.py:183} INFO - Processing /Users/pablofrancoherrero/prueba_tecnica/venv/lib/python3.11/site-packages/airflow/example_dags/tutorial_dag.py took 0.043 seconds
[2026-04-29T12:33:33.548+0200] {processor.py:161} INFO - Started process (PID=85672) to work on /Users/pablofrancoherrero/prueba_tecnica/venv/lib/python3.11/site-packages/airflow/example_dags/tutorial_dag.py
[2026-04-29T12:33:33.549+0200] {processor.py:830} INFO - Processing file /Users/pablofrancoherrero/prueba_tecnica/venv/lib/python3.11/site-packages/airflow/example_dags/tutorial_dag.py for tasks to queue
[2026-04-29T12:33:33.550+0200] {logging_mixin.py:188} INFO - [2026-04-29T12:33:33.550+0200] {dagbag.py:540} INFO - Filling up the DagBag from /Users/pablofrancoherrero/prueba_tecnica/venv/lib/python3.11/site-packages/airflow/example_dags/tutorial_dag.py
[2026-04-29T12:33:33.558+0200] {processor.py:840} INFO - DAG(s) 'tutorial_dag' retrieved from /Users/pablofrancoherrero/prueba_tecnica/venv/lib/python3.11/site-packages/airflow/example_dags/tutorial_dag.py
[2026-04-29T12:33:33.584+0200] {logging_mixin.py:188} INFO - [2026-04-29T12:33:33.584+0200] {dag.py:3096} INFO - Sync 1 DAGs
[2026-04-29T12:33:33.587+0200] {logging_mixin.py:188} INFO - [2026-04-29T12:33:33.587+0200] {dag.py:3954} INFO - Setting next_dagrun for tutorial_dag to None, run_after=None
[2026-04-29T12:33:33.592+0200] {processor.py:183} INFO - Processing /Users/pablofrancoherrero/prueba_tecnica/venv/lib/python3.11/site-packages/airflow/example_dags/tutorial_dag.py took 0.045 seconds
[2026-04-29T12:34:51.597+0200] {processor.py:161} INFO - Started process (PID=85765) to work on /Users/pablofrancoherrero/prueba_tecnica/venv/lib/python3.11/site-packages/airflow/example_dags/tutorial_dag.py
[2026-04-29T12:34:51.598+0200] {processor.py:830} INFO - Processing file /Users/pablofrancoherrero/prueba_tecnica/venv/lib/python3.11/site-packages/airflow/example_dags/tutorial_dag.py for tasks to queue
[2026-04-29T12:34:51.598+0200] {logging_mixin.py:188} INFO - [2026-04-29T12:34:51.598+0200] {dagbag.py:540} INFO - Filling up the DagBag from /Users/pablofrancoherrero/prueba_tecnica/venv/lib/python3.11/site-packages/airflow/example_dags/tutorial_dag.py
[2026-04-29T12:34:51.606+0200] {processor.py:840} INFO - DAG(s) 'tutorial_dag' retrieved from /Users/pablofrancoherrero/prueba_tecnica/venv/lib/python3.11/site-packages/airflow/example_dags/tutorial_dag.py
[2026-04-29T12:34:51.631+0200] {logging_mixin.py:188} INFO - [2026-04-29T12:34:51.631+0200] {dag.py:3096} INFO - Sync 1 DAGs
[2026-04-29T12:34:51.634+0200] {logging_mixin.py:188} INFO - [2026-04-29T12:34:51.634+0200] {dag.py:3954} INFO - Setting next_dagrun for tutorial_dag to None, run_after=None
[2026-04-29T12:34:51.639+0200] {processor.py:183} INFO - Processing /Users/pablofrancoherrero/prueba_tecnica/venv/lib/python3.11/site-packages/airflow/example_dags/tutorial_dag.py took 0.043 seconds
[2026-04-29T12:35:34.670+0200] {processor.py:161} INFO - Started process (PID=85843) to work on /Users/pablofrancoherrero/prueba_tecnica/venv/lib/python3.11/site-packages/airflow/example_dags/tutorial_dag.py
[2026-04-29T12:35:34.670+0200] {processor.py:830} INFO - Processing file /Users/pablofrancoherrero/prueba_tecnica/venv/lib/python3.11/site-packages/airflow/example_dags/tutorial_dag.py for tasks to queue
[2026-04-29T12:35:34.670+0200] {logging_mixin.py:188} INFO - [2026-04-29T12:35:34.670+0200] {dagbag.py:540} INFO - Filling up the DagBag from /Users/pablofrancoherrero/prueba_tecnica/venv/lib/python3.11/site-packages/airflow/example_dags/tutorial_dag.py
[2026-04-29T12:35:34.678+0200] {processor.py:840} INFO - DAG(s) 'tutorial_dag' retrieved from /Users/pablofrancoherrero/prueba_tecnica/venv/lib/python3.11/site-packages/airflow/example_dags/tutorial_dag.py
[2026-04-29T12:35:34.703+0200] {logging_mixin.py:188} INFO - [2026-04-29T12:35:34.703+0200] {dag.py:3096} INFO - Sync 1 DAGs
[2026-04-29T12:35:34.706+0200] {logging_mixin.py:188} INFO - [2026-04-29T12:35:34.706+0200] {dag.py:3954} INFO - Setting next_dagrun for tutorial_dag to None, run_after=None
[2026-04-29T12:35:34.711+0200] {processor.py:183} INFO - Processing /Users/pablofrancoherrero/prueba_tecnica/venv/lib/python3.11/site-packages/airflow/example_dags/tutorial_dag.py took 0.042 seconds
[2026-04-29T12:36:55.527+0200] {processor.py:161} INFO - Started process (PID=85939) to work on /Users/pablofrancoherrero/prueba_tecnica/venv/lib/python3.11/site-packages/airflow/example_dags/tutorial_dag.py
[2026-04-29T12:36:55.528+0200] {processor.py:830} INFO - Processing file /Users/pablofrancoherrero/prueba_tecnica/venv/lib/python3.11/site-packages/airflow/example_dags/tutorial_dag.py for tasks to queue
[2026-04-29T12:36:55.529+0200] {logging_mixin.py:188} INFO - [2026-04-29T12:36:55.528+0200] {dagbag.py:540} INFO - Filling up the DagBag from /Users/pablofrancoherrero/prueba_tecnica/venv/lib/python3.11/site-packages/airflow/example_dags/tutorial_dag.py
[2026-04-29T12:36:55.536+0200] {processor.py:840} INFO - DAG(s) 'tutorial_dag' retrieved from /Users/pablofrancoherrero/prueba_tecnica/venv/lib/python3.11/site-packages/airflow/example_dags/tutorial_dag.py
[2026-04-29T12:36:55.561+0200] {logging_mixin.py:188} INFO - [2026-04-29T12:36:55.561+0200] {dag.py:3096} INFO - Sync 1 DAGs
[2026-04-29T12:36:55.564+0200] {logging_mixin.py:188} INFO - [2026-04-29T12:36:55.564+0200] {dag.py:3954} INFO - Setting next_dagrun for tutorial_dag to None, run_after=None
[2026-04-29T12:36:55.569+0200] {processor.py:183} INFO - Processing /Users/pablofrancoherrero/prueba_tecnica/venv/lib/python3.11/site-packages/airflow/example_dags/tutorial_dag.py took 0.042 seconds
[2026-04-29T12:38:14.533+0200] {processor.py:161} INFO - Started process (PID=86030) to work on /Users/pablofrancoherrero/prueba_tecnica/venv/lib/python3.11/site-packages/airflow/example_dags/tutorial_dag.py
[2026-04-29T12:38:14.534+0200] {processor.py:830} INFO - Processing file /Users/pablofrancoherrero/prueba_tecnica/venv/lib/python3.11/site-packages/airflow/example_dags/tutorial_dag.py for tasks to queue
[2026-04-29T12:38:14.534+0200] {logging_mixin.py:188} INFO - [2026-04-29T12:38:14.534+0200] {dagbag.py:540} INFO - Filling up the DagBag from /Users/pablofrancoherrero/prueba_tecnica/venv/lib/python3.11/site-packages/airflow/example_dags/tutorial_dag.py
[2026-04-29T12:38:14.542+0200] {processor.py:840} INFO - DAG(s) 'tutorial_dag' retrieved from /Users/pablofrancoherrero/prueba_tecnica/venv/lib/python3.11/site-packages/airflow/example_dags/tutorial_dag.py
[2026-04-29T12:38:14.567+0200] {logging_mixin.py:188} INFO - [2026-04-29T12:38:14.567+0200] {dag.py:3096} INFO - Sync 1 DAGs
[2026-04-29T12:38:14.570+0200] {logging_mixin.py:188} INFO - [2026-04-29T12:38:14.570+0200] {dag.py:3954} INFO - Setting next_dagrun for tutorial_dag to None, run_after=None
[2026-04-29T12:38:14.574+0200] {processor.py:183} INFO - Processing /Users/pablofrancoherrero/prueba_tecnica/venv/lib/python3.11/site-packages/airflow/example_dags/tutorial_dag.py took 0.042 seconds
[2026-04-29T12:38:56.201+0200] {processor.py:161} INFO - Started process (PID=86093) to work on /Users/pablofrancoherrero/prueba_tecnica/venv/lib/python3.11/site-packages/airflow/example_dags/tutorial_dag.py
[2026-04-29T12:38:56.202+0200] {processor.py:830} INFO - Processing file /Users/pablofrancoherrero/prueba_tecnica/venv/lib/python3.11/site-packages/airflow/example_dags/tutorial_dag.py for tasks to queue
[2026-04-29T12:38:56.202+0200] {logging_mixin.py:188} INFO - [2026-04-29T12:38:56.202+0200] {dagbag.py:540} INFO - Filling up the DagBag from /Users/pablofrancoherrero/prueba_tecnica/venv/lib/python3.11/site-packages/airflow/example_dags/tutorial_dag.py
[2026-04-29T12:38:56.211+0200] {processor.py:840} INFO - DAG(s) 'tutorial_dag' retrieved from /Users/pablofrancoherrero/prueba_tecnica/venv/lib/python3.11/site-packages/airflow/example_dags/tutorial_dag.py
[2026-04-29T12:38:56.237+0200] {logging_mixin.py:188} INFO - [2026-04-29T12:38:56.236+0200] {dag.py:3096} INFO - Sync 1 DAGs
[2026-04-29T12:38:56.239+0200] {logging_mixin.py:188} INFO - [2026-04-29T12:38:56.239+0200] {dag.py:3954} INFO - Setting next_dagrun for tutorial_dag to None, run_after=None
[2026-04-29T12:38:56.244+0200] {processor.py:183} INFO - Processing /Users/pablofrancoherrero/prueba_tecnica/venv/lib/python3.11/site-packages/airflow/example_dags/tutorial_dag.py took 0.044 seconds
